obs,time,elapsed,date,hhmmss,averaging,TIME,E,Emm,A,Ca,Ci,Pci,Pca,gsw,gbw,gtw,gtc,Rabs,TleafEB,TleafCnd,SVPleaf,RHcham,VPcham,SVPcham,VPDleaf,LatHFlux,SenHFlux,NetTherm,EBSum,Asty,Esty,Adyn,Crd,Csd,dCsd/dt,αVc,Edyn,Hr,Hs,dHs/dt,αVh,Leak,LeakPct,CorrFact,CorrFactPct,Fan,DarkAdaptedID,Qmax_d,Fo,Fm,Fv/Fm,A_dark,LightAdaptedID,Qmax,Fs,Fm',PhiPS2,PS2/1,Qabs_fs,A_fs,ETR,PhiCO2,NPQ,alt._Fo',DarkPulseID,Fmin,Fo',Fv'/Fm',qP,qN,qP_Fo,qN_Fo,qL,1-qL,ID,P1_dur,P1_Fmax,T@P1_Fmax,Q@P1_Fmax,P1_PredF,P1_ΔF,P2_dur,P2_ramp,P2_int,P2_int_se,P2_slp,P2_slp_se,P2_R2,P2_dQdt,P3_dur,P3_Fmax,T@P3_Fmax,Q@P3_Fmax,P3_PredF,P3_ΔF,ID,Dur,DCo,InitSlope,Fo,F1,T@F1,T@HIR,F2,T@F2,DCmax,T@DCmax,PhiPS2_dc,Qin,Qabs,alpha,convert,S,K,Geometry,Custom,UseDynamic,TIME,CO2_s,CO2_r,H2O_s,H2O_r,CO2_a,H2O_a,Flow,Pa,ΔPcham,Tair,Tleaf,Tleaf2,Offset,Offset2,Fan_speed,Qamb_in,Qamb_out,ΔCO2,CO2_s_d,CO2_r_d,ΔH2O,CO2_b,H2O_b,e_s,e_r,Td_s,Td_r,Q,f_red,f_blue,f_farred,F,Q_modavg,F_dc,Pc,Tled,TDigital,TPreamp,TPwrSpy,TDrive,Q_red,Q_blue,Q_farred,TSPF,state,F_avg,dF/dt,dF_dc/dt,F_dc_avg,period,time,hhmmss,co2_t,h2o_t,count,co2_adj,h2o_adj,co2_match,h2o_match,co2_at,h2o_at,co2_cv,h2o_cv,ΔCO2:MN,ΔCO2:SLP,ΔCO2:SD,ΔCO2:OK,F:MN,F:SLP,F:SD,F:OK,ΔH2O:MN,ΔH2O:SLP,ΔH2O:SD,ΔH2O:OK,Stable,Total,State,Vflow,VPchamber,abs_c_a,abs_c_b,abs_h_a,abs_h_b,Wc_s,Wc_r,Wco_s,Wco_r,Ww_s,Ww_r,Wwo_s,Wwo_r,Flow_s_v,Flow_r_v,Tleaf_mv,Tleaf2_mv,Tleaf_j,Tleaf2_j,Console_RH,Console_T,Console_H2O,Fan_%,Flow_%,Pump,Tchp_pwm,Txchg_pwm,diag_20v,diag_5_4v,diag_12v,diag_5va,diag_3_3vf,AccCO2_soda,AccH2O_des,AccH2O_hum,CO2_hrs,ADC_CH1,ADC_CH2,ADC_CH3,ADC_CH4,ADC_CH5,ADC_CH6,ADC_CH7,ADC_CH8,DAC_1,DAC_2,DAC_3,DAC_4,GPIO,GPIO_dir,excit_5v,power_12v,power_5v,ch1_pullup,AuxPower,MatchValveR,MatchValveS,MatchCO2,MatchH2O,cf_co2_a,cf_co2_b,cf_co2_c,cf_co2_d,cf_h2o_a,cf_h2o_b,cf_h2o_c,cf_h2o_d,co2_fit_low,co2_fit_high,h2o_fit_low,h2o_fit_high,co2_elapsed,h2o_elapsed,CO2_f,CO2_f_s,Pump_f,Pump_f_s,Pump_p,Pump_p_s,Tboard,V_system,DIAG,Flow_s,Flow_r,Txchg,Tirga,Tchopper,Ts,Tr,CO2_%,Desiccant_%,Humidifier_%,Txchg_sp,CO2_r_sp,H2O_r_sp,SS_s,SS_r
1,1784906999,0,20260724 10:29:58,10:29:58,15,1784906991,0.001156429,1.15642872,2.783257668,416.6068926,278.9266874,28.58367025,42.69277405,0.037304161,2.296167116,0.036970713,0.023136406,266.0557377,31.32790591,30.1055,4.286335663,27.77818317,1.166161943,4.198121726,3.120173721,-50.99850656,-44.79169626,-4.33419989,165.931335,4.31973854,1.123536903,2.783257668,427.7786137,423.2657879,0.248087617,60.93695045,1.15642872,10.10978239,11.42249879,0.005807567,69.65,53,10,1.001980568,0.198056835,53625.99089,-,-,0,0,#DIV/0!,0,-,-,0,0,#DIV/0!,0.5,1273.791068,2.783257668,#DIV/0!,0.002185019,#DIV/0!,#DIV/0!,-,0,#DIV/0!,#DIV/0!,#DIV/0!,#DIV/0!,#DIV/0!,#DIV/0!,#DIV/0!,#DIV/0!,,,,,,,,,,,,,,,,,,,,,,,,,,,,,,,,,,,1499.973333,1273.791068,0.849209143,0.177373645,6,0.5,0: Broadleaf,2,TRUE,1784906991,416.6380333,422.2607333,11.37970333,10.07555333,429.7564667,12.61501,510.0014,102.3774,0.099958897,29.74366667,30.1055,999.9,0,0,9996.563667,0,30.16880833,-5.622689667,421.4339333,426.5586,1.304151,422.2607333,10.07555333,1.165024667,1.031507667,9.161931,7.369135,1499.973333,0.6920014,0.3079986,0,1620.577,5.00019,23772.31667,11819.41,42.6933,43.7624,43.3435,43.44546667,44.812,1034.524333,460.449,0,1784906995,0,1620.429615,-42.28478634,-601.2205131,23770.84231,15,1784906732,10:25:31,1784906732,1784906726,1,-13.118,-1.235,-13.118,-1.235,401,9,0.14,0.04,-4.498012528,-19.78302628,2.496795011,0,1623.026765,-43.4067227,4.265283744,0,1.32718725,-0.356902402,0.039936465,0,0,3,0/3,3.08342,2.7597,0.0982761,0.0975271,0.0692882,0.0592893,32132.2,23118.1,33727,25889.9,40187.5,33007.8,49238.7,40426.5,1.92035,2.74563,0.174254,0,27.2768,999.9,56,25.8,18.2401,60.68,-100,3,0.0543928,0,20.2364,5.20531,11.9501,4.9697,3.294,7704.5,9999,9999,129.1,4.97289,1.87501,1.8814,1.8809,1.87866,1.87425,1.8744,1.87668,0,0,0,0,11111111,oooooooo,on,on,on,on,0,100,100,-13.119,-1.2353,-13.1184,0,0,0,-1.235309,0,0,0,-1,-1,-1,-1,4.5,4.5,0.158691,4.99878,2.89795,2.89917,2.99805,2.24731,30.0718,15.962,2,442.778,1306.71,28.0828,28.0604,30.0008,27.8603,27.7517,-1,40,10,-999.9,400,20,102.346,94.9026
2,1784907119,120,20260724 10:31:58,10:31:58,15,1784907111,0.00114856,1.148560456,2.516876073,416.7286368,288.7846958,29.59378362,42.70509235,0.036819974,2.296807923,0.036495175,0.022838428,266.0572133,31.55005869,30.32822258,4.341434236,28.30856704,1.20357792,4.251638448,3.137856315,-50.65151609,-45.1048396,-4.372861789,165.9279959,1.406539885,1.168326746,2.516876073,421.7047654,419.8888242,-0.24011447,60.92991364,1.148560456,10.46381132,11.76147818,0.005398684,69.65,52,10,1.00194377,0.194376957,53608.28443,-,-,0,0,#DIV/0!,0,-,-,0,0,#DIV/0!,0.5,1273.803966,2.516876073,#DIV/0!,0.001975874,#DIV/0!,#DIV/0!,-,0,#DIV/0!,#DIV/0!,#DIV/0!,#DIV/0!,#DIV/0!,#DIV/0!,#DIV/0!,#DIV/0!,,,,,,,,,,,,,,,,,,,,,,,,,,,,,,,,,,,1499.989355,1273.803966,0.849208671,0.177372734,6,0.5,0: Broadleaf,2,TRUE,1784907111,416.7568065,418.968,11.74486129,10.39720323,429.8750968,12.98016129,513.0403871,102.377,0.099980413,29.96396129,30.32822258,999.9,0,0,10000.74452,0,144.2201419,-2.211148703,421.7095161,423.3697419,1.347646452,418.968,10.39720323,1.202403226,1.064435484,9.631330968,7.829388065,1499.989355,0.692017839,0.307982161,0,1552.03129,5.00019,22770.7,11819.58065,43.1006129,44.135,43.71341935,43.75593548,45.175,1034.559032,460.4303226,0,1784907115,0,1551.822308,-27.89470087,-387.2717951,22767.76538,15,1784906732,10:25:31,1784906732,1784906726,1,-13.118,-1.235,-13.118,-1.235,401,9,0.14,0.04,-3.621301895,23.81726992,2.865240405,0,1553.410882,-26.67975555,2.629960151,0,1.34181625,-0.115002439,0.051024437,0,0,3,0/3,3.08677,2.75955,0.0975701,0.0959503,0.070754,0.0607801,32137,23145.5,33707,25876.7,40094.7,32934.3,49212.7,40408.6,1.9242,2.7379,0.169292,0,27.582,999.9,57,26.1,18.8988,60.9499,-100,3,0.0746316,0,20.2366,5.20516,11.9511,4.96965,3.294,7704.5,9999,9999,129.2,4.97289,1.87506,1.8814,1.88092,1.87866,1.87425,1.87439,1.87669,0,0,0,0,11111111,oooooooo,on,on,on,on,0,100,100,-13.118,-1.2353,-13.1184,0,0,0,-1.235309,0,0,0,-1,-1,-1,-1,6.5,6.5,0.158691,4.99878,2.89795,2.89917,2.99805,2.25708,30.3294,15.9533,2,447.257,1301.88,28.3349,28.344,30.0008,28.1489,28.0403,-1,40,10,-999.9,400,20,102.289,94.858
3,1784907239,240,20260724 10:33:58,10:33:58,15,1784907231,0.00129035,1.290349619,2.888775802,407.3763706,275.6181796,28.24226895,41.74337498,0.040771866,2.297253652,0.040374087,0.02526922,266.0601883,31.65191167,30.43025484,4.366881076,27.5335714,1.18064241,4.288010417,3.186238666,-56.90441818,-39.37776113,-3.821617811,165.9563912,1.282520735,1.388366503,2.888775802,413.9145572,410.8190182,-0.062629896,60.92991364,1.290349619,9.883388764,11.43974545,-0.013058719,69.65,52,10,1.001944191,0.194419126,53596.67942,-,-,0,0,#DIV/0!,0,-,-,0,0,#DIV/0!,0.5,1273.80453,2.888775802,#DIV/0!,0.002267833,#DIV/0!,#DIV/0!,-,0,#DIV/0!,#DIV/0!,#DIV/0!,#DIV/0!,#DIV/0!,#DIV/0!,#DIV/0!,#DIV/0!,,,,,,,,,,,,,,,,,,,,,,,,,,,,,,,,,,,1499.988065,1273.80453,0.849209777,0.17737487,6,0.5,0: Broadleaf,2,TRUE,1784907231,407.4087097,409.5569677,11.52196774,9.927736129,420.5271613,12.75728065,515.486871,102.3688065,0.100011048,30.11230645,30.43025484,999.9,0,0,10004.42677,0,11.85096774,-2.148154839,412.1577742,413.6637419,1.594230645,409.5569677,9.927736129,1.17948871,1.016289677,9.345031613,7.15158129,1499.988065,0.691980161,0.308019839,0,1499.259677,5.00019,21998.90323,11819.45484,43.409,44.36687097,44,44.012,45.45122581,1034.502581,460.4851613,0,1784907235,0,1499.076154,-22.92717951,-335.5829062,21996.42308,15,1784906732,10:25:31,1784906732,1784906726,1,-13.118,-1.235,-13.118,-1.235,401,9,0.14,0.04,-2.8482435,4.94952788,1.383312678,0,1500.484118,-22.75508023,2.23861974,0,1.567068,0.533009381,0.068266537,0,0,3,0/3,3.08902,2.75943,0.0959814,0.0947208,0.0692317,0.0581237,32175.7,23167.1,33689.7,25867,40144.7,33015.9,49189.8,40394.8,1.9267,2.73545,0.171266,0,27.6493,999.9,55.2,26.3,18.5216,60.9199,-100,3,0.0924365,0,20.2369,5.20501,11.9511,4.9695,3.294,7704.5,9999,9999,129.2,4.97288,1.8751,1.88141,1.88094,1.87866,1.87425,1.8744,1.87671,0,0,0,0,11111111,oooooooo,on,on,on,on,0,100,100,-13.118,-1.2353,-13.1184,0,0,0,-1.235309,0,0,0,-1,-1,-1,-1,8.4,8.6,0.158691,4.99878,2.89795,2.89795,2.99805,2.23022,30.5662,15.9445,2,450.754,1304.2,28.5448,28.5972,30.0006,28.4088,28.2988,-1,40,10,-999.9,400,20,102.239,94.8245
4,1784907359,360,20260724 10:35:58,10:35:58,15,1784907351,0.001332736,1.33273599,1.350160113,415.798315,343.5131093,35.19949621,42.60649976,0.041437277,2.296218366,0.041026295,0.02567802,266.0599331,31.88471291,30.65913548,4.424437118,27.29085314,1.186876361,4.348989587,3.237560757,-58.77365714,-37.20800092,-3.621167022,166.457108,7.141581739,1.315741984,1.350160113,428.2530816,425.8620182,0.167948548,60.92991364,1.33273599,10.0128869,11.56548424,-0.00373235,69.65,51,10,1.001909511,0.190951104,53518.816,-,-,0,0,#DIV/0!,0,-,-,0,0,#DIV/0!,0.5,1273.809772,1.350160113,#DIV/0!,0.001059939,#DIV/0!,#DIV/0!,-,0,#DIV/0!,#DIV/0!,#DIV/0!,#DIV/0!,#DIV/0!,#DIV/0!,#DIV/0!,#DIV/0!,,,,,,,,,,,,,,,,,,,,,,,,,,,,,,,,,,,1499.995161,1273.809772,0.849209254,0.177373861,6,0.5,0: Broadleaf,2,TRUE,1784907351,415.8134516,424.7401935,11.58276774,10.07309355,428.9317419,12.81807419,515.8706774,102.369129,0.100020616,30.35857097,30.65913548,999.9,0,0,9997.702581,0,9.383436129,-8.926744677,420.6861935,429.0619677,1.509662581,424.7401935,10.07309355,1.185717419,1.031174839,9.423421935,7.364197097,1499.995161,0.691998355,0.308001677,0,1457.237742,5.00019,21389.97419,11819.56774,43.671,44.5,44.23374194,44.252,45.69106452,1034.533871,460.4612903,0,1784907355,0,1457.114615,-16.59965813,-237.3675216,21388.27692,15,1784906732,10:25:31,1784906732,1784906726,1,-13.118,-1.235,-13.118,-1.235,401,9,0.14,0.04,-9.211461585,9.951692425,5.163647016,0,1458.124118,-17.1303285,1.697455046,0,1.459694634,0.969622369,0.098209884,0,0,3,0/3,3.08962,2.75942,0.0984638,0.0970999,0.0697574,0.058578,32073.5,23098.1,33676.2,25858.9,40104.4,32987.6,49172.2,40383.9,1.92617,2.72832,0.179145,0,27.7616,999.9,54.8,26.5,18.6043,60.8599,-100,3,0.106801,0,20.2371,5.20486,11.9512,4.9694,3.294,7704.5,9999,9999,129.2,4.97292,1.87511,1.88141,1.88095,1.87866,1.87427,1.8744,1.8767,0,0,0,0,11111111,oooooooo,on,on,on,on,0,100,100,-13.118,-1.2353,-13.1184,0,0,0,-1.235309,0,0,0,-1,-1,-1,-1,10.4,10.6,0.158691,4.99878,2.89795,2.89917,2.99805,2.29858,30.782,15.9358,2,452.208,1298.81,28.7547,28.8106,30.0006,28.6325,28.5256,-1,40,10,-999.9,400,20,102.201,94.7973
5,1784907479,480,20260724 10:37:58,10:37:58,15,1784907471,0.001256454,1.256454094,3.725864559,400.8301332,226.6061793,23.22097371,41.0741932,0.038135579,2.295094491,0.037787016,0.023647937,266.0570428,32.16214683,30.89636452,4.484788887,26.55125746,1.17150925,4.412255246,3.313279637,-55.40962553,-35.32022186,-3.447455084,171.8797403,6.802964454,1.275172398,3.725864559,418.71233,410.2415152,0.861086435,60.92991364,1.256454094,10.15903351,11.51137394,0.01599974,69.65,51,10,1.001912435,0.191243478,53437.15219,-,-,0,0,#DIV/0!,0,-,-,0,0,#DIV/0!,0.5,1273.798992,3.725864559,#DIV/0!,0.002925002,#DIV/0!,#DIV/0!,-,0,#DIV/0!,#DIV/0!,#DIV/0!,#DIV/0!,#DIV/0!,#DIV/0!,#DIV/0!,#DIV/0!,,,,,,,,,,,,,,,,,,,,,,,,,,,,,,,,,,,1499.982903,1273.798992,0.849209007,0.177373384,6,0.5,0: Broadleaf,2,TRUE,1784907471,400.8719677,409.3348387,11.43239032,9.974040323,413.9905161,12.6677,517.6370968,102.3728065,0.100011319,30.61090968,30.89636452,999.9,0,0,9990.081613,0,9.376241935,-8.462812258,405.5080645,413.4593871,1.458346774,409.3348387,9.974040323,1.170365161,1.021069677,9.22979129,7.21922129,1499.982903,0.692006774,0.307993226,0,1421.519032,5.00019,20872.39355,11819.49355,43.937,44.812,44.502,44.625,46,1034.537742,460.4451613,0,1784907475,0,1421.404231,-18.15760685,-262.4786327,20870.75,15,1784906732,10:25:31,1784906732,1784906726,1,-13.118,-1.235,-13.118,-1.235,401,9,0.14,0.04,-7.41794425,-25.43416919,2.735411761,0,1422.411765,-17.52849504,1.731790081,0,1.5165205,-1.240410957,0.124082305,0,0,3,0/3,3.09144,2.75946,0.095873,0.0965778,0.0695298,0.059666,32152.1,23102.8,33663,25850.1,40098.7,32935.2,49155.2,40371.8,1.9281,2.71885,0.177834,0,27.9995,999.9,54.3,26.7,18.6529,60.7699,-100,3,0.120569,0,20.2376,5.20366,11.9511,4.96915,3.294,7704.5,9999,9999,129.3,4.97289,1.87512,1.88141,1.88095,1.87866,1.87428,1.8744,1.87671,0,0,0,0,11111111,oooooooo,on,on,on,on,0,100,100,-13.118,-1.2353,-13.1184,0,0,0,-1.235309,0,0,0,-1,-1,-1,-1,12.4,12.6,0.158691,4.99878,2.89795,2.89795,2.99805,2.26318,31.0202,15.927,2,454.977,1289.53,28.992,29.0094,30.0006,28.8403,28.739,-1,40,10,-999.9,400,20,102.164,94.7673
6,1784907599,600,20260724 10:39:58,10:39:58,15,1784907591,0.001381724,1.381723936,2.5030784,410.0401552,293.7127001,30.09787708,42.0184016,0.041468236,2.296488908,0.041056692,0.025697068,266.056913,32.3610055,31.09170645,4.535021546,26.43592697,1.182570939,4.47334773,3.352450607,-60.93402556,-29.72637524,-2.905950079,172.4905622,0.572786576,1.423797481,2.5030784,412.8376257,411.7593091,-0.387969442,60.92769811,1.381723936,9.855085258,11.48236788,-0.008766805,69.65,51,10,1.001912295,0.191229537,53441.04034,-,-,0,0,#DIV/0!,0,-,-,0,0,#DIV/0!,0.5,1273.800879,2.5030784,#DIV/0!,0.001965047,#DIV/0!,#DIV/0!,-,0,#DIV/0!,#DIV/0!,#DIV/0!,#DIV/0!,#DIV/0!,#DIV/0!,#DIV/0!,#DIV/0!,,,,,,,,,,,,,,,,,,,,,,,,,,,,,,,,,,,1499.985484,1273.800879,0.849208804,0.177372992,6,0.5,0: Broadleaf,2,TRUE,1784907591,410.0682581,411.4046452,11.54021935,9.915747097,423.1867097,12.77552258,518.808129,102.373871,0.099999129,30.85160645,31.09170645,999.9,0,0,9998.988065,0,8.816788387,-1.336360258,414.8558387,415.5251935,1.624474194,411.4046452,9.915747097,1.181416774,1.015112258,9.369367419,7.134677742,1499.985484,0.692012935,0.307987065,0,1392.854516,5.00019,20457.62903,11819.52581,44.125,45.062,44.71748387,44.921,46.24187097,1034.549677,460.4358065,0,1784907595,0,1392.764615,-12.01094018,-172.7760685,20456.33462,15,1784906732,10:25:31,1784906732,1784906726,1,-13.118,-1.235,-13.118,-1.235,401,9,0.14,0.04,-2.3863018,21.69262226,4.058834869,0,1393.533529,-12.37738732,1.235894252,0,1.6027605,0.556496285,0.069777102,0,0,3,0/3,3.09201,2.75947,0.095974,0.0944301,0.0693103,0.0579688,32137,23150.9,33651.9,25843.3,40095.4,32986.2,49140.8,40362.6,1.92778,2.72508,0.184599,0,28.0922,999.9,53.5,26.9,18.5946,60.38,-100,3,0.132381,0,20.2379,5.20426,11.9529,4.969,3.294,7704.5,9999,9999,129.3,4.97287,1.87514,1.88141,1.88094,1.87866,1.87436,1.8744,1.87672,0,0,0,0,11111111,oooooooo,on,on,on,on,0,100,100,-13.119,-1.2353,-13.1184,0,0,0,-1.235309,0,0,0,-1,-1,-1,-1,14.4,14.6,0.158691,4.99878,2.89795,2.89673,2.99805,2.26318,31.2156,15.927,2,456.222,1303.04,29.1975,29.1852,30.0005,29.0225,28.9218,-1,40,10,-999.9,400,20,102.132,94.7446
7,1784907719,720,20260724 10:41:58,10:41:58,15,1784907711,0.00131961,1.319610135,3.937226136,399.0833659,219.3066362,22.47383831,40.89677901,0.038984374,2.2969603,0.038620495,0.024170219,266.0619002,32.54007287,31.26467419,4.579908979,26.0680463,1.176764686,4.514203607,3.403144293,-58.19480697,-31.41581678,-3.075512295,173.3757642,3.187308606,1.403870771,3.937226136,410.0187832,404.110703,0.27667253,60.92769811,1.319610135,9.909109116,11.44888061,-0.006021593,69.65,50,10,1.001875163,0.187516296,53428.6985,-,-,0,0,#DIV/0!,0,-,-,0,0,#DIV/0!,0.5,1273.813479,3.937226136,#DIV/0!,0.003090897,#DIV/0!,#DIV/0!,-,0,#DIV/0!,#DIV/0!,#DIV/0!,#DIV/0!,#DIV/0!,#DIV/0!,#DIV/0!,#DIV/0!,,,,,,,,,,,,,,,,,,,,,,,,,,,,,,,,,,,1499.99871,1273.813479,0.849209716,0.177374753,6,0.5,0: Broadleaf,2,TRUE,1784907711,399.1275806,403.4502903,11.48323226,9.883014516,412.2460645,12.71855484,519.3501613,102.3767742,0.100007603,31.01098065,31.26467419,999.9,0,0,10001.75161,0,10.51553226,-4.322632903,403.7641935,407.4776129,1.60022871,403.4502903,9.883014516,1.175617419,1.01179129,9.296285161,7.087111613,1499.99871,0.691984387,0.308015613,0,1365.796129,5.00019,20066.47419,11819.54839,44.37093548,45.256,44.937,45.125,46.43903226,1034.513226,460.4854839,0,1784907715,0,1365.713846,-14.20034189,-201.2102565,20064.93077,15,1784906732,10:25:31,1784906732,1784906726,1,-13.118,-1.235,-13.118,-1.235,401,9,0.14,0.04,-3.81968245,-17.43767975,2.181361766,0,1366.392647,-14.03651643,1.389397476,0,1.60692725,-0.229697223,0.052561984,0,0,3,0/3,3.09269,2.75947,0.0947119,0.0944231,0.0691534,0.0584522,32169.6,23143.6,33639.8,25835.7,40088.1,32957.4,49125.2,40351.8,1.9277,2.71677,0.183649,0,28.2804,999.9,53.1,27.1,18.6738,61.22,-100,3,0.144289,0,20.2379,5.20366,11.952,4.969,3.294,7704.5,9999,9999,129.3,4.97287,1.87514,1.88141,1.88094,1.87866,1.87433,1.8744,1.87674,0,0,0,0,11111111,oooooooo,on,on,on,on,0,100,100,-13.118,-1.2353,-13.1184,0,0,0,-1.235309,0,0,0,-1,-1,-1,-1,16.4,16.6,0.158691,4.99878,2.89795,2.89673,2.99805,2.24854,31.3898,15.9007,2,457.521,1294.49,29.3987,29.3497,30.0006,29.1929,29.0945,-1,40,10,-999.9,400,20,102.098,94.7181
8,1784907839,840.0999999,20260724 10:43:58,10:43:58,15,1784907831,0.001371543,1.371543457,2.573646496,399.7601166,278.714367,28.56104321,40.96511452,0.040505795,2.296208771,0.040112987,0.025105591,266.060741,32.52662515,31.19781613,4.562512756,25.61447853,1.156484947,4.514965805,3.406027809,-60.48506644,-22.76237616,-2.22839369,180.5849047,2.32157742,1.359685801,2.573646496,406.2732879,403.8015576,-0.110560347,60.92769811,1.371543457,9.741034758,11.30224121,0.000329893,69.65,50,10,1.001876059,0.187605872,53403.23552,-,-,0,0,#DIV/0!,0,-,-,0,0,#DIV/0!,0.5,1273.815565,2.573646496,#DIV/0!,0.002020423,#DIV/0!,#DIV/0!,-,0,#DIV/0!,#DIV/0!,#DIV/0!,#DIV/0!,#DIV/0!,#DIV/0!,#DIV/0!,#DIV/0!,,,,,,,,,,,,,,,,,,,,,,,,,,,,,,,,,,,1500.002258,1273.815565,0.849209099,0.17737356,6,0.5,0: Broadleaf,2,TRUE,1784907831,399.7890323,403.0864516,11.28561613,9.739044194,412.9074516,12.52091613,520.5557419,102.3742581,0.099982897,31.01394194,31.19781613,999.9,0,0,9997.139677,0,9.586866774,-3.297368065,404.3524839,407.0507097,1.546562581,403.0864516,9.739044194,1.155355484,0.997027613,9.038393226,6.872959677,1500.002258,0.69200329,0.30799671,0,1342.799032,5.00019,19730.00323,11819.64516,44.5,45.312,45.062,45.312,46.58841935,1034.546129,460.4554839,0,1784907835,0,1342.744231,-10.102906,-155.2923078,19729.12692,15,1784906732,10:25:31,1784906732,1784906726,1,-13.118,-1.235,-13.118,-1.235,401,9,0.14,0.04,-3.292943415,0.860034895,0.47799686,0,1343.256176,-10.5553858,1.070087997,0,1.557462439,-0.200024115,0.031648614,0,0,3,0/3,3.09325,2.75948,0.0945661,0.094011,0.0684487,0.0572248,32166.2,23149.7,33631.6,25831.4,40110.7,32994.9,49114.8,40346.1,1.92787,2.71588,0.185363,0,28.1894,999.9,51.9,27.3,18.4673,60.3445,-100,3,0.1536,0,20.238,5.20381,11.9533,4.9691,3.294,7704.5,9999,9999,129.4,4.97291,1.87515,1.88141,1.88095,1.87866,1.87435,1.87443,1.87675,0,0,0,0,11111111,oooooooo,on,on,on,on,0,100,100,-13.118,-1.2353,-13.1184,0,0,0,-1.235309,0,0,0,-1,-1,-1,-1,18.5,18.6,0.158691,4.99878,2.89795,2.89551,2.99805,2.27417,31.5424,15.9095,2,458.782,1296.49,29.5241,29.489,30.0004,29.3395,29.2401,-1,40,10,-999.9,400,20,102.075,94.7039
9,1784907959,960.0999999,20260724 10:45:58,10:45:58,15,1784907951,0.001342396,1.342395848,2.699492096,400.2970156,272.6161125,27.93612007,41.02011942,0.039813371,2.295676261,0.039433723,0.024679885,266.0600076,32.53332325,31.19459032,4.56167487,25.93694546,1.17083856,4.514172889,3.39083631,-59.1996569,-22.73913155,-2.226565201,181.8946539,1.239613375,1.263456576,2.699492096,404.8982294,403.0918424,-0.281505138,60.92769811,1.342395848,9.984868846,11.48168061,0.005633264,69.65,50,10,1.001876661,0.187666053,53386.14226,-,-,0,0,#DIV/0!,0,-,-,0,0,#DIV/0!,0.5,1273.81885,2.699492096,#DIV/0!,0.002119212,#DIV/0!,#DIV/0!,-,0,#DIV/0!,#DIV/0!,#DIV/0!,#DIV/0!,#DIV/0!,#DIV/0!,#DIV/0!,#DIV/0!,,,,,,,,,,,,,,,,,,,,,,,,,,,,,,,,,,,1500.007097,1273.81885,0.849208549,0.177372499,6,0.5,0: Broadleaf,2,TRUE,1784907951,400.3273548,402.3335484,11.42569032,9.990863226,413.4457097,12.66099677,521.3119032,102.3741935,0.100013906,31.01086129,31.19459032,999.9,0,0,9993.704839,0,10.77454516,-2.006279032,404.9541935,406.3938387,1.434829032,402.3335484,9.990863226,1.169694839,1.022805484,9.22124129,7.245236129,1500.007097,0.692023,0.307977,0,1323.88129,5.00019,19447.70645,11819.75161,44.562,45.24593548,45.062,45.22764516,46.625,1034.577419,460.4296774,0,1784907955,0,1323.834231,-9.470427348,-131.463248,19446.90385,15,1784906732,10:25:31,1784906732,1784906726,1,-13.118,-1.235,-13.118,-1.235,401,9,0.14,0.04,-2.0836815,2.371570582,0.619596921,0,1324.342059,-8.837738732,0.884210447,0,1.45054475,-0.16854045,0.047844603,0,0,3,0/3,3.09417,2.7595,0.0944144,0.093768,0.0692431,0.0585108,32164.4,23151.9,33624.5,25827.4,40065.4,32942.9,49105.5,40341.3,1.9286,2.7124,0.188868,0,28.1238,999.9,52.1,27.5,18.7551,60.5845,-100,3,0.16061,0,20.2384,5.20396,11.9536,4.9692,3.294,7704.5,9999,9999,129.4,4.97292,1.87515,1.88141,1.88095,1.87867,1.87434,1.87443,1.87676,0,0,0,0,11111111,oooooooo,on,on,on,on,0,100,100,-13.119,-1.2353,-13.1184,0,0,0,-1.235309,0,0,0,-1,-1,-1,-1,20.5,20.6,0.158691,4.99878,2.89795,2.89673,2.99805,2.2583,31.6736,15.892,2,460.111,1293.98,29.6014,29.5917,30.0002,29.4533,29.3575,-1,40,10,-999.9,400,20,102.055,94.6912
10,1784908079,1080.1,20260724 10:47:58,10:47:58,15,1784908071,0.001370724,1.370724043,2.972395271,397.3063104,260.3179255,26.67524578,40.71269184,0.040314947,2.296334623,0.039925834,0.024988293,266.0605124,32.58260726,31.26460968,4.579892165,25.6193068,1.160392289,4.529366458,3.419499876,-60.44893032,-24.11623848,-2.362233529,179.13311,2.083016634,1.490284171,2.972395271,404.6720206,401.2120303,0.001524189,60.92769811,1.370724043,9.642666516,11.24813758,-0.008563913,69.65,50,10,1.001876259,0.187625934,53397.53613,-,-,0,0,#DIV/0!,0,-,-,0,0,#DIV/0!,0.5,1273.820089,2.972395271,#DIV/0!,0.00233345,#DIV/0!,#DIV/0!,-,0,#DIV/0!,#DIV/0!,#DIV/0!,#DIV/0!,#DIV/0!,#DIV/0!,#DIV/0!,#DIV/0!,,,,,,,,,,,,,,,,,,,,,,,,,,,,,,,,,,,1500.008387,1273.820089,0.849208644,0.177372683,6,0.5,0: Broadleaf,2,TRUE,1784908071,397.3397097,400.4128065,11.32401613,9.632177419,410.458129,12.55932258,521.5451935,102.3717097,0.100087948,31.06980968,31.26460968,999.9,0,0,9998.201935,0,10.5724,-3.073087742,401.8907419,404.3071613,1.69184129,400.4128065,9.632177419,1.159259677,0.986062323,9.088219677,6.711689355,1500.008387,0.692019419,0.307980581,0,1305.737097,5.00019,19175.74194,11819.73871,44.562,45.254,45.145,45.004,46.625,1034.573548,460.4348387,0,1784908075,0,1305.670769,-9.146666674,-140.6427351,19174.98462,15,1784906732,10:25:31,1784906732,1784906726,1,-13.118,-1.235,-13.118,-1.235,401,9,0.14,0.04,-2.90066325,-6.987078687,0.767451391,0,1306.099706,-8.549274263,0.858646285,0,1.65260075,0.355696548,0.099888682,0,0,3,0/3,3.09572,2.75961,0.0940888,0.093459,0.0681708,0.05714,32170.7,23157.1,33619.5,25824.8,40109.2,32988.1,49099.7,40337.5,1.93067,2.7122,0.193596,0,28.1192,999.9,50.9,27.6,18.4333,61.2445,-100,3,0.166092,0,20.2385,5.20306,11.9557,4.9692,3.294,7704.5,9999,9999,129.4,4.97292,1.87515,1.88141,1.88095,1.87866,1.87437,1.87442,1.87677,0,0,0,0,11111111,oooooooo,on,on,on,on,0,100,100,-13.118,-1.2353,-13.1184,0,0,0,-1.235309,0,0,0,-1,-1,-1,-1,22.5,22.6,0.158691,4.99878,2.89795,2.89551,2.99805,2.24121,31.783,15.8832,2,462.055,1295.81,29.6562,29.6657,30.0002,29.5421,29.4519,-1,40,10,-999.9,400,20,102.042,94.682
11,1784908199,1200.1,20260724 10:49:58,10:49:58,15,1784908191,0.001340213,1.340212576,3.077357765,397.9387772,252.1547736,25.8372421,40.77511752,0.038865847,2.295809628,0.038503986,0.024097222,266.059491,32.76797538,31.45666774,4.630186524,25.45436815,1.164495789,4.574836753,3.465690734,-59.10337459,-26.17332026,-2.568964657,178.2138315,3.28991035,1.326263229,3.077357765,407.7282708,403.1072788,0.219183243,60.92769811,1.340212576,9.928949711,11.41583394,0.007492883,69.65,49,9,1.001840332,0.184033216,53349.25659,-,-,0,0,#DIV/0!,0,-,-,0,0,#DIV/0!,0.5,1273.813452,3.077357765,#DIV/0!,0.002415862,#DIV/0!,#DIV/0!,-,0,#DIV/0!,#DIV/0!,#DIV/0!,#DIV/0!,#DIV/0!,#DIV/0!,#DIV/0!,#DIV/0!,,,,,,,,,,,,,,,,,,,,,,,,,,,,,,,,,,,1500.000323,1273.813452,0.849208785,0.177372956,6,0.5,0: Broadleaf,2,TRUE,1784908191,397.9733871,402.3677419,11.36472581,9.855909677,411.0918387,12.60003548,520.442871,102.3658065,0.099999503,31.24520323,31.45666774,999.9,0,0,9995.385484,0,9.385624516,-4.394271613,402.5481935,406.3729032,1.508812581,402.3677419,9.855909677,1.163359677,1.008908387,9.140722258,7.045441613,1500.000323,0.692014194,0.307985806,0,1287.362903,5.00019,18901.85806,11819.66129,44.61687097,45.381,45.20732258,45.058,46.629,1034.56,460.4390323,0,1784908195,0,1287.285385,-9.478974367,-147.8393164,18900.96538,15,1784906732,10:25:31,1784906732,1784906726,1,-13.118,-1.235,-13.118,-1.235,401,9,0.14,0.04,-3.641239425,-20.44545642,2.032929396,0,1287.815,-9.925592058,0.998511392,0,1.53375175,-0.568625403,0.057062967,0,0,3,0/3,3.09343,2.75954,0.0944132,0.0946201,0.068934,0.0584848,32155.5,23125,33615.9,25822.4,40069.9,32936.7,49095.2,40334.7,1.92658,2.7099,0.197623,0,28.2632,999.9,50.8,27.8,18.6136,60.4645,-100,3,0.170137,0,20.2384,5.20321,11.952,4.96885,3.294,7704.5,9999,9999,129.5,4.97295,1.87515,1.88143,1.88095,1.87866,1.87437,1.87448,1.87678,0,0,0,0,11111111,oooooooo,on,on,on,on,0,100,100,-13.119,-1.2353,-13.1184,0,0,0,-1.235309,0,0,0,-1,-1,-1,-1,24.5,24.6,0.158691,4.99878,2.89795,2.89551,2.99805,2.2876,31.9146,15.8745,2,460.146,1293.99,29.7131,29.7201,30.0003,29.611,29.5247,-1,40,10,-999.9,400,20,102.032,94.6745
12,1784908319,1320.1,20260724 10:51:58,10:51:58,15,1784908311,0.001381579,1.38157863,2.063105685,400.1193963,297.1257471,30.44455826,40.99765298,0.039858886,2.295858071,0.039478404,0.024707884,266.0606368,32.94196324,31.65089032,4.681536147,25.92235508,1.198632137,4.62393225,3.48290401,-60.9276176,-26.98359601,-2.653427077,175.4959961,4.897076022,1.361553492,2.063105685,413.5235468,408.4496303,0.564992815,60.92769811,1.38157863,10.16477961,11.71025394,0.005145264,69.65,49,9,1.001841416,0.184141574,53317.92098,-,-,0,0,#DIV/0!,0,-,-,0,0,#DIV/0!,0.5,1273.80745,2.063105685,#DIV/0!,0.001619637,#DIV/0!,#DIV/0!,-,0,#DIV/0!,#DIV/0!,#DIV/0!,#DIV/0!,#DIV/0!,#DIV/0!,#DIV/0!,#DIV/0!,,,,,,,,,,,,,,,,,,,,,,,,,,,,,,,,,,,1499.991613,1273.80745,0.849209715,0.17737475,6,0.5,0: Broadleaf,2,TRUE,1784908311,400.1426129,406.4027097,11.69813226,10.15050645,413.2610323,12.93343548,520.7162903,102.3635484,0.099999661,31.43288387,31.65089032,999.9,0,0,9995.919032,0,10.27827097,-6.260058452,404.8789032,410.5702581,1.547626452,406.4027097,10.15050645,1.197462258,1.03904129,9.570034194,7.475603548,1499.991613,0.691983452,0.308016548,0,1269.993871,5.00019,18648.32258,11819.49677,44.812,45.625,45.375,45.375,46.86280645,1034.508387,460.4832258,0,1784908315,0,1269.960769,-10.68239317,-148.7760685,18647.49615,15,1784906732,10:25:31,1784906732,1784906726,1,-13.118,-1.235,-13.118,-1.235,401,9,0.14,0.04,-5.620709,-21.50288173,3.453364793,0,1270.488529,-9.822612681,0.988644742,0,1.53796975,0.032017598,0.025773474,1,1,3,3-Jan,3.09376,2.7595,0.0952433,0.094011,0.0702027,0.0588975,32119.5,23136.8,33609.4,25818.5,40003.9,32916.5,49086.6,40329.8,1.9262,2.70607,0.190381,0,28.5703,999.9,51.4,28,19.0544,60.5545,-100,3,0.176535,0,20.2388,5.20321,11.9533,4.96895,3.294,7704.5,9999,9999,129.5,4.97292,1.87515,1.88145,1.88095,1.87867,1.87437,1.87441,1.87677,0,0,0,0,11111111,oooooooo,on,on,on,on,0,100,100,-13.119,-1.2353,-13.1184,0,0,0,-1.235309,0,0,0,-1,-1,-1,-1,26.5,26.6,0.158691,4.99878,2.89795,2.89429,2.99805,2.23022,32.0904,15.8482,2,460.565,1290.15,29.8705,29.8016,30.0004,29.6927,29.6072,-1,40,10,-999.9,400,20,102.013,94.6621
13,1784908439,1440.1,20260724 10:53:58,10:53:58,15,1784908431,0.001407703,1.407703112,2.95977127,409.2472926,271.3771942,27.80657115,41.93338351,0.040240558,2.296003672,0.039852816,0.024942536,266.0625831,33.08170611,31.77938387,4.715779871,25.75463173,1.200964117,4.663099553,3.514815754,-62.07970722,-24.51046288,-2.413368518,177.0590445,3.934315205,1.390065255,2.95977127,415.659574,414.2247697,-0.424967385,60.92769811,1.407703112,10.11225917,11.71375818,-2.64E-05,69.65,49,9,1.001842148,0.184214809,53296.76324,-,-,0,0,#DIV/0!,0,-,-,0,0,#DIV/0!,0.5,1273.816276,2.95977127,#DIV/0!,0.002323546,#DIV/0!,#DIV/0!,-,0,#DIV/0!,#DIV/0!,#DIV/0!,#DIV/0!,#DIV/0!,#DIV/0!,#DIV/0!,#DIV/0!,,,,,,,,,,,,,,,,,,,,,,,,,,,,,,,,,,,1500.001935,1273.816276,0.849209755,0.177374827,6,0.5,0: Broadleaf,2,TRUE,1784908431,409.2806129,414.4557419,11.72076452,10.14242581,422.3989032,12.95607097,521.2632581,102.3646452,0.100011945,31.58137097,31.77938387,999.9,0,0,9996.752903,0,10.64081613,-5.175210032,414.1345484,418.7025161,1.57834,414.4557419,10.14242581,1.199790968,1.038223871,9.598948065,7.464025161,1500.001935,0.691980968,0.308019032,0,1252.740968,5.00019,18394.00968,11819.54516,44.937,45.78,45.512,45.60467742,47.022,1034.513548,460.4883871,0,1784908435,0,1252.675769,-8.049572652,-118.4102564,18393.26538,15,1784906732,10:25:31,1784906732,1784906726,1,-13.118,-1.235,-13.118,-1.235,401,9,0.14,0.04,-4.0205564,-2.133257178,3.76310251,0,1253.062059,-7.738273496,0.795623246,0,1.60320425,-0.393149831,0.064077633,0,0,3,0/3,3.09447,2.75943,0.0962432,0.095374,0.0702,0.0590211,32077,23097.6,33602.5,25814.1,39996.2,32905.9,49077.8,40323.7,1.9269,2.70475,0.187811,0,28.7137,999.9,51,28.2,19.1276,61.0945,-100,3,0.183684,0,20.2386,5.20426,11.9554,4.96865,3.294,7704.5,9999,9999,129.5,4.97294,1.87515,1.88146,1.88095,1.87867,1.87439,1.87446,1.87677,0,0,0,0,11111111,oooooooo,on,on,on,on,0,100,100,-13.118,-1.2353,-13.1184,0,0,0,-1.235309,0,0,0,-1,-1,-1,-1,28.5,28.6,0.158691,4.99878,2.89795,2.89429,2.99805,2.25342,32.2446,15.8482,2,461.691,1290.19,30.0155,29.8963,30.0005,29.7825,29.6957,-1,40,10,-999.9,400,20,101.994,94.6469
14,1784908559,1560.1,20260724 10:55:58,10:55:58,15,1784908551,0.001395285,1.395285063,2.575182155,407.811099,282.4243808,28.93797416,41.7854401,0.039322867,2.296340794,0.038952575,0.024378338,266.0623494,33.22304211,31.90605161,4.749750263,25.23219092,1.185831627,4.69967761,3.563918636,-61.53207127,-23.14906333,-2.281954064,179.0992608,-2.156751917,1.449230133,2.575182155,408.7759215,407.7907758,-0.425066768,60.92769811,1.395285063,9.98046955,11.56141333,0.000532923,69.65,49,9,1.001842598,0.184259788,53283.77701,-,-,0,0,#DIV/0!,0,-,-,0,0,#DIV/0!,0.5,1273.815666,2.575182155,#DIV/0!,0.002021629,#DIV/0!,#DIV/0!,-,0,#DIV/0!,#DIV/0!,#DIV/0!,#DIV/0!,#DIV/0!,#DIV/0!,#DIV/0!,#DIV/0!,,,,,,,,,,,,,,,,,,,,,,,,,,,,,,,,,,,1500.00129,1273.815666,0.849209713,0.177374747,6,0.5,0: Broadleaf,2,TRUE,1784908551,407.8400968,406.0466129,11.57329677,9.931330645,420.9586774,12.80860323,522.4683871,102.3627419,0.099991906,31.71906452,31.90605161,999.9,0,0,9999.117742,0,9.672210968,1.793618052,412.6156129,410.1196129,1.641966452,406.0466129,9.931330645,1.184676129,1.016599677,9.410326452,7.156357742,1500.00129,0.691982161,0.308017839,0,1237.329355,5.00019,18164.05161,11819.55806,45.004,45.82419355,45.56809677,45.74593548,47.125,1034.515161,460.486129,0,1784908555,0,1237.291538,-7.701880349,-126.2393164,18163.21154,15,1784906732,10:25:31,1784906732,1784906726,1,-13.118,-1.235,-13.118,-1.235,401,9,0.14,0.04,2.83075099,-21.67580044,2.477247882,0,1237.729412,-6.97692896,0.719689235,0,1.685228,-0.834061238,0.081550959,0,0,3,0/3,3.09495,2.75946,0.0950988,0.0944949,0.0695166,0.0585099,32111.8,23116.8,33596.9,25810.8,40020.4,32919.2,49070.3,40319.3,1.92687,2.70502,0.196263,0,28.7477,999.9,50,28.4,18.9724,60.2845,-100,3,0.190074,0,20.2389,5.20516,11.955,4.9695,3.294,7704.5,9999,9999,129.6,4.97291,1.87515,1.88148,1.88095,1.87866,1.87439,1.87446,1.8768,0,0,0,0,11111111,oooooooo,on,on,on,on,0,100,100,-13.118,-1.2354,-13.1184,0,0,0,-1.235309,0,0,0,-1,-1,-1,-1,30.5,30.6,0.158691,4.99878,2.89795,2.89429,2.99805,2.29126,32.377,15.8307,2,462.325,1292.41,30.1384,29.9848,30.0003,29.8649,29.7762,-1,40,10,-999.9,400,20,101.977,94.636
15,1784908679,1680.1,20260724 10:57:58,10:57:58,15,1784908671,0.001390278,1.390278207,2.427729855,419.3128917,298.861594,30.62088143,42.96212895,0.039195353,2.296728668,0.038827508,0.024299954,266.061117,33.26104101,31.93568065,4.757727001,25.38788258,1.195632046,4.709459492,3.562094955,-61.31126893,-22.28183112,-2.196810894,180.271206,2.854387265,1.30437482,2.427729855,422.4469491,423.0565394,-0.72779778,60.92769811,1.390278207,10.13159443,11.70418182,0.000652179,69.65,49,9,1.001842379,0.184237929,53290.0874,-,-,0,0,#DIV/0!,0,-,-,0,0,#DIV/0!,0.5,1273.820646,2.427729855,#DIV/0!,0.001905865,#DIV/0!,#DIV/0!,-,0,#DIV/0!,#DIV/0!,#DIV/0!,#DIV/0!,#DIV/0!,#DIV/0!,#DIV/0!,#DIV/0!,,,,,,,,,,,,,,,,,,,,,,,,,,,,,,,,,,,1500.00871,1273.820646,0.849208833,0.177373048,6,0.5,0: Broadleaf,2,TRUE,1784908671,419.3402258,423.2358387,11.66943871,10.19342903,432.4586129,12.90474839,523.0676129,102.3583871,0.100015223,31.75572903,31.93568065,999.9,0,0,10002.05065,0,10.66484516,-3.895739677,424.2914194,427.5946774,1.476013226,423.2358387,10.19342903,1.194466774,1.043384194,9.532680645,7.536513871,1500.00871,0.692011677,0.307988323,0,1221.086129,5.00019,17914.85484,11819.72903,45,45.95122581,45.687,45.5863871,47.125,1034.563871,460.4441935,0,1784908675,0,1221.046154,-6.473846155,-96.85128213,17914.28077,15,1784906732,10:25:31,1784906732,1784906726,1,-13.118,-1.235,-13.118,-1.235,401,9,0.14,0.04,-4.215059925,21.79745085,4.053389537,0,1221.454412,-6.73262032,0.699281948,0,1.490883,-0.05020863,0.069914965,1,1,3,3-Jan,3.09616,2.75944,0.0976597,0.0962391,0.0701231,0.0590126,32015.5,23069.9,33591.6,25808.5,39987.1,32898,49063.7,40316.4,1.92845,2.70335,0.194374,0,28.7456,999.9,50,28.5,19.0839,60.8845,-100,3,0.194975,0,20.239,5.20516,11.9551,4.96945,3.294,7704.5,9999,9999,129.6,4.9729,1.87515,1.88146,1.88095,1.87866,1.87439,1.87445,1.87679,0,0,0,0,11111111,oooooooo,on,on,on,on,0,100,100,-13.119,-1.2353,-13.1184,0,0,0,-1.235309,0,0,0,-1,-1,-1,-1,32.5,32.6,0.158691,4.99878,2.89795,2.89307,2.99805,2.2522,32.5097,15.8132,2,463.852,1291.56,30.2408,30.0533,30.0003,29.9386,29.8499,-1,40,10,-999.9,400,20,101.963,94.6286
16,1784908799,1800.1,20260724 10:59:58,10:59:58,15,1784908791,0.001338662,1.338662493,4.007655878,403.3103545,216.9866662,22.23170745,41.32179166,0.038280754,2.29692634,0.037929823,0.023737401,266.0608219,33.14167607,31.78011613,4.715975642,25.77316334,1.204437018,4.67322153,3.511538624,-59.03501594,-19.88101066,-1.957128382,185.187667,4.129841021,1.403581265,4.007655878,415.6067767,409.3362788,0.341046856,60.91328767,1.338662493,10.06032799,11.67555758,-0.017099913,69.65,48,9,1.001803684,0.180368397,53320.40166,-,-,0,0,#DIV/0!,0,-,-,0,0,#DIV/0!,0.5,1273.813653,4.007655878,#DIV/0!,0.003146187,#DIV/0!,#DIV/0!,-,0,#DIV/0!,#DIV/0!,#DIV/0!,#DIV/0!,#DIV/0!,#DIV/0!,#DIV/0!,#DIV/0!,,,,,,,,,,,,,,,,,,,,,,,,,,,,,,,,,,,1499.999677,1273.813653,0.849209285,0.177373919,6,0.5,0: Broadleaf,2,TRUE,1784908791,403.3554516,408.7523871,11.7555871,10.16184194,416.4739032,12.99089677,521.2455484,102.3565484,0.100011913,31.61956774,31.78011613,999.9,0,0,10003.50839,0,10.74514194,-5.396819355,408.1535161,412.9486774,1.593733548,408.7523871,10.16184194,1.203261613,1.040132581,9.641892258,7.490096452,1499.999677,0.691995645,0.308004355,0,1205.950645,5.00019,17682.71613,11819.60323,45.062,45.937,45.687,45.558,47.125,1034.535484,460.4641935,0,1784908795,0,1205.897308,-6.547350438,-110.540171,17682.05769,15,1784906732,10:25:31,1784906732,1784906726,1,-13.118,-1.235,-13.118,-1.235,401,9,0.14,0.04,-5.6211485,6.508986417,2.993192211,0,1206.179412,-6.778915201,0.718458076,0,1.5738855,0.745547167,0.096565261,0,0,3,0/3,3.0942,2.75934,0.0953675,0.0942382,0.0699821,0.0586791,32094.8,23120,33589.6,25807.6,39990.8,32908.5,49061.3,40315.6,1.92477,2.7058,0.194218,0,28.6093,999.9,49.7,28.7,19.19,61.0645,-100,3,0.19747,0,20.2391,5.20516,11.9554,4.96955,3.294,7704.5,9999,9999,129.6,4.97293,1.87515,1.88143,1.88098,1.87867,1.87438,1.87444,1.87678,0,0,0,0,11111111,oooooooo,on,on,on,on,0,100,100,-13.118,-1.2353,-13.1184,0,0,0,-1.235309,0,0,0,-1,-1,-1,-1,34.5,34.6,0.157471,4.99878,2.89795,2.89429,2.99805,2.25952,32.5982,15.7781,2,462.005,1296.3,30.2029,30.0872,30,29.9845,29.8976,-1,40,10,-999.9,400,20,101.957,94.626
17,1784908919,1920.1,20260724 11:01:58,11:01:58,15,1784908911,0.001410699,1.410698669,2.935165642,400.0149869,261.8284675,26.8259167,40.9839649,0.039714138,2.295684077,0.039336372,0.024618874,266.0598499,33.33550564,32.02706774,4.782403773,25.69488204,1.215630075,4.731020258,3.566773698,-62.21181129,-23.60915658,-2.330704838,177.9081772,3.646359969,1.37236849,2.935165642,409.0291239,405.4699939,0.031479525,60.91328767,1.410698669,10.17886421,11.83979212,-0.010716814,69.65,48,9,1.001806363,0.180636329,53241.45565,-,-,0,0,#DIV/0!,0,-,-,0,0,#DIV/0!,0.5,1273.802156,2.935165642,#DIV/0!,0.002304256,#DIV/0!,#DIV/0!,-,0,#DIV/0!,#DIV/0!,#DIV/0!,#DIV/0!,#DIV/0!,#DIV/0!,#DIV/0!,#DIV/0!,,,,,,,,,,,,,,,,,,,,,,,,,,,,,,,,,,,1499.985161,1273.802156,0.849209838,0.177374988,6,0.5,0: Broadleaf,2,TRUE,1784908911,400.0480645,404.8654194,11.86489032,10.30816129,413.1665161,13.1002129,521.7135161,102.3560968,0.099976719,31.83630968,32.02706774,999.9,0,0,9995.522258,0,11.25969677,-4.817313226,404.8516774,409.0823871,1.556740323,404.8654194,10.30816129,1.214445806,1.055103548,9.779796452,7.699753548,1499.985161,0.691977484,0.308022516,0,1190.420323,5.00019,17449.89677,11819.42258,45.179,45.98780645,45.75,45.75,47.25,1034.497742,460.4874194,0,1784908915,0,1190.37,-8.051965818,-114.6700856,17449.20385,15,1784906732,10:25:31,1784906732,1784906726,1,-13.118,-1.235,-13.118,-1.235,401,9,0.14,0.04,-4.66211625,1.492887467,0.852886385,0,1190.806765,-8.367456076,0.851544343,0,1.55449325,0.609222101,0.093624054,0,0,3,0/3,3.09447,2.75951,0.0946645,0.094068,0.0706935,0.0592566,32114.9,23120.8,33584.8,25803.9,39952.7,32882.8,49055.5,40310.6,1.92507,2.6994,0.197634,0,28.8,999.9,49.7,28.9,19.4148,60.8545,-100,3,0.202083,0,20.2389,5.20516,11.9545,4.96925,3.294,7704.5,9999,9999,129.7,4.97289,1.87515,1.88146,1.88095,1.87867,1.87439,1.87447,1.87683,0,0,0,0,11111111,oooooooo,on,on,on,on,0,100,100,-13.119,-1.2353,-13.1184,0,0,0,-1.235309,0,0,0,-1,-1,-1,-1,36.5,36.6,0.157471,4.99878,2.89795,2.89307,2.99805,2.26807,32.7535,15.7781,2,462.608,1287.99,30.2989,30.1434,30.0003,30.0384,29.9542,-1,40,10,-999.9,400,20,101.944,94.6137
18,1784909039,2040.1,20260724 11:03:58,11:03:58,15,1784909031,0.001483882,1.483882486,2.630711726,395.3687809,273.5833209,28.03040149,40.5081188,0.041434941,2.296232534,0.041024009,0.025676586,266.0658654,33.33147358,32.04767742,4.787984267,25.12756262,1.190138517,4.736386634,3.597845749,-65.43921765,-23.68947303,-2.338542294,174.5986325,3.605483108,1.383663015,2.630711726,404.2183902,400.8840303,0.059665627,60.91328767,1.483882486,9.932583487,11.62237939,-0.000854403,69.65,48,9,1.001805866,0.180586634,53256.0804,-,-,0,0,#DIV/0!,0,-,-,0,0,#DIV/0!,0.5,1273.836298,2.630711726,#DIV/0!,0.002065188,#DIV/0!,#DIV/0!,-,0,#DIV/0!,#DIV/0!,#DIV/0!,#DIV/0!,#DIV/0!,#DIV/0!,#DIV/0!,#DIV/0!,,,,,,,,,,,,,,,,,,,,,,,,,,,,,,,,,,,1500.026129,1273.836298,0.849209406,0.177374154,6,0.5,0: Broadleaf,2,TRUE,1784909031,395.3984194,400.1623548,11.61603226,10.04750806,408.5168387,12.85133871,522.1836452,102.3565161,0.100027629,31.85631613,32.04767742,999.9,0,0,9999.026129,0,12.31944516,-4.763989677,400.0453871,404.2239355,1.568532903,400.1623548,10.04750806,1.188977419,1.028427097,9.464207419,7.325006129,1500.026129,0.691993355,0.308006645,0,1174.942258,5.00019,17220.39032,11819.8,45.375,46.125,45.937,45.82012903,47.375,1034.547742,460.4783871,0,1784909035,0,1174.926538,-8.474188043,-109.654701,17219.61538,15,1784906732,10:25:31,1784906732,1784906726,1,-13.118,-1.235,-13.118,-1.235,401,9,0.14,0.04,-4.90189,3.232161051,0.435279715,0,1175.394706,-7.977692897,0.808117767,0,1.542166,0.613396098,0.080779349,0,0,3,0/3,3.09534,2.75951,0.0938638,0.0931107,0.0697044,0.0578164,32137.9,23142.1,33579.5,25800.8,39991.7,32929.7,49048.8,40306.2,1.92603,2.69998,0.193056,0,28.9026,999.9,48.5,29,19.0565,60.8546,-100,3,0.208023,0,20.2392,5.20321,11.9548,4.9695,3.294,7704.5,9999,9999,129.7,4.97295,1.87515,1.88148,1.88095,1.87866,1.87439,1.87451,1.87682,0,0,0,0,11111111,oooooooo,on,on,on,on,0,100,100,-13.118,-1.2353,-13.1184,0,0,0,-1.235309,0,0,0,-1,-1,-1,-1,38.5,38.6,0.157471,4.99878,2.89795,2.89307,2.99805,2.2583,32.8869,15.7606,2,463.722,1290.36,30.397,30.2158,30.0003,30.1073,30.0213,-1,40,10,-999.9,400,20,101.93,94.6028
19,1784909159,2160.1,20260724 11:05:58,11:05:58,15,1784909151,0.001375446,1.375445787,4.302736059,404.5543786,205.110007,21.01431561,41.4481649,0.038180806,2.296261524,0.037831595,0.023675856,266.0656736,33.47487142,32.11475806,4.806187,24.97655389,1.190271477,4.765555256,3.615915523,-60.65715919,-18.57459914,-1.835179668,184.9987356,5.183673806,1.395785682,4.302736059,419.4596584,412.3715939,0.445232018,60.91328767,1.375445787,10.08191683,11.63495212,0.001606696,69.65,48,9,1.001806479,0.180647901,53238.05123,-,-,0,0,#DIV/0!,0,-,-,0,0,#DIV/0!,0.5,1273.835466,4.302736059,#DIV/0!,0.00337778,#DIV/0!,#DIV/0!,-,0,#DIV/0!,#DIV/0!,#DIV/0!,#DIV/0!,#DIV/0!,#DIV/0!,#DIV/0!,#DIV/0!,,,,,,,,,,,,,,,,,,,,,,,,,,,,,,,,,,,1500.025161,1273.835466,0.849209399,0.17737414,6,0.5,0: Broadleaf,2,TRUE,1784909151,404.602871,411.1957097,11.61763226,10.03572161,417.7212258,12.85293871,522.2999355,102.353871,0.100006926,31.96471613,32.11475806,999.9,0,0,9999.471935,0,11.96038387,-6.59282029,409.3586452,415.3643871,1.58191129,411.1957097,10.03572161,1.18910871,1.027195161,9.46589129,7.307644194,1500.025161,0.691993968,0.308006032,0,1160.016452,5.00019,16997,11819.78387,45.45732258,46.187,46.022,46.054,47.5,1034.547419,460.4777419,0,1784909155,0,1159.975385,-8.600341873,-123.8871796,16996.08077,15,1784906732,10:25:31,1784906732,1784906726,1,-13.118,-1.235,-13.118,-1.235,401,9,0.14,0.04,-5.603361475,-23.36003805,3.441542058,0,1160.425,-7.821390372,0.79705432,0,1.60416175,-0.494208068,0.061768672,0,0,3,0/3,3.09533,2.75954,0.095914,0.0963079,0.0697968,0.0590895,32060.9,23057.9,33575.4,25798,39983,32880.6,49043.6,40302.6,1.92518,2.69898,0.193585,0,28.9689,999.9,48.3,29.2,19.1981,60.9446,-100,3,0.212983,0,20.2397,5.20366,11.955,4.96915,3.294,7704.5,9999,9999,129.7,4.97296,1.87516,1.88147,1.88096,1.87871,1.87439,1.87446,1.87678,0,0,0,0,11111111,oooooooo,on,on,on,on,0,100,100,-13.119,-1.2353,-13.1184,0,0,0,-1.235309,0,0,0,-1,-1,-1,-1,40.5,40.6,0.157471,4.99878,2.89795,2.89307,2.99805,2.29736,33.0206,15.7431,2,463.707,1290.26,30.4839,30.2831,30.0002,30.1706,30.0835,-1,40,10,-999.9,400,20,101.918,94.5938
20,1784909279,2280.1,20260724 11:07:58,11:07:58,15,1784909271,0.001412571,1.412570896,2.59742044,396.3564607,269.9733445,27.65928952,40.60748338,0.039156049,2.295836767,0.038788797,0.024275707,266.0655127,33.46537625,32.12457097,4.808854834,24.90553339,1.187041081,4.766174097,3.621813753,-62.2943765,-19.5018575,-1.927264479,182.3420142,3.236013435,1.368637153,2.59742044,404.4737698,401.4801455,-0.002963024,60.91328767,1.412570896,9.992585909,11.59632545,-0.000619932,69.65,48,9,1.001806971,0.180697075,53223.58936,-,-,0,0,#DIV/0!,0,-,-,0,0,#DIV/0!,0.5,1273.830985,2.59742044,#DIV/0!,0.002039062,#DIV/0!,#DIV/0!,-,0,#DIV/0!,#DIV/0!,#DIV/0!,#DIV/0!,#DIV/0!,#DIV/0!,#DIV/0!,#DIV/0!,,,,,,,,,,,,,,,,,,,,,,,,,,,,,,,,,,,1500.019355,1273.830985,0.849209699,0.17737472,6,0.5,0: Broadleaf,2,TRUE,1784909271,396.3857419,400.7102581,11.58632258,10.03850129,409.5040968,12.82162581,523.4368065,102.3519355,0.099992026,31.96700968,32.12457097,999.9,0,0,9996.915484,0,12.43771613,-4.324615806,401.032129,404.7737097,1.547833548,400.7102581,10.03850129,1.185881935,1.02745871,9.425465484,7.31156871,1500.019355,0.691983516,0.308016484,0,1145.340968,5.00019,16772.22258,11819.69355,45.504,46.23577419,46.08841935,45.96545161,47.562,1034.528387,460.4909677,0,1784909275,0,1145.285385,-6.617435894,-116.0307693,16771.48846,15,1784906732,10:25:31,1784906732,1784906726,1,-13.118,-1.235,-13.118,-1.235,401,9,0.14,0.04,-4.36350125,3.050360713,0.712505894,0,1145.732647,-7.444919782,0.763792044,0,1.544638,0.159745666,0.041852642,0,0,3,0/3,3.09621,2.75955,0.0939283,0.0930703,0.0695813,0.0581712,32127.5,23138.3,33571.7,25795.9,39988.2,32910.1,49039,40300,1.9263,2.69425,0.196029,0,28.9173,999.9,47.7,29.3,19.0701,60.9446,-100,3,0.216707,0,20.239,5.20217,11.9545,4.96925,3.294,7704.5,9999,9999,129.8,4.97296,1.87516,1.8815,1.88095,1.87869,1.87439,1.87452,1.8768,0,0,0,0,11111111,oooooooo,on,on,on,on,0,100,100,-13.118,-1.2353,-13.1184,0,0,0,-1.235309,0,0,0,-1,-1,-1,-1,42.5,42.6,0.157471,4.99878,2.89795,2.89307,2.99805,2.28882,33.1322,15.7169,2,464.812,1284.37,30.5506,30.3356,30.0002,30.2248,30.1355,-1,40,10,-999.9,400,20,101.908,94.587
21,1784909399,2400.1,20260724 11:09:58,11:09:58,15,1784909391,0.001310587,1.310586529,2.622581828,410.4524108,275.0505754,28.17853718,42.05026114,0.036573431,2.294122691,0.036252575,0.022686453,266.0603064,33.42515114,32.03463548,4.784452236,25.0466676,1.188748723,4.746135262,3.595703513,-57.79686594,-17.5658572,-1.735833447,188.9617498,2.976557309,1.29372822,2.622581828,419.1989849,415.7010121,0.095679802,60.91328767,1.310586529,10.20947472,11.66022,0.007236571,69.65,48,9,1.001808457,0.180845695,53179.92894,-,-,0,0,#DIV/0!,0,-,-,0,0,#DIV/0!,0.5,1273.819005,2.622581828,#DIV/0!,0.002058834,#DIV/0!,#DIV/0!,-,0,#DIV/0!,#DIV/0!,#DIV/0!,#DIV/0!,#DIV/0!,#DIV/0!,#DIV/0!,#DIV/0!,,,,,,,,,,,,,,,,,,,,,,,,,,,,,,,,,,,1500.007097,1273.819005,0.849208652,0.177372698,6,0.5,0: Broadleaf,2,TRUE,1784909391,410.482,414.5099355,11.60337097,10.1354,423.6005806,12.83867742,521.692,102.3486129,0.099953665,31.89260968,32.03463548,999.9,0,0,9986.165161,0,13.0056129,-4.02783871,415.301,418.7541935,1.467972581,414.5099355,10.1354,1.187589032,1.037343226,9.446825484,7.451552903,1500.007097,0.692017097,0.307982903,0,1131.687742,5.00019,16554.22903,11819.72258,45.31606452,46.145,46.004,45.69512903,47.415,1034.572258,460.4348387,0,1784909395,0,1131.656154,-5.652649573,-88.76581206,16553.65385,15,1784906732,10:25:31,1784906732,1784906726,1,-13.118,-1.235,-13.118,-1.235,401,9,0.14,0.04,-5.2661635,16.79945561,2.116262185,0,1131.993824,-5.744996183,0.602309353,0,1.4860535,-0.309766379,0.032710128,0,0,3,0/3,3.09428,2.75962,0.0963517,0.0952642,0.0698919,0.0594001,32039.7,23081.4,33569.8,25794.9,39972.5,32865.4,49036.6,40299,1.92285,2.69875,0.201516,0,28.7605,999.9,47.7,29.5,19.2924,61.1246,-100,3,0.2178,0,20.2398,5.20381,11.9556,4.96915,3.294,7704.5,9999,9999,129.8,4.97294,1.87519,1.88147,1.88096,1.87872,1.87439,1.87451,1.87683,0,0,0,0,11111111,oooooooo,on,on,on,on,0,100,100,-13.119,-1.2353,-13.1184,0,0,0,-1.235309,0,0,0,-1,-1,-1,-1,44.5,44.6,0.157471,4.99878,2.89795,2.89185,2.99805,2.29126,33.2216,15.6818,2,462.937,1291.81,30.4776,30.3461,30,30.251,30.1667,-1,40,10,-999.9,400,20,101.902,94.5841
22,1784909519,2520.1,20260724 11:11:58,11:11:58,15,1784909511,0.001379165,1.379164731,3.057519111,400.8210451,250.7099334,25.68441978,41.06281646,0.037669673,2.296640665,0.037329761,0.023361384,266.0584439,33.65346461,32.33680323,4.866870714,24.79815665,1.193888075,4.81442267,3.672982639,-60.82116465,-23.74400899,-2.350176651,179.1430936,2.876463571,1.402493418,3.057519111,410.0306565,405.8262303,0.138737572,60.91328767,1.379164731,10.09028305,11.65743152,3.38987E-05,69.65,47,9,1.001769413,0.176941349,53218.94811,-,-,0,0,#DIV/0!,0,-,-,0,0,#DIV/0!,0.5,1273.809734,3.057519111,#DIV/0!,0.002400295,#DIV/0!,#DIV/0!,-,0,#DIV/0!,#DIV/0!,#DIV/0!,#DIV/0!,#DIV/0!,#DIV/0!,#DIV/0!,#DIV/0!,,,,,,,,,,,,,,,,,,,,,,,,,,,,,,,,,,,1499.996129,1273.809734,0.849208681,0.177372754,6,0.5,0: Broadleaf,2,TRUE,1784909511,400.8555161,404.8035806,11.65374194,10.06274194,413.9739677,12.88905161,521.8121613,102.3467419,0.100015684,32.14503548,32.33680323,999.9,0,0,10002.61968,0,11.55235806,-3.948019677,405.5820968,408.9184516,1.591003226,404.8035806,10.06274194,1.192723226,1.029889355,9.511033548,7.346192258,1499.996129,0.692017129,0.307982871,0,1118.343548,5.00019,16340.47742,11819.63871,45.175,46.07012903,45.875,45.675,47.282,1034.563226,460.4329032,0,1784909515,0,1118.285,-8.116581185,-124.2085471,16339.70385,15,1784906732,10:25:31,1784906732,1784906726,1,-13.118,-1.235,-13.118,-1.235,401,9,0.14,0.04,-3.42673025,-8.833765441,1.039320418,0,1118.746765,-7.637127575,0.775749052,0,1.593567,-0.074139287,0.019564773,1,1,3,3-Jan,3.09451,2.75942,0.0946938,0.0942497,0.0698679,0.0589911,32101.6,23110.2,33573,25798.1,39977.1,32884.1,49041.3,40304,1.92388,2.6985,0.207379,0,29.0132,999.9,47.2,29.6,19.2012,60.9146,-100,3,0.214952,0,20.2395,5.20291,11.9553,4.9688,3.294,7704.5,9999,9999,129.8,4.97298,1.87516,1.88152,1.88097,1.87873,1.87439,1.87452,1.87683,0,0,0,0,11111111,oooooooo,on,on,on,on,0,100,100,-13.119,-1.2353,-13.1184,0,0,0,-1.235309,0,0,0,-1,-1,-1,-1,46.5,46.6,0.157471,4.99878,2.89795,2.89307,2.99805,2.29614,33.3335,15.6643,2,463.534,1291.45,30.5152,30.3368,29.9998,30.2484,30.1693,-1,40,10,-999.9,400,20,101.912,94.5958
23,1784909639,2640.1,20260724 11:13:58,11:13:58,15,1784909631,0.00133717,1.337169712,2.513440731,404.6971556,272.2824357,27.89409378,41.45937794,0.036107587,2.295966494,0.035795064,0.022399768,266.0603804,33.79361391,32.49374839,4.910164216,24.6913623,1.197261014,4.848906268,3.712903202,-58.96918431,-27.53189871,-2.729697188,176.8296002,3.711885583,1.282491086,2.513440731,413.8817389,410.7033273,0.053923116,60.91328767,1.337169712,10.33154066,11.77621515,0.014298459,69.65,47,9,1.001770889,0.177088936,53174.67362,-,-,0,0,#DIV/0!,0,-,-,0,0,#DIV/0!,0.5,1273.80805,2.513440731,#DIV/0!,0.001973171,#DIV/0!,#DIV/0!,-,0,#DIV/0!,#DIV/0!,#DIV/0!,#DIV/0!,#DIV/0!,#DIV/0!,#DIV/0!,#DIV/0!,,,,,,,,,,,,,,,,,,,,,,,,,,,,,,,,,,,1499.992581,1273.80805,0.849209567,0.177374464,6,0.5,0: Broadleaf,2,TRUE,1784909631,404.7255161,409.5901935,11.68681613,10.22980645,417.8440645,12.92212581,521.0270323,102.3454839,0.099955568,32.27132258,32.49374839,999.9,0,0,9998.384194,0,13.14747742,-4.864636452,409.5115484,413.8235484,1.45701129,409.5901935,10.22980645,1.196091935,1.046974516,9.552901935,7.58646871,1499.992581,0.691987548,0.308012452,0,1103.58,5.00019,16117.15161,11819.50645,45.19716129,46.19919355,45.875,45.69106452,47.312,1034.516452,460.476129,0,1784909635,0,1103.54,-6.728205139,-103.8222223,16116.54615,15,1784906732,10:25:31,1784906732,1784906726,1,-13.118,-1.235,-13.118,-1.235,401,9,0.14,0.04,-4.702992683,-0.807655819,0.936774987,0,1103.883529,-7.009931252,0.707887837,0,1.486436341,-0.625489547,0.064424514,0,0,3,0/3,3.09354,2.75947,0.0955065,0.0947514,0.0704149,0.0600276,32074.9,23098.1,33575,25798.8,39954.9,32848.5,49044.2,40305.5,1.9222,2.6953,0.193723,0,29.3411,999.9,47.2,29.8,19.4239,60.5246,-100,3,0.213034,0,20.2398,5.20336,11.9556,4.969,3.294,7704.5,9999,9999,129.9,4.97298,1.8752,1.88155,1.88099,1.87869,1.87439,1.87453,1.87683,0,0,0,0,11111111,oooooooo,on,on,on,on,0,100,100,-13.118,-1.2354,-13.1184,0,0,0,-1.235309,0,0,0,-1,-1,-1,-1,48.5,48.6,0.157471,4.99878,2.89795,2.89307,2.99805,2.26685,33.4456,15.6468,2,462.448,1286.59,30.6665,30.3172,30.0002,30.2386,30.1641,-1,40,10,-999.9,400,20,101.918,94.5991
24,1784909759,2760.5,20260724 11:15:59,11:15:59,15,1784909751,0.001321281,1.321280747,2.798752761,394.1205945,252.7781024,25.89395037,40.37271828,0.036797973,2.296256166,0.036473484,0.022824843,266.063472,33.41383265,32.03718065,4.785141341,24.92117687,1.182351503,4.744364639,3.602789838,-58.26848096,-18.71272784,-1.847410806,187.2348524,1.619665048,1.415003208,2.798752761,400.8687215,397.7928242,-0.036153371,60.91328767,1.321280747,10.0080221,11.51045091,-0.000504623,69.65,47,9,1.001768338,0.176833765,53251.269,-,-,0,0,#DIV/0!,0,-,-,0,0,#DIV/0!,0.5,1273.827485,2.798752761,#DIV/0!,0.002197121,#DIV/0!,#DIV/0!,-,0,#DIV/0!,#DIV/0!,#DIV/0!,#DIV/0!,#DIV/0!,#DIV/0!,#DIV/0!,#DIV/0!,,,,,,,,,,,,,,,,,,,,,,,,,,,,,,,,,,,1500.016129,1273.827485,0.849209192,0.177373741,6,0.5,0: Broadleaf,2,TRUE,1784909751,394.152129,396.6490645,11.54217742,9.939003226,407.2705161,12.7774871,522.5283226,102.3375806,0.099893677,31.88602258,32.03718065,999.9,0,0,10001.02903,0,16.76576774,-2.496994839,398.7546774,400.6310968,1.603177742,396.6490645,9.939003226,1.181197419,1.017133871,9.366579677,7.16393871,1500.016129,0.692000194,0.307999806,0,1091.292903,5.00019,15925.27742,11819.75484,45.24593548,46.24593548,45.95935484,45.526,47.31809677,1034.55129,460.4645161,0,1784909756,0,1091.2428,-6.446923067,-94.67692284,15923.864,15,1784906732,10:25:31,1784906732,1784906726,1,-13.118,-1.235,-13.118,-1.235,401,9,0.14,0.04,-2.499746341,-4.506092404,0.819223493,0,1091.523824,-5.447058818,0.58750727,0,1.634607805,-0.927865505,0.095469857,0,0,3,0/3,3.09388,2.75941,0.0932861,0.0926236,0.0692064,0.0587529,32150.4,23150.2,33571.7,25796.5,40006,32891.2,49039.9,40302.4,1.9229,2.69785,0.183929,0,29.0048,999.9,46.4,29.9,19.2059,60.9646,-100,3,0.215582,0,20.2398,5.20396,11.9557,4.969,3.294,7704.5,9999,9999,129.9,4.97296,1.87517,1.88152,1.88097,1.87869,1.87439,1.87451,1.87683,0,0,0,0,11111111,oooooooo,on,on,on,on,0,100,100,-13.118,-1.2353,-13.1184,0,0,0,-1.235309,0,0,0,-1,-1,-1,-1,50.5,50.6,0.157471,4.99878,2.89795,2.89185,2.99805,2.31445,33.558,15.6205,2,462.967,1290.55,30.6059,30.3246,30.0002,30.251,30.1719,-1,40,10,-999.9,400,20,101.909,94.5912
25,1784909879,2880.5,20260724 11:17:59,11:17:59,15,1784909871,0.001310701,1.310700794,2.656400786,393.9628337,259.098153,26.5392881,40.35340671,0.036871857,2.294846151,0.036545871,0.022870217,266.0575289,33.25143068,31.86392903,4.738430052,24.91244142,1.170810215,4.699700826,3.567619836,-57.801905,-17.91182551,-1.766469865,188.5773285,2.603447812,1.357411383,2.656400786,402.0990755,398.6995636,0.063962649,60.91328767,1.310700794,9.993027397,11.45207636,0.006760225,69.65,47,9,1.001768923,0.176892275,53233.68621,-,-,0,0,#DIV/0!,0,-,-,0,0,#DIV/0!,0.5,1273.800221,2.656400786,#DIV/0!,0.002085414,#DIV/0!,#DIV/0!,-,0,#DIV/0!,#DIV/0!,#DIV/0!,#DIV/0!,#DIV/0!,#DIV/0!,#DIV/0!,#DIV/0!,,,,,,,,,,,,,,,,,,,,,,,,,,,,,,,,,,,1499.984194,1273.800221,0.849209096,0.177373555,6,0.5,0: Broadleaf,2,TRUE,1784909871,393.9927742,397.6099677,11.43040323,9.884216129,407.1112581,12.6657129,519.7942903,102.3294516,0.100024597,31.71915161,31.86392903,999.9,0,0,9992.709355,0,14.54689677,-3.617148065,398.5484194,401.5793871,1.546192903,397.6099677,9.884216129,1.169669032,1.011445806,9.220970323,7.081805484,1499.984194,0.692003065,0.307996935,0,1078.854839,5.00019,15731.75161,11819.49355,45.20325806,46.022,45.875,45.4613871,47.22358065,1034.534194,460.45,0,1784909876,0,1078.7524,-7.410769199,-102.4230768,15730.28,15,1784906732,10:25:31,1784906732,1784906726,1,-13.118,-1.235,-13.118,-1.235,401,9,0.14,0.04,-3.5329855,-3.718261689,0.515515342,0,1079.196765,-6.764094723,0.697523858,0,1.5701255,-0.767630319,0.085532248,0,0,3,0/3,3.0928,2.75954,0.0934417,0.0928227,0.0689543,0.0587111,32144.3,23145.2,33571.1,25796.4,40017.5,32893,49039.6,40302.3,1.92092,2.69673,0.198435,0,28.647,999.9,45.9,30,19.1099,60.8446,-100,3,0.214888,0,20.2399,5.20366,11.9556,4.96895,3.294,7704.5,9999,9999,129.9,4.97299,1.87525,1.88155,1.881,1.87871,1.87439,1.87453,1.87683,0,0,0,0,11111111,oooooooo,on,on,on,on,0,100,100,-13.119,-1.2353,-13.1184,0,0,0,-1.235309,0,0,0,-1,-1,-1,-1,52.5,52.6,0.157471,4.99878,2.89795,2.89185,2.99805,2.26807,33.6705,15.6118,2,461.717,1288.75,30.4055,30.3067,30.0001,30.2431,30.1667,-1,40,10,-999.9,400,20,101.908,94.591
26,1784909999,3000.5,20260724 11:19:59,11:19:59,15,1784909991,0.001376028,1.376027778,2.734346494,397.3436583,262.5898385,26.89520864,40.69708353,0.038156486,2.295719172,0.037807637,0.02366085,266.0610732,33.45884674,32.13464516,4.811595046,25.05955885,1.193135743,4.761200108,3.618459303,-60.68282499,-23.03020898,-2.275975612,180.0720636,2.705911826,1.395298749,2.734346494,405.9094198,402.3052788,0.087848553,60.91328767,1.376027778,10.06625337,11.63691818,-0.000104784,69.65,47,9,1.001769302,0.176930154,53222.30959,-,-,0,0,#DIV/0!,0,-,-,0,0,#DIV/0!,0.5,1273.821356,2.734346494,#DIV/0!,0.00214657,#DIV/0!,#DIV/0!,-,0,#DIV/0!,#DIV/0!,#DIV/0!,#DIV/0!,#DIV/0!,#DIV/0!,#DIV/0!,#DIV/0!,,,,,,,,,,,,,,,,,,,,,,,,,,,,,,,,,,,1500.009677,1273.821356,0.849208759,0.177372904,6,0.5,0: Broadleaf,2,TRUE,1784909991,397.3744839,401.1329677,11.6491129,10.05989032,410.4928065,12.88441613,519.7184194,102.322871,0.100013313,31.94856774,32.13464516,999.9,0,0,9998.994839,0,17.53831935,-3.758541935,402.0580323,405.2094194,1.589226129,401.1329677,10.05989032,1.191970968,1.029357419,9.50165129,7.338666452,1500.009677,0.692014968,0.307985032,0,1064.943226,5.00019,15525.85161,11819.74194,45.284,46.062,45.933,45.645,47.312,1034.56871,460.4409677,0,1784909996,0,1064.8696,-6.71230767,-103.0692306,15524.64,15,1784906732,10:25:31,1784906732,1784906726,1,-13.118,-1.235,-13.118,-1.235,401,9,0.14,0.04,-3.909030732,-1.874688293,0.740829761,0,1065.251176,-6.927731088,0.7031223,0,1.573387073,0.131886899,0.03460345,0,0,3,0/3,3.09265,2.75945,0.0940569,0.0935426,0.0697521,0.0587924,32121.4,23126.5,33570,25796.1,39979.6,32889.6,49038,40302,1.92048,2.6943,0.203047,0,28.8342,999.9,45.7,30.2,19.247,60.6046,-100,3,0.215826,0,20.24,5.20381,11.9554,4.9691,3.294,7704.5,9999,9999,130,4.97301,1.8753,1.88156,1.88101,1.87873,1.8744,1.87453,1.87683,0,0,0,0,11111111,oooooooo,on,on,on,on,0,100,100,-13.118,-1.2353,-13.1184,0,0,0,-1.235309,0,0,0,-1,-1,-1,-1,54.5,54.6,0.157471,4.99878,2.89795,2.89185,2.99805,2.26807,33.8057,15.5768,2,461.509,1285.3,30.4333,30.325,30.0001,30.251,30.1745,-1,40,10,-999.9,400,20,101.904,94.5901
27,1784910119,3120.5,20260724 11:21:59,11:21:59,15,1784910111,0.001372919,1.372919138,2.416457073,396.0272942,273.9409471,28.0581021,40.56266276,0.03799251,2.29710844,0.037646845,0.023560072,266.0595486,33.49867807,32.16524194,4.819925799,25.02889037,1.194358242,4.771918466,3.625567557,-60.54573397,-21.91438986,-2.165142704,181.4342821,2.335434634,1.364585897,2.416457073,403.4649278,400.6063515,0.008999274,60.91328767,1.372919138,10.10123797,11.6647,0.000342514,69.65,47,9,1.001768006,0.176800554,53261.25408,-,-,0,0,#DIV/0!,0,-,-,0,0,#DIV/0!,0.5,1273.813238,2.416457073,#DIV/0!,0.001897026,#DIV/0!,#DIV/0!,-,0,#DIV/0!,#DIV/0!,#DIV/0!,#DIV/0!,#DIV/0!,#DIV/0!,#DIV/0!,#DIV/0!,,,,,,,,,,,,,,,,,,,,,,,,,,,,,,,,,,,1500,1273.813238,0.849208825,0.177373032,6,0.5,0: Broadleaf,2,TRUE,1784910111,396.0545161,399.3673548,11.66093226,10.10789355,409.1728387,12.89624194,520.1152581,102.3239032,0.100003806,31.9882871,32.16524194,999.9,0,0,10007.87774,0,15.62461935,-3.31276871,400.7274194,403.4453226,1.553046129,399.3673548,10.10789355,1.193192903,1.034279355,9.516886129,7.408330645,1500,0.692012516,0.307987484,0,1051.886129,5.00019,15333.1871,11819.65484,45.437,46.25,46.056,45.81606452,47.45732258,1034.556452,460.4403226,0,1784910116,0,1051.8284,-7.113076925,-94.22307677,15332.016,15,1784906732,10:25:31,1784906732,1784906726,1,-13.118,-1.235,-13.118,-1.235,401,9,0.14,0.04,-3.717118293,4.961104599,1.123687177,0,1052.181471,-6.630252101,0.690068762,0,1.534681707,0.372882439,0.054151983,0,0,3,0/3,3.09315,2.75936,0.0937333,0.0928311,0.0698669,0.0588112,32129.8,23142,33567,25793.3,39970.8,32885.5,49034.1,40298.6,1.92115,2.69797,0.197113,0,28.9721,999.9,45.5,30.4,19.384,60.7846,-100,3,0.219238,0,20.24,5.20381,11.9554,4.96945,3.294,7704.5,9999,9999,130,4.97296,1.87528,1.88156,1.88104,1.87872,1.87439,1.87448,1.87683,0,0,0,0,11111111,oooooooo,on,on,on,on,0,100,100,-13.119,-1.2353,-13.1184,0,0,0,-1.235309,0,0,0,-1,-1,-1,-1,56.5,56.6,0.157471,4.99878,2.89795,2.89185,2.99805,2.2876,33.9865,15.5505,2,462.16,1291.43,30.5192,30.3657,30.0002,30.2824,30.2031,-1,40,10,-999.9,400,20,101.896,94.5814
28,1784910239,3240.5,20260724 11:23:59,11:23:59,15,1784910231,0.001342535,1.342534829,2.488440029,397.9816718,271.7376386,27.83287267,40.76348515,0.037525292,2.294833217,0.037187705,0.023272393,266.0614618,33.4851353,32.14170645,4.813516549,25.70267609,1.224789334,4.765221059,3.588727216,-59.20578594,-22.05032627,-2.18021486,182.6251347,1.490610489,1.360507979,2.488440029,404.0762443,401.7606424,-0.123303975,60.91328767,1.342534829,10.40389705,11.93511576,-0.000513688,69.65,47,9,1.001770361,0.177036054,53190.52929,-,-,0,0,#DIV/0!,0,-,-,0,0,#DIV/0!,0.5,1273.823756,2.488440029,#DIV/0!,0.00195352,#DIV/0!,#DIV/0!,-,0,#DIV/0!,#DIV/0!,#DIV/0!,#DIV/0!,#DIV/0!,#DIV/0!,#DIV/0!,#DIV/0!,,,,,,,,,,,,,,,,,,,,,,,,,,,,,,,,,,,1500.012581,1273.823756,0.849208715,0.17737282,6,0.5,0: Broadleaf,2,TRUE,1784910231,398.0097419,400.3481613,11.95785161,10.41174839,411.1281613,13.19315806,520.7290968,102.3256129,0.099920816,31.96347742,32.14170645,999.9,0,0,9993.000645,0,14.62196129,-2.338399355,402.8267097,404.5603226,1.546104194,400.3481613,10.41174839,1.223595161,1.065389355,9.891750968,7.842672581,1500.012581,0.692016194,0.307983806,0,1039.43129,5.00019,15144.55806,11819.74839,45.5,46.34451613,46.141,45.875,47.562,1034.572903,460.4396774,0,1784910236,0,1039.3376,-5.781538442,-85.21538449,15143.468,15,1784906732,10:25:31,1784906732,1784906726,1,-13.118,-1.235,-13.118,-1.235,401,9,0.14,0.04,-2.550652,2.106993096,0.496622314,0,1039.681176,-4.836669208,0.503030608,0,1.543588,-0.028970657,0.014691219,1,1,3,3-Jan,3.09274,2.75937,0.0939059,0.0928999,0.0710585,0.0600589,32119.6,23137.3,33563,25790.3,39912.1,32836.7,49029.3,40294.5,1.92,2.69265,0.195466,0,28.9721,999.9,46,30.5,19.7096,60.6646,-100,3,0.223366,0,20.2402,5.20396,11.9539,4.9691,3.294,7704.5,9999,9999,130,4.97298,1.87528,1.88156,1.88103,1.87872,1.87439,1.87451,1.87683,0,0,0,0,11111111,oooooooo,on,on,on,on,0,100,100,-13.119,-1.2353,-13.1184,0,0,0,-1.235309,0,0,0,-1,-1,-1,-1,58.5,58.6,0.157471,4.99878,2.89795,2.89185,2.99805,2.24487,34.1678,15.5242,2,461.783,1284.33,30.5567,30.4104,30.0003,30.3229,30.2412,-1,40,10,-999.9,400,20,101.885,94.5711
29,1784910359,3360.5,20260724 11:25:59,11:25:59,15,1784910351,0.001331337,1.33133685,2.848245218,401.3558995,258.7243536,26.50060555,41.11006261,0.037163555,2.296323192,0.036832627,0.023049878,266.060264,33.50160761,32.11883548,4.807295371,25.45211017,1.213795015,4.768936669,3.593500356,-58.71195509,-17.52879357,-1.731948459,188.0875669,3.489500509,1.329672585,2.848245218,409.8128726,406.3888,0.021692372,60.91328767,1.33133685,10.28525775,11.83241212,-0.005331671,69.65,47,9,1.001768801,0.176880085,53237.34857,-,-,0,0,#DIV/0!,0,-,-,0,0,#DIV/0!,0.5,1273.813853,2.848245218,#DIV/0!,0.002235998,#DIV/0!,#DIV/0!,-,0,#DIV/0!,#DIV/0!,#DIV/0!,#DIV/0!,#DIV/0!,#DIV/0!,#DIV/0!,#DIV/0!,,,,,,,,,,,,,,,,,,,,,,,,,,,,,,,,,,,1500.000323,1273.813853,0.849209052,0.177373471,6,0.5,0: Broadleaf,2,TRUE,1784910351,401.388,406.0241613,11.85023226,10.33652581,414.5063871,13.08553871,519.8767097,102.3279677,0.099983761,31.97724516,32.11883548,999.9,0,0,10002.40194,0,17.72440645,-4.636153387,406.2015484,410.2649355,1.513715484,406.0241613,10.33652581,1.212610645,1.057713548,9.757260645,7.736374516,1500.000323,0.692004548,0.307995452,0,1026.89871,5.00019,14960.03226,11819.63871,45.61890323,46.31809677,46.187,46.07419355,47.625,1034.547097,460.4525806,0,1784910356,0,1026.8084,-6.469999989,-81.44615372,14958.924,15,1784906732,10:25:31,1784906732,1784906726,1,-13.118,-1.235,-13.118,-1.235,401,9,0.14,0.04,-5.592501585,24.67170303,3.236943572,0,1027.150294,-6.382734906,0.67666781,0,1.497400244,0.536734495,0.064928201,0,0,3,0/3,3.09266,2.75933,0.0947107,0.0937662,0.0705913,0.0595464,32087.9,23113.8,33559.9,25788.9,39929.9,32853.1,49025.3,40292.8,1.91925,2.6949,0.192318,0,28.9845,999.9,45.4,30.7,19.6783,60.6946,-100,3,0.227022,0,20.24,5.20381,11.956,4.96895,3.294,7704.5,9999,9999,130.1,4.97298,1.87531,1.88156,1.88108,1.8788,1.87439,1.87454,1.87682,0,0,0,0,11111111,oooooooo,on,on,on,on,0,100,100,-13.118,-1.2353,-13.1184,0,0,0,-1.235309,0,0,0,-1,-1,-1,-1,60.5,60.6,0.157471,4.99878,2.89795,2.89062,2.99805,2.29126,34.3269,15.5067,2,461.67,1288.6,30.587,30.4606,30.0001,30.3663,30.2815,-1,40,10,-999.9,400,20,101.876,94.5668
30,1784910479,3480.5,20260724 11:27:59,11:27:59,15,1784910471,0.001322987,1.322987266,3.143613945,395.3824584,237.1395157,24.28891844,40.49688748,0.036286445,2.295163736,0.035970723,0.022509839,266.0602149,33.69547145,32.33016452,4.865046766,25.09253956,1.209627508,4.82066594,3.655419258,-58.34373843,-20.07091818,-1.988052353,185.6575059,1.497602852,1.411499487,3.143613945,402.9703607,399.0984485,0.044725025,60.91328767,1.322987266,10.21685187,11.76589333,-0.00778781,69.65,47,9,1.001771187,0.177118662,53165.76504,-,-,0,0,#DIV/0!,0,-,-,0,0,#DIV/0!,0.5,1273.814071,3.143613945,#DIV/0!,0.002467875,#DIV/0!,#DIV/0!,-,0,#DIV/0!,#DIV/0!,#DIV/0!,#DIV/0!,#DIV/0!,#DIV/0!,#DIV/0!,#DIV/0!,,,,,,,,,,,,,,,,,,,,,,,,,,,,,,,,,,,1500.000645,1273.814071,0.849209016,0.1773734,6,0.5,0: Broadleaf,2,TRUE,1784910471,395.4179355,397.7844839,11.80993226,10.20501935,408.5362903,13.04523871,520.527,102.3245484,0.100044871,32.16795806,32.33016452,999.9,0,0,9995.240645,0,16.93645484,-2.36658,400.1437097,401.8859355,1.604910968,397.7844839,10.20501935,1.208445484,1.044224516,9.70596,7.54831871,1500.000645,0.692006226,0.307993774,0,1014.863548,5.00019,14776.63226,11819.64516,45.562,46.274,46.125,46.129,47.625,1034.54871,460.4506452,0,1784910476,0,1014.79,-6.878461511,-93.28461524,14775.4,15,1784906732,10:25:31,1784906732,1784906726,1,-13.118,-1.235,-13.118,-1.235,401,9,0.14,0.04,-2.108842195,-12.32641125,1.742548379,0,1015.139412,-6.872727272,0.705269832,0,1.590966341,0.068825226,0.054245046,1,1,3,3-Jan,3.09406,2.7595,0.0934685,0.0930366,0.0703057,0.0597077,32128,23130,33556,25786.5,39937.9,32843.6,49020.2,40289.4,1.92127,2.69212,0.203349,0,29.0328,999.9,44.9,30.8,19.5719,60.8146,-100,3,0.230663,0,20.2396,5.20516,11.956,4.96935,3.294,7704.5,9999,9999,130.1,4.97297,1.87531,1.88156,1.88109,1.87876,1.87442,1.87453,1.87683,0,0,0,0,11111111,oooooooo,on,on,on,on,0,100,100,-13.119,-1.2353,-13.1184,0,0,0,-1.235309,0,0,0,-1,-1,-1,-1,62.5,62.6,0.157471,4.99878,2.89795,2.89062,2.99805,2.28027,34.4864,15.4892,2,463.245,1285.45,30.6584,30.5135,30.0001,30.4118,30.3275,-1,40,10,-999.9,400,20,101.865,94.5585
31,1784910599,3600.5,20260724 11:29:59,11:29:59,15,1784910591,0.001215269,1.215269316,3.355489304,398.5947725,219.006257,22.43145787,40.8256,0.03346868,2.296128965,0.033200005,0.020773963,266.0595617,33.68820831,32.29040645,4.854135909,25.28549692,1.216062179,4.809326794,3.638073731,-53.59337683,-20.31375927,-2.010455775,190.1419698,3.091115467,1.173323025,3.355489304,408.996965,404.0922303,0.210208496,60.91328767,1.215269316,10.67483309,11.98484485,0.013919065,69.65,47,9,1.001769883,0.176988333,53204.84556,-,-,0,0,#DIV/0!,0,-,-,0,0,#DIV/0!,0.5,1273.81471,3.355489304,#DIV/0!,0.002634205,#DIV/0!,#DIV/0!,-,0,#DIV/0!,#DIV/0!,#DIV/0!,#DIV/0!,#DIV/0!,#DIV/0!,#DIV/0!,#DIV/0!,,,,,,,,,,,,,,,,,,,,,,,,,,,,,,,,,,,1500.001935,1273.81471,0.849208711,0.177372812,6,0.5,0: Broadleaf,2,TRUE,1784910591,398.6326129,402.731871,11.87284516,10.53773548,411.7511935,13.10814839,520.1008065,102.3238387,0.099983219,32.12630645,32.29040645,999.9,0,0,10001.54968,0,42.33332581,-4.099232581,403.4224194,407.0210645,1.335107742,402.731871,10.53773548,1.214874839,1.078262258,9.78490871,8.018486774,1500.001935,0.69201629,0.30798371,0,1003.07871,5.00019,14596.35484,11819.68387,45.562,46.32012903,46.187,45.99593548,47.60467742,1034.564839,460.4358065,0,1784910596,0,1002.9752,-6.278461513,-85.72307679,14595.34,15,1784906732,10:25:31,1784906732,1784906726,1,-13.118,-1.235,-13.118,-1.235,401,9,0.14,0.04,-4.195829024,-3.14789331,1.188360236,0,1003.307059,-6.060198619,0.636823595,0,1.363700976,-0.634702997,0.065086556,0,0,3,0/3,3.09259,2.75938,0.0943113,0.0936853,0.0712986,0.0615141,32094.8,23110.4,33552.7,25783.2,39889.6,32775,49016.6,40285.2,1.91788,2.6921,0.200156,0,29.0378,999.9,45.3,31,19.9734,60.6046,-100,3,0.234136,0,20.2398,5.20217,11.9559,4.96875,3.294,7704.5,9999,9999,130.1,4.97298,1.8753,1.88155,1.88105,1.8788,1.87439,1.87453,1.87683,0,0,0,0,11111111,oooooooo,on,on,on,on,0,100,100,-13.119,-1.2353,-13.1184,0,0,0,-1.235309,0,0,0,-1,-1,-1,-1,64.5,64.6,0.157471,4.99878,2.89795,2.89062,2.99805,2.2522,34.6235,15.4629,2,461.578,1286.5,30.6762,30.5533,30.0004,30.4607,30.3758,-1,40,10,-999.9,400,20,101.857,94.5477
32,1784910719,3720.5,20260724 11:31:59,11:31:59,15,1784910711,0.001345454,1.345453888,2.606234793,393.6860395,261.5885506,26.79277242,40.32263811,0.03719108,2.295011883,0.036859476,0.023066719,266.0600315,33.65533291,32.30603871,4.858423346,25.58101269,1.230877415,4.811683689,3.627545931,-59.33451645,-21.16598601,-2.0960707,183.4634584,2.564539199,1.313276953,2.606234793,401.7826939,398.5376545,0.044717515,60.91328767,1.345453888,10.47959867,12.01172242,-0.000154906,69.65,47,9,1.001771163,0.177116278,53166.47924,-,-,0,0,#DIV/0!,0,-,-,0,0,#DIV/0!,0.5,1273.817885,2.606234793,#DIV/0!,0.002046003,#DIV/0!,#DIV/0!,-,0,#DIV/0!,#DIV/0!,#DIV/0!,#DIV/0!,#DIV/0!,#DIV/0!,#DIV/0!,#DIV/0!,,,,,,,,,,,,,,,,,,,,,,,,,,,,,,,,,,,1500.005806,1273.817885,0.849208636,0.177372668,6,0.5,0: Broadleaf,2,TRUE,1784910711,393.7154516,397.2600968,12.01754839,10.52556452,406.8338387,13.25285806,520.8525484,102.3233548,0.099982716,32.13497097,32.30603871,999.9,0,0,9994.375806,0,22.9443,-3.544628065,398.5044516,401.4860323,1.491986129,397.2600968,10.52556452,1.229676129,1.07701129,9.965762903,8.00197129,1500.005806,0.692019419,0.307980581,0,991.7532581,5.00019,14427.79677,11819.72903,45.625,46.387,46.21951613,46.058,47.679,1034.571935,460.4335484,0,1784910716,0,991.68868,-5.440923063,-88.77692297,14426.636,15,1784906732,10:25:31,1784906732,1784906726,1,-13.118,-1.235,-13.118,-1.235,401,9,0.14,0.04,-3.205144878,-7.191344321,0.783018478,0,992.0172059,-6.110909092,0.62400442,0,1.495729756,0.09756878,0.033806534,1,1,3,3-Jan,3.09322,2.75954,0.0933166,0.0927903,0.0713527,0.0604442,32125.8,23130.9,33548.6,25781,39882.1,32809.7,49011.4,40282,1.91887,2.69365,0.196625,0,29.0983,999.9,44.9,31.1,19.9094,60.8746,-100,3,0.238709,0,20.2404,5.20516,11.956,4.96945,3.294,7704.5,9999,9999,130.2,4.97299,1.87531,1.88156,1.88107,1.87873,1.87441,1.87454,1.87683,0,0,0,0,11111111,oooooooo,on,on,on,on,0,100,100,-13.119,-1.2354,-13.1184,0,0,0,-1.235309,0,0,0,-1,-1,-1,-1,66.5,66.6,0.157471,4.99878,2.89795,2.89062,2.99805,2.31445,34.7379,15.4542,2,462.592,1289.97,30.7263,30.6084,30.0003,30.5136,30.4266,-1,40,10,-999.9,400,20,101.845,94.5399
33,1784910839,3840.5,20260724 11:33:59,11:33:59,15,1784910831,0.001348787,1.34878683,2.388723967,399.0245877,275.8645758,28.25550888,40.87020868,0.037230184,2.295346748,0.036897934,0.023090813,266.0606725,33.75385603,32.3984,4.883822479,25.87047837,1.25185708,4.838940594,3.6319654,-59.48149918,-20.23179262,-2.005158841,184.3422219,2.639793991,1.304721282,2.388723967,404.5042147,403.5364424,-0.384982876,60.91328767,1.34878683,10.59209279,12.19100182,-0.011673922,69.65,47,9,1.001771374,0.177137393,53160.15301,-,-,0,0,#DIV/0!,0,-,-,0,0,#DIV/0!,0.5,1273.813576,2.388723967,#DIV/0!,0.001875254,#DIV/0!,#DIV/0!,-,0,#DIV/0!,#DIV/0!,#DIV/0!,#DIV/0!,#DIV/0!,#DIV/0!,#DIV/0!,#DIV/0!,,,,,,,,,,,,,,,,,,,,,,,,,,,,,,,,,,,1499.999677,1273.813576,0.849209233,0.17737382,6,0.5,0: Broadleaf,2,TRUE,1784910831,399.0515484,402.6895806,12.22214839,10.7390871,412.1701935,13.45746129,520.4644194,102.3252581,0.100030855,32.23490645,32.3984,999.9,0,0,9996.354194,0,21.69836774,-3.637965391,403.9892581,407.0612258,1.483063871,402.6895806,10.7390871,1.250633871,1.098878387,10.21831935,8.297230968,1499.999677,0.691997839,0.308002161,0,979.9083871,5.00019,14254.54839,11819.59355,45.69512903,46.437,46.296,46.20325806,47.75,1034.538065,460.4616129,0,1784910836,0,979.85836,-4.969153824,-78.90769218,14253.54,15,1784906732,10:25:31,1784906732,1784906726,1,-13.118,-1.235,-13.118,-1.235,401,9,0.14,0.04,-3.83590432,12.89799178,2.603779134,0,980.1562059,-5.673353703,0.609822818,0,1.459528049,0.840169338,0.101100775,0,0,3,0/3,3.09332,2.75957,0.094133,0.0931869,0.0721209,0.061061,32092.4,23117.4,33544.2,25777.5,39842.1,32782.8,49005.6,40277.1,1.91863,2.68708,0.196233,0,29.2105,999.9,45.2,31.3,20.2718,60.5746,-100,3,0.243943,0,20.2403,5.20456,11.956,4.9693,3.294,7704.5,9999,9999,130.2,4.97301,1.87531,1.88156,1.88107,1.8788,1.87442,1.87454,1.87683,0,0,0,0,11111111,oooooooo,on,on,on,on,0,100,100,-13.118,-1.2353,-13.1184,0,0,0,-1.235309,0,0,0,-1,-1,-1,-1,68.5,68.6,0.157471,4.99878,2.89795,2.89062,2.99805,2.28638,34.8296,15.4279,2,462.901,1281.46,30.775,30.6709,30.0004,30.5726,30.4859,-1,40,10,-999.9,400,20,101.833,94.5278
34,1784910959,3960.5,20260724 11:35:59,11:35:59,15,1784910951,0.001305892,1.305892107,3.21959012,396.9390691,232.3364503,23.79686565,40.65615052,0.035549386,2.295616521,0.035246362,0.022055986,266.0635877,33.91828235,32.55334839,4.926692535,25.53487601,1.246189462,4.880342719,3.680503073,-57.58984191,-20.73959557,-2.058334715,185.6758155,3.833113727,1.310066895,3.21959012,406.873504,402.3754242,0.159769571,60.91328767,1.305892107,10.56940628,12.13591091,-0.015154199,69.65,47,9,1.001771955,0.177195476,53142.75857,-,-,0,0,#DIV/0!,0,-,-,0,0,#DIV/0!,0.5,1273.818018,3.21959012,#DIV/0!,0.002527512,#DIV/0!,#DIV/0!,-,0,#DIV/0!,#DIV/0!,#DIV/0!,#DIV/0!,#DIV/0!,#DIV/0!,#DIV/0!,#DIV/0!,,,,,,,,,,,,,,,,,,,,,,,,,,,,,,,,,,,1500.003548,1273.818018,0.849210003,0.177375306,6,0.5,0: Broadleaf,2,TRUE,1784910951,396.9754194,401.9784516,12.16694839,10.67997742,410.093871,13.40225484,521.2516452,102.3241613,0.099998203,32.38577097,32.55334839,999.9,0,0,9998.205161,0,19.95423226,-5.003074032,401.8647419,406.3179677,1.486963548,401.9784516,10.67997742,1.244972903,1.092820645,10.15045806,8.215833871,1500.003548,0.691972935,0.308027065,0,968.4912258,5.00019,14085.92581,11819.55484,45.812,46.5,46.33232258,46.375,47.8363871,1034.502258,460.5012903,0,1784910956,0,968.4192,-5.766461536,-84.43076911,14084.776,15,1784906732,10:25:31,1784906732,1784906726,1,-13.118,-1.235,-13.118,-1.235,401,9,0.14,0.04,-4.352663049,-16.15203805,3.231345739,0,968.7417059,-5.801130639,0.612064853,0,1.482617561,0.483743206,0.096774198,0,0,3,0/3,3.09399,2.7593,0.0940093,0.0952769,0.071884,0.0616349,32090.9,23060.4,33538.5,25773.6,39846,32757.2,48998.1,40271.8,1.91885,2.68897,0.196744,0,29.3604,999.9,45,31.4,20.2963,60.0946,-100,3,0.250028,0,20.2404,5.20366,11.956,4.96905,3.294,7704.5,9999,9999,130.2,4.97298,1.87531,1.88156,1.88106,1.87879,1.8744,1.87454,1.87683,0,0,0,0,11111111,oooooooo,on,on,on,on,0,100,100,-13.118,-1.2353,-13.1184,0,0,0,-1.235309,0,0,0,-1,-1,-1,-1,70.5,70.6,0.157471,4.99878,2.89795,2.8894,2.99805,2.2644,34.9214,15.4104,2,463.586,1285.81,30.8826,30.7504,30.0004,30.6431,30.5548,-1,40,10,-999.9,400,20,101.816,94.5149
35,1784911079,4080.5,20260724 11:37:59,11:37:59,15,1784911071,0.001315387,1.315387246,3.606404299,401.6017738,220.3907412,22.5724686,41.13214275,0.035716879,2.295915455,0.035411045,0.022159163,266.0637668,33.91528204,32.51918065,4.917211197,25.13717866,1.226798337,4.880413804,3.69041286,-58.00857756,-16.48115965,-1.635214022,189.9388155,4.23013474,1.313791066,3.606404299,413.5044066,408.3065515,0.21548292,60.91328767,1.315387246,10.41391505,11.96377273,-0.010655359,69.65,47,9,1.00177163,0.177163004,53152.48162,-,-,0,0,#DIV/0!,0,-,-,0,0,#DIV/0!,0.5,1273.821531,3.606404299,#DIV/0!,0.002831169,#DIV/0!,#DIV/0!,-,0,#DIV/0!,#DIV/0!,#DIV/0!,#DIV/0!,#DIV/0!,#DIV/0!,#DIV/0!,#DIV/0!,,,,,,,,,,,,,,,,,,,,,,,,,,,,,,,,,,,1500.008065,1273.821531,0.849209788,0.177374891,6,0.5,0: Broadleaf,2,TRUE,1784911071,401.6424839,407.0981935,11.9780871,10.48995161,414.7608065,13.21339355,522.4245806,102.3201935,0.100028274,32.38602903,32.51918065,999.9,0,0,10000.52548,0,19.5465129,-5.455746452,406.5115806,411.413871,1.488126774,407.0981935,10.48995161,1.225599032,1.073333871,9.916169355,7.951450323,1500.008065,0.691981742,0.308018258,0,957.9112258,5.00019,13928.3871,11819.62581,45.875,46.562,46.375,46.49593548,47.937,1034.516129,460.4919355,0,1784911076,0,957.81144,-5.71223077,-84.52307679,13927.324,15,1784906732,10:25:31,1784906732,1784906726,1,-13.118,-1.235,-13.118,-1.235,401,9,0.14,0.04,-4.992406341,-8.680285923,1.661066579,0,958.1226471,-5.580504205,0.587291384,0,1.485747805,0.396392195,0.075236948,0,0,3,0/3,3.09511,2.75925,0.0949864,0.0943468,0.071106,0.059888,32052.8,23082.4,33535.1,25772,39877.4,32816.8,48993.7,40269.7,1.9205,2.6846,0.19411,0,29.3582,999.9,44,31.5,19.9593,60.6946,-100,3,0.254591,0,20.2404,5.20291,11.9559,4.96885,3.294,7704.5,9999,9999,130.3,4.97298,1.87531,1.88156,1.88107,1.8788,1.87442,1.87454,1.87683,0,0,0,0,11111111,oooooooo,on,on,on,on,0,100,100,-13.119,-1.2353,-13.1184,0,0,0,-1.235309,0,0,0,-1,-1,-1,-1,72.5,72.6,0.157471,4.99878,2.89795,2.8894,2.99805,2.29736,35.0134,15.3841,2,465.073,1280.62,30.9788,30.8163,30.0002,30.7059,30.6134,-1,40,10,-999.9,400,20,101.807,94.5095
36,1784911199,4200.5,20260724 11:39:59,11:39:59,15,1784911191,0.001336894,1.336894182,2.465937144,396.1062884,265.2162714,27.16259728,40.56793172,0.035810935,2.296061829,0.035503516,0.022217098,266.0622913,33.98433773,32.59972903,4.939588333,24.45450577,1.198625568,4.901450796,3.740962766,-58.95703342,-17.01688297,-1.689559459,188.3988154,2.255538329,1.353159155,2.465937144,403.9651983,400.7838303,0.066372917,60.91328767,1.336894182,10.22912249,11.72227333,0.005265714,69.65,47,9,1.001771914,0.177191437,53143.96777,-,-,0,0,#DIV/0!,0,-,-,0,0,#DIV/0!,0.5,1273.820766,2.465937144,#DIV/0!,0.001935859,#DIV/0!,#DIV/0!,-,0,#DIV/0!,#DIV/0!,#DIV/0!,#DIV/0!,#DIV/0!,#DIV/0!,#DIV/0!,#DIV/0!,,,,,,,,,,,,,,,,,,,,,,,,,,,,,,,,,,,1500.008065,1273.820766,0.849209278,0.177373907,6,0.5,0: Broadleaf,2,TRUE,1784911191,396.134129,399.3442581,11.70340968,10.16612903,409.2525484,12.93872581,521.0222903,102.3167742,0.100008658,32.46225806,32.59972903,999.9,0,0,10001.80613,0,19.87854194,-3.210263871,400.8251613,403.4459032,1.537277742,399.3442581,10.16612903,1.197454194,1.040165806,9.569946129,7.491277742,1500.008065,0.691997419,0.308002581,0,947.2997419,5.00019,13767.85161,11819.65806,45.812,46.49593548,46.375,46.425,47.883,1034.541613,460.4664516,0,1784911196,0,947.21616,-5.262769221,-83.98461526,13766.84,15,1784906732,10:25:31,1784906732,1784906726,1,-13.118,-1.235,-13.118,-1.235,401,9,0.14,0.04,-3.063943171,-5.651473798,0.636890462,0,947.5297353,-5.607043549,0.592504272,0,1.562129756,-0.646144181,0.067772702,0,0,3,0/3,3.09414,2.75967,0.0936547,0.0930126,0.0700432,0.0594527,32098.2,23116.1,33533.5,25771.9,39923.5,32831.8,48991.8,40269.8,1.91863,2.68655,0.205398,0,29.289,999.9,43.2,31.6,19.7078,60.7846,-100,3,0.256372,0,20.2404,5.20456,11.956,4.96925,3.294,7704.5,9999,9999,130.3,4.97296,1.87529,1.88156,1.88109,1.87877,1.87439,1.87454,1.87683,0,0,0,0,11111111,oooooooo,on,on,on,on,0,100,100,-13.119,-1.2353,-13.1184,0,0,0,-1.235309,0,0,0,-1,-1,-1,-1,74.5,74.6,0.157471,4.99878,2.89795,2.89062,2.99805,2.23389,35.0594,15.3666,2,464.212,1284.31,31.0245,30.8485,30.0001,30.741,30.6505,-1,40,10,-999.9,400,20,101.802,94.5094
37,1784911319,4320.5,20260724 11:41:59,11:41:59,15,1784911311,0.001389664,1.389663988,2.436045621,393.9179398,267.329032,27.37794681,40.34228652,0.036876883,2.294183451,0.036550715,0.022873261,266.0627654,34.06542929,32.72533548,4.974659899,24.31325593,1.198251979,4.928389609,3.77640792,-61.28418186,-20.51638575,-2.040914181,182.2212836,3.073829782,1.319823234,2.436045621,402.3515519,399.2623636,0.054714192,60.91328767,1.389663988,10.16150405,11.73115697,0.001970136,69.65,47,9,1.001774552,0.177455188,53065.11965,-,-,0,0,#DIV/0!,0,-,-,0,0,#DIV/0!,0.5,1273.816614,2.436045621,#DIV/0!,0.001912399,#DIV/0!,#DIV/0!,-,0,#DIV/0!,#DIV/0!,#DIV/0!,#DIV/0!,#DIV/0!,#DIV/0!,#DIV/0!,#DIV/0!,,,,,,,,,,,,,,,,,,,,,,,,,,,,,,,,,,,1500.002258,1273.816614,0.849209798,0.17737491,6,0.5,0: Broadleaf,2,TRUE,1784911311,393.9454839,398.0743548,11.70020323,10.20201935,407.0639032,12.93551613,521.4485806,102.3129355,0.099984677,32.55945806,32.72533548,999.9,0,0,9990.04,0,19.43199677,-4.128833226,398.6093548,402.1773548,1.498183226,398.0743548,10.20201935,1.197083226,1.043799355,9.565278065,7.542345161,1500.002258,0.691981323,0.308018677,0,936.4128065,5.00019,13610.1871,11819.56774,45.937,46.60264516,46.48374194,46.413,47.99593548,1034.511613,460.4906452,0,1784911316,0,936.3658,-5.187923064,-73.76923066,13609.208,15,1784906732,10:25:31,1784906732,1784906726,1,-13.118,-1.235,-13.118,-1.235,401,9,0.14,0.04,-3.99860122,-0.456659791,0.544822874,1,936.6666471,-5.680458364,0.587407509,0,1.503874634,0.140966341,0.056258751,0,1,3,3-Jan,3.09441,2.75948,0.0933843,0.0926292,0.0700492,0.0587457,32106.3,23124.5,33532.1,25770.5,39921.7,32855.3,48990.2,40268,1.9191,2.68313,0.203371,0,29.4123,999.9,42.7,31.7,19.5928,60.7246,-100,3,0.257861,0,20.2404,5.20366,11.956,4.9691,3.294,7704.5,9999,9999,130.3,4.97299,1.87531,1.88156,1.88107,1.87876,1.8744,1.87452,1.87683,0,0,0,0,11111111,oooooooo,on,on,on,on,0,100,100,-13.119,-1.2353,-13.1184,0,0,0,-1.235309,0,0,0,-1,-1,-1,-1,76.5,76.6,0.157471,4.99878,2.89795,2.8894,2.99805,2.28516,35.1286,15.3491,2,464.707,1279.86,31.1031,30.8672,30,30.7677,30.6797,-1,40,10,-999.9,400,20,101.799,94.5049
38,1784911707,4708.1,20260724 11:48:26,11:48:26,15,1784911699,0.001778638,1.778638193,3.670968238,398.1210101,266.6880903,27.30948566,40.76852477,0.052449153,2.296278383,0.051792596,0.032428677,266.0580746,33.1381791,31.61350323,4.671613183,26.68141542,1.256752261,4.710215859,3.414860923,-78.43794431,17.95774744,1.768056707,207.3459345,5.926978963,1.701546923,3.670968238,412.2982792,406.0970121,0.397736114,60.85649992,1.778638193,10.22388594,12.2720897,-0.001286184,69.65,47,9,1.001767598,0.176759761,53273.52428,-,-,0,0,#DIV/0!,0,-,-,0,0,#DIV/0!,0.5,1273.799282,3.670968238,#DIV/0!,0.002881905,#DIV/0!,#DIV/0!,-,0,#DIV/0!,#DIV/0!,#DIV/0!,#DIV/0!,#DIV/0!,#DIV/0!,#DIV/0!,#DIV/0!,,,,,,,,,,,,,,,,,,,,,,,,,,,,,,,,,,,1499.982581,1273.799282,0.849209383,0.17737411,6,0.5,0: Broadleaf,2,TRUE,1784911699,398.1623548,405.8238065,12.27269032,10.32344839,411.1360645,13.52741935,516.4044516,102.3023871,0.099957261,31.75856129,31.61350323,999.9,0,0,10004.61323,0,171.7662258,-7.661370645,403.1097742,410.0569677,1.949254516,405.8238065,10.32344839,1.255525806,1.056113226,10.27674839,7.714177097,1499.982581,0.691994226,0.308005774,0,2020.693226,5.00019,29520.8129,11819.47419,45.36687097,46.125,46.062,45.49593548,47.3363871,1034.51871,460.463871,0,1784911704,0,2019.1776,-120.3684613,-1816.992305,29497.736,15,1784911532,11:45:32,1784911528,1784911532,2,0.145,-0.019,-12.974,-1.255,422,10,0.63,0.06,-6.956265122,-14.71524042,1.793715256,0,2027.286765,-124.9385791,12.26335616,0,1.941264146,0.340978955,0.058529115,0,0,3,0/3,3.08868,2.75953,0.0945439,0.0943431,0.072536,0.05953,32070.9,23084.8,33537.1,25774.2,39816.6,32834.5,48997.9,40274,1.90667,2.68718,0.191383,0,28.5293,999.9,42.3,32.1,19.8568,60.6074,-100,3,0.249002,0,20.2409,5.20501,11.9559,4.96895,3.294,7704.5,9999,9999,130.4,4.97296,1.87531,1.88156,1.88109,1.87877,1.87439,1.87454,1.87683,0,0,0,0,11111111,oooooooo,on,on,on,on,0,100,100,-12.973,-1.2547,-12.9736,0,0,0,-1.25472381,0,0,0,-1,-1,-1,-1,3,2.9,0.15625,4.99878,2.89795,2.88696,2.99805,2.28394,35.244,15.2878,2,456.625,1284.5,30.4382,30.7217,29.9998,30.6889,30.616,-1,40,10,-999.9,400,20,101.814,94.5187
39,1784911827,4828.1,20260724 11:50:26,11:50:26,15,1784911819,0.001585158,1.585157786,4.565962014,399.365248,220.7078039,22.60005415,40.89423242,0.045721196,2.296970071,0.045221559,0.02830791,266.0614043,33.35835818,31.83875806,4.73167671,26.24026073,1.247089634,4.752580954,3.484587077,-69.90545838,9.635902546,0.95022205,206.7420706,5.407093555,1.537672634,4.565962014,414.1615009,406.4434303,0.495175985,60.85649992,1.585157786,10.47806186,12.24413273,0.009915688,69.65,47,9,1.001767759,0.176775931,53268.65982,-,-,0,0,#DIV/0!,0,-,-,0,0,#DIV/0!,0.5,1273.820795,4.565962014,#DIV/0!,0.003584462,#DIV/0!,#DIV/0!,-,0,#DIV/0!,#DIV/0!,#DIV/0!,#DIV/0!,#DIV/0!,#DIV/0!,#DIV/0!,#DIV/0!,,,,,,,,,,,,,,,,,,,,,,,,,,,,,,,,,,,1500.00871,1273.820795,0.849208932,0.17737324,6,0.5,0: Broadleaf,2,TRUE,1784911819,399.4166774,406.4047419,12.17883871,10.41636129,412.3903226,13.43357419,516.1707419,102.2980645,0.100009997,31.91657097,31.83875806,999.9,0,0,10009.51032,0,259.8550323,-6.98808871,404.3412258,410.6826774,1.762485161,406.4047419,10.41636129,1.245870968,1.06557129,10.16119677,7.844896452,1500.00871,0.692009129,0.307990871,0,1829.766129,5.00019,26656.12258,11819.69677,45.312,46.24187097,46.042,45.562,47.36687097,1034.559355,460.4493548,0,1784911824,0,1828.8612,-71.94999991,-1059.799999,26642.84,15,1784911532,11:45:32,1784911528,1784911532,2,0.145,-0.019,-12.974,-1.255,422,10,0.63,0.06,-6.47200075,-14.75647081,1.934073246,0,1832.912353,-73.62933531,7.228106114,0,1.788481,-0.554237674,0.060828347,0,0,3,0/3,3.08923,2.7596,0.094624,0.0947713,0.0724433,0.0605913,32068.7,23073.5,33537.8,25773.7,39821.7,32796.5,48998.9,40273.7,1.90772,2.6878,0.18806,0,28.7826,999.9,42.4,32.2,20.0152,60.7274,-100,3,0.24843,0,20.2406,5.20471,11.956,4.96945,3.294,7704.5,9999,9999,130.5,4.97294,1.87531,1.88155,1.88109,1.87878,1.87439,1.87454,1.87683,0,0,0,0,11111111,oooooooo,on,on,on,on,0,100,100,-12.974,-1.2547,-12.9736,0,0,0,-1.25472381,0,0,0,-1,-1,-1,-1,5,4.9,0.15625,4.99878,2.89795,2.88818,2.99805,2.31689,35.3133,15.2791,2,457.14,1285.1,30.4547,30.7145,30.0002,30.6741,30.6027,-1,40,10,-999.9,400,20,101.816,94.5177
40,1784911947,4948.1,20260724 11:52:26,11:52:26,15,1784911939,0.001595738,1.595738265,3.271458455,395.6627032,261.7599577,26.80422307,40.51586595,0.045788225,2.29593467,0.045286908,0.028348901,266.0623358,33.39848724,31.91694516,4.752681674,26.24286812,1.250255271,4.764171603,3.502426403,-70.37205751,5.278151822,0.521037932,201.489468,2.318692057,1.582214066,3.271458455,402.5093962,399.2948545,-0.131770729,60.85649992,1.595738265,10.37714355,12.21000848,-0.000285638,69.65,47,9,1.001769145,0.176914493,53227.01274,-,-,0,0,#DIV/0!,0,-,-,0,0,#DIV/0!,0.5,1273.816392,3.271458455,#DIV/0!,0.002568234,#DIV/0!,#DIV/0!,-,0,#DIV/0!,#DIV/0!,#DIV/0!,#DIV/0!,#DIV/0!,#DIV/0!,#DIV/0!,#DIV/0!,,,,,,,,,,,,,,,,,,,,,,,,,,,,,,,,,,,1500.002258,1273.816392,0.849209649,0.177374624,6,0.5,0: Broadleaf,2,TRUE,1784911939,395.6995806,399.1160968,12.20952258,10.39697742,408.6730323,13.46423871,516.4346129,102.3000323,0.099980729,31.9595871,31.91694516,999.9,0,0,10002.62065,0,164.0061613,-3.416663871,400.5905161,403.3093548,1.812539032,399.1160968,10.39697742,1.249032903,1.06361,10.19917742,7.818134839,1500.002258,0.691986161,0.308013839,0,1713.988065,5.00019,24940.61613,11819.57097,45.437,46.31809677,46.10264516,45.83029032,47.437,1034.519032,460.4832258,0,1784911944,0,1713.4248,-46.29846147,-694.8999988,24931.908,15,1784911532,11:45:32,1784911528,1784911532,2,0.145,-0.019,-12.974,-1.255,422,10,0.63,0.06,-3.38119475,-0.00430728,1.520201916,1,1716.496765,-47.19159664,4.636696162,0,1.838704,-0.27364818,0.051366842,0,1,3,3-Jan,3.08908,2.7593,0.093332,0.0927674,0.0722748,0.0601876,32112.4,23123.7,33535.8,25772.9,39826.6,32809.2,48996.1,40272.5,1.90783,2.6883,0.179671,0,28.9957,999.9,42.1,32.3,19.9863,60.7574,-100,3,0.250224,0,20.2409,5.20366,11.956,4.9691,3.294,7704.5,9999,9999,130.5,4.97296,1.87531,1.88156,1.88107,1.87872,1.8744,1.87454,1.87683,0,0,0,0,11111111,oooooooo,on,on,on,on,0,100,100,-12.974,-1.2548,-12.9736,0,0,0,-1.25472381,0,0,0,-1,-1,-1,-1,7,6.9,0.15625,4.99878,2.89795,2.88696,2.99805,2.2876,35.3827,15.2528,2,457.281,1286.04,30.514,30.7427,30.0002,30.6848,30.6107,-1,40,10,-999.9,400,20,101.811,94.5148
41,1784912067,5068.1,20260724 11:54:26,11:54:26,15,1784912059,0.001645664,1.645664178,3.448938496,395.4151462,256.6444295,26.28001648,40.48993613,0.046393446,2.294245065,0.045878495,0.028719849,266.0592434,33.63153809,32.17681935,4.823081319,26.05994355,1.259124235,4.831646058,3.563957084,-72.57379023,3.882585501,0.384515688,197.7525544,4.26885949,1.67236718,3.448938496,406.2196626,401.4592121,0.149860748,60.85649992,1.645664178,10.27926195,12.23976061,-0.013253593,69.65,47,9,1.001772451,0.177245062,53127.91756,-,-,0,0,#DIV/0!,0,-,-,0,0,#DIV/0!,0.5,1273.807949,3.448938496,#DIV/0!,0.002707581,#DIV/0!,#DIV/0!,-,0,#DIV/0!,#DIV/0!,#DIV/0!,#DIV/0!,#DIV/0!,#DIV/0!,#DIV/0!,#DIV/0!,,,,,,,,,,,,,,,,,,,,,,,,,,,,,,,,,,,1499.993226,1273.807949,0.849209135,0.17737363,6,0.5,0: Broadleaf,2,TRUE,1784912059,395.4540968,401.1730645,12.29630968,10.38073871,408.4276452,13.55103871,516.4551935,102.2985806,0.0999656,32.20820968,32.17681935,999.9,0,0,9991.84,0,80.10334839,-5.719058065,400.3772258,405.3812581,1.915586129,401.1730645,10.38073871,1.257896129,1.061932903,10.30495806,7.794237097,1499.993226,0.692002871,0.307997129,0,1632.568387,5.00019,23745.66452,11819.56774,45.562,46.46341935,46.187,46.125,47.62093548,1034.538065,460.4545161,0,1784912064,0,1632.0976,-36.62307687,-525.9307685,23738.98,15,1784911532,11:45:32,1784911528,1784911532,2,0.145,-0.019,-12.974,-1.255,422,10,0.63,0.06,-4.858299,-12.85896158,1.694011979,0,1634.659118,-39.00519481,3.839987261,0,1.8631095,1.122030619,0.116559384,0,0,3,0/3,3.08882,2.75929,0.0937006,0.0929488,0.0723806,0.0593688,32097.9,23118.5,33534.4,25772.4,39820.5,32837.9,48994.8,40272.3,1.90755,2.68815,0.180997,0,29.2447,999.9,41.7,32.4,19.9099,60.7274,-100,3,0.252119,0,20.2411,5.20411,11.956,4.96845,3.294,7704.5,9999,9999,130.5,4.97295,1.87531,1.88156,1.88108,1.87878,1.87441,1.87454,1.87683,0,0,0,0,11111111,oooooooo,on,on,on,on,0,100,100,-12.973,-1.2547,-12.9736,0,0,0,-1.25472381,0,0,0,-1,-1,-1,-1,9,8.9,0.15625,4.99878,2.89795,2.88696,2.99805,2.27173,35.4754,15.2265,2,457.29,1286.25,30.6671,30.7769,30.0002,30.7075,30.6292,-1,40,10,-999.9,400,20,101.807,94.5138
42,1784912187,5188.1,20260724 11:56:26,11:56:26,15,1784912179,0.001748177,1.748176786,3.201654092,393.1727469,267.7445462,27.41558973,40.25875736,0.048696786,2.295119662,0.048129983,0.030131615,266.0608907,33.74983431,32.30634516,4.858507429,25.65525873,1.250274127,4.873363937,3.608233303,-77.09459625,6.690842828,0.663299349,196.3204366,2.440077275,1.752228232,3.201654092,400.0445965,397.0461758,-0.160125081,60.85649992,1.748176786,10.016757,12.11799879,-0.017418147,69.65,47,9,1.001772375,0.177237539,53130.16872,-,-,0,0,#DIV/0!,0,-,-,0,0,#DIV/0!,0.5,1273.821262,3.201654092,#DIV/0!,0.002513425,#DIV/0!,#DIV/0!,-,0,#DIV/0!,#DIV/0!,#DIV/0!,#DIV/0!,#DIV/0!,#DIV/0!,#DIV/0!,#DIV/0!,,,,,,,,,,,,,,,,,,,,,,,,,,,,,,,,,,,1500.009677,1273.821262,0.849208696,0.177372783,6,0.5,0: Broadleaf,2,TRUE,1784912179,393.2089032,396.8396129,12.21035484,10.20286871,406.1824839,13.46508065,516.3869677,102.2945806,0.099997003,32.36041935,32.30634516,999.9,0,0,9997.883871,0,90.26989355,-3.630707097,398.0694839,400.9304516,2.007490323,396.8396129,10.20286871,1.249053871,1.043698387,10.19936452,7.539677419,1500.009677,0.692016645,0.307983355,0,1570.879355,5.00019,22849.64839,11819.74194,45.74593548,46.675,46.37093548,46.389,47.808,1034.570968,460.4374194,0,1784912184,0,1570.512,-28.22846151,-409.6230762,22844.288,15,1784911532,11:45:32,1784911528,1784911532,2,0.145,-0.019,-12.974,-1.255,422,10,0.63,0.06,-3.55999925,0.26864409,0.349754587,1,1572.142941,-29.34820471,2.885610884,0,1.9754945,1.178911295,0.121102343,0,1,3,3-Jan,3.08936,2.75939,0.0929258,0.0921231,0.0718105,0.0580294,32123.4,23139,33532.6,25772,39843.8,32884.3,48992.3,40271.4,1.90828,2.68633,0.177383,0,29.4088,999.9,41,32.5,19.6868,60.4274,-100,3,0.25419,0,20.241,5.20411,11.956,4.96925,3.29402,7704.5,9999,9999,130.6,4.97295,1.87531,1.88156,1.88109,1.8788,1.87441,1.87454,1.87683,0,0,0,0,11111111,oooooooo,on,on,on,on,0,100,100,-12.973,-1.2547,-12.9736,0,0,0,-1.25472381,0,0,0,-1,-1,-1,-1,11,10.9,0.15625,4.99878,2.89795,2.88696,2.99805,2.28638,35.5683,15.2265,2,457.94,1284.09,30.8286,30.8157,30.0001,30.7356,30.6558,-1,40,10,-999.9,400,20,101.802,94.5119
43,1784912307,5308.1,20260724 11:58:26,11:58:26,15,1784912299,0.001654594,1.654593965,2.730464315,413.9939447,296.8431126,30.39284393,42.38755362,0.045752273,2.297669649,0.045252112,0.028327052,266.0603198,33.88448554,32.40087419,4.884504463,25.55897738,1.253046134,4.90256756,3.631458329,-72.96759385,8.104023694,0.803294324,202.000044,-2.980180024,1.679038459,2.730464315,412.9412944,413.0550606,-0.699684679,60.85649992,1.654593965,10.349017,12.23165818,0.002869472,69.65,47,9,1.001770191,0.177019104,53195.61312,-,-,0,0,#DIV/0!,0,-,-,0,0,#DIV/0!,0.5,1273.818523,2.730464315,#DIV/0!,0.002143527,#DIV/0!,#DIV/0!,-,0,#DIV/0!,#DIV/0!,#DIV/0!,#DIV/0!,#DIV/0!,#DIV/0!,#DIV/0!,#DIV/0!,,,,,,,,,,,,,,,,,,,,,,,,,,,,,,,,,,,1500.006452,1273.818523,0.849208696,0.177372784,6,0.5,0: Broadleaf,2,TRUE,1784912299,414.0247419,411.3769355,12.23834516,10.31554516,426.9983871,13.49305806,516.5975161,102.286871,0.100021787,32.46629677,32.40087419,999.9,0,0,10015.1329,0,27.1153129,2.647844516,419.1545161,415.6646129,1.922797097,411.3769355,10.31554516,1.25182129,1.055144839,10.23250968,7.700726129,1500.006452,0.692016194,0.307983806,0,1525.446452,5.00019,22190.67097,11819.72903,45.81606452,46.75,46.45529032,46.437,47.925,1034.56871,460.4364516,0,1784912304,0,1525.1736,-23.34615381,-338.0999994,22186.62,15,1784911532,11:45:32,1784911528,1784911532,2,0.145,-0.019,-12.974,-1.255,422,10,0.63,0.06,1.686414755,7.048493487,2.452100447,0,1526.445882,-20.17387319,2.005567424,0,1.95279475,-0.757869006,0.085015477,0,0,3,0/3,3.08921,2.75941,0.0956129,0.0940957,0.072342,0.0595936,32026.7,23087.6,33531.1,25770.9,39818.5,32827.4,48990.3,40270.3,1.90797,2.68385,0.184439,0,29.424,999.9,41.3,32.6,19.9441,60.3374,-100,3,0.25625,0,20.2412,5.20501,11.956,4.9694,3.294,7704.5,9999,9999,130.6,4.97294,1.87531,1.88156,1.8811,1.87879,1.87445,1.87454,1.87683,0,0,0,0,11111111,oooooooo,on,on,on,on,0,100,100,-12.974,-1.2547,-12.9736,0,0,0,-1.25472381,0,0,0,-1,-1,-1,-1,13,12.9,0.15625,4.99878,2.89795,2.88818,2.99805,2.2937,35.638,15.2003,2,457.945,1280.94,30.943,30.8431,30.0001,30.7597,30.6797,-1,40,10,-999.9,400,20,101.798,94.5086
44,1784912427,5428.1,20260724 12:00:26,12:00:26,15,1784912419,0.001576652,1.576651864,3.427856882,402.9235931,259.1203627,26.5301876,41.25356417,0.044349972,2.295135873,0.043879317,0.027466443,266.0601105,33.70003669,32.13539355,4.811798664,25.63125141,1.241681734,4.844405424,3.57011693,-69.5303472,14.7851787,1.463734255,212.7786762,1.77954101,1.65781728,3.427856882,410.2204879,406.5253152,-0.067212127,60.85649992,1.576651864,10.16503246,12.04463394,-0.013751117,69.65,47,9,1.00177175,0.177175028,53148.8808,-,-,0,0,#DIV/0!,0,-,-,0,0,#DIV/0!,0.5,1273.810597,3.427856882,#DIV/0!,0.002691026,#DIV/0!,#DIV/0!,-,0,#DIV/0!,#DIV/0!,#DIV/0!,#DIV/0!,#DIV/0!,#DIV/0!,#DIV/0!,#DIV/0!,,,,,,,,,,,,,,,,,,,,,,,,,,,,,,,,,,,1499.996129,1273.810597,0.849209256,0.177373865,6,0.5,0: Broadleaf,2,TRUE,1784912419,402.9622903,405.795,12.12750645,10.23305484,415.9359677,13.38222581,517.7582903,102.2855806,0.099995377,32.25488387,32.13539355,999.9,0,0,9998.868387,0,32.99657097,-2.832686903,407.9093871,409.9903548,1.894456452,405.795,10.23305484,1.24046871,1.046694194,10.09620645,7.582760645,1499.996129,0.691998581,0.308001419,0,1488.129032,5.00019,21638.69677,11819.56452,45.84451613,46.75,46.55,46.24783871,47.911,1034.533548,460.4612903,0,1784912424,0,1487.9148,-17.02230766,-265.3923073,21635.588,15,1784911532,11:45:32,1784911528,1784911532,2,0.145,-0.019,-12.974,-1.255,422,10,0.63,0.06,-2.4101418,-13.75046026,1.39725103,0,1488.857941,-17.18304047,1.699059912,0,1.884868,0.267702439,0.038372436,0,0,3,0/3,3.09099,2.75938,0.0945641,0.0941532,0.0714998,0.0590771,32061.9,23084.8,33529.1,25769.4,39854.6,32844.1,48988.1,40268.2,1.91112,2.68528,0.179768,0,29.1594,999.9,41,32.7,19.9117,60.7874,-100,3,0.257584,0,20.2411,5.20366,11.9559,4.9693,3.294,7704.5,9999,9999,130.6,4.97296,1.87531,1.88156,1.88109,1.87879,1.87442,1.87454,1.87683,0,0,0,0,11111111,oooooooo,on,on,on,on,0,100,100,-12.973,-1.2547,-12.9736,0,0,0,-1.25472381,0,0,0,-1,-1,-1,-1,15,14.9,0.15625,4.99878,2.89795,2.88696,2.99805,2.28394,35.6613,15.1827,2,459.917,1283.22,30.9223,30.8485,30.0001,30.7704,30.6877,-1,40,10,-999.9,400,20,101.792,94.5036
45,1784912547,5548.1,20260724 12:02:26,12:02:26,15,1784912539,0.001545522,1.545522115,2.466205705,431.9566502,319.1176571,32.67245458,44.22533107,0.043589305,2.295376029,0.043134615,0.026999591,266.0636868,33.67371775,32.1029129,4.802968372,25.70810994,1.242849914,4.83446631,3.560118458,-68.15752528,14.30809924,1.415876051,213.6301369,-0.654150358,1.541904175,2.466205705,429.1639986,431.7066606,-1.143204056,60.93132201,1.545522115,10.300972,12.11248727,-0.006415117,69.65,47,9,1.001771276,0.177127594,53163.08877,-,-,0,0,#DIV/0!,0,-,-,0,0,#DIV/0!,0.5,1273.829795,2.466205705,#DIV/0!,0.001936056,#DIV/0!,#DIV/0!,-,0,#DIV/0!,#DIV/0!,#DIV/0!,#DIV/0!,#DIV/0!,#DIV/0!,#DIV/0!,#DIV/0!,,,,,,,,,,,,,,,,,,,,,,,,,,,,,,,,,,,1500.019032,1273.829795,0.849209088,0.177373541,6,0.5,0: Broadleaf,2,TRUE,1784912539,431.9844839,431.9997097,12.13913548,10.36990968,444.9580323,13.39385806,515.635871,102.2837419,0.099983484,32.21853548,32.1029129,999.9,0,0,10000.60097,0,20.57766774,-0.015297194,437.2927097,436.5266774,1.769229032,431.9997097,10.36990968,1.241633871,1.060671935,10.11032903,7.777414516,1500.019032,0.692003548,0.307996452,0,1460.76129,5.00019,21230.29677,11819.77097,45.683,46.528,46.375,46,47.73577419,1034.55871,460.4603226,0,1784912544,0,1460.5912,-11.76999999,-174.7692307,21227.716,15,1784911532,11:45:32,1784911528,1784911532,2,0.145,-0.019,-12.974,-1.255,422,10,0.63,0.06,-1.308135825,42.53155273,4.572453069,0,1461.300294,-12.65042016,1.265495684,0,1.764337,0.282662364,0.038226282,0,0,3,0/3,3.0884,2.75937,0.0987618,0.0969962,0.0718094,0.0596309,31915.8,23014.5,33531.6,25771.6,39844.5,32828.3,48991.3,40271.7,1.90665,2.68628,0.19151,0,28.9883,999.9,41,32.7,19.9123,60.6674,-100,3,0.253765,0,20.241,5.20217,11.956,4.96855,3.294,7704.5,9999,9999,130.7,4.97295,1.87531,1.88156,1.8811,1.87874,1.87446,1.87453,1.87683,0,0,0,0,11111111,oooooooo,on,on,on,on,0,100,100,-12.973,-1.2547,-12.9736,0,0,0,-1.25472381,0,0,0,-1,-1,-1,-1,17,16.9,0.15625,4.99878,2.89795,2.88574,2.99805,2.24854,35.6148,15.174,2,457.009,1284.16,30.8029,30.8055,30,30.741,30.6611,-1,40,10,-999.9,400,20,101.799,94.5117
46,1784912667,5668.1,20260724 12:04:26,12:04:26,15,1784912659,0.001534222,1.534221705,1.093253643,442.9411845,378.8866183,38.79107264,45.34909083,0.043442624,2.296486562,0.042991188,0.026909661,266.0598069,33.71564837,32.17875484,4.823609027,26.39376055,1.278811389,4.845127646,3.544797637,-67.65917719,9.752091052,0.965108349,209.1178291,-4.807285544,1.511542939,1.093253643,433.7385895,439.466703,-1.473629064,60.93132201,1.534221705,10.62122827,12.42633515,-0.007751065,69.65,47,9,1.001770283,0.177028251,53192.86956,-,-,0,0,#DIV/0!,0,-,-,0,0,#DIV/0!,0.5,1273.809463,1.093253643,#DIV/0!,0.000858255,#DIV/0!,#DIV/0!,-,0,#DIV/0!,#DIV/0!,#DIV/0!,#DIV/0!,#DIV/0!,#DIV/0!,#DIV/0!,#DIV/0!,,,,,,,,,,,,,,,,,,,,,,,,,,,,,,,,,,,1499.994839,1273.809463,0.849209231,0.177373815,6,0.5,0: Broadleaf,2,TRUE,1784912659,442.9535161,438.149,12.49061935,10.75696452,455.9270645,13.74534194,515.6707097,102.2817419,0.100001765,32.25752258,32.17875484,999.9,0,0,10007.97935,0,21.2487871,4.804495903,448.5563226,442.9144516,1.733645484,438.149,10.75696452,1.277562581,1.100241613,10.53740645,8.315304516,1499.994839,0.691998323,0.308001677,0,1436.661613,5.00019,20873.03226,11819.55806,45.625,46.5,46.312,45.94106452,47.687,1034.534839,460.46,0,1784912664,0,1436.5664,-9.086923064,-145.4538458,20871.568,15,1784911532,11:45:32,1784911528,1784911532,2,0.145,-0.019,-12.974,-1.255,422,10,0.63,0.06,0.294216171,80.31518337,8.435788562,0,1437.128529,-8.711841101,0.873822341,0,1.678101951,1.105908502,0.112304171,0,0,3,0/3,3.08865,2.75957,0.099943,0.09647,0.0731644,0.0605555,31876.1,23028.9,33533.6,25772.5,39786.1,32796.7,48994.6,40273.1,1.90745,2.6888,0.193261,0,29.0294,999.9,41.7,32.8,20.3666,60.6674,-100,3,0.251537,0,20.2411,5.20351,11.956,4.96915,3.294,7704.5,9999,9999,130.7,4.97298,1.87532,1.88156,1.88109,1.87878,1.8744,1.87453,1.87683,0,0,0,0,11111111,oooooooo,on,on,on,on,0,100,100,-12.974,-1.2547,-12.9736,0,0,0,-1.25472381,0,0,0,-1,-1,-1,-1,19,18.9,0.15625,4.99878,2.89795,2.88696,2.99805,2.29004,35.5683,15.1565,2,457.282,1287.38,30.783,30.7761,30,30.7142,30.6372,-1,40,10,-999.9,400,20,101.806,94.5151
47,1784912787,5788.1,20260724 12:06:26,12:06:26,15,1784912779,0.001509999,1.509999164,3.253930078,400.615522,259.5894687,26.57816218,41.01716595,0.042951008,2.295693832,0.042509524,0.02660774,266.0595545,33.57779301,32.02824839,4.782723304,26.07686054,1.253048228,4.805211221,3.529675076,-66.59096313,10.26255093,1.014494818,210.7456371,5.287293021,1.458647972,3.253930078,411.0198558,407.4090909,-0.046351211,60.93132201,1.509999164,10.47867579,12.22700242,-0.001918511,69.65,47,9,1.001770301,0.177030107,53192.31286,-,-,0,0,#DIV/0!,0,-,-,0,0,#DIV/0!,0.5,1273.808843,3.253930078,#DIV/0!,0.002554489,#DIV/0!,#DIV/0!,-,0,#DIV/0!,#DIV/0!,#DIV/0!,#DIV/0!,#DIV/0!,#DIV/0!,#DIV/0!,#DIV/0!,,,,,,,,,,,,,,,,,,,,,,,,,,,,,,,,,,,1499.994194,1273.808843,0.849209183,0.177373723,6,0.5,0: Broadleaf,2,TRUE,1784912779,400.6522258,407.4827742,12.23854839,10.56280323,413.6259032,13.49327097,514.9536774,102.2853548,0.100008919,32.11116774,32.02824839,999.9,0,0,10002.49839,0,19.46828065,-6.830504194,405.6163871,411.8329677,1.675743871,407.4827742,10.56280323,1.251824516,1.080420645,10.23257097,8.048260968,1499.994194,0.692001581,0.307998419,0,1412.03,5.00019,20505.76774,11819.56774,45.687,46.49187097,46.312,45.95325806,47.663,1034.536774,460.4574194,0,1784912784,0,1411.8652,-12.09230768,-164.530769,20503.544,15,1784911532,11:45:32,1784911528,1784911532,2,0.145,-0.019,-12.974,-1.255,422,10,0.63,0.06,-6.4885765,1.109549493,2.516809215,0,1412.662647,-12.47838045,1.240859069,0,1.66526325,0.247033058,0.055382778,0,0,3,0/3,3.08819,2.7596,0.0947326,0.0943138,0.0723234,0.0603477,32062.6,23084.7,33535.5,25773.4,39825.6,32805.4,48997.3,40274.5,1.90705,2.68785,0.194319,0,28.8778,999.9,41.3,32.8,20.1702,60.8474,-100,3,0.249375,0,20.2412,5.20366,11.956,4.9691,3.294,7704.5,9999,9999,130.7,4.97296,1.87531,1.88156,1.88108,1.87874,1.87443,1.87454,1.87683,0,0,0,0,11111111,oooooooo,on,on,on,on,0,100,100,-12.974,-1.2547,-12.9736,0,0,0,-1.25472381,0,0,0,-1,-1,-1,-1,21,20.9,0.15625,4.99878,2.89795,2.88696,2.99805,2.28516,35.5451,15.1477,2,456.838,1285.36,30.7159,30.7439,29.9999,30.6875,30.6102,-1,40,10,-999.9,400,20,101.812,94.5183
48,1784912907,5908.1,20260724 12:08:26,12:08:26,15,1784912899,0.001511063,1.511063221,2.860864846,408.391286,281.9442796,28.86686959,41.81314837,0.043182644,2.294323671,0.042736149,0.026749824,266.0570346,33.55173168,31.97455161,4.768209541,26.14753155,1.254560262,4.798006495,3.513649279,-66.63788803,13.61684669,1.346353237,214.3823465,-0.543088038,1.600115867,2.860864846,409.4445722,408.9885394,-0.610588629,60.93132201,1.511063221,10.35593382,12.15853333,-0.011927238,69.65,47,9,1.001771655,0.177165471,53151.74269,-,-,0,0,#DIV/0!,0,-,-,0,0,#DIV/0!,0.5,1273.797033,2.860864846,#DIV/0!,0.002245935,#DIV/0!,#DIV/0!,-,0,#DIV/0!,#DIV/0!,#DIV/0!,#DIV/0!,#DIV/0!,#DIV/0!,#DIV/0!,#DIV/0!,,,,,,,,,,,,,,,,,,,,,,,,,,,,,,,,,,,1499.980323,1273.797033,0.849209162,0.177373683,6,0.5,0: Broadleaf,2,TRUE,1784912899,408.4235806,408.5532581,12.25335806,10.4167871,421.3971935,13.50808387,515.4211613,102.2850645,0.099951545,32.08463871,31.97455161,999.9,0,0,9993.668387,0,20.25744839,-0.129774984,413.4903871,412.8542258,1.836566129,408.5532581,10.4167871,1.253336129,1.065481613,10.25047097,7.84368871,1499.980323,0.692001129,0.307998871,0,1391.176452,5.00019,20202.2,11819.46774,45.687,46.514,46.375,46,47.69106452,1034.527742,460.4519355,0,1784912904,0,1391.0572,-7.483846166,-111.1461536,20201.076,15,1784911532,11:45:32,1784911528,1784911532,2,0.145,-0.019,-12.974,-1.255,422,10,0.63,0.06,-1.610068613,26.07602347,2.929958036,0,1391.565,-7.155844166,0.751611015,0,1.8050645,0.540211182,0.067468026,0,0,3,0/3,3.08799,2.7595,0.0949704,0.0940474,0.0720303,0.060159,32056.6,23093.7,33538,25775.7,39842.1,32815.5,49000.7,40278.2,1.90698,2.68808,0.194546,0,28.8198,999.9,41.1,32.8,20.0716,60.7274,-100,3,0.24639,0,20.2413,5.20261,11.956,4.9685,3.294,7704.5,9999,9999,130.8,4.97297,1.87531,1.88156,1.8811,1.87879,1.87444,1.87454,1.87684,0,0,0,0,11111111,oooooooo,on,on,on,on,0,100,100,-12.974,-1.2547,-12.9736,0,0,0,-1.25472381,0,0,0,-1,-1,-1,-1,23,22.9,0.15625,4.99878,2.89795,2.88574,2.99805,2.26807,35.5218,15.1302,2,456.565,1285.07,30.7153,30.7145,30,30.6575,30.5816,-1,40,10,-999.9,400,20,101.819,94.527
49,1784913027,6028.5,20260724 12:10:27,12:10:27,15,1784913019,0.001539042,1.539042128,3.562234925,395.1979427,242.8674479,24.86588062,40.4621737,0.042951923,2.294660514,0.042510224,0.026608196,266.0588948,33.69655537,32.14217333,4.81364362,25.12495611,1.216057441,4.84003807,3.597586179,-67.87175785,11.96850475,1.185075185,211.3407169,4.157477837,1.536372518,3.562234925,405.835132,400.8302182,0.169147335,60.93132201,1.539042128,10.13136522,11.90178,0.000638342,69.65,47,9,1.001772182,0.177218156,53135.96941,-,-,0,0,#DIV/0!,0,-,-,0,0,#DIV/0!,0.5,1273.805578,3.562234925,#DIV/0!,0.00279653,#DIV/0!,#DIV/0!,-,0,#DIV/0!,#DIV/0!,#DIV/0!,#DIV/0!,#DIV/0!,#DIV/0!,#DIV/0!,#DIV/0!,,,,,,,,,,,,,,,,,,,,,,,,,,,,,,,,,,,1499.990333,1273.805578,0.849209192,0.17737374,6,0.5,0: Broadleaf,2,TRUE,1784913019,395.2381667,400.7875333,11.87735,10.10965667,408.2117333,13.13206667,514.3674667,102.2845667,0.100009083,32.23892,32.14217333,999.9,0,0,9995.894333,0,17.69546667,-5.549405,399.9889333,404.8808,1.767679333,400.7875333,10.10965667,1.214868667,1.034063,9.785002,7.405337,1499.990333,0.692000167,0.307999833,0,1371.699333,5.00019,19913.86667,11819.53,45.687,46.5248,46.312,46.25,47.75,1034.533667,460.4566667,0,1784913024,0,1371.635385,-9.60410257,-132.0068374,19913.27692,15,1784911532,11:45:32,1784911528,1784911532,2,0.145,-0.019,-12.974,-1.255,422,10,0.63,0.06,-5.7644805,1.737992645,0.665537317,0,1372.087059,-9.249809019,0.944474735,0,1.77457325,-0.09430728,0.02154667,1,1,3,3-Jan,3.08766,2.75952,0.0936425,0.0933328,0.0709255,0.0590792,32106.7,23114.2,33541,25778.1,39895.9,32857.1,49005.2,40281.3,1.9069,2.69387,0.195764,0,28.967,999.9,40.1,32.9,19.696,61.0174,-100,3,0.242851,0,20.2416,5.20471,11.9559,4.9692,3.294,7704.5,9999,9999,130.8,4.97298,1.87531,1.88156,1.88108,1.87877,1.87441,1.87454,1.87683,0,0,0,0,11111111,oooooooo,on,on,on,on,0,100,100,-12.974,-1.2547,-12.9736,0,0,0,-1.25472381,0,0,0,-1,-1,-1,-1,25,24.9,0.15625,4.99878,2.89795,2.88696,2.99805,2.24121,35.5218,15.0952,2,456.259,1292.95,30.7344,30.6852,30,30.6235,30.5471,-1,40,10,-999.9,400,20,101.828,94.5349
50,1784913147,6148.5,20260724 12:12:27,12:12:27,15,1784913139,0.001490644,1.490644131,3.616927644,394.4678273,237.6430562,24.33114136,40.3876832,0.042071617,2.295554744,0.041647905,0.026067654,266.0627147,33.70389127,32.13590645,4.811938217,25.96175692,1.255999703,4.837884074,3.555938513,-65.73740616,11.77377221,1.16525837,213.2643391,4.523948419,1.498153723,3.616927644,407.0378457,401.0911212,0.352608998,60.93132201,1.490644131,10.56388315,12.27994848,0.000251076,69.65,47,9,1.001771151,0.177115092,53166.83472,-,-,0,0,#DIV/0!,0,-,-,0,0,#DIV/0!,0.5,1273.827337,3.616927644,#DIV/0!,0.002839418,#DIV/0!,#DIV/0!,-,0,#DIV/0!,#DIV/0!,#DIV/0!,#DIV/0!,#DIV/0!,#DIV/0!,#DIV/0!,#DIV/0!,,,,,,,,,,,,,,,,,,,,,,,,,,,,,,,,,,,1500.016452,1273.827337,0.849208911,0.177373198,6,0.5,0: Broadleaf,2,TRUE,1784913139,394.5086452,400.4657742,12.26739032,10.54437097,407.4823871,13.52210323,514.3737419,102.2852581,0.099982016,32.23104194,32.13590645,999.9,0,0,10001.60839,0,18.81829032,-5.957010645,399.4083226,404.7333226,1.723005806,400.4657742,10.54437097,1.254771613,1.078533548,10.26776452,8.022795484,1500.016452,0.692007742,0.307992258,0,1354.112581,5.00019,19661.03548,11819.76452,45.812,46.645,46.437,46.33232258,47.82012903,1034.565806,460.4506452,0,1784913144,0,1354.029615,-10.34017093,-128.7555555,19659.98077,15,1784911532,11:45:32,1784911528,1784911532,2,0.145,-0.019,-12.974,-1.255,422,10,0.63,0.06,-5.52847075,-12.71685242,1.281001004,0,1354.449118,-9.115508013,0.92388046,0,1.71372025,0.158729043,0.024064685,0,0,3,0/3,3.08736,2.75946,0.0936797,0.0933979,0.0725987,0.0608134,32107.5,23113.1,33543.1,25778.5,39822,32796.4,49007.6,40282.6,1.90645,2.6884,0.194676,0,28.9779,999.9,41.1,32.9,20.1885,60.9274,-100,3,0.240297,0,20.2412,5.20531,11.9559,4.9695,3.294,7704.5,9999,9999,130.8,4.97293,1.87531,1.88155,1.8811,1.8787,1.8744,1.87453,1.87683,0,0,0,0,11111111,oooooooo,on,on,on,on,0,100,100,-12.974,-1.2548,-12.9736,0,0,0,-1.25472381,0,0,0,-1,-1,-1,-1,27,26.9,0.15625,4.99878,2.89795,2.88574,2.99805,2.28394,35.5218,15.0864,2,455.766,1284.22,30.7843,30.6559,30,30.5942,30.5206,-1,40,10,-999.9,400,20,101.834,94.5373
51,1784913267,6268.5,20260724 12:14:27,12:14:27,15,1784913259,0.001490937,1.490937091,3.29399653,398.8201557,254.0725661,26.0133104,40.83334405,0.042155713,2.295590727,0.041730321,0.026119312,266.0623614,33.65605434,32.07729355,4.796013367,25.82328629,1.245931704,4.8248379,3.550081664,-65.75032573,13.1145558,1.297257696,214.7238492,1.635376591,1.459110013,3.29399653,405.0713061,402.0797758,-0.187343077,60.93132201,1.490937091,10.52264655,12.21189152,0.005524589,69.65,47,9,1.001770834,0.177083352,53176.34729,-,-,0,0,#DIV/0!,0,-,-,0,0,#DIV/0!,0.5,1273.821047,3.29399653,#DIV/0!,0.002585918,#DIV/0!,#DIV/0!,-,0,#DIV/0!,#DIV/0!,#DIV/0!,#DIV/0!,#DIV/0!,#DIV/0!,#DIV/0!,#DIV/0!,,,,,,,,,,,,,,,,,,,,,,,,,,,,,,,,,,,1500.008387,1273.821047,0.849209283,0.177373916,6,0.5,0: Broadleaf,2,TRUE,1784913259,398.8573226,401.4427097,12.16904194,10.48927097,411.8308387,13.42376129,513.9181935,102.2853548,0.100002229,32.18326129,32.07729355,999.9,0,0,10001.83161,0,20.55166774,-2.585434839,403.7708065,405.6981935,1.679762903,401.4427097,10.48927097,1.244713871,1.072899355,10.14734194,7.945753871,1500.008387,0.69199829,0.30800171,0,1339.249677,5.00019,19438.97742,11819.67419,45.75,46.62093548,46.437,46.19106452,47.808,1034.541613,460.4667742,0,1784913264,0,1339.163846,-8.276239314,-119.0837606,19438.01538,15,1784911532,11:45:32,1784911528,1784911532,2,0.145,-0.019,-12.974,-1.255,422,10,0.63,0.06,-2.5577725,-3.975323977,0.72387523,0,1339.558824,-7.725897633,0.783205197,0,1.69136925,-0.210288068,0.028262475,0,0,3,0/3,3.08724,2.75931,0.0938332,0.093218,0.0723046,0.0606065,32103.5,23118.6,33544.4,25779.5,39837.2,32805.4,49009.5,40284.1,1.90675,2.69112,0.196934,0,28.8861,999.9,40.9,32.9,20.0881,60.5674,-100,3,0.238521,0,20.2415,5.20336,11.956,4.9695,3.294,7704.5,9999,9999,130.9,4.97292,1.87531,1.88156,1.88108,1.87869,1.87439,1.87452,1.87683,0,0,0,0,11111111,oooooooo,on,on,on,on,0,100,100,-12.973,-1.2547,-12.9736,0,0,0,-1.25472381,0,0,0,-1,-1,-1,-1,29,28.9,0.15625,4.99878,2.89795,2.88574,2.99805,2.30713,35.4986,15.0777,2,455.742,1287.64,30.7523,30.6292,30,30.5677,30.4917,-1,40,10,-999.9,400,20,101.838,94.5408
52,1784913387,6388.5,20260724 12:16:27,12:16:27,15,1784913379,0.001541812,1.541811705,3.108295232,395.4637847,261.0471961,26.72618938,40.48785107,0.043410114,2.295156232,0.04295909,0.026889563,266.0623155,33.68524711,32.12428065,4.808775886,25.69445891,1.242907727,4.83725978,3.565868159,-67.9938962,12.92766631,1.279594742,212.2756803,3.18038605,1.547991923,3.108295232,403.6370839,400.3998485,-0.090603757,60.93132201,1.541811705,10.35507657,12.13379333,0.000219175,69.65,47,9,1.001771579,0.177157944,53153.99707,-,-,0,0,#DIV/0!,0,-,-,0,0,#DIV/0!,0.5,1273.822489,3.108295232,#DIV/0!,0.002440132,#DIV/0!,#DIV/0!,-,0,#DIV/0!,#DIV/0!,#DIV/0!,#DIV/0!,#DIV/0!,#DIV/0!,#DIV/0!,#DIV/0!,,,,,,,,,,,,,,,,,,,,,,,,,,,,,,,,,,,1500.010323,1273.822489,0.849209148,0.177373656,6,0.5,0: Broadleaf,2,TRUE,1784913379,395.498871,399.9243871,12.14006129,10.35622258,408.4724194,13.39479355,513.4303871,102.2806774,0.100002287,32.22875806,32.12428065,999.9,0,0,9999.479355,0,21.14655161,-4.425560323,400.3592258,404.1094516,1.783836774,399.9243871,10.35622258,1.241693548,1.059242258,10.11105161,7.757735806,1500.010323,0.692002806,0.307997194,0,1322.88129,5.00019,19199.92903,11819.70968,45.812,46.625,46.437,46.304,47.82825806,1034.549677,460.4606452,0,1784913384,0,1322.817308,-8.961709412,-116.1777778,19198.82308,15,1784911532,11:45:32,1784911528,1784911532,2,0.145,-0.019,-12.974,-1.255,422,10,0.63,0.06,-4.20889425,-3.541620901,0.963857016,0,1323.238235,-8.719327736,0.884435581,0,1.78955475,-0.20927651,0.034702579,0,0,3,0/3,3.08606,2.75935,0.093546,0.0929229,0.0719505,0.0599302,32114.9,23127.3,33545.6,25780.7,39855,32831.3,49011.4,40285.8,1.9047,2.6937,0.196368,0,28.9403,999.9,40.6,32.9,19.9424,60.9874,-100,3,0.236753,0,20.241,5.20501,11.956,4.9695,3.294,7704.5,9999,9999,130.9,4.97295,1.87531,1.88156,1.88106,1.87877,1.87441,1.87452,1.87683,0,0,0,0,11111111,oooooooo,on,on,on,on,0,100,100,-12.974,-1.2547,-12.9736,0,0,0,-1.25472381,0,0,0,-1,-1,-1,-1,31,30.9,0.15625,4.99878,2.89795,2.88696,2.99805,2.31689,35.4523,15.0602,2,454.322,1290.89,30.7745,30.6079,30,30.5415,30.4653,-1,40,10,-999.9,400,20,101.842,94.5449
53,1784913507,6508.5,20260724 12:18:27,12:18:27,15,1784913499,0.001523627,1.523626561,3.467868835,398.8285917,248.5268889,25.44344611,40.83088886,0.04253742,2.296861329,0.042104569,0.026353879,266.0597947,33.80050788,32.24456452,4.841581891,25.61979395,1.247055989,4.867548864,3.594525901,-67.19193133,11.72734723,1.161240429,211.756451,3.895396314,1.453580624,3.467868835,409.0591212,404.4683333,0.103684773,60.93132201,1.523626561,10.52808786,12.24562667,0.00751619,69.65,47,9,1.001770349,0.177034873,53190.88336,-,-,0,0,#DIV/0!,0,-,-,0,0,#DIV/0!,0.5,1273.813121,3.467868835,#DIV/0!,0.002722431,#DIV/0!,#DIV/0!,-,0,#DIV/0!,#DIV/0!,#DIV/0!,#DIV/0!,#DIV/0!,#DIV/0!,#DIV/0!,#DIV/0!,,,,,,,,,,,,,,,,,,,,,,,,,,,,,,,,,,,1499.999677,1273.813121,0.84920893,0.177373235,6,0.5,0: Broadleaf,2,TRUE,1784913499,398.8677097,404.0890323,12.1810129,10.50615806,411.8413226,13.43574194,513.4674516,102.2770968,0.099938648,32.33927097,32.24456452,999.9,0,0,10010.85871,0,19.27690645,-5.221307742,403.7862581,408.3796452,1.674863226,404.0890323,10.50615806,1.24584,1.074538387,10.16079355,7.968221613,1499.999677,0.692008065,0.307991935,0,1307.757097,5.00019,18977.71935,11819.64516,45.84858065,46.679,46.45325806,46.431,47.895,1034.553226,460.4464516,0,1784913504,0,1307.683846,-7.144615385,-105.4290598,18976.59231,15,1784911532,11:45:32,1784911528,1784911532,2,0.145,-0.019,-12.974,-1.255,422,10,0.63,0.06,-5.34939275,2.10171636,0.455832193,0,1308.213235,-6.924216957,0.715635138,0,1.67306575,0.059568068,0.021667367,1,1,3,3-Jan,3.08584,2.75952,0.0942439,0.0934637,0.0724558,0.0605206,32091.6,23114.4,33547.1,25781.6,39834,32811.8,49013.6,40287.6,1.90412,2.6916,0.196122,0,29.074,999.9,40.7,32.9,19.9913,60.8374,-100,3,0.235401,0,20.2411,5.20426,11.956,4.9686,3.294,7704.5,9999,9999,130.9,4.97296,1.87531,1.88156,1.88109,1.87875,1.8744,1.87453,1.87683,0,0,0,0,11111111,oooooooo,on,on,on,on,0,100,100,-12.974,-1.2547,-12.9736,0,0,0,-1.25472381,0,0,0,-1,-1,-1,-1,33,32.9,0.15625,4.99878,2.89795,2.88574,2.99805,2.31079,35.4523,15.0339,2,453.855,1287.4,30.8266,30.5973,30,30.5252,30.4487,-1,40,10,-999.9,400,20,101.846,94.5488
54,1784913627,6628.5,20260724 12:20:27,12:20:27,15,1784913619,0.001599045,1.599044753,3.386876267,398.4200526,256.0248944,26.21111955,40.78914144,0.044339013,2.294408688,0.043868442,0.027459639,266.064086,33.83664875,32.3066,4.858577352,25.34774845,1.237945798,4.883849152,3.620631554,-70.5178736,11.36727819,1.12746112,208.0409518,4.304773507,1.556173636,3.386876267,407.3131864,403.9067333,-0.124361126,60.93132201,1.599044753,10.2505917,12.10349636,-0.00110378,69.65,47,9,1.001773392,0.177339239,53099.75351,-,-,0,0,#DIV/0!,0,-,-,0,0,#DIV/0!,0.5,1273.834643,3.386876267,#DIV/0!,0.002658804,#DIV/0!,#DIV/0!,-,0,#DIV/0!,#DIV/0!,#DIV/0!,#DIV/0!,#DIV/0!,#DIV/0!,#DIV/0!,#DIV/0!,,,,,,,,,,,,,,,,,,,,,,,,,,,,,,,,,,,1500.025161,1273.834643,0.849208851,0.177373082,6,0.5,0: Broadleaf,2,TRUE,1784913619,398.4583226,404.2072258,12.09200323,10.29784516,411.4318065,13.34672903,513.1994516,102.2772258,0.100004397,32.39849677,32.3066,999.9,0,0,9994.983871,0,21.13806774,-5.748908065,403.3353548,408.4130323,1.794148065,404.2072258,10.29784516,1.236737097,1.053235484,10.05125258,7.674265806,1500.025161,0.692011903,0.307988097,0,1293.385161,5.00019,18768.27097,11819.85484,45.937,46.75,46.55,46.5,47.99390323,1034.574839,460.4503226,0,1784913624,0,1293.321538,-6.988034193,-90.14358984,18767.25,15,1784911532,11:45:32,1784911528,1784911532,2,0.145,-0.019,-12.974,-1.255,422,10,0.63,0.06,-5.71859225,11.05245152,2.084920453,0,1293.691471,-7.467838046,0.754298008,0,1.796602,0.295851557,0.054708197,0,0,3,0/3,3.08622,2.75952,0.0941557,0.0932871,0.0718181,0.0593701,32094.9,23119.3,33547.2,25782.1,39863.4,32853.5,49013.9,40288.1,1.90535,2.68945,0.194922,0,29.1433,999.9,40.3,32.9,19.7958,60.5374,-100,3,0.234873,0,20.241,5.20471,11.956,4.96915,3.294,7704.5,9999,9999,131,4.97296,1.87531,1.88156,1.88108,1.87872,1.87443,1.87454,1.87683,0,0,0,0,11111111,oooooooo,on,on,on,on,0,100,100,-12.974,-1.2547,-12.9736,0,0,0,-1.25472381,0,0,0,-1,-1,-1,-1,35,34.9,0.15625,4.99878,2.89795,2.88574,2.99805,2.25464,35.4523,14.9989,2,454.503,1283.9,30.8922,30.5919,30,30.5146,30.4363,-1,40,10,-999.9,400,20,101.847,94.5502
55,1784913747,6748.5,20260724 12:22:27,12:22:27,15,1784913739,0.00159633,1.596329616,2.914263517,397.8372953,271.8669823,27.83279331,40.72919454,0.044205452,2.2961589,0.043738048,0.027377862,266.0638004,33.8760692,32.32532581,4.863717733,25.30434641,1.238590008,4.894771785,3.625127725,-70.39813609,13.95877861,1.383839604,211.0082825,2.710861742,1.598904339,2.914263517,405.2908247,402.3121212,-0.097520356,60.93132201,1.596329616,10.2510119,12.09580364,7.44156E-05,69.65,47,9,1.001771696,0.177169571,53150.51509,-,-,0,0,#DIV/0!,0,-,-,0,0,#DIV/0!,0.5,1273.832785,2.914263517,#DIV/0!,0.002287791,#DIV/0!,#DIV/0!,-,0,#DIV/0!,#DIV/0!,#DIV/0!,#DIV/0!,#DIV/0!,#DIV/0!,#DIV/0!,#DIV/0!,,,,,,,,,,,,,,,,,,,,,,,,,,,,,,,,,,,1500.022903,1273.832785,0.84920889,0.177373159,6,0.5,0: Broadleaf,2,TRUE,1784913739,397.8701935,401.7807742,12.09838065,10.25351935,410.8439355,13.3531129,512.7970645,102.2765161,0.099995613,32.4380871,32.32532581,999.9,0,0,10006.37097,0,20.51288387,-3.91048129,402.7428387,405.9430645,1.844872903,401.7807742,10.25351935,1.237381613,1.048693871,10.05905806,7.611039677,1500.022903,0.692009258,0.307990742,0,1279.942581,5.00019,18567.59355,11819.82258,45.933,46.75,46.504,46.671,48,1034.57129,460.4516129,0,1784913744,0,1279.883077,-6.734358989,-103.271795,18566.49615,15,1784911532,11:45:32,1784911528,1784911532,2,0.145,-0.019,-12.974,-1.255,422,10,0.63,0.06,-3.83623275,0.630104128,0.518130486,0,1280.207647,-6.598930492,0.688728833,0,1.841003,0.042676773,0.017171547,1,1,3,3-Jan,3.08564,2.75956,0.093869,0.0930021,0.0717873,0.0593418,32106,23127.3,33548.1,25782.8,39866,32855.7,49015.5,40289.4,1.9041,2.69112,0.192903,0,29.2025,999.9,40.2,32.9,19.7477,60.7774,-100,3,0.233834,0,20.2411,5.20426,11.956,4.96925,3.294,7704.5,9999,9999,131,4.97292,1.87528,1.88156,1.88102,1.8787,1.87439,1.87451,1.87682,0,0,0,0,11111111,oooooooo,on,on,on,on,0,100,100,-12.974,-1.2547,-12.9736,0,0,0,-1.25472381,0,0,0,-1,-1,-1,-1,37,36.9,0.15625,4.99878,2.89795,2.88696,2.99805,2.23999,35.4291,14.9814,2,453.679,1286.09,30.9269,30.5849,30.0001,30.504,30.4232,-1,40,10,-999.9,400,20,101.85,94.5532
56,1784913867,6868.5,20260724 12:24:27,12:24:27,15,1784913859,0.001654731,1.654730828,3.150596874,394.0964683,261.6967955,26.78975969,40.34344272,0.045046995,2.295391693,0.044561571,0.027894159,266.0558795,33.96935438,32.46134516,4.901198395,24.63328068,1.213381579,4.925781486,3.687816816,-72.97362949,10.97934456,1.090156393,205.151751,3.175064836,1.693794681,3.150596874,402.8956459,399.0127818,0.033420442,60.93132201,1.654730828,9.92242181,11.83564545,-1.59E-05,69.65,47,9,1.001773196,0.177319623,53105.61736,-,-,0,0,#DIV/0!,0,-,-,0,0,#DIV/0!,0.5,1273.794969,3.150596874,#DIV/0!,0.002473394,#DIV/0!,#DIV/0!,-,0,#DIV/0!,#DIV/0!,#DIV/0!,#DIV/0!,#DIV/0!,#DIV/0!,#DIV/0!,#DIV/0!,,,,,,,,,,,,,,,,,,,,,,,,,,,,,,,,,,,1499.978387,1273.794969,0.849208882,0.177373142,6,0.5,0: Broadleaf,2,TRUE,1784913859,394.1320645,398.6214194,11.85296452,9.898205806,407.1056774,13.10769032,512.8162581,102.2694516,0.100008571,32.55006774,32.46134516,999.9,0,0,10002.09968,0,21.81748387,-4.489361935,398.8597097,402.6064839,1.954759032,398.6214194,9.898205806,1.212196452,1.012285161,9.752169032,7.094365806,1499.978387,0.692010419,0.307989581,0,1266.299677,5.00019,18367.71935,11819.47097,46,46.86280645,46.59045161,46.75,48.08232258,1034.540645,460.4374194,0,1784913864,0,1266.206538,-6.288205132,-111.7914531,18366.72692,15,1784911532,11:45:32,1784911528,1784911532,2,0.145,-0.019,-12.974,-1.255,422,10,0.63,0.06,-4.16667875,-5.823147355,0.618934082,0,1266.708235,-6.92223071,0.714786972,0,1.98335425,-0.572506379,0.056808716,0,0,3,0/3,3.08605,2.75936,0.0933296,0.0927512,0.0706329,0.0579479,32125.6,23134.3,33548.8,25783.6,39919,32906.5,49016.1,40290.5,1.90525,2.68937,0.194795,0,29.3094,999.9,39.5,32.9,19.4028,60.6874,-100,3,0.233491,0,20.2409,5.20411,11.956,4.969,3.294,7704.5,9999,9999,131,4.97293,1.87531,1.88156,1.88105,1.87875,1.87439,1.8745,1.87683,0,0,0,0,11111111,oooooooo,on,on,on,on,0,100,100,-12.973,-1.2547,-12.9736,0,0,0,-1.25472381,0,0,0,-1,-1,-1,-1,39,38.9,0.15625,4.99878,2.89795,2.88574,2.99805,2.27051,35.4291,14.9726,2,454.302,1283.33,30.9942,30.5814,30.0001,30.4961,30.4153,-1,40,10,-999.9,400,20,101.851,94.5557
57,1784913987,6988.5,20260724 12:26:27,12:26:27,15,1784913979,0.001562143,1.562143291,3.027906914,396.0382212,262.3963945,26.86006861,40.54024376,0.042784083,2.294440105,0.042345768,0.026505112,266.058482,34.0008682,32.4552129,4.899503232,25.10000684,1.236436693,4.926041259,3.663066539,-68.89051913,11.84905743,1.176969467,210.1939897,1.132741479,1.622034105,3.027906914,401.6834743,398.9596242,-0.178434322,60.93132201,1.562143291,10.25177865,12.05761333,-0.000308762,69.65,47,9,1.001774254,0.177425395,53074.01451,-,-,0,0,#DIV/0!,0,-,-,0,0,#DIV/0!,0.5,1273.809021,3.027906914,#DIV/0!,0.002377049,#DIV/0!,#DIV/0!,-,0,#DIV/0!,#DIV/0!,#DIV/0!,#DIV/0!,#DIV/0!,#DIV/0!,#DIV/0!,#DIV/0!,,,,,,,,,,,,,,,,,,,,,,,,,,,,,,,,,,,1499.995161,1273.809021,0.849208753,0.177372893,6,0.5,0: Broadleaf,2,TRUE,1784913979,396.0724516,398.1453226,12.07876774,10.20884839,409.0460323,13.33348065,513.252871,102.2644516,0.100021277,32.55100323,32.4552129,999.9,0,0,9996.435484,0,27.52570323,-2.072890323,400.914871,402.2518387,1.869913226,398.1453226,10.20884839,1.235226774,1.044000968,10.03299774,7.545251613,1499.995161,0.692014323,0.307985677,0,1253.358065,5.00019,18175.87097,11819.61935,46.062,46.937,46.629,46.879,48.187,1034.55871,460.436129,0,1784913984,0,1253.297692,-5.418119658,-101.5452992,18174.9,15,1784911532,11:45:32,1784911528,1784911532,2,0.145,-0.019,-12.974,-1.255,422,10,0.63,0.06,-2.13684275,-0.838722889,0.597442241,0,1253.642353,-5.11963331,0.552076608,0,1.8586785,0.069540788,0.050325938,1,1,3,3-Jan,3.08661,2.75944,0.0932883,0.0924143,0.0716248,0.0596222,32125.9,23141.9,33547.4,25782.4,39872.4,32845.3,49014.4,40289.2,1.90618,2.6908,0.184052,0,29.4469,999.9,40.1,32.9,19.7006,61.1374,-100,3,0.234103,0,20.2414,5.20366,11.9559,4.9692,3.294,7704.5,9999,9999,131.1,4.97292,1.87529,1.88156,1.88108,1.87871,1.87439,1.87451,1.87683,0,0,0,0,11111111,oooooooo,on,on,on,on,0,100,100,-12.973,-1.2547,-12.9736,0,0,0,-1.25472381,0,0,0,-1,-1,-1,-1,41,40.9,0.15625,4.99878,2.89795,2.88574,2.99805,2.28027,35.4291,14.9638,2,454.852,1285.43,31.0538,30.5867,30.0002,30.4961,30.4153,-1,40,10,-999.9,400,20,101.848,94.5523
58,1784914107,7108.5,20260724 12:28:27,12:28:27,15,1784914099,0.001575779,1.575779274,3.48363481,390.7615033,241.6635868,24.73679188,39.99852071,0.04311238,2.294656242,0.042667392,0.026706718,266.0594065,33.9227398,32.33958387,4.867634857,24.44792208,1.199321323,4.905616597,3.668313534,-69.49186597,17.03918885,1.690774409,215.2975038,3.666280703,1.582600072,3.48363481,401.2634467,396.1790485,0.203293813,60.93132201,1.575779274,9.962909277,11.75396909,0.005384485,69.65,47,9,1.00177359,0.177358996,53093.84907,-,-,0,0,#DIV/0!,0,-,-,0,0,#DIV/0!,0.5,1273.811698,3.48363481,#DIV/0!,0.002734811,#DIV/0!,#DIV/0!,-,0,#DIV/0!,#DIV/0!,#DIV/0!,#DIV/0!,#DIV/0!,#DIV/0!,#DIV/0!,#DIV/0!,,,,,,,,,,,,,,,,,,,,,,,,,,,,,,,,,,,1499.998065,1273.811698,0.849208895,0.177373167,6,0.5,0: Broadleaf,2,TRUE,1784914099,390.800871,395.8022581,11.71664839,9.89150871,403.7743548,12.97137097,513.2501613,102.2604194,0.100023968,32.47731935,32.33958387,999.9,0,0,9998.227097,0,21.97101935,-5.001444194,395.4339677,399.7566129,1.825135484,395.8022581,9.89150871,1.198149032,1.01150871,9.578547742,7.082981613,1499.998065,0.692009484,0.307990516,0,1241.296774,5.00019,17996.09677,11819.6129,46.08029032,46.875,46.687,46.792,48.187,1034.553871,460.4441935,0,1784914104,0,1241.243846,-8.220170936,-94.53675216,17995.29231,15,1784911532,11:45:32,1784911528,1784911532,2,0.145,-0.019,-12.974,-1.255,422,10,0.63,0.06,-4.4657665,-14.18424811,1.391005576,0,1241.547059,-6.865699006,0.710859171,0,1.85116775,-0.635641689,0.06220233,0,0,3,0/3,3.08647,2.75949,0.0928585,0.092649,0.070288,0.058435,32141.1,23136.9,33547.5,25783.5,39933.5,32889.1,49014.7,40290.6,1.9059,2.69037,0.190642,0,29.2416,999.9,39.4,32.9,19.3542,60.8374,-100,3,0.233689,0,20.2411,5.20052,11.9557,4.9686,3.294,7704.5,9999,9999,131.1,4.97295,1.87531,1.88156,1.88109,1.87872,1.8744,1.87453,1.87683,0,0,0,0,11111111,oooooooo,on,on,on,on,0,100,100,-12.973,-1.2547,-12.9736,0,0,0,-1.25472381,0,0,0,-1,-1,-1,-1,43,42.9,0.15625,4.99878,2.89795,2.88696,2.99805,2.25952,35.4059,14.9288,2,454.668,1284.72,31.0411,30.584,30,30.4934,30.41,-1,40,10,-999.9,400,20,101.848,94.5558
59,1784914227,7228.5,20260724 12:30:27,12:30:27,15,1784914219,0.001590617,1.590617059,3.211753466,392.030566,254.5617625,26.05705613,40.12842449,0.043760058,2.294238165,0.043301593,0.027104287,266.0589901,33.92112144,32.35287742,4.871289473,24.92994958,1.223172027,4.906436023,3.648117446,-70.1462123,15.75811871,1.564065438,213.234962,2.396388785,1.576856412,3.211753466,399.7944471,396.1439515,-0.030272875,60.93132201,1.590617059,10.12097735,11.95925333,1.17396E-06,69.65,46,9,1.001736256,0.173625635,53079.56704,-,-,0,0,#DIV/0!,0,-,-,0,0,#DIV/0!,0.5,1273.809772,3.211753466,#DIV/0!,0.002521376,#DIV/0!,#DIV/0!,-,0,#DIV/0!,#DIV/0!,#DIV/0!,#DIV/0!,#DIV/0!,#DIV/0!,#DIV/0!,#DIV/0!,,,,,,,,,,,,,,,,,,,,,,,,,,,,,,,,,,,1499.995806,1273.809772,0.849208889,0.177373156,6,0.5,0: Broadleaf,2,TRUE,1784914219,392.066871,395.5881935,11.94965484,10.13045484,405.0404194,13.20437742,512.9552903,102.2604516,0.099996713,32.48028065,32.35287742,999.9,0,0,9995.520968,0,20.82784516,-3.521331935,396.8086452,399.6367419,1.819201613,395.5881935,10.13045484,1.221977097,1.035945484,9.872019032,7.431952903,1499.995806,0.692009419,0.307990581,0,1229.589677,5.00019,17822.23548,11819.61613,46.125,46.875,46.687,46.74593548,48.183,1034.552581,460.4432258,0,1784914224,0,1229.535385,-5.842735041,-86.32136748,17821.55,15,1784911532,11:45:32,1784911528,1784911532,2,0.145,-0.019,-12.974,-1.255,422,10,0.63,0.06,-3.3732515,-2.937686454,0.466713367,0,1229.868529,-5.700076386,0.598886871,0,1.82189775,-0.001624728,0.019676771,1,1,3,3-Jan,3.08596,2.75966,0.0928175,0.0921053,0.0711775,0.0586748,32143.4,23150.7,33548.3,25783.4,39894.2,32880.7,49016.2,40290.8,1.9052,2.69105,0.195857,0,29.1694,999.9,39.8,32.8,19.4453,60.0274,-100,3,0.233359,0,20.2408,5.20336,11.956,4.96895,3.294,7704.5,9999,9999,131.1,4.97298,1.87531,1.88156,1.8811,1.87872,1.87441,1.87454,1.87683,0,0,0,0,11111111,oooooooo,on,on,on,on,0,100,100,-12.974,-1.2547,-12.9736,0,0,0,-1.25472381,0,0,0,-1,-1,-1,-1,45,44.9,0.15625,4.99878,2.89795,2.88452,2.99805,2.29004,35.3827,14.9201,2,454.211,1285.69,31.0302,30.5787,30.0001,30.4881,30.4074,-1,40,10,-999.9,400,20,101.851,94.5561
60,1784914347,7348.5,20260724 12:32:27,12:32:27,15,1784914339,0.00163447,1.634469678,3.007097777,394.8020308,266.2283234,27.25097335,40.41170182,0.044551043,2.29427969,0.04407596,0.027589737,266.05813,34.00295341,32.46479032,4.902150978,24.72808256,1.219866584,4.933122416,3.682284394,-72.08011281,13.81568539,1.372647288,209.1663498,2.969038594,1.617176956,3.007097777,402.7819678,399.442703,-0.045000852,60.93132201,1.634469678,10.03438051,11.92390121,3.70592E-05,69.65,46,9,1.00173676,0.173676001,53064.20087,-,-,0,0,#DIV/0!,0,-,-,0,0,#DIV/0!,0.5,1273.807372,3.007097777,#DIV/0!,0.002360716,#DIV/0!,#DIV/0!,-,0,#DIV/0!,#DIV/0!,#DIV/0!,#DIV/0!,#DIV/0!,#DIV/0!,#DIV/0!,#DIV/0!,,,,,,,,,,,,,,,,,,,,,,,,,,,,,,,,,,,1499.993226,1273.807372,0.84920875,0.177372888,6,0.5,0: Broadleaf,2,TRUE,1784914339,394.8360323,399.0512903,11.91748387,10.05102258,407.8096774,13.1722,512.7672903,102.2594194,0.099987806,32.5764871,32.46479032,999.9,0,0,9995.890323,0,20.36033548,-4.215335484,399.5981935,403.1029355,1.866456129,399.0512903,10.05102258,1.218674516,1.027812581,9.831660645,7.316706452,1499.993226,0.692015419,0.307984581,0,1218.145806,5.00019,17648.04194,11819.60645,46.06606452,46.875,46.687,46.75,48.175,1034.557742,460.4354839,0,1784914344,0,1218.106154,-5.033162395,-96.08888889,17647.37692,15,1784911532,11:45:32,1784911528,1784911532,2,0.145,-0.019,-12.974,-1.255,422,10,0.63,0.06,-4.08835,-1.368926679,0.289511749,0,1218.377353,-4.974942704,0.530667221,0,1.8674835,0.05672758,0.014658809,1,1,3,3-Jan,3.08573,2.75945,0.093388,0.0927301,0.071018,0.0584509,32122.8,23134.5,33547.9,25783.1,39901.1,32888.5,49015.6,40290.4,1.90492,2.69,0.198893,0,29.2464,999.9,39.7,32.8,19.3936,60.7774,-100,3,0.233036,0,20.2409,5.20351,11.956,4.96885,3.294,7704.5,9999,9999,131.2,4.97297,1.87531,1.88156,1.88103,1.8787,1.87439,1.87451,1.87683,0,0,0,0,11111111,oooooooo,on,on,on,on,0,100,100,-12.974,-1.2548,-12.9736,0,0,0,-1.25472381,0,0,0,-1,-1,-1,-1,47,46.9,0.15625,4.99878,2.89795,2.88574,2.99805,2.29126,35.3365,14.8938,2,454.027,1284.03,31.0501,30.5787,30,30.4854,30.4048,-1,40,10,-999.9,400,20,101.85,94.555
61,1784914467,7468.5,20260724 12:34:27,12:34:27,15,1784914459,0.001623857,1.623857054,2.992120209,397.3235033,267.8420329,27.41471388,40.66766535,0.044045253,2.295571643,0.043581095,0.027279479,266.0585337,34.13437031,32.62434516,4.946444593,25.11697256,1.248079068,4.969066494,3.698365525,-71.61209609,10.0256652,0.996942386,205.4690452,2.91632584,1.637423937,2.992120209,405.5300841,402.0472061,-0.011237328,60.93132201,1.623857054,10.25533422,12.16111394,-0.005371307,69.65,46,9,1.001736103,0.173610335,53084.23698,-,-,0,0,#DIV/0!,0,-,-,0,0,#DIV/0!,0.5,1273.811979,2.992120209,#DIV/0!,0.00234895,#DIV/0!,#DIV/0!,-,0,#DIV/0!,#DIV/0!,#DIV/0!,#DIV/0!,#DIV/0!,#DIV/0!,#DIV/0!,#DIV/0!,,,,,,,,,,,,,,,,,,,,,,,,,,,,,,,,,,,1499.999032,1273.811979,0.849208534,0.17737247,6,0.5,0: Broadleaf,2,TRUE,1784914459,397.3573226,401.5239677,12.19374516,10.305,410.3309032,13.44847097,512.9182581,102.2540323,0.100006735,32.70535484,32.62434516,999.9,0,0,10004.77194,0,21.27810323,-4.166658387,402.2624194,405.7049032,1.888754194,401.5239677,10.305,1.246860323,1.053726774,10.17311613,7.681060645,1499.999032,0.692023,0.307977,0,1206.456129,5.00019,17474.62903,11819.68387,46.12093548,47,46.73374194,46.875,48.23577419,1034.572581,460.4264516,0,1784914464,0,1206.43,-5.65606839,-81.37777777,17474.02692,15,1784911532,11:45:32,1784911528,1784911532,2,0.145,-0.019,-12.974,-1.255,422,10,0.63,0.06,-4.59201575,7.264334296,0.827142948,0,1206.743824,-5.236516423,0.547131637,0,1.857791,0.556366154,0.054868655,0,0,3,0/3,3.0861,2.75953,0.093808,0.0928377,0.0720519,0.0592306,32107.2,23131.6,33547.2,25783,39853.5,32860.6,49015,40290.6,1.90548,2.69215,0.196286,0,29.4379,999.9,40.3,32.8,19.688,60.2373,-100,3,0.233384,0,20.241,5.20381,11.956,4.9692,3.294,7704.5,9999,9999,131.2,4.97291,1.87528,1.88155,1.88105,1.87868,1.87439,1.8745,1.87683,0,0,0,0,11111111,oooooooo,on,on,on,on,0,100,100,-12.974,-1.2547,-12.9736,0,0,0,-1.25472381,0,0,0,-1,-1,-1,-1,49,48.9,0.15625,4.99878,2.89795,2.88574,2.99805,2.25464,35.3365,14.8588,2,454.395,1287.33,31.111,30.5867,30,30.4907,30.41,-1,40,10,-999.9,400,20,101.848,94.555
62,1784914587,7588.5,20260724 12:36:27,12:36:27,15,1784914579,0.001564427,1.564427311,2.422221976,421.666269,309.2652065,31.65288113,43.15697986,0.042998154,2.293474634,0.042555282,0.026636461,266.0538508,34.09787138,32.54843226,4.92532736,25.77684473,1.276762953,4.953139016,3.648564407,-68.99124441,12.35460901,1.228851709,210.6460671,1.431358418,1.536760429,2.422221976,425.273173,424.7089273,-0.481374718,60.93132201,1.564427311,10.64984464,12.45964182,-0.000516044,69.65,46,9,1.001738046,0.17380461,53025.00329,-,-,0,0,#DIV/0!,0,-,-,0,0,#DIV/0!,0.5,1273.782192,2.422221976,#DIV/0!,0.001901598,#DIV/0!,#DIV/0!,-,0,#DIV/0!,#DIV/0!,#DIV/0!,#DIV/0!,#DIV/0!,#DIV/0!,#DIV/0!,#DIV/0!,,,,,,,,,,,,,,,,,,,,,,,,,,,,,,,,,,,1499.962903,1273.782192,0.84920913,0.177373621,6,0.5,0: Broadleaf,2,TRUE,1784914579,421.6936774,424.122871,12.47464194,10.70276452,434.6672258,13.72936129,512.9892903,102.2486452,0.100020216,32.64835161,32.54843226,999.9,0,0,9991.739355,0,20.99681613,-2.429208342,427.0204839,428.7114194,1.771867419,424.122871,10.70276452,1.275514194,1.094343226,10.5133871,8.236813871,1499.962903,0.692002,0.307998,0,1196.079677,5.00019,17319.62903,11819.32258,46.143,47.062,46.812,46.75,48.25,1034.517742,460.4451613,0,1784914584,0,1196.043846,-2.838974365,-45.66837617,17319.6,15,1784911532,11:45:32,1784911528,1784911532,2,0.145,-0.019,-12.974,-1.255,422,10,0.63,0.06,-4.22214755,33.1193916,3.462419812,0,1196.279118,-3.152482815,0.389398991,0,1.7612405,0.286466792,0.037321894,0,0,3,0/3,3.08619,2.75933,0.0976219,0.0962701,0.0733621,0.0612231,31970.3,23041.5,33545.3,25780,39792.5,32786.2,49012.4,40286.5,1.90545,2.6912,0.195056,0,29.3938,999.9,41.4,32.8,20.2282,60.6574,-100,3,0.235523,0,20.241,5.20381,11.956,4.9691,3.294,7704.5,9999,9999,131.2,4.97294,1.8753,1.88155,1.88106,1.87871,1.87439,1.87452,1.87683,0,0,0,0,11111111,oooooooo,on,on,on,on,0,100,100,-12.974,-1.2547,-12.9736,0,0,0,-1.25472381,0,0,0,-1,-1,-1,-1,51,50.9,0.15625,4.99878,2.89795,2.88574,2.99805,2.29126,35.3365,14.85,2,454.501,1286.21,31.1354,30.5999,30.0001,30.5066,30.4232,-1,40,10,-999.9,400,20,101.842,94.5449
63,1784914707,7708.5,20260724 12:38:27,12:38:27,15,1784914699,0.001508503,1.508503142,2.556914806,409.0662819,286.6869682,29.34078668,41.86561598,0.04062934,2.295296725,0.04023399,0.025181444,266.0595023,34.23849754,32.69327742,4.965688183,24.95902802,1.244893693,4.987749089,3.72079449,-66.52498858,9.743445807,0.969639726,210.2475993,1.217674253,1.518624823,2.556914806,414.2545157,412.4372242,-0.251935217,60.93132201,1.508503142,10.54542293,12.21969152,0.012243827,69.65,47,9,1.001774609,0.177460915,53063.41026,-,-,0,0,#DIV/0!,0,-,-,0,0,#DIV/0!,0.5,1273.816634,2.556914806,#DIV/0!,0.002007286,#DIV/0!,#DIV/0!,-,0,#DIV/0!,#DIV/0!,#DIV/0!,#DIV/0!,#DIV/0!,#DIV/0!,#DIV/0!,#DIV/0!,,,,,,,,,,,,,,,,,,,,,,,,,,,,,,,,,,,1500.004516,1273.816634,0.849208532,0.177372468,6,0.5,0: Broadleaf,2,TRUE,1784914699,409.0951935,411.2413226,12.16377742,10.4141129,422.0685806,13.41849355,513.514129,102.2442903,0.100043171,32.77201613,32.69327742,999.9,0,0,10003.94677,0,21.5595,-2.146310968,414.1323871,415.5689355,1.749660323,411.2413226,10.4141129,1.243675806,1.064782581,10.13486774,7.833696452,1500.004516,0.692023839,0.307976161,0,1185.716129,5.00019,17163.62903,11819.72581,46.171,47.125,46.81606452,46.75,48.25,1034.576452,460.4280645,0,1784914704,0,1185.680385,-7.060854701,-91.05982907,17162.94231,15,1784911532,11:45:32,1784911528,1784911532,2,0.145,-0.019,-12.974,-1.255,422,10,0.63,0.06,-2.21480325,-0.870976323,0.773931871,0,1186.076176,-6.653781503,0.688762807,0,1.79229625,-0.933041764,0.093400689,0,0,3,0/3,3.08654,2.75948,0.0955606,0.0945132,0.0723398,0.0608982,32041.1,23085.4,33543.2,25779.2,39836.1,32796.4,49009.6,40285.5,1.90567,2.69303,0.195913,0,29.5213,999.9,41,32.8,20.0335,60.4474,-100,3,0.237287,0,20.2412,5.20396,11.956,4.96895,3.294,7704.5,9999,9999,131.3,4.97296,1.8753,1.88156,1.88106,1.87873,1.8744,1.87453,1.87683,0,0,0,0,11111111,oooooooo,on,on,on,on,0,100,100,-12.973,-1.2547,-12.9736,0,0,0,-1.25472381,0,0,0,-1,-1,-1,-1,53,52.9,0.15625,4.99878,2.89795,2.88574,2.99805,2.24487,35.3596,14.8238,2,454.757,1289.28,31.1823,30.6212,30,30.5226,30.439,-1,40,10,-999.9,400,20,101.836,94.5424
64,1784914827,7828.6,20260724 12:40:27,12:40:27,15,1784914819,0.001538295,1.538294823,3.975699342,439.4280546,263.677561,26.98449668,44.97062562,0.041470513,2.294877526,0.041058638,0.025698313,266.0588426,34.30899134,32.78967419,4.992708193,25.46627332,1.275925289,5.010255224,3.716782903,-67.8388017,7.715029362,0.768582638,206.7036529,9.145099529,1.53330136,3.975699342,460.5284557,452.2637758,0.748932385,60.93132201,1.538294823,10.65193633,12.44825091,-0.003992159,69.65,47,9,1.00177554,0.177554048,53035.62612,-,-,0,0,#DIV/0!,0,-,-,0,0,#DIV/0!,0.5,1273.813605,3.975699342,#DIV/0!,0.0031211,#DIV/0!,#DIV/0!,-,0,#DIV/0!,#DIV/0!,#DIV/0!,#DIV/0!,#DIV/0!,#DIV/0!,#DIV/0!,#DIV/0!,,,,,,,,,,,,,,,,,,,,,,,,,,,,,,,,,,,1500.000968,1273.813605,0.849208522,0.177372447,6,0.5,0: Broadleaf,2,TRUE,1784914819,439.4730323,450.9239032,12.46763548,10.70204516,452.4465484,13.72236452,513.6413871,102.239,0.099995313,32.85203226,32.78967419,999.9,0,0,10001.7529,0,19.40205161,-11.45098871,445.0214194,455.8019677,1.765593548,450.9239032,10.70204516,1.274678387,1.094165484,10.50355161,8.234330323,1500.000968,0.692023,0.307977,0,1173.18,5.00019,16981.65161,11819.69355,46.25,47.258,46.937,46.875,48.32825806,1034.574516,460.4264516,0,1784914824,0,1173.127308,-3.239999979,-49.57264961,16981.35385,15,1784911532,11:45:32,1784911528,1784911532,2,0.145,-0.019,-12.974,-1.255,422,10,0.63,0.06,-13.04513512,39.38733345,7.018189156,0,1173.319706,-3.682352931,0.417016612,0,1.725679512,0.810948502,0.090943563,0,0,3,0/3,3.08676,2.75965,0.102219,0.100289,0.0732842,0.0607265,31803.4,22936.7,33541.2,25777.6,39792.3,32801.4,49007.1,40283.3,1.90595,2.69085,0.196375,0,29.5893,999.9,41.3,32.8,20.1792,60.4855,-100,3,0.239393,0,20.241,5.20396,11.956,4.969,3.294,7704.5,9999,9999,131.3,4.97293,1.87529,1.88156,1.88109,1.8788,1.8744,1.87453,1.87683,0,0,0,0,11111111,oooooooo,on,on,on,on,0,100,100,-12.974,-1.2547,-12.9736,0,0,0,-1.25472381,0,0,0,-1,-1,-1,-1,55,54.9,0.15625,4.99878,2.89795,2.88574,2.99805,2.27295,35.3827,14.8062,2,455.123,1286.57,31.252,30.6505,30.0002,30.5491,30.4626,-1,40,10,-999.9,400,20,101.831,94.537
65,1784914947,7948.6,20260724 12:42:27,12:42:27,15,1784914939,0.001586726,1.586725658,2.997529752,395.6192141,260.6177802,26.67003916,40.48526515,0.042059778,2.293661686,0.041635957,0.026060196,266.0590164,34.3843147,32.87093226,5.01558411,24.52020416,1.234788482,5.035800167,3.780795628,-69.97460152,8.846581621,0.882519527,205.8135161,2.898779338,1.568629071,2.997529752,403.5822528,400.3289455,-0.05983264,60.93132201,1.586725658,10.2511895,12.08203091,0.000115476,69.65,46,9,1.001739529,0.173952947,52979.86502,-,-,0,0,#DIV/0!,0,-,-,0,0,#DIV/0!,0.5,1273.806366,2.997529752,#DIV/0!,0.002353207,#DIV/0!,#DIV/0!,-,0,#DIV/0!,#DIV/0!,#DIV/0!,#DIV/0!,#DIV/0!,#DIV/0!,#DIV/0!,#DIV/0!,,,,,,,,,,,,,,,,,,,,,,,,,,,,,,,,,,,1499.99129,1273.806366,0.849209175,0.177373708,6,0.5,0: Broadleaf,2,TRUE,1784914939,395.6531613,399.7592258,12.06626774,10.25883871,408.6267097,13.32099355,513.5397097,102.2339032,0.100017142,32.94247419,32.87093226,999.9,0,0,9994.389355,0,19.84011613,-4.106076452,400.4855806,403.902871,1.807429355,399.7592258,10.25883871,1.23358129,1.048800645,10.01310774,7.612544194,1499.99129,0.692001452,0.307998548,0,1162.474194,5.00019,16820.47419,11819.55484,46.312,47.31606452,46.96951613,47.062,48.437,1034.535161,460.456129,0,1784914944,0,1162.496154,-5.621196593,-90.82393163,16819.86154,15,1784911532,11:45:32,1784911528,1784911532,2,0.145,-0.019,-12.974,-1.255,422,10,0.63,0.06,-4.23464425,2.777957336,0.58253986,0,1162.783235,-5.928342246,0.634181829,0,1.81656625,-0.072538424,0.025402797,1,1,3,3-Jan,3.08671,2.75952,0.093487,0.09267,0.0716859,0.0593848,32110.7,23130.3,33539.4,25777.2,39861.3,32847.2,49005.1,40282.7,1.90572,2.68862,0.191763,0,29.7573,999.9,40.4,32.8,19.7416,60.4556,-100,3,0.241458,0,20.2413,5.20426,11.956,4.9693,3.294,7704.5,9999,9999,131.3,4.97291,1.8753,1.88154,1.88108,1.87872,1.87441,1.87453,1.87683,0,0,0,0,11111111,oooooooo,on,on,on,on,0,100,100,-12.974,-1.2547,-12.9736,0,0,0,-1.25472381,0,0,0,-1,-1,-1,-1,57,56.9,0.15625,4.99878,2.89795,2.88696,2.99805,2.27173,35.3827,14.7712,2,455.168,1283.77,31.3172,30.6798,30.0002,30.5726,30.4858,-1,40,10,-999.9,400,20,101.826,94.5356
66,1784915067,8068.6,20260724 12:44:27,12:44:27,15,1784915059,0.001577292,1.577292465,3.031459279,391.7279389,256.9444393,26.29368977,40.08638182,0.042428596,2.294822203,0.041997566,0.02628684,266.0608653,34.20993717,32.62997097,4.948012695,24.48065307,1.220583162,4.985909314,3.727429533,-69.55859771,16.76265332,1.667944254,214.9328652,3.117173112,1.622263667,3.031459279,400.4205112,396.6062606,0.051503255,60.93132201,1.577292465,10.10379297,11.91992242,6.63117E-05,69.65,47,9,1.001775103,0.177510288,53048.67728,-,-,0,0,#DIV/0!,0,-,-,0,0,#DIV/0!,0.5,1273.816363,3.031459279,#DIV/0!,0.002379824,#DIV/0!,#DIV/0!,-,0,#DIV/0!,#DIV/0!,#DIV/0!,#DIV/0!,#DIV/0!,#DIV/0!,#DIV/0!,#DIV/0!,,,,,,,,,,,,,,,,,,,,,,,,,,,,,,,,,,,1500.003226,1273.816363,0.849209082,0.177373529,6,0.5,0: Broadleaf,2,TRUE,1784915059,391.7622258,396.1297419,11.92765484,10.06273871,404.7358065,13.18237419,514.7810968,102.2321935,0.100006545,32.76546129,32.62997097,999.9,0,0,10002.06097,0,19.80320645,-4.367361935,396.4914839,400.1562903,1.864912903,396.1297419,10.06273871,1.219389355,1.028734839,9.840382258,7.329770645,1500.003226,0.692003548,0.307996452,0,1152.1,5.00019,16662.99032,11819.66452,46.375,47.25,46.97967742,47.125,48.45325806,1034.548065,460.4551613,0,1784915064,0,1152.089231,-4.392478642,-71.03931624,16662.48846,15,1784911532,11:45:32,1784911528,1784911532,2,0.145,-0.019,-12.974,-1.255,422,10,0.63,0.06,-4.603971707,3.58984662,0.546579607,0,1152.375294,-4.951566082,0.547970777,0,1.869325366,-0.156494425,0.031637035,0,0,3,0/3,3.08798,2.75953,0.0928572,0.0922723,0.0709763,0.0588653,32131.8,23140,33538.3,25776.8,39892.1,32865,49003.7,40282.1,1.90795,2.69065,0.190765,0,29.5289,999.9,40,32.8,19.5442,61.0855,-100,3,0.242348,0,20.2414,5.20516,11.956,4.9695,3.29402,7704.5,9999,9999,131.4,4.97292,1.87531,1.88156,1.88106,1.87871,1.8744,1.87452,1.87683,0,0,0,0,11111111,oooooooo,on,on,on,on,0,100,100,-12.974,-1.2548,-12.9736,0,0,0,-1.25472381,0,0,0,-1,-1,-1,-1,59,58.9,0.15625,4.99878,2.89795,2.88696,2.99805,2.26562,35.3827,14.7625,2,456.621,1287.08,31.306,30.6958,30,30.5889,30.4996,-1,40,10,-999.9,400,20,101.823,94.5341
67,1784915187,8188.6,20260724 12:46:27,12:46:27,15,1784915179,0.001646981,1.646981487,2.936724671,392.3897061,265.6529264,27.18544591,40.15498446,0.044319151,2.295516989,0.043849223,0.02744757,266.0594362,34.15011287,32.59348065,4.937849305,24.31090547,1.209606064,4.975569773,3.728243241,-72.63188356,16.71982291,1.662580251,211.8099558,2.807286815,1.662232711,2.936724671,400.1804055,396.8980121,-0.037145871,60.93132201,1.646981487,9.906279372,11.80519212,-0.000143591,69.65,46,9,1.001736308,0.173630809,53077.98809,-,-,0,0,#DIV/0!,0,-,-,0,0,#DIV/0!,0.5,1273.815134,2.936724671,#DIV/0!,0.002305456,#DIV/0!,#DIV/0!,-,0,#DIV/0!,#DIV/0!,#DIV/0!,#DIV/0!,#DIV/0!,#DIV/0!,#DIV/0!,#DIV/0!,,,,,,,,,,,,,,,,,,,,,,,,,,,,,,,,,,,1500.002581,1273.815134,0.849208628,0.177372652,6,0.5,0: Broadleaf,2,TRUE,1784915179,392.4229032,396.452,11.82012581,9.907806774,405.3964194,13.07485806,514.4655484,102.2344516,0.099997613,32.72858387,32.59348065,999.9,0,0,10006.33452,0,18.53694839,-4.029132581,397.1169355,400.4193548,1.912319677,396.452,9.907806774,1.208423871,1.012919355,9.705721935,7.103532258,1500.002581,0.692019806,0.307980194,0,1142.665161,5.00019,16519.3871,11819.70323,46.34248387,47.125,46.937,47.07012903,48.437,1034.570323,460.4322581,0,1784915184,0,1142.64,-4.490256408,-75.05299146,16518.88846,15,1784911532,11:45:32,1784911528,1784911532,2,0.145,-0.019,-12.974,-1.255,422,10,0.63,0.06,-3.975029,-0.431443677,0.244627338,1,1142.884412,-4.497937354,0.477777891,0,1.90658675,0.049736398,0.016984435,1,2,3,3-Feb,3.08764,2.75945,0.0929114,0.0923177,0.0704598,0.0580362,32129.6,23139.1,33538,25777.2,39915,32894.9,49003,40282.4,1.90762,2.68832,0.194632,0,29.4366,999.9,39.6,32.8,19.351,60.5455,-100,3,0.242464,0,20.241,5.20531,11.956,4.9695,3.29402,7704.5,9999,9999,131.4,4.97296,1.8753,1.88156,1.88109,1.87872,1.87442,1.87451,1.87683,0,0,0,0,11111111,oooooooo,on,on,on,on,0,100,100,-12.973,-1.2547,-12.9736,0,0,0,-1.25472381,0,0,0,-1,-1,-1,-1,61,60.9,0.15625,4.99878,2.89795,2.88574,2.99805,2.23389,35.3596,14.7362,2,456.447,1283.74,31.2694,30.6985,30.0001,30.5916,30.5048,-1,40,10,-999.9,400,20,101.822,94.535
68,1784915307,8308.6,20260724 12:48:27,12:48:27,15,1784915299,0.001643239,1.643238857,2.94509355,395.8739319,266.004858,27.22270642,40.51339479,0.043369778,2.295102498,0.042919577,0.026864795,266.0604048,34.38931079,32.8828,5.018932759,24.1969541,1.220165708,5.042641744,3.798767051,-72.4668336,10.37246508,1.034272083,205.0003084,4.406358435,1.588605263,2.94509355,406.4883015,402.1448727,0.184389714,60.93132201,1.643238857,10.11415953,11.97161515,0.006341697,69.65,46,9,1.001738107,0.173810653,53023.163,-,-,0,0,#DIV/0!,0,-,-,0,0,#DIV/0!,0.5,1273.819789,2.94509355,#DIV/0!,0.002312017,#DIV/0!,#DIV/0!,-,0,#DIV/0!,#DIV/0!,#DIV/0!,#DIV/0!,#DIV/0!,#DIV/0!,#DIV/0!,#DIV/0!,,,,,,,,,,,,,,,,,,,,,,,,,,,,,,,,,,,1500.008065,1273.819789,0.849208627,0.17737265,6,0.5,0: Broadleaf,2,TRUE,1784915299,395.9072581,401.7659032,11.92276774,10.09687419,408.8810323,13.17749677,514.8958387,102.2391613,0.099971252,32.96662903,32.8828,999.9,0,0,10003.19226,0,17.63780323,-5.858610645,400.6846452,405.8639677,1.825913226,401.7659032,10.09687419,1.218974194,1.032293548,9.83526871,7.380293871,1500.008065,0.692019226,0.307980774,0,1132.187742,5.00019,16359.37097,11819.74839,46.312,47.165,46.937,47.062,48.437,1034.574194,460.433871,0,1784915304,0,1132.146538,-5.583247863,-88.92991452,16358.88462,15,1784911532,11:45:32,1784911528,1784911532,2,0.145,-0.019,-12.974,-1.255,422,10,0.63,0.06,-5.64778325,-2.54251531,0.535165605,0,1132.437059,-5.68097785,0.601652281,0,1.83998125,-0.158991782,0.030319432,0,0,3,0/3,3.08765,2.75953,0.0938287,0.0935495,0.0712105,0.058884,32098.4,23108.5,33539.3,25778,39882.6,32866.2,49004.8,40284,1.90758,2.68735,0.200346,0,29.6603,999.9,39.8,32.8,19.4464,60.7855,-100,3,0.241159,0,20.2413,5.20426,11.956,4.96925,3.294,7704.5,9999,9999,131.4,4.97293,1.87529,1.88153,1.88105,1.87869,1.8744,1.87451,1.87683,0,0,0,0,11111111,oooooooo,on,on,on,on,0,100,100,-12.974,-1.2547,-12.9736,0,0,0,-1.25472381,0,0,0,-1,-1,-1,-1,63,62.9,0.15625,4.99878,2.89795,2.88696,2.99805,2.24731,35.3365,14.7187,2,456.397,1282.28,31.3242,30.6931,30.0001,30.5889,30.5048,-1,40,10,-999.9,400,20,101.826,94.5386
69,1784915427,8428.6,20260724 12:50:27,12:50:27,15,1784915419,0.001618511,1.618511409,2.72468775,406.8886254,281.0116684,28.75871795,41.64095849,0.042072473,2.294898547,0.041648624,0.026068115,266.0603555,34.62034268,33.16299677,5.098561397,24.37748365,1.244772934,5.106240463,3.853788463,-71.37635313,3.318159519,0.331711206,198.3338731,2.169426817,1.626008836,2.72468775,412.9585923,410.9587636,-0.254379936,60.93132201,1.618511409,10.30926949,12.17154606,0.000175116,69.65,46,9,1.001739596,0.173959643,52977.82925,-,-,0,0,#DIV/0!,0,-,-,0,0,#DIV/0!,0.5,1273.814389,2.72468775,#DIV/0!,0.002138999,#DIV/0!,#DIV/0!,-,0,#DIV/0!,#DIV/0!,#DIV/0!,#DIV/0!,#DIV/0!,#DIV/0!,#DIV/0!,#DIV/0!,,,,,,,,,,,,,,,,,,,,,,,,,,,,,,,,,,,1500.000968,1273.814389,0.849209045,0.177373456,6,0.5,0: Broadleaf,2,TRUE,1784915419,406.9194839,410.2143871,12.16311935,10.29453548,419.8931613,13.41785484,514.8522903,102.2399677,0.099974645,33.18981613,33.16299677,999.9,0,0,10001.79419,0,17.54442903,-3.294942581,411.9298065,414.4814516,1.868586774,410.2143871,10.29453548,1.243556774,1.052512903,10.13347419,7.664303548,1500.000968,0.692003968,0.307996032,0,1121.54,5.00019,16200.84516,11819.62581,46.268,47.312,46.937,47.125,48.45122581,1034.548387,460.4525806,0,1784915424,0,1121.503846,-4.598974355,-67.57606836,16200.45385,15,1784911532,11:45:32,1784911528,1784911532,2,0.145,-0.019,-12.974,-1.255,422,10,0.63,0.06,-4.15992122,13.75622362,1.742093032,0,1121.784706,-4.49167303,0.483901031,0,1.853938049,0.168115192,0.02898534,0,0,3,0/3,3.0875,2.75944,0.0953105,0.0946783,0.0720913,0.0598181,32047.1,23080.2,33540.5,25778.5,39844.3,32833.7,49006.5,40284.9,1.90758,2.68722,0.193395,0,30.0416,999.9,40.4,32.8,19.7412,60.9355,-100,3,0.239911,0,20.2412,5.20426,11.956,4.96915,3.294,7704.5,9999,9999,131.5,4.97294,1.87529,1.88154,1.88106,1.87872,1.87441,1.87449,1.87683,0,0,0,0,11111111,oooooooo,on,on,on,on,0,100,100,-12.973,-1.2547,-12.9736,0,0,0,-1.25472381,0,0,0,-1,-1,-1,-1,65,64.9,0.15625,4.99878,2.89795,2.88696,2.99805,2.28271,35.3365,14.7099,2,456.377,1282.02,31.4598,30.6852,30,30.5863,30.5022,-1,40,10,-999.9,400,20,101.829,94.5404
70,1784915547,8548.6,20260724 12:52:27,12:52:27,15,1784915539,0.001494646,1.49464631,3.184202615,434.64279,280.9168922,28.74810582,44.47990587,0.039020128,2.296026566,0.038655437,0.02419213,266.0606084,34.75471397,33.2633129,5.127336057,25.21760307,1.294552237,5.133526106,3.83278382,-65.91390226,2.663339267,0.266373787,203.0764192,1.821552588,1.537801573,3.184202615,441.8621102,438.8251576,-0.150280608,60.93132201,1.49464631,10.92994117,12.64763879,0.000285081,69.65,47,9,1.00177679,0.177679043,52998.3821,-,-,0,0,#DIV/0!,0,-,-,0,0,#DIV/0!,0.5,1273.815985,3.184202615,#DIV/0!,0.002499735,#DIV/0!,#DIV/0!,-,0,#DIV/0!,#DIV/0!,#DIV/0!,#DIV/0!,#DIV/0!,#DIV/0!,#DIV/0!,#DIV/0!,,,,,,,,,,,,,,,,,,,,,,,,,,,,,,,,,,,1500.002903,1273.815985,0.849209013,0.177373396,6,0.5,0: Broadleaf,2,TRUE,1784915539,434.6788387,437.5759355,12.64993226,10.88422903,447.6525161,13.90464194,515.0200645,102.2367097,0.099983548,33.28482903,33.2633129,999.9,0,0,10009.41065,0,17.66779677,-2.897122258,440.2479677,442.391,1.765687097,437.5759355,10.88422903,1.293284839,1.112766774,10.72101935,8.482940645,1500.002903,0.692006903,0.307993097,0,1111.829677,5.00019,16055.76774,11819.65806,46.312,47.437,47,47.125,48.5,1034.55129,460.4516129,0,1784915544,0,1111.821923,-3.402735042,-48.08205131,16055.48462,15,1784911532,11:45:32,1784911528,1784911532,2,0.145,-0.019,-12.974,-1.255,422,10,0.63,0.06,-2.941325122,0.289727666,1.401127914,1,1111.943529,-2.807333839,0.366388434,0,1.784673171,-0.458760418,0.04953945,0,1,3,3-Jan,3.08779,2.7593,0.0999867,0.0994063,0.0741721,0.0624282,31879.9,22958.4,33538.8,25776.9,39748.9,32739.4,49004.5,40283,1.90765,2.68792,0.184484,0,30.2415,999.9,42,32.8,20.5245,60.6055,-100,3,0.241044,0,20.2409,5.20456,11.956,4.96955,3.294,7704.5,9999,9999,131.5,4.97292,1.87527,1.88155,1.881,1.87871,1.87439,1.87449,1.87683,0,0,0,0,11111111,oooooooo,on,on,on,on,0,100,100,-12.974,-1.2547,-12.9736,0,0,0,-1.25472381,0,0,0,-1,-1,-1,-1,67,66.9,0.15625,4.99878,2.89795,2.88696,2.99805,2.24854,35.3596,14.6749,2,456.479,1283.26,31.581,30.6931,30.0001,30.5938,30.5101,-1,40,10,-999.9,400,20,101.825,94.5355
71,1784915667,8668.6,20260724 12:54:27,12:54:27,15,1784915659,0.001578791,1.578791183,1.309307486,427.9023334,353.5955109,36.18369931,43.78757334,0.041835491,2.294447321,0.041416296,0.025922498,266.0589599,34.53232726,33.00723548,5.054161276,25.09052772,1.273920981,5.077298475,3.780240294,-69.62469119,10.05866237,1.004480567,207.4974117,0.794739526,1.56371764,1.309307486,427.1356607,430.1391879,-0.956282887,60.93132201,1.578791183,10.57787954,12.40139152,-0.001003867,69.65,46,9,1.001739514,0.173951416,52980.33071,-,-,0,0,#DIV/0!,0,-,-,0,0,#DIV/0!,0.5,1273.812688,1.309307486,#DIV/0!,0.001027865,#DIV/0!,#DIV/0!,-,0,#DIV/0!,#DIV/0!,#DIV/0!,#DIV/0!,#DIV/0!,#DIV/0!,#DIV/0!,#DIV/0!,,,,,,,,,,,,,,,,,,,,,,,,,,,,,,,,,,,1499.999677,1273.812688,0.849208642,0.177372678,6,0.5,0: Broadleaf,2,TRUE,1784915659,427.9171613,429.6224516,12.44905161,10.65160645,440.8907097,13.70376774,514.5755161,102.2307419,0.100023571,33.08855161,33.00723548,999.9,0,0,9999.778387,0,18.26590968,-1.705278877,433.3114516,434.2481935,1.797442258,429.6224516,10.65160645,1.272675484,1.088921613,10.47994839,8.163591613,1499.999677,0.69201971,0.30798029,0,1102.489677,5.00019,15915.62903,11819.68065,46.375,47.437,47.062,47,48.5,1034.567419,460.4319355,0,1784915664,0,1102.516923,-1.964444462,-26.76581197,15915.41923,15,1784911532,11:45:32,1784911528,1784911532,2,0.145,-0.019,-12.974,-1.255,422,10,0.63,0.06,-4.157637129,59.53071007,6.160009312,0,1102.619118,-2.536440036,0.336402837,0,1.77465325,0.384784728,0.05252946,0,0,3,0/3,3.08754,2.7594,0.0984438,0.0962405,0.0730574,0.0605303,31932.5,23037.6,33536.8,25775.4,39797.3,32804.9,49002.1,40280.9,1.90735,2.68887,0.192687,0,29.8652,999.9,41.4,32.8,20.2306,60.3655,-100,3,0.243056,0,20.2409,5.20441,11.956,4.969,3.294,7704.5,9999,9999,131.5,4.97289,1.87525,1.88154,1.88104,1.87873,1.8744,1.87449,1.87683,0,0,0,0,11111111,oooooooo,on,on,on,on,0,100,100,-12.973,-1.2547,-12.9736,0,0,0,-1.25472381,0,0,0,-1,-1,-1,-1,69,68.9,0.15625,4.99878,2.89795,2.88696,2.99805,2.27417,35.3596,14.6574,2,456.364,1284.87,31.5317,30.7063,30.0002,30.6022,30.5181,-1,40,10,-999.9,400,20,101.819,94.5303
72,1784915787,8788.6,20260724 12:56:27,12:56:27,15,1784915779,0.001510231,1.510231355,3.282397266,395.5164936,242.3115137,24.79479054,40.4716576,0.039632619,2.293900618,0.039256105,0.024568596,266.0619445,34.53941269,32.98140323,5.046830348,24.2657981,1.23097531,5.072882023,3.815855038,-66.60120276,11.33444225,1.131923256,211.9271073,4.811628332,1.468662536,3.282397266,408.2230817,402.5672,0.376138707,60.93132201,1.510231355,10.41348563,12.10018242,0.009753437,69.65,46,9,1.00174002,0.174002023,52964.94859,-,-,0,0,#DIV/0!,0,-,-,0,0,#DIV/0!,0.5,1273.818143,3.282397266,#DIV/0!,0.002576818,#DIV/0!,#DIV/0!,-,0,#DIV/0!,#DIV/0!,#DIV/0!,#DIV/0!,#DIV/0!,#DIV/0!,#DIV/0!,#DIV/0!,,,,,,,,,,,,,,,,,,,,,,,,,,,,,,,,,,,1500.004839,1273.818143,0.849209356,0.177374058,6,0.5,0: Broadleaf,2,TRUE,1784915779,395.5536774,401.8319677,12.02992581,10.34095806,408.5271935,13.28465484,514.5546129,102.2260968,0.099996452,33.07305484,32.98140323,999.9,0,0,9996.697419,0,19.46304516,-6.278314194,400.3700645,406.0307742,1.68897,401.8319677,10.34095806,1.229774194,1.057117097,9.966875484,7.728107419,1500.004839,0.691996,0.308004,0,1092.626129,5.00019,15768.48065,11819.63871,46.45325806,47.4756129,47.125,47.125,48.562,1034.535484,460.4693548,0,1784915784,0,1092.585769,-4.057777779,-79.12478631,15768,15,1784911532,11:45:32,1784911528,1784911532,2,0.145,-0.019,-12.974,-1.255,422,10,0.63,0.06,-5.89807875,-8.835304053,0.890420993,0,1092.849412,-4.9815126,0.521033708,0,1.71019425,-0.396505779,0.040342308,0,0,3,0/3,3.08747,2.75948,0.0938936,0.0937206,0.0717776,0.0602885,32092,23100.6,33535.2,25774.1,39852.5,32811.2,48999.9,40278.9,1.90688,2.68848,0.19636,0,29.7978,999.9,40.7,32.8,19.8892,61.0855,-100,3,0.245216,0,20.2406,5.20411,11.956,4.96955,3.294,7704.5,9999,9999,131.6,4.97292,1.87529,1.88155,1.88107,1.87873,1.87439,1.87452,1.87683,0,0,0,0,11111111,oooooooo,on,on,on,on,0,100,100,-12.973,-1.2547,-12.9736,0,0,0,-1.25472381,0,0,0,-1,-1,-1,-1,71,70.9,0.15625,4.99878,2.89795,2.88696,2.99805,2.24854,35.3596,14.6311,2,456.215,1284.6,31.5103,30.7279,30.0002,30.6198,30.5334,-1,40,10,-999.9,400,20,101.814,94.5256
73,1784915907,8908.6,20260724 12:58:27,12:58:27,15,1784915899,0.001608241,1.608240971,2.473576134,408.6572003,294.8985896,30.17597615,41.81651037,0.043129499,2.295080922,0.042684241,0.026717272,266.06094,34.4245097,32.88379032,5.019212281,25.39909695,1.28250476,5.049410862,3.736707521,-70.92342681,13.20344477,1.316731122,209.6576891,2.907069038,1.596771504,2.473576134,415.3198563,413.7802061,-0.289110624,60.93132201,1.608240971,10.56460187,12.46828121,-0.0097169,69.65,46,9,1.001738274,0.17382744,53018.05125,-,-,0,0,#DIV/0!,0,-,-,0,0,#DIV/0!,0.5,1273.816401,2.473576134,#DIV/0!,0.001941862,#DIV/0!,#DIV/0!,-,0,#DIV/0!,#DIV/0!,#DIV/0!,#DIV/0!,#DIV/0!,#DIV/0!,#DIV/0!,#DIV/0!,,,,,,,,,,,,,,,,,,,,,,,,,,,,,,,,,,,1500.003226,1273.816401,0.849209108,0.177373579,6,0.5,0: Broadleaf,2,TRUE,1784915899,408.6851935,412.8277419,12.53344194,10.69910968,421.6587419,13.78816774,514.8427097,102.2266452,0.099975623,32.9905,32.88379032,999.9,0,0,10004.27742,0,19.80289677,-4.142523871,413.8725161,417.2925161,1.834325161,412.8277419,10.69910968,1.281250645,1.093734194,10.58067097,8.228134839,1500.003226,0.692001871,0.307998129,0,1083.582903,5.00019,15635.96129,11819.64839,46.5,47.44716129,47.187,47.062,48.59858065,1034.546774,460.4564516,0,1784915904,0,1083.566538,-3.261196584,-53.5863248,15635.60769,15,1784911532,11:45:32,1784911528,1784911532,2,0.145,-0.019,-12.974,-1.255,422,10,0.63,0.06,-4.961298,16.57768931,2.513494222,0,1083.759706,-3.806722688,0.425831265,0,1.77527775,1.104046041,0.113314653,0,0,3,0/3,3.08773,2.75952,0.0957332,0.0947322,0.0733298,0.0604167,32024.6,23073.5,33532.9,25772.7,39779.8,32805.1,48997,40277.2,1.90707,2.6876,0.196531,0,29.6841,999.9,41.4,32.8,20.2308,60.4256,-100,3,0.247027,0,20.2406,5.20411,11.9554,4.969,3.294,7704.5,9999,9999,131.6,4.97295,1.87531,1.88156,1.8811,1.87875,1.8744,1.87454,1.87683,0,0,0,0,11111111,oooooooo,on,on,on,on,0,100,100,-12.974,-1.2548,-12.9736,0,0,0,-1.25472381,0,0,0,-1,-1,-1,-1,73,72.9,0.15625,4.99878,2.89795,2.88696,2.99805,2.26685,35.3596,14.6049,2,456.486,1283.66,31.5013,30.7493,30,30.6395,30.5506,-1,40,10,-999.9,400,20,101.808,94.5212
74,1784916027,9028.6,20260724 13:00:27,13:00:27,15,1784916019,0.001509491,1.509491328,3.43740043,405.997439,248.823321,25.46233855,41.54612277,0.040357752,2.29457238,0.03996752,0.025014446,266.0607841,34.47956074,32.91175161,5.027110024,25.34490779,1.281407892,5.055879084,3.745702132,-66.56856756,12.56004658,1.253156717,213.3054198,2.521315058,1.513780838,3.43740043,415.7817991,411.1375394,0.124559325,60.93132201,1.509491328,10.79206308,12.5297297,7.81108E-05,69.65,47,9,1.001776821,0.177682079,52997.4783,-,-,0,0,#DIV/0!,0,-,-,0,0,#DIV/0!,0.5,1273.812656,3.43740043,#DIV/0!,0.002698513,#DIV/0!,#DIV/0!,-,0,#DIV/0!,#DIV/0!,#DIV/0!,#DIV/0!,#DIV/0!,#DIV/0!,#DIV/0!,#DIV/0!,,,,,,,,,,,,,,,,,,,,,,,,,,,,,,,,,,,1499.998387,1273.812656,0.849209351,0.177374047,6,0.5,0: Broadleaf,2,TRUE,1784916019,406.0363548,409.6878387,12.5221871,10.78227419,419.0099355,13.77690323,514.5568065,102.231,0.099997129,33.01328387,32.91175161,999.9,0,0,10000.56194,0,17.93583871,-3.651448065,411.1852903,414.1532903,1.739910968,409.6878387,10.78227419,1.280157097,1.102283226,10.56786774,8.343405161,1499.998387,0.691996,0.308004,0,1075.378387,5.00019,15511.87419,11819.5871,46.5,47.46341935,47.187,47.038,48.562,1034.53129,460.4670968,0,1784916024,0,1075.352692,-4.712136768,-76.03418802,15511.43077,15,1784911532,11:45:32,1784911528,1784911532,2,0.145,-0.019,-12.974,-1.255,422,10,0.63,0.06,-3.4839415,-8.339481501,1.176436305,0,1075.574118,-4.392666164,0.486277079,0,1.73154425,0.121554034,0.014717604,0,0,3,0/3,3.08762,2.75927,0.0953151,0.0944828,0.0736365,0.0614936,32038,23078.9,33531.4,25771.8,39764.1,32765.3,48995.1,40276,1.90657,2.68762,0.203751,0,29.6104,999.9,41.6,32.8,20.3277,60.4255,-100,3,0.24826,0,20.2409,5.20381,11.9559,4.96815,3.294,7704.5,9999,9999,131.6,4.97294,1.87531,1.88154,1.88109,1.8787,1.87439,1.87451,1.87683,0,0,0,0,11111111,oooooooo,on,on,on,on,0,100,100,-12.973,-1.2548,-12.9736,0,0,0,-1.25472381,0,0,0,-1,-1,-1,-1,75,74.9,0.15625,4.99878,2.89795,2.88696,2.99805,2.30957,35.3596,14.6049,2,456.309,1284.11,31.4659,30.7626,30,30.6555,30.5683,-1,40,10,-999.9,400,20,101.804,94.5181