obs,time,elapsed,date,hhmmss,averaging,kam,TIME,E,Emm,A,Ca,Ci,Pci,Pca,gsw,gbw,gtw,gtc,Rabs,TleafEB,TleafCnd,SVPleaf,RHcham,VPcham,SVPcham,VPDleaf,LatHFlux,SenHFlux,NetTherm,EBSum,Asty,Esty,Adyn,Crd,Csd,dCsd/dt,αVc,Edyn,Hr,Hs,dHs/dt,αVh,Leak,LeakPct,CorrFact,CorrFactPct,Fan,Qin,Qabs,alpha,convert,S,K,Geometry,Custom,UseDynamic,TIME,CO2_s,CO2_r,H2O_s,H2O_r,CO2_a,H2O_a,Flow,Pa,ΔPcham,Tair,Tleaf,Tleaf2,Offset,Offset2,Fan_speed,Qamb_in,Qamb_out,ΔCO2,CO2_s_d,CO2_r_d,ΔH2O,CO2_b,H2O_b,e_s,e_r,Td_s,Td_r,Q,f_red,f_blue,f_farred,F,Q_modavg,F_dc,Pc,Tled,TDigital,TPreamp,TPwrSpy,TDrive,Q_red,Q_blue,Q_farred,TSPF,state,time,hhmmss,co2_t,h2o_t,count,co2_adj,h2o_adj,co2_match,h2o_match,co2_at,h2o_at,co2_cv,h2o_cv,ΔCO2:MN,ΔCO2:SLP,ΔCO2:SD,ΔCO2:OK,ΔH2O:MN,ΔH2O:SLP,ΔH2O:SD,ΔH2O:OK,Stable,Total,State,Vflow,VPchamber,abs_c_a,abs_c_b,abs_h_a,abs_h_b,Wc_s,Wc_r,Wco_s,Wco_r,Ww_s,Ww_r,Wwo_s,Wwo_r,Flow_s_v,Flow_r_v,Tleaf_mv,Tleaf2_mv,Tleaf_j,Tleaf2_j,Console_RH,Console_T,Console_H2O,Fan_%,Flow_%,Pump,Tchp_pwm,Txchg_pwm,diag_20v,diag_5_4v,diag_12v,diag_5va,diag_3_3vf,CO2_hrs,AccH2O_hum,AccH2O_des,AccCO2_soda,ADC_CH1,ADC_CH2,ADC_CH3,ADC_CH4,ADC_CH5,ADC_CH6,ADC_CH7,ADC_CH8,DAC_1,DAC_2,DAC_3,DAC_4,GPIO,GPIO_dir,excit_5v,power_12v,power_5v,ch1_pullup,AuxPower,MatchValveR,MatchValveS,MatchCO2,MatchH2O,cf_co2_a,cf_co2_b,cf_co2_c,cf_co2_d,cf_h2o_a,cf_h2o_b,cf_h2o_c,cf_h2o_d,co2_fit_low,co2_fit_high,h2o_fit_low,h2o_fit_high,co2_elapsed,h2o_elapsed,CO2_f,CO2_f_s,Pump_f,Pump_f_s,Pump_p,Pump_p_s,Tboard,V_system,DIAG,Flow_s,Flow_r,Txchg,Tirga,Tchopper,Ts,Tr,CO2_%,Desiccant_%,Humidifier_%,Txchg_sp,CO2_r_sp,H2O_r_sp,SS_s,SS_r
1,1784730897,0,20260722 22:34:57,22:34:57,15,,1784730889,0.003043188,3.043188064,4.828638939,425.6470859,339.6945205,34.37211287,43.06925428,0.115990126,1.385977599,0.11085459,0.069726577,287.4301802,33.48344626,31.9727125,4.767713125,44.34016894,2.084012442,4.700055258,2.683700683,-134.2045936,-18.84692692,-3.079212572,131.2994471,6.043511491,3.154830275,4.828638939,445.8218271,436.5150788,0.385486132,60.86002276,3.043188064,16.20496043,20.53565818,-0.006212061,69.65,49,12,1.003870289,0.387028945,25419.10359,1500.003125,1261.217418,0.84080986,0.191619721,6,0.5,0: Broadleaf,2,TRUE,1784730889,425.7610625,436.35725,20.5959875,16.16709375,439.5040625,20.35028125,416.9470625,101.085375,0.099986544,31.72048125,31.9727125,999.9,0,0,5003.203125,0,30.925525,-10.59621063,434.71425,443.5278125,4.428896875,436.35725,16.16709375,2.08195125,1.634255625,18.081725,14.28561875,1500.003125,0.973006438,0.02699325,0,1.929925,0,16957.9125,12843.93125,42.425375,44.378875,43.375,43.00775,42.4685,1459.510625,40.493125,0,1784730894,0,1784730648,22:30:48,1784730642,1784730648,1,0.032,-0.09,-13.928,-0.577,447,16,0.08,0.01,-7.675413381,-48.02011551,4.921899903,0,4.476714762,-0.84577013,0.087755509,0,0,2,0/2,2.9922,2.75941,0.0985377,0.100092,0.0996847,0.0835161,32010.5,22973.3,33615.5,25807.5,38636,32021.2,49096.8,40317.7,1.7302,2.68668,0.165831,0,29.2967,999.9,79.227,28.873,31.2909,29.0027,-100,3,0.163829,0,20.2414,5.20321,11.956,4.9694,3.294,121.4,9999,9999,7159.6,4.97358,1.87288,1.87073,1.87227,1.87284,1.87378,1.87325,1.87775,0,0,0,0,11111111,oooooooo,on,on,on,on,0,100,100,-13.764,0.2326,-9.716223725,-0.010281863,2.60765E-06,-1.39012E-10,-1.016938244,-0.176615401,0.01337041,-8.0725E-05,6,2428,1,22,4.2,4.1,0.157471,4.99756,2.64526,2.75391,2.8479,2.2229,33.3111,16.0671,2,352.775,1255.46,29.6696,29.6091,30.0008,29.4472,29.3399,-1,40,10,-999.9,400,20,102.033,94.629
2,1784731021,124,20260722 22:37:01,22:37:01,15,,1784731013,0.003071144,3.071144135,4.218334562,436.4424903,357.2197524,36.14928211,44.16632228,0.11409874,1.38482866,0.109121531,0.068630046,287.4299067,33.69405523,32.1996,4.829295622,43.66294594,2.078410093,4.760123368,2.750885529,-135.4374564,-19.040006,-3.120252496,129.8321918,3.083783386,3.122211268,4.218334562,450.0887067,444.6550061,-0.120480711,60.86002276,3.071144135,16.15715633,20.49362667,-0.005399833,69.65,48,11,1.003798861,0.37988606,25366.73514,1500.002667,1261.21694,0.840809799,0.191619597,6,0.5,0: Broadleaf,2,TRUE,1784731013,436.5422667,442.883,20.53842,16.18324667,450.3728,20.30482667,419.6760667,101.0962,0.1000017,31.94457333,32.1996,999.9,0,0,4997,0,31.94413333,-6.340875333,445.6958,450.1681333,4.355169333,442.883,16.18324667,2.076356,1.636064667,18.03891333,14.30274,1500.002667,0.973009,0.0269906,0,1.96828,0,16501.97333,12843.94667,42.562,44.562,43.562,43.12913333,42.625,1459.512667,40.49,0,1784731018,0,1784730648,22:30:48,1784730642,1784730648,1,0.032,-0.09,-13.928,-0.577,447,16,0.08,0.01,-5.302462524,-15.59569036,2.401279849,0,4.361977143,-0.120558701,0.028720763,0,0,2,0/2,2.99491,2.75952,0.0996151,0.0992464,0.0994842,0.0829652,31954.2,22984.6,33597.8,25797.2,38630.4,32027.1,49073.7,40303.3,1.73515,2.6793,0.166241,0,29.514,999.9,78.226,29.094,31.2884,29.0427,-100,3,0.183122,0,20.2407,5.20351,11.956,4.96955,3.294,121.4,9999,9999,7159.6,4.9736,1.87289,1.87073,1.87226,1.87284,1.87377,1.87328,1.87775,0,0,0,0,11111111,oooooooo,on,on,on,on,0,100,100,-13.819,0.2226,-9.716223725,-0.010281863,2.60765E-06,-1.39012E-10,-1.016938244,-0.176615401,0.01337041,-8.0725E-05,6,2428,1,22,6.3,6.2,0.157471,4.99756,2.64526,2.75269,2.8479,2.229,33.558,16.0671,2,356.719,1250.34,29.9045,29.8635,30.0006,29.7052,29.5957,-1,40,10,-999.9,400,20,101.983,94.5936
3,1784731141,244,20260722 22:39:01,22:39:01,15,,1784731133,0.003085593,3.085593428,5.269814825,431.175505,336.0950863,34.00818967,43.62901736,0.112789485,1.386476779,0.107928743,0.067874726,287.4288733,33.89008063,32.36811333,4.875481014,43.23460211,2.082106723,4.815834126,2.793374291,-136.0746702,-16.28703338,-2.67083336,132.3963364,10.17149589,3.10183178,5.269814825,458.2957317,445.6968667,0.865535869,60.85871049,3.085593428,16.30338968,20.6022297,0.000260455,69.65,47,11,1.003714869,0.371486916,25397.71753,1499.991333,1261.20798,0.840810178,0.191620356,6,0.5,0: Broadleaf,2,TRUE,1784731133,431.3,447.625,20.57698,16.27002,445.0880667,20.33529333,421.6234,101.0862,0.100015013,32.15022,32.36811333,999.9,0,0,5005.625333,0,31.15156,-16.32502667,440.3613333,455.0284,4.306960667,447.625,16.27002,2.080046667,1.644672,18.06719333,14.38383333,1499.991333,0.9729922,0.02700788,0,1.979866667,0,16204.72667,12843.79333,42.7458,44.7206,43.75,43.2748,42.812,1459.482667,40.50866667,0,1784731138,0,1784730648,22:30:48,1784730642,1784730648,1,0.032,-0.09,-13.928,-0.577,447,16,0.08,0.01,-15.3807885,-28.80823624,2.965623626,0,4.322953,-0.308639098,0.031406252,0,0,2,0/2,2.99741,2.75955,0.0999899,0.102415,0.0997802,0.0837233,31925.7,22894.2,33583,25787.4,38603.6,31987.1,49054,40289.5,1.7395,2.6762,0.1649,0,29.6984,999.9,77.53,29.296,31.3787,29.0427,-100,3,0.200203,0,20.2411,5.20471,11.956,4.96925,3.294,121.5,9999,9999,7159.6,4.97362,1.8729,1.87073,1.87231,1.87284,1.87376,1.87329,1.87775,0,0,0,0,11111111,oooooooo,on,on,on,on,0,100,100,-13.84,0.248,-9.716223725,-0.010281863,2.60765E-06,-1.39012E-10,-1.016938244,-0.176615401,0.01337041,-8.0725E-05,6,2428,1,22,8.3,8.2,0.157471,4.99756,2.64526,2.75391,2.8479,2.25586,33.7606,16.0496,2,360.249,1250.98,30.1234,30.0882,30.0007,29.9375,29.8307,-1,40,10,-999.9,400,20,101.94,94.5598
4,1784731261,364,20260722 22:41:01,22:41:01,15,,1784731253,0.003139791,3.139791327,3.151181663,464.0714074,399.9290691,40.46701481,46.9572881,0.116946387,1.383487448,0.11171893,0.070274524,287.4280667,33.97841245,32.43121333,4.892873848,44.32038419,2.148059134,4.846661809,2.744814714,-138.4647975,-12.53700882,-2.062109137,134.3641512,-1.363988901,3.079285134,3.151181663,460.9754082,466.4262727,-1.746886657,60.85871049,3.139791327,16.9410128,21.27062424,0.003534843,69.65,47,11,1.00372899,0.372899002,25301.898,1499.986667,1261.2041,0.840810207,0.191620414,6,0.5,0: Broadleaf,2,TRUE,1784731253,464.1461333,464.2457333,21.22892667,16.97608,478.198,20.84810667,423.5951333,101.0854667,0.100013313,32.26312667,32.43121333,999.9,0,0,4990.916,0,33.17364667,-0.099509333,474.2132,472.2632667,4.252864667,464.2457333,16.97608,2.145938,1.716035333,18.56432,15.04222667,1499.986667,0.972991333,0.02700876,0,2.076126667,0,16009.10667,12843.74667,42.875,44.812,43.875,43.3624,42.92873333,1459.476667,40.51,0,1784731258,0,1784730648,22:30:48,1784730642,1784730648,1,0.032,-0.09,-13.928,-0.577,447,16,0.08,0.01,-7.708792,159.7570322,15.80397703,0,4.209368,0.991877594,0.096461482,0,0,2,0/2,2.99852,2.75943,0.102773,0.10031,0.101741,0.085949,31815.1,22939.4,33571.3,25778.8,38502.8,31895.8,49039.3,40278,1.74102,2.67243,0.164881,0,29.7548,999.9,78.501,29.557,32.2523,29.1327,-100,3,0.213791,0,20.2406,5.20471,11.956,4.96945,3.294,121.5,9999,9999,7159.6,4.97364,1.87291,1.87074,1.87231,1.87286,1.87376,1.87326,1.87775,0,0,0,0,11111111,oooooooo,on,on,on,on,0,100,100,-13.977,0.3903,-9.716223725,-0.010281863,2.60765E-06,-1.39012E-10,-1.016938244,-0.176615401,0.01337041,-8.0725E-05,6,2428,1,22,10.3,10.2,0.157471,4.99756,2.64526,2.75269,2.8479,2.28027,34.0318,16.0496,2,362.195,1249.87,30.306,30.2745,30.0006,30.1366,30.0323,-1,40,10,-999.9,400,20,101.908,94.5311
5,1784731381,484,20260722 22:43:01,22:43:01,15,,1784731373,0.003260271,3.260270653,4.028070298,454.2831172,378.8757439,38.33555264,45.96545078,0.118941525,1.384403005,0.11354201,0.071428453,287.4327533,34.11707231,32.59466667,4.938179353,43.54015479,2.134346696,4.902019081,2.803832657,-143.7779358,-9.729042891,-1.602057936,132.3237167,-0.732401835,3.094504141,4.028070298,456.6616619,457.7199394,-1.200613363,60.85871049,3.260270653,16.80430985,21.21822667,0.015706357,69.65,46,11,1.003647926,0.364792557,25311.81281,1500.011333,1261.22482,0.840810194,0.191620388,6,0.5,0: Broadleaf,2,TRUE,1784731373,454.3786,455.3358667,21.09405333,16.82249333,468.3526667,20.74226667,423.9174,101.0824,0.099988327,32.46431333,32.59466667,999.9,0,0,4995.582667,0,33.31447333,-0.957233067,464.1697333,463.1268,4.271574667,455.3358667,16.82249333,2.132238,1.700457333,18.46194667,14.90054667,1500.011333,0.972992,0.02700808,0,2.051293333,0,15835.52,12843.95333,43,44.9622,44,43.51653333,43.062,1459.501333,40.51,0,1784731378,0,1784730648,22:30:48,1784730642,1784730648,1,0.032,-0.09,-13.928,-0.577,447,16,0.08,0.01,-7.4050548,123.28755,12.6666027,0,4.259799,0.695282707,0.091312693,0,0,2,0/2,2.99854,2.75946,0.101392,0.0995433,0.101549,0.085161,31852.3,22953.2,33559.8,25773.2,38501.9,31916.1,49024.5,40270,1.7403,2.6684,0.16503,0,29.9304,999.9,76.889,29.809,32.0537,28.8627,-100,3,0.226545,0,20.2411,5.20456,11.956,4.9695,3.294,121.5,9999,9999,7159.6,4.97363,1.87292,1.87073,1.87232,1.87285,1.87377,1.87328,1.87775,0,0,0,0,11111111,oooooooo,on,on,on,on,0,100,100,-13.912,0.38,-9.716223725,-0.010281863,2.60765E-06,-1.39012E-10,-1.016938244,-0.176615401,0.01337041,-8.0725E-05,6,2428,1,22,12.3,12.2,0.157471,4.99756,2.64526,2.75269,2.8479,2.23022,34.3952,16.0058,2,362.9,1248.02,30.4962,30.4456,30.0006,30.316,30.2166,-1,40,10,-999.9,400,20,101.875,94.5116
6,1784731501,604,20260722 22:45:01,22:45:01,15,,1784731493,0.003422895,3.422894932,5.190667694,435.7087366,346.7043788,35.07975359,44.08526702,0.122296244,1.385246015,0.116598989,0.073364123,287.43782,34.21733143,32.77802,4.989434739,42.87345865,2.123569453,4.953109733,2.865865286,-150.9496665,-9.691652034,-1.597807368,125.1986941,4.555362372,3.541402547,5.190667694,454.1333882,445.3062,0.247229043,60.85793963,3.422894932,16.14809076,20.91732727,-0.008188853,69.65,45,11,1.00356704,0.356704009,25321.0032,1500.038,1261.24722,0.840810179,0.191620359,6,0.5,0: Broadleaf,2,TRUE,1784731493,435.8317333,444.3914,20.98791333,16.12664667,449.6566667,20.65891333,426.3689333,101.0805333,0.100056633,32.64824667,32.77802,999.9,0,0,4999.833333,0,131.0175933,-8.559646,445.1751333,451.6755333,4.861279333,444.3914,16.12664667,2.121471333,1.630089333,18.38127333,14.24622667,1500.038,0.972992333,0.02700774,0,2.029573333,0,15711.34,12844.18667,43.1374,45.125,44.12913333,43.6746,43.208,1459.528,40.51,0,1784731498,0,1784730648,22:30:48,1784730642,1784730648,1,0.032,-0.09,-13.928,-0.577,447,16,0.08,0.01,-5.864199048,-42.26223592,4.353921969,0,4.884174762,-0.420829091,0.061542998,0,0,2,0/2,3.00167,2.75942,0.099635,0.100656,0.100562,0.0830924,31902.1,22918.1,33547.5,25766.4,38536.6,31981.3,49008.3,40260.3,1.74643,2.66385,0.163894,0,30.1195,999.9,74.869,30.091,31.7215,29.0427,-100,3,0.239093,0,20.2412,5.20441,11.956,4.9693,3.294,121.6,9999,9999,7159.6,4.97368,1.87288,1.87075,1.87237,1.87286,1.87377,1.87328,1.87775,0,0,0,0,11111111,oooooooo,on,on,on,on,0,100,100,-13.829,0.3129,-9.716223725,-0.010281863,2.60765E-06,-1.39012E-10,-1.016938244,-0.176615401,0.01337041,-8.0725E-05,6,2428,1,22,14.3,14.2,0.157471,4.99756,2.64526,2.75146,2.8479,2.30347,34.8755,16.0233,2,366.962,1244.97,30.6859,30.6059,30.0005,30.4795,30.3817,-1,40,10,-999.9,400,20,101.84,94.4879
7,1784731621,724,20260722 22:47:01,22:47:01,15,,1784731613,0.003254621,3.254621018,4.958248798,440.4326257,350.3479969,35.44795245,44.56264889,0.115302351,1.38385634,0.110218693,0.06932475,287.4224933,34.38663509,32.83899333,5.006581751,42.68565289,2.124164887,4.976297054,2.882416863,-143.5287869,-8.043571462,-1.328366885,134.5217681,3.726482551,3.338767027,4.958248798,453.91955,448.0498606,-0.212910801,60.85793963,3.254621018,16.58132318,21.01545515,0.00574268,69.65,45,11,1.00357369,0.357368955,25274.05661,1499.957333,1261.17946,0.840810223,0.191620446,6,0.5,0: Broadleaf,2,TRUE,1784731613,440.5503333,447.8253333,20.99407333,16.42374,454.4132,20.66375333,427.5552667,101.0792667,0.099997287,32.73118,32.83899333,999.9,0,0,4993.041333,0,41.96353333,-7.275102667,449.9976,455.3033333,4.570338667,447.8253333,16.42374,2.122066667,1.660098667,18.38579333,14.52785333,1499.957333,0.972991,0.027009087,0,1.996713333,0,15590.01333,12843.47333,43.2748,45.28306667,44.312,43.75,43.333,1459.447333,40.51,0,1784731618,0,1784730648,22:30:48,1784730642,1784730648,1,0.032,-0.09,-13.928,-0.577,447,16,0.08,0.01,-6.7247495,-25.62422391,3.566369305,0,4.607595,-1.248208421,0.131530873,0,0,2,0/2,3.00219,2.75944,0.100088,0.102271,0.100873,0.0849047,31875.8,22870.8,33537.5,25760.1,38513.8,31908.4,48995.3,40251.9,1.74635,2.65858,0.163484,0,30.1606,999.9,74.423,30.383,32.0674,29.0427,-100,3,0.250788,0,20.2414,5.20396,11.956,4.96915,3.294,121.6,9999,9999,7159.6,4.97366,1.87296,1.87077,1.87237,1.87286,1.87375,1.87329,1.87775,0,0,0,0,11111111,oooooooo,on,on,on,on,0,100,100,-13.853,0.3381,-9.716223725,-0.010281863,2.60765E-06,-1.39012E-10,-1.016938244,-0.176615401,0.01337041,-8.0725E-05,6,2428,1,22,16.3,16.2,0.157471,4.99756,2.64526,2.75269,2.8479,2.22778,35.3596,15.9795,2,367.882,1240.79,30.8517,30.766,30.0005,30.6388,30.5436,-1,40,10,-999.9,400,20,101.812,94.467
8,1784731741,844,20260722 22:49:01,22:49:01,15,,1784731733,0.003310442,3.310442037,4.712072598,450.3137565,363.2800738,36.75624603,45.56221059,0.11579662,1.385549703,0.110676293,0.069613855,287.4293333,34.52835677,33.01719333,5.056989684,42.55444913,2.138235428,5.024704752,2.918754256,-145.9904938,-8.512058239,-1.406431482,131.5203498,5.442441047,3.321156034,4.712072598,468.3884812,461.2253576,0.079295494,60.85793963,3.310442037,16.6203376,21.15659697,0.000794206,69.65,45,11,1.003568776,0.356877624,25308.72874,1499.993333,1261.2097,0.840810204,0.191620407,6,0.5,0: Broadleaf,2,TRUE,1784731733,450.4254667,460.1224,21.13323333,16.59358667,464.368,20.77304,428.116,101.0788,0.1000113,32.90324,33.01719333,999.9,0,0,5001.417333,0,46.53545333,-9.696819333,460.1500667,467.8864,4.539653333,460.1224,16.59358667,2.136119333,1.677256667,18.4911,14.68752667,1499.993333,0.972991667,0.027008413,0,2.069373333,0,15484.16,12843.81333,43.40393333,45.375,44.43286667,43.90393333,43.4412,1459.483333,40.51,0,1784731738,0,1784730648,22:30:48,1784730642,1784730648,1,0.032,-0.09,-13.928,-0.577,447,16,0.08,0.01,-9.902378571,1.043885455,1.810456862,0,4.572476667,-0.474484675,0.051101626,0,0,2,0/2,3.00304,2.75952,0.102004,0.100793,0.101225,0.0845452,31798.2,22901.9,33528,25753.5,38490,31912.3,48983.2,40242.7,1.74723,2.6576,0.173189,0,30.2248,999.9,73.489,30.696,32.2344,29.0127,-100,3,0.262104,0,20.2415,5.20396,11.956,4.9694,3.294,121.6,9999,9999,7159.6,4.97369,1.873,1.87084,1.87241,1.87286,1.87376,1.87331,1.87775,0,0,0,0,11111111,oooooooo,on,on,on,on,0,100,100,-13.948,0.3659,-9.716223725,-0.010281863,2.60765E-06,-1.39012E-10,-1.016938244,-0.176615401,0.01337041,-8.0725E-05,6,2428,1,22,18.3,18.2,0.157471,4.99756,2.64526,2.75146,2.8479,2.26685,35.8944,15.997,2,369.219,1242.54,31.0008,30.9137,30.0004,30.7871,30.6908,-1,40,10,-999.9,400,20,101.785,94.4444
9,1784731861,964,20260722 22:51:01,22:51:01,15,,1784731853,0.003269406,3.269406095,5.483410985,433.2061858,332.7505692,33.66652167,43.83026444,0.111365264,1.386885404,0.106625062,0.067049739,287.42414,34.74169205,33.24072,5.120843216,41.92344632,2.129665816,5.079892048,2.991177401,-144.1808088,-10.69755964,-1.769456122,130.7763155,14.13976317,3.332927788,5.483410985,467.1975099,451.5641394,1.382518006,60.85793963,3.269406095,16.62097117,21.06829273,0.006696543,69.65,44,10,1.003486077,0.348607715,25331.27378,1499.966,1261.18674,0.840810218,0.191620437,6,0.5,0: Broadleaf,2,TRUE,1784731853,433.3360667,455.1329333,21.04902667,16.48731333,447.1406,20.70694667,427.6280667,101.0764667,0.099984353,33.09764667,33.24072,999.9,0,0,5008.124,0,92.68494,-21.79698,442.6533333,462.7638667,4.561733333,455.1329333,16.48731333,2.127562667,1.666479333,18.42704667,14.58726,1499.966,0.972991667,0.027008427,0,2.076713333,0,15389.15333,12843.57333,43.562,45.5,44.55373333,44.0998,43.625,1459.456,40.51,0,1784731858,0,1784730648,22:30:48,1784730642,1784730648,1,0.032,-0.09,-13.928,-0.577,447,16,0.08,0.01,-15.95076205,-75.78105117,7.993197343,0,4.659172381,-1.554621039,0.165451092,0,0,2,0/2,3.00203,2.75937,0.1008,0.105936,0.100924,0.0849131,31831.5,22765.1,33518.9,25747.6,38495.6,31892.6,48971,40235,1.74437,2.65252,0.171419,0,30.4643,999.9,72.537,31.018,32.4054,28.8927,-100,3,0.273079,0,20.2419,5.20531,11.956,4.9686,3.294,121.7,9999,9999,7159.6,4.97369,1.87302,1.87086,1.87239,1.87286,1.87374,1.87331,1.87775,0,0,0,0,11111111,oooooooo,on,on,on,on,0,100,100,-13.892,0.3472,-9.716223725,-0.010281863,2.60765E-06,-1.39012E-10,-1.016938244,-0.176615401,0.01337041,-8.0725E-05,6,2428,1,22,20.3,20.2,0.157471,4.99756,2.64526,2.75146,2.8479,2.24487,36.4343,15.9883,2,368.624,1238.27,31.1768,31.0552,30.0004,30.9297,30.8349,-1,40,10,-999.9,400,20,101.759,94.4249
10,1784731981,1084,20260722 22:53:01,22:53:01,15,,1784731973,0.003165756,3.165755925,5.080829558,426.1216285,326.414586,33.02223641,43.10925357,0.104237481,1.386043147,0.100070019,0.062904308,287.4247733,34.91143747,33.36677333,5.157160512,40.50347096,2.071049168,5.113263428,3.086111344,-139.6098363,-11.39247564,-1.887788596,134.5346728,9.028084524,3.190906521,5.080829558,450.2748962,439.501497,0.630761596,60.85793963,3.165755925,16.24099699,20.52126061,0.008801885,69.65,44,10,1.003490716,0.349071649,25297.72418,1499.969333,1261.18954,0.840810217,0.191620433,6,0.5,0: Broadleaf,2,TRUE,1784731973,426.2421333,440.7278,20.47168,16.11556,439.9892667,20.25214,428.9804,101.0665333,0.100013227,33.21431333,33.36677333,999.9,0,0,5004.459333,0,51.16405333,-14.48562,435.1504667,447.9471333,4.356127333,440.7278,16.11556,2.069002667,1.628743333,17.98250667,14.23314,1499.969333,0.972991667,0.027008413,0,2.057513333,0,15300.52667,12843.60667,43.64153333,45.6166,44.63326667,44.12906667,43.6996,1459.459333,40.51,0,1784731978,0,1784730648,22:30:48,1784730642,1784730648,1,0.032,-0.09,-13.928,-0.577,447,16,0.08,0.01,-13.662085,-12.6941188,1.845867912,0,4.3770565,-0.816002256,0.087527235,0,0,2,0/2,3.00412,2.75943,0.0986236,0.0995947,0.0992625,0.0835094,31900.1,22922.1,33510.7,25743.2,38564.4,31935.4,48960.4,40228.6,1.74813,2.65075,0.173338,0,30.5678,999.9,70.12,31.32,31.8758,29.0727,-100,3,0.282419,0,20.2421,5.20456,11.956,4.9693,3.294,121.7,9999,9999,7159.6,4.97374,1.87302,1.87088,1.87241,1.87286,1.87376,1.8733,1.87775,0,0,0,0,11111111,oooooooo,on,on,on,on,0,100,100,-13.788,0.2333,-9.716223725,-0.010281863,2.60765E-06,-1.39012E-10,-1.016938244,-0.176615401,0.01337041,-8.0725E-05,6,2428,1,22,22.3,22.2,0.157471,4.99756,2.64526,2.75146,2.8479,2.2229,36.9556,15.9708,2,371.276,1238.35,31.3226,31.173,30.0004,31.0524,30.9595,-1,40,10,-999.9,400,20,101.736,94.4093
11,1784732101,1204,20260722 22:55:01,22:55:01,15,,1784732093,0.003103806,3.103805923,4.630010751,421.5711251,325.6902213,32.94762208,42.64716961,0.099921252,1.385115129,0.096082479,0.06038416,287.4330067,35.16672114,33.63733333,5.23586907,40.29263349,2.086226757,5.177687772,3.149642313,-136.8778412,-14.90897827,-2.478130223,133.168057,5.891344047,3.249165356,4.630010751,441.413576,432.5690303,0.405882352,60.85793963,3.103805923,16.31531569,20.57540606,-0.002842175,69.65,43,10,1.003417213,0.341721318,25252.70613,1500.012667,1261.22594,0.840810193,0.191620386,6,0.5,0: Broadleaf,2,TRUE,1784732093,421.6811333,431.7855333,20.62254,16.1977,435.3912667,20.37123333,429.9944,101.0624667,0.099987487,33.43768,33.63733333,999.9,0,0,5000.081333,0,506.1299067,-10.10426933,430.5604667,438.8948,4.42484,431.7855333,16.1977,2.084162667,1.636977333,18.09860667,14.31108,1500.012667,0.972993333,0.027006733,0,2.02408,0,15214.8,12843.96667,43.7996,45.75,44.75826667,44.2996,43.8498,1459.502667,40.51,0,1784732098,0,1784730648,22:30:48,1784730642,1784730648,1,0.032,-0.09,-13.928,-0.577,447,16,0.08,0.01,-9.1045875,-23.35305158,2.411842998,0,4.461647,-1.319590376,0.140786806,0,0,2,0/2,3.00434,2.75942,0.0973684,0.0974713,0.0993653,0.0837555,31935.5,22970.4,33501.8,25737.3,38551.4,31918.4,48948.7,40220.2,1.74767,2.64705,0.177175,0,30.7902,999.9,69.46,31.642,32.1614,29.3427,-100,3,0.292398,0,20.2421,5.20486,11.956,4.96955,3.294,121.7,9999,9999,7159.6,4.97378,1.87302,1.87088,1.87241,1.87286,1.87372,1.87331,1.87774,0,0,0,0,11111111,oooooooo,on,on,on,on,0,100,100,-13.73,0.243,-9.716223725,-0.010281863,2.60765E-06,-1.39012E-10,-1.016938244,-0.176615401,0.01337041,-8.0725E-05,6,2428,1,22,24.3,24.2,0.157471,4.99756,2.64526,2.75024,2.8479,2.25098,37.4098,15.9533,2,371.808,1235.7,31.4848,31.2996,30.0004,31.1791,31.0872,-1,40,10,-999.9,400,20,101.71,94.389
12,1784732221,1324,20260722 22:57:01,22:57:01,15,,1784732213,0.002945243,2.945242651,5.489824426,428.8739799,310.4171096,31.40359252,43.38737554,0.091647549,1.384397359,0.08840547,0.055535152,287.4299667,35.42407087,33.86652,5.303357018,39.3100502,2.055584341,5.229157253,3.247772677,-129.8852009,-18.81713514,-3.135575169,135.5920555,8.308664438,3.003658011,5.489824426,455.507565,442.4206242,0.94579397,60.85793963,2.945242651,16.35899082,20.34574727,0.00592729,69.65,43,10,1.00342202,0.342201997,25217.3554,1499.996667,1261.2125,0.840810202,0.191620404,6,0.5,0: Broadleaf,2,TRUE,1784732213,429.0046,442.3524667,20.31896667,16.22852667,442.7740667,20.13137333,430.1322,101.0658,0.0999913,33.6144,33.86652,999.9,0,0,4996.375333,0,441.8318667,-13.34805467,437.9022,449.6504667,4.090448667,442.3524667,16.22852667,2.053551333,1.640148,17.86339333,14.34089333,1499.996667,0.972993,0.027007073,0,1.997793333,0,15110.25333,12843.84,43.875,45.89153333,44.87913333,44.43706667,44,1459.486667,40.51,0,1784732218,0,1784730648,22:30:48,1784730642,1784730648,1,0.032,-0.09,-13.928,-0.577,447,16,0.08,0.01,-12.32133048,-26.64219351,3.787513905,0,4.120830476,-0.557322857,0.084068924,0,0,2,0/2,3.00484,2.75944,0.0991156,0.0999383,0.0986702,0.0841727,31865.5,22902.7,33493.8,25732.3,38576.7,31897.6,48938.5,40213.7,1.74767,2.64342,0.17751,0,30.9998,999.9,68.13,31.955,32.1082,29.0127,-100,3,0.301395,0,20.2421,5.20486,11.956,4.96965,3.294,121.8,9999,9999,7159.6,4.97376,1.87302,1.87088,1.87241,1.87286,1.87375,1.8733,1.87774,0,0,0,0,11111111,oooooooo,on,on,on,on,0,100,100,-13.815,0.1968,-9.716223725,-0.010281863,2.60765E-06,-1.39012E-10,-1.016938244,-0.176615401,0.01337041,-8.0725E-05,6,2428,1,22,26.3,26.2,0.157471,4.99756,2.64526,2.75146,2.8479,2.25342,37.8195,15.9533,2,372.535,1233.01,31.6526,31.4194,30.0005,31.2997,31.2076,-1,40,10,-999.9,400,20,101.688,94.3726
13,1784732341,1444.1,20260722 22:59:01,22:59:01,15,,1784732333,0.002963281,2.963281196,3.855799996,416.567511,326.5879086,33.04136812,42.14473382,0.090886537,1.385338837,0.087699154,0.055089032,287.4335688,35.52298832,33.9963625,5.341926059,38.93166565,2.048282142,5.261224014,3.293643916,-130.6807007,-20.36137635,-3.394559847,132.9969318,4.392067216,3.049693497,3.855799996,430.2776508,425.3057455,-0.085148602,60.84697424,2.963281196,16.06888256,20.1670897,-0.009736693,69.65,43,10,1.003419586,0.341958586,25235.24426,1500.015625,1261.228425,0.840810192,0.191620383,6,0.5,0: Broadleaf,2,TRUE,1784732333,416.6591875,424.50975,20.24565625,16.106775,430.32825,20.07331875,431.6466875,101.0714375,0.099999819,33.7237375,33.9963625,999.9,0,0,5000.74125,0,87.91418125,-7.85056,425.2689375,431.45925,4.138880625,424.50975,16.106775,2.046259375,1.6279375,17.80685625,14.2257875,1500.015625,0.9729935,0.027006538,0,1.98823125,0,15038.6375,12844.01875,44,46,45.003875,44.5076875,44.085625,1459.505625,40.51,0,1784732338,0,1784730648,22:30:48,1784730642,1784730648,1,0.032,-0.09,-13.928,-0.577,447,16,0.08,0.01,-8.206607143,7.550208312,1.904174385,0,4.207465714,-0.971593247,0.113761436,0,0,2,0/2,3.00587,2.75943,0.0960684,0.0959423,0.0980195,0.0824083,31967.2,23001.8,33488,25729.9,38600.8,31956.1,48931.3,40210.2,1.74948,2.6411,0.179913,0,31.0686,999.9,66.762,32.257,32.0029,29.2173,-100,3,0.308255,0,20.2421,5.19977,11.956,4.96925,3.294,121.8,9999,9999,7159.6,4.97376,1.87302,1.87088,1.87241,1.87286,1.87371,1.87331,1.87773,0,0,0,0,11111111,oooooooo,on,on,on,on,0,100,100,-13.669,0.154,-9.716223725,-0.010281863,2.60765E-06,-1.39012E-10,-1.016938244,-0.176615401,0.01337041,-8.0725E-05,6,2428,1,22,28.3,28.2,0.15625,4.99756,2.64526,2.75024,2.8479,2.26562,38.1106,15.9445,2,374.052,1231.76,31.7881,31.5141,30.0003,31.3975,31.3073,-1,40,10,-999.9,400,20,101.672,94.3641
14,1784732461,1564.1,20260722 23:01:01,23:01:01,15,,1784732453,0.002951854,2.951853521,3.64708223,430.0703052,342.6322703,34.66510366,43.51146405,0.09031483,1.385827978,0.087167743,0.054753456,287.4287,35.63030212,34.12466,5.380275518,39.31800221,2.080475869,5.291407884,3.299799649,-130.1767403,-22.30424867,-3.721347938,131.2263631,-3.038848803,3.078029438,3.64708223,431.4985675,432.0855212,-1.028308003,60.84697424,2.951853521,16.11883025,20.35732364,-0.033815141,69.65,43,10,1.003418825,0.341882485,25240.84229,1499.99,1261.2069,0.840810205,0.191620411,6,0.5,0: Broadleaf,2,TRUE,1784732453,430.157,427.7862,20.56356667,16.38484,443.936,20.32465333,431.363,101.0728667,0.1000428,33.82612667,34.12466,999.9,0,0,5003.084,0,44.89316,2.370798907,439.1888,434.9129333,4.178729333,427.7862,16.38484,2.078418,1.656062,18.05454,14.48897333,1499.99,0.972993667,0.027006387,0,2.09412,0,14967.82,12843.78667,44.1208,46.0788,45.125,44.61233333,44.187,1459.48,40.51,0,1784732458,0,1784730648,22:30:48,1784730642,1784730648,1,0.032,-0.09,-13.928,-0.577,447,16,0.08,0.01,2.14199013,-5.925983197,4.236715815,0,4.1038405,1.823531278,0.194671853,0,0,2,0/2,3.00628,2.75955,0.0970862,0.0956774,0.0985082,0.0823762,31925.3,23004.9,33482.2,25726.4,38573.4,31952.7,48923.6,40205.7,1.74955,2.63862,0.185948,0,31.1234,999.9,66.03,32.559,32.1971,29.2173,-100,3,0.314657,0,20.2425,5.20366,11.956,4.96915,3.294,121.8,9999,9999,7159.6,4.97376,1.87302,1.87088,1.87241,1.87288,1.87368,1.87332,1.87775,0,0,0,0,11111111,oooooooo,on,on,on,on,0,100,100,-13.719,0.1887,-9.716223725,-0.010281863,2.60765E-06,-1.39012E-10,-1.016938244,-0.176615401,0.01337041,-8.0725E-05,6,2428,1,22,30.3,30.2,0.15625,4.99756,2.64526,2.74902,2.8479,2.24243,38.379,15.9358,2,374.651,1230.11,31.9037,31.6055,30.0004,31.4902,31.3988,-1,40,10,-999.9,400,20,101.655,94.3525
15,1784732581,1684.1,20260722 23:03:01,23:03:01,15,,1784732573,0.002746579,2.746578546,2.798705728,459.7298105,381.1619392,38.56274816,46.5115823,0.082796121,1.384666852,0.080140782,0.050319466,287.4299667,35.91979043,34.37166667,5.45478296,39.60146371,2.11719229,5.346247566,3.33759067,-121.1241139,-26.93427515,-4.507107684,134.8644699,0.04016578,2.67448673,2.798705728,465.4515349,466.1245212,-0.830092689,60.84697424,2.746578546,17.21080068,20.94714,0.000726884,69.65,43,10,1.003425433,0.342543314,25192.31399,1499.996667,1261.2125,0.840810202,0.191620404,6,0.5,0: Broadleaf,2,TRUE,1784732573,459.7964667,461.5629333,20.92675333,17.29658667,473.8138,20.61084667,431.2840667,101.0716,0.099960433,34.01086,34.37166667,999.9,0,0,4997.418,0,382.9280667,-1.766360667,469.6242,469.6876667,3.630172,461.5629333,17.29658667,2.115102667,1.748195333,18.33335333,15.33089333,1499.996667,0.972995,0.027005027,0,2.058773333,0,14909.24667,12843.84,44.2122,46.13326667,45.187,44.7332,44.312,1459.486667,40.51,0,1784732578,0,1784730648,22:30:48,1784730642,1784730648,1,0.032,-0.09,-13.928,-0.577,447,16,0.08,0.01,-1.2265027,19.03851528,5.724419651,0,3.6206545,0.70793188,0.103736494,0,0,2,0/2,3.00549,2.75947,0.102352,0.0998478,0.100337,0.0856889,31734.7,22895.4,33477.8,25722.7,38487.8,31831.1,48918.5,40201.2,1.7474,2.6383,0.188444,0,31.3286,999.9,67.116,32.851,33.2649,29.3073,-100,3,0.319405,0,20.2425,5.20172,11.956,4.96905,3.294,121.9,9999,9999,7159.6,4.97378,1.87303,1.8709,1.87241,1.87286,1.87374,1.87331,1.87774,0,0,0,0,11111111,oooooooo,on,on,on,on,0,100,100,-13.975,0.3175,-9.716223725,-0.010281863,2.60765E-06,-1.39012E-10,-1.016938244,-0.176615401,0.01337041,-8.0725E-05,6,2428,1,22,32.3,32.2,0.15625,4.99756,2.64526,2.74902,2.8479,2.27783,38.5995,15.9182,2,374.002,1231.27,32.0413,31.677,30.0003,31.5669,31.4763,-1,40,10,-999.9,400,20,101.643,94.3408
16,1784732701,1804.1,20260722 23:05:01,23:05:01,15,,1784732693,0.002546597,2.546596679,6.070278559,411.2121191,255.4831356,25.84799573,41.60356445,0.072864929,1.38511143,0.07080048,0.04443091,287.42908,36.11794322,34.44031333,5.475648265,36.65741211,1.970507435,5.375467939,3.50514083,-112.3049135,-24.76891024,-4.14679858,146.2084576,10.91679601,2.704147693,6.070278559,448.5576068,428.0885091,2.137061472,60.84697424,2.546596679,16.00397655,19.46714606,0.000591553,69.65,42,10,1.003344878,0.334487845,25197.0202,1499.992,1261.20858,0.840810204,0.191620409,6,0.5,0: Broadleaf,2,TRUE,1784732693,411.3566667,428.0078,19.47661333,15.80773333,424.9822667,19.46169333,432.1425333,101.073,0.10000176,34.10862,34.44031333,999.9,0,0,4999.542,0,43.04716667,-16.65105933,419.5276667,434.8850667,3.668887333,428.0078,15.80773333,1.968562,1.597736,17.19369333,13.93582667,1499.992,0.972994667,0.027005353,0,2.006726667,0,14820.67333,12843.8,44.312,46.2458,45.312,44.74986667,44.375,1459.482,40.51,0,1784732698,0,1784730648,22:30:48,1784730642,1784730648,1,0.032,-0.09,-13.928,-0.577,447,16,0.08,0.01,-13.838797,-105.2337356,11.67396694,0,3.686222,-1.288599699,0.195835108,0,0,2,0/2,3.00637,2.75955,0.0968875,0.101755,0.0959299,0.083501,31920.7,22843,33470.9,25718.7,38680.4,31903.9,48909.2,40195.3,1.74867,2.63368,0.195019,0,31.2982,999.9,63.411,33.143,31.9505,28.9473,-100,3,0.327297,0,20.2423,5.20426,11.956,4.9693,3.29402,121.9,9999,9999,7159.6,4.97378,1.87302,1.87088,1.87241,1.87286,1.87373,1.87332,1.87775,0,0,0,0,11111111,oooooooo,on,on,on,on,0,100,100,-13.711,0.0197,-9.716223725,-0.010281863,2.60765E-06,-1.39012E-10,-1.016938244,-0.176615401,0.01337041,-8.0725E-05,6,2428,1,22,34.3,34.2,0.15625,4.99756,2.64526,2.74902,2.8479,2.2522,38.7717,15.9095,2,375.157,1226.4,32.1434,31.7592,30.0006,31.6491,31.562,-1,40,10,-999.9,400,20,101.623,94.3267
17,1784732821,1924.1,20260722 23:07:01,23:07:01,15,,1784732813,0.002509359,2.509359149,3.277418103,476.2714667,377.7416088,38.21725755,48.18582037,0.072373726,1.384562631,0.070335815,0.044138203,287.4364267,36.29989573,34.68063333,5.549241721,38.2662072,2.075726285,5.424436956,3.473515436,-110.6627385,-30.54554127,-5.126021226,141.1021257,14.58109459,2.278394093,3.277418103,508.513427,497.7995697,1.08719472,60.84697424,2.509359149,17.59192271,20.76829939,0.038280067,69.65,42,10,1.003348761,0.334876121,25167.90261,1500.030667,1261.24106,0.840810183,0.191620367,6,0.5,0: Broadleaf,2,TRUE,1784732813,476.3496,498.0929333,20.5166,17.42024,490.4978667,20.28754,430.9663333,101.073,0.100015267,34.27142,34.68063333,999.9,0,0,4996.834667,0,113.3020667,-21.743278,486.3286667,506.9232667,3.096370667,498.0929333,17.42024,2.073678,1.760718,18.01806,15.44152,1500.030667,0.972995667,0.027004347,0,1.986626667,0,14751.47333,12844.13333,44.40806667,46.312,45.37913333,44.8874,44.5,1459.520667,40.51,0,1784732818,0,1784730648,22:30:48,1784730642,1784730648,1,0.032,-0.09,-13.928,-0.577,447,16,0.08,0.01,-24.75486952,56.76667091,15.6217544,0,3.154079524,-1.059174545,0.145630869,0,0,2,0/2,3.00591,2.75946,0.107246,0.104725,0.099834,0.0871336,31549,22762.9,33465.2,25713.9,38500.4,31769.4,48902.2,40189,1.74692,2.63228,0.194963,0,31.5302,999.9,65.273,33.425,33.4157,29.3973,-100,3,0.332736,0,20.2424,5.20516,11.956,4.96955,3.294,121.9,9999,9999,7159.6,4.9738,1.87303,1.87092,1.87241,1.87286,1.87369,1.87331,1.87773,0,0,0,0,11111111,oooooooo,on,on,on,on,0,100,100,-14.217,0.285,-9.716223725,-0.010281863,2.60765E-06,-1.39012E-10,-1.016938244,-0.176615401,0.01337041,-8.0725E-05,6,2428,1,22,36.3,36.2,0.15625,4.99756,2.64648,2.7478,2.8479,2.22656,38.9198,15.9007,2,374.76,1226.03,32.2764,31.8413,30.0002,31.7338,31.6412,-1,40,10,-999.9,400,20,101.608,94.3107
18,1784732941,2044.1,20260722 23:09:01,23:09:01,15,,1784732933,0.002534227,2.534227428,4.707193002,448.3143129,318.845838,32.25708113,45.35518246,0.071915613,1.385266385,0.069904025,0.043866062,287.4287,36.35659988,34.71783333,5.56071002,37.2890199,2.030666333,5.445748744,3.530043688,-111.7594296,-28.07762569,-4.711945924,142.8796988,12.06119647,2.314321878,4.707193002,478.6626418,465.6672364,1.136526985,60.84697424,2.534227428,16.99363039,20.26796667,0.02796331,69.65,42,10,1.003346809,0.334680923,25182.53245,1499.99,1261.2069,0.840810205,0.191620411,6,0.5,0: Broadleaf,2,TRUE,1784732933,448.4264667,466.5866667,20.07216667,16.92908667,462.3527333,19.93572667,431.4523333,101.0682667,0.100001127,34.34187333,34.71783333,999.9,0,0,5000.540667,0,117.8179267,-18.16034,457.6122667,474.6222667,3.143097333,466.5866667,16.92908667,2.028664,1.710994667,17.66956667,14.99614667,1499.99,0.972995333,0.027004673,0,1.952973333,0,14693.34,12843.78,44.5,46.375,45.4874,44.9496,44.562,1459.48,40.51,0,1784732938,0,1784730648,22:30:48,1784730642,1784730648,1,0.032,-0.09,-13.928,-0.577,447,16,0.08,0.01,-18.6563,2.316927273,1.302327123,0,3.20416619,-0.775026234,0.133893992,0,0,2,0/2,3.00596,2.75938,0.102782,0.103256,0.0982934,0.0855371,31702.3,22798.5,33460.8,25712.1,38565.1,31823.3,48896.2,40186.4,1.74685,2.63018,0.193231,0,31.6011,999.9,63.271,33.717,32.9218,29.2473,-100,3,0.337391,0,20.2424,5.20426,11.956,4.9692,3.29402,122,9999,9999,7159.6,4.97376,1.87302,1.8709,1.87241,1.87286,1.87366,1.87331,1.87774,0,0,0,0,11111111,oooooooo,on,on,on,on,0,100,100,-13.999,0.1797,-9.716223725,-0.010281863,2.60765E-06,-1.39012E-10,-1.016938244,-0.176615401,0.01337041,-8.0725E-05,6,2428,1,22,38.3,38.2,0.15625,4.99756,2.64526,2.74902,2.8479,2.28027,39.0188,15.892,2,375.095,1224.38,32.3804,31.8991,30.0001,31.7959,31.7069,-1,40,10,-999.9,400,20,101.595,94.3046
19,1784733061,2164.1,20260722 23:11:01,23:11:01,15,,1784733053,0.00253383,2.533829777,2.830575379,448.2785,360.1377495,36.43208919,45.3485432,0.071695025,1.384634321,0.069694689,0.043734254,287.42718,36.40594764,34.75506667,5.57220922,37.22405904,2.032607117,5.460466078,3.539602104,-111.7418932,-27.22278052,-4.572484249,143.8900221,8.671052325,2.352591872,2.830575379,468.1816787,462.8528424,0.237535655,60.84697424,2.533829777,16.86934293,20.22960909,0.01451466,69.65,42,10,1.003349728,0.334972778,25160.66457,1499.982,1261.20018,0.84081021,0.191620419,6,0.5,0: Broadleaf,2,TRUE,1784733053,448.346,461.8329333,20.09268667,16.89724667,462.2717333,19.95200667,431.3899333,101.0616,0.099939547,34.39038667,34.75506667,999.9,0,0,4997.752,0,82.06057333,-13.48703613,457.5397333,469.7708667,3.195431333,461.8329333,16.89724667,2.030602,1.707668,17.68476667,14.96623333,1499.982,0.972994667,0.02700536,0,2.003733333,0,14636.81333,12843.70667,44.55786667,46.437,45.50413333,44.99986667,44.625,1459.472,40.51,0,1784733058,0,1784730648,22:30:48,1784730642,1784730648,1,0.032,-0.09,-13.928,-0.577,447,16,0.08,0.01,-16.8359771,95.77983835,10.36470449,0,3.149702,1.432371429,0.167092859,0,0,2,0/2,3.00508,2.75931,0.101907,0.100839,0.098156,0.0847364,31730.2,22858.5,33457.9,25710.8,38568.6,31849.7,48892.5,40184.9,1.7449,2.62972,0.192448,0,31.632,999.9,62.135,33.979,32.8115,29.2173,-100,3,0.340414,0,20.2423,5.20456,11.956,4.9692,3.294,122,9999,9999,7159.6,4.97379,1.87302,1.87089,1.87241,1.87286,1.87367,1.87332,1.87775,0,0,0,0,11111111,oooooooo,on,on,on,on,0,100,100,-13.957,0.1715,-9.716223725,-0.010281863,2.60765E-06,-1.39012E-10,-1.016938244,-0.176615401,0.01337041,-8.0725E-05,6,2428,1,22,40.3,40.2,0.15625,4.99756,2.64526,2.7478,2.8479,2.25952,39.1428,15.892,2,374.383,1224.78,32.4616,31.9476,30.0001,31.8456,31.7569,-1,40,10,-999.9,400,20,101.587,94.3005
20,1784733181,2284.1,20260722 23:13:01,23:13:01,15,,1784733173,0.002443501,2.443501106,3.472456328,433.8353111,327.2675772,33.10805385,43.88898823,0.067627519,1.386129612,0.065846546,0.041310198,287.4376933,36.53439995,34.83908667,5.598234065,36.17751573,1.984795666,5.486268546,3.613438399,-107.7583988,-27.19538482,-4.566712445,147.9171973,16.84178623,2.374691309,3.472456328,470.8095091,455.9910061,1.779267169,60.84697424,2.443501106,16.89594738,19.88776848,0.052883108,69.65,42,10,1.003344944,0.334494422,25196.5264,1500.037333,1261.24666,0.84081018,0.19162036,6,0.5,0: Broadleaf,2,TRUE,1784733173,433.918,458.6830667,19.61937333,16.39422,447.7272667,19.57556667,431.6417333,101.0650667,0.100023187,34.47516667,34.83908667,999.9,0,0,5004.958667,0,37.21035333,-24.76503227,442.6024,466.3342667,3.225143333,458.6830667,16.39422,1.982830667,1.656881333,17.30764667,14.49294,1500.037333,0.972995333,0.027004693,0,2.02422,0,14602.14667,12844.20667,44.562,46.437,45.562,44.99153333,44.6374,1459.527333,40.51,0,1784733178,0,1784730648,22:30:48,1784730642,1784730648,1,0.032,-0.09,-13.928,-0.577,447,16,0.08,0.01,-18.2036308,-120.8411094,15.32133569,0,3.4354175,-4.875770075,0.505821156,0,0,2,0/2,3.00563,2.75937,0.10127,0.108733,0.0971574,0.0852585,31753.5,22658.3,33458.9,25711.3,38615.2,31833.1,48894.4,40185.7,1.74612,2.62752,0.196714,0,31.6593,999.9,61.159,34.211,32.7179,29.1273,-100,3,0.340234,0,20.2429,5.20276,11.956,4.9691,3.2941,122,9999,9999,7159.6,4.97378,1.87304,1.8709,1.87241,1.87286,1.87369,1.87332,1.87775,0,0,0,0,11111111,oooooooo,on,on,on,on,0,100,100,-13.926,0.1046,-9.716223725,-0.010281863,2.60765E-06,-1.39012E-10,-1.016938244,-0.176615401,0.01337041,-8.0725E-05,6,2428,1,22,42.3,42.2,0.15625,4.99756,2.64526,2.7478,2.8479,2.27051,39.1676,15.8745,2,375.11,1221.98,32.5252,31.9565,29.9999,31.861,31.7743,-1,40,10,-999.9,400,20,101.59,94.3023
21,1784733301,2404.1,20260722 23:15:01,23:15:01,15,,1784733293,0.002536357,2.536356847,7.48966953,422.4672017,229.5335272,23.21978467,42.73710065,0.070640818,1.383603654,0.068696613,0.043105605,287.4319933,36.49269681,34.81891333,5.59197584,36.39752159,1.997104814,5.486925282,3.594871026,-111.853337,-25.48041693,-4.286165672,145.8120738,12.29404383,2.609059417,7.48966953,461.411217,439.0310727,2.107472811,60.84697424,2.536356847,16.20607219,19.70935333,-0.005942333,69.65,42,10,1.003354634,0.335463367,25123.99196,1500.007333,1261.22146,0.840810196,0.191620392,6,0.5,0: Broadleaf,2,TRUE,1784733293,422.6460667,441.2600667,19.74189333,16.18954667,436.3639333,19.67323333,430.5033333,101.0608,0.099953953,34.47732,34.81891333,999.9,0,0,4992.707333,0,84.10560667,-18.61397867,431.1578667,448.5225333,3.552349333,441.2600667,16.18954667,1.995132,1.636128,17.40573333,14.30308667,1500.007333,0.972994667,0.02700536,0,2.0553,0,14555.20667,12843.92667,44.5662,46.437,45.562,44.9454,44.67046667,1459.497333,40.51,0,1784733298,0,1784730648,22:30:48,1784730642,1784730648,1,0.032,-0.09,-13.928,-0.577,447,16,0.08,0.01,-14.8064155,-146.2030083,16.57460649,0,3.563501,-0.406796391,0.100025839,0,0,2,0/2,3.00462,2.7595,0.099036,0.104403,0.0965565,0.0843005,31833,22769.7,33459.5,25712.8,38642.5,31868.6,48895.2,40188.3,1.74427,2.62892,0.200067,0,31.5922,999.9,59.919,34.402,32.3967,29.4273,-100,3,0.338638,0,20.2425,5.20486,11.956,4.9691,3.29408,122.1,9999,9999,7159.6,4.97378,1.87303,1.87091,1.87241,1.87286,1.87371,1.87332,1.87775,0,0,0,0,11111111,oooooooo,on,on,on,on,0,100,100,-13.818,0.0647,-9.716223725,-0.010281863,2.60765E-06,-1.39012E-10,-1.016938244,-0.176615401,0.01337041,-8.0725E-05,6,2428,1,22,44.3,44.2,0.155029,4.99756,2.64526,2.74658,2.8479,2.26929,39.1924,15.8569,2,374.104,1223.92,32.5707,31.9424,30.0002,31.853,31.771,-1,40,10,-999.9,400,20,101.592,94.3083
22,1784733421,2524.1,20260722 23:17:01,23:17:01,15,,1784733413,0.002540331,2.540330866,4.30928304,414.4809264,293.0850185,29.65014277,41.93124136,0.070295041,1.38560255,0.068372239,0.042901025,287.4361733,36.47319487,34.80364667,5.587243818,35.91293701,1.968863373,5.482323465,3.618380445,-112.0285912,-25.50428046,-4.283356647,145.619945,4.853508354,2.629677074,4.30928304,431.6367103,423.8650121,0.296061649,60.84697424,2.540330866,16.04964993,19.47447212,0.008363182,69.65,42,10,1.003346823,0.33468227,25182.43139,1500.029333,1261.23994,0.840810184,0.191620368,6,0.5,0: Broadleaf,2,TRUE,1784733413,414.5836,422.8612,19.46177333,15.87324,428.2356,19.44982667,429.6564,101.0656,0.10007176,34.46222667,34.80364667,999.9,0,0,5002.331333,0,181.2978,-8.277641867,422.8121333,429.6822667,3.588538667,422.8612,15.87324,1.966915333,1.604237333,17.18046667,13.99883333,1500.029333,0.972993333,0.02700672,0,1.954813333,0,14517.65333,12844.11333,44.55786667,46.437,45.562,44.93286667,44.62913333,1459.519333,40.51,0,1784733418,0,1784730648,22:30:48,1784730642,1784730648,1,0.032,-0.09,-13.928,-0.577,447,16,0.08,0.01,-6.37297875,-48.13551081,5.09112034,0,3.5954465,-1.140691579,0.173522465,0,0,2,0/2,3.00512,2.75948,0.0959338,0.0970073,0.0958298,0.0826612,31943,22957.9,33459.9,25713.2,38675.3,31925.9,48895.9,40188.8,1.74538,2.62715,0.20083,0,31.5519,999.9,58.558,34.573,31.9626,29.0073,-100,3,0.33841,0,20.2431,5.20486,11.956,4.9696,3.2942,122.1,9999,9999,7159.6,4.97379,1.87303,1.8709,1.87241,1.87287,1.87369,1.87332,1.87774,0,0,0,0,11111111,oooooooo,on,on,on,on,0,100,100,-13.669,0.0169,-9.716223725,-0.010281863,2.60765E-06,-1.39012E-10,-1.016938244,-0.176615401,0.01337041,-8.0725E-05,6,2428,1,22,46.3,46.2,0.155029,4.99756,2.64526,2.74658,2.8479,2.28516,39.1428,15.8482,2,374.674,1221.42,32.5966,31.9452,29.9999,31.853,31.7736,-1,40,10,-999.9,400,20,101.593,94.3095
23,1784733541,2644.1,20260722 23:19:01,23:19:01,15,,1784733533,0.002595535,2.595534629,3.122305124,449.7851964,357.3673718,36.15176183,45.50087271,0.07402037,1.386294234,0.071892719,0.045119016,287.4354133,36.4592605,34.79185333,5.583590766,37.71783794,2.069524277,5.486858182,3.514066488,-114.4630772,-23.5240015,-3.948863474,145.4994712,1.723647958,2.580393985,3.122305124,458.8967384,457.3543576,-0.517238129,60.84697424,2.595534629,16.73894836,20.40101091,-0.016851422,69.65,42,10,1.003344316,0.334431615,25201.2426,1500.025333,1261.23658,0.840810186,0.191620373,6,0.5,0: Broadleaf,2,TRUE,1784733533,449.8595333,453.8834,20.45766,16.9366,463.7972667,20.24104667,429.2464667,101.0612667,0.100072287,34.4771,34.79185333,999.9,0,0,5005.959333,0,56.22885333,-4.024095333,459.2546667,461.7041333,3.521057333,453.8834,16.9366,2.067476667,1.711632667,17.97073333,15.00118,1500.025333,0.972994667,0.027005353,0,1.924386667,0,14482.9,12844.1,44.5914,46.4496,45.562,45.01653333,44.687,1459.515333,40.51,0,1784733538,0,1784730648,22:30:48,1784730642,1784730648,1,0.032,-0.09,-13.928,-0.577,447,16,0.08,0.01,-8.1800315,90.63010692,9.080437043,0,3.3479145,3.549960451,0.372850593,0,0,2,0/2,3.00366,2.75936,0.100941,0.0984759,0.0986212,0.0851172,31765,22919.3,33458.7,25711.6,38548.9,31837.5,48894.6,40187.1,1.74253,2.62727,0.203401,0,31.4936,999.9,59.822,34.714,32.9086,29.5473,-100,3,0.338979,0,20.243,5.20501,11.956,4.9693,3.29402,122.1,9999,9999,7159.6,4.97378,1.87302,1.87089,1.87241,1.87287,1.87368,1.87331,1.87774,0,0,0,0,11111111,oooooooo,on,on,on,on,0,100,100,-13.91,0.2036,-9.716223725,-0.010281863,2.60765E-06,-1.39012E-10,-1.016938244,-0.176615401,0.01337041,-8.0725E-05,6,2428,1,22,48.3,48.2,0.155029,4.99756,2.64526,2.74536,2.8479,2.22412,39.118,15.8569,2,373.232,1221.72,32.6165,31.9452,30.0003,31.8586,31.7792,-1,40,10,-999.9,400,20,101.59,94.3048
24,1784733661,2764.1,20260722 23:21:01,23:21:01,15,,1784733653,0.002686767,2.686766983,3.224036403,450.7622491,356.5843969,36.07186622,45.59884193,0.075082408,1.385760429,0.07289342,0.045749743,287.4392133,36.46190014,34.84528667,5.600158668,36.568162,2.011824571,5.501574214,3.588334096,-118.4864239,-23.90641914,-4.016593677,141.0297766,-6.348448518,2.796368478,3.224036403,439.5654087,447.2686848,-2.192565747,60.84697424,2.686766983,15.81845588,19.70889818,-0.032230465,69.65,42,10,1.003346875,0.334687484,25182.04038,1500.045333,1261.25338,0.840810176,0.191620351,6,0.5,0: Broadleaf,2,TRUE,1784733653,450.8390667,443.7528667,19.88766667,16.06743333,464.7848,19.7892,428.9938,101.0594,0.100007233,34.52529333,34.84528667,999.9,0,0,5003.417333,0,82.39159333,7.086158333,459.9877333,451.0029333,3.820218667,443.7528667,16.06743333,2.009836,1.623768,17.52192,14.18466667,1500.045333,0.972994,0.027006033,0,2.045453333,0,14446.88,12844.25333,44.583,46.4832,45.5662,45.0496,44.687,1459.535333,40.51,0,1784733658,0,1784730648,22:30:48,1784730642,1784730648,1,0.032,-0.09,-13.928,-0.577,447,16,0.08,0.01,-0.16825125,144.0490013,15.49372719,0,3.6449195,3.368628722,0.35532147,0,0,2,0/2,3.00415,2.75969,0.0993322,0.0962775,0.0964498,0.0814275,31821,22975.8,33457.9,25712.5,38646.4,31969,48893.7,40188.2,1.74332,2.62857,0.204213,0,31.5405,999.9,57.667,34.845,31.9554,29.0673,-100,3,0.339781,0,20.2429,5.19947,11.956,4.9691,3.29402,122.2,9999,9999,7159.6,4.97376,1.87302,1.87091,1.87241,1.87286,1.87367,1.87332,1.87773,0,0,0,0,11111111,oooooooo,on,on,on,on,0,100,100,-13.833,0.0581,-9.716223725,-0.010281863,2.60765E-06,-1.39012E-10,-1.016938244,-0.176615401,0.01337041,-8.0725E-05,6,2428,1,22,50.3,50.2,0.155029,4.99756,2.64526,2.74536,2.8479,2.27661,39.0683,15.8394,2,373.696,1223.64,32.6491,31.9592,30,31.867,31.7819,-1,40,10,-999.9,400,20,101.588,94.3077
25,1784733781,2884.1,20260722 23:23:01,23:23:01,15,,1784733773,0.002476206,2.476205968,3.360070452,453.5615255,349.24773,35.32824747,45.88013733,0.068347638,1.38570194,0.066528538,0.041739743,287.43554,36.61038822,34.90282,5.618045603,36.17210028,1.994699598,5.514469942,3.623346005,-109.2006832,-25.05538391,-4.211858663,148.9676142,17.4726242,2.197711989,3.360070452,485.6752553,475.1263576,1.026249742,60.84697424,2.476205968,16.85589493,20.00098424,0.039741959,69.65,42,10,1.003347538,0.334753755,25177.07179,1500.026,1261.23714,0.840810186,0.191620372,6,0.5,0: Broadleaf,2,TRUE,1784733773,453.6416,479.4408667,19.71918667,16.71059333,467.6092667,19.65502667,428.182,101.0552667,0.1000006,34.56743333,34.90282,999.9,0,0,5003.333333,0,34.88898,-25.79941333,462.7688,487.5893333,3.008586,479.4408667,16.71059333,1.992727333,1.688694,17.38610667,14.79240667,1500.026,0.972993667,0.027006387,0,1.881593333,0,14398.61333,12844.08667,44.583,46.4412,45.562,45.0248,44.687,1459.516,40.51,0,1784733778,0,1784730648,22:30:48,1784730642,1784730648,1,0.032,-0.09,-13.928,-0.577,447,16,0.08,0.01,-26.74232,43.40553383,9.879302725,0,3.0878955,-0.862629023,0.180977727,0,0,2,0/2,3.00291,2.75952,0.104243,0.106982,0.0974765,0.0848103,31648.7,22703.7,33459.1,25712.4,38602.3,31851.1,48895.5,40188.7,1.74067,2.62797,0.206605,0,31.5725,999.9,58.363,34.936,32.5074,28.8873,-100,3,0.338559,0,20.2429,5.20426,11.956,4.9693,3.29402,122.2,9999,9999,7159.6,4.97375,1.87302,1.87088,1.87241,1.87286,1.87367,1.8733,1.87775,0,0,0,0,11111111,oooooooo,on,on,on,on,0,100,100,-14.072,0.1264,-9.716223725,-0.010281863,2.60765E-06,-1.39012E-10,-1.016938244,-0.176615401,0.01337041,-8.0725E-05,6,2428,1,22,52.3,52.2,0.155029,4.99756,2.64526,2.74536,2.8479,2.28638,39.0683,15.8132,2,372.293,1222.66,32.6683,31.9508,30,31.8614,31.7764,-1,40,10,-999.9,400,20,101.592,94.3082
26,1784733901,3004.1,20260722 23:25:01,23:25:01,15,,1784733893,0.002575003,2.575002888,3.173835607,429.0286662,331.7215367,33.55450654,43.39737881,0.069929438,1.384629089,0.068024994,0.042682408,287.4375667,36.58268175,34.91384,5.621477347,35.05772352,1.935498294,5.520889836,3.685979053,-113.5576274,-24.29497825,-4.087834238,145.4971268,2.10412117,2.549971352,3.173835607,438.4272012,435.9456,-0.362785033,60.84697424,2.575002888,15.61682627,19.14978,0.00090294,69.65,42,10,1.003351866,0.335186624,25144.66594,1500.036667,1261.2461,0.84081018,0.19162036,6,0.5,0: Broadleaf,2,TRUE,1784733893,429.1044,433.5757333,19.13443333,15.64196,442.8747333,19.1879,428.2341333,101.0526667,0.099965373,34.58838,34.91384,999.9,0,0,4998.168,0,34.22247333,-4.471307933,437.4754,440.4656,3.492471333,433.5757333,15.64196,1.933586667,1.580661333,16.91072667,13.77135333,1500.036667,0.972993333,0.027006733,0,1.94572,0,14360.70667,12844.16667,44.625,46.437,45.5998,45.03306667,44.687,1459.526667,40.51,0,1784733898,0,1784730648,22:30:48,1784730642,1784730648,1,0.032,-0.09,-13.928,-0.577,447,16,0.08,0.01,-6.702357048,33.13391158,3.545541105,0,3.403349048,0.993566494,0.13852901,0,0,2,0/2,3.00216,2.75933,0.097639,0.0964127,0.0947168,0.0795942,31883,22974.7,33460.1,25715.1,38727,32037.6,48897.2,40192.2,1.73972,2.62822,0.20501,0,31.6085,999.9,55.738,35.047,31.2369,29.1573,-100,3,0.337462,0,20.2433,5.20321,11.956,4.96915,3.29402,122.2,9999,9999,7159.6,4.97374,1.87302,1.87089,1.87241,1.87287,1.87369,1.8733,1.87773,0,0,0,0,11111111,oooooooo,on,on,on,on,0,100,100,-13.751,-0.0536,-9.716223725,-0.010281863,2.60765E-06,-1.39012E-10,-1.016938244,-0.176615401,0.01337041,-8.0725E-05,6,2428,1,22,54.3,54.2,0.155029,4.99756,2.64526,2.74414,2.8479,2.25952,39.0683,15.8132,2,371.731,1222.79,32.6982,31.9372,30.0001,31.8492,31.7653,-1,40,10,-999.9,400,20,101.595,94.3171
27,1784734022,3125,20260722 23:27:02,23:27:02,15,,1784734014,0.0025805,2.580499685,3.204232308,430.0742134,331.9862815,33.58213758,43.50424162,0.069942167,1.386148792,0.068039068,0.04269109,287.4273067,36.54943387,34.90913333,5.620011419,34.95258761,1.926634919,5.512138159,3.6933765,-113.8000361,-26.10420415,-4.386725084,143.1363413,-6.338915121,2.721042384,3.204232308,426.7462079,428.8098848,-1.180145613,60.84697424,2.580499685,15.17386366,18.87636909,-0.024357887,69.65,41,10,1.003265823,0.326582308,25190.52489,1499.982667,1261.20074,0.840810209,0.191620419,6,0.5,0: Broadleaf,2,TRUE,1784734014,430.1505333,422.9404,19.04632667,15.32018,443.9294,19.11715333,428.3823333,101.0552,0.099996627,34.55982,34.90913333,999.9,0,0,5005.542,0,33.47266,7.210138,438.5031333,429.5211333,3.726136,422.9404,15.32018,1.924728,1.548183333,16.83816,13.45206667,1499.982667,0.972991333,0.02700876,0,2.032506667,0,14334.26,12843.71333,44.625,46.479,45.625,45.06626667,44.7416,1459.472667,40.51,0,1784734019,0,1784730648,22:30:48,1784730642,1784730648,1,0.032,-0.09,-13.928,-0.577,447,16,0.08,0.01,8.201695238,-30.84124831,3.513259758,0,3.733057619,0.024743377,0.040772459,1,1,2,1/2,3.00257,2.75944,0.0964554,0.0950283,0.0938299,0.0785758,31923.7,23009.8,33459.1,25715,38765.6,32073.5,48895.5,40192.2,1.74075,2.62827,0.203587,0,31.6172,999.9,54.902,35.147,30.9373,29.1073,-100,3,0.338288,0,20.2433,5.20456,11.956,4.96935,3.29402,122.3,9999,9999,7159.6,4.97375,1.87303,1.87089,1.87241,1.87286,1.87363,1.87332,1.87775,0,0,0,0,11111111,oooooooo,on,on,on,on,0,100,100,-13.694,-0.1092,-9.716223725,-0.010281863,2.60765E-06,-1.39012E-10,-1.016938244,-0.176615401,0.01337041,-8.0725E-05,6,2428,1,22,56.3,56.2,0.155029,4.99756,2.64526,2.74536,2.8479,2.27295,39.0188,15.7957,2,372.248,1222.81,32.7138,31.9396,30,31.8474,31.7625,-1,40,10,-999.9,400,20,101.592,94.317
28,1784734142,3245,20260722 23:29:02,23:29:02,15,,1784734134,0.002377833,2.377833298,3.917667084,423.0745514,301.2802054,30.47536059,42.7952095,0.06416003,1.385475635,0.062553936,0.039237162,287.4360467,36.64541635,34.94049333,5.62978501,34.99832616,1.928360304,5.509864373,3.701424706,-104.8624485,-28.9886492,-4.874382365,148.7105666,8.715226764,2.265747131,3.917667084,447.7284975,437.2125879,0.874758591,60.84697424,2.377833298,16.03870705,19.18974424,0.019466649,69.65,42,10,1.003348228,0.334822764,25171.89997,1500.028667,1261.23938,0.840810185,0.191620369,6,0.5,0: Broadleaf,2,TRUE,1784734134,423.1679333,436.7178,19.06382,15.95204667,436.89,19.13122,427.0862,101.0528667,0.100013727,34.55239333,34.94049333,999.9,0,0,5002.335333,0,113.0930667,-13.549946,431.3921333,443.7978,3.111780667,436.7178,15.95204667,1.926455333,1.612,16.85235333,14.07368667,1500.028667,0.972991667,0.02700842,0,2.042846667,0,14290.40667,12844.12,44.625,46.437,45.583,45.0206,44.6912,1459.518667,40.51,0,1784734139,0,1784730648,22:30:48,1784730642,1784730648,1,0.032,-0.09,-13.928,-0.577,447,16,0.08,0.01,-10.35743238,-46.44961792,5.816474427,0,3.238509048,-1.738486753,0.226825612,0,0,2,0/2,3.00166,2.75959,0.0980852,0.0987657,0.0949176,0.0818625,31866.3,22914.1,33459.2,25714.1,38717.1,31956.9,48896,40191.5,1.73853,2.62878,0.205427,0,31.5983,999.9,55.952,35.218,31.6526,28.7473,-100,3,0.337066,0,20.2431,5.20441,11.956,4.9694,3.294,122.3,9999,9999,7159.6,4.97377,1.87304,1.87088,1.87241,1.87287,1.8737,1.87332,1.87773,0,0,0,0,11111111,oooooooo,on,on,on,on,0,100,100,-13.772,-0.0412,-9.716223725,-0.010281863,2.60765E-06,-1.39012E-10,-1.016938244,-0.176615401,0.01337041,-8.0725E-05,6,2428,1,22,58.3,58.2,0.153809,4.99756,2.64526,2.74414,2.8479,2.26196,38.9445,15.7781,2,371.035,1223.35,32.7073,31.9283,30,31.8362,31.7541,-1,40,10,-999.9,400,20,101.593,94.3146
29,1784734262,3365,20260722 23:31:02,23:31:02,15,,1784734254,0.002454246,2.454246064,3.24054287,413.2708328,311.7427176,31.53324115,41.80296153,0.066574374,1.385191268,0.064846539,0.040680591,287.4305333,36.47655986,34.77292667,5.577732462,34.56692915,1.890783714,5.469920992,3.686948748,-108.2322514,-26.24449016,-4.407445194,148.5463466,3.079760913,2.444705886,3.24054287,424.7828257,421.0512303,-0.156374898,60.84697424,2.454246064,15.13936547,18.61720424,-0.016268803,69.65,42,10,1.00334788,0.334787983,25174.50632,1500.005333,1261.21924,0.840809837,0.191619674,6,0.5,0: Broadleaf,2,TRUE,1784734254,413.3480667,419.0623333,18.69259333,15.34407333,426.9898667,18.83275333,428.4013333,101.0514667,0.100025807,34.42149333,34.77292667,999.9,0,0,5001.001333,0,66.35598,-5.714304133,421.2217333,425.5933333,3.348520667,419.0623333,15.34407333,1.888913333,1.55054,16.54265333,13.47482667,1500.005333,0.973007133,0.02699252,0,1.95504,0,14255.84667,12843.96667,44.5662,46.437,45.5662,44.93706667,44.687,1459.513333,40.492,0,1784734259,0,1784730648,22:30:48,1784730642,1784730648,1,0.032,-0.09,-13.928,-0.577,447,16,0.08,0.01,-6.730369619,29.55742706,4.130808268,0,3.395987619,0.133384675,0.1802133,0,0,2,0/2,3.00281,2.75935,0.0951992,0.0931455,0.0930346,0.0778097,31968.3,23057.2,33459.3,25714.5,38801.7,32100.1,48896,40191.7,1.741,2.62952,0.214271,0,31.2948,999.9,54.267,35.268,30.7841,28.7173,-100,3,0.338049,0,20.2435,5.20441,11.956,4.9692,3.294,122.3,9999,9999,7159.6,4.97377,1.87303,1.8709,1.87241,1.87287,1.87372,1.87332,1.87774,0,0,0,0,11111111,oooooooo,on,on,on,on,0,100,100,-13.633,-0.158,-9.716223725,-0.010281863,2.60765E-06,-1.39012E-10,-1.016938244,-0.176615401,0.01337041,-8.0725E-05,6,2428,1,22,60.3,60.2,0.153809,4.99756,2.64526,2.74414,2.8479,2.20703,38.8211,15.7431,2,372.31,1224.37,32.6601,31.9311,30.0001,31.8362,31.7514,-1,40,10,-999.9,400,20,101.593,94.3156
30,1784734382,3485,20260722 23:33:02,23:33:02,15,,1784734374,0.002289808,2.289808206,3.728887258,420.2007345,299.6155099,30.30682506,42.50430878,0.061690867,1.384119152,0.060203052,0.037757593,287.42826,36.61955297,34.85736667,5.603910191,34.60956729,1.899295278,5.487775278,3.704614913,-100.9805419,-28.15137952,-4.734647814,153.5616908,3.325429583,2.35211894,3.728887258,433.8497755,428.0739939,0.079608831,60.8378999,2.289808206,15.66476583,18.78506667,0.006149619,69.65,42,10,1.003352639,0.335263888,25138.89046,1499.994,1261.20966,0.840809803,0.191619606,6,0.5,0: Broadleaf,2,TRUE,1784734374,420.2897333,426.3414667,18.77657333,15.54164,433.9883333,18.90038667,426.6106,101.0524,0.099990493,34.48010667,34.85736667,999.9,0,0,4995.665333,0,41.3298,-6.0516762,428.3322667,433.0721333,3.234933333,426.3414667,15.54164,1.897417333,1.570519333,16.61330667,13.6722,1499.994,0.973007667,0.02699198,0,2.060806667,0,14220.48667,12843.87333,44.54546667,46.3874,45.562,44.92046667,44.625,1459.504,40.49,0,1784734379,0,1784730648,22:30:48,1784730642,1784730648,1,0.032,-0.09,-13.928,-0.577,447,16,0.08,0.01,-5.059077381,-26.45376912,3.279183433,0,3.188819048,0.028237403,0.14374457,1,1,2,1/2,3.00098,2.7595,0.0965627,0.0974017,0.0936403,0.0809672,31921.3,22949.2,33460.4,25714.6,38775.9,31989.3,48897.8,40192.5,1.73727,2.629,0.217393,0,31.3357,999.9,54.682,35.339,31.1415,28.6573,-100,3,0.336245,0,20.2431,5.20486,11.956,4.96945,3.29402,122.4,9999,9999,7159.6,4.97373,1.87302,1.87089,1.8724,1.87286,1.87369,1.87332,1.87774,0,0,0,0,11111111,oooooooo,on,on,on,on,0,100,100,-13.699,-0.1211,-9.716223725,-0.010281863,2.60765E-06,-1.39012E-10,-1.016938244,-0.176615401,0.01337041,-8.0725E-05,6,2428,1,22,62.3,62.2,0.153809,4.99756,2.64526,2.74536,2.8479,2.25952,38.7717,15.7431,2,370.354,1223.5,32.6383,31.9227,29.9999,31.8296,31.7458,-1,40,10,-999.9,400,20,101.596,94.3168
31,1784734502,3605,20260722 23:35:02,23:35:02,15,,1784734494,0.002240252,2.240251599,5.078331041,407.5109528,245.9413722,24.8760858,41.21826813,0.058697713,1.38356132,0.057348538,0.035961471,287.42902,36.72416634,34.95884,5.635509741,33.20374838,1.83016599,5.51192585,3.805343751,-98.7950955,-29.81484052,-5.020855072,153.7982289,7.854131406,2.299055979,5.078331041,429.7721442,417.9156303,0.820251203,60.8378999,2.240251599,15.12111186,18.13764,0.011390905,69.65,42,10,1.003355617,0.335561691,25116.6549,1499.998,1261.21302,0.840809801,0.191619602,6,0.5,0: Broadleaf,2,TRUE,1784734494,407.6322667,419.9448667,18.09422667,14.93388667,421.2271333,18.34897333,427.1250667,101.0464,0.100005627,34.55912667,34.95884,999.9,0,0,4993.21,0,33.75594,-12.31269133,415.144,426.3132,3.160341333,419.9448667,14.93388667,1.828359333,1.509016667,16.03136,13.05898667,1499.998,0.973009,0.0269906,0,1.963346667,0,14181.22,12843.89333,44.5704,46.437,45.562,44.9664,44.67873333,1459.508,40.49,0,1784734499,0,1784730648,22:30:48,1784730642,1784730648,1,0.032,-0.09,-13.928,-0.577,447,16,0.08,0.01,-9.769332381,-81.14514623,10.34292497,0,3.233473333,-1.746617922,0.185237323,0,0,2,0/2,3.00166,2.75951,0.0953276,0.100172,0.0916135,0.0792177,31965.2,22879.6,33460.8,25715.5,38867.7,32053.1,48898.3,40193.7,1.73873,2.62525,0.214905,0,31.4853,999.9,53.351,35.369,30.4377,29.0773,-100,3,0.336214,0,20.2427,5.20396,11.956,4.96925,3.294,122.4,9999,9999,7159.6,4.9737,1.87302,1.87088,1.8724,1.87286,1.87364,1.87328,1.8777,0,0,0,0,11111111,oooooooo,on,on,on,on,0,100,100,-13.64,-0.2431,-9.716223725,-0.010281863,2.60765E-06,-1.39012E-10,-1.016938244,-0.176615401,0.01337041,-8.0725E-05,6,2428,1,22,64.3,64.2,0.155029,4.99756,2.64526,2.74292,2.8479,2.21802,38.7225,15.7169,2,371.071,1218.1,32.6639,31.9152,30.0002,31.825,31.7446,-1,40,10,-999.9,400,20,101.597,94.3199
32,1784734622,3725,20260722 23:37:02,23:37:02,15,,1784734614,0.002327005,2.327005085,3.027825685,436.0978577,332.3706471,33.61588214,44.10682566,0.06177766,1.385056572,0.060286693,0.037810144,287.43222,36.6900898,35.00700667,5.650563323,34.30752055,1.892244371,5.515538112,3.758318952,-102.6209242,-32.56310158,-5.479347019,146.7688472,-0.78990981,2.597788706,3.027825685,438.2855561,439.1165758,-0.915759423,60.8378999,2.327005085,15.21908927,18.51711333,-0.014951786,69.65,42,10,1.003349968,0.33499681,25158.86564,1500.014,1261.22654,0.840809846,0.191619692,6,0.5,0: Broadleaf,2,TRUE,1784734614,436.1700667,436.6548667,18.70920667,15.14754667,449.9977333,18.84599333,427.9767333,101.0397333,0.1000106,34.57092,35.00700667,999.9,0,0,5000.917333,0,33.84848,-0.484836,444.4866667,443.3708,3.561666667,436.6548667,15.14754667,1.890372667,1.530504667,16.55412,13.27554,1500.014,0.9730066,0.02699306,0,2.042386667,0,14163.13333,12844.04,44.625,46.437,45.5914,45.02893333,44.687,1459.521333,40.49266667,0,1784734619,0,1784730648,22:30:48,1784730642,1784730648,1,0.032,-0.09,-13.928,-0.577,447,16,0.08,0.01,3.528878571,-65.47233818,9.296606009,0,3.526348095,-0.660248571,0.324432762,0,0,2,0/2,3.00209,2.75948,0.0984199,0.0992406,0.0926465,0.0786722,31854.2,22902.7,33459,25715,38820.4,32071.8,48896.7,40193.3,1.73958,2.62655,0.212915,0,31.5627,999.9,53.895,35.409,30.8174,29.3173,-100,3,0.337409,0,20.2432,5.20486,11.956,4.9693,3.29402,122.4,9999,9999,7159.6,4.97375,1.87302,1.87089,1.87241,1.87286,1.87365,1.8733,1.87773,0,0,0,0,11111111,oooooooo,on,on,on,on,0,100,100,-13.789,-0.181,-9.716223725,-0.010281863,2.60765E-06,-1.39012E-10,-1.016938244,-0.176615401,0.01337041,-8.0725E-05,6,2428,1,22,66.3,66.2,0.155029,4.99756,2.64526,2.74414,2.8479,2.21802,38.6733,15.6993,2,371.559,1220.05,32.6879,31.9283,30.0002,31.8334,31.7486,-1,40,10,-999.9,400,20,101.593,94.3185
33,1784734742,3845,20260722 23:39:02,23:39:02,15,,1784734734,0.00209202,2.092020468,2.447518937,445.0948785,346.8786485,35.0824332,45.01577543,0.054361159,1.385877901,0.053203745,0.033354277,287.42622,36.84348648,35.05633333,5.66601565,33.23421687,1.836703203,5.526542751,3.829312447,-92.25810265,-33.58658692,-5.650564212,155.9309662,3.55227722,1.901045114,2.447518937,456.4386969,453.9885091,-0.186038112,60.8378999,2.092020468,15.64048369,18.35866727,0.0265891,69.65,42,10,1.003347202,0.334720158,25179.59043,1499.982,1261.1997,0.84080989,0.191619779,6,0.5,0: Broadleaf,2,TRUE,1784734734,445.1532,451.3258,18.16046,15.54296,459.0533333,18.40260667,426.4021333,101.0374667,0.100015707,34.60680667,35.05633333,999.9,0,0,5005.083333,0,34.89858667,-6.172625133,453.3870667,458.4514,2.617518,451.3258,15.54296,1.834886667,1.57042,16.08683333,13.67141333,1499.982,0.973005267,0.026994447,0,2.120946667,0,14109.48,12843.75333,44.625,46.4412,45.6124,45.0496,44.7038,1459.488,40.494,0,1784734739,0,1784730648,22:30:48,1784730642,1784730648,1,0.032,-0.09,-13.928,-0.577,447,16,0.08,0.01,-12.67207986,92.99393969,12.44307977,0,2.599678571,0.428575325,0.110668493,0,0,2,0/2,3.00127,2.75948,0.100648,0.099453,0.0923149,0.080389,31774.3,22895.7,33457.7,25713.1,38834.5,32008.9,48894.9,40191,1.7375,2.62665,0.215136,0,31.5932,999.9,53.675,35.45,30.7638,28.4773,-100,3,0.338618,0,20.2432,5.20501,11.956,4.9693,3.294,122.5,9999,9999,7159.6,4.97374,1.87302,1.87088,1.87241,1.87286,1.87365,1.87331,1.8777,0,0,0,0,11111111,oooooooo,on,on,on,on,0,100,100,-13.898,-0.2006,-9.716223725,-0.010281863,2.60765E-06,-1.39012E-10,-1.016938244,-0.176615401,0.01337041,-8.0725E-05,6,2428,1,22,68.3,68.2,0.155029,4.99756,2.64526,2.74292,2.8479,2.25708,38.6241,15.6906,2,370.563,1220.42,32.7031,31.9424,30.0001,31.8455,31.7597,-1,40,10,-999.9,400,20,101.589,94.3126
34,1784734862,3965,20260722 23:41:02,23:41:02,15,,1784734854,0.002033818,2.03381763,3.794038307,406.2523842,264.4666171,26.74649092,41.08581198,0.051401316,1.385469019,0.050364915,0.031569448,287.4263445,36.98656214,35.20702667,5.713450333,32.02076617,1.780821074,5.56145679,3.932629259,-89.69135747,-36.35875811,-6.126635364,155.2495936,4.678613746,2.047040122,3.794038307,423.0582539,415.4129091,0.397444086,60.8378999,2.03381763,14.93452455,17.67680364,0.010039812,69.65,42,10,1.003349987,0.334998732,25158.72181,1499.982667,1261.200259,0.840809889,0.191619777,6,0.5,0: Broadleaf,2,TRUE,1784734854,406.3428667,414.0628,17.60858,14.79282667,419.9271333,17.95380667,427.0601333,101.0337333,0.099979553,34.72025333,35.20702667,999.9,0,0,5003.25,0,34.49117333,-7.719944,413.6260667,420.2802667,2.815762667,414.0628,14.79282667,1.779062,1.494573333,15.60400667,12.91215333,1499.982667,0.973005933,0.02699376,0,1.968893333,0,14054.84667,12843.76667,44.687,46.55786667,45.63326667,45.14566667,44.80373333,1459.49,40.494,0,1784734859,0,1784730648,22:30:48,1784730642,1784730648,1,0.032,-0.09,-13.928,-0.577,447,16,0.08,0.01,-6.753388571,-20.78825455,2.314796463,0,2.877980952,-1.24512,0.149045453,0,0,2,0/2,3.00163,2.75959,0.0944941,0.0939959,0.0901469,0.0783554,31987.3,23031.7,33453.5,25710.4,38926.3,32076.4,48888.7,40186.9,1.7379,2.62542,0.220172,0,31.6625,999.9,52.32,35.51,30.0861,29.1373,-100,3,0.34358,0,20.2432,5.20516,11.956,4.9694,3.294,122.5,9999,9999,7159.6,4.97371,1.87302,1.87088,1.8724,1.87286,1.87363,1.87327,1.87766,0,0,0,0,11111111,oooooooo,on,on,on,on,0,100,100,-13.602,-0.3266,-9.716223725,-0.010281863,2.60765E-06,-1.39012E-10,-1.016938244,-0.176615401,0.01337041,-8.0725E-05,6,2428,1,22,70.3,70.2,0.155029,4.99756,2.64526,2.74414,2.8479,2.29248,38.6241,15.6731,2,370.993,1219.5,32.7605,31.9874,30.0005,31.8834,31.8002,-1,40,10,-999.9,400,20,101.577,94.3028
35,1784734982,4085,20260722 23:43:02,23:43:02,15,,1784734974,0.002101909,2.101909336,3.180958231,421.007111,301.4259954,30.48521381,42.57924661,0.053690705,1.385203042,0.052560808,0.032950041,287.4235667,36.96967982,35.23558,5.722477029,32.85577269,1.829009697,5.56678339,3.893467332,-92.69420172,-37.19565154,-6.270258566,151.2634548,-0.550643622,2.296860924,3.180958231,427.4849813,425.0719576,-0.376259323,60.8378999,2.101909336,14.99193265,17.96627273,-0.013107647,69.65,42,10,1.003351211,0.33512108,25149.56731,1499.968667,1261.18844,0.840809857,0.191619714,6,0.5,0: Broadleaf,2,TRUE,1784734974,421.083,421.6688,18.08454,14.93734667,434.7882667,18.34107333,428.5059333,101.0366667,0.099978053,34.73750667,35.23558,999.9,0,0,5001.792,0,35.10930667,-0.585646533,428.8387333,428.0629333,3.1472,421.6688,14.93734667,1.827202667,1.50922,16.02126667,13.06178,1499.968667,0.973006467,0.026993207,0,1.9265,0,14033.32667,12843.64667,44.6996,46.625,45.687,45.19133333,44.812,1459.476667,40.492,0,1784734979,0,1784730648,22:30:48,1784730642,1784730648,1,0.032,-0.09,-13.928,-0.577,447,16,0.08,0.01,-1.007632286,-9.051144779,3.555913162,0,3.110195238,-0.054317143,0.127246518,1,1,2,1/2,3.00222,2.75937,0.0959991,0.0961988,0.0909481,0.0780999,31929.9,22973.5,33449.3,25708.2,38886.4,32082.7,48883.5,40183.7,1.73867,2.62475,0.219047,0,31.6988,999.9,52.716,35.55,30.3793,29.1373,-100,3,0.347187,0,20.2434,5.20022,11.956,4.9692,3.29405,122.5,9999,9999,7159.6,4.97373,1.87302,1.87088,1.87241,1.87286,1.87364,1.87329,1.87773,0,0,0,0,11111111,oooooooo,on,on,on,on,0,100,100,-13.674,-0.2801,-9.716223725,-0.010281863,2.60765E-06,-1.39012E-10,-1.016938244,-0.176615401,0.01337041,-8.0725E-05,6,2428,1,22,72.3,72.2,0.155029,4.99756,2.64526,2.74414,2.8479,2.27661,38.6487,15.6381,2,371.662,1219.37,32.8006,32.041,30.0002,31.9288,31.8405,-1,40,10,-999.9,400,20,101.565,94.2951
36,1784735102,4205,20260722 23:45:02,23:45:02,15,,1784735094,0.002269579,2.269579146,1.026330888,454.7662074,399.1936423,40.37316489,45.99359592,0.058603359,1.386158468,0.057260922,0.035906128,287.4352133,36.8894093,35.25279333,5.727924743,33.57917421,1.869864906,5.568525582,3.858059838,-100.0884403,-38.08618861,-6.416669912,142.8439145,11.01466348,1.874284934,1.026330888,471.2122961,470.7001939,-0.169270434,60.8378999,2.269579146,15.63528623,18.65713636,0.015392688,69.65,42,10,1.003347613,0.334761251,25176.50989,1500.029333,1261.23946,0.840809864,0.191619728,6,0.5,0: Broadleaf,2,TRUE,1784735094,454.7906667,471.3666,18.48847333,15.91965333,468.7676667,18.66796,428.2228,101.0368,0.0999933,34.74314667,35.25279333,999.9,0,0,5006.501333,0,37.52377333,-16.575966,463.3589333,478.9966,2.568812667,471.3666,15.91965333,1.868018,1.608472667,16.36732667,14.03760667,1500.029333,0.973006267,0.026993447,0,2.031646667,0,13991.84667,12844.16667,44.75,46.625,45.7458,45.2164,44.8414,1459.535333,40.494,0,1784735099,0,1784730648,22:30:48,1784730642,1784730648,1,0.032,-0.09,-13.928,-0.577,447,16,0.08,0.01,-22.63796619,174.91272,21.92447049,0,2.48362,3.028863117,0.390127918,0,0,2,0/2,3.0028,2.75943,0.102922,0.0985142,0.0930587,0.0784156,31685.9,22915.2,33449.8,25708.8,38794,32072.9,48885.1,40185,1.73953,2.62535,0.218604,0,31.7282,999.9,53.528,35.591,30.9177,29.1673,-100,3,0.346532,0,20.2436,5.20486,11.956,4.96955,3.294,122.6,9999,9999,7159.6,4.97373,1.87302,1.87088,1.87241,1.87286,1.87366,1.8733,1.87772,0,0,0,0,11111111,oooooooo,on,on,on,on,0,100,100,-14.01,-0.1542,-9.716223725,-0.010281863,2.60765E-06,-1.39012E-10,-1.016938244,-0.176615401,0.01337041,-8.0725E-05,6,2428,1,22,74.3,74.2,0.153809,4.99756,2.64526,2.74292,2.8479,2.26685,38.6241,15.6205,2,372.168,1220.4,32.8199,32.0439,30.0001,31.9401,31.8489,-1,40,10,-999.9,400,20,101.567,94.2978
37,1784735222,4325,20260722 23:47:02,23:47:02,15,,1784735214,0.002108268,2.108268417,2.993490869,420.9191434,305.6406225,30.91216779,42.57131489,0.05312833,1.385731896,0.052022128,0.0326113,287.4265978,37.03559936,35.29195333,5.740334981,32.105732,1.794214189,5.588454388,3.946120792,-92.97463717,-36.18835077,-6.101879827,152.1617301,6.520261291,2.032265895,2.993490869,436.6446672,431.5117333,0.156458376,60.8378999,2.108268417,14.88601023,17.77799273,0.001281886,69.65,42,10,1.00334996,0.334996028,25158.92416,1499.984,1261.201379,0.840809888,0.191619776,6,0.5,0: Broadleaf,2,TRUE,1784735214,420.9905333,431.2901333,17.74009333,14.95383333,434.6949333,18.06102667,428.4082667,101.0389333,0.10000406,34.80755333,35.29195333,999.9,0,0,5004.29,0,36.80386,-10.29945267,428.5941333,437.8373333,2.786253333,431.2901333,14.95383333,1.792441333,1.510923333,15.72097333,13.07904,1499.984,0.973005933,0.026993753,0,1.98082,0,13946.91333,12843.77333,44.79546667,46.5746,45.75,45.17046667,44.8582,1459.491333,40.494,0,1784735219,0,1784730648,22:30:48,1784730642,1784730648,1,0.032,-0.09,-13.928,-0.577,447,16,0.08,0.01,-11.43758524,29.19311377,4.439755044,0,2.773400952,0.566381299,0.090931082,0,0,2,0/2,3.0029,2.75951,0.0970884,0.0963501,0.0903643,0.0781564,31892.5,22970.3,33450.4,25708.9,38914.4,32082,48885.3,40185.3,1.73975,2.62245,0.218034,0,31.7778,999.9,52.136,35.621,30.1634,29.1373,-100,3,0.346192,0,20.2433,5.19932,11.956,4.9694,3.29402,122.6,9999,9999,7159.6,4.97373,1.87302,1.87088,1.87241,1.87286,1.87366,1.8733,1.87774,0,0,0,0,11111111,oooooooo,on,on,on,on,0,100,100,-13.727,-0.3137,-9.716223725,-0.010281863,2.60765E-06,-1.39012E-10,-1.016938244,-0.176615401,0.01337041,-8.0725E-05,6,2428,1,22,76.3,76.2,0.155029,4.99756,2.64526,2.74292,2.8479,2.24121,38.6241,15.5943,2,372.284,1216.4,32.8415,32.041,30.0001,31.9401,31.8553,-1,40,10,-999.9,400,20,101.568,94.2984
38,1784735342,4445,20260722 23:49:02,23:49:02,15,,1784735334,0.001938378,1.938378296,5.837460007,435.1938687,220.5878737,22.31041838,44.01582518,0.049072588,1.384323684,0.04812627,0.030162422,287.4291467,37.18155269,35.39692,5.773715405,33.06288928,1.853681661,5.606532585,3.920033744,-85.48248286,-39.63786891,-6.695636906,155.613158,6.981387297,2.084637999,5.837460007,462.2279706,446.9591152,1.242292502,60.8378999,1.938378296,15.59811205,18.28571515,-0.003391666,69.65,42,10,1.003356011,0.335601119,25113.71393,1499.998667,1261.21358,0.840809801,0.191619601,6,0.5,0: Broadleaf,2,TRUE,1784735334,435.3333333,446.3522667,18.32774667,15.47064667,449.1542667,18.53817333,428.2927333,101.0407333,0.099995773,34.86580667,35.39692,999.9,0,0,4997.251333,0,36.4863,-11.01901467,443.461,453.368,2.857098667,446.3522667,15.47064667,1.851847333,1.563164,16.23138667,13.59961333,1499.998667,0.973008333,0.02699134,0,1.9858,0,13923.37333,12843.90667,44.875,46.6912,45.812,45.31206667,44.9412,1459.508667,40.49,0,1784735339,0,1784730648,22:30:48,1784730642,1784730648,1,0.032,-0.09,-13.928,-0.577,447,16,0.08,0.01,-7.212092952,-103.1687459,11.89029741,0,2.879438095,-1.060154805,0.166585168,0,0,2,0/2,3.00296,2.75948,0.100034,0.103299,0.0920851,0.0817853,31783.2,22789.3,33445,25704,38832.6,31948.7,48879,40178.8,1.73937,2.62293,0.217304,0,31.8941,999.9,53.589,35.661,31.0699,28.8073,-100,3,0.351044,0,20.2437,5.20321,11.956,4.96865,3.294,122.6,9999,9999,7159.6,4.97375,1.87302,1.87088,1.87241,1.87286,1.87366,1.8733,1.87771,0,0,0,0,11111111,oooooooo,on,on,on,on,0,100,100,-13.87,-0.2126,-9.716223725,-0.010281863,2.60765E-06,-1.39012E-10,-1.016938244,-0.176615401,0.01337041,-8.0725E-05,6,2428,1,22,78.3,78.2,0.155029,4.99756,2.64526,2.74414,2.8479,2.23511,38.6241,15.603,2,372.341,1217.91,32.8961,32.0886,30.0002,31.9823,31.8964,-1,40,10,-999.9,400,20,101.554,94.2821
39,1784735918,5021.1,20260722 23:58:38,23:58:38,15,,1784735910,0.003331665,3.331665432,1.589426507,445.7670516,396.363986,40.0874079,45.08392855,0.100235745,1.385603896,0.096374578,0.060568629,287.4341563,36.21673068,34.43329375,5.473511467,38.14863465,2.108229573,5.526356558,3.365281894,-146.9264455,12.91621397,2.166837799,155.5907625,13.04355218,3.248524586,1.589426507,470.0861994,465.4897818,0.419297805,60.79053002,3.331665432,16.14253168,20.79040303,-0.014831193,69.65,52,12,1.004148755,0.414875518,25171.76019,1500.021875,1261.233375,0.840809988,0.191619976,6,0.5,0: Broadleaf,2,TRUE,1784735910,445.8049375,465.954375,20.84510625,16.4247125,459.20525,20.7787,429.92375,101.037875,0.099991494,34.6062,34.43329375,999.9,0,0,5003.710625,0,47.9232875,-20.14948525,455.295625,473.73625,4.420401875,465.954375,16.4247125,2.106145625,1.659516875,18.26570625,14.52114375,1500.021875,0.973003,0.0269967,0,2.01365,0,18576.63125,12844.08125,45.125,46.9685,46.1053125,45.5465,45.187,1459.521875,40.5,0,1784735915,0,1784735762,23:56:02,1784735751,1784735762,3,0.099,-0.122,-13.693,-0.753,504,17,2.1,0.03,-23.8857712,92.23809023,12.90197233,0,4.252322,3.423964511,0.334585562,0,0,2,0/2,3.00411,2.75946,0.102057,0.100858,0.100507,0.0817876,31694.4,22840.8,33427.5,25693.3,38437.4,31934,48856.9,40164,1.718,2.61733,0.183612,0,31.4725,999.9,54.487,35.812,31.8548,29.44,-100,3,0.370577,0,20.2431,5.20441,11.956,4.96925,3.294,122.8,9999,9999,7159.6,4.97375,1.87302,1.87088,1.87241,1.87287,1.8737,1.87332,1.87775,0,0,0,0,11111111,oooooooo,on,on,on,on,0,100,100,-13.468,0.0486,-9.215353847,-0.010281863,2.60765E-06,-1.39012E-10,-1.312278615,-0.176615401,0.01337041,-8.0725E-05,6,2428,1,22,2.8,2.6,0.153809,4.99756,2.64526,2.74414,2.8479,2.26074,38.6979,15.5155,2,362.759,1214.54,32.9506,32.3254,30.0003,32.215,32.1215,-1,40,10,-999.9,400,20,101.505,94.2456
40,1784736038,5141.1,20260723 00:00:38,00:00:38,15,,1784736030,0.003393236,3.393236104,3.530765721,411.6397062,331.670752,33.54469046,41.63263249,0.09913058,1.384943086,0.095350633,0.05992175,287.4142933,36.19862382,34.42668,5.47149887,36.26118753,2.005328139,5.530232946,3.466170731,-149.6417122,14.34664079,2.408026774,154.5272487,3.335425845,3.492692689,3.530765721,425.2069989,419.9938061,0.038763217,60.79053002,3.393236104,15.15915593,19.79799879,-0.000392371,69.65,51,12,1.004071899,0.407189897,25151.73742,1499.917333,1261.14556,0.840810045,0.191620089,6,0.5,0: Broadleaf,2,TRUE,1784736030,411.7239333,418.359,19.82754,15.0752,424.8475333,19.97602667,430.4334667,101.0385333,0.099991127,34.61882667,34.42668,999.9,0,0,5000.416667,0,48.78562667,-6.635038667,420.0525333,424.7624667,4.752357333,418.359,15.0752,2.003346667,1.523174,17.47076667,13.20264,1499.917333,0.972999333,0.027000447,0,2.109446667,0,18300.99333,12843.17333,45.0746,46.90393333,46.062,45.5496,45.15393333,1459.417333,40.5,0,1784736035,0,1784735762,23:56:02,1784735751,1784735762,3,0.099,-0.122,-13.693,-0.753,504,17,2.1,0.03,-5.728754286,-16.67207455,1.755793679,0,4.824397619,-1.469213766,0.148642969,0,0,2,0/2,3.00462,2.75955,0.0949006,0.095,0.0975929,0.0790959,31943.3,22988.1,33424.1,25691.9,38563.7,32025.9,48852.3,40161.6,1.7208,2.61507,0.181571,0,31.4941,999.9,52.545,35.842,30.7719,29.17,-100,3,0.374111,0,20.2435,5.20501,11.956,4.96925,3.294,122.8,9999,9999,7159.6,4.97375,1.87302,1.87088,1.87241,1.87286,1.87367,1.87332,1.87774,0,0,0,0,11111111,oooooooo,on,on,on,on,0,100,100,-13.124,-0.1534,-9.215353847,-0.010281863,2.60765E-06,-1.39012E-10,-1.312278615,-0.176615401,0.01337041,-8.0725E-05,6,2428,1,22,4.8,4.6,0.153809,4.99756,2.64526,2.74292,2.8479,2.21313,38.6733,15.4629,2,364.411,1212.18,32.9313,32.368,30.0003,32.2548,32.1633,-1,40,10,-999.9,400,20,101.495,94.2401
41,1784736158,5261.1,20260723 00:02:38,00:02:38,15,,1784736150,0.003436044,3.436044393,4.193766853,427.9437787,339.0084123,34.28430388,43.27843799,0.102640003,1.384742572,0.098592996,0.061970934,287.4241733,36.24789485,34.4721,5.485333373,37.69606808,2.09288649,5.552002097,3.392446883,-151.5295577,16.23679984,2.727222172,154.8586376,5.102690444,3.472738621,4.193766853,450.0606418,439.7430606,0.786563131,60.79053002,3.436044393,16.16810612,20.77173697,0.012962907,69.65,51,12,1.004073729,0.407372852,25140.48735,1499.969333,1261.18924,0.840810017,0.191620033,6,0.5,0: Broadleaf,2,TRUE,1784736150,428.0438667,437.1925333,20.69478,15.97762,441.3006667,20.66064667,430.7822667,101.0311333,0.099996847,34.68959333,34.4721,999.9,0,0,4999.793333,0,52.44900667,-9.148857333,437.0892,444.2920667,4.717155333,437.1925333,15.97762,2.090813333,1.614234,18.14934,14.09474667,1499.969333,0.973000333,0.02699942,0,2.022893333,0,18080.04667,12843.63333,45.0662,46.92873333,46.062,45.55786667,45.17046667,1459.469333,40.5,0,1784736155,0,1784735762,23:56:02,1784735751,1784735762,3,0.099,-0.122,-13.693,-0.753,504,17,2.1,0.03,-7.380850857,-50.22219943,6.001824633,0,4.744918095,-0.842133506,0.115412276,0,0,2,0/2,3.0052,2.7595,0.0981614,0.0991962,0.10059,0.082698,31825.6,22879.1,33421.4,25689.2,38427.3,31896.1,48849,40158.3,1.72285,2.61453,0.18017,0,31.583,999.9,54.059,35.852,31.6808,29.26,-100,3,0.377055,0,20.2435,5.20381,11.956,4.9691,3.29402,122.9,9999,9999,7159.6,4.97376,1.87302,1.8709,1.87241,1.87286,1.87368,1.87332,1.87774,0,0,0,0,11111111,oooooooo,on,on,on,on,0,100,100,-13.281,0.0567,-9.215353847,-0.010281863,2.60765E-06,-1.39012E-10,-1.312278615,-0.176615401,0.01337041,-8.0725E-05,6,2428,1,22,6.8,6.6,0.153809,4.99756,2.64526,2.74292,2.8479,2.26685,38.6487,15.4629,2,365.7,1212.27,32.9505,32.4063,30.0003,32.2969,32.2058,-1,40,10,-999.9,400,20,101.488,94.2315
42,1784736278,5381.1,20260723 00:04:38,00:04:38,15,,1784736270,0.003744587,3.74458698,3.726147751,431.4739596,355.809596,35.98280173,43.63469145,0.114263232,1.385677838,0.109274914,0.068726853,287.43152,36.1176018,34.46984667,5.484646313,38.66779033,2.149997683,5.560177255,3.33464863,-165.1362858,18.39677045,3.088302554,143.7803072,2.398933323,3.81124965,3.726147751,444.9081718,439.859303,-0.040088216,60.79053002,3.74458698,16.03634419,21.19423091,-0.008696398,69.65,50,12,1.003989592,0.398959156,25165.22249,1500.008,1261.22172,0.840809996,0.191619991,6,0.5,0: Broadleaf,2,TRUE,1784736270,431.5628,437.1788667,21.25987333,16.08805333,444.8482,21.10346667,430.9985333,101.0293333,0.10004072,34.71610667,34.46984667,999.9,0,0,5004.498667,0,61.02252667,-5.615995353,440.9371333,444.3271333,5.171826,437.1788667,16.08805333,2.147872,1.625365333,18.57869333,14.20136,1500.008,0.973001,0.026998747,0,1.997686667,0,17886.24,12843.96,45.187,47.062,46.14153333,45.67053333,45.25,1459.508,40.5,0,1784736275,0,1784735762,23:56:02,1784735751,1784735762,3,0.099,-0.122,-13.693,-0.753,504,17,2.1,0.03,-2.096605729,-57.63109004,6.22356691,0,5.274168571,-1.357943377,0.172319397,0,0,2,0/2,3.00563,2.75956,0.0980716,0.0983796,0.101703,0.0821424,31821.3,22895.1,33413.9,25684.3,38370.4,31909.2,48839.5,40151.2,1.72458,2.6151,0.180908,0,31.5509,999.9,54.413,35.883,31.9414,29.23,-100,3,0.384098,0,20.2434,5.20217,11.956,4.969,3.29402,122.9,9999,9999,7159.6,4.97377,1.87303,1.8709,1.87241,1.87286,1.87366,1.87331,1.87773,0,0,0,0,11111111,oooooooo,on,on,on,on,0,100,100,-13.278,0.1388,-9.215353847,-0.010281863,2.60765E-06,-1.39012E-10,-1.312278615,-0.176615401,0.01337041,-8.0725E-05,6,2428,1,22,8.8,8.6,0.153809,4.99756,2.64526,2.74292,2.8479,2.28394,38.6733,15.4629,2,366.989,1214.47,32.9858,32.4829,30.0003,32.3671,32.2733,-1,40,10,-999.9,400,20,101.467,94.2144
43,1784736398,5501.1,20260723 00:06:38,00:06:38,15,,1784736390,0.003659567,3.659566753,6.93368172,432.8660213,308.0361359,31.1507824,43.77445911,0.110264776,1.383536011,0.105604949,0.06640535,287.4222733,36.27150856,34.59379333,5.522550011,38.45396368,2.151117073,5.594006098,3.371432938,-161.3868938,17.27982981,2.908596737,146.2238061,18.82481584,3.613315866,6.93368172,479.6585151,456.7923818,2.358202645,60.79053002,3.659566753,16.46198614,21.3566103,0.011915788,69.65,49,11,1.003920478,0.392047831,25094.94992,1499.959333,1261.18084,0.840810022,0.191620044,6,0.5,0: Broadleaf,2,TRUE,1784736390,433.0318,461.2268,21.27143333,16.38304,446.3287333,21.11248,432.3316,101.0270667,0.099972553,34.82546,34.59379333,999.9,0,0,4994.040667,0,55.44216,-28.19502,442.4434,468.9104,4.888402,461.2268,16.38304,2.148988,1.655127333,18.587,14.4816,1499.959333,0.973000333,0.02699942,0,2.11974,0,17705.59333,12843.55333,45.1912,47.0914,46.187,45.6622,45.25,1459.459333,40.5,0,1784736395,0,1784735762,23:56:02,1784735751,1784735762,3,0.099,-0.122,-13.693,-0.753,504,17,2.1,0.03,-22.09131762,-112.9679018,12.31370544,0,4.915962381,-0.543400519,0.068604561,0,0,2,0/2,3.00629,2.75943,0.101466,0.105113,0.102286,0.0844399,31700.2,22723.2,33412.6,25683.3,38343.8,31827.8,48837.6,40150.1,1.72625,2.6123,0.177339,0,31.7342,999.9,54.944,35.913,32.307,28.69,-100,3,0.38562,0,20.2438,5.20471,11.956,4.96935,3.294,122.9,9999,9999,7159.6,4.97374,1.87302,1.87088,1.87241,1.8729,1.87368,1.87332,1.87771,0,0,0,0,11111111,oooooooo,on,on,on,on,0,100,100,-13.443,0.1829,-9.215353847,-0.010281863,2.60765E-06,-1.39012E-10,-1.312278615,-0.176615401,0.01337041,-8.0725E-05,6,2428,1,22,10.8,10.6,0.153809,4.99756,2.64526,2.74292,2.8479,2.27051,38.6733,15.4454,2,368.092,1211.36,33.0358,32.5213,30.0002,32.4091,32.3172,-1,40,10,-999.9,400,20,101.463,94.2115
44,1784736518,5621.1,20260723 00:08:38,00:08:38,15,,1784736510,0.003778763,3.778762553,3.635549396,421.3601549,347.0895482,35.10136769,42.6123973,0.113873352,1.384398288,0.108913859,0.068498752,287.44368,36.23580963,34.61004667,5.527537235,38.4167886,2.152036516,5.60181263,3.375500719,-166.6434286,17.95485687,3.02094679,141.7760551,0.260299207,3.966059599,3.635549396,430.0962006,427.1069394,-0.384406697,60.79053002,3.778762553,15.85495863,21.12305939,-0.02265579,69.65,49,11,1.003916947,0.391694653,25117.48885,1500.072,1261.27548,0.840809961,0.191619922,6,0.5,0: Broadleaf,2,TRUE,1784736510,421.447,424.1218,21.27978,15.92373333,434.6501333,21.11896667,433.1017333,101.0305333,0.10004772,34.85061333,34.61004667,999.9,0,0,4998.124,0,33.08187333,-2.67490462,430.6104667,430.9849333,5.356031333,424.1218,15.92373333,2.149905333,1.608784,18.59368667,14.04298667,1500.072,0.973002,0.026997713,0,2.064206667,0,17568.94667,12844.51333,45.25,47.062,46.229,45.69126667,45.312,1459.572,40.5,0,1784736515,0,1784735762,23:56:02,1784735751,1784735762,3,0.099,-0.122,-13.693,-0.753,504,17,2.1,0.03,-2.838092824,-4.481183478,1.678520428,0,5.318516667,0.369352208,0.089505407,0,0,2,0/2,3.00748,2.75939,0.0959111,0.0957807,0.101493,0.0817616,31895,22960.4,33411.5,25683.9,38377.3,31921.5,48836.3,40151,1.72915,2.6124,0.172205,0,31.8088,999.9,54.145,35.923,31.8536,28.99,-100,3,0.386883,0,20.2434,5.20501,11.956,4.96945,3.29402,123,9999,9999,7159.6,4.97374,1.87302,1.87088,1.87241,1.87287,1.87365,1.87332,1.87773,0,0,0,0,11111111,oooooooo,on,on,on,on,0,100,100,-13.174,0.1247,-9.215353847,-0.010281863,2.60765E-06,-1.39012E-10,-1.312278615,-0.176615401,0.01337041,-8.0725E-05,6,2428,1,22,12.8,12.6,0.153809,4.99756,2.64526,2.74292,2.8479,2.21313,38.6979,15.4104,2,369.735,1212.03,33.0854,32.5405,30.0001,32.4349,32.3429,-1,40,10,-999.9,400,20,101.46,94.2134
45,1784736638,5741.1,20260723 00:10:38,00:10:38,15,,1784736630,0.003769664,3.76966389,3.568242179,421.6923675,349.0673448,35.30268926,42.64757169,0.114974093,1.384402743,0.109920559,0.069135878,287.43646,36.22301795,34.57782,5.517652515,38.97705698,2.181323715,5.596430013,3.3363288,-166.2421775,19.06599472,3.207113092,143.4673903,0.346906971,3.830093429,3.568242179,429.8708453,427.5454727,-0.48831045,60.79053002,3.76966389,16.26230218,21.47750303,-0.015088835,69.65,49,11,1.003916728,0.391672815,25118.88382,1500.034,1261.24356,0.840809982,0.191619963,6,0.5,0: Broadleaf,2,TRUE,1784736630,421.7776,424.4991333,21.56858,16.38845333,434.9836,21.34429333,432.3300667,101.0343333,0.099988687,34.83327333,34.57782,999.9,0,0,4997.958,0,66.02558667,-2.721630667,431.0754667,431.5723333,5.180111333,424.4991333,16.38845333,2.179166667,1.655798,18.80994,14.48781333,1500.034,0.973000667,0.026999073,0,2.059213333,0,17436.64667,12844.18667,45.25,47.125,46.25,45.625,45.312,1459.534,40.5,0,1784736635,0,1784735762,23:56:02,1784735751,1784735762,3,0.099,-0.122,-13.693,-0.753,504,17,2.1,0.03,-3.271282381,5.618481818,1.185594902,0,5.125338095,1.059456623,0.109887365,0,0,2,0/2,3.00661,2.7595,0.0959528,0.0952333,0.102524,0.0827869,31893.1,22973.1,33411.1,25682.5,38330.9,31883.6,48836.1,40149.2,1.7278,2.61285,0.183336,0,31.6106,999.9,54.682,35.943,32.2016,29.32,-100,3,0.387848,0,20.2435,5.20486,11.956,4.96945,3.294,123,9999,9999,7159.6,4.97377,1.87302,1.87088,1.87241,1.87286,1.87369,1.87332,1.87775,0,0,0,0,11111111,oooooooo,on,on,on,on,0,100,100,-13.175,0.2008,-9.215353847,-0.010281863,2.60765E-06,-1.39012E-10,-1.312278615,-0.176615401,0.01337041,-8.0725E-05,6,2428,1,22,14.8,14.6,0.153809,4.99756,2.64526,2.74292,2.8479,2.2583,38.6487,15.3754,2,369.107,1212.97,33.0939,32.5462,30.0003,32.4464,32.3571,-1,40,10,-999.9,400,20,101.459,94.209
46,1784736758,5861.1,20260723 00:12:38,00:12:38,15,,1784736750,0.003691251,3.69125074,5.704615428,440.3098042,334.4761756,33.82622707,44.52938806,0.111996399,1.385442316,0.107198797,0.067413167,287.42886,36.32571083,34.65924667,5.542657789,39.05551537,2.193503401,5.61637295,3.349154388,-162.7841576,17.79162634,2.992627486,145.4289562,0.742324309,3.916767516,5.704615428,451.6474987,444.6797636,-0.192983735,60.79053002,3.69125074,16.39932983,21.5375903,-0.021047807,69.65,49,11,1.003912871,0.391287117,25143.54729,1499.994,1261.20996,0.840810003,0.191620006,6,0.5,0: Broadleaf,2,TRUE,1784736750,440.4459333,443.861,21.68952,16.40103333,453.8030667,21.43840667,433.0027333,101.0319333,0.1000143,34.89744667,34.65924667,999.9,0,0,5003.207333,0,69.83346,-3.4152396,450.2112667,451.2632,5.288494667,443.861,16.40103333,2.191335333,1.657029333,18.89895333,14.49937333,1499.994,0.973,0.02699976,0,2.030546667,0,17346.17333,12843.83333,45.30373333,47.187,46.25826667,45.7624,45.3372,1459.494,40.5,0,1784736755,0,1784735762,23:56:02,1784735751,1784735762,3,0.099,-0.122,-13.693,-0.753,504,17,2.1,0.03,-2.376894476,-72.56700623,12.84993803,0,5.230600476,0.330615584,0.158716033,0,0,2,0/2,3.00724,2.75947,0.0992295,0.10375,0.10275,0.0842379,31778.6,22757.7,33412.2,25683.3,38322.7,31835,48837.5,40150.8,1.72948,2.61147,0.178173,0,31.7835,999.9,55.347,35.953,32.6147,29.08,-100,3,0.386613,0,20.2434,5.20366,11.956,4.9691,3.294,123,9999,9999,7159.6,4.97374,1.87303,1.8709,1.87241,1.87289,1.87369,1.87332,1.87774,0,0,0,0,11111111,oooooooo,on,on,on,on,0,100,100,-13.334,0.2181,-9.215353847,-0.010281863,2.60765E-06,-1.39012E-10,-1.312278615,-0.176615401,0.01337041,-8.0725E-05,6,2428,1,22,16.8,16.6,0.153809,4.99756,2.64526,2.74292,2.8479,2.24121,38.6733,15.3841,2,370.003,1211.16,33.126,32.552,29.9999,32.4522,32.3651,-1,40,10,-999.9,400,20,101.462,94.2124
47,1784736878,5981.1,20260723 00:14:38,00:14:38,15,,1784736870,0.003751912,3.751912276,3.483717161,440.5542868,367.0623423,37.12009131,44.55214679,0.113047942,1.382889773,0.108153341,0.068017938,287.4343067,36.31901057,34.71242667,5.559041933,38.86063787,2.185187629,5.623138858,3.373854305,-165.4593314,15.41386406,2.598411567,139.9872509,-4.884637197,3.814292598,3.483717161,439.1294408,440.7964848,-1.187310872,60.79053002,3.751912276,16.33496091,21.51195212,-0.014082913,69.65,48,11,1.003844187,0.384418669,25068.7726,1500.022667,1261.23404,0.840809988,0.191619976,6,0.5,0: Broadleaf,2,TRUE,1784736870,440.6376667,436.2235333,21.60824667,16.45678,453.9964,21.37516667,432.9562,101.0274667,0.100017773,34.91917333,34.71242667,999.9,0,0,4990.832667,0,57.22405333,4.414242,450.3697333,443.5223333,5.151458,436.2235333,16.45678,2.183025333,1.662586667,18.83824,14.55117333,1500.022667,0.973000333,0.02699942,0,2.068486667,0,17226.17333,12844.09333,45.312,47.1954,46.312,45.7582,45.375,1459.522667,40.5,0,1784736875,0,1784735762,23:56:02,1784735751,1784735762,3,0.099,-0.122,-13.693,-0.753,504,17,2.1,0.03,6.683701429,-60.82370338,7.037718189,0,5.181687619,-0.177685714,0.075894093,0,0,2,0/2,3.00739,2.75942,0.0982117,0.0986889,0.102585,0.0831728,31814.2,22886.2,33412,25683.4,38330,31871.9,48837.6,40151,1.73025,2.61293,0.175729,0,31.8566,999.9,55.005,35.953,32.4169,29.2,-100,3,0.386435,0,20.2434,5.20321,11.956,4.9687,3.29402,123.1,9999,9999,7159.6,4.9738,1.87304,1.87089,1.87241,1.87288,1.87375,1.87332,1.87774,0,0,0,0,11111111,oooooooo,on,on,on,on,0,100,100,-13.285,0.2063,-9.215353847,-0.010281863,2.60765E-06,-1.39012E-10,-1.312278615,-0.176615401,0.01337041,-8.0725E-05,6,2428,1,22,18.8,18.6,0.153809,4.99756,2.64526,2.74292,2.8479,2.27417,38.6487,15.3579,2,370.437,1213.37,33.1617,32.552,30,32.4579,32.3714,-1,40,10,-999.9,400,20,101.462,94.2129
48,1784736998,6101.1,20260723 00:16:38,00:16:38,15,,1784736990,0.003393489,3.393489086,5.175211393,418.3002205,312.2679845,31.57660715,42.29861013,0.100114514,1.386143206,0.096263925,0.060498573,287.4319,36.43669587,34.6243,5.531913994,37.50322893,2.101782415,5.604270552,3.430131579,-149.6528687,17.50370083,2.941649223,158.2243814,13.94081249,3.217956201,5.175211393,459.0884323,439.5926727,2.201323092,60.79053002,3.393489086,16.56863274,20.99704,0.028066786,69.65,48,11,1.003829083,0.382908251,25167.28004,1500.01,1261.2234,0.840809995,0.191619989,6,0.5,0: Broadleaf,2,TRUE,1784736990,418.4236,439.5472667,20.78498667,16.43272,431.6021333,20.73144,432.7119333,101.0202,0.10001954,34.85852667,34.6243,999.9,0,0,5007.248667,0,57.24559333,-21.12366667,427.3061333,446.8919333,4.35228,439.5472667,16.43272,2.099705333,1.660036,18.21662,14.52734,1500.01,0.973,0.026999753,0,2.17108,0,17126.32667,12843.98667,45.375,47.25,46.375,45.77066667,45.437,1459.51,40.5,0,1784736995,0,1784735762,23:56:02,1784735751,1784735762,3,0.099,-0.122,-13.693,-0.753,504,17,2.1,0.03,-18.19961905,-54.30753896,6.583117452,0,4.363544762,-0.031960519,0.052574384,1,1,2,1/2,3.00711,2.75947,0.0981555,0.100318,0.101207,0.0844848,31811,22841.1,33406.7,25679.4,38386.7,31821,48830.6,40145.4,1.72922,2.60877,0.184391,0,31.6548,999.9,54.597,35.973,32.2127,29.11,-100,3,0.391839,0,20.2435,5.20127,11.956,4.96925,3.29402,123.1,9999,9999,7159.6,4.97377,1.87302,1.87088,1.87241,1.87287,1.87369,1.87332,1.87774,0,0,0,0,11111111,oooooooo,on,on,on,on,0,100,100,-13.283,0.1058,-9.215353847,-0.010281863,2.60765E-06,-1.39012E-10,-1.312278615,-0.176615401,0.01337041,-8.0725E-05,6,2428,1,22,20.8,20.6,0.155029,4.99756,2.64526,2.74292,2.8479,2.21069,38.6733,15.3316,2,370.123,1208.2,33.1467,32.5927,30.0003,32.4948,32.4086,-1,40,10,-999.9,400,20,101.447,94.1991
49,1784737119,6222,20260723 00:18:39,00:18:39,15,,1784737111,0.003421148,3.421148178,3.923673984,429.1266831,342.7381549,34.65912555,43.39509732,0.100469713,1.383717925,0.096585808,0.060702573,287.4303563,36.47373735,34.73989375,5.567520701,37.75816062,2.121799575,5.619446341,3.445721125,-150.8726346,12.4897377,2.104373171,151.1518325,2.514380495,3.478043549,3.923673984,442.3586678,437.1754121,-0.059994421,60.79053002,3.421148178,16.2992544,20.95368121,-0.003701631,69.65,48,11,1.003840368,0.384036826,25093.60269,1500.001875,1261.216575,0.840809999,0.191619998,6,0.5,0: Broadleaf,2,TRUE,1784737111,429.2205,434.747625,20.9821125,16.2926375,442.487125,20.88611875,433.9625625,101.02425,0.099961169,34.90731875,34.73989375,999.9,0,0,4995.0775,0,49.18945625,-5.527073125,438.419625,441.94825,4.68945,434.747625,16.2926375,2.11970375,1.645955,18.36801875,14.3958625,1500.001875,0.972998625,0.027001163,0,1.93719375,0,17055.3625,12843.9,45.375,47.312,46.378875,45.835625,45.437,1459.501875,40.5,0,1784737116,0,1784735762,23:56:02,1784735751,1784735762,3,0.099,-0.122,-13.693,-0.753,504,17,2.1,0.03,-3.88589,-28.96376301,3.872556237,0,4.724504,-0.702785865,0.087383904,0,0,2,0/2,3.00727,2.75942,0.0975863,0.0973423,0.101002,0.083396,31825.5,22912.8,33401.3,25675.4,38390.4,31853.8,48823.1,40139.7,1.7296,2.6115,0.18597,0,31.7324,999.9,54.767,35.993,32.344,28.91,-100,3,0.397299,0,20.2433,5.20456,11.956,4.96855,3.294,123.1,9999,9999,7159.6,4.97373,1.87302,1.87088,1.8724,1.87286,1.87365,1.87332,1.87774,0,0,0,0,11111111,oooooooo,on,on,on,on,0,100,100,-13.257,0.0915,-9.215353847,-0.010281863,2.60765E-06,-1.39012E-10,-1.312278615,-0.176615401,0.01337041,-8.0725E-05,6,2428,1,22,22.8,22.6,0.153809,4.99756,2.64526,2.74292,2.8479,2.23755,38.6733,15.3228,2,370.624,1213.07,33.166,32.659,30.0002,32.5472,32.4566,-1,40,10,-999.9,400,20,101.431,94.1853
50,1784737239,6342,20260723 00:20:39,00:20:39,15,,1784737231,0.003458931,3.458931306,3.504243831,413.0486743,331.9738143,33.57196513,41.7709322,0.097751832,1.384697204,0.094073575,0.05911493,287.4324067,36.56630744,34.87556,5.609564373,35.92986872,2.031719179,5.654680219,3.577845194,-152.5388706,10.79464965,1.819686358,147.5078721,7.915628994,3.280715388,3.504243831,433.7718161,426.0845394,0.501693801,60.79053002,3.458931306,15.70346332,20.24949212,0.02147711,69.65,48,11,1.003837496,0.383749564,25112.31509,1500.012667,1261.22564,0.840809993,0.191619986,6,0.5,0: Broadleaf,2,TRUE,1784737231,413.1324,425.8987333,20.0905,15.66648667,426.2676,20.18422,434.3019333,101.0283333,0.10001982,35.02016,34.87556,999.9,0,0,4999.708,0,43.42244667,-12.76637933,421.6029333,432.6775333,4.424026667,425.8987333,15.66648667,2.029706667,1.582757333,17.67781333,13.79176667,1500.012667,0.972999,0.02700078,0,1.983566667,0,16940.04667,12843.98,45.4246,47.2996,46.40393333,45.854,45.4958,1459.512667,40.5,0,1784737236,0,1784735762,23:56:02,1784735751,1784735762,3,0.099,-0.122,-13.693,-0.753,504,17,2.1,0.03,-11.8434995,-6.225761955,2.716053455,0,4.5319175,-1.244639549,0.245411653,0,0,2,0/2,3.00871,2.75952,0.0958569,0.0959475,0.0988698,0.0803992,31885.9,22948.6,33400.8,25676.1,38485,31959.8,48822.3,40140.4,1.73283,2.6091,0.182562,0,31.9294,999.9,53.101,35.983,31.3442,29.09,-100,3,0.398328,0,20.2436,5.20471,11.956,4.9686,3.294,123.2,9999,9999,7159.6,4.97373,1.87302,1.87088,1.8724,1.87286,1.87366,1.87332,1.87775,0,0,0,0,11111111,oooooooo,on,on,on,on,0,100,100,-13.174,-0.0597,-9.215353847,-0.010281863,2.60765E-06,-1.39012E-10,-1.312278615,-0.176615401,0.01337041,-8.0725E-05,6,2428,1,22,24.8,24.6,0.153809,4.99756,2.64526,2.7417,2.8479,2.25464,38.6487,15.3141,2,372.438,1210.13,33.2192,32.6793,30.0001,32.572,32.4802,-1,40,10,-999.9,400,20,101.43,94.1871
51,1784737359,6462,20260723 00:22:39,00:22:39,15,,1784737351,0.003398311,3.398311247,3.145854512,445.8408632,368.3354801,37.24811979,45.08589254,0.096594207,1.385335832,0.093002422,0.058438094,287.4264533,36.71518833,35.04068,5.661108033,37.03231336,2.107918477,5.692105856,3.553189556,-149.865526,7.369538813,1.243452898,146.1739191,1.06912661,3.365099597,3.145854512,448.9967052,450.9227152,-1.14976947,60.79053002,3.398311247,16.17969228,20.82579636,-0.007444455,69.65,48,11,1.003836163,0.383616298,25121.00559,1499.981333,1261.19932,0.84081001,0.19162002,6,0.5,0: Broadleaf,2,TRUE,1784737351,445.916,449.4619333,20.84457333,16.30835333,459.3172,20.77827333,434.1186,101.0255333,0.099994327,35.13935333,35.04068,999.9,0,0,5002.998667,0,50.46661333,-3.545996667,455.4088,456.9144667,4.536230667,449.4619333,16.30835333,2.105833333,1.647558667,18.26337333,14.41064667,1499.981333,0.972999,0.02700078,0,1.951726667,0,16838.10667,12843.72,45.4832,47.3582,46.4622,45.937,45.562,1459.481333,40.5,0,1784737356,0,1784735762,23:56:02,1784735751,1784735762,3,0.099,-0.122,-13.693,-0.753,504,17,2.1,0.03,-8.3620625,112.9894326,11.20453981,0,4.4449365,1.986385714,0.198562594,0,0,2,0/2,3.00838,2.75947,0.0996955,0.0975308,0.100574,0.082672,31748.8,22907.1,33399.1,25674.6,38408.4,31877.7,48820.5,40138.2,1.73213,2.60858,0.182744,0,32.0925,999.9,54.157,35.993,31.985,29.2101,-100,3,0.400117,0,20.2435,5.20426,11.956,4.96925,3.294,123.2,9999,9999,7159.6,4.97375,1.87302,1.87088,1.87241,1.87286,1.87373,1.87332,1.87775,0,0,0,0,11111111,oooooooo,on,on,on,on,0,100,100,-13.359,0.0613,-9.215353847,-0.010281863,2.60765E-06,-1.39012E-10,-1.312278615,-0.176615401,0.01337041,-8.0725E-05,6,2428,1,22,26.8,26.6,0.153809,4.99756,2.64526,2.74292,2.8479,2.28271,38.6733,15.2966,2,372.236,1209.96,33.2883,32.7055,30.0002,32.5994,32.5089,-1,40,10,-999.9,400,20,101.425,94.1819
52,1784737479,6582,20260723 00:24:39,00:24:39,15,,1784737471,0.003249598,3.249598098,3.799434085,418.338203,326.3541557,33.00269151,42.30461423,0.089818172,1.384313458,0.086701682,0.054459547,287.4305067,36.82709637,35.09088667,5.676861868,35.61235781,2.031108192,5.703380278,3.645753677,-143.3072761,6.286924465,1.062012632,151.4721676,1.192393174,3.42800428,3.799434085,430.4594579,425.1702424,-0.004860094,60.8117891,3.249598098,15.57057634,20.00653879,-0.007810794,69.65,47,11,1.003760781,0.376078087,25088.8091,1500.002667,1261.21724,0.840809999,0.191619997,6,0.5,0: Broadleaf,2,TRUE,1784737471,418.4290667,422.0412667,20.08504667,15.47553333,431.6074667,20.17994,435.5742667,101.0254,0.09999072,35.17512667,35.09088667,999.9,0,0,4997.959333,0,47.67236667,-3.612224333,427.0056,428.6752667,4.609516,422.0412667,15.47553333,2.029099333,1.563422,17.67316667,13.60271333,1500.002667,0.972999,0.02700078,0,1.9616,0,16786.94667,12843.9,45.5124,47.3874,46.5,45.99986667,45.625,1459.502667,40.5,0,1784737476,0,1784735762,23:56:02,1784735751,1784735762,3,0.099,-0.122,-13.693,-0.753,504,17,2.1,0.03,-2.39709395,-32.06243165,3.378884308,0,4.659852,-1.503737143,0.16524555,0,0,2,0/2,3.00943,2.75946,0.0956481,0.0952825,0.0981322,0.0804903,31889.1,22963.3,33396.8,25674,38514.5,31953.6,48817.3,40137.6,1.73468,2.60665,0.181098,0,32.1598,999.9,52.936,36.014,31.2996,29.1201,-100,3,0.402607,0,20.2435,5.20486,11.956,4.96925,3.29402,123.2,9999,9999,7159.6,4.97376,1.87303,1.87088,1.87241,1.87286,1.87369,1.87331,1.87774,0,0,0,0,11111111,oooooooo,on,on,on,on,0,100,100,-13.164,-0.1095,-9.215353847,-0.010281863,2.60765E-06,-1.39012E-10,-1.312278615,-0.176615401,0.01337041,-8.0725E-05,6,2428,1,22,28.8,28.6,0.153809,4.99756,2.64526,2.74292,2.8479,2.23999,38.6979,15.2703,2,373.735,1207.86,33.3463,32.7391,30.0001,32.6291,32.5405,-1,40,10,-999.9,400,20,101.419,94.1801
53,1784737599,6702,20260723 00:26:39,00:26:39,15,,1784737591,0.003137655,3.13765538,3.659701477,466.7192469,374.0075411,37.82092505,47.19625066,0.088529114,1.38387069,0.08549888,0.053700414,287.4310133,36.83912352,35.05399333,5.665281781,36.85358147,2.096658122,5.689157033,3.568623659,-138.3706023,5.669652604,0.957664469,155.6877282,5.813005646,3.088553791,3.659701477,484.4845273,478.7881273,0.100426161,60.8117891,3.13765538,16.58797144,20.78590545,0.007504968,69.65,47,11,1.003762125,0.376212513,25079.87816,1500.005333,1261.21948,0.840809997,0.191619994,6,0.5,0: Broadleaf,2,TRUE,1784737591,466.8068,476.8010667,20.73365333,16.57048,480.3749333,20.69119333,434.2275333,101.0234,0.100029067,35.12998667,35.05399333,999.9,0,0,4995.873333,0,47.6477,-9.9943626,476.6904667,484.835,4.16317,476.8010667,16.57048,2.094583333,1.674006667,18.17803333,14.65741333,1500.005333,0.972999,0.02700078,0,2.089466667,0,16701.48667,12843.94,45.562,47.39566667,46.5,46.083,45.62913333,1459.505333,40.5,0,1784737596,0,1784735762,23:56:02,1784735751,1784735762,3,0.099,-0.122,-13.693,-0.753,504,17,2.1,0.03,-10.94290245,38.46189965,4.898827763,0,4.1837115,-0.171350526,0.056649347,0,0,2,0/2,3.0086,2.75938,0.1042,0.102457,0.100441,0.0835335,31585.1,22779.2,33394.2,25671.6,38411.3,31844.5,48814.7,40134.5,1.7324,2.60755,0.177499,0,32.1669,999.9,54.67,36.024,32.3423,29.15,-100,3,0.404825,0,20.2433,5.20486,11.956,4.96915,3.29402,123.3,9999,9999,7159.6,4.97377,1.87302,1.87088,1.87241,1.87286,1.87371,1.87331,1.87774,0,0,0,0,11111111,oooooooo,on,on,on,on,0,100,100,-13.58,0.0533,-9.215353847,-0.010281863,2.60765E-06,-1.39012E-10,-1.312278615,-0.176615401,0.01337041,-8.0725E-05,6,2428,1,22,30.8,30.6,0.153809,4.99756,2.64526,2.74292,2.8479,2.25708,38.7225,15.2528,2,372.736,1209.66,33.3785,32.7695,30,32.6601,32.5664,-1,40,10,-999.9,400,20,101.412,94.1723
54,1784737719,6822,20260723 00:28:39,00:28:39,15,,1784737711,0.003173587,3.173586605,3.216234693,429.0445877,345.5281663,34.94058561,43.38595405,0.087723475,1.384720927,0.084748905,0.053226916,287.4305067,36.86007866,35.12967333,5.689058412,35.90430126,2.047189614,5.701794889,3.641868798,-139.9551693,3.017974963,0.509742241,151.0030546,1.145231399,3.240801022,3.216234693,438.8968783,435.8563697,-0.265128038,60.8117891,3.173586605,15.75300127,20.13751697,-0.016615736,69.65,47,11,1.003758946,0.375894575,25101.01159,1500.002667,1261.21724,0.840809999,0.191619997,6,0.5,0: Broadleaf,2,TRUE,1784737711,429.1214667,432.6058,20.2447,15.89134,442.3871333,20.30611333,435.9468,101.0222667,0.099983313,35.1701,35.12967333,999.9,0,0,5000.125333,0,47.80404667,-3.484226,437.9886,439.5914667,4.353344667,432.6058,15.89134,2.045166,1.605380667,17.79836,14.01015333,1500.002667,0.972998,0.0270018,0,1.86904,0,16646.60667,12843.9,45.55373333,47.375,46.5,46.07466667,45.625,1459.502667,40.5,0,1784737716,0,1784735762,23:56:02,1784735751,1784735762,3,0.099,-0.122,-13.693,-0.753,504,17,2.1,0.03,-2.6127468,-16.39054042,1.810607539,0,4.388854,-0.184396692,0.089761031,0,0,2,0/2,3.00976,2.75946,0.0973508,0.0966819,0.0984125,0.0805724,31826.1,22925.9,33393.8,25672,38499.8,31948.4,48813.8,40135,1.7349,2.60655,0.184335,0,32.1492,999.9,53.54,36.034,31.6924,28.97,-100,3,0.405493,0,20.2435,5.20471,11.956,4.9695,3.294,123.3,9999,9999,7159.6,4.97373,1.87302,1.87088,1.87241,1.87287,1.87367,1.87331,1.87774,0,0,0,0,11111111,oooooooo,on,on,on,on,0,100,100,-13.247,-0.0893,-9.215353847,-0.010281863,2.60765E-06,-1.39012E-10,-1.312278615,-0.176615401,0.01337041,-8.0725E-05,6,2428,1,22,32.8,32.6,0.153809,4.99756,2.64526,2.74292,2.8479,2.26929,38.7225,15.2528,2,374.104,1208.54,33.3876,32.7811,30.0001,32.6717,32.5808,-1,40,10,-999.9,400,20,101.411,94.1737
55,1784737839,6942,20260723 00:30:39,00:30:39,15,,1784737831,0.002939882,2.939881674,3.67332176,429.9213793,330.9521985,33.46663169,43.47461816,0.079579919,1.384762131,0.077123735,0.048416698,287.4324067,37.04765549,35.20694,5.713422954,35.04430196,2.005867062,5.723803729,3.707555892,-129.6487818,2.451182219,0.414293639,160.6491007,-7.073799251,3.224028775,3.67332176,431.038139,429.4447394,-0.644887029,60.8117891,2.939881674,15.647236,19.70654485,-0.013699703,69.65,47,11,1.003759621,0.375962096,25096.52046,1500.012667,1261.22564,0.840809993,0.191619986,6,0.5,0: Broadleaf,2,TRUE,1784737831,430.0092,422.2052667,19.83606,15.49636,443.282,19.98270667,435.2376,101.0222,0.10005222,35.23977333,35.20694,999.9,0,0,5000.332,0,57.33210667,7.804039267,438.7126,428.8512,4.339693333,422.2052667,15.49636,2.003880667,1.565474,17.47478667,13.6224,1500.012667,0.972999,0.02700078,0,1.93004,0,16556.84,12843.99333,45.562,47.4246,46.5248,46.0914,45.6622,1459.512667,40.5,0,1784737836,0,1784735762,23:56:02,1784735751,1784735762,3,0.099,-0.122,-13.693,-0.753,504,17,2.1,0.03,11.83400445,-116.7312425,11.76349545,0,4.401336,-2.11985594,0.233145746,0,0,2,0/2,3.00983,2.7594,0.0963481,0.0964386,0.0972148,0.0813912,31859.8,22931.4,33392.3,25671.3,38551.5,31918.5,48811.7,40134,1.7349,2.60555,0.18933,0,32.1507,999.9,53.18,36.054,31.5136,29.06,-100,3,0.406926,0,20.2434,5.20501,11.956,4.96825,3.294,123.3,9999,9999,7159.6,4.97371,1.87302,1.87088,1.87241,1.87286,1.87366,1.8733,1.87774,0,0,0,0,11111111,oooooooo,on,on,on,on,0,100,100,-13.198,-0.1706,-9.215353847,-0.010281863,2.60765E-06,-1.39012E-10,-1.312278615,-0.176615401,0.01337041,-8.0725E-05,6,2428,1,22,34.8,34.6,0.153809,4.99756,2.64526,2.7417,2.8479,2.26807,38.7225,15.2353,2,374.207,1207.51,33.4247,32.7974,30.0002,32.6891,32.601,-1,40,10,-999.9,400,20,101.406,94.1711
56,1784737959,7062,20260723 00:32:39,00:32:39,15,,1784737951,0.002792629,2.792628534,5.201030602,421.5879659,286.4052773,28.96289201,42.63331614,0.07514754,1.384044331,0.072952179,0.045787014,287.4302533,37.09032555,35.19402667,5.709344685,34.75133291,1.985512589,5.713486137,3.723832097,-123.1549184,0.978472322,0.16542842,165.4192357,7.409438655,2.905244011,5.201030602,449.202078,434.8314182,1.289018644,60.8117891,2.792628534,15.87710133,19.64017515,0.001304683,69.65,47,11,1.003762334,0.376233413,25078.49013,1500.001333,1261.21612,0.840809999,0.191619999,6,0.5,0: Broadleaf,2,TRUE,1784737951,421.7124,433.5683333,19.63413333,15.72573333,434.9178,19.82248667,435.5714667,101.0255333,0.10001954,35.20714,35.19402667,999.9,0,0,4996.624667,0,61.43196,-11.85600667,430.1583333,440.497,3.908396667,433.5683333,15.72573333,1.983549333,1.588702,17.31361333,13.84899333,1500.001333,0.972997667,0.02700214,0,2.053666667,0,16470.59333,12843.87333,45.562,47.437,46.562,46.04133333,45.64153333,1459.501333,40.5,0,1784737956,0,1784735762,23:56:02,1784735751,1784735762,3,0.099,-0.122,-13.693,-0.753,504,17,2.1,0.03,-10.486145,-60.99083188,7.790041761,0,3.8860305,-0.496678647,0.152295306,0,0,2,0/2,3.00939,2.7594,0.0975173,0.100416,0.0970543,0.0824048,31815.8,22828.2,33389.4,25668.9,38556.2,31880.4,48808.1,40130.6,1.7335,2.6048,0.191391,0,32.0953,999.9,53.351,36.064,31.6325,28.8801,-100,3,0.409919,0,20.2434,5.20411,11.956,4.9692,3.294,123.4,9999,9999,7159.6,4.97373,1.87302,1.87088,1.8724,1.87286,1.87365,1.87331,1.87775,0,0,0,0,11111111,oooooooo,on,on,on,on,0,100,100,-13.256,-0.181,-9.215353847,-0.010281863,2.60765E-06,-1.39012E-10,-1.312278615,-0.176615401,0.01337041,-8.0725E-05,6,2428,1,22,36.8,36.6,0.153809,4.99756,2.64526,2.74292,2.8479,2.2644,38.7225,15.209,2,373.632,1206.95,33.4313,32.8249,30.0002,32.7153,32.6262,-1,40,10,-999.9,400,20,101.398,94.1628
57,1784738079,7182,20260723 00:34:39,00:34:39,15,,1784738071,0.002807358,2.807357853,3.810969062,436.0846468,328.4648644,33.21553062,44.09842424,0.074468477,1.383855409,0.072311714,0.045383395,287.4281,37.16215745,35.30950667,5.745905407,34.32481671,1.969758515,5.738584219,3.776146892,-123.8044813,-1.721418631,-0.29135266,161.6108474,6.426157598,2.878899872,3.810969062,458.2667581,448.7083152,0.771297084,60.8117891,2.807357853,15.67450838,19.46441939,-0.00073969,69.65,47,11,1.003764109,0.376410919,25066.70811,1499.99,1261.2066,0.840810005,0.191620011,6,0.5,0: Broadleaf,2,TRUE,1784738071,436.1758667,446.7060667,19.47873333,15.61191333,449.4986,19.69888,436.3316667,101.0235333,0.100008993,35.28643333,35.30950667,999.9,0,0,4995.791333,0,68.88391333,-10.530332,444.8405333,453.7908667,3.866830667,446.7060667,15.61191333,1.96781,1.577169333,17.18766667,13.73737333,1499.99,0.972998667,0.02700112,0,2.0166,0,16384,12843.8,45.6166,47.4538,46.562,46.0998,45.687,1459.49,40.5,0,1784738076,0,1784735762,23:56:02,1784735751,1784735762,3,0.099,-0.122,-13.693,-0.753,504,17,2.1,0.03,-9.9902695,-29.20620226,4.614403905,0,3.856936,-0.217609624,0.0777973,0,0,2,0/2,3.01014,2.75936,0.0996167,0.101247,0.096449,0.0812758,31739.3,22806.3,33387.1,25668.1,38581.4,31919.2,48804.9,40129.6,1.73503,2.60427,0.195198,0,32.1514,999.9,52.851,36.084,31.3709,29.1501,-100,3,0.412454,0,20.2432,5.20172,11.956,4.96775,3.29402,123.4,9999,9999,7159.6,4.97374,1.87302,1.87088,1.87239,1.87286,1.87369,1.87331,1.87771,0,0,0,0,11111111,oooooooo,on,on,on,on,0,100,100,-13.358,-0.2207,-9.215353847,-0.010281863,2.60765E-06,-1.39012E-10,-1.312278615,-0.176615401,0.01337041,-8.0725E-05,6,2428,1,22,38.8,38.6,0.153809,4.99756,2.64526,2.74292,2.8479,2.27905,38.7225,15.1915,2,374.611,1206.81,33.4559,32.8579,30.0002,32.7467,32.6558,-1,40,10,-999.9,400,20,101.391,94.1602
58,1784738199,7302,20260723 00:36:39,00:36:39,15,,1784738191,0.002790047,2.790046587,1.654675329,457.4630674,394.7355951,39.91893309,46.26245468,0.074378424,1.38549845,0.072229265,0.045331212,287.4392467,37.16865304,35.34074667,5.755830819,34.83988222,1.999263687,5.738434115,3.756567132,-123.0410545,-4.092289652,-0.691908295,159.6139942,-6.850373498,2.925606328,1.654675329,444.1989332,454.6018727,-2.317828509,60.8117891,2.790046587,15.63629302,19.59603818,-0.03225787,69.65,47,11,1.003757053,0.375705297,25113.60997,1500.048667,1261.25588,0.840809974,0.191619947,6,0.5,0: Broadleaf,2,TRUE,1784738191,457.5026,449.9670667,19.76958,15.84566,470.9966,19.93000667,436.8312,101.0282667,0.10001662,35.28596,35.34074667,999.9,0,0,5003.666,0,60.79574,7.535605333,466.7302,457.216,3.923922,449.9670667,15.84566,1.997287333,1.600859333,17.4227,13.96542667,1500.048667,0.972998667,0.02700112,0,2.00498,0,16310.82667,12844.31333,45.625,47.5,46.5998,46.1332,45.687,1459.548667,40.5,0,1784738196,0,1784735762,23:56:02,1784735751,1784735762,3,0.099,-0.122,-13.693,-0.753,504,17,2.1,0.03,-1.562261,197.0504842,20.14222801,0,3.812088,2.374981353,0.2691488,0,0,2,0/2,3.01082,2.75952,0.099955,0.0952752,0.0967605,0.0806205,31724.5,22955.8,33384.2,25666.1,38564.9,31938.7,48801.3,40126.8,1.73622,2.60325,0.195459,0,32.1763,999.9,53.04,36.094,31.4986,29.0001,-100,3,0.415302,0,20.2436,5.20471,11.956,4.96935,3.294,123.4,9999,9999,7159.6,4.97373,1.87302,1.87088,1.87239,1.87286,1.87366,1.87328,1.87773,0,0,0,0,11111111,oooooooo,on,on,on,on,0,100,100,-13.374,-0.1997,-9.215353847,-0.010281863,2.60765E-06,-1.39012E-10,-1.312278615,-0.176615401,0.01337041,-8.0725E-05,6,2428,1,22,40.8,40.6,0.153809,4.99756,2.64526,2.74292,2.8479,2.28882,38.7471,15.1915,2,375.448,1206.03,33.4885,32.8979,30.0001,32.7823,32.6898,-1,40,10,-999.9,400,20,101.383,94.1534
59,1784738319,7422,20260723 00:38:39,00:38:39,15,,1784738311,0.002640827,2.640827374,3.654957578,455.9211078,346.7591289,35.06570427,46.10461097,0.070783443,1.384333188,0.068832494,0.043191115,287.4298733,37.2024082,35.33680667,5.754578202,35.35612846,2.024068942,5.724803677,3.73050926,-116.4604872,-7.005970651,-1.185268287,162.7781472,14.89273398,2.536812807,3.654957578,484.914051,475.2218667,0.833005829,60.8117891,2.640827374,16.52117353,20.06846727,0.002194499,69.65,47,11,1.003761519,0.376151862,25083.90687,1499.999333,1261.21444,0.84081,0.191620001,6,0.5,0: Broadleaf,2,TRUE,1784738311,456.0085333,478.0174667,20.01569333,16.60774667,469.4904,20.12507333,436.0156667,101.0240667,0.100031733,35.24293333,35.33680667,999.9,0,0,4998.122667,0,55.6394,-22.009,465.3226667,486.0902667,3.407937333,478.0174667,16.60774667,2.022066,1.677782667,17.61812,14.69226667,1499.999333,0.972998,0.0270018,0,1.9426,0,16227.60667,12843.88667,45.625,47.4958,46.625,46.12073333,45.687,1459.499333,40.5,0,1784738316,0,1784735762,23:56:02,1784735751,1784735762,3,0.099,-0.122,-13.693,-0.753,504,17,2.1,0.03,-23.76279,59.00713985,6.918450872,0,3.3530095,1.467219699,0.147401058,0,0,2,0/2,3.01007,2.75952,0.103932,0.104825,0.0982474,0.083829,31584.1,22712.3,33384,25664.6,38500.1,31825.8,48801.9,40125.2,1.73435,2.6029,0.19978,0,32.0783,999.9,54.535,36.104,32.4052,29.1501,-100,3,0.415925,0,20.2433,5.20426,11.956,4.96925,3.294,123.5,9999,9999,7159.6,4.97378,1.87302,1.87088,1.87241,1.87286,1.87366,1.8733,1.87774,0,0,0,0,11111111,oooooooo,on,on,on,on,0,100,100,-13.569,-0.0985,-9.215353847,-0.010281863,2.60765E-06,-1.39012E-10,-1.312278615,-0.176615401,0.01337041,-8.0725E-05,6,2428,1,22,42.8,42.6,0.153809,4.99756,2.64526,2.74414,2.8479,2.20703,38.7471,15.1477,2,374.59,1205.91,33.4737,32.9096,30,32.8027,32.7079,-1,40,10,-999.9,400,20,101.384,94.149
60,1784738439,7542,20260723 00:40:39,00:40:39,15,,1784738431,0.002514284,2.514283604,3.113681347,420.146378,320.0252511,32.36193434,42.48648958,0.066094007,1.384171726,0.064389453,0.040392894,287.4308777,37.25271342,35.33326667,5.753452956,34.18112894,1.955298735,5.720404198,3.798154221,-110.8799069,-7.778750105,-1.316048709,167.4561719,5.983709579,2.380719293,3.113681347,437.673364,431.4253879,0.345775197,60.8117891,2.514283604,16.23632015,19.48927515,0.021564251,69.65,47,11,1.003762039,0.376203851,25080.45341,1500.003333,1261.217922,0.84081008,0.191620159,6,0.5,0: Broadleaf,2,TRUE,1784738431,420.2208667,429.7897333,19.33583333,16.13907333,433.4140667,19.58498,436.5226,101.0230667,0.09999854,35.22902667,35.33326667,999.9,0,0,4997.375333,0,64.85322,-9.568766667,428.5068,436.8398,3.196761333,429.7897333,16.13907333,1.953362667,1.630415333,17.07112667,14.24914667,1500.003333,0.972996667,0.027003187,0,2.016073333,0,16159.16,12843.9,45.562,47.38326667,46.562,45.9496,45.62913333,1459.496667,40.504,0,1784738436,0,1784735762,23:56:02,1784735751,1784735762,3,0.099,-0.122,-13.693,-0.753,504,17,2.1,0.03,-9.550916,3.412747669,1.214733545,0,3.2035635,-0.04290812,0.046053039,1,1,2,1/2,3.0106,2.75936,0.0967164,0.0966644,0.0965255,0.0828062,31839.2,22920.1,33384.8,25665.5,38575.4,31861.5,48802.2,40126.4,1.7354,2.60512,0.204906,0,32.0252,999.9,53.675,36.104,31.8944,29.1801,-100,3,0.414909,0,20.2436,5.20411,11.956,4.96875,3.29402,123.5,9999,9999,7159.6,4.97375,1.87302,1.87088,1.87241,1.87286,1.87367,1.87329,1.87773,0,0,0,0,11111111,oooooooo,on,on,on,on,0,100,100,-13.217,-0.2147,-9.215353847,-0.010281863,2.60765E-06,-1.39012E-10,-1.312278615,-0.176615401,0.01337041,-8.0725E-05,6,2428,1,22,44.8,44.6,0.153809,4.99756,2.64526,2.74292,2.8479,2.28271,38.7225,15.139,2,375.103,1209.08,33.4585,32.8979,30.0001,32.7968,32.7079,-1,40,10,-999.9,400,20,101.385,94.1519
61,1784738559,7662,20260723 00:42:39,00:42:39,15,,1784738551,0.002807994,2.80799362,2.7496433,398.1562552,314.540856,31.80817989,40.26384983,0.073571681,1.385254101,0.071467822,0.044851401,287.4294933,37.00629246,35.2058,5.713062819,33.20222717,1.889146312,5.689818042,3.823916507,-123.8325186,-5.505045825,-0.929628256,157.1623006,2.063972233,3.120730607,2.7496433,408.402177,405.2022727,-0.112763579,60.8117891,2.80799362,14.27991717,18.34073515,-0.046467154,69.65,47,11,1.003756206,0.375620643,25119.24868,1499.997333,1261.21276,0.840810001,0.191620003,6,0.5,0: Broadleaf,2,TRUE,1784738551,398.2219333,402.7339333,18.68116,14.50867333,411.2343333,19.06090667,438.6957333,101.0257333,0.10001644,35.13208667,35.2058,999.9,0,0,5002.585333,0,80.73316667,-4.511867333,405.8028667,408.6634,4.172472,402.7339333,14.50867333,1.887278,1.465752,16.52802667,12.61124667,1499.997333,0.972998333,0.027001453,0,1.895906667,0,16078.52667,12843.86667,45.687,47.5,46.625,46.00826667,45.687,1459.497333,40.5,0,1784738556,0,1784735762,23:56:02,1784735751,1784735762,3,0.099,-0.122,-13.693,-0.753,504,17,2.1,0.03,-4.995125,10.39698586,1.382879835,0,4.015867,2.673710075,0.332401966,0,0,2,0/2,3.01299,2.75939,0.0922743,0.0912077,0.0926244,0.0717436,31989.6,23056.7,33378.8,25664.1,38741.7,32247.7,48794.1,40123.4,1.7408,2.6042,0.200741,0,31.9229,999.9,49.963,36.104,29.6878,29.1201,-100,3,0.421316,0,20.2433,5.20441,11.956,4.9688,3.294,123.5,9999,9999,7159.6,4.97375,1.87303,1.87089,1.8724,1.87286,1.87366,1.87331,1.87769,0,0,0,0,11111111,oooooooo,on,on,on,on,0,100,100,-13.006,-0.4622,-9.215353847,-0.010281863,2.60765E-06,-1.39012E-10,-1.312278615,-0.176615401,0.01337041,-8.0725E-05,6,2428,1,22,46.8,46.6,0.153809,4.99756,2.64526,2.7417,2.8479,2.23999,38.7471,15.1127,2,378.173,1208.59,33.431,32.942,30.0004,32.8377,32.7485,-1,40,10,-999.9,400,20,101.368,94.1456
62,1784738679,7782.1,20260723 00:44:39,00:44:39,15,,1784738671,0.002264519,2.264518693,2.966503925,397.3292725,291.0276528,29.4305499,40.18043945,0.057492662,1.385546045,0.056199467,0.035238433,287.4329288,37.1052364,35.00176,5.648921882,30.57164609,1.722623158,5.634708557,3.926298724,-99.86527435,-3.397742939,-0.572590515,183.597321,6.000919343,2.123339376,2.966503925,415.3232318,408.0318364,0.579494483,60.8117891,2.264518693,14.36055909,17.22482788,0.029154342,69.65,47,11,1.003752804,0.375280398,25141.93765,1500.012667,1261.225901,0.840810167,0.191620334,6,0.5,0: Broadleaf,2,TRUE,1784738671,397.4000667,406.7406667,17.03437333,14.18764,410.4054667,17.72578,438.2351333,101.0262667,0.100033927,34.95627333,35.00176,999.9,0,0,5004,0,61.89098667,-9.340553333,404.287,412.5947333,2.846728,406.7406667,14.18764,1.720918667,1.433324667,15.08615333,12.27408,1500.012667,0.972996667,0.0270032,0,2.037053333,0,16018.30667,12843.99333,45.75,47.4958,46.687,46.01653333,45.7416,1459.502667,40.50866667,0,1784738676,0,1784735762,23:56:02,1784735751,1784735762,3,0.099,-0.122,-13.693,-0.753,504,17,2.1,0.03,-8.7041315,-12.28462782,2.026061403,0,2.898818,-0.972195789,0.098657398,0,0,2,0/2,3.01245,2.75954,0.0928683,0.0926482,0.0893585,0.075413,31959.6,23013.5,33369.8,25656.9,38877.2,32109.3,48782.1,40113,1.73855,2.60092,0.20916,0,31.6276,999.9,48.779,36.134,29.0312,29.1937,-100,3,0.430727,0,20.2437,5.20067,11.956,4.9693,3.29402,123.6,9999,9999,7159.6,4.97376,1.87302,1.87088,1.87239,1.87286,1.87366,1.87326,1.87773,0,0,0,0,11111111,oooooooo,on,on,on,on,0,100,100,-13.035,-0.6525,-9.215353847,-0.010281863,2.60765E-06,-1.39012E-10,-1.312278615,-0.176615401,0.01337041,-8.0725E-05,6,2428,1,22,48.8,48.6,0.153809,4.99756,2.64526,2.7417,2.8479,2.25342,38.7471,15.1302,2,377.498,1205.56,33.3176,33.031,30.0005,32.9229,32.8299,-1,40,10,-999.9,400,20,101.342,94.1205
63,1784738799,7902.1,20260723 00:46:39,00:46:39,15,,1784738791,0.002228879,2.228878777,4.707516734,408.1147362,252.2813283,25.51233214,41.27122198,0.056982487,1.385007937,0.055711386,0.034931458,287.4285733,37.26649845,35.20779333,5.713692541,32.0192885,1.818536589,5.679503431,3.895155952,-98.29355407,-8.101537446,-1.368131683,179.6653501,9.636385088,2.224115398,4.707516734,429.8812209,419.0379939,0.788734582,60.8117891,2.228878777,15.3952773,18.16101576,0.036185374,69.65,47,11,1.003756868,0.375686818,25114.84066,1499.989333,1261.20634,0.840810206,0.191620412,6,0.5,0: Broadleaf,2,TRUE,1784738791,408.2272,422.5948667,17.98278667,15.00788,421.3218667,18.49798667,438.8296,101.0264667,0.100050753,35.09929333,35.20779333,999.9,0,0,5001.334,0,49.47984667,-14.36787933,415.7026667,429.0378667,2.974889333,422.5948667,15.00788,1.816737333,1.516194,15.93143333,13.12896667,1499.989333,0.972995667,0.027004227,0,2.022186667,0,15931.94667,12843.78,45.687,47.5,46.687,46.062,45.7122,1459.479333,40.51,0,1784738796,0,1784735762,23:56:02,1784735751,1784735762,3,0.099,-0.122,-13.693,-0.753,504,17,2.1,0.03,-11.25785286,-95.99419558,13.26036292,0,3.071877143,-2.604225974,0.296342897,0,0,2,0/2,3.01313,2.75952,0.0952994,0.104332,0.0924014,0.0799919,31870.5,22714.4,33366.4,25653.8,38739.5,31946.3,48777.6,40109.3,1.7394,2.5988,0.219084,0,31.6781,999.9,50.971,36.134,30.3396,29.0737,-100,3,0.433996,0,20.2439,5.20516,11.956,4.96965,3.29402,123.6,9999,9999,7159.6,4.97372,1.87302,1.87088,1.87235,1.87286,1.87365,1.87326,1.87772,0,0,0,0,11111111,oooooooo,on,on,on,on,0,100,100,-13.152,-0.4737,-9.215353847,-0.010281863,2.60765E-06,-1.39012E-10,-1.312278615,-0.176615401,0.01337041,-8.0725E-05,6,2428,1,22,50.8,50.6,0.153809,4.99756,2.64526,2.74292,2.8479,2.23511,38.7471,15.0952,2,378.284,1203.65,33.3138,33.0944,30,32.9801,32.8852,-1,40,10,-999.9,400,20,101.332,94.1107
64,1784738919,8022.1,20260723 00:48:39,00:48:39,15,,1784738911,0.002385797,2.385797107,2.254416713,432.8254487,348.2357254,35.21633385,43.77071158,0.061536959,1.385021175,0.060057402,0.037665846,287.4325,37.34002234,35.50542,5.808396617,33.95813256,1.945068324,5.727842425,3.863328294,-105.2136524,-18.88286067,-3.195780518,160.1402064,0.088376171,2.382213413,2.254416713,436.664485,437.9217515,-0.803836151,60.8117891,2.385797107,15.82857449,19.14851939,-0.018876742,69.65,47,11,1.003758695,0.375869455,25102.68288,1500.01,1261.2237,0.840810195,0.191620389,6,0.5,0: Broadleaf,2,TRUE,1784738911,432.8793333,434.4107333,19.23375333,16.04923333,446.1751333,19.50359333,438.5227333,101.0278,0.10006048,35.25253333,35.50542,999.9,0,0,5001.333333,0,52.60632667,-1.5316672,441.3684,441.4978,3.184524,434.4107333,16.04923333,1.943144667,1.621419333,16.98848,14.1628,1500.01,0.972996,0.02700388,0,2.00234,0,15847.66667,12843.95333,45.687,47.50413333,46.67873333,46.12493333,45.75,1459.5,40.51,0,1784738916,0,1784735762,23:56:02,1784735751,1784735762,3,0.099,-0.122,-13.693,-0.753,504,17,2.1,0.03,-3.928531333,58.96924925,6.540171193,0,3.124436667,1.640572987,0.18489274,0,0,2,0/2,3.01287,2.75942,0.0974929,0.095107,0.0953011,0.0807327,31797.2,22951,33370.4,25656.8,38616.1,31922.4,48783.5,40113.9,1.73873,2.5987,0.218667,0,31.9915,999.9,52.381,36.134,31.1762,29.1637,-100,3,0.430559,0,20.2442,5.20157,11.956,4.96795,3.294,123.6,9999,9999,7159.6,4.97374,1.87303,1.87088,1.87236,1.87286,1.87366,1.87331,1.87773,0,0,0,0,11111111,oooooooo,on,on,on,on,0,100,100,-13.258,-0.2922,-9.215353847,-0.010281863,2.60765E-06,-1.39012E-10,-1.312278615,-0.176615401,0.01337041,-8.0725E-05,6,2428,1,22,52.8,52.6,0.153809,4.99756,2.64526,2.7417,2.8479,2.23755,38.7471,15.0952,2,377.955,1203.64,33.3836,33.0861,30,32.9843,32.8911,-1,40,10,-999.9,400,20,101.344,94.1217
65,1784739039,8142.1,20260723 00:50:39,00:50:39,15,,1784739031,0.00221222,2.212219945,2.827645309,423.8485535,318.0333067,32.16209555,42.86298758,0.056226935,1.386053924,0.054989836,0.034477529,287.4313933,37.45702805,35.59048667,5.835713991,33.52348335,1.923444493,5.737603318,3.912269499,-97.55889958,-22.95151598,-3.88366365,163.0373141,3.375552464,2.103371129,2.827645309,434.5195692,431.9895758,-0.256094547,60.8117891,2.212219945,16.21562363,19.09419515,0.013825061,69.65,47,11,1.003754633,0.375463264,25129.73826,1500.007333,1261.22116,0.840809996,0.191619992,6,0.5,0: Broadleaf,2,TRUE,1784739031,423.9160667,429.7293333,19.01988667,16.21134667,437.1393333,19.33267333,439.1244,101.0280667,0.10000662,35.28334,35.59048667,999.9,0,0,5006.418,0,54.24973333,-5.813399067,432.1352,436.8104667,2.808566667,429.7293333,16.21134667,1.921542667,1.637797333,16.81220667,14.31863333,1500.007333,0.972997667,0.027002147,0,1.965926667,0,15720.66,12843.93333,45.75,47.5956,46.7122,46.0872,45.75,1459.507333,40.5,0,1784739036,0,1784735762,23:56:02,1784735751,1784735762,3,0.099,-0.122,-13.693,-0.753,504,17,2.1,0.03,-7.169544095,43.62418909,5.7555121,0,2.839999524,-0.324161299,0.137529071,0,0,2,0/2,3.01314,2.75949,0.096689,0.0951073,0.0951581,0.082034,31825.5,22950.4,33370.4,25656.1,38622.3,31876.2,48783.7,40113.2,1.73865,2.5987,0.219405,0,32.0245,999.9,52.716,36.165,31.4277,28.9837,-100,3,0.430513,0,20.2436,5.20381,11.956,4.96935,3.29408,123.7,9999,9999,7159.6,4.9737,1.87302,1.87088,1.87235,1.87286,1.87366,1.87331,1.87771,0,0,0,0,11111111,oooooooo,on,on,on,on,0,100,100,-13.219,-0.3015,-9.215353847,-0.010281863,2.60765E-06,-1.39012E-10,-1.312278615,-0.176615401,0.01337041,-8.0725E-05,6,2428,1,22,54.8,54.6,0.153809,4.99756,2.64526,2.74292,2.8479,2.23267,38.7717,15.0689,2,377.933,1203.81,33.4358,33.0772,30.0004,32.9872,32.8998,-1,40,10,-999.9,400,20,101.344,94.1197
66,1784739159,8262.1,20260723 00:52:39,00:52:39,15,,1784739151,0.002238331,2.23833066,3.589861324,459.2939491,333.1342474,33.68924446,46.44753954,0.057903291,1.384179823,0.056590521,0.035484544,287.4309677,37.52598604,35.64279333,5.852566542,34.84466558,2.008091897,5.762982263,3.844474645,-98.71038211,-20.86235571,-3.537205941,164.321024,-4.82458032,2.148562154,3.589861324,462.6700419,460.8986909,-0.59084361,60.8117891,2.23833066,17.00322246,19.94074182,0.010739013,69.65,47,11,1.003763677,0.376367732,25069.57362,1500.004667,1261.218961,0.840810025,0.191620049,6,0.5,0: Broadleaf,2,TRUE,1784739151,459.3798667,454.1482,19.85690667,16.98342667,472.8888667,19.9993,438.0421333,101.0281333,0.099999607,35.36322667,35.64279333,999.9,0,0,4997.164667,0,55.82685333,5.231775467,468.6862667,461.9946667,2.873485333,454.1482,16.98342667,2.006106667,1.715803333,17.49254,15.04014,1500.004667,0.972997,0.02700284,0,2.060526667,0,15671.98,12843.91333,45.75,47.62913333,46.75,46.1996,45.812,1459.502667,40.50133333,0,1784739156,0,1784735762,23:56:02,1784735751,1784735762,3,0.099,-0.122,-13.693,-0.753,504,17,2.1,0.03,14.13053486,-168.1818256,17.15690329,0,2.848627619,0.489058442,0.055476498,0,0,2,0/2,3.01195,2.75941,0.101498,0.102659,0.0978478,0.0858207,31654.7,22757.3,33368.9,25654.2,38503,31741.9,48782.2,40110.8,1.73563,2.599,0.214495,0,32.1677,999.9,53.821,36.165,32.0864,29.3737,-100,3,0.431923,0,20.244,5.20516,11.956,4.96935,3.29402,123.7,9999,9999,7159.6,4.97372,1.87302,1.87088,1.87235,1.87286,1.87365,1.87332,1.87772,0,0,0,0,11111111,oooooooo,on,on,on,on,0,100,100,-13.452,-0.1225,-9.215353847,-0.010281863,2.60765E-06,-1.39012E-10,-1.312278615,-0.176615401,0.01337041,-8.0725E-05,6,2428,1,22,56.8,56.6,0.153809,4.99756,2.64526,2.74292,2.8479,2.25098,38.7717,15.0514,2,376.45,1204.6,33.4733,33.1009,30.0001,33.0049,32.9174,-1,40,10,-999.9,400,20,101.341,94.1135
67,1784739279,8382.1,20260723 00:54:39,00:54:39,15,,1784739271,0.00239299,2.392990406,2.12694912,437.915668,355.4111391,35.9410145,44.28429963,0.060902285,1.384015193,0.059451676,0.037284751,287.43342,37.55416991,35.74571333,5.885849559,34.04613109,1.97363447,5.796941992,3.91221509,-105.5308769,-20.59872182,-3.496478794,157.8073425,-5.559717735,2.461325033,2.12694912,434.4408942,438.2020727,-1.231532617,60.8117891,2.392990406,16.10044659,19.41208364,-0.016832165,69.65,47,11,1.003765674,0.37656741,25056.33014,1500.018,1261.23012,0.84080999,0.191619981,6,0.5,0: Broadleaf,2,TRUE,1784739271,437.9666,431.8708667,19.51674667,16.23164,451.3037333,19.7291,439.0824,101.0251333,0.1000441,35.46964667,35.74571333,999.9,0,0,4996.500667,0,65.02128667,6.095764,446.6846,438.9971333,3.285085333,431.8708667,16.23164,1.971682667,1.639806,17.21867333,14.33738667,1500.018,0.972997667,0.027002153,0,2.037393333,0,15576.33333,12844.02667,45.812,47.687,46.812,46.2996,45.875,1459.518,40.5,0,1784739276,0,1784735762,23:56:02,1784735751,1784735762,3,0.099,-0.122,-13.693,-0.753,504,17,2.1,0.03,5.469199048,3.37268961,2.299009877,0,3.146823333,2.198657922,0.242019923,0,0,2,0/2,3.01354,2.75946,0.09757,0.095928,0.0961076,0.0815295,31791.3,22927.7,33367.2,25654.2,38577.3,31891.6,48779.6,40110.7,1.73913,2.59882,0.213571,0,32.3032,999.9,51.99,36.165,30.9963,29.2237,-100,3,0.433775,0,20.2439,5.20082,11.956,4.9692,3.294,123.7,9999,9999,7159.6,4.97373,1.87302,1.87088,1.87236,1.87286,1.87365,1.87331,1.8777,0,0,0,0,11111111,oooooooo,on,on,on,on,0,100,100,-13.261,-0.2387,-9.215353847,-0.010281863,2.60765E-06,-1.39012E-10,-1.312278615,-0.176615401,0.01337041,-8.0725E-05,6,2428,1,22,58.8,58.6,0.153809,4.99756,2.64526,2.74292,2.8479,2.24731,38.7964,15.0251,2,378.392,1204.7,33.5466,33.1215,30.0002,33.0225,32.9349,-1,40,10,-999.9,400,20,101.335,94.1133
68,1784739399,8502.1,20260723 00:56:39,00:56:39,15,,1784739391,0.002244839,2.244838791,2.592103415,428.3059023,328.6717356,33.23708623,43.31263892,0.056338061,1.384972243,0.055095179,0.034543871,287.42734,37.76708992,35.95278667,5.953313018,34.14867666,1.994905667,5.841824228,3.958407351,-98.99739068,-25.63454521,-4.355601431,158.4398027,-1.343303394,2.379230249,2.592103415,434.4640746,433.0892485,-0.408352751,60.8117891,2.244838791,16.59845517,19.65077818,-0.007614799,69.65,47,11,1.00376326,0.376326047,25072.34014,1499.986,1261.20324,0.840810008,0.191620015,6,0.5,0: Broadleaf,2,TRUE,1784739391,428.3679333,427.9322667,19.72703333,16.55474667,441.6273333,19.89625333,439.4385333,101.0254667,0.100010907,35.60946667,35.95278667,999.9,0,0,5001.207333,0,65.98995333,0.435723467,436.9886,435.1358,3.172294,427.9322667,16.55474667,1.992933333,1.67245,17.3882,14.64302,1499.986,0.972998,0.0270018,0,1.8416,0,15478.48,12843.77333,45.87913333,47.76653333,46.875,46.3414,45.9412,1459.486,40.5,0,1784739396,0,1784735762,23:56:02,1784735751,1784735762,3,0.099,-0.122,-13.693,-0.753,504,17,2.1,0.03,1.046656762,-20.93771891,2.61841165,0,3.229279048,-1.197318701,0.123493425,0,0,2,0/2,3.01344,2.75946,0.0968332,0.0964677,0.0968939,0.084295,31814.5,22912,33364.4,25651.9,38539.2,31791.6,48775.5,40107.6,1.73827,2.5999,0.211753,0,32.5368,999.9,52.668,36.175,31.4183,28.5037,-100,3,0.43563,0,20.244,5.20246,11.956,4.96785,3.29402,123.8,9999,9999,7159.6,4.97374,1.87302,1.87088,1.87236,1.87286,1.87363,1.8733,1.8777,0,0,0,0,11111111,oooooooo,on,on,on,on,0,100,100,-13.226,-0.1862,-9.215353847,-0.010281863,2.60765E-06,-1.39012E-10,-1.312278615,-0.176615401,0.01337041,-8.0725E-05,6,2428,1,22,60.8,60.6,0.153809,4.99756,2.64526,2.7417,2.8479,2.29492,38.8211,15.0164,2,378.085,1206.7,33.6406,33.1481,30.0002,33.0461,32.9583,-1,40,10,-999.9,400,20,101.327,94.1057
69,1784739519,8622.1,20260723 00:58:39,00:58:39,15,,1784739511,0.002156175,2.156174642,2.669364042,429.4977755,323.5058999,32.71487438,43.43341427,0.053515694,1.3832221,0.052391496,0.032843723,287.43418,37.89475187,36.09212,5.999084265,34.11595728,2.001876488,5.867859641,3.997207776,-95.08730169,-29.97606389,-5.105172306,157.2656421,2.090114657,2.112638485,2.669364042,439.8644284,437.3137636,-0.212337781,60.8117891,2.156174642,16.82955273,19.76092788,-0.007462801,69.65,47,11,1.003771811,0.377181056,25015.71823,1500.022,1261.23348,0.840809988,0.191619976,6,0.5,0: Broadleaf,2,TRUE,1784739511,429.5618,433.6426,19.79585333,16.98018667,442.8308667,19.95089333,439.5858,101.0260667,0.099985073,35.69014667,36.09212,999.9,0,0,4992.541333,0,38.73074667,-4.080953333,438.2369333,441.133,2.815673333,433.6426,16.98018667,1.999896667,1.71544,17.44352,15.03641333,1500.022,0.972999333,0.02700044,0,2.007853333,0,15367.80667,12844.06667,45.979,47.812,46.92873333,46.4664,46.062,1459.522,40.5,0,1784739516,0,1784735762,23:56:02,1784735751,1784735762,3,0.099,-0.122,-13.693,-0.753,504,17,2.1,0.03,-2.812782,-19.10257823,2.890631874,0,2.855622381,0.007383896,0.132519907,1,1,2,1/2,3.01372,2.75952,0.0976067,0.0964492,0.0971669,0.0843275,31786.5,22911.9,33363.8,25651.4,38527.1,31789.7,48775.1,40107,1.73843,2.59882,0.211991,0,32.6781,999.9,52.753,36.195,31.5027,29.0137,-100,3,0.437066,0,20.2439,5.20172,11.956,4.96845,3.29405,123.8,9999,9999,7159.6,4.97372,1.87303,1.87088,1.87239,1.87286,1.87366,1.8733,1.87774,0,0,0,0,11111111,oooooooo,on,on,on,on,0,100,100,-13.263,-0.1677,-9.215353847,-0.010281863,2.60765E-06,-1.39012E-10,-1.312278615,-0.176615401,0.01337041,-8.0725E-05,6,2428,1,22,62.8,62.6,0.153809,4.99756,2.64526,2.74292,2.8479,2.27661,38.8457,14.9989,2,378.286,1205.52,33.7286,33.1718,30.0001,33.0667,32.9759,-1,40,10,-999.9,400,20,101.326,94.104
70,1784739639,8742.1,20260723 01:00:39,01:00:39,15,,1784739631,0.001925029,1.925029364,3.524563318,405.2094389,260.8453198,26.37793023,40.97672259,0.046911354,1.384704188,0.046045997,0.028855167,287.43152,37.89216288,35.87222,5.926985394,31.94059769,1.862113376,5.82992652,4.064872018,-84.89379494,-22.37524672,-3.800374363,176.362104,6.810091052,1.957532045,3.524563318,427.1582689,417.1464667,0.94381824,60.80202036,1.925029364,16.27713799,18.61256242,0.038455517,69.65,47,11,1.003763959,0.376395944,25067.70166,1500.008,1261.22172,0.840809996,0.191619991,6,0.5,0: Broadleaf,2,TRUE,1784739631,405.2938,415.6222,18.41401333,15.80511333,418.3645333,18.84622667,440.219,101.0248,0.099997827,35.57249333,35.87222,999.9,0,0,4999.917333,0,56.84168,-10.328268,412.8969333,422.2994667,2.608892,415.6222,15.80511333,1.860268667,1.596706667,16.30252667,13.92305333,1500.008,0.972998,0.0270018,0,1.9827,0,15262.08667,12843.95333,45.9412,47.812,46.937,46.3204,46,1459.508,40.5,0,1784739636,0,1784735762,23:56:02,1784735751,1784735762,3,0.099,-0.122,-13.693,-0.753,504,17,2.1,0.03,-7.847228429,-60.17180868,6.345992423,0,2.766710952,-3.553451688,0.37221514,0,0,2,0/2,3.01409,2.75948,0.0945262,0.0971282,0.0938721,0.0837033,31894.1,22894.2,33362.9,25650.9,38671.4,31811.2,48773.9,40106.2,1.73888,2.59748,0.217214,0,32.3662,999.9,50.714,36.205,30.3028,29.1037,-100,3,0.437599,0,20.2439,5.20426,11.956,4.969,3.29402,123.8,9999,9999,7159.6,4.97372,1.87302,1.87088,1.87241,1.87286,1.87365,1.87331,1.87772,0,0,0,0,11111111,oooooooo,on,on,on,on,0,100,100,-13.116,-0.3816,-9.215353847,-0.010281863,2.60765E-06,-1.39012E-10,-1.312278615,-0.176615401,0.01337041,-8.0725E-05,6,2428,1,22,64.8,64.6,0.153809,4.99756,2.64526,2.74292,2.8479,2.25708,38.8457,14.9901,2,378.541,1203.75,33.7234,33.1688,30.0002,33.0697,32.9839,-1,40,10,-999.9,400,20,101.323,94.1021
71,1784739759,8862.1,20260723 01:02:39,01:02:39,15,,1784739751,0.00220908,2.209079987,2.71227586,426.211883,324.034635,32.76763353,43.10019141,0.056522886,1.38488893,0.05527186,0.034655006,287.4344333,37.80497304,35.91978667,5.942517,35.23805917,2.060781599,5.848169984,3.881735401,-97.42042743,-21.69880655,-3.686857712,164.6283416,5.279123594,2.099147029,2.71227586,441.7128075,436.9195697,0.188890727,60.80202036,2.209079987,17.65123249,20.49769758,0.016847435,69.65,48,11,1.003844241,0.384424108,25068.41927,1500.023333,1261.2346,0.840809987,0.191619975,6,0.5,0: Broadleaf,2,TRUE,1784739751,426.2768,434.6705333,20.37878667,17.58484667,439.5192667,20.41188667,439.8799333,101.0238667,0.09999478,35.62916,35.91978667,999.9,0,0,5000.875333,0,57.14732667,-8.393934,435.1446667,442.4512,2.793928667,434.6705333,17.58484667,2.058743333,1.776489333,17.90341333,15.58132667,1500.023333,0.972997667,0.027002167,0,2.03966,0,15192.60667,12844.09333,45.937,47.75,46.937,46.2996,46,1459.523333,40.5,0,1784739756,0,1784735762,23:56:02,1784735751,1784735762,3,0.099,-0.122,-13.693,-0.753,504,17,2.1,0.03,-8.622385238,1.124813766,1.79954973,0,2.799990952,-0.032350909,0.031098882,1,1,2,1/2,3.01405,2.75961,0.0975241,0.100397,0.0995047,0.0878376,31788.6,22810.6,33362.8,25650,38422.7,31665.6,48774.2,40105.4,1.73845,2.59765,0.220194,0,32.3691,999.9,53.138,36.205,31.7545,28.9237,-100,3,0.436679,0,20.2439,5.20306,11.956,4.9691,3.29405,123.9,9999,9999,7159.6,4.97373,1.87303,1.87088,1.87237,1.87286,1.87363,1.87332,1.87774,0,0,0,0,11111111,oooooooo,on,on,on,on,0,100,100,-13.26,-0.0059,-9.215353847,-0.010281863,2.60765E-06,-1.39012E-10,-1.312278615,-0.176615401,0.01337041,-8.0725E-05,6,2428,1,22,66.8,66.6,0.153809,4.99756,2.64526,2.74292,2.8479,2.22534,38.8211,14.9463,2,378.335,1203.96,33.7414,33.1718,30,33.0727,32.9817,-1,40,10,-999.9,400,20,101.323,94.0997
72,1784739879,8982.1,20260723 01:04:39,01:04:39,15,,1784739871,0.002179296,2.179296315,3.106483881,467.0703917,351.3574127,35.53055533,47.23187784,0.056353986,1.384963503,0.055110402,0.034553447,287.4236667,37.80272195,35.9137,5.940527594,35.95394874,2.100664497,5.84265309,3.839863097,-96.1069675,-22.52379152,-3.826394018,164.9665136,0.496644919,2.14531637,3.106483881,475.515508,473.8566667,-0.488344016,60.80202036,2.179296315,17.87818196,20.78732424,0.000460418,69.65,48,11,1.003843698,0.384369792,25071.94817,1499.966667,1261.187,0.840810018,0.191620036,6,0.5,0: Broadleaf,2,TRUE,1784739871,467.1447333,469.1874,20.77322,17.91778,480.7155333,20.72228,439.6948,101.0237333,0.099948833,35.61204,35.9137,999.9,0,0,5001.25,0,52.75004667,-2.042746453,477.0546,477.7476,2.85544,469.1874,17.91778,2.098586,1.81012,18.20844667,15.87441333,1499.966667,0.972996667,0.02700318,0,2.064426667,0,15109.78667,12843.58667,45.937,47.7996,46.9246,46.3498,46,1459.466667,40.5,0,1784739876,0,1784735762,23:56:02,1784735751,1784735762,3,0.099,-0.122,-13.693,-0.753,504,17,2.1,0.03,-5.031542705,46.88215716,5.594266258,0,2.786445238,1.182780779,0.12773647,0,0,2,0/2,3.01307,2.75944,0.103376,0.101629,0.100326,0.0885244,31583.3,22779.6,33363.5,25650.1,38388.8,31642.3,48775.9,40106.1,1.7363,2.5988,0.217356,0,32.3964,999.9,53.229,36.205,31.8055,28.9837,-100,3,0.435495,0,20.2437,5.20471,11.956,4.96895,3.2942,123.9,9999,9999,7159.6,4.97374,1.87302,1.87088,1.87239,1.87286,1.87364,1.87331,1.87775,0,0,0,0,11111111,oooooooo,on,on,on,on,0,100,100,-13.544,0.0524,-9.215353847,-0.010281863,2.60765E-06,-1.39012E-10,-1.312278615,-0.176615401,0.01337041,-8.0725E-05,6,2428,1,22,68.8,68.6,0.153809,4.99756,2.64526,2.7417,2.8479,2.27539,38.8211,14.9463,2,377.135,1205.37,33.7566,33.157,30,33.0609,32.97,-1,40,10,-999.9,400,20,101.326,94.1009
73,1784739999,9102.1,20260723 01:06:39,01:06:39,15,,1784739991,0.002054727,2.054727111,2.180248693,470.3830123,375.4511103,37.96645367,47.56617934,0.052314408,1.384932043,0.051240866,0.03212016,287.4362067,37.92528335,36.02796667,5.977971953,35.56333932,2.084686689,5.861898035,3.893285264,-90.6134656,-26.60045697,-4.522869947,165.6994141,8.956490891,1.928992143,2.180248693,489.8908484,486.0782121,0.1436734,60.80202036,2.054727111,18.01833275,20.69865333,0.010634262,69.65,48,11,1.003844574,0.38445736,25066.25936,1500.032667,1261.24244,0.840809982,0.191619965,6,0.5,0: Broadleaf,2,TRUE,1784739991,470.4352,483.8525333,20.61551333,18.04683333,484.0318,20.59833333,439.5652,101.0222667,0.09996372,35.6717,36.02796667,999.9,0,0,5001.167333,0,53.37517333,-13.417462,480.3379333,492.7456,2.568702667,483.8525333,18.04683333,2.082626,1.823129333,18.08685333,15.98638,1500.032667,0.972998,0.0270018,0,2.001873333,0,15009.12667,12844.14667,45.92046667,47.7458,46.875,46.31206667,45.9958,1459.532667,40.5,0,1784739996,0,1784735762,23:56:02,1784735751,1784735762,3,0.099,-0.122,-13.693,-0.753,504,17,2.1,0.03,-15.49763,83.58193325,10.55985568,0,2.599315714,0.014899481,0.114084042,1,1,2,1/2,3.01336,2.75944,0.105158,0.101945,0.100061,0.0884221,31523.7,22773.8,33366.8,25652.4,38404.2,31649.1,48780.3,40109.7,1.73685,2.59907,0.222921,0,32.4409,999.9,52.948,36.205,31.6399,29.2837,-100,3,0.431905,0,20.244,5.20426,11.956,4.9696,3.29408,123.9,9999,9999,7159.6,4.97372,1.87302,1.87088,1.87238,1.87286,1.87363,1.87329,1.87771,0,0,0,0,11111111,oooooooo,on,on,on,on,0,100,100,-13.632,0.0328,-9.215353847,-0.010281863,2.60765E-06,-1.39012E-10,-1.312278615,-0.176615401,0.01337041,-8.0725E-05,6,2428,1,22,70.8,70.6,0.153809,4.99756,2.64526,2.7417,2.8479,2.25586,38.7964,14.9288,2,377.249,1205.23,33.7695,33.1245,30.0001,33.0314,32.9437,-1,40,10,-999.9,400,20,101.336,94.1094
74,1784740119,9222.1,20260723 01:08:39,01:08:39,15,,1784740111,0.001909361,1.909361074,3.257639444,452.7102566,317.4951872,32.10553736,45.77866576,0.048026992,1.384702922,0.047120413,0.029530285,287.4267067,38.0505609,36.11564,6.006840704,35.26340031,2.073015692,5.878660804,3.933825011,-84.20282336,-29.27208532,-4.981323622,168.9704744,-1.903332912,2.065611932,3.257639444,457.2290223,456.6117455,-0.718617033,60.80202036,1.909361074,17.83807426,20.4417103,-0.007687665,69.65,48,11,1.003846225,0.384622533,25055.53612,1499.982667,1261.20044,0.840810009,0.191620019,6,0.5,0: Broadleaf,2,TRUE,1784740111,452.7882667,451.4754667,20.50028,17.74645333,466.2446667,20.50764,439.1021333,101.0213333,0.100002193,35.72352667,36.11564,999.9,0,0,5000.082667,0,53.42042,1.312727133,462.2648667,459.6327333,2.753815333,451.4754667,17.74645333,2.070964,1.79277,17.99755333,15.7234,1499.982667,0.972996667,0.02700318,0,2.034593333,0,14908.55333,12843.73333,45.93286667,47.6912,46.875,46.3624,46,1459.482667,40.5,0,1784740116,0,1784735762,23:56:02,1784735751,1784735762,3,0.099,-0.122,-13.693,-0.753,504,17,2.1,0.03,-4.915899667,81.31251312,11.15984209,0,2.634817619,1.047582078,0.246434296,0,0,2,0/2,3.01301,2.75944,0.100666,0.0997149,0.0993959,0.0893701,31685,22831.9,33369.8,25654.1,38435.7,31617.5,48784.4,40112.1,1.7365,2.60152,0.218153,0,32.6026,999.9,52.271,36.225,31.2666,28.6837,-100,3,0.429157,0,20.2439,5.20426,11.956,4.96945,3.29408,124,9999,9999,7159.6,4.97375,1.87302,1.87088,1.87238,1.87286,1.87363,1.8733,1.87769,0,0,0,0,11111111,oooooooo,on,on,on,on,0,100,100,-13.412,-0.0148,-9.215353847,-0.010281863,2.60765E-06,-1.39012E-10,-1.312278615,-0.176615401,0.01337041,-8.0725E-05,6,2428,1,22,72.8,72.6,0.153809,4.99756,2.64526,2.74292,2.8479,2.20093,38.7964,14.885,2,376.891,1208.19,33.7979,33.092,29.9999,33.0019,32.9174,-1,40,10,-999.9,400,20,101.345,94.1151
75,1784740240,9343,20260723 01:10:40,01:10:40,15,,1784740232,0.002114935,2.114935361,2.876165258,407.4708533,295.1585415,29.84654353,41.20360705,0.052486992,1.384777314,0.051406316,0.032224189,287.4316467,37.99575859,36.11798,6.007612866,34.13863012,2.012340705,5.894614688,3.995272161,-93.26864942,-25.77477469,-4.387037007,164.0011855,2.47131966,1.994349167,2.876165258,419.8273661,415.5752182,0.048748308,60.80202036,2.114935361,17.31416147,20.02698606,0.017839234,69.65,48,11,1.003846507,0.384650695,25053.7087,1500.008667,1261.22228,0.840809995,0.191619991,6,0.5,0: Broadleaf,2,TRUE,1784740232,407.5397333,412.0012667,19.90044667,17.24772,420.6288,20.03378667,440.3813333,101.0203333,0.10004548,35.77273333,36.11798,999.9,0,0,5000.499333,0,56.78996667,-4.461708667,415.8143333,419.2319333,2.652724,412.0012667,17.24772,2.010350667,1.742371333,17.52598,15.27894,1500.008667,0.972998,0.0270018,0,2.015213333,0,14802.48,12843.94667,46,47.812,46.937,46.40806667,46.062,1459.508667,40.5,0,1784740237,0,1784735762,23:56:02,1784735751,1784735762,3,0.099,-0.122,-13.693,-0.753,504,17,2.1,0.03,-5.24943619,8.264044675,2.49342869,0,2.663240952,-0.117533766,0.057922744,0,0,2,0/2,3.01441,2.75944,0.0939782,0.0936907,0.0981297,0.0871779,31918.2,22983.4,33367.4,25652.8,38487.4,31692.1,48780.4,40110.3,1.73953,2.60098,0.219069,0,32.5881,999.9,50.403,36.225,30.1489,28.8737,-100,3,0.431367,0,20.2437,5.20486,11.956,4.9694,3.29405,124,9999,9999,7159.6,4.97371,1.87302,1.87088,1.87238,1.87286,1.87364,1.87332,1.87771,0,0,0,0,11111111,oooooooo,on,on,on,on,0,100,100,-13.088,-0.1028,-9.215353847,-0.010281863,2.60765E-06,-1.39012E-10,-1.312278615,-0.176615401,0.01337041,-8.0725E-05,6,2428,1,22,74.8,74.6,0.153809,4.99756,2.64526,2.74292,2.8479,2.25952,38.7964,14.8938,2,378.507,1207.51,33.8383,33.1025,30.0004,33.0065,32.9225,-1,40,10,-999.9,400,20,101.337,94.1107
76,1784741499,10602,20260723 01:31:39,01:31:39,15,,1784741491,0.001616819,1.616819371,5.898669602,474.509636,255.2185492,25.8069722,47.98106183,0.048123607,1.385293018,0.047213794,0.029588931,287.43,37.55592678,35.3364,5.754448927,42.86509171,2.431897782,5.673375898,3.322551145,-71.30173428,-19.16482671,-3.237476706,193.7259623,7.155361842,1.662120795,5.898669602,499.0309068,488.037,0.495255805,60.79516241,1.616819371,21.88431323,24.04926606,0.000193591,69.65,43,10,1.003434647,0.343464719,25124.96184,1500,1261.215,0.84081,0.19162,6,0.5,0: Broadleaf,2,TRUE,1784741491,474.6505,485.5226875,24.0503,21.83125,488.7401875,24.0806,437.0673125,101.017125,0.100024544,35.0797875,35.3364,999.9,0,0,5003.20375,0,25.43766875,-10.87222813,486.3473125,496.359375,2.219045625,485.5226875,21.83125,2.4294875,2.205326875,20.56168125,19.00095,1500,0.973001875,0.026997763,0,1.9980375,0,21402.89375,12843.9125,45.375,47.16375,46.312,45.8709375,45.4409375,1459.5,40.5,0,1784741496,0,1784741373,01:29:33,1784741373,1784741360,4,-0.456,-0.401,-14.326,-0.03,509,22,0.55,0.2,-8.197977619,-47.49151481,6.597858949,0,2.276722381,-0.811816364,0.088137044,0,0,2,0/2,3.01127,2.75936,0.106038,0.108364,0.112981,0.103473,31530.4,22626.3,33403.2,25666.5,37858.2,31141.7,48831.4,40133.5,1.749,2.61818,0.240162,0,31.4712,999.9,54.828,36.034,32.4575,29.3138,-100,3,0.384202,0,20.2438,5.20441,11.956,4.96905,3.294,124.3,9999,9999,7159.6,4.97371,1.87302,1.87088,1.87235,1.87286,1.87365,1.87329,1.87772,0,0,0,0,11111111,oooooooo,on,on,on,on,0,100,100,-14.123,-0.0303,-9.671187859,-0.010281863,2.60765E-06,-1.39012E-10,-0.0303,0,0,0,6,2428,1,22,2.1,2.3,0.152588,4.99756,2.64526,2.74048,2.8479,2.26929,37.9406,14.6661,2,380.269,1221.36,33.283,32.5196,30,32.468,32.3938,-1,40,10,-999.9,400,20,101.444,94.1635
77,1784741619,10722,20260723 01:33:39,01:33:39,15,,1784741611,0.00140363,1.403630113,5.056911812,509.7294652,292.8031788,29.60849414,51.54425559,0.042050664,1.385600984,0.04135435,0.025908069,287.4308856,37.69939213,35.43986,5.787419279,43.90294171,2.495796379,5.684804439,3.2916229,-61.900088,-24.18105641,-4.086730895,197.2630103,3.221886361,1.39063251,5.056911812,529.3306003,521.7413758,0.088071528,60.79516241,1.403630113,22.82557442,24.70114545,0.000675844,69.65,43,10,1.003433863,0.343386333,25130.6776,1500.004667,1261.218919,0.840809997,0.191619994,6,0.5,0: Broadleaf,2,TRUE,1784741611,509.8502,515.2328667,24.68133333,22.82542,524.2149333,24.71163333,436.9442,101.0208,0.100008407,35.11615333,35.43986,999.9,0,0,5004.542,0,23.84764667,-5.3824836,522.7525333,527.2679333,1.855920667,515.2328667,22.82542,2.493324667,2.305839333,20.98299333,19.71722667,1500.004667,0.973002733,0.026996907,0,1.921933333,0,20979.04667,12843.92667,45.375,47.2458,46.312,45.92046667,45.437,1459.505333,40.5,0,1784741616,0,1784741373,01:29:33,1784741373,1784741360,4,-0.456,-0.401,-14.326,-0.03,509,22,0.55,0.2,-5.022829238,-15.99336156,2.975541719,0,1.838078095,0.333481558,0.057914096,0,0,2,0/2,3.01111,2.75946,0.110844,0.109947,0.115352,0.105869,31362.8,22585.1,33405,25665,37753.1,31056.1,48833.6,40131.9,1.74912,2.61478,0.243969,0,31.5053,999.9,56.348,35.973,33.2455,28.8937,-100,3,0.381913,0,20.2441,5.20022,11.956,4.9692,3.29402,124.4,9999,9999,7159.6,4.97372,1.87302,1.87087,1.87234,1.87286,1.87367,1.87329,1.87767,0,0,0,0,11111111,oooooooo,on,on,on,on,0,100,100,-14.36,-0.0303,-9.671187859,-0.010281863,2.60765E-06,-1.39012E-10,-0.0303,0,0,0,6,2428,1,22,4.1,4.3,0.153809,4.99756,2.64526,2.74048,2.8479,2.28271,37.8437,14.6399,2,380.065,1215.52,33.2386,32.4857,30.0001,32.4235,32.3467,-1,40,10,-999.9,400,20,101.449,94.1591
78,1784741739,10842,20260723 01:35:39,01:35:39,15,,1784741731,0.001828584,1.828583901,3.384273055,462.9277618,338.8178466,34.26053195,46.81025965,0.054063425,1.38525905,0.052918011,0.033174647,287.42484,37.51107584,35.48138667,5.800698976,43.01967685,2.449103971,5.692985513,3.351595005,-80.64055004,-25.33515082,-4.284243403,177.1648957,-7.497283813,2.00968176,3.384273055,456.1099201,461.6695515,-1.879784943,60.79516241,1.828583901,21.33763357,24.00089152,-0.03375468,69.65,42,10,1.003355319,0.335531928,25118.87536,1499.976,1261.19454,0.840809813,0.191619626,6,0.5,0: Broadleaf,2,TRUE,1784741731,463.0086,454.024,24.22029333,21.53621333,477.0061333,24.25059333,436.8616667,101.0178667,0.09998262,35.14214667,35.48138667,999.9,0,0,5002.999333,0,26.66043333,8.984730667,474.5020667,464.0188667,2.684069333,454.024,21.53621333,2.446681333,2.175542,20.67590667,18.7825,1499.976,0.9730034,0.026996213,0,1.995513333,0,20632.48,12843.69333,45.43286667,47.3162,46.375,46.0372,45.5,1459.486,40.49,0,1784741736,0,1784741373,01:29:33,1784741373,1784741360,4,-0.456,-0.401,-14.326,-0.03,509,22,0.55,0.2,8.28685,7.259070677,2.953805148,0,2.58129,1.81580391,0.225520233,0,0,2,0/2,3.01054,2.75944,0.101307,0.09995,0.11272,0.10148,31697,22840.1,33402.8,25666.7,37867.8,31211.1,48830.8,40133.5,1.74907,2.61815,0.235908,0,31.66,999.9,54.023,35.913,31.7675,29.1637,-100,3,0.382424,0,20.244,5.20441,11.956,4.96935,3.29408,124.4,9999,9999,7159.6,4.97372,1.87301,1.87087,1.8723,1.87286,1.87365,1.87324,1.87766,0,0,0,0,11111111,oooooooo,on,on,on,on,0,100,100,-13.889,-0.0303,-9.671187859,-0.010281863,2.60765E-06,-1.39012E-10,-0.0303,0,0,0,6,2428,1,22,6.1,6.3,0.153809,4.99756,2.64526,2.74048,2.8479,2.25098,37.7711,14.6224,2,379.934,1219.92,33.2428,32.4857,30,32.4062,32.3258,-1,40,10,-999.9,400,20,101.443,94.1639
79,1784741859,10962.1,20260723 01:37:39,01:37:39,15,,1784741851,0.001735859,1.735858509,3.483751553,463.5900725,332.1093506,33.5810928,46.87570892,0.051698929,1.384966354,0.050650251,0.031748855,287.425125,37.55193706,35.505175,5.808318102,43.66730638,2.485086997,5.690955552,3.323231104,-76.55136023,-27.58733344,-4.666473518,178.6199578,-13.57601503,1.926764382,3.483751553,447.3539806,455.3138848,-2.342309795,60.79516241,1.735858509,21.76325664,24.32129636,-0.036626693,69.65,42,10,1.003356356,0.335635585,25111.14368,1499.9775,1261.1958,0.840809812,0.191619624,6,0.5,0: Broadleaf,2,TRUE,1784741851,463.6733125,446.30475,24.57694375,22.00274375,477.675625,24.60724375,436.5546875,101.0145625,0.10000335,35.1357,35.505175,999.9,0,0,5001.718125,0,28.0068125,17.36850313,475.358,456.34875,2.574203125,446.30475,22.00274375,2.48263,2.222595625,20.9127875,19.1249375,1499.9775,0.973003125,0.026996444,0,1.99885,0,20390.66875,12843.6875,45.437,47.375,46.375,46.117,45.531,1459.4875,40.49,0,1784741856,0,1784741373,01:29:33,1784741373,1784741360,4,-0.456,-0.401,-14.326,-0.03,509,22,0.55,0.2,13.09631776,55.0989194,10.04483192,0,2.349638095,3.623004935,0.410219422,0,0,2,0/2,3.01068,2.75958,0.100205,0.099106,0.113885,0.102886,31734.1,22859.5,33400.9,25664.4,37813.3,31158.9,48828.5,40130.7,1.7489,2.61997,0.230484,0,31.7626,999.9,54.584,35.873,32.0301,28.9047,-100,3,0.383392,0,20.244,5.20471,11.956,4.9685,3.29408,124.4,9999,9999,7159.6,4.97368,1.87302,1.87087,1.87234,1.87286,1.87366,1.87327,1.87767,0,0,0,0,11111111,oooooooo,on,on,on,on,0,100,100,-13.836,-0.0303,-9.671187859,-0.010281863,2.60765E-06,-1.39012E-10,-0.0303,0,0,0,6,2428,1,22,8.1,8.3,0.153809,4.99756,2.64526,2.74048,2.8479,2.24365,37.747,14.5873,2,379.825,1222.42,33.2205,32.4915,30.0003,32.4033,32.3199,-1,40,10,-999.9,400,20,101.437,94.1566
80,1784741979,11082.1,20260723 01:39:39,01:39:39,15,,1784741971,0.001454836,1.454835914,5.063847953,491.5009606,278.5188911,28.1618245,49.69703758,0.042870725,1.385048048,0.042146956,0.026405858,287.43396,37.83751996,35.70354,5.872191408,44.04999726,2.526923428,5.736489411,3.34526798,-64.15826381,-31.6389756,-5.360426771,186.2762938,5.544815053,1.457593633,5.063847953,508.1416826,502.4356606,-0.25780098,60.79516241,1.454835914,23.03210318,24.98161515,-0.000188912,69.65,42,10,1.003357608,0.335760786,25101.81135,1500.024,1261.23486,0.840809787,0.191619574,6,0.5,0: Broadleaf,2,TRUE,1784741971,491.622,500.1966667,24.99113333,23.04583333,505.8450667,25.02143333,436.8341333,101.0128,0.099998473,35.27982667,35.70354,999.9,0,0,5002.208667,0,28.05479333,-8.57475974,504.2231333,511.9961333,1.945297333,500.1966667,23.04583333,2.524420667,2.327921333,21.18480667,19.87092,1500.024,0.973004667,0.026994847,0,2.002613333,0,20232.68,12844.1,45.5,47.437,46.437,46.2038,45.6208,1459.534,40.49,0,1784741976,0,1784741373,01:29:33,1784741373,1784741360,4,-0.456,-0.401,-14.326,-0.03,509,22,0.55,0.2,-8.091543205,-48.90944713,8.902066368,0,1.934558,0.133333534,0.045103375,0,0,2,0/2,3.01089,2.7594,0.108187,0.112941,0.116324,0.106812,31451.5,22505.3,33399.7,25660.7,37703.9,31018.4,48827.1,40125.8,1.74912,2.61955,0.228509,0,32.02,999.9,56.525,35.832,33.0946,28.9947,-100,3,0.384314,0,20.2441,5.20231,11.956,4.9694,3.29408,124.5,9999,9999,7159.6,4.97371,1.87302,1.87086,1.87234,1.87286,1.87367,1.87326,1.87763,0,0,0,0,11111111,oooooooo,on,on,on,on,0,100,100,-14.227,-0.0303,-9.671187859,-0.010281863,2.60765E-06,-1.39012E-10,-0.0303,0,0,0,6,2428,1,22,10.1,10.3,0.153809,4.99756,2.64526,2.74048,2.8479,2.26685,37.747,14.5786,2,380.012,1221.94,33.2694,32.5059,30,32.4148,32.3263,-1,40,10,-999.9,400,20,101.434,94.1442
81,1784742099,11202.1,20260723 01:41:39,01:41:39,15,,1784742091,0.00129757,1.297569661,4.843468544,441.0593707,216.473627,21.88784802,44.59591965,0.038035552,1.383788573,0.037464154,0.023465719,287.4276267,37.80764305,35.55738667,5.825071383,43.26642063,2.466690595,5.701166306,3.358380788,-57.22282206,-29.0413817,-4.918635409,196.2447875,11.00866273,1.344502521,4.843468544,471.8060073,458.8708788,1.123393398,60.79516241,1.297569661,22.82820502,24.47266788,0.014334247,69.65,43,10,1.003441527,0.344152696,25074.90781,1499.990667,1261.20686,0.840809805,0.19161961,6,0.5,0: Broadleaf,2,TRUE,1784742091,441.1752667,457.0192667,24.39588667,22.60503333,454.9978,24.42618667,437.9222667,101.0109333,0.099988713,35.16810667,35.55738667,999.9,0,0,4996.084667,0,27.13859333,-15.84403333,452.2072667,467.5906,1.790855333,457.0192667,22.60503333,2.464254667,2.283358,20.79230667,19.5589,1499.990667,0.973005067,0.0269945,0,2.058653333,0,20001.63333,12843.84,45.6208,47.50413333,46.54133333,46.312,45.687,1459.500667,40.49,0,1784742096,0,1784741373,01:29:33,1784741373,1784741360,4,-0.456,-0.401,-14.326,-0.03,509,22,0.55,0.2,-13.7279885,-49.48987985,4.996555428,0,1.8611535,-1.959301805,0.194238502,0,0,2,0/2,3.01161,2.75948,0.101259,0.10407,0.114561,0.106257,31694.7,22729.4,33398.7,25659.8,37781.4,31035.3,48825.8,40124.3,1.75035,2.6186,0.222921,0,31.9345,999.9,55.64,35.812,32.5401,29.1447,-100,3,0.38622,0,20.2437,5.20501,11.956,4.9694,3.29415,124.5,9999,9999,7159.6,4.9737,1.87302,1.87088,1.87236,1.87286,1.87369,1.87326,1.87763,0,0,0,0,11111111,oooooooo,on,on,on,on,0,100,100,-13.887,-0.0303,-9.671187859,-0.010281863,2.60765E-06,-1.39012E-10,-0.0303,0,0,0,6,2428,1,22,12.1,12.3,0.153809,4.99756,2.64526,2.7417,2.8479,2.27173,37.747,14.5523,2,380.726,1220.86,33.2881,32.5232,30.0002,32.4263,32.34,-1,40,10,-999.9,400,20,101.431,94.1408
82,1784742219,11322.1,20260723 01:43:39,01:43:39,15,,1784742211,0.001311162,1.31116237,4.146345201,472.8974117,278.5575656,28.16616987,47.81671896,0.038700075,1.38448928,0.038108998,0.023870478,287.4268667,37.96101465,35.78684667,5.899197476,44.60575968,2.565922481,5.752446542,3.333274996,-57.82226051,-34.09183888,-5.782088131,189.7306791,-5.905175477,1.541668209,4.146345201,477.1490217,475.7389515,-0.805771105,60.79516241,1.31116237,23.36700351,25.23706788,-0.019138372,69.65,42,10,1.003360314,0.336031429,25081.66174,1499.986667,1261.2035,0.840809807,0.191619614,6,0.5,0: Broadleaf,2,TRUE,1784742211,472.9966,465.9355333,25.37644,23.32587333,487.073,25.40674,438.1373333,101.0143333,0.100026313,35.3301,35.78684667,999.9,0,0,4999.374667,0,25.01768,7.060973451,485.3128,477.0638667,2.050573333,465.9355333,23.32587333,2.563384667,2.356246667,21.43453333,20.06582667,1499.986667,0.9730054,0.02699416,0,1.966986667,0,19915.03333,12843.78667,45.625,47.562,46.6166,46.3246,45.7374,1459.496667,40.49,0,1784742216,0,1784741373,01:29:33,1784741373,1784741360,4,-0.456,-0.401,-14.326,-0.03,509,22,0.55,0.2,7.121945589,-51.72188125,8.009975101,0,1.980319,0.515050827,0.201822618,0,0,2,0/2,3.01243,2.75935,0.103575,0.104542,0.117247,0.108128,31609.2,22713.4,33394.7,25655.4,37657.4,30964.2,48820.7,40118,1.7517,2.6192,0.232346,0,32.0396,999.9,57.27,35.772,33.4179,28.8447,-100,3,0.38939,0,20.2437,5.20486,11.956,4.9691,3.29402,124.5,9999,9999,7159.6,4.97369,1.87302,1.87087,1.87239,1.87286,1.87369,1.87329,1.87767,0,0,0,0,11111111,oooooooo,on,on,on,on,0,100,100,-14.001,-0.0303,-9.671187859,-0.010281863,2.60765E-06,-1.39012E-10,-0.0303,0,0,0,6,2428,1,22,14.1,14.3,0.153809,4.99756,2.64526,2.7417,2.8479,2.26318,37.747,14.5523,2,381.612,1222.24,33.3188,32.5578,30.0003,32.455,32.3657,-1,40,10,-999.9,400,20,101.42,94.1255
83,1784742339,11442.1,20260723 01:45:39,01:45:39,15,,1784742331,0.001309187,1.309186776,4.335392979,483.0300126,279.0108684,28.21223226,48.84166335,0.038411872,1.384084628,0.037829327,0.023694933,287.4319333,38.04755332,35.89448667,5.934251575,44.6790928,2.58225435,5.779558598,3.351997225,-57.73513684,-35.76079703,-6.07260995,187.8633895,-5.676941735,1.435758872,4.335392979,481.6991091,483.9652303,-1.528396204,60.79516241,1.309186776,23.6293843,25.44316727,-0.011128329,69.65,42,10,1.003362808,0.336280824,25063.1228,1500.013333,1261.2259,0.840809793,0.191619586,6,0.5,0: Broadleaf,2,TRUE,1784742331,483.1338,476.3472,25.53775333,23.63164,497.2902,25.56805333,438.8870667,101.0152,0.099973127,35.41524,35.89448667,999.9,0,0,4997.334667,0,23.8081,6.786670667,495.7957333,487.8764,1.90609,476.3472,23.63164,2.579701333,2.387157333,21.53822667,20.27691333,1500.013333,0.9730066,0.02699314,0,2.075993333,0,19790.57333,12844.04,45.66633333,47.5248,46.625,46.2748,45.75,1459.523333,40.49,0,1784742336,0,1784741373,01:29:33,1784741373,1784741360,4,-0.456,-0.401,-14.326,-0.03,509,22,0.55,0.2,8.5693355,-58.62594992,8.536976433,0,1.8620915,0.218198346,0.118827719,0,0,2,0/2,3.01281,2.75939,0.105005,0.106178,0.117944,0.108763,31558.1,22670.6,33394.1,25653.9,37626.2,30940.1,48820.2,40115.7,1.75242,2.6163,0.226658,0,32.2062,999.9,57.862,35.732,33.6877,29.2347,-100,3,0.391037,0,20.2438,5.20366,11.956,4.9693,3.29408,124.6,9999,9999,7159.6,4.9737,1.87301,1.87085,1.87235,1.87286,1.8737,1.8733,1.8777,0,0,0,0,11111111,oooooooo,on,on,on,on,0,100,100,-14.071,-0.0303,-9.671187859,-0.010281863,2.60765E-06,-1.39012E-10,-0.0303,0,0,0,6,2428,1,22,16.1,16.3,0.153809,4.99756,2.64526,2.74048,2.8479,2.2583,37.747,14.5085,2,382.117,1218.5,33.3771,32.5772,30.0001,32.4752,32.3855,-1,40,10,-999.9,400,20,101.419,94.12
84,1784742459,11562.1,20260723 01:47:39,01:47:39,15,,1784742451,0.001055764,1.055763983,4.605456016,473.315194,214.3429164,21.67177183,47.85592668,0.031023544,1.383842799,0.030642281,0.01918529,287.4291467,38.15054907,35.87697333,5.928535878,44.90575032,2.591693892,5.771407611,3.336841987,-46.55919165,-36.3548763,-6.173278238,198.3418005,5.505826844,1.050932556,4.605456016,494.3065536,486.6648,0.216954029,60.79516241,1.055763983,24.24407425,25.65300121,-0.00024552,69.65,42,10,1.003363423,0.336342258,25058.56028,1499.998667,1261.21358,0.840809801,0.191619601,6,0.5,0: Broadleaf,2,TRUE,1784742451,473.4254667,481.6137333,25.63294,24.23678,487.5054,25.66324,438.5476667,101.0079333,0.10001182,35.38968,35.87697333,999.9,0,0,4996.500667,0,31.38147333,-8.188357,485.8799333,493.5768667,1.396164667,481.6137333,24.23678,2.589128667,2.448106667,21.59788,20.6853,1499.998667,0.973005467,0.02699416,0,2.06434,0,19620.36,12843.87333,45.66633333,47.55373333,46.625,46.208,45.75,1459.508667,40.49,0,1784742456,0,1784741373,01:29:33,1784741373,1784741360,4,-0.456,-0.401,-14.326,-0.03,509,22,0.55,0.2,-11.84642775,55.38127331,7.675129972,0,1.323577,1.310828571,0.192394283,0,0,2,0/2,3.01275,2.75947,0.105312,0.105923,0.118768,0.110855,31546.1,22675.2,33392.8,25651.8,37587.8,30864,48818.3,40113.1,1.75205,2.61593,0.23026,0,32.1694,999.9,58.631,35.722,34.1185,28.9647,-100,3,0.391639,0,20.2435,5.20246,11.956,4.96785,3.29402,124.6,9999,9999,7159.6,4.97371,1.87302,1.87088,1.8724,1.87286,1.87373,1.87332,1.87769,0,0,0,0,11111111,oooooooo,on,on,on,on,0,100,100,-14.087,-0.0303,-9.671187859,-0.010281863,2.60765E-06,-1.39012E-10,-0.0303,0,0,0,6,2428,1,22,18.1,18.3,0.153809,4.99756,2.64526,2.7417,2.8479,2.24121,37.7228,14.4823,2,381.988,1218.19,33.3877,32.5887,30.0001,32.4867,32.3971,-1,40,10,-999.9,400,20,101.415,94.1133
85,1784742579,11682.1,20260723 01:49:39,01:49:39,15,,1784742571,0.001323922,1.323922078,4.601766437,487.6084974,276.4976054,27.95625967,49.30136648,0.039231713,1.383443405,0.038623971,0.024193801,287.4250933,38.01909652,35.84583333,5.918384759,45.01733226,2.598636886,5.772525282,3.319747873,-58.38496364,-33.7602899,-5.733586164,189.5462536,-0.622192423,1.276941197,4.601766437,496.6445939,494.1461697,-0.723651145,60.79516241,1.323922078,23.81900995,25.64897394,-0.010667424,69.65,42,10,1.003365004,0.336500429,25046.82106,1499.977333,1261.19566,0.840809812,0.191619624,6,0.5,0: Broadleaf,2,TRUE,1784742571,487.7187333,487.7224,25.70146667,24.00667333,501.9110667,25.73176667,438.9347333,101.0085333,0.09997224,35.39318667,35.84583333,999.9,0,0,4994.5,0,22.52142,-0.0039996,500.5844,499.7195333,1.694807333,487.7224,24.00667333,2.596066667,2.424877333,21.64164667,20.53057333,1499.977333,0.973005067,0.0269945,0,2.02896,0,19532.78,12843.7,45.64153333,47.5,46.625,46.1912,45.75,1459.487333,40.49,0,1784742576,0,1784741373,01:29:33,1784741373,1784741360,4,-0.456,-0.401,-14.326,-0.03,509,22,0.55,0.2,-1.4645872,-0.323764692,6.273459392,0,1.650415,1.368667669,0.14754466,0,0,2,0/2,3.01273,2.75942,0.106559,0.107555,0.118662,0.109395,31501.8,22633.8,33392.5,25651.9,37592.8,30915.9,48817.9,40113.1,1.75228,2.6177,0.223625,0,32.228,999.9,58.168,35.691,33.7928,28.9647,-100,3,0.392241,0,20.2437,5.19947,11.956,4.96885,3.29408,124.6,9999,9999,7159.6,4.97367,1.87302,1.87086,1.87236,1.87286,1.87367,1.87326,1.87769,0,0,0,0,11111111,oooooooo,on,on,on,on,0,100,100,-14.148,-0.0303,-9.671187859,-0.010281863,2.60765E-06,-1.39012E-10,-0.0303,0,0,0,6,2428,1,22,20.1,20.3,0.153809,4.99756,2.64526,2.74292,2.8479,2.28516,37.7228,14.491,2,382.177,1220.92,33.4164,32.5983,30,32.4982,32.4062,-1,40,10,-999.9,400,20,101.414,94.1136
86,1784742699,11802.1,20260723 01:51:39,01:51:39,15,,1784742691,0.001115726,1.115725555,4.999675441,485.6067128,222.1669244,22.46319828,49.09947737,0.033136168,1.384771232,0.032701891,0.020477226,287.4313,38.03804333,35.72638,5.879584892,44.80141238,2.574133939,5.745653547,3.305450952,-49.20349698,-31.18123356,-5.285258995,201.7613105,16.67702386,1.00285505,4.999675441,526.4072347,510.7649939,1.584503703,60.79516241,1.115725555,24.16579234,25.56438061,0.013936838,69.65,42,10,1.003358971,0.335897112,25091.65773,1500.01,1261.2231,0.840809795,0.191619589,6,0.5,0: Broadleaf,2,TRUE,1784742691,485.7262667,509.1048,25.45886,24.12793333,499.903,25.48916,439.0773333,101.0096,0.0999524,35.30871333,35.72638,999.9,0,0,5001.000667,0,22.06773333,-23.37858667,498.4158667,521.6926,1.330950667,509.1048,24.12793333,2.571590667,2.43715,21.48676667,20.61273333,1500.01,0.973005,0.0269945,0,1.923746667,0,19427.48667,12844,45.6082,47.375,46.55373333,46.0998,45.687,1459.52,40.49,0,1784742696,0,1784741373,01:29:33,1784741373,1784741360,4,-0.456,-0.401,-14.326,-0.03,509,22,0.55,0.2,-22.361295,-12.8535203,3.803103549,0,1.372086,-0.50081594,0.100062707,0,0,2,0/2,3.0124,2.75951,0.109298,0.111769,0.118442,0.11024,31407.2,22528.3,33394.5,25653.2,37604.9,30888.7,48820.7,40115.4,1.7516,2.6178,0.226751,0,32.0648,999.9,58.241,35.651,33.7619,28.9047,-100,3,0.389687,0,20.2439,5.20456,11.956,4.9694,3.29413,124.7,9999,9999,7159.6,4.97371,1.87301,1.87088,1.87233,1.87286,1.87366,1.87331,1.87772,0,0,0,0,11111111,oooooooo,on,on,on,on,0,100,100,-14.284,-0.0303,-9.671187859,-0.010281863,2.60765E-06,-1.39012E-10,-0.0303,0,0,0,6,2428,1,22,22.1,22.3,0.153809,4.99756,2.64526,2.74292,2.8479,2.26196,37.6745,14.4648,2,381.716,1220.77,33.3974,32.5693,30,32.4809,32.3914,-1,40,10,-999.9,400,20,101.42,94.1187
87,1784742819,11922.1,20260723 01:53:39,01:53:39,15,,1784742811,0.00125588,1.25587973,3.731605261,478.6024504,297.1099662,30.04146492,48.39258308,0.037671602,1.386004692,0.037111882,0.023244522,287.4237,37.88440296,35.63328667,5.849500473,44.93524576,2.570288213,5.719982543,3.27921226,-55.38429607,-30.30686063,-5.128136284,196.604407,-8.056445217,1.327573817,3.731605261,471.2112256,477.2558848,-2.065155374,60.79516241,1.25587973,23.61675486,25.35229394,-0.009985496,69.65,42,10,1.003353363,0.335336345,25133.47681,1499.97,1261.1895,0.840809816,0.191619632,6,0.5,0: Broadleaf,2,TRUE,1784742811,478.6915333,468.5848,25.42014,23.6577,492.8128,25.45044,438.9561333,101.0122667,0.10000938,35.22769333,35.63328667,999.9,0,0,5006.958,0,18.75076,10.10662133,491.1776667,479.9396,1.762430667,468.5848,23.6577,2.567742667,2.389717333,21.46237333,20.29419333,1499.97,0.973003333,0.026996233,0,1.934793333,0,19338.27333,12843.64667,45.5,47.27893333,46.4748,45.99153333,45.583,1459.48,40.49,0,1784742816,0,1784741373,01:29:33,1784741373,1784741360,4,-0.456,-0.401,-14.326,-0.03,509,22,0.55,0.2,5.166282286,75.9110199,10.21805353,0,1.668919524,1.198551429,0.1522483,0,0,2,0/2,3.01298,2.75939,0.103708,0.101995,0.117643,0.108569,31607,22778.8,33397.1,25656.1,37641.9,30949.4,48824.6,40119.5,1.7533,2.6186,0.236701,0,31.8044,999.9,57.411,35.601,33.1873,29.0547,-100,3,0.386004,0,20.244,5.20426,11.956,4.9695,3.2941,124.7,9999,9999,7159.6,4.97373,1.87302,1.87088,1.87239,1.87286,1.87376,1.8733,1.87767,0,0,0,0,11111111,oooooooo,on,on,on,on,0,100,100,-14.008,-0.0303,-9.671187859,-0.010281863,2.60765E-06,-1.39012E-10,-0.0303,0,0,0,6,2428,1,22,24.1,24.3,0.153809,4.99756,2.64526,2.7417,2.8479,2.26074,37.6263,14.4385,2,382.404,1221.27,33.3353,32.5318,29.9999,32.4464,32.3595,-1,40,10,-999.9,400,20,101.428,94.1288
88,1784742939,12042.1,20260723 01:55:39,01:55:39,15,,1784742931,0.001200523,1.200522813,5.45653279,487.9230577,221.8495164,22.43322762,49.33834968,0.035808354,1.386445205,0.03530239,0.022108857,287.4273733,37.93915514,35.67275333,5.86223831,44.80620046,2.566819174,5.728714213,3.295419136,-52.94305607,-31.20397761,-5.279979018,198.0003606,15.21370321,1.184876768,5.45653279,523.8944396,510.0936121,1.122317956,60.79516241,1.200522813,23.79120718,25.39497212,-3.6013E-05,69.65,42,10,1.003352012,0.335201182,25143.57751,1499.989333,1261.20574,0.840809806,0.191619612,6,0.5,0: Broadleaf,2,TRUE,1784742931,488.0532667,509.6266,25.38411333,23.80688,502.2483333,25.41441333,437.7949333,101.0191333,0.099985553,35.25528667,35.67275333,999.9,0,0,5008.792667,0,14.81968,-21.57321333,500.7647333,522.0551333,1.577234,509.6266,23.80688,2.56428,2.404949333,21.44034,20.39710667,1499.989333,0.973003333,0.02699622,0,1.938753333,0,19248.75333,12843.8,45.437,47.187,46.375,45.8832,45.5,1459.499333,40.49,0,1784742936,0,1784741373,01:29:33,1784741373,1784741360,4,-0.456,-0.401,-14.326,-0.03,509,22,0.55,0.2,-22.492075,15.50815489,3.576397381,0,1.55464,0.43446406,0.0668839,0,0,2,0/2,3.01176,2.75945,0.109311,0.111872,0.117847,0.109326,31413.7,22531,33401.5,25658.9,37637.1,30927.9,48830.4,40123.9,1.75135,2.62135,0.24499,0,31.7279,999.9,57.679,35.55,33.2466,29.1447,-100,3,0.381186,0,20.2437,5.20456,11.956,4.96935,3.29402,124.7,9999,9999,7159.6,4.9737,1.87301,1.87086,1.87233,1.87286,1.87367,1.87327,1.87768,0,0,0,0,11111111,oooooooo,on,on,on,on,0,100,100,-14.282,-0.0303,-9.671187859,-0.010281863,2.60765E-06,-1.39012E-10,-0.0303,0,0,0,6,2428,1,22,26.1,26.3,0.153809,4.99756,2.64526,2.74292,2.8479,2.27905,37.554,14.421,2,381.079,1224.28,33.3042,32.4751,29.9999,32.3976,32.3144,-1,40,10,-999.9,400,20,101.44,94.1389
89,1784743059,12162.1,20260723 01:57:39,01:57:39,15,,1784743051,0.001280461,1.280460915,3.876877241,483.030416,297.9111136,30.12441653,48.84345962,0.03832723,1.384340095,0.037747334,0.023643454,287.4354962,37.84038865,35.60394667,5.8400466,44.70524691,2.552246789,5.709054229,3.287799811,-56.46832634,-30.66203405,-5.192858016,195.1122778,-6.054766106,1.401306408,3.876877241,483.4173461,485.0677576,-1.295783197,60.79516241,1.280460915,23.37699756,25.15635515,-0.010918273,69.65,42,10,1.003359414,0.335941352,25088.36446,1500.032,1261.241588,0.840809788,0.191619576,6,0.5,0: Broadleaf,2,TRUE,1784743051,483.1231333,475.7799333,25.24008,23.3743,497.2793333,25.27038,437.7511333,101.0188,0.100007433,35.19310667,35.60394667,999.9,0,0,4998.417333,0,15.63662667,7.343168,495.6333333,487.1670667,1.865759333,475.7799333,23.3743,2.549724667,2.361246667,21.34738667,20.10040667,1500.032,0.973003667,0.026995907,0,2.026213333,0,19150.16667,12844.18,45.3624,47.125,46.312,45.81206667,45.437,1459.532,40.49,0,1784743056,0,1784741373,01:29:33,1784741373,1784741360,4,-0.456,-0.401,-14.326,-0.03,509,22,0.55,0.2,6.99696065,-15.19896032,4.044719572,0,1.8405755,0.076756241,0.068961745,1,1,2,1/2,3.01202,2.75945,0.104999,0.104996,0.116973,0.107785,31570,22709,33405.7,25662.7,37679.2,30985.6,48836.6,40129,1.75287,2.62108,0.238203,0,31.7283,999.9,56.922,35.51,32.7363,29.1447,-100,3,0.375714,0,20.2437,5.20426,11.956,4.96915,3.29402,124.8,9999,9999,7159.6,4.97368,1.87301,1.87087,1.87231,1.87286,1.8737,1.87325,1.87769,0,0,0,0,11111111,oooooooo,on,on,on,on,0,100,100,-14.069,-0.0303,-9.671187859,-0.010281863,2.60765E-06,-1.39012E-10,-0.0303,0,0,0,6,2428,1,22,28.1,28.3,0.153809,4.99756,2.64526,2.7417,2.8479,2.27173,37.5059,14.3947,2,381.532,1222.72,33.282,32.4139,29.9998,32.3396,32.2575,-1,40,10,-999.9,400,20,101.453,94.1517
90,1784743179,12282.1,20260723 01:59:39,01:59:39,15,,1784743171,0.001064503,1.064502836,5.384735511,476.7285431,188.067195,19.01849419,48.20967861,0.032159074,1.384505754,0.031749782,0.019879953,287.4327095,37.87284391,35.50322,5.80769161,44.9855969,2.557380942,5.684888317,3.250310668,-46.94457505,-28.87132223,-4.884783956,206.7320283,13.20228961,0.989308642,5.384735511,517.1259433,499.8837636,1.763601561,60.79516241,1.064502836,24.04165433,25.3833503,0.013125074,69.65,43,10,1.003438202,0.343820215,25099.07264,1500.017333,1261.229268,0.840809796,0.191619592,6,0.5,0: Broadleaf,2,TRUE,1784743171,476.8572667,495.5653333,25.28904,23.97002667,490.9642667,25.31934,437.0995333,101.0260667,0.099991987,35.11642,35.50322,999.9,0,0,4998.875333,0,22.20504667,-18.70816,489.2298,507.7364,1.319014667,495.5653333,23.97002667,2.554849333,2.421595333,21.38016667,20.50882667,1500.017333,0.973003333,0.026996233,0,2.03726,0,19039.60667,12844.02667,45.312,47.1208,46.25,45.8246,45.375,1459.517333,40.49,0,1784743176,0,1784741373,01:29:33,1784741373,1784741360,4,-0.456,-0.401,-14.326,-0.03,509,22,0.55,0.2,-14.36770752,-69.77858696,8.688912702,0,1.429240952,-1.425673247,0.165011395,0,0,2,0/2,3.01131,2.75942,0.10754,0.108031,0.117882,0.109817,31485.5,22633.3,33410.7,25663.8,37642.1,30915.7,48843.1,40130.8,1.75137,2.62328,0.239849,0,31.6408,999.9,57.838,35.45,33.1515,29.2347,-100,3,0.370729,0,20.2438,5.20441,11.956,4.9694,3.29402,124.8,9999,9999,7159.6,4.97373,1.87299,1.87086,1.87235,1.87286,1.87371,1.87326,1.87772,0,0,0,0,11111111,oooooooo,on,on,on,on,0,100,100,-14.193,-0.0303,-9.671187859,-0.010281863,2.60765E-06,-1.39012E-10,-0.0303,0,0,0,6,2428,1,22,30.1,30.3,0.153809,4.99756,2.64526,2.74292,2.8479,2.25708,37.4338,14.386,2,380.378,1224.66,33.2267,32.3495,29.9999,32.2796,32.1981,-1,40,10,-999.9,400,20,101.467,94.1558
91,1784743300,12403,20260723 02:01:40,02:01:40,15,,1784743292,0.001398402,1.398401964,3.079541446,471.2146384,331.3959946,33.51335182,47.65290534,0.042265871,1.386191542,0.04156277,0.026038928,287.4259563,37.74517587,35.57658125,5.831240941,45.098877,2.570074221,5.698754364,3.26116672,-61.6695266,-31.09800264,-5.258123241,189.4003038,-3.385349118,1.389651585,3.079541446,468.1150428,473.6754989,-1.803821284,60.79516241,1.398401964,23.323288,25.30697171,-0.017869115,69.65,42,10,1.003351994,0.335199388,25143.7116,1499.981875,1261.199475,0.84080981,0.19161962,6,0.5,0: Broadleaf,2,TRUE,1784743292,471.288125,467.55475,25.41411875,23.560975,485.35125,25.44441875,436.9954375,101.0278125,0.099999431,35.16045625,35.57658125,999.9,0,0,5007.11,0,23.49036875,3.7333895,483.5780625,478.8385,1.85314125,467.55475,23.560975,2.56753375,2.380313125,21.4610125,20.2299875,1499.981875,0.973003125,0.026996431,0,2.0720625,0,18958.39375,12843.75625,45.312,47.125,46.25,45.85925,45.375,1459.491875,40.49,0,1784743298,0,1784741373,01:29:33,1784741373,1784741360,4,-0.456,-0.401,-14.326,-0.03,509,22,0.55,0.2,-0.855922762,85.46475898,8.73309037,0,1.781079524,1.487198988,0.159404311,0,0,2,0/2,3.0111,2.75949,0.103133,0.100619,0.117505,0.107336,31642.6,22823.7,33412.2,25666.4,37659.4,31005.5,48845.7,40134.6,1.7518,2.62512,0.232518,0,31.819,999.9,57.057,35.409,32.6298,28.7047,-100,3,0.36796,0,20.2436,5.20441,11.956,4.96915,3.29402,124.8,9999,9999,7159.6,4.97373,1.873,1.87087,1.87233,1.87286,1.87367,1.87328,1.87768,0,0,0,0,11111111,oooooooo,on,on,on,on,0,100,100,-13.975,-0.0303,-9.671187859,-0.010281863,2.60765E-06,-1.39012E-10,-0.0303,0,0,0,6,2428,1,22,32.1,32.3,0.153809,4.99756,2.64526,2.7417,2.8479,2.22168,37.4098,14.3597,2,380.346,1226.44,33.2132,32.3137,30,32.2374,32.1554,-1,40,10,-999.9,400,20,101.473,94.165
92,1784743420,12523,20260723 02:03:40,02:03:40,15,,1784743412,0.001275843,1.275843283,3.328599843,469.2877084,307.3366613,31.0803794,47.45818466,0.038275521,1.385522233,0.037697661,0.02361223,287.4314267,37.81249426,35.61950667,5.845058656,44.99528732,2.564780419,5.700108994,3.280278237,-56.26468879,-33.96837987,-5.747548412,191.4508096,-9.452858666,1.371122361,3.328599843,465.9141974,469.0099152,-1.417347363,60.79516241,1.275843283,23.51711952,25.2879897,-0.009683574,69.65,42,10,1.003354609,0.335460927,25124.17409,1500.010667,1261.22366,0.840809794,0.191619588,6,0.5,0: Broadleaf,2,TRUE,1784743412,469.3672,457.2976667,25.36169333,23.53048667,483.4148,25.39199333,436.3562667,101.0281333,0.099988733,35.16475333,35.61950667,999.9,0,0,5003.79,0,22.25824,12.06945667,481.5815333,468.3176,1.831209333,457.2976667,23.53048667,2.562244667,2.377243333,21.42734,20.20954,1500.010667,0.973003667,0.026995907,0,2.114013333,0,18879.35333,12843.98667,45.312,47.187,46.25,45.91633333,45.437,1459.520667,40.49,0,1784743418,0,1784741373,01:29:33,1784741373,1784741360,4,-0.456,-0.401,-14.326,-0.03,509,22,0.55,0.2,13.0168825,-45.23538,5.626034435,0,1.818855,0.097735038,0.040578442,1,1,2,1/2,3.01026,2.75949,0.102391,0.100921,0.117478,0.107748,31667.5,22814.6,33410.9,25664.8,37659.1,30988.9,48843.9,40132,1.75023,2.62465,0.231549,0,31.8796,999.9,57.087,35.379,32.5909,29.0647,-100,3,0.368867,0,20.2438,5.20321,11.956,4.96825,3.29402,124.9,9999,9999,7159.6,4.97369,1.87302,1.87084,1.87233,1.87286,1.87367,1.87327,1.87766,0,0,0,0,11111111,oooooooo,on,on,on,on,0,100,100,-13.94,-0.0303,-9.671187859,-0.010281863,2.60765E-06,-1.39012E-10,-0.0303,0,0,0,6,2428,1,22,34.1,34.3,0.153809,4.99756,2.64526,2.7417,2.8479,2.23877,37.4338,14.3684,2,379.45,1225.52,33.2025,32.3137,30.0002,32.2261,32.1441,-1,40,10,-999.9,400,20,101.469,94.159
93,1784743540,12643,20260723 02:05:40,02:05:40,15,,1784743532,0.001216196,1.216196414,4.1017702,456.6239492,256.2779042,25.91618933,46.17625057,0.036675539,1.384574049,0.036144261,0.022637255,287.4280067,37.81069888,35.56451333,5.827361387,45.09801432,2.565865301,5.689530547,3.261496086,-53.63426188,-32.34673196,-5.474549541,195.9724633,3.326493623,1.194797436,4.1017702,472.1607215,467.3447152,-0.17334694,60.79516241,1.216196414,23.73853988,25.36640121,-0.000187526,69.65,43,10,1.003438094,0.343809449,25099.85586,1499.992667,1261.20854,0.840809804,0.191619608,6,0.5,0: Broadleaf,2,TRUE,1784743532,456.722,462.0202667,25.37312,23.78068667,470.6694667,25.40342,437.2131333,101.0253333,0.100003293,35.13117333,35.56451333,999.9,0,0,4999.248667,0,21.45182667,-5.298202667,468.6122667,473.2752,1.592418667,462.0202667,23.78068667,2.563331333,2.402455333,21.43430667,20.38030667,1499.992667,0.973004,0.026995533,0,2.082046667,0,18731.56667,12843.85333,45.375,47.25,46.312,46.03306667,45.4874,1459.502667,40.49,0,1784743538,0,1784741373,01:29:33,1784741373,1784741360,4,-0.456,-0.401,-14.326,-0.03,509,22,0.55,0.2,-5.115369,-8.132431579,1.536873629,0,1.6032025,-0.044763158,0.036581691,1,1,2,1/2,3.0114,2.75952,0.102396,0.10294,0.117779,0.109129,31666,22761.4,33409.7,25662.6,37644.7,30937.8,48842.3,40128.9,1.75193,2.62598,0.22921,0,31.8611,999.9,57.618,35.369,32.8776,28.8847,-100,3,0.370716,0,20.2436,5.20441,11.956,4.96925,3.294,124.9,9999,9999,7159.6,4.97371,1.87301,1.87082,1.87233,1.87286,1.87366,1.87326,1.87768,0,0,0,0,11111111,oooooooo,on,on,on,on,0,100,100,-13.94,-0.0303,-9.671187859,-0.010281863,2.60765E-06,-1.39012E-10,-0.0303,0,0,0,6,2428,1,22,36.1,36.3,0.153809,4.99756,2.64526,2.74292,2.8479,2.27539,37.4578,14.3334,2,380.411,1227.55,33.2023,32.3344,30.0001,32.2374,32.1497,-1,40,10,-999.9,400,20,101.465,94.1514
94,1784743660,12763,20260723 02:07:40,02:07:40,15,,1784743652,0.001275059,1.275059026,4.150961637,454.844747,259.8672831,26.27901065,45.99605541,0.03829983,1.382575494,0.037720029,0.02362638,287.4325667,37.78288819,35.55025333,5.82278002,44.75021066,2.545880648,5.689091985,3.276899373,-56.23010305,-31.34099326,-5.311595392,194.549875,3.025830229,1.322674954,4.150961637,472.3455501,466.3782,0.026616084,60.79516241,1.275059026,23.46499269,25.16518667,0.00036109,69.65,43,10,1.003445963,0.344596259,25042.74217,1500.016667,1261.2287,0.840809791,0.191619582,6,0.5,0: Broadleaf,2,TRUE,1784743652,454.9442,459.8985333,25.17564667,23.41585333,468.8776,25.20594667,438.0628667,101.0247333,0.10000366,35.12978,35.55025333,999.9,0,0,4989.417333,0,23.30457333,-4.954114667,466.6937333,470.9256667,1.759774667,459.8985333,23.41585333,2.543361333,2.365580667,21.30669333,20.13,1500.016667,0.973004667,0.026994847,0,2.004686667,0,18622.03333,12844.03333,45.437,47.312,46.375,46.0998,45.50413333,1459.526667,40.49,0,1784743658,0,1784741373,01:29:33,1784741373,1784741360,4,-0.456,-0.401,-14.326,-0.03,509,22,0.55,0.2,-2.426586,-38.89266406,4.842244487,0,1.8161085,-1.206530977,0.130912084,0,0,2,0/2,3.01221,2.75938,0.102179,0.100777,0.117045,0.107541,31670.2,22815,33406.2,25661.4,37674.9,30992.2,48837.6,40127,1.7534,2.62462,0.227813,0,31.8465,999.9,56.733,35.339,32.3189,28.8547,-100,3,0.373514,0,20.2436,5.20501,11.956,4.969,3.294,124.9,9999,9999,7159.6,4.9737,1.87302,1.87087,1.87237,1.87286,1.87365,1.87326,1.87773,0,0,0,0,11111111,oooooooo,on,on,on,on,0,100,100,-13.93,-0.0303,-9.671187859,-0.010281863,2.60765E-06,-1.39012E-10,-0.0303,0,0,0,6,2428,1,22,38.1,38.3,0.153809,4.99756,2.64526,2.74292,2.8479,2.27417,37.4578,14.3334,2,381.308,1225.96,33.211,32.3608,30.0002,32.2574,32.1667,-1,40,10,-999.9,400,20,101.455,94.147
95,1784743780,12883,20260723 02:09:40,02:09:40,15,,1784743772,0.001465475,1.465474918,3.39384626,459.9350546,315.4117369,31.89679042,46.51206764,0.0445326,1.384967179,0.043752135,0.027414067,287.4291467,37.63346068,35.48746667,5.802645502,45.0399031,2.555363029,5.673553567,3.247282473,-64.62744386,-30.39766687,-5.140019213,187.2640167,-7.636186208,1.573344974,3.39384626,456.3872259,460.1721576,-1.561926803,60.79516241,1.465474918,22.99787571,25.10453636,-0.024085407,69.65,42,10,1.003355815,0.33558149,25115.17801,1499.998667,1261.21358,0.840809801,0.191619601,6,0.5,0: Broadleaf,2,TRUE,1784743772,460.0161333,450.5884667,25.26873333,23.17656,473.9898667,25.29903333,438.2982,101.0274667,0.10000162,35.08035333,35.48746667,999.9,0,0,5001.083333,0,22.60518,9.427773333,471.9422667,461.2802,2.092184667,450.5884667,23.17656,2.552836667,2.341468,21.36723333,19.9642,1499.998667,0.973004,0.026995547,0,1.93332,0,18519.78,12843.88,45.4874,47.3204,46.41633333,46.13326667,45.562,1459.508667,40.49,0,1784743778,0,1784741373,01:29:33,1784741373,1784741360,4,-0.456,-0.401,-14.326,-0.03,509,22,0.55,0.2,9.374761429,-3.303744935,2.017997648,0,1.99864,1.393260779,0.14404323,0,0,2,0/2,3.01253,2.75954,0.101023,0.0986815,0.116751,0.10613,31709.7,22868.3,33404.9,25661.7,37687.1,31042,48835.9,40127.4,1.7542,2.62655,0.2345,0,31.6865,999.9,56.147,35.309,31.9318,29.1547,-100,3,0.374619,0,20.2435,5.20052,11.956,4.9694,3.29413,125,9999,9999,7159.6,4.9737,1.87302,1.87085,1.87233,1.87286,1.87367,1.8733,1.87773,0,0,0,0,11111111,oooooooo,on,on,on,on,0,100,100,-13.874,-0.0303,-9.671187859,-0.010281863,2.60765E-06,-1.39012E-10,-0.0303,0,0,0,6,2428,1,22,40.1,40.3,0.153809,4.99756,2.64526,2.7417,2.8479,2.26562,37.4578,14.3072,2,381.799,1228.91,33.1772,32.3754,30.0001,32.2688,32.1752,-1,40,10,-999.9,400,20,101.452,94.1479
96,1784743900,13003,20260723 02:11:40,02:11:40,15,,1784743892,0.001248835,1.248835361,3.703823797,446.6132756,270.3263999,27.33808657,45.1659638,0.038173038,1.384713248,0.037597913,0.023549646,287.42218,37.56162584,35.26157333,5.730705193,44.66180877,2.508453446,5.616551401,3.222251747,-55.07363944,-27.1402236,-4.58093986,200.6273771,4.524999544,1.183652901,3.703823797,463.5677613,458.5935455,-0.040687074,60.79516241,1.248835361,23.19671339,24.84270788,0.003682978,69.65,43,10,1.003434961,0.343496095,25122.67475,1499.962,1261.18278,0.840809821,0.191619641,6,0.5,0: Broadleaf,2,TRUE,1784743892,446.7017333,453.6070667,24.80426667,23.22776667,460.5688,24.83456667,437.7702667,101.0299333,0.099984347,34.89802,35.26157333,999.9,0,0,4999.708,0,30.48947333,-6.905400667,458.0636667,464.394,1.576491333,453.6070667,23.22776667,2.505974667,2.346702,21.06534667,20.00058667,1499.962,0.973003,0.026996573,0,1.989493333,0,18397.01333,12843.56,45.5,47.375,46.437,46.15806667,45.562,1459.472,40.49,0,1784743898,0,1784741373,01:29:33,1784741373,1784741360,4,-0.456,-0.401,-14.326,-0.03,509,22,0.55,0.2,-6.404943,3.025415639,2.069235166,0,1.588331,0.12208782,0.053505252,0,0,2,0/2,3.01173,2.75941,0.10093,0.100126,0.115896,0.106878,31714.3,22831.8,33406.3,25661.7,37727.3,31015.9,48838.1,40127.5,1.75222,2.62535,0.233799,0,31.4755,999.9,55.726,35.278,31.6393,28.7047,-100,3,0.3742,0,20.2434,5.20501,11.956,4.9693,3.29402,125,9999,9999,7159.6,4.97368,1.87302,1.87084,1.87235,1.87286,1.87365,1.87329,1.87771,0,0,0,0,11111111,oooooooo,on,on,on,on,0,100,100,-13.869,-0.0303,-9.671187859,-0.010281863,2.60765E-06,-1.39012E-10,-0.0303,0,0,0,6,2428,1,22,42.1,42.3,0.153809,4.99756,2.64526,2.7417,2.8479,2.2644,37.4098,14.2984,2,380.759,1227.24,33.1051,32.368,30,32.2688,32.178,-1,40,10,-999.9,400,20,101.456,94.1482
97,1784744020,13123,20260723 02:13:40,02:13:40,15,,1784744012,0.001358151,1.358151225,3.804329916,448.3246753,280.5446293,28.36910164,45.3352763,0.041584724,1.383742819,0.040902722,0.025624545,287.4314267,37.62190591,35.42903333,5.783961394,45.37840206,2.564888913,5.652223957,3.219072481,-59.89446902,-31.08745488,-5.258071515,191.1914313,3.260735635,1.327313927,3.804329916,464.7226311,459.8759879,-0.089152891,60.79516241,1.358151225,23.44659307,25.31215091,-0.008492327,69.65,43,10,1.003440018,0.344001819,25085.86779,1500.010667,1261.22366,0.840809794,0.191619588,6,0.5,0: Broadleaf,2,TRUE,1784744012,448.4156667,453.6794,25.36442,23.59955333,462.2964667,25.39472,438.2530667,101.0215333,0.09999488,35.01231333,35.42903333,999.9,0,0,4995.334667,0,26.77143333,-5.26389,460.0854667,464.6454,1.764874,453.6794,23.59955333,2.562349333,2.38406,21.42804667,20.25563333,1500.010667,0.973005,0.0269945,0,2.043053333,0,18333.98,12844,45.54546667,47.437,46.5,46.1498,45.5662,1459.520667,40.49,0,1784744018,0,1784741373,01:29:33,1784741373,1784741360,4,-0.456,-0.401,-14.326,-0.03,509,22,0.55,0.2,-4.4692908,6.065751789,3.601302444,0,1.784016,0.267296842,0.113497812,0,0,2,0/2,3.01234,2.75949,0.100996,0.0992389,0.11751,0.107033,31709.6,22852.8,33403.7,25660.1,37651.7,31008.3,48834.7,40125.1,1.7534,2.62445,0.236258,0,31.5818,999.9,56.672,35.258,32.1413,28.7947,-100,3,0.375869,0,20.2436,5.19977,11.956,4.9694,3.2941,125,9999,9999,7159.6,4.97373,1.87302,1.87083,1.87234,1.87286,1.87364,1.87326,1.87769,0,0,0,0,11111111,oooooooo,on,on,on,on,0,100,100,-13.872,-0.0303,-9.671187859,-0.010281863,2.60765E-06,-1.39012E-10,-0.0303,0,0,0,6,2428,1,22,44.1,44.3,0.153809,4.99756,2.64526,2.74292,2.8479,2.28394,37.4098,14.2809,2,381.447,1226.19,33.1004,32.3815,30.0004,32.2802,32.1904,-1,40,10,-999.9,400,20,101.448,94.1423
98,1784744140,13243,20260723 02:15:40,02:15:40,15,,1784744132,0.001105812,1.10581246,5.116277879,461.1611,199.3803253,20.16164094,46.63330999,0.033892649,1.384308331,0.033438313,0.020939259,287.4345933,37.77024246,35.44807333,5.7900437,45.66874857,2.584405079,5.659023206,3.205638621,-48.76632949,-30.9006467,-5.225376237,202.5422409,8.453373823,1.116549741,5.116277879,491.64385,478.6624485,1.065287746,60.79516241,1.10581246,24.08658181,25.55846788,0.0001302,69.65,43,10,1.003438033,0.343803281,25100.30465,1500.027333,1261.23766,0.840809785,0.19161957,6,0.5,0: Broadleaf,2,TRUE,1784744132,461.2834,473.5010667,25.55742,24.07564667,475.2668667,25.58772,439.0096667,101.0215333,0.099983607,35.03402667,35.44807333,999.9,0,0,4998.125333,0,23.41722,-12.21783267,473.3818,485.1824,1.481766667,473.5010667,24.07564667,2.581847333,2.432158,21.55187333,20.57944,1500.027333,0.973004333,0.0269952,0,1.95402,0,18205.45333,12844.13333,45.5248,47.4412,46.5,46.14153333,45.6166,1459.537333,40.49,0,1784744138,0,1784741373,01:29:33,1784741373,1784741360,4,-0.456,-0.401,-14.326,-0.03,509,22,0.55,0.2,-9.988745,-49.51688481,5.066287607,0,1.5536115,-1.213193233,0.137188722,0,0,2,0/2,3.01287,2.75939,0.104237,0.104911,0.118462,0.110225,31593.6,22705.4,33402,25656.1,37608,30891.8,48832.5,40119.5,1.75417,2.62243,0.2352,0,31.657,999.9,58.106,35.228,32.9003,28.6747,-100,3,0.377119,0,20.2433,5.20456,11.956,4.96925,3.294,125.1,9999,9999,7159.6,4.97367,1.87302,1.87084,1.87237,1.87286,1.87367,1.87331,1.87767,0,0,0,0,11111111,oooooooo,on,on,on,on,0,100,100,-14.031,-0.0303,-9.671187859,-0.010281863,2.60765E-06,-1.39012E-10,-0.0303,0,0,0,6,2428,1,22,46.1,46.3,0.153809,4.99756,2.64526,2.74292,2.8479,2.25464,37.3858,14.2721,2,381.977,1223.66,33.1025,32.4001,30.0001,32.3002,32.2093,-1,40,10,-999.9,400,20,101.444,94.1287
99,1784744260,13363,20260723 02:17:40,02:17:40,15,,1784744252,0.001095571,1.095571383,4.387266019,470.3061791,240.7259427,24.3412085,47.55540941,0.033674994,1.385281524,0.033226744,0.020806492,287.4247133,37.76770869,35.46300667,5.794818024,45.94455428,2.599153283,5.657152025,3.195664742,-48.31469801,-32.48374921,-5.489463391,201.1368027,-0.970895691,1.254344839,4.387266019,481.3278993,477.634703,-0.448215618,60.79516241,1.095571383,24.1045079,25.62283576,-0.009720459,69.65,43,10,1.003434107,0.343410693,25128.90103,1499.975333,1261.19398,0.840809813,0.191619627,6,0.5,0: Broadleaf,2,TRUE,1784744252,470.4109333,469.8954667,25.70470667,24.04188667,484.4669333,25.73500667,439.4256,101.0158667,0.09998408,35.02805333,35.46300667,999.9,0,0,5003.209333,0,22.04818,0.515296333,482.8219333,481.4712,1.662826,469.8954667,24.04188667,2.596582,2.428612,21.64486,20.55575333,1499.975333,0.973003667,0.026995887,0,2.01472,0,18107.13333,12843.68,45.52893333,47.40806667,46.5,46.12913333,45.5704,1459.485333,40.49,0,1784744258,0,1784741373,01:29:33,1784741373,1784741360,4,-0.456,-0.401,-14.326,-0.03,509,22,0.55,0.2,1.97246175,-51.7515854,5.710491128,0,1.639123,-0.250259549,0.114068493,0,0,2,0/2,3.01345,2.75938,0.103993,0.104432,0.118664,0.110403,31602.1,22717.9,33402,25656.5,37598.7,30885.8,48832.2,40120,1.75528,2.62493,0.236154,0,31.6247,999.9,58.351,35.218,33.0221,28.8547,-100,3,0.376999,0,20.2435,5.20396,11.956,4.96915,3.29402,125.1,9999,9999,7159.6,4.97367,1.873,1.87083,1.87233,1.87286,1.87365,1.87322,1.87772,0,0,0,0,11111111,oooooooo,on,on,on,on,0,100,100,-14.019,-0.0303,-9.671187859,-0.010281863,2.60765E-06,-1.39012E-10,-0.0303,0,0,0,6,2428,1,22,48.1,48.3,0.153809,4.99756,2.64526,2.7417,2.8479,2.24121,37.3618,14.2371,2,382.592,1227.43,33.0953,32.4053,30,32.3059,32.2177,-1,40,10,-999.9,400,20,101.443,94.13
100,1784744380,13483,20260723 02:19:40,02:19:40,15,,1784744372,0.001049592,1.049591701,3.971345572,484.6276159,267.3988267,27.03953133,49.00583808,0.03251688,1.384205764,0.032098404,0.020098652,287.4250977,37.71793524,35.37754,5.767539711,46.11118336,2.597747239,5.633659884,3.169792472,-46.28699401,-31.68789287,-5.354945017,204.0952658,11.19998904,1.020099909,3.971345572,513.2009386,504.3601515,0.600937789,60.79516241,1.049591701,24.31811513,25.71012061,0.000789638,69.65,43,10,1.003437523,0.34375233,25104.01223,1499.977333,1261.195662,0.840809814,0.191619627,6,0.5,0: Broadleaf,2,TRUE,1784744372,484.7225333,500.6454667,25.68959333,24.33664667,498.8914,25.71989333,439.2188,101.0206,0.100005727,34.95291333,35.37754,999.9,0,0,4997.665333,0,23.20095333,-15.92275867,497.5034,513.1332667,1.352936,500.6454667,24.33664667,2.595173333,2.458499333,21.63603333,20.75432667,1499.977333,0.973003,0.026996573,0,2.0933,0,18000.2,12843.70667,45.5,47.3288,46.437,46.05793333,45.562,1459.484667,40.49,0,1784744378,0,1784741373,01:29:33,1784741373,1784741360,4,-0.456,-0.401,-14.326,-0.03,509,22,0.55,0.2,-16.687044,44.55580872,5.873150968,0,1.338314,0.482063459,0.054405782,0,0,2,0/2,3.01339,2.75942,0.108051,0.107932,0.118983,0.110449,31459.2,22628.7,33402.2,25656,37585.2,30884.4,48832.3,40119.5,1.7551,2.6232,0.236064,0,31.5708,999.9,58.473,35.198,33.0561,28.3447,-100,3,0.376946,0,20.2434,5.20456,11.956,4.9693,3.29402,125.1,9999,9999,7159.6,4.97366,1.873,1.87078,1.87235,1.87284,1.87365,1.87322,1.87764,0,0,0,0,11111111,oooooooo,on,on,on,on,0,100,100,-14.219,-0.0303,-9.671187859,-0.010281863,2.60765E-06,-1.39012E-10,-0.0303,0,0,0,6,2428,1,22,50.1,50.3,0.153809,4.99756,2.64526,2.7417,2.8479,2.26318,37.3378,14.2108,2,382.518,1224.95,33.0624,32.4024,30,32.3088,32.2177,-1,40,10,-999.9,400,20,101.444,94.1286
101,1784744500,13603,20260723 02:21:40,02:21:40,15,,1784744492,0.001065367,1.065366639,4.327589129,465.7825284,233.8442351,23.64818633,47.10362868,0.032789512,1.383452,0.032363811,0.020265169,287.4354811,37.75932916,35.44705333,5.789717721,46.00719646,2.598810807,5.648705001,3.190906914,-46.98266878,-33.26376579,-5.627537063,201.5615094,4.030257729,1.074586072,4.327589129,486.4828572,478.6911818,0.317025817,60.79516241,1.065366639,24.29356056,25.70904667,0.00046349,69.65,43,10,1.003441074,0.34410735,25078.20081,1500.032,1261.241581,0.840809783,0.191619566,6,0.5,0: Broadleaf,2,TRUE,1784744492,465.8860667,472.0586,25.69824667,24.27260667,479.9064,25.72854667,439.0811333,101.0279333,0.100009013,35.00106667,35.44705333,999.9,0,0,4993.583333,0,24.93403333,-6.172413533,478.1744667,483.8018,1.425635333,472.0586,24.27260667,2.59624,2.452213333,21.64273333,20.71276,1500.032,0.973004,0.026995547,0,2.01188,0,17897.48,12844.18667,45.4538,47.312,46.42873333,46.0082,45.50826667,1459.541333,40.49,0,1784744498,0,1784741373,01:29:33,1784741373,1784741360,4,-0.456,-0.401,-14.326,-0.03,509,22,0.55,0.2,-4.568893571,-27.08727444,4.038484291,0,1.400998095,0.270448052,0.043189936,0,0,2,0/2,3.01355,2.75951,0.104151,0.105024,0.118993,0.110631,31596.1,22701.6,33401.5,25655,37583.5,30876.3,48831.8,40118.1,1.75525,2.62185,0.237457,0,31.6161,999.9,58.424,35.157,32.95,28.8247,-100,3,0.37764,0,20.2437,5.20202,11.956,4.96905,3.29408,125.2,9999,9999,7159.6,4.97369,1.87302,1.87083,1.87232,1.87285,1.87365,1.87325,1.8777,0,0,0,0,11111111,oooooooo,on,on,on,on,0,100,100,-14.027,-0.0303,-9.671187859,-0.010281863,2.60765E-06,-1.39012E-10,-0.0303,0,0,0,6,2428,1,22,52.1,52.3,0.153809,4.99756,2.64526,2.74292,2.8479,2.26807,37.3138,14.2283,2,382.624,1223.13,33.0565,32.4053,30.0001,32.3132,32.2234,-1,40,10,-999.9,400,20,101.442,94.1251
102,1784744620,13723,20260723 02:23:40,02:23:40,15,,1784744612,0.001516008,1.516008222,3.04877415,462.9459777,334.372551,33.81668959,46.81993297,0.046180652,1.385310215,0.045342142,0.028412907,287.4237,37.6703014,35.63406667,5.849751984,45.83786734,2.609746219,5.693428535,3.240005765,-66.85596257,-36.63391193,-6.199313173,177.7345123,-8.287319821,1.538832577,3.04877415,452.8118923,460.9858303,-2.281555084,60.79516241,1.516008222,23.34052774,25.5873903,-0.036983379,69.65,42,10,1.003355226,0.335522584,25119.5726,1499.97,1261.1895,0.840809816,0.191619632,6,0.5,0: Broadleaf,2,TRUE,1784744612,463.0188,452.7194667,25.80464,23.76584667,477.016,25.83494,439.6652667,101.0347333,0.10003232,35.14355333,35.63406667,999.9,0,0,5002.416667,0,25.03264667,10.29942,475.2841333,463.7445333,2.038788667,452.7194667,23.76584667,2.607162,2.401174,21.71128667,20.36978,1499.97,0.973003667,0.02699588,0,2.005046667,0,17790.95333,12843.62667,45.437,47.2624,46.37913333,45.9622,45.5,1459.48,40.49,0,1784744618,0,1784741373,01:29:33,1784741373,1784741360,4,-0.456,-0.401,-14.326,-0.03,509,22,0.55,0.2,6.79646425,59.86314564,7.544018939,0,1.866416,3.949887519,0.398985865,0,0,2,0/2,3.01372,2.75942,0.101107,0.0997549,0.118435,0.107778,31703.1,22836.7,33401.1,25656.8,37607.8,30978.3,48831.3,40120.5,1.75615,2.6232,0.232406,0,31.8675,999.9,57.374,35.147,32.3358,28.7947,-100,3,0.377658,0,20.2438,5.20471,11.956,4.9692,3.29402,125.2,9999,9999,7159.6,4.97368,1.87302,1.87081,1.87236,1.87286,1.87366,1.87325,1.87773,0,0,0,0,11111111,oooooooo,on,on,on,on,0,100,100,-13.877,-0.0303,-9.671187859,-0.010281863,2.60765E-06,-1.39012E-10,-0.0303,0,0,0,6,2428,1,22,54.1,54.3,0.153809,4.99756,2.64526,2.7417,2.8479,2.27661,37.3138,14.2108,2,383.107,1225.16,33.1008,32.4082,30.0002,32.3145,32.2274,-1,40,10,-999.9,400,20,101.441,94.131
103,1784744740,13843,20260723 02:25:40,02:25:40,15,,1784744732,0.000929162,0.929161682,4.363724619,451.8426372,185.1486136,18.724528,45.69594094,0.028225897,1.384940474,0.027910167,0.017471927,287.4304133,37.83513576,35.46483333,5.795402261,45.43400201,2.567797405,5.651708614,3.227604856,-40.97603016,-33.91031366,-5.731517472,206.812552,12.25322398,0.794910926,4.363724619,486.221228,472.8669879,1.330412701,60.79516241,0.929161682,24.49871647,25.57019333,0.026219571,69.65,43,10,1.003435341,0.343534121,25119.90343,1500.005333,1261.21918,0.840809797,0.191619594,6,0.5,0: Broadleaf,2,TRUE,1784744732,451.9468667,469.0966,25.39044667,24.33721333,465.8558667,25.42074667,439.7922,101.0324,0.100023513,35.01066667,35.46483333,999.9,0,0,5000.707333,0,23.65878667,-17.14968,463.7216,480.7987333,1.053235133,469.0966,24.33721333,2.565259333,2.458847333,21.44645333,20.75633333,1500.005333,0.973004667,0.026994847,0,2.060046667,0,17657.58,12843.94,45.562,47.375,46.4832,46.1166,45.5872,1459.515333,40.49,0,1784744738,0,1784741373,01:29:33,1784741373,1784741360,4,-0.456,-0.401,-14.326,-0.03,509,22,0.55,0.2,-16.04935,-12.90904962,2.913665426,0,1.12487435,-1.261147624,0.139950342,0,0,2,0/2,3.01395,2.75935,0.103286,0.1039,0.11856,0.111029,31622.5,22726.6,33397.4,25651.3,37599.9,30857.7,48826.5,40112.6,1.75563,2.62035,0.22804,0,31.804,999.9,58.058,35.127,32.685,28.8247,-100,3,0.381916,0,20.2434,5.20456,11.956,4.96895,3.294,125.2,9999,9999,7159.6,4.97363,1.87302,1.87082,1.8723,1.87286,1.87368,1.87326,1.87769,0,0,0,0,11111111,oooooooo,on,on,on,on,0,100,100,-13.984,-0.0303,-9.671187859,-0.010281863,2.60765E-06,-1.39012E-10,-0.0303,0,0,0,6,2428,1,22,56.1,56.3,0.153809,4.99756,2.64526,2.7417,2.8479,2.25952,37.3618,14.1758,2,383.056,1221.79,33.0998,32.4496,30.0002,32.3517,32.2631,-1,40,10,-999.9,400,20,101.431,94.112
104,1784744860,13963,20260723 02:27:40,02:27:40,15,,1784744852,0.000958343,0.95834278,3.833310267,462.4978423,229.708102,23.22973084,46.77109904,0.028910742,1.38475338,0.028579557,0.017891663,287.437,37.9723798,35.6596,5.857990407,45.77419465,2.608905762,5.699512097,3.249084645,-42.26291662,-37.08403737,-6.279377839,201.8106682,-1.387736718,0.984005268,3.833310267,474.1222607,470.4244909,-0.303618454,60.79516241,0.95834278,24.63646179,25.8531097,0.008652974,69.65,43,10,1.003437753,0.343775314,25102.33958,1500.04,1261.2483,0.840809778,0.191619557,6,0.5,0: Broadleaf,2,TRUE,1784744852,462.5894667,461.3268,25.79826667,24.49823333,476.5834667,25.82856667,440.8726,101.0272,0.099972427,35.16286,35.6596,999.9,0,0,5000.041333,0,22.67517333,1.262679333,474.8394,472.9123333,1.300033333,461.3268,24.49823333,2.606327333,2.47499,21.70616667,20.86281333,1500.04,0.973005,0.0269945,0,2.090233333,0,17558.52,12844.24,45.562,47.437,46.50413333,46.14153333,45.625,1459.55,40.49,0,1784744858,0,1784741373,01:29:33,1784741373,1784741360,4,-0.456,-0.401,-14.326,-0.03,509,22,0.55,0.2,0.750903765,-15.42680004,4.232435095,0,1.2899285,-0.209327368,0.083240695,0,0,2,0/2,3.01469,2.75945,0.102661,0.10194,0.119524,0.11169,31640.8,22773.5,33393.7,25648.3,37553.4,30830.6,48821.5,40108.5,1.75672,2.62153,0.227198,0,31.9999,999.9,58.656,35.127,33.027,28.8247,-100,3,0.386166,0,20.2439,5.20471,11.956,4.9695,3.29402,125.3,9999,9999,7159.6,4.97365,1.87301,1.8708,1.87234,1.87286,1.8737,1.87326,1.87773,0,0,0,0,11111111,oooooooo,on,on,on,on,0,100,100,-13.954,-0.0303,-9.671187859,-0.010281863,2.60765E-06,-1.39012E-10,-0.0303,0,0,0,6,2428,1,22,58.1,58.3,0.153809,4.99756,2.64526,2.74292,2.8479,2.24976,37.3858,14.1758,2,383.919,1224.39,33.1547,32.5029,30.0003,32.3976,32.307,-1,40,10,-999.9,400,20,101.42,94.1018
105,1784744980,14083.1,20260723 02:29:40,02:29:40,15,,1784744972,0.00115017,1.150170186,4.005676119,432.2124969,224.5104236,22.70471489,43.70960314,0.034161803,1.3865524,0.033701012,0.021104015,287.428925,37.92722773,35.71143125,5.874744953,44.90850391,2.567376984,5.716906065,3.307367969,-50.72250518,-36.88768372,-6.241270214,193.5774659,6.802805718,1.114548892,4.005676119,453.1280139,446.1499939,0.25680603,60.79516241,1.150170186,23.99892548,25.46050485,0.010175535,69.65,42,10,1.00335125,0.33512496,25149.27713,1499.9975,1261.2126,0.840809801,0.191619603,6,0.5,0: Broadleaf,2,TRUE,1784744972,432.3080625,442.1875,25.386925,23.9142,446.059,25.417225,441.0319375,101.029875,0.100017019,35.2179625,35.71143125,999.9,0,0,5008.789375,0,21.72371875,-9.879514375,443.5688125,453.0214375,1.472733125,442.1875,23.9142,2.564840625,2.41605125,21.44390625,20.4716625,1499.9975,0.973004688,0.026994819,0,2.00675,0,17432.93125,12843.88125,45.617125,47.5,46.562,46.167625,45.687,1459.5075,40.49,0,1784744978,0,1784741373,01:29:33,1784741373,1784741360,4,-0.456,-0.401,-14.326,-0.03,509,22,0.55,0.2,-8.543024762,-20.62233351,3.296561195,0,1.556711905,-1.169897922,0.142293554,0,0,2,0/2,3.01537,2.75945,0.0990701,0.100223,0.118097,0.110089,31762.4,22815.1,33388.8,25646.5,37613.7,30884.6,48815.1,40105.7,1.75788,2.62,0.229519,0,32.0199,999.9,57.459,35.127,32.3518,29.081,-100,3,0.391433,0,20.2438,5.20471,11.956,4.9693,3.294,125.3,9999,9999,7159.6,4.97371,1.87299,1.87083,1.87233,1.87286,1.87368,1.87326,1.8777,0,0,0,0,11111111,oooooooo,on,on,on,on,0,100,100,-13.781,-0.0303,-9.671187859,-0.010281863,2.60765E-06,-1.39012E-10,-0.0303,0,0,0,6,2428,1,22,60.1,60.3,0.153809,4.99756,2.64526,2.74292,2.8479,2.23389,37.4338,14.1495,2,384.861,1223.27,33.2002,32.5636,30.0004,32.4521,32.3598,-1,40,10,-999.9,400,20,101.406,94.0953
106,1784745100,14203.1,20260723 02:31:40,02:31:40,15,,1784745092,0.001451618,1.451617936,3.772035384,433.5891929,270.9849419,27.40476243,43.84896348,0.042766313,1.385568495,0.042046299,0.026342618,287.4268667,37.9400741,35.90003333,5.936062797,44.92701508,2.591825543,5.768968936,3.344237254,-64.01635098,-38.69446019,-6.562862192,178.1531933,-7.528314076,1.852228987,3.772035384,432.7153769,433.7554727,-1.159755233,60.79516241,1.451617936,23.21428876,25.35568667,-0.035831548,69.65,42,9,1.003356815,0.335681546,25107.71696,1499.986667,1261.2035,0.840809807,0.191619614,6,0.5,0: Broadleaf,2,TRUE,1784745092,433.6793333,424.5910667,25.6286,23.18887333,447.4412667,25.6589,442.3189333,101.0302,0.100003887,35.38202667,35.90003333,999.9,0,0,5003.916,0,21.46937333,9.0881582,445.088,434.6714,2.439728,424.5910667,23.18887333,2.589262,2.342776,21.59834667,19.97329333,1499.986667,0.973005867,0.02699382,0,2.00198,0,17329.00667,12843.78,45.67873333,47.55786667,46.625,46.2416,45.75,1459.496667,40.49,0,1784745098,0,1784741373,01:29:33,1784741373,1784741360,4,-0.456,-0.401,-14.326,-0.03,509,22,0.55,0.2,11.56813865,-73.20696203,7.608191005,0,2.4243405,-0.857396842,0.207106926,0,0,2,0/2,3.01651,2.75952,0.0967925,0.0966296,0.11764,0.107987,31838.1,22905.1,33384.3,25645.7,37630.6,30956.7,48809.1,40104,1.76007,2.61875,0.225671,0,32.2647,999.9,56.745,35.127,31.9498,28.9611,-100,3,0.3961,0,20.2436,5.20471,11.956,4.9691,3.294,125.3,9999,9999,7159.6,4.97371,1.87301,1.87081,1.87231,1.87286,1.87369,1.87322,1.87771,0,0,0,0,11111111,oooooooo,on,on,on,on,0,100,100,-13.671,-0.0303,-9.671187859,-0.010281863,2.60765E-06,-1.39012E-10,-0.0303,0,0,0,6,2428,1,22,62.1,62.3,0.153809,4.99756,2.64526,2.74292,2.8479,2.25342,37.4819,14.132,2,386.353,1222.58,33.2893,32.6243,30.0003,32.5046,32.4126,-1,40,10,-999.9,400,20,101.393,94.0916
107,1784745220,14323.1,20260723 02:33:40,02:33:40,15,,1784745212,0.000925787,0.925786763,4.614480468,494.7553207,203.415499,20.57205094,50.03616592,0.027372082,1.383023543,0.027074649,0.016948109,287.4283867,38.26230059,35.98307333,5.963236354,45.84411682,2.652404391,5.785702887,3.310831963,-40.82719627,-40.90348055,-6.954872718,198.7428371,8.969446212,0.88851378,4.614480468,525.6052338,514.0109273,0.955310628,60.79516241,0.925786763,25.12530978,26.29068545,0.009311634,69.65,42,10,1.003367207,0.336720655,25030.4946,1499.994667,1261.21022,0.840809803,0.191619606,6,0.5,0: Broadleaf,2,TRUE,1784745212,494.8659333,507.5919333,26.22685333,25.05693333,509.1141333,26.25715333,442.199,101.0332,0.099953753,35.43448667,35.98307333,999.9,0,0,4991.209333,0,23.12348,-12.725946,508.1944,520.6376,1.169914,507.5919333,25.05693333,2.649784,2.531582667,21.97696,21.23092667,1499.994667,0.973006667,0.02699314,0,1.983153333,0,17178.69333,12843.86,45.6996,47.625,46.6746,46.3708,45.812,1459.504667,40.49,0,1784745218,0,1784741373,01:29:33,1784741373,1784741360,4,-0.456,-0.401,-14.326,-0.03,509,22,0.55,0.2,-10.5831227,-25.79083588,5.188981545,0,1.1544595,0.117393835,0.045247696,0,0,2,0/2,3.0159,2.75946,0.109461,0.109055,0.121021,0.113151,31389.4,22584.4,33382.1,25639.2,37479.9,30769.4,48806.4,40095.4,1.75758,2.6175,0.222623,0,32.3885,999.9,59.419,35.147,33.4869,28.7211,-100,3,0.399647,0,20.2439,5.20441,11.956,4.9685,3.29405,125.4,9999,9999,7159.6,4.97363,1.873,1.87085,1.87227,1.87286,1.87365,1.87325,1.87773,0,0,0,0,11111111,oooooooo,on,on,on,on,0,100,100,-14.291,-0.0303,-9.671187859,-0.010281863,2.60765E-06,-1.39012E-10,-0.0303,0,0,0,6,2428,1,22,64.1,64.3,0.153809,4.99756,2.64526,2.74292,2.8479,2.27295,37.53,14.132,2,385.372,1221.82,33.3636,32.6765,30.0001,32.5616,32.4635,-1,40,10,-999.9,400,20,101.387,94.07
108,1784745340,14443.1,20260723 02:35:40,02:35:40,15,,1784745332,0.001367441,1.367440833,3.342801769,456.9677722,301.5800699,30.49933166,46.21396782,0.040310443,1.384943237,0.039669797,0.024850335,287.4314267,38.06384024,35.97727333,5.96133489,45.26959298,2.623221039,5.794664511,3.338113851,-60.30414073,-38.43359063,-6.526560537,182.1671348,3.121658679,1.173088727,3.342801769,467.6063006,467.0208788,-0.750505801,60.79516241,1.367440833,24.11167904,25.9328497,-0.00261675,69.65,42,9,1.003360106,0.336010643,25083.20815,1500.010667,1261.22366,0.840809794,0.191619588,6,0.5,0: Broadleaf,2,TRUE,1784745332,457.0477333,461.9902667,25.93864,24.39554667,470.9978,25.96894,442.7724,101.0318,0.099987893,35.46252667,35.97727333,999.9,0,0,5000.750667,0,24.35071333,-4.94245298,469.2186667,473.5436,1.543103333,461.9902667,24.39554667,2.620627333,2.464724667,21.79572,20.79476667,1500.010667,0.973007867,0.02699212,0,2.031146667,0,17102.66667,12844.00667,45.7206,47.562,46.6622,46.312,45.812,1459.520667,40.49,0,1784745338,0,1784741373,01:29:33,1784741373,1784741360,4,-0.456,-0.401,-14.326,-0.03,509,22,0.55,0.2,-5.348798735,36.52508465,5.317301831,0,1.572045,0.799313684,0.22723938,0,0,2,0/2,3.0168,2.75954,0.102111,0.100668,0.119628,0.109615,31647.7,22799.4,33381.4,25642.2,37540.7,30896,48805.3,40099.4,1.75975,2.6173,0.223171,0,32.3662,999.9,57.923,35.157,32.6659,28.7511,-100,3,0.400193,0,20.2441,5.20456,11.956,4.9692,3.29413,125.4,9999,9999,7159.6,4.97367,1.873,1.87081,1.87232,1.87286,1.87366,1.87325,1.8777,0,0,0,0,11111111,oooooooo,on,on,on,on,0,100,100,-13.93,-0.0303,-9.671187859,-0.010281863,2.60765E-06,-1.39012E-10,-0.0303,0,0,0,6,2428,1,22,66.1,66.3,0.153809,4.99756,2.64526,2.7417,2.8479,2.2644,37.554,14.1233,2,386.655,1222.01,33.4161,32.6909,30.0001,32.5819,32.4872,-1,40,10,-999.9,400,20,101.385,94.08
109,1784745460,14563.1,20260723 02:37:40,02:37:40,15,,1784745452,0.000958252,0.958251888,2.047165065,482.717996,344.106998,34.80130801,48.81975013,0.028479011,1.385516832,0.02815776,0.017627161,287.4296533,38.27001774,35.97743333,5.961387337,46.01362422,2.666411676,5.794830817,3.29497566,-42.25890825,-38.42261794,-6.522017577,200.2261096,17.06800498,0.795038378,2.047165065,519.5280617,510.4769939,1.149902724,60.8393687,0.958251888,25.27760356,26.46415273,0.012172543,69.65,42,9,1.003357924,0.335792445,25099.45262,1500.001333,1261.21582,0.840809799,0.191619599,6,0.5,0: Broadleaf,2,TRUE,1784745452,482.7669333,506.2946,26.36484,25.32144,496.9202667,26.39514,443.5978,101.0351333,0.100002567,35.46304667,35.97743333,999.9,0,0,5003.416667,0,23.77248,-23.52761267,495.8405333,519.4483333,1.043390067,506.2946,25.32144,2.663774667,2.558356,22.06327333,21.40254667,1500.001333,0.973007467,0.02699246,0,1.972866667,0,16959.97333,12843.91333,45.75,47.625,46.708,46.333,45.8288,1459.511333,40.49,0,1784745458,0,1784741373,01:29:33,1784741373,1784741360,4,-0.456,-0.401,-14.326,-0.03,509,22,0.55,0.2,-20.9832795,30.5031,15.52676339,0,1.03649935,0.717096947,0.112473523,0,0,2,0/2,3.0175,2.75939,0.108681,0.106605,0.12158,0.112946,31412.6,22644.1,33377.8,25636.7,37451.2,30773.1,48800.5,40091.5,1.76028,2.61725,0.228185,0,32.2999,999.9,59.608,35.157,33.6177,28.7811,-100,3,0.403529,0,20.2441,5.20531,11.956,4.9697,3.294,125.4,9999,9999,7159.6,4.97365,1.87301,1.87084,1.8723,1.87286,1.87367,1.87324,1.87772,0,0,0,0,11111111,oooooooo,on,on,on,on,0,100,100,-14.253,-0.0303,-9.671187859,-0.010281863,2.60765E-06,-1.39012E-10,-0.0303,0,0,0,6,2428,1,22,68.1,68.3,0.153809,4.99756,2.64526,2.74292,2.8479,2.28271,37.5781,14.1145,2,387.166,1222.74,33.4441,32.7265,30.0003,32.6195,32.5259,-1,40,10,-999.9,400,20,101.374,94.0609
110,1784745580,14683.1,20260723 02:39:40,02:39:40,15,,1784745572,0.001236273,1.236273353,4.268485464,458.4347256,248.7703534,25.15918303,46.36341512,0.036358244,1.383733557,0.035835737,0.022443655,287.44276,38.21967065,36.05927333,5.988266632,45.48120237,2.648279129,5.82279929,3.339987503,-54.51965486,-37.96833637,-6.458515358,188.4962534,-0.676033348,1.462288899,4.268485464,469.3226747,465.5148424,-0.390876525,60.8393687,1.236273353,24.29315339,26.03734242,-0.01861284,69.65,42,9,1.003365739,0.33657388,25041.37343,1500.064,1261.26906,0.840810165,0.191620331,6,0.5,0: Broadleaf,2,TRUE,1784745572,458.537,458.5326,26.1858,24.26578667,472.4988,26.2161,443.4633333,101.0341333,0.100035907,35.55031333,36.05927333,999.9,0,0,4994.666,0,22.2371,0.004483467,470.8677333,469.9362667,1.919994667,458.5326,24.26578667,2.645654667,2.451671333,21.9513,20.7091,1500.064,0.9729968,0.027003027,0,1.8802,0,16864.91333,12844.43333,45.812,47.687,46.75,46.38326667,45.875,1459.554,40.51,0,1784745578,0,1784741373,01:29:33,1784741373,1784741360,4,-0.456,-0.401,-14.326,-0.03,509,22,0.55,0.2,0.174922,-39.5704652,6.762529092,0,1.856575,0.245642707,0.175746155,0,0,2,0/2,3.01746,2.7594,0.102027,0.10433,0.120029,0.111122,31643.5,22701.3,33374.3,25636.5,37517.2,30836.8,48795.9,40091.3,1.76045,2.61468,0.230223,0,32.3253,999.9,58.314,35.168,32.9053,28.6611,-100,3,0.407469,0,20.2441,5.19947,11.956,4.96885,3.2941,125.5,9999,9999,7159.6,4.97367,1.87302,1.87084,1.87232,1.87286,1.87369,1.87328,1.87772,0,0,0,0,11111111,oooooooo,on,on,on,on,0,100,100,-13.926,-0.0303,-9.671187859,-0.010281863,2.60765E-06,-1.39012E-10,-0.0303,0,0,0,6,2428,1,22,70.1,70.3,0.153809,4.99756,2.64526,2.74292,2.8479,2.2937,37.6022,14.0883,2,387.509,1219.9,33.4941,32.7737,30.0001,32.6601,32.5675,-1,40,10,-999.9,400,20,101.364,94.0602
111,1784745700,14803.1,20260723 02:41:40,02:41:40,15,,1784745692,0.001336221,1.336221455,3.583832132,447.794679,279.3746915,28.25358676,45.28615582,0.03918202,1.384341169,0.03857619,0.02416377,287.4249935,38.0882993,35.91460667,5.940823898,44.59848474,2.585448169,5.797165944,3.355375729,-58.92736618,-33.15627937,-5.631346153,189.7100018,5.638735633,1.285610682,3.583832132,466.6653318,461.3384061,0.06704331,60.8393687,1.336221455,23.73837852,25.54051455,-0.006685063,69.65,42,9,1.003362508,0.3362508,25065.35317,1499.976,1261.194617,0.840809864,0.191619728,6,0.5,0: Broadleaf,2,TRUE,1784745692,447.8804667,456.2588,25.56520667,23.87695333,461.7570667,25.59550667,443.6900667,101.0315333,0.099985087,35.47034667,35.91460667,999.9,0,0,4997.792667,0,20.34409333,-8.378223333,459.6312,467.4196667,1.68826,456.2588,23.87695333,2.582893333,2.412324667,21.55848,20.44657333,1499.976,0.973006733,0.026993233,0,2.04658,0,16756.65333,12843.71333,45.93286667,47.75413333,46.8162,46.51646667,45.9412,1459.487333,40.49266667,0,1784745698,0,1784741373,01:29:33,1784741373,1784741360,4,-0.456,-0.401,-14.326,-0.03,509,22,0.55,0.2,-10.1333475,44.41486692,4.611017146,0,1.6694565,0.944476241,0.116362595,0,0,2,0/2,3.01765,2.75949,0.101194,0.100679,0.11824,0.108516,31668.1,22792.5,33369.6,25635.4,37594.2,30926.6,48789.9,40089.5,1.7602,2.61475,0.225052,0,32.2658,999.9,56.538,35.188,31.9398,28.7811,-100,3,0.412073,0,20.2439,5.20456,11.956,4.96945,3.294,125.5,9999,9999,7159.6,4.97369,1.873,1.87085,1.87228,1.87286,1.87365,1.87328,1.87771,0,0,0,0,11111111,oooooooo,on,on,on,on,0,100,100,-13.886,-0.0303,-9.671187859,-0.010281863,2.60765E-06,-1.39012E-10,-0.0303,0,0,0,6,2428,1,22,72.1,72.3,0.153809,4.99756,2.64526,2.74292,2.8479,2.24854,37.6504,14.0707,2,387.678,1220.98,33.5288,32.8262,30.0003,32.7094,32.6154,-1,40,10,-999.9,400,20,101.351,94.056
112,1784745820,14923.1,20260723 02:43:40,02:43:40,15,,1784745812,0.000722936,0.722936195,7.286772223,449.7605495,-114.1359857,-11.54318564,45.48670153,0.021172539,1.384463566,0.02099429,0.013137321,287.4303067,38.36391793,35.88650667,5.931646608,44.86316948,2.595882781,5.786222443,3.335763827,-31.88148618,-33.61699798,-5.707362022,216.2244605,21.34901684,0.703243296,7.286772223,515.3257511,482.8299576,4.150255759,60.8393687,0.722936195,25.21859976,25.91546424,0.041250102,69.65,42,9,1.003361682,0.336168208,25071.4908,1500.002667,1261.21714,0.840809932,0.191619864,6,0.5,0: Broadleaf,2,TRUE,1784745812,449.9349333,479.1188667,25.66740667,24.74456,463.8277333,25.69770667,443.9546,101.0353333,0.100041,35.43611333,35.88650667,999.9,0,0,4998.208667,0,18.65501333,-29.18410667,461.7890667,491.286,0.922846067,479.1188667,24.74456,2.593316,2.500074667,21.62412667,21.02473333,1500.002667,0.973003067,0.0269969,0,2.06606,0,16634.18667,12843.93333,46,47.875,46.937,46.64153333,46.062,1459.506,40.49666667,0,1784745818,0,1784741373,01:29:33,1784741373,1784741360,4,-0.456,-0.401,-14.326,-0.03,509,22,0.55,0.2,-21.9323518,-180.2969121,18.09062151,0,1.11580005,-4.509039564,0.438566509,0,0,2,0/2,3.01817,2.75946,0.105222,0.109485,0.11975,0.113826,31520.7,22562.5,33364,25627.7,37522.9,30731.9,48782.3,40078.3,1.7598,2.61105,0.232212,0,32.1681,999.9,58.375,35.198,32.9925,28.7511,-100,3,0.417957,0,20.2439,5.20037,11.956,4.96915,3.29402,125.5,9999,9999,7159.6,4.97369,1.87302,1.87087,1.8723,1.87286,1.87365,1.87326,1.87771,0,0,0,0,11111111,oooooooo,on,on,on,on,0,100,100,-14.084,-0.0303,-9.671187859,-0.010281863,2.60765E-06,-1.39012E-10,-0.0303,0,0,0,6,2428,1,22,74.1,74.3,0.153809,4.99756,2.64526,2.74414,2.8479,2.28516,37.6987,14.0795,2,387.847,1216.91,33.5145,32.8912,30.0002,32.7719,32.676,-1,40,10,-999.9,400,20,101.335,94.0292
113,1784747390,16493,20260723 03:09:50,03:09:50,15,,1784747382,-0.000375349,-0.375349459,0.727746222,1238.698087,1279.135708,129.3842046,125.293951,-0.010063139,1.386195094,-0.010103902,-0.006311263,287.4278467,36.52017068,33.11028,5.083496519,28.59796286,1.447194067,5.060479567,3.636302452,16.55291115,-6.038888248,-0.9984024,296.9434672,0.82118612,-0.376893381,0.727746222,1257.675871,1256.629091,-0.003599459,60.85923132,-0.375349459,14.81579641,14.28614121,-0.000769056,69.65,37,9,1.002931385,0.293138465,25318.04297,1499.988667,1261.20548,0.840810006,0.191620012,6,0.5,0: Broadleaf,2,TRUE,1784747382,1238.715333,1239.224,14.30744667,14.84282,1257.468,15.79322,415.1115333,101.0497333,0.09997568,33.02947333,33.11028,999.9,0,0,5006.041333,0,0.546199267,-0.507657733,1256.694667,1257.894,-0.535354067,1239.224,14.84282,1.445766667,1.499862,12.40632667,12.96676,1499.988667,0.973000333,0.026999893,0,2.056153333,0,186.2039333,12843.80667,43.562,45.312,44.5,44.2996,43.75,1459.488667,40.5,0,1784747388,0,1784741373,01:29:33,1784741373,1784741360,4,-0.456,-0.401,-14.326,-0.03,509,22,0.55,0.2,-0.518426714,-0.778800935,0.294282413,0,-0.530845048,-0.006495039,0.017398729,1,1,2,1/2,2.98975,2.75942,0.199619,0.199496,0.0813149,0.0779084,28369.3,20408.8,33559.7,25777.5,39477.2,32215.4,49042.9,40294.6,1.7405,2.67598,0.163678,0,30.4411,999.9,34.056,34.463,18.4764,29.0911,-100,3,0.202919,0,20.2448,5.20471,11.9557,4.9694,3.294,126,9999,9999,7159.6,4.97362,1.87296,1.87073,1.87226,1.87286,1.87369,1.87319,1.87769,0,0,0,0,11111111,oooooooo,on,on,on,on,0,100,100,-18.75,-1.4896,-9.671187859,-0.010281863,2.60765E-06,-1.39012E-10,-1.713366491,-0.176615401,0.01337041,-8.0725E-05,6,2428,1,22,100.3,100.5,0.152588,4.99756,2.64526,2.73804,2.8479,2.24609,36.1989,13.9219,2,362.625,1258.53,31.7568,30.2874,29.9998,30.2527,30.1908,-1,40,10,-999.9,400,20,101.898,94.553