obs,time,elapsed,date,hhmmss,averaging,TIME,E,Emm,A,Ca,Ci,Pci,Pca,gsw,gbw,gtw,gtc,Rabs,TleafEB,TleafCnd,SVPleaf,RHcham,VPcham,SVPcham,VPDleaf,LatHFlux,SenHFlux,NetTherm,EBSum,Asty,Esty,Adyn,Crd,Csd,dCsd/dt,αVc,Edyn,Hr,Hs,dHs/dt,αVh,Leak,LeakPct,CorrFact,CorrFactPct,Fan,Qin,Qabs,alpha,convert,S,K,Geometry,Custom,UseDynamic,TIME,CO2_s,CO2_r,H2O_s,H2O_r,CO2_a,H2O_a,Flow,Pa,ΔPcham,Tair,Tleaf,Tleaf2,Offset,Offset2,Fan_speed,Qamb_in,Qamb_out,ΔCO2,CO2_s_d,CO2_r_d,ΔH2O,CO2_b,H2O_b,e_s,e_r,Td_s,Td_r,Q,f_red,f_blue,Tled,Pc,time,hhmmss,co2_t,h2o_t,count,co2_adj,h2o_adj,co2_match,h2o_match,co2_at,h2o_at,co2_cv,h2o_cv,ΔCO2:MN,ΔCO2:SLP,ΔCO2:SD,ΔCO2:OK,ΔH2O:MN,ΔH2O:SLP,ΔH2O:SD,ΔH2O:OK,Stable,Total,State,Vflow,VPchamber,abs_c_a,abs_c_b,abs_h_a,abs_h_b,Wc_s,Wc_r,Wco_s,Wco_r,Ww_s,Ww_r,Wwo_s,Wwo_r,Flow_s_v,Flow_r_v,Tleaf_mv,Tleaf2_mv,Tleaf_j,Tleaf2_j,Console_RH,Console_T,Console_H2O,Fan_%,Flow_%,Pump,Tchp_pwm,Txchg_pwm,diag_20v,diag_5_4v,diag_12v,diag_5va,diag_3_3vf,AccCO2_soda,AccH2O_des,AccH2O_hum,CO2_hrs,ADC_CH1,ADC_CH2,ADC_CH3,ADC_CH4,ADC_CH5,ADC_CH6,ADC_CH7,ADC_CH8,DAC_1,DAC_2,DAC_3,DAC_4,GPIO,GPIO_dir,excit_5v,power_12v,power_5v,ch1_pullup,AuxPower,MatchValveR,MatchValveS,MatchCO2,MatchH2O,cf_co2_a,cf_co2_b,cf_co2_c,cf_co2_d,cf_h2o_a,cf_h2o_b,cf_h2o_c,cf_h2o_d,co2_fit_low,co2_fit_high,h2o_fit_low,h2o_fit_high,co2_elapsed,h2o_elapsed,CO2_f,CO2_f_s,Pump_f,Pump_f_s,Pump_p,Pump_p_s,Tboard,V_system,DIAG,Flow_s,Flow_r,Txchg,Tirga,Tchopper,Ts,Tr,CO2_%,Desiccant_%,Humidifier_%,Txchg_sp,CO2_r_sp,H2O_r_sp,SS_s,SS_r
1,1784731115,0,20260722 10:38:35,10:38:35,15,1784731107,0.003389992,3.389992312,2.858257134,450.7038667,426.0028457,43.13659965,45.63779902,0.293975735,3.117996967,0.279399712,0.175874174,261.4493496,29.12164431,28.60821,3.931490923,70.22236867,2.743396842,3.906727862,1.188094081,-149.498661,-18.29460608,-1.28603558,92.37004695,-0.471523416,3.401545874,2.858257134,456.9022211,458.0970727,-0.821891588,92.63075373,3.389992312,19.08626618,27.11467697,-0.011105161,96.72086372,0,0,1,0,53209.98935,1499.996333,1273.856843,0.849239971,0.174299992,9,0.5,0: Broadleaf,2,TRUE,1784731107,450.7038667,453.2508333,27.09288333,19.15282333,453.2098667,26.90588333,375.1167333,101.1589667,0.099980503,28.49937667,28.60821,999.9,0,0,9997.257333,690.9742667,0.218638,-2.512943833,463.3371,462.1018,8.039404333,453.2508333,19.15282333,2.75074,1.937481,22.59139,16.94229333,1499.996333,0.692,0.307999967,32,28282.45333,1784731142,10:39:02,1784731131,1784731142,2,-0.021,-0.006,-2.506,0.187,459,19,0.6,0.01,-3.037773537,17.79124969,2.727615687,0,7.965364634,1.289705017,0.135836315,0,0,2,0/2,2.63563,2.71256,0.102698,0.102601,0.128315,0.100343,25157.2,24859.6,25506.9,25467.9,30701.3,31224.4,39184.1,38323.7,1.71467,2.1307,0.0450201,0,27.9039,999.9,74.2,29.4,30.1889,61.669,20.2043,1,0.126972,0,20.4265,5.22073,11.98,4.9691,3.29545,9100.8,9999,9999,227.5,4.97,1.87517,1.87127,1.87439,1.87431,1.87241,1.87363,1.87485,0,0,0,0,11111111,oooooooo,on,on,on,on,0,100,100,-2.506,0.187,-1.343917619,-0.002774575,7.27494E-07,-2.16226E-10,0.286350442,0,0,0,23,2146,2,22,2.5,2.2,0.15625,4.99756,1.4978,2.28149,1.4978,2.36938,33.1322,16.1722,3,358.285,656.787,28.1972,28.9498,30.0007,28.7488,28.756,-1,40,10,-999.9,400,20,100.718,107.101
2,1784731282,166.5,20260722 10:41:21,10:41:21,15,1784731274,0.002508861,2.508861022,2.979491751,448.9833,413.658695,41.88931631,45.46647684,0.18926649,3.118775907,0.183109262,0.114979805,261.4503092,29.63594512,29.01663667,4.025646113,67.52510139,2.684130765,3.975011825,1.341515348,-110.6407711,-36.75416212,-2.592117213,111.4632588,3.296021007,2.481788314,2.979491751,467.6275919,461.3108485,-0.098784645,92.61686083,2.508861022,20.71173864,26.56652797,0.000444149,96.35230694,0,0,1,0,53175.69052,1500.001,1273.860864,0.84924001,0.17430009,9,0.5,0: Broadleaf,2,TRUE,1784731274,448.9833,459.5645667,26.5059,20.70938,451.4913,26.2669,375.1226,101.1654333,0.09997417,28.79804333,29.01663667,999.9,0,0,10000.19067,693.6185667,0.218638,-10.562378,461.2471667,469.2831333,5.838077667,459.5645667,20.70938,2.685684667,2.095073,22.19778,18.18175,1500.001,0.6919987,0.308001267,32,28282.52,1784731313,10:41:53,1784731306,1784731313,3,0.004,-0.001,-2.508,0.239,462,21,0.32,0.01,-11.148281,20.99141966,2.457096746,0,5.84398425,0.038241614,0.030986742,1,1,2,1/2,2.63504,2.71275,0.103261,0.103973,0.126453,0.106502,25129.7,24808.3,25496.1,25455.2,30757,30993.3,39168.1,38304.9,1.7102,2.12448,0.0530258,0,28.1744,999.9,76.5,29.6,31.4872,62.199,20.4647,1,0.145602,0,20.4253,5.22208,11.98,4.9694,3.29563,9100.8,9999,9999,227.6,4.97002,1.87518,1.8713,1.87439,1.8743,1.87241,1.87363,1.87485,0,0,0,0,11111111,oooooooo,on,on,on,on,0,100,100,-2.508,0.239,-1.364835935,-0.002774575,7.27494E-07,-2.16226E-10,0.280557558,0,0,0,23,2146,2,22,2.5,2.3,0.15625,4.99756,1.49902,2.28271,1.49902,2.27783,33.4008,16.1546,3,357.654,654.695,28.5632,29.2239,30.0005,29.0284,29.0378,-1,40,10,-999.9,400,20,100.676,107.048
3,1784731402,286.5,20260722 10:43:21,10:43:21,15,1784731394,0.001943724,1.943724345,2.617301412,447.3188667,400.8156108,40.58927804,45.29850974,0.120586661,3.117969973,0.118054434,0.074007103,261.4501086,29.94004418,29.26336333,4.08347193,61.54797585,2.470102642,4.013296308,1.613369288,-85.71824361,-50.39854187,-3.562604018,121.7707191,3.237987304,2.110727171,2.617301412,467.7822133,459.2534061,0.213631685,92.63312917,1.943724345,19.42363316,24.26023455,-0.02754931,96.80112767,0,0,1,0,53127.73161,1500.001333,1273.861083,0.849239967,0.174299918,9,0.5,0: Broadleaf,2,TRUE,1784731394,447.3188667,457.3527333,24.39205,19.45149667,449.7997333,24.18805,375.1235667,101.1667,0.100009533,28.96354333,29.26336333,999.9,0,0,9996.369333,695.5690667,0.218638,-10.03388167,458.5384333,466.4254667,5.016515333,457.3527333,19.45149667,2.475347667,1.967844333,20.86510333,17.18793333,1500.001333,0.6920011,0.3079989,31.50972,28282.56,1784731422,10:43:41,1784731306,1784731422,4,0.004,-0.007,-2.508,0.204,462,20,0.32,0.02,-8.84382675,-18.00151981,1.887457371,0,5.0902175,-1.278160525,0.126209681,0,0,2,0/2,2.63498,2.71267,0.103068,0.104919,0.118546,0.102088,25128.8,24774.6,25490.4,25447.9,31034.3,31140.2,39159.3,38295,1.7078,2.12258,0.0604838,0,28.2979,999.9,75.1,29.8,31.2665,62.169,19.988,1,0.155877,0,20.4249,5.21669,11.98,4.96905,3.2952,9100.8,9999,9999,227.6,4.97,1.87523,1.87134,1.87439,1.87432,1.87241,1.87364,1.87486,0,0,0,0,11111111,oooooooo,on,on,on,on,0,100,100,-2.483,0.204,-1.360232505,-0.002774575,7.27494E-07,-2.16226E-10,0.279952097,0,0,0,23,2146,2,22,1.6,1.5,0.157471,4.99756,1.49902,2.28149,1.4978,2.31323,33.6029,16.1459,3,357.302,654.819,28.7377,29.3686,30.0005,29.1769,29.1904,-1,40,10,-999.9,400,20,100.654,107.019
4,1784731522,406.5,20260722 10:45:21,10:45:21,15,1784731514,0.001446622,1.446621584,2.480416727,457.7461935,395.3157202,40.03043921,46.35227045,0.080355486,3.116931513,0.079222121,0.049614322,261.4498749,30.24815306,29.53311613,4.147521893,58.12176405,2.357840974,4.056726447,1.789680919,-63.79601184,-64.44117624,-4.567097916,128.6455889,2.018969572,1.613866935,2.480416727,473.6357049,467.943703,-0.037984386,92.61936526,1.446621584,19.46053922,23.1419965,-0.028128179,96.41008954,0,0,1,0,53070.64764,1499.999677,1273.859774,0.849240032,0.174299954,9,0.5,0: Broadleaf,2,TRUE,1784731514,457.7461935,464.3626129,23.28457097,19.50267097,460.2503226,23.06457097,375.1182903,101.1619355,0.100010771,29.14962903,29.53311613,999.9,0,0,9992.078065,696.1880323,0.218638,-6.61648971,468.6982903,473.5990323,3.86418871,464.3626129,19.50267097,2.363832903,1.972925161,20.11781613,17.22862581,1499.999677,0.692000806,0.307999258,32,28282.52581,1784731546,10:45:45,1784731306,1784731546,5,0.004,0.006,-2.508,0.22,462,21,0.32,0.03,-3.704023025,-57.20899791,6.112166451,0,3.84193875,-0.534370019,0.147034312,0,0,2,0/2,2.63426,2.71241,0.104543,0.106133,0.114551,0.102539,25080.5,24732.9,25483.9,25440.1,31170.1,31115.3,39149.4,38283.5,1.7049,2.11955,0.0660121,0,28.4665,999.9,74.6,30,31.419,61.719,20.637,1,0.167335,0,20.4254,5.22178,11.98,4.9695,3.29555,9100.8,9999,9999,227.7,4.97001,1.87527,1.87132,1.87439,1.87438,1.87241,1.87365,1.87488,0,0,0,0,11111111,oooooooo,on,on,on,on,0,100,100,-2.503,0.22,-1.360232505,-0.002774575,7.27494E-07,-2.16226E-10,-0.095540889,-0.001584374,0.000939206,-5.31953E-06,23,2146,2,22,3.6,1.7,0.157471,4.99756,1.49902,2.28149,1.49902,2.28027,33.8509,16.1371,3,356.728,654.001,28.9151,29.5199,30.0006,29.3301,29.3458,-1,40,10,-999.9,400,20,100.628,106.987
5,1784731642,526.5,20260722 10:47:21,10:47:21,15,1784731634,0.001179784,1.179783849,2.307926203,442.3317419,367.9059219,37.2540118,44.79034164,0.060442418,3.118208838,0.05979901,0.037431618,261.4498367,30.50729012,29.74522258,4.198497639,55.19746919,2.264485743,4.102517337,1.934011896,-52.02846774,-67.45612632,-4.788459015,137.1767836,2.202790534,1.15832013,2.307926203,458.5559115,452.4515939,0.045925819,92.6341305,1.179783849,19.74964051,22.46348424,0.005114799,96.83748129,0,0,1,0,53066.31083,1499.999355,1273.859394,0.849239961,0.174299966,9,0.5,0: Broadleaf,2,TRUE,1784731634,442.3317419,448.8459355,22.36316774,19.64627419,444.8987419,22.16816774,375.1250323,101.1596129,0.100001535,29.34395806,29.74522258,999.9,0,0,9998.165161,696.948,0.218638,-6.41686871,452.5884839,457.8408387,2.800928387,448.8459355,19.64627419,2.27075129,1.987409355,19.4703871,17.34399355,1499.999355,0.692000355,0.307999613,32,28282.51613,1784731670,10:47:49,1784731670,1784731668,6,-0.08,-0.005,-2.567,0.195,453,20,0.4,0.05,-5.379294975,-19.887236,2.138261356,0,2.89555825,-2.326212045,0.225715168,0,0,2,0/2,2.63495,2.71265,0.101948,0.10252,0.112207,0.103436,25147.3,24826,25478.5,25433.5,31247.8,31076.2,39141.4,38274.5,1.70243,2.11605,0.0714734,0,28.5843,999.9,74,30.3,31.7049,62.259,19.6915,1,0.177071,0,20.4252,5.22208,11.98,4.9694,3.29535,9100.8,9999,9999,227.7,4.97,1.87528,1.87134,1.8744,1.87439,1.87241,1.87366,1.87487,0,0,0,0,11111111,oooooooo,on,on,on,on,0,100,100,-2.567,0.195,-1.360232505,-0.002774575,7.27494E-07,-2.16226E-10,-0.089447807,-0.001584374,0.000939206,-5.31953E-06,23,2146,2,22,5.6,1.6,0.157471,4.99756,1.4978,2.28027,1.4978,2.39624,34.0771,16.1459,3,356.259,652.536,29.088,29.6523,30.0003,29.4652,29.4809,-1,40,10,-999.9,400,20,100.607,106.961
6,1784731762,646.5999999,20260722 10:49:21,10:49:21,15,1784731754,0.001001017,1.001016678,2.183837819,467.2414516,383.5311369,38.83682344,47.31343043,0.05026212,3.117147541,0.049816185,0.031174851,261.4501721,30.76698519,30.01245161,4.26349784,55.24067095,2.29462454,4.153867975,1.968873301,-44.1448355,-76.09487505,-5.416479208,135.7939824,1.172575109,1.103147728,2.183837819,470.4844653,474.5941598,-0.952770383,92.62918987,1.001016678,19.94910017,22.55980328,-0.025423518,96.67181992,0,0,1,0,53003.75299,1500.001613,1273.861251,0.849239921,0.174299927,9,0.5,0: Broadleaf,2,TRUE,1784731754,467.2414516,471.2911613,22.66045161,20.07386129,469.8984516,22.46045161,375.1405484,101.1611935,0.1000072,29.55964516,30.01245161,999.9,0,0,9993.141935,698.378871,0.218638,-3.998898032,478.1679677,480.9476774,2.670496774,471.2911613,20.07386129,2.300844839,2.030693548,19.68219032,17.68475806,1500.001613,0.692000774,0.307999161,32,28282.55806,1784731783,10:49:42,1784731782,1784731783,7,-0.093,0.002,-2.657,0.2,446,20,0.74,0.04,-6.374871683,83.36926254,9.92857882,0,2.615862439,1.590069462,0.159151371,0,0,2,0/2,2.63438,2.71252,0.105548,0.105141,0.112443,0.102328,25041.1,24747.9,25473.5,25428.1,31233.5,31108.9,39133.1,38266.6,1.70095,2.1143,0.0737831,0,28.8197,999.9,73.8,30.5,31.9854,62.5126,20.028,1,0.185861,0,20.4249,5.22193,11.98,4.9694,3.29535,9100.8,9999,9999,227.7,4.97,1.87529,1.87134,1.87439,1.87437,1.87241,1.87366,1.87487,0,0,0,0,11111111,oooooooo,on,on,on,on,0,100,100,-2.657,0.2,-1.440613173,-0.002774575,7.27494E-07,-2.16226E-10,-0.09405501,-0.001584374,0.000939206,-5.31953E-06,23,2146,2,22,1.5,1.6,0.157471,4.99756,1.4978,2.28027,1.4978,2.37427,34.2587,16.1284,3,356.185,652.371,29.2867,29.7707,30.0004,29.584,29.5983,-1,40,10,-999.9,400,20,100.587,106.938
7,1784731882,766.5999999,20260722 10:51:21,10:51:21,15,1784731874,0.000811962,0.811961707,2.014894029,459.2326452,362.1347118,36.66924595,46.50124461,0.038926314,3.118610766,0.038658389,0.024185411,261.4491983,30.89066882,30.10589677,4.286433275,53.39781527,2.228061739,4.17257097,2.058371537,-35.80751127,-78.73065238,-5.606224602,141.30481,0.905158583,0.825255371,2.014894029,467.5886877,467.4592303,-0.484150941,92.62182324,0.811961707,20.04630471,22.01179301,-0.005846708,96.47077075,0,0,1,0,53024.17066,1499.995484,1273.856121,0.849239971,0.17429999,9,0.5,0: Broadleaf,2,TRUE,1784731874,459.2326452,462.3133871,22.00368387,20.06740645,461.8316452,21.79868387,375.1461613,101.1585806,0.099997323,29.63762581,30.10589677,999.9,0,0,10000.11065,699.8381613,0.218638,-3.163176226,469.5091613,471.7811613,1.996108387,462.3133871,20.06740645,2.231914516,2.02999129,19.19323871,17.67996774,1499.995484,0.692000032,0.307999935,32,28282.44194,1784731912,10:51:51,1784731909,1784731912,8,0.066,0.002,-2.599,0.205,450,20,0.55,0.06,-3.75421861,21.11734813,2.705998568,0,2.014193415,-0.034036516,0.097289436,1,1,2,1/2,2.63438,2.71264,0.104397,0.103426,0.110536,0.102859,25066.9,24787.5,25467.5,25420.5,31294.9,31081.4,39124.4,38255.7,1.69872,2.11205,0.0784174,0,28.8432,999.9,73.2,30.7,32.0912,61.7926,20.7212,1,0.195803,0,20.4245,5.21744,11.98,4.96885,3.29542,9100.8,9999,9999,227.8,4.97002,1.87531,1.87134,1.87439,1.87439,1.87242,1.87371,1.87489,0,0,0,0,11111111,oooooooo,on,on,on,on,0,100,100,-2.599,0.205,-1.533936674,-0.002774575,7.27494E-07,-2.16226E-10,-0.091829835,-0.001584374,0.000939206,-5.31953E-06,23,2146,2,22,1.7,1.6,0.15625,4.99756,1.49902,2.28027,1.4978,2.40234,34.418,16.1196,3,355.782,651.88,29.4118,29.8968,30.0004,29.7097,29.7253,-1,40,10,-999.9,400,20,100.564,106.907
8,1784732002,886.5999999,20260722 10:53:21,10:53:21,15,1784731994,0.000616074,0.616073988,1.794358267,449.922871,334.8041457,33.90305731,45.5602509,0.028421554,3.118241682,0.028278419,0.017686812,261.4502047,31.1308874,30.32150323,4.339762973,52.26245778,2.20495159,4.218997123,2.134811383,-27.16886289,-82.64590482,-5.897614613,145.7378223,2.156657269,0.705336529,1.794358267,466.3680898,460.6102303,0.137597508,92.62563914,0.616073988,20.18120692,21.73383986,-0.010318419,96.56956635,0,0,1,0,52981.98417,1500.000323,1273.860107,0.849239889,0.174300099,9,0.5,0: Broadleaf,2,TRUE,1784731994,449.922871,455.8584839,21.77464194,20.11925161,452.496871,21.57564194,375.1261935,101.1623871,0.099971058,29.8298871,30.32150323,999.9,0,0,9998.041613,699.9687742,0.218638,-5.956123871,459.9454839,465.2184839,1.716211935,455.8584839,20.11925161,2.20892871,2.035313548,19.02711613,17.72171613,1500.000323,0.691998097,0.30800171,32,28282.50645,1784732029,10:53:48,1784732029,1784732021,9,0.032,-0.01,-2.574,0.199,454,20,0.65,0.13,-5.183662,-16.13315144,1.804575759,0,1.74696275,-1.188752533,0.125305692,0,0,2,0/2,2.63428,2.7125,0.103291,0.103647,0.109552,0.104227,25091,24774.6,25461.1,25414,31322.4,31026.4,39114.5,38246.7,1.69687,2.10875,0.0825375,0,28.9839,999.9,73.1,30.9,32.4147,61.4926,19.8838,1,0.206034,0,20.425,5.21939,11.98,4.96865,3.29515,9100.8,9999,9999,227.8,4.97002,1.87531,1.87134,1.87442,1.87438,1.87241,1.87372,1.87492,0,0,0,0,11111111,oooooooo,on,on,on,on,0,100,100,-2.574,0.199,-1.468072191,-0.002774575,7.27494E-07,-2.16226E-10,-0.089777267,-0.001584374,0.000939206,-5.31953E-06,23,2146,2,22,1.6,1.5,0.15625,4.99756,1.49902,2.28027,1.4978,2.30103,34.6006,16.1021,3,355.559,650.49,29.573,30.0251,30.0005,29.8356,29.8529,-1,40,10,-999.9,400,20,100.538,106.881
9,1784732122,1006.6,20260722 10:55:21,10:55:21,15,1784732114,0.000510923,0.510923189,1.675568729,449.8464194,314.2382289,31.82060859,45.55265884,0.022147109,3.118748639,0.022060105,0.013795354,261.4495975,31.4842951,30.66255161,4.425301145,50.15312445,2.156221752,4.299277016,2.269079393,-22.53171262,-84.82832111,-6.072435887,148.0171279,2.903676093,0.574814795,1.675568729,469.9486718,461.8782242,0.400639899,92.62741104,0.510923189,19.96147493,21.26146993,-0.009702954,96.61923719,0,0,1,0,52936.44671,1499.997419,1273.857903,0.849240063,0.174300032,9,0.5,0: Broadleaf,2,TRUE,1784732114,449.8464194,457.4332581,21.29334839,19.94362581,452.4224194,21.10134839,375.127129,101.1627097,0.099981052,30.15803548,30.66255161,999.9,0,0,10000.33484,699.8600968,0.218638,-7.573733226,459.6669032,466.7419677,1.39221871,457.4332581,19.94362581,2.158391613,2.017549677,18.65671613,17.58265806,1499.997419,0.691999774,0.30800029,32.7379,28282.47097,1784732143,10:55:43,1784732138,1784732143,10,0.001,-0.004,-2.576,0.192,455,20,0.49,0.14,-7.64680625,-9.691618874,1.78033999,0,1.42929475,-1.265614221,0.131620048,0,0,2,0/2,2.63396,2.71265,0.103521,0.104087,0.107909,0.104263,25077.1,24754.3,25454.1,25406.2,31373.3,31016.1,39104.3,38235.4,1.6956,2.105,0.0918955,0,29.2058,999.9,72.4,31,32.286,62.2426,20.7051,1,0.218397,0,20.4244,5.21714,11.98,4.96875,3.29525,9100.8,9999,9999,227.8,4.96999,1.8753,1.87134,1.87448,1.87437,1.87241,1.87374,1.87488,0,0,0,0,11111111,oooooooo,on,on,on,on,0,100,100,-2.576,0.192,-1.436422857,-0.002774575,7.27494E-07,-2.16226E-10,-0.100276757,-0.001584374,0.000939206,-5.31953E-06,23,2146,2,22,1.6,1.7,0.15625,4.99756,1.49902,2.27905,1.49902,2.37793,34.7608,16.1021,3,355.736,648.936,29.837,30.1865,30.0006,29.9841,30.0005,-1,40,10,-999.9,400,20,100.512,106.849
10,1784732242,1126.6,20260722 10:57:21,10:57:21,15,1784732234,0.000427387,0.427387149,1.072240129,459.9654667,346.6887273,35.10928482,46.58085858,0.017627085,3.119494685,0.017571937,0.010987401,261.4493946,31.89406459,31.09433,4.535699519,48.9931924,2.153941112,4.396408985,2.381758407,-18.84777327,-91.88023402,-6.602425095,144.1189622,-0.566636961,0.551624726,1.072240129,462.96134,467.2227515,-0.696037232,92.62815352,0.427387149,19.99712355,21.16890909,-0.016289798,96.64098996,0,0,1,0,52885.95301,1499.996333,1273.856861,0.849239983,0.174300022,9,0.5,0: Broadleaf,2,TRUE,1784732234,459.9654667,459.2147667,21.26922,19.97396333,462.6044667,21.07922,375.1402333,101.1703333,0.100005327,30.54800333,31.09433,999.9,0,0,10003.003,700.9072333,0.218638,0.804569867,470.0355333,468.5741,1.334949333,459.2147667,19.97396333,2.155828667,2.020771667,18.63764,17.60802333,1499.996333,0.6919996,0.308000367,33,28282.45,1784732275,10:57:54,1784732258,1784732275,11,-0.093,0.007,-2.639,0.19,438,20,0.33,0.1,-0.509358146,32.34041172,3.860307481,0,1.354420488,-0.618697631,0.081064199,0,0,2,0/2,2.63396,2.71264,0.104283,0.102329,0.107533,0.103322,25049.2,24795.3,25448.2,25399,31379.9,31040.3,39095.2,38224.9,1.69398,2.10238,0.0811815,0,29.802,999.9,72,31.2,32.4725,61.9126,19.7796,1,0.229975,0,20.4245,5.21879,11.98,4.96855,3.29528,9100.8,9999,9999,227.9,4.97002,1.87531,1.87134,1.87452,1.87439,1.87241,1.87375,1.87492,0,0,0,0,11111111,oooooooo,on,on,on,on,0,100,100,-2.639,0.19,-1.435909627,-0.002774575,7.27494E-07,-2.16226E-10,-0.104407353,-0.001584374,0.000939206,-5.31953E-06,23,2146,2,22,1.7,1.6,0.15625,4.99756,1.49902,2.27905,1.4978,2.27051,34.8985,16.0934,3,355.751,648.309,30.1999,30.3582,30.0006,30.1348,30.1452,-1,40,10,-999.9,400,20,100.488,106.82
11,1784732362,1246.6,20260722 10:59:21,10:59:21,15,1784732354,0.000378115,0.378115165,1.018495131,447.5525806,322.0395969,32.61442051,45.3256935,0.01487186,3.118847502,0.014832575,0.00927388,261.4494723,32.34181808,31.56054516,4.657588851,47.98543978,2.16280951,4.507220357,2.494779341,-16.67487877,-96.97095685,-7.000771572,140.8028651,0.652938249,0.327833709,1.018495131,457.3635578,456.5865212,-0.1738565,92.63594988,0.378115165,20.53011073,21.40948485,0.000807672,96.90996292,0,0,1,0,52795.18956,1499.997097,1273.857601,0.849240045,0.174299986,9,0.5,0: Broadleaf,2,TRUE,1784732354,447.5525806,449.4710645,21.3559,20.58618387,450.0375806,21.1549,375.1373548,101.1745484,0.100017913,30.98382903,31.56054516,999.9,0,0,9999.618065,701.0200323,0.218638,-2.083606442,457.1682581,458.9186129,0.808161323,449.4710645,20.58618387,2.164562258,2.082797097,18.70239677,18.08798387,1499.997097,0.692000387,0.307999677,33.83467742,28282.48065,1784732388,10:59:47,1784732387,1784732388,12,0.153,-0.006,-2.485,0.201,445,20,0.97,0.13,-2.394446334,10.84556632,1.548365468,0,0.826244341,0.274272711,0.131253645,0,0,2,0/2,2.63362,2.71244,0.102519,0.101578,0.108325,0.104742,25090.8,24807.7,25441.1,25391,31343.5,30981.9,39084.4,38214,1.6924,2.09837,0.0810102,0,30.2905,999.9,72,31.4,32.8454,61.9726,20.1763,1,0.243196,0,20.4251,5.21804,11.98,4.9685,3.29518,9100.8,9999,9999,227.9,4.96997,1.87531,1.87134,1.87445,1.87438,1.87241,1.8737,1.87498,0,0,0,0,11111111,oooooooo,on,on,on,on,0,100,100,-2.485,0.201,-1.529169486,-0.002774575,7.27494E-07,-2.16226E-10,-0.097006491,-0.001584374,0.000939206,-5.31953E-06,23,2146,2,22,1.7,1.4,0.15625,4.99756,1.4978,2.27905,1.4978,2.38647,34.9904,16.1021,3,355.891,646.727,30.5865,30.5485,30.0005,30.3048,30.3103,-1,40,10,-999.9,400,20,100.46,106.788
12,1784732482,1366.6,20260722 11:01:21,11:01:21,15,1784732474,0.000342946,0.342945931,0.916791042,444.9042258,311.7834938,31.57626438,45.05823349,0.012602746,3.118331166,0.012574518,0.007861604,261.4494921,32.75474769,31.97125484,4.767319703,45.50583435,2.098834065,4.612230706,2.668485638,-15.12391557,-98.00209967,-7.104862216,141.2186146,3.814678588,0.187668791,0.916791042,466.1688493,458.1661515,0.583479051,92.62950542,0.342945931,20.27006823,20.89805245,0.01724774,96.68104966,0,0,1,0,52713.09535,1499.997419,1273.857747,0.849239959,0.174299961,9,0.5,0: Broadleaf,2,TRUE,1784732474,444.9042258,454.2569677,20.72385161,20.28291613,447.3956452,20.51985161,375.1152258,101.1762903,0.099963923,31.38830968,31.97125484,999.9,0,0,9997.078065,701.8289032,0.218638,-9.352678387,454.3244194,463.6611935,0.450711581,454.2569677,20.28291613,2.097751613,2.05215129,18.20187419,17.85248387,1499.997419,0.692000419,0.307999548,34,28282.49032,1784732499,11:01:39,1784732387,1784732499,13,0.153,-0.003,-2.485,0.204,445,20,0.97,0.42,-9.836023659,7.342530314,2.746404044,0,0.494912098,-0.117101666,0.137440296,0,0,2,0/2,2.63305,2.71261,0.102821,0.103885,0.106539,0.104677,25073.2,24733.7,25432.7,25381.2,31397,30973.6,39071.2,38200.5,1.6899,2.09395,0.0886172,0,30.5488,999.9,70.6,31.5,32.3867,62.4226,20.7933,1,0.258829,0,20.4243,5.21789,11.98,4.9682,3.2952,9100.8,9999,9999,227.9,4.97002,1.87531,1.87134,1.87448,1.87439,1.87241,1.87374,1.87497,0,0,0,0,11111111,oooooooo,on,on,on,on,0,100,100,-2.501,0.204,-1.376261462,-0.002774575,7.27494E-07,-2.16226E-10,-0.103221857,-0.001584374,0.000939206,-5.31953E-06,23,2146,2,22,1.6,1.6,0.15625,4.99756,1.4978,2.27905,1.4978,2.41943,35.1055,16.1021,3,355.666,645,30.9542,30.7524,30.0007,30.4921,30.4956,-1,40,10,-999.9,400,20,100.427,106.749
13,1784732602,1486.6,20260722 11:03:21,11:03:21,15,1784732594,0.000352086,0.352085501,0.770110075,456.3756,341.5067522,34.5868666,46.22046825,0.012707874,3.117723095,0.012679167,0.007927053,261.4492074,33.0664804,32.3105,4.859647543,45.67515599,2.144546898,4.695215269,2.715100645,-15.52697058,-102.2250891,-7.43632719,136.2608205,1.802781882,0.214284743,0.770110075,469.7559127,467.5432606,0.033084938,92.63056016,0.352085501,20.73551929,21.3404097,0.021547892,96.71496667,0,0,1,0,52644.70487,1499.995667,1273.856422,0.849240068,0.174299975,9,0.5,0: Broadleaf,2,TRUE,1784732594,456.3756,460.9352,21.17501,20.67181333,458.9746,20.99901,375.1466333,101.1772667,0.099988837,31.70231667,32.3105,999.9,0,0,9994.193333,703.4548,0.218638,-4.477939703,466.3557667,470.6648333,0.5530706,460.9352,20.67181333,2.147478667,2.091519333,18.57567,18.15451333,1499.995667,0.692000633,0.307999467,34,28282.45,1784732626,11:03:46,1784732621,1784732626,14,-0.091,-0.011,-2.599,0.176,446,20,0.96,0.3,-4.759493778,16.32235064,2.308375953,0,0.57073155,0.46722054,0.145160929,0,0,2,0/2,2.63289,2.71267,0.104235,0.103468,0.108033,0.104724,25022.7,24733.1,25422.4,25369.5,31332.4,30958.3,39055.9,38183.6,1.6883,2.0908,0.0867769,0,30.9345,999.9,70.8,31.7,32.8508,62.0026,19.7436,1,0.275991,0,20.4259,5.21984,11.98,4.9684,3.2951,9100.8,9999,9999,228,4.97002,1.87531,1.87134,1.87452,1.87439,1.87244,1.87375,1.87497,0,0,0,0,11111111,oooooooo,on,on,on,on,0,100,100,-2.599,0.176,-1.376261462,-0.002774575,7.27494E-07,-2.16226E-10,-0.105765855,-0.001584374,0.000939206,-5.31953E-06,23,2146,2,22,3.6,1.7,0.15625,4.99756,1.49902,2.27783,1.4978,2.31567,35.2209,16.0846,3,355.955,644.445,31.2914,30.9726,30.0006,30.6939,30.689,-1,40,10,-999.9,400,20,100.387,106.701
14,1784732722,1606.6,20260722 11:05:21,11:05:21,15,1784732714,0.000356292,0.356291811,0.875774,442.3300333,309.0249193,31.29631417,44.79670998,0.012140492,3.119649352,0.012114306,0.007573789,261.4501669,33.52827745,32.78977,4.992735111,43.95536595,2.118747941,4.820225916,2.87398717,-15.71246888,-104.8519714,-7.658126497,133.2276,3.312076534,0.199057766,0.875774,459.544562,454.5549939,0.28901819,92.63171868,0.356291811,20.29884764,21.04514485,0.00880539,96.75330544,0,0,1,0,52609.15604,1500.000333,1273.860327,0.849240029,0.174300073,9,0.5,0: Broadleaf,2,TRUE,1784732714,442.3300333,450.4875333,20.92086333,20.45328,444.9280333,20.73586333,375.1288,101.1744,0.100002837,32.16634333,32.78977,999.9,0,0,10003.31033,704.3944333,0.218638,-8.136596,451.8134,459.8937333,0.489357067,450.4875333,20.45328,2.118858,2.069347333,18.36141,17.98436,1500.000333,0.691999033,0.308000967,35,28282.49667,1784732744,11:05:43,1784732739,1784732744,15,0.005,0,-2.598,0.185,452,20,0.44,0.11,-8.23643675,8.403425854,2.934821832,0,0.406127525,2.973860049,0.315636692,0,0,2,0/2,2.63293,2.71255,0.102114,0.103112,0.106966,0.103895,25072.5,24731.5,25413.7,25358.4,31359.9,30975,39042.6,38168.5,1.6868,2.08625,0.0810325,0,31.4905,999.9,69.5,31.8,32.4313,62.0626,20.5288,1,0.291723,0,20.4248,5.21744,11.98,4.9678,3.29518,9100.8,9999,9999,228,4.97002,1.87531,1.87134,1.87448,1.87439,1.87241,1.87371,1.87494,0,0,0,0,11111111,oooooooo,on,on,on,on,0,100,100,-2.598,0.185,-1.467586181,-0.002774575,7.27494E-07,-2.16226E-10,-0.116778938,-0.001584374,0.000939206,-5.31953E-06,23,2146,2,22,1.7,1.6,0.15625,4.99756,1.4978,2.27905,1.4978,2.41333,35.2902,16.0934,3,356.251,642.678,31.699,31.1796,30.0008,30.8888,30.882,-1,40,10,-999.9,400,20,100.353,106.657
15,1784732842,1726.6,20260722 11:07:21,11:07:21,15,1784732834,0.000363709,0.363708793,0.822930966,454.7528387,327.8082763,33.19825826,46.05436554,0.012188465,3.119125062,0.012162067,0.007603659,261.4491348,33.82165401,33.07107742,5.072318715,43.90166673,2.151737934,4.901267068,2.920580781,-16.03955779,-102.4897535,-7.50806986,135.4117536,2.76756253,0.207736801,0.822930966,472.8355764,467.7351879,0.313688977,92.63275215,0.363708793,20.94152257,21.46204,0.032445102,96.78867599,0,0,1,0,52546.16678,1499.995161,1273.855844,0.849239969,0.174299985,9,0.5,0: Broadleaf,2,TRUE,1784732834,454.7528387,461.6190645,21.24682258,20.75903548,457.3168387,21.06582258,375.1447097,101.1733871,0.100011594,32.46159355,33.07107742,999.9,0,0,10001.00581,705.0185161,0.218638,-6.901863258,464.6052581,471.4051613,0.523272581,461.6190645,20.75903548,2.153203226,2.100261613,18.61815484,18.2208871,1499.995161,0.692000097,0.307999871,35,28282.43871,1784732872,11:07:52,1784732861,1784732872,16,0.035,0.008,-2.564,0.181,453,20,0.84,0.18,-6.539017275,3.000369355,2.632540345,0,0.5055867,0.343945193,0.099519269,0,0,2,0/2,2.63268,2.71264,0.104178,0.103419,0.108422,0.105563,25004.1,24712.2,25403.7,25348.1,31297.2,30905.1,39027.8,38153.7,1.68522,2.08267,0.0900775,0,31.6626,999.9,70,32,33.0399,62.0626,20.5729,1,0.308308,0,20.4249,5.21909,11.98,4.96855,3.29515,9100.8,9999,9999,228,4.97001,1.87531,1.87135,1.87453,1.87439,1.87241,1.87372,1.87493,0,0,0,0,11111111,oooooooo,on,on,on,on,0,100,100,-2.564,0.181,-1.462314938,-0.002774575,7.27494E-07,-2.16226E-10,-0.117216285,-0.001584374,0.000939206,-5.31953E-06,23,2146,2,22,1.7,1.6,0.15625,4.99756,1.4978,2.27783,1.4978,2.40967,35.3827,16.0934,3,356.537,641.761,32.0111,31.399,30.0006,31.0896,31.0772,-1,40,10,-999.9,400,20,100.314,106.614
16,1784732962,1846.6,20260722 11:09:21,11:09:21,15,1784732954,0.000364179,0.364178752,0.773728059,444.1026667,320.3119776,32.44026827,44.9774303,0.0118208,3.118754272,0.011795965,0.007374705,261.4498238,34.12655241,33.37353,5.15911349,43.0206058,2.145121565,4.986265362,3.013991924,-16.06028298,-102.0263085,-7.497310441,135.8659219,3.267553941,0.316056285,0.773728059,465.0899537,457.4848545,0.581261251,92.63347526,0.364178752,20.56002378,21.27523152,0.013631317,96.81445026,0,0,1,0,52485.24663,1499.999333,1273.85941,0.849239984,0.17429996,9,0.5,0: Broadleaf,2,TRUE,1784732954,444.1026667,452.2790333,21.18071667,20.43848667,446.6437,20.96771667,375.1206333,101.1771,0.100000263,32.76673,33.37353,999.9,0,0,9998.938333,706.0075333,0.218638,-8.176439667,453.7164667,461.7168333,0.750535567,452.2790333,20.43848667,2.143844,2.067908,18.54873667,17.97325667,1499.999333,0.692000533,0.307999467,35.03333667,28282.52,1784732979,11:09:38,1784732861,1784732979,17,0.035,-0.01,-2.564,0.213,453,21,0.84,0.19,-7.006044,-25.31773328,3.097844687,0,0.87177175,-2.101406184,0.211156636,0,0,2,0/2,2.63232,2.71255,0.102492,0.103662,0.107729,0.106853,25041.6,24694.6,25394.8,25337.5,31311.2,30848.7,39014.2,38139.1,1.6833,2.07748,0.0905246,0,31.9244,999.9,69.7,32.1,33.0827,61.7926,20.4087,1,0.324352,0,20.4239,5.21714,11.98,4.9678,3.29525,9100.8,9999,9999,228.1,4.97002,1.87531,1.87135,1.87453,1.87439,1.87241,1.87376,1.8749,0,0,0,0,11111111,oooooooo,on,on,on,on,0,100,100,-2.55,0.213,-1.42755266,-0.002774575,7.27494E-07,-2.16226E-10,-0.109347823,-0.001584374,0.000939206,-5.31953E-06,23,2146,2,22,1.7,1.5,0.15625,4.99756,1.4978,2.27783,1.49902,2.39868,35.5451,16.0846,3,356.641,639.487,32.3245,31.6068,30.0006,31.2891,31.2761,-1,40,10,-999.9,400,20,100.279,106.572
17,1784733082,1966.6,20260722 11:11:21,11:11:21,15,1784733074,0.000390291,0.390291349,1.056464256,446.9275161,291.3383049,29.506629,45.26464315,0.012368964,3.118613303,0.012341774,0.007716047,261.4495901,34.36390129,33.5942,5.223251591,42.27000862,2.136801394,5.055124102,3.086450197,-17.2118485,-98.11672622,-7.226772409,138.894243,1.689934566,0.449927846,1.056464256,464.7870687,458.1140364,0.416311524,92.63456334,0.390291349,19.94118468,21.04870788,-0.018594615,96.85445807,0,0,1,0,52440.21597,1499.997419,1273.857824,0.849240011,0.174300027,9,0.5,0: Broadleaf,2,TRUE,1784733074,446.9275161,451.4644839,21.09804194,20.04134194,449.4495161,20.90804194,375.1222903,101.1796129,0.099994,33.01062581,33.5942,999.9,0,0,9998.043548,707.4160645,0.218638,-4.562324516,456.543,460.6976452,1.07582671,451.4644839,20.04134194,2.13662871,2.027776774,18.49487419,17.66254839,1499.997419,0.691999645,0.308000355,35.95563871,28282.47742,1784733111,11:11:50,1784733099,1784733111,18,0.054,0,-2.522,0.19,463,20,0.52,0.32,-4.22401725,-19.50760379,2.449594542,0,1.053172075,-0.147486901,0.152803573,0,0,2,0/2,2.63193,2.7125,0.102551,0.102908,0.106894,0.104811,25031.2,24705.7,25386.7,25328.2,31331.4,30909.1,39001.9,38126.1,1.68175,2.07545,0.0891536,0,32.1791,999.9,68.7,32.3,32.9771,62.0626,20.4407,1,0.337335,0,20.4248,5.21744,11.98,4.96775,3.29523,9100.8,9999,9999,228.1,4.96995,1.87533,1.87137,1.87453,1.87439,1.87242,1.87377,1.87492,0,0,0,0,11111111,oooooooo,on,on,on,on,0,100,100,-2.522,0.19,-1.42755266,-0.002774575,7.27494E-07,-2.16226E-10,-0.119694636,-0.001584374,0.000939206,-5.31953E-06,23,2146,2,22,3.7,1.7,0.15625,4.99756,1.49902,2.27783,1.4978,2.35596,35.7311,16.0758,3,356.766,639.56,32.5886,31.7829,30.0005,31.4586,31.4424,-1,40,10,-999.9,400,20,100.247,106.535
18,1784733202,2086.6,20260722 11:13:21,11:13:21,15,1784733194,0.000405365,0.405365291,1.014969936,456.6964839,312.1892492,31.62002331,46.25640859,0.012989004,3.11975396,0.012959035,0.008102084,261.4491712,34.64418856,33.8760129,5.306168607,43.92457241,2.256205661,5.136545531,3.049962946,-17.87660934,-97.66865376,-7.211107773,138.6928003,0.904348568,0.214838593,1.014969936,469.4747859,466.9579818,0.002811758,92.63423302,0.405365291,21.64436446,22.48499697,0.010731048,96.84302433,0,0,1,0,52417.87604,1499.995161,1273.855934,0.849240029,0.17430001,9,0.5,0: Broadleaf,2,TRUE,1784733194,456.6964839,459.1015161,22.27585806,21.77191613,459.2174839,22.09685806,375.1376452,101.1848065,0.09998601,33.29531613,33.8760129,999.9,0,0,10002.76129,707.982129,0.218638,-2.399659774,467.1391613,469.3194839,0.571210903,459.1015161,21.77191613,2.260785806,2.202987742,19.39939355,18.98367097,1499.995161,0.691999968,0.308000065,36,28282.43226,1784733239,11:13:58,1784733227,1784733239,19,-0.013,-0.011,-2.521,0.179,455,20,0.46,0.28,-4.310187075,32.24042788,3.912044567,0,0.491658925,2.900621235,0.302326881,0,0,2,0/2,2.63205,2.71272,0.103841,0.103366,0.11184,0.108679,24989.4,24687.6,25381.4,25323,31150.7,30768.5,38994,38118.1,1.68072,2.0723,0.0929385,0,32.4194,999.9,70.4,32.5,34.1768,62.4826,20.6691,1,0.347487,0,20.4218,5.21594,11.98,4.9675,3.2949,9100.8,9999,9999,228.1,4.97002,1.87539,1.87136,1.87454,1.87439,1.87244,1.87378,1.87498,0,0,0,0,11111111,oooooooo,on,on,on,on,0,100,100,-2.521,0.179,-1.374002606,-0.002774575,7.27494E-07,-2.16226E-10,-0.119927367,-0.001584374,0.000939206,-5.31953E-06,23,2146,2,22,1.7,1.5,0.15625,4.99756,1.49902,2.27783,1.4978,2.41211,35.9879,16.0758,3,357.025,638.399,32.8562,31.9307,30.0004,31.6044,31.5838,-1,40,10,-999.9,400,20,100.227,106.513
19,1784733322,2206.6,20260722 11:15:21,11:15:21,15,1784733314,0.000403654,0.40365439,0.888571347,442.5698065,307.9396737,31.18935191,44.82522591,0.012383669,3.117739233,0.012356408,0.007725199,261.4500236,34.84800689,34.08319677,5.36785563,42.00921239,2.182475427,5.19523053,3.185380203,-17.8011586,-98.34785833,-7.280530729,138.0204759,-0.555414981,0.47582925,0.888571347,451.3943928,450.4032364,-0.120931885,92.63467169,0.40365439,20.5188011,21.48947212,-0.002242642,96.85908136,0,0,1,0,52336.77398,1500.000323,1273.860261,0.849239991,0.174299978,9,0.5,0: Broadleaf,2,TRUE,1784733314,442.5698065,441.7424516,21.54808387,20.4310129,445.0248065,21.31608387,375.1045806,101.184,0.099967529,33.49808387,34.08319677,999.9,0,0,9993.602258,708.9930323,0.218638,0.785874058,452.2641935,450.956,1.09562729,441.7424516,20.4310129,2.17815,2.067290645,18.80245484,17.96890968,1500.000323,0.69200029,0.30799971,36,28282.52581,1784733341,11:15:40,1784733341,1784733339,20,0.075,0.015,-2.455,0.232,462,22,0.53,0.14,0.27675802,3.354543017,1.749042047,0,1.11451915,-1.385106462,0.184006747,0,0,2,0/2,2.6317,2.71255,0.101118,0.100526,0.108426,0.105784,25060,24759,25376.4,25316.4,31265.2,30861.5,38986.1,38109.1,1.67945,2.0698,0.0948235,0,32.5686,999.9,68.2,32.7,33.4816,62.0326,20.8093,1,0.356207,0,20.4217,5.21669,11.98,4.96775,3.29515,9100.8,9999,9999,228.2,4.97001,1.8754,1.87139,1.87454,1.87439,1.87244,1.87378,1.87498,0,0,0,0,11111111,oooooooo,on,on,on,on,0,100,100,-2.455,0.232,-1.386672752,-0.002774575,7.27494E-07,-2.16226E-10,-0.130910429,-0.001584374,0.000939206,-5.31953E-06,23,2146,2,22,1.6,1.4,0.157471,4.99756,1.4978,2.27783,1.4978,2.40967,36.2929,16.0758,3,357.019,637.604,33.081,32.0504,30.0005,31.7239,31.708,-1,40,10,-999.9,400,20,100.207,106.487
20,1784733442,2327,20260722 11:17:22,11:17:22,15,1784733434,0.000487455,0.487454821,0.636490717,441.7303871,351.5471698,35.60700482,44.741353,0.01475576,3.119319327,0.014717091,0.009201648,261.4495756,35.1215898,34.40246774,5.464136449,42.3522262,2.236890562,5.281636322,3.227245887,-21.49675758,-102.4874571,-7.60593181,129.8594291,1.526576053,0.169931571,0.636490717,453.7446221,452.5983212,-0.042332395,92.63659023,0.487454821,22.19314009,22.47612061,0.083952768,96.93706583,0,0,1,0,52322.87124,1499.997419,1273.857819,0.849240007,0.174300017,9,0.5,0: Broadleaf,2,TRUE,1784733434,441.7303871,445.5726774,22.08477097,21.6861129,444.3033871,21.85277097,375.1606129,101.1865161,0.100047597,33.79303548,34.40246774,999.9,0,0,10000.59903,709.8573871,0.218638,-3.688545548,451.8682903,455.4495161,0.408855173,445.5726774,21.6861129,2.235712903,2.194342258,19.21986452,18.91872258,1499.997419,0.691999774,0.308000226,36,28282.46774,1784733483,11:18:02,1784733461,1784733339,21,-0.171,0.015,-2.573,0.232,436,22,1,0.14,-3.666028171,3.995423686,1.745652394,0,0.550925302,-2.946247716,0.4027449,0,0,2,0/2,2.63193,2.71254,0.101398,0.101029,0.111756,0.107617,25050.2,24743.5,25374.8,25315,31146,30796.3,38983.9,38106.9,1.67873,2.06817,0.0856444,0,33.0546,999.9,69,33,34.4497,61.8726,20.5449,1,0.360124,0,20.4228,5.21744,11.9803,4.96795,3.29518,9100.8,9999,9999,228.2,4.97002,1.8754,1.8714,1.87454,1.87439,1.87244,1.87377,1.87497,0,0,0,0,11111111,oooooooo,on,on,on,on,0,100,100,-2.573,0.232,-1.311233056,-0.002774575,7.27494E-07,-2.16226E-10,-0.116207803,-0.001584374,0.000939206,-5.31953E-06,23,2146,2,22,1.7,1.7,0.157471,4.99756,1.49902,2.27783,1.4978,2.39502,36.6233,16.0671,3,357.109,637.094,33.3287,32.1369,30.0003,31.8099,31.7895,-1,40,10,-999.9,400,20,100.201,106.481
21,1784733562,2447,20260722 11:19:22,11:19:22,15,1784733554,0.000300778,0.300778281,0.867606799,442.1835,267.6345746,27.10934569,44.78982351,0.008943597,3.119343342,0.008929375,0.005582135,261.4500262,35.25669144,34.45107,5.478924058,41.37505092,2.196243208,5.308134151,3.28268085,-13.26432221,-95.5917737,-7.098915187,145.4950151,2.775157904,0.371310528,0.867606799,463.6975015,455.1150182,0.659509099,92.63650819,0.300778281,20.91904685,21.70062485,-0.007377319,96.9347712,0,0,1,0,52308.26953,1499.999333,1273.859452,0.849240012,0.174300095,9,0.5,0: Broadleaf,2,TRUE,1784733554,442.1835,449.2359333,21.68221333,20.81063667,444.6635,21.45021333,375.1061,101.1924,0.099989943,33.88264667,34.45107,999.9,0,0,10000.12767,711.5201,0.218638,-7.163004333,451.8692667,458.7851,0.869031977,449.2359333,20.81063667,2.193818667,2.105877333,18.91717,18.25963333,1499.999333,0.691998633,0.308001333,36,28282.48667,1784733603,11:20:02,1784733586,1784733339,22,0.148,0.015,-2.48,0.232,461,22,0.76,0.14,-7.440688293,-5.562659582,2.25886109,0,0.961878398,-1.907282203,0.3919941,0,0,2,0/2,2.63169,2.71273,0.101919,0.102576,0.109156,0.110371,25029.8,24693.5,25369.2,25307.8,31231.2,30692.6,38975.2,38096.6,1.6779,2.0624,0.096567,0,32.8962,999.9,67.3,33.4,34.3637,62.1726,20,1,0.369886,0,20.4227,5.21699,11.98,4.9678,3.29508,9100.8,9999,9999,228.2,4.97,1.87546,1.87145,1.87457,1.87439,1.87246,1.87378,1.87498,0,0,0,0,11111111,oooooooo,on,on,on,on,0,100,100,-2.48,0.232,-1.481630687,-0.002774575,7.27494E-07,-2.16226E-10,-0.116207803,-0.001584374,0.000939206,-5.31953E-06,23,2146,2,22,1.7,3.7,0.157471,4.99756,1.49902,2.27783,1.4978,2.33398,36.9794,16.0583,3,357.253,633.403,33.4784,32.2435,30.0004,31.9157,31.9037,-1,40,10,-999.9,400,20,100.178,106.451
22,1784733682,2567,20260722 11:21:22,11:21:22,15,1784733674,0.000339692,0.339692256,0.543274244,438.0852333,330.9930335,33.52534912,44.37241544,0.010083809,3.118062286,0.010065727,0.006292701,261.4501578,35.28997087,34.51660333,5.498918154,41.5516324,2.210829931,5.320681292,3.288088223,-14.98042848,-99.45862226,-7.393004952,139.6181021,-0.841746975,0.38675529,0.543274244,446.5285619,446.2712,-0.10972032,92.63807877,0.339692256,20.96293878,21.8347103,-0.007273726,97.00660086,0,0,1,0,52271.48341,1500.000667,1273.860778,0.849240141,0.174300028,9,0.5,0: Broadleaf,2,TRUE,1784733674,438.0852333,436.4721667,21.82734333,20.91966667,440.6392333,21.65234333,375.1138667,101.1871667,0.100007757,33.92494333,34.51660333,999.9,0,0,9994.770667,713.1543667,0.218638,1.73401286,448.0123333,445.7982667,0.968492467,436.4721667,20.91966667,2.214799667,2.116799667,19.06969667,18.34529,1500.000667,0.692000133,0.308000033,36,28282.53,1784733723,11:22:02,1784733720,1784733723,23,-0.126,-0.017,-2.554,0.175,433,20,0.76,0.73,2.389781395,-20.93562827,2.498880155,0,1.0200884,-1.388524976,0.228015153,0,0,2,0/2,2.63135,2.71244,0.100337,0.100112,0.109526,0.108757,25070.3,24757.7,25366,25304.4,31214.3,30744.4,38970.2,38091.6,1.67665,2.06047,0.092186,0,33.0356,999.9,66.4,33.7,34.4774,61.6625,20.1402,1,0.374911,0,20.4236,5.21684,11.98,4.9677,3.29505,9100.8,9999,9999,228.3,4.97,1.87546,1.87148,1.87455,1.8744,1.87243,1.87378,1.87499,0,0,0,0,11111111,oooooooo,on,on,on,on,0,100,100,-2.554,0.175,-1.333240319,-0.002774575,7.27494E-07,-2.16226E-10,-0.116207803,-0.001584374,0.000939206,-5.31953E-06,23,2146,2,22,1.6,5.7,0.157471,4.99756,1.49902,2.27783,1.4978,2.33032,37.3138,16.0583,3,357.031,632.534,33.556,32.3205,30.0003,31.9924,31.9757,-1,40,10,-999.9,400,20,100.166,106.437
23,1784733802,2687,20260722 11:23:22,11:23:22,15,1784733794,0.000424123,0.424122539,0.321614373,447.2847667,384.1244157,38.90608211,45.30328494,0.012637913,3.116613051,0.012609511,0.007883491,261.4501367,35.23446373,34.47003667,5.484704243,41.5681006,2.207327919,5.310148618,3.277376323,-18.70380398,-97.55294239,-7.251816216,137.9415741,-0.855819873,0.371015109,0.321614373,448.8613067,454.3915515,-0.645467771,92.64224799,0.424122539,21.07286895,21.84589818,0.021615997,97.3096697,0,0,1,0,52244.14809,1500.001,1273.860756,0.849239938,0.174299975,9,0.5,0: Broadleaf,2,TRUE,1784733794,447.2847667,445.6297,21.79321333,20.92251,449.6667667,21.61521333,375.1410333,101.1851,0.10000586,33.88944333,34.47003667,999.9,0,0,9988.330667,714.5002,0.218638,1.457159633,457.0658,455.1528333,0.910113433,445.6297,20.92251,2.209136333,2.117047,19.02866667,18.34522333,1500.001,0.692000133,0.3079998,36,28282.55667,1784733834,11:23:54,1784733834,1784733822,24,0.2,0.014,-2.382,0.178,451,20,0.27,0.06,2.67044261,1.047365456,4.02363143,0,0.99478939,-1.488471031,0.447112982,0,0,2,0/2,2.6314,2.71245,0.101666,0.101002,0.109488,0.103603,25029.6,24728,25362.5,25299.3,31211.7,30917.7,38964.9,38084.9,1.6763,2.06075,0.0915751,0,32.9981,999.9,64.7,34.1,34.3572,61.4825,20.1122,1,0.380445,0,20.4234,5.21729,11.9801,4.968,3.29518,9100.8,9999,9999,228.3,4.96997,1.87546,1.87148,1.8746,1.87439,1.87247,1.87379,1.875,0,0,0,0,11111111,oooooooo,on,on,on,on,0,100,100,-2.382,0.178,-1.459643896,-0.002774575,7.27494E-07,-2.16226E-10,-0.133438881,-0.001584374,0.000939206,-5.31953E-06,23,2146,2,22,1.4,1.3,0.157471,4.99756,1.49902,2.27661,1.4978,2.34131,37.6504,16.0496,3,357.187,633.393,33.5536,32.3738,30.0003,32.0555,32.0347,-1,40,10,-999.9,400,20,100.152,106.417
24,1784733922,2807,20260722 11:25:22,11:25:22,15,1784733914,0.000228693,0.228692844,0.476710118,434.382,300.4836922,30.43438981,43.99623494,0.006707332,3.119937278,0.006699332,0.0041878,261.4502792,35.05302932,34.24168387,5.415463709,39.78655624,2.0859802,5.242927252,3.329483509,-10.08535441,-97.60114351,-7.231529206,146.5322521,1.362781022,0.247586327,0.476710118,452.5289778,445.6566485,0.582355719,92.63929172,0.228692844,20.35427215,20.71561576,0.017145639,97.0700513,0,0,1,0,52359.5155,1500.001935,1273.861583,0.849239959,0.174299961,9,0.5,0: Broadleaf,2,TRUE,1784733914,434.382,437.9098387,20.59522258,20.01340968,436.931,20.41422258,375.1008387,101.1847097,0.099954365,33.66142258,34.24168387,999.9,0,0,10003.61161,715.9084839,0.218638,-3.330091829,443.7243548,446.855129,0.595482742,437.9098387,20.01340968,2.085304839,2.02505129,18.10731613,17.6368129,1500.001935,0.692000419,0.307999548,35,28282.56452,1784733955,11:25:55,1784733942,1784733955,25,-0.164,-0.028,-2.549,0.181,446,20,0.27,0.84,-1.602899139,-37.00588124,4.167478482,0,0.759153024,-3.373755909,0.446850148,0,0,2,0/2,2.63102,2.71268,0.100312,0.101082,0.105658,0.106969,25064.9,24723.3,25360.1,25296.7,31343.4,30797.8,38960.8,38080.8,1.6761,2.05613,0.0990629,0,32.646,999.9,62.5,34.5,33.9375,62.5325,20.7652,1,0.383389,0,20.4234,5.21714,11.98,4.9678,3.29503,9100.8,9999,9999,228.3,4.96999,1.87546,1.87149,1.87465,1.8744,1.87245,1.87378,1.87499,0,0,0,0,11111111,oooooooo,on,on,on,on,0,100,100,-2.549,0.181,-1.259913792,-0.002774575,7.27494E-07,-2.16226E-10,-0.119126366,-0.001584374,0.000939206,-5.31953E-06,23,2146,2,22,1.5,1.7,0.15625,4.99756,1.4978,2.27661,1.4978,2.40234,37.9164,16.0583,3,357.242,629.886,33.3957,32.3854,30.0004,32.0853,32.0733,-1,40,10,-999.9,400,20,100.142,106.406
25,1784734042,2927,20260722 11:27:22,11:27:22,15,1784734034,0.000249312,0.24931236,0.465439232,443.3102258,328.8574543,33.30833291,44.90068385,0.007861663,3.118808798,0.00785067,0.004907655,261.4511735,34.66489641,33.78745161,5.279988998,42.52204255,2.181982472,5.131415005,3.098006526,-10.99467508,-85.74497108,-6.329375781,158.3821515,0.633233492,0.460501442,0.465439232,456.9070788,453.638,0.217072615,92.63929363,0.24931236,20.282173,21.30340788,-0.042407336,97.07121341,0,0,1,0,52399.14425,1500.006774,1273.86575,0.849239998,0.174299995,9,0.5,0: Broadleaf,2,TRUE,1784734034,443.3102258,445.3192258,21.54299355,20.46198065,445.8312258,21.37699355,375.1322258,101.1850323,0.099984942,33.27749355,33.78745161,999.9,0,0,9998.404516,716.6126452,0.218638,-2.023491912,453.0696452,454.6214194,1.110855484,445.3192258,20.46198065,2.182847419,2.070445484,18.83658065,17.99318065,1500.006774,0.692000065,0.307999935,34,28282.63871,1784734083,11:28:02,1784734083,1784734070,26,0.007,0.012,-2.521,0.166,433,20,0.95,0.5,-1.224612032,-20.72429041,2.106578866,0,1.218539675,-1.553583186,0.201043979,0,0,2,0/2,2.63107,2.71264,0.101628,0.101685,0.107668,0.104545,25029.7,24708.1,25361.3,25298,31274.2,30883.2,38962.9,38082.5,1.67645,2.05713,0.0937507,0,32.2369,999.9,62.1,34.8,34.2833,62.5325,21.0417,1,0.380038,0,20.4231,5.21729,11.9801,4.96785,3.29525,9100.8,9999,9999,228.4,4.97002,1.87546,1.87149,1.87464,1.87441,1.87246,1.87379,1.875,0,0,0,0,11111111,oooooooo,on,on,on,on,0,100,100,-2.521,0.166,-1.423888583,-0.002774575,7.27494E-07,-2.16226E-10,-0.147536287,-0.001584374,0.000939206,-5.31953E-06,23,2146,2,22,1.7,1.4,0.15625,4.99756,1.4978,2.27539,1.4978,2.4231,38.1106,16.0583,3,357.286,630.428,33.1166,32.3371,29.9997,32.0602,32.0444,-1,40,10,-999.9,400,20,100.147,106.411
26,1784734162,3047,20260722 11:29:22,11:29:22,15,1784734154,0.00021725,0.217249843,0.370467661,448.7925667,344.6122482,34.90310207,45.45471859,0.00702075,3.119838695,0.007011985,0.004383277,261.4503655,34.44395928,33.58597333,5.220848109,43.38280835,2.197780485,5.066017089,3.023067624,-9.580718065,-90.32669729,-6.651365012,154.8915851,2.783411773,0.102864282,0.370467661,465.80306,461.7953576,0.315748371,92.63960531,0.217249843,21.74255487,21.89486727,0.034753548,97.08930809,0,0,1,0,52461.97377,1500.001667,1273.861445,0.84924002,0.17430005,9,0.5,0: Broadleaf,2,TRUE,1784734154,448.7925667,455.5815667,21.69956333,21.45811667,451.3715667,21.51856333,375.1095667,101.1822667,0.099978107,33.04894333,33.58597333,999.9,0,0,10003.401,715.7785333,0.218638,-6.75117,458.8006,465.5723667,0.272950015,455.5815667,21.45811667,2.198800333,2.171182333,18.95350333,18.74908667,1500.001667,0.691999333,0.308000667,34,28282.55333,1784734189,11:29:49,1784734180,1784734189,27,-0.023,-0.013,-2.579,0.181,451,20,0.24,0.42,-6.413950244,-0.234211986,1.302321126,0,0.463817572,-3.347368528,0.368333807,0,0,2,0/2,2.63161,2.71254,0.102975,0.103399,0.109825,0.110646,24996.1,24665.5,25364.9,25302.3,31202,30676.3,38968.1,38088.1,1.67745,2.0546,0.106808,0,31.8701,999.9,62.6,35.1,35.1383,62.4425,20.6851,1,0.37375,0,20.4233,5.21744,11.98,4.9678,3.29515,9100.8,9999,9999,228.4,4.96999,1.87546,1.87149,1.87466,1.8744,1.87246,1.87378,1.875,0,0,0,0,11111111,oooooooo,on,on,on,on,0,100,100,-2.579,0.181,-1.417114614,-0.002774575,7.27494E-07,-2.16226E-10,-0.135292556,-0.001584374,0.000939206,-5.31953E-06,23,2146,2,22,1.3,1.5,0.15625,4.99756,1.49902,2.27661,1.4978,2.37671,38.2812,16.0496,3,357.474,627.812,32.8596,32.2436,29.9999,32.0009,31.9982,-1,40,10,-999.9,400,20,100.161,106.428
27,1784734282,3167,20260722 11:31:22,11:31:22,15,1784734274,0.000210628,0.210628295,0.139501663,443.1619032,391.1938021,39.61898161,44.88216122,0.007007809,3.119338717,0.006999075,0.004375206,261.4505641,34.24876631,33.40116774,5.167108728,44.52171098,2.230614518,5.010172497,2.93649421,-9.288707829,-92.39736438,-6.792211245,152.9722806,1.986668415,0.023425342,0.139501663,458.6700841,455.8531636,0.25198921,92.63955513,0.210628295,22.31273998,22.28230667,0.050959302,97.08707617,0,0,1,0,52484.14982,1500.002903,1273.862489,0.849240015,0.174300039,9,0.5,0: Broadleaf,2,TRUE,1784734274,443.1619032,447.9529677,22.02486129,21.9699,445.6429032,21.82186129,375.1451613,101.177129,0.0999909,32.85173871,33.40116774,999.9,0,0,10001.61581,715.707871,0.218638,-4.86094171,453.0739355,458.016129,0.061182716,447.9529677,21.9699,2.229039355,2.22284871,19.17230323,19.12686452,1500.002903,0.691999484,0.308000516,34,28282.58065,1784734307,11:31:46,1784734297,1784734307,28,0.075,0.02,-2.481,0.203,445,21,0.74,0.83,-4.779595439,7.075373812,2.36429725,0,0.1012042,-0.726642232,0.220268276,0,0,2,0/2,2.63175,2.71266,0.101938,0.101096,0.111175,0.108778,25031,24735.2,25370.5,25308.4,31160.3,30747.9,38976.1,38096.9,1.67845,2.05722,0.0982396,0,31.8128,999.9,62.2,35.3,35.3088,61.8725,20.2083,1,0.363801,0,20.423,5.21804,11.98,4.96795,3.29523,9100.8,9999,9999,228.4,4.97002,1.87546,1.87149,1.87466,1.87439,1.87247,1.87378,1.875,0,0,0,0,11111111,oooooooo,on,on,on,on,0,100,100,-2.481,0.203,-1.43980026,-0.002774575,7.27494E-07,-2.16226E-10,-0.148192606,-0.001584374,0.000939206,-5.31953E-06,23,2146,2,22,1.7,1.6,0.15625,4.99756,1.49902,2.27539,1.4978,2.33154,38.4034,16.0408,3,357.479,629.076,32.669,32.1226,29.9995,31.9065,31.9079,-1,40,10,-999.9,400,20,100.182,106.453
28,1784734402,3287,20260722 11:33:22,11:33:22,15,1784734394,0.000238543,0.238542503,0.053138088,444.2980333,412.4316818,41.76825718,44.99546311,0.007807926,3.11797512,0.00779708,0.004874148,261.4505267,34.07060408,33.24425,5.12185721,43.01841824,2.134524138,4.961884292,2.987333073,-10.51972439,-94.90379475,-6.968267487,149.0587401,-2.40397784,0.381991402,0.053138088,443.5636436,450.0064061,-0.668929194,92.64025797,0.238542503,19.84806291,20.83388182,-0.041297912,97.13112874,0,0,1,0,52482.1171,1500.003,1273.862588,0.849240027,0.174300003,9,0.5,0: Broadleaf,2,TRUE,1784734394,444.2980333,438.9379,21.0769,20.17979333,446.7010333,20.8739,375.1462333,101.1731667,0.099987237,32.67967,33.24425,999.9,0,0,9995.754,715.7251,0.218638,5.2845552,453.7854333,447.9799333,0.893732367,438.9379,20.17979333,2.132077333,2.041655333,18.46071333,17.76821,1500.003,0.692000067,0.307999967,33.98888,28282.59,1784734443,11:34:02,1784734431,1784734307,29,0.05,0.02,-2.403,0.203,436,21,0.33,0.83,2.304268756,45.89866106,4.599509055,0,0.711804732,3.316308376,0.358836099,0,0,2,0/2,2.63175,2.7126,0.101012,0.0989913,0.105959,0.101866,25063,24798,25376.3,25313,31350.9,30993.2,38984.5,38104.1,1.67948,2.0587,0.0922941,0,31.7516,999.9,59.1,35.5,33.917,62.0525,20.1202,1,0.354296,0,20.4227,5.21744,11.98,4.96795,3.29538,9100.8,9999,9999,228.5,4.97002,1.87546,1.87149,1.87468,1.87442,1.87249,1.87379,1.875,0,0,0,0,11111111,oooooooo,on,on,on,on,0,100,100,-2.403,0.203,-1.365077507,-0.002774575,7.27494E-07,-2.16226E-10,-0.128153763,-0.001584374,0.000939206,-5.31953E-06,23,2146,2,22,1.8,1.6,0.155029,4.99756,1.49902,2.27417,1.4978,2.2937,38.5259,16.0321,3,357.42,629.277,32.4899,32.0013,29.9999,31.7981,31.8091,-1,40,10,-999.9,400,20,100.204,106.472
29,1784734522,3407,20260722 11:35:22,11:35:22,15,1784734514,0.000193598,0.193598329,0.252955918,439.5594667,356.9517988,36.14915955,44.51498871,0.006399011,3.11900789,0.006391727,0.003995483,261.450553,33.97478817,33.13636333,5.090945509,43.24504566,2.132935835,4.932208539,2.958009674,-8.537686306,-94.69701455,-6.943480397,151.2723717,3.297824985,0.045224105,0.252955918,459.4020746,453.3316667,0.554507493,92.64033756,0.193598329,21.107599,21.24218424,0.03104942,97.13722381,0,0,1,0,52524.23497,1500.002333,1273.86204,0.849240039,0.174300098,9,0.5,0: Broadleaf,2,TRUE,1784734514,439.5594667,447.5190667,21.06149333,20.95528,441.9974667,20.86549333,375.1361,101.1718333,0.099990137,32.5732,33.13636333,999.9,0,0,10000.622,715.0746333,0.218638,-7.939733,449.0385667,457.098,0.109586974,447.5190667,20.95528,2.131169667,2.120084,18.45391,18.37053,1500.002333,0.6919987,0.3080013,33.74584667,28282.54667,1784734549,11:35:48,1784734546,1784734549,30,0.015,0.012,-2.438,0.196,457,21,0.91,0.68,-7.0842345,-11.0473594,1.776062153,0,0.17885308,-1.109133487,0.162241573,0,0,2,0/2,2.63206,2.7126,0.101648,0.101813,0.10752,0.106109,25045.1,24721,25376,25313.6,31295.2,30846.6,38983.8,38104.6,1.6798,2.05732,0.0915825,0,31.6297,999.9,59.5,35.6,34.339,62.6225,20.2885,1,0.352924,0,20.4233,5.21744,11.98,4.9678,3.29518,9100.8,9999,9999,228.5,4.96995,1.87546,1.87149,1.87468,1.8744,1.87249,1.8738,1.875,0,0,0,0,11111111,oooooooo,on,on,on,on,0,100,100,-2.438,0.196,-1.315084551,-0.002774575,7.27494E-07,-2.16226E-10,-0.128153763,-0.001584374,0.000939206,-5.31953E-06,23,2146,2,22,1.5,3.6,0.155029,4.99756,1.49902,2.27417,1.4978,2.33032,38.5995,16.0321,3,357.366,627.703,32.3781,31.9583,30.0001,31.7569,31.7696,-1,40,10,-999.9,400,20,100.202,106.474
30,1784734642,3527,20260722 11:37:22,11:37:22,15,1784734634,0.00017813,0.178130169,0.097408397,437.0164667,390.0988748,39.50379894,44.25496137,0.00583927,3.11981203,0.005833205,0.003646297,261.4501687,33.74175107,32.87193,5.015865562,41.73331245,2.031071588,4.866787391,2.984793974,-7.855540453,-90.05681279,-6.585332458,156.952483,2.65426356,0.082916814,0.097408397,453.6065189,449.2570667,0.417909377,92.64105499,0.178130169,19.73166801,20.13345091,0.001646162,97.18780021,0,0,1,0,52583.42421,1500.001333,1273.861146,0.849240009,0.174299958,9,0.5,0: Broadleaf,2,TRUE,1784734634,437.0164667,443.4716,20.05677333,19.86182667,439.3994667,19.84377333,375.12,101.1661667,0.099952,32.3365,32.87193,999.9,0,0,10004.87067,714.7733,0.218638,-6.468860333,445.9325333,452.4582667,0.162793567,443.4716,19.86182667,2.025812,2.009344333,17.64739333,17.51802,1500.001333,0.692000667,0.307999367,33,28282.56333,1784734661,11:37:40,1784734661,1784734659,31,0.036,0.013,-2.383,0.213,450,21,0.55,0.43,-6.005973171,-2.975177143,1.278716235,0,0.180489824,0.284854026,0.123109597,0,0,2,0/2,2.63177,2.71264,0.10103,0.101379,0.10355,0.103658,25062.9,24732.2,25376.4,25312.6,31435.4,30930.6,38984,38103.3,1.67977,2.05638,0.0988245,0,31.2496,999.9,57.5,35.7,33.3698,62.1125,21.3061,1,0.350958,0,20.4239,5.21789,11.98,4.9681,3.29535,9100.8,9999,9999,228.5,4.97002,1.87546,1.87149,1.87468,1.87444,1.8725,1.87378,1.875,0,0,0,0,11111111,oooooooo,on,on,on,on,0,100,100,-2.383,0.213,-1.299617184,-0.002774575,7.27494E-07,-2.16226E-10,-0.115987047,-0.001584374,0.000939206,-5.31953E-06,23,2146,2,22,1.6,1.6,0.155029,4.99756,1.49902,2.27417,1.4978,2.43408,38.5995,16.0408,3,357.154,626.496,32.1811,31.917,30.0002,31.7188,31.7308,-1,40,10,-999.9,400,20,100.203,106.47
31,1784734762,3647,20260722 11:39:22,11:39:22,15,1784734754,0.000144921,0.144921308,0.209792285,438.5279333,348.1087042,35.24987059,44.40582127,0.004724388,3.119336922,0.004720416,0.002950617,261.4498163,33.70467464,32.86728333,5.014554906,41.48118039,2.013627958,4.854316919,3.000926948,-6.391029691,-96.90217944,-7.085232649,151.0713745,-0.376024422,0.152462619,0.209792285,449.1116767,447.1072485,0.151567686,92.64117974,0.144921308,19.57695206,19.94640364,-0.002780518,97.19655405,0,0,1,0,52580.15533,1499.999333,1273.859407,0.849239982,0.174299955,9,0.5,0: Broadleaf,2,TRUE,1784734754,438.5279333,437.7862,19.88550333,19.52699667,440.9859333,19.70950333,375.1331667,101.1611,0.10000081,32.29106667,32.86728333,999.9,0,0,10003.19233,714.1367333,0.218638,0.835512843,447.5272333,446.5056,0.372706,437.7862,19.52699667,2.013074667,1.975372333,17.54755667,17.24722,1499.999333,0.6920006,0.3079994,33,28282.51333,1784734781,11:39:41,1784734781,1784734777,32,-0.094,-0.015,-2.458,0.176,438,20,0.57,0.88,2.132484763,-22.93676438,2.780653748,0,0.599506098,-3.262939597,0.346500277,0,0,2,0/2,2.63177,2.71243,0.100661,0.100295,0.102868,0.103498,25074.2,24762.5,25377.2,25313,31460.2,30936.2,38985,38103.6,1.6805,2.05603,0.0984147,0,31.2759,999.9,57.1,35.8,33.3205,62.2325,21.0136,1,0.34908,0,20.4242,5.21714,11.98,4.96805,3.29528,9100.8,9999,9999,228.6,4.96998,1.87546,1.87149,1.87467,1.87441,1.87245,1.87378,1.875,0,0,0,0,11111111,oooooooo,on,on,on,on,0,100,100,-2.458,0.176,-1.263613552,-0.002774575,7.27494E-07,-2.16226E-10,-0.102705065,-0.001584374,0.000939206,-5.31953E-06,23,2146,2,22,1.7,1.7,0.155029,4.99756,1.49902,2.27417,1.4978,2.39868,38.5995,16.0321,3,357.353,625.94,32.0864,31.8834,30.0001,31.6881,31.7059,-1,40,10,-999.9,400,20,100.206,106.472
32,1784734882,3767,20260722 11:41:22,11:41:22,15,1784734874,0.00015205,0.152050159,-0.050568554,453.895,448.3810773,45.4055395,45.9639097,0.00523517,3.118164284,0.005230292,0.003269371,261.4503391,33.73597776,32.90908065,5.026355135,44.9763167,2.187313506,4.863256189,2.839041629,-6.705411993,-98.41549428,-7.201217038,149.1282158,0.119975507,0.272689819,-0.050568554,463.3170645,463.9386485,-0.050592116,92.64108846,0.152050159,21.10235197,21.48820061,-0.002800809,97.19231009,0,0,1,0,52547.52589,1500.002258,1273.861896,0.849239985,0.174299964,9,0.5,0: Broadleaf,2,TRUE,1784734874,453.895,454.4797742,21.5997871,20.95970968,456.364,21.4017871,375.1418065,101.1655161,0.099996165,32.32364516,32.90908065,999.9,0,0,9997.377419,713.530871,0.218638,-0.608939103,463.9044516,464.2095161,0.668713387,454.4797742,20.95970968,2.188051935,2.12040129,18.87485161,18.37298065,1500.002258,0.692000484,0.307999516,33.01076129,28282.57097,1784734916,11:41:55,1784734901,1784734916,33,0.031,0.006,-2.469,0.198,458,21,0.99,0.51,1.206410434,-22.39576602,2.93504808,0,0.619546098,-0.001656502,0.226789645,1,1,2,1/2,2.63189,2.71257,0.103371,0.102999,0.10832,0.10703,24995.7,24685.5,25374.4,25310.4,31264.5,30810.4,38980.9,38099.2,1.68027,2.0548,0.0877306,0,31.4602,999.9,58.9,35.9,34.5599,61.9325,21.1018,1,0.351936,0,20.4247,5.21804,11.9801,4.96785,3.29525,9100.8,9999,9999,228.6,4.96995,1.87546,1.87149,1.87468,1.87444,1.87254,1.87378,1.875,0,0,0,0,11111111,oooooooo,on,on,on,on,0,100,100,-2.469,0.198,-1.357723349,-0.002774575,7.27494E-07,-2.16226E-10,-0.117509767,-0.001584374,0.000939206,-5.31953E-06,23,2146,2,22,1.7,1.8,0.155029,4.99756,1.49902,2.27417,1.4978,2.40723,38.6487,16.0233,3,357.343,625.058,32.1004,31.9082,30.0001,31.7076,31.7198,-1,40,10,-999.9,400,20,100.195,106.46
33,1784735002,3887,20260722 11:43:22,11:43:22,15,1784734994,0.000143412,0.143412316,0.236724983,446.6387333,348.9947398,35.34127873,45.22928907,0.00481738,3.119209428,0.00481325,0.003008652,261.4500318,33.6219904,32.77825667,4.989501196,42.99924819,2.077532772,4.831556038,2.911968424,-6.324483118,-95.91614798,-7.007496056,152.2019047,0.392636531,0.308784682,0.236724983,462.3018551,457.2374303,0.455729649,92.64110294,0.143412316,19.695963,20.35776667,-0.031450603,97.19309611,0,0,1,0,52591.64104,1500.001,1273.860792,0.849239962,0.174299905,9,0.5,0: Broadleaf,2,TRUE,1784734994,446.6387333,447.9116667,20.51561333,19.78995667,449.1277333,20.33961333,375.1151333,101.1659667,0.09996862,32.20788,32.77825667,999.9,0,0,10002.12633,713.5830333,0.218638,-1.229284931,456.0493667,456.9548667,0.749539467,447.9116667,19.78995667,2.077898333,2.002069333,18.05047333,17.46016667,1500.001,0.692001267,0.307998733,33,28282.55667,1784735022,11:43:42,1784735022,1784735018,34,-0.046,-0.009,-2.489,0.176,445,20,0.79,0.4,-1.183996461,-22.5631016,4.200712774,0,0.603783188,1.170679618,0.318710581,0,0,2,0/2,2.63213,2.7128,0.102363,0.10248,0.104319,0.103967,25023.2,24698.6,25373.8,25309.2,31405,30915.7,38979.8,38098.1,1.68055,2.05417,0.0849143,0,31.3991,999.9,57.3,36,33.8081,62.1725,21.0256,1,0.352436,0,20.4248,5.21699,11.9801,4.9677,3.29525,9100.8,9999,9999,228.6,4.96999,1.87546,1.87149,1.87467,1.8744,1.87252,1.87378,1.875,0,0,0,0,11111111,oooooooo,on,on,on,on,0,100,100,-2.489,0.176,-1.326303057,-0.002774575,7.27494E-07,-2.16226E-10,-0.111694175,-0.001584374,0.000939206,-5.31953E-06,23,2146,2,22,1.7,1.4,0.155029,4.99756,1.49902,2.27295,1.4978,2.39624,38.6241,16.0233,3,357.48,624.527,32.0245,31.9142,29.9999,31.7076,31.7191,-1,40,10,-999.9,400,20,100.193,106.456
34,1784735122,4007,20260722 11:45:22,11:45:22,15,1784735114,0.000188068,0.188067627,0.020415433,439.5387419,413.8059806,41.90398211,44.50980518,0.006264693,3.117540959,0.006257708,0.003911694,261.4503374,33.44763122,32.5969871,4.938825142,41.77468158,1.999701592,4.78687453,2.93912355,-8.293782366,-93.01260959,-6.7874743,153.3564711,-0.098445585,0.232846291,0.020415433,445.5298089,447.7954788,-0.235189814,92.64119661,0.188067627,19.03686148,19.66612,-0.018097151,97.19971532,0,0,1,0,52581.32962,1500.001935,1273.861644,0.84924,0.1743,9,0.5,0: Broadleaf,2,TRUE,1784735114,439.5387419,439.5480968,19.74725161,19.19967097,442.0097419,19.59925161,375.1472903,101.1647742,0.100031229,32.04358065,32.5969871,999.9,0,0,9994.592258,713.1680645,0.218638,-0.013944629,448.3985161,448.1527097,0.569048516,439.5480968,19.19967097,1.999897419,1.94233129,17.44349677,16.98137419,1500.001935,0.692,0.308,33,28282.56774,1784735144,11:45:44,1784735144,1784735141,35,-0.008,0.002,-2.471,0.148,434,19,0.29,0.28,-0.198525202,9.662234479,1.742183976,0,0.511136366,1.203133484,0.133987662,0,0,2,0/2,2.63224,2.71256,0.100797,0.100383,0.101814,0.0996537,25067.6,24756.7,25374.4,25309.6,31493.8,31065.6,38980.4,38098.6,1.68023,2.05505,0.0918619,0,31.0949,999.9,55.3,36,32.626,62.0226,20.4046,1,0.35076,0,20.426,5.21729,11.9801,4.96785,3.29535,9100.8,9999,9999,228.7,4.97,1.87546,1.87149,1.87467,1.87445,1.87253,1.87378,1.875,0,0,0,0,11111111,oooooooo,on,on,on,on,0,100,100,-2.471,0.148,-1.372608243,-0.002774575,7.27494E-07,-2.16226E-10,-0.120201751,-0.001584374,0.000939206,-5.31953E-06,23,2146,2,22,1.7,1.7,0.153809,4.99756,1.49902,2.27295,1.4978,2.33765,38.575,16.0058,3,357.234,625.093,31.8695,31.8867,30,31.6914,31.7032,-1,40,10,-999.9,400,20,100.195,106.457
35,1784735242,4127,20260722 11:47:22,11:47:22,15,1784735234,0.000180428,0.180427762,-0.257171931,437.1585161,482.7375989,48.88502155,44.26939922,0.006120252,3.118015189,0.006113585,0.003821589,261.4495501,33.54945049,32.73443548,4.977209178,43.47460735,2.092908582,4.814094272,2.884300596,-7.956864291,-99.28002015,-7.252191702,146.960474,4.367332243,-0.229677194,-0.257171931,457.1482585,452.5004182,0.536265632,92.64118096,0.180427762,21.35338513,21.12724,0.062930114,97.19761822,0,0,1,0,52575.05706,1499.997419,1273.857771,0.849239975,0.1743,9,0.5,0: Broadleaf,2,TRUE,1784735234,437.1585161,447.3949677,20.6673871,21.207,439.5495161,20.5063871,375.152871,101.1662258,0.100014206,32.14382903,32.73443548,999.9,0,0,9996.623548,711.4032258,0.218638,-10.32335548,446.3138065,457.089,-0.501689158,447.3949677,21.207,2.094679032,2.145433871,18.17733226,18.55994839,1499.997419,0.691999903,0.308000065,33.7110129,28282.47097,1784735281,11:48:01,1784735281,1784735269,36,0.071,0.002,-2.391,0.161,430,19,0.83,0.45,-10.20723975,8.721716285,3.447858994,0,-0.610539948,2.573855589,0.30152402,0,0,2,0/2,2.63242,2.71257,0.101522,0.101653,0.107092,0.106075,25046.2,24721.4,25373.1,25309.2,31305.9,30842.2,38978.6,38097.7,1.68015,2.05367,0.0942834,0,31.2222,999.9,57.2,36,33.7487,62.2026,20.3726,1,0.351649,0,20.4251,5.21714,11.9801,4.9677,3.29513,9100.8,9999,9999,228.7,4.97001,1.87547,1.87149,1.87468,1.8744,1.87251,1.87378,1.875,0,0,0,0,11111111,oooooooo,on,on,on,on,0,100,100,-2.391,0.161,-1.380626106,-0.002774575,7.27494E-07,-2.16226E-10,-0.117716166,-0.001584374,0.000939206,-5.31953E-06,23,2146,2,22,1.6,1.7,0.153809,4.99756,1.49902,2.27173,1.4978,2.34375,38.5014,16.0058,3,357.223,624.028,31.8722,31.8801,30.0002,31.6965,31.7114,-1,40,10,-999.9,400,20,100.19,106.455
36,1784735362,4247.1,20260722 11:49:22,11:49:22,15,1784735354,0.000173549,0.173549172,-0.080309671,440.7805484,441.8208725,44.74343561,44.63808143,0.005729831,3.118655439,0.005723989,0.003578017,261.4504951,33.56736588,32.74523548,4.980236172,41.83402655,2.015810556,4.818590805,2.964425616,-7.653518485,-98.33987892,-7.183004916,148.2740928,-1.388892208,0.082479622,-0.080309671,448.1164852,448.5821091,-0.027336928,92.6417008,0.173549172,20.16227057,20.0577,0.049611853,97.24493551,0,0,1,0,52587.11521,1500.002903,1273.862461,0.849239997,0.174299993,9,0.5,0: Broadleaf,2,TRUE,1784735354,440.7805484,437.5356129,19.90520323,19.71126129,443.0965484,19.69720323,375.1332258,101.1705484,0.099985429,32.16034194,32.74523548,999.9,0,0,9999.132581,711.4106129,0.218638,3.146101903,449.6173226,446.3342581,0.162590342,437.5356129,19.71126129,2.010650645,1.994200968,17.52835484,17.39634194,1500.002903,0.692000097,0.307999903,34,28282.56129,1784735388,11:49:47,1784735388,1784735387,37,0.127,0.005,-2.316,0.208,456,21,0.85,0.6,4.024875225,-27.75659168,3.617735557,0,0.28460154,-3.231017444,0.343535246,0,0,2,0/2,2.63206,2.71271,0.100877,0.0996255,0.103292,0.102635,25061,24772.7,25370.2,25304.7,31436.3,30956.4,38973.8,38091.6,1.67983,2.05292,0.0925176,0,31.2458,999.9,55.8,36,32.9226,62.3989,20.6611,1,0.35565,0,20.4248,5.21699,11.98,4.968,3.29518,9100.8,9999,9999,228.7,4.97001,1.87546,1.87149,1.87468,1.87441,1.87255,1.87378,1.87498,0,0,0,0,11111111,oooooooo,on,on,on,on,0,100,100,-2.316,0.208,-1.309491224,-0.002774575,7.27494E-07,-2.16226E-10,-0.115883727,-0.001584374,0.000939206,-5.31953E-06,23,2146,2,22,1.4,1.6,0.153809,4.99756,1.4978,2.27173,1.4978,2.3999,38.4769,16.0146,3,357.237,623.72,31.9083,31.9283,30.0001,31.7299,31.7419,-1,40,10,-999.9,400,20,100.178,106.438
37,1784735482,4367.1,20260722 11:51:22,11:51:22,15,1784735474,0.000201541,0.201540662,-0.246828272,435.9958,473.4339559,47.9443601,44.15302151,0.00663887,3.118024596,0.006631027,0.004145096,261.449938,33.63984406,32.8257,5.002839015,41.97776884,2.031803897,4.840190304,2.971035118,-8.887943204,-98.54352212,-7.204979826,146.8134929,-0.113189942,0.150899349,-0.246828272,439.7066499,444.1862727,-0.393908727,92.64188678,0.201540662,19.45172331,20.05655758,-0.012688666,97.26514902,0,0,1,0,52558.86662,1499.999667,1273.859637,0.849239947,0.174299997,9,0.5,0: Broadleaf,2,TRUE,1784735474,435.9958,435.8821,20.06336,19.70864333,438.3658,19.89136,375.1857,101.1693667,0.100006823,32.23947667,32.8257,999.9,0,0,9996.356333,711.1996,0.218638,0.2069357,445.0244667,444.6468333,0.369955604,435.8821,19.70864333,2.031340667,1.993912667,17.69066667,17.39379,1499.999667,0.691999833,0.3080001,34,28282.50667,1784735519,11:51:59,1784735504,1784735519,38,-0.101,-0.007,-2.37,0.172,433,20,0.53,0.82,-0.478653854,24.90978213,3.744804809,0,0.228786363,2.890499271,0.343895584,0,0,2,0/2,2.63154,2.71254,0.10009,0.0990233,0.103152,0.0999262,25081.3,24787.6,25368.6,25303.2,31439,31048.9,38971,38089.9,1.67915,2.0531,0.0944622,0,31.3047,999.9,55.3,36,32.6238,62.0689,21.4543,1,0.358303,0,20.4247,5.21759,11.98,4.9677,3.29505,9100.8,9999,9999,228.8,4.97,1.87546,1.87149,1.87469,1.87443,1.87253,1.87378,1.875,0,0,0,0,11111111,oooooooo,on,on,on,on,0,100,100,-2.37,0.172,-1.182165748,-0.002774575,7.27494E-07,-2.16226E-10,-0.11099951,-0.001584374,0.000939206,-5.31953E-06,23,2146,2,22,1.6,1.6,0.153809,4.99756,1.49902,2.27051,1.4978,2.323,38.4279,15.997,3,357.077,624.214,31.9769,31.9621,30.0003,31.7634,31.7752,-1,40,10,-999.9,400,20,100.171,106.432
38,1784735602,4487.1,20260722 11:53:22,11:53:22,15,1784735594,0.000183906,0.183906239,0.219364726,435.7837742,356.5796909,36.11173377,44.13293307,0.005908554,3.117233933,0.005902339,0.00368952,261.4492998,33.81965292,33.06132258,5.06954065,41.41667358,2.024590791,4.888347171,3.044949858,-8.110265148,-108.6505766,-7.962012891,136.7264451,3.482191987,-0.264941057,0.219364726,456.5133,449.5955273,0.648788769,92.64200612,0.183906239,20.83707742,20.54447697,0.070180515,97.27927914,0,0,1,0,52510.48445,1499.996129,1273.856627,0.849239943,0.174299983,9,0.5,0: Broadleaf,2,TRUE,1784735594,435.7837742,443.8606129,19.99150645,20.61439677,438.0397742,19.84150645,375.1543871,101.1725161,0.100031606,32.41480968,33.06132258,999.9,0,0,9992.419677,710.9655484,0.218638,-8.197400645,444.5644516,453.2036129,-0.594007861,443.8606129,20.61439677,2.025514194,2.085610645,17.64328065,18.10798065,1499.996129,0.692000032,0.307999903,34,28282.46129,1784735638,11:53:57,1784735638,1784735632,39,0.141,0.002,-2.256,0.15,449,19,2.85,1.62,-6.8614414,-17.24729462,3.5643551,0,-0.355753473,-3.272442888,0.499776926,0,0,2,0/2,2.63171,2.71262,0.101042,0.100583,0.105063,0.105182,25050.9,24741.3,25365,25299.8,31367.5,30862.5,38965.8,38084.6,1.6791,2.0511,0.0916943,0,31.583,999.9,56.5,36,33.3361,61.9789,21.3261,1,0.363371,0,20.4236,5.21759,11.98,4.9676,3.29518,9100.8,9999,9999,228.8,4.97001,1.87546,1.87149,1.87466,1.8744,1.87248,1.87379,1.875,0,0,0,0,11111111,oooooooo,on,on,on,on,0,100,100,-2.256,0.15,-1.282781004,-0.002774575,7.27494E-07,-2.16226E-10,-0.117941248,-0.001584374,0.000939206,-5.31953E-06,23,2146,2,22,1.6,1.4,0.153809,4.99756,1.49902,2.27051,1.4978,2.31689,38.379,15.9883,3,357.36,623.18,32.0797,32.0243,30.0003,31.8223,31.8363,-1,40,10,-999.9,400,20,100.157,106.418
39,1784736039,4924.1,20260722 12:00:39,12:00:39,15,1784736031,0.002077697,2.07769718,4.260740254,439.0552581,350.7756495,35.52691444,44.46796296,0.093404142,3.119342169,0.091877736,0.057558649,261.4495882,33.14035134,32.27913871,4.851047565,54.78119796,2.645469306,4.829155631,2.205578259,-91.62644564,-13.46227774,-0.981041306,155.3798235,6.772828304,2.035681116,4.260740254,468.2510105,454.1150061,0.37499019,92.642141,2.07769718,21.46811317,26.23224182,0.008681171,97.29733177,0,0,1,0,52596.54715,1499.997742,1273.858037,0.84923997,0.174299988,9,0.5,0: Broadleaf,2,TRUE,1784736031,439.0552581,457.4482903,26.12009032,21.36383226,441.3603226,25.94909032,375.1390323,101.1810323,0.099984513,32.1990871,32.27913871,999.9,0,0,10001.24581,706.1372903,0.218638,-18.39323548,450.8630968,467.4348387,4.825826129,457.4482903,21.36383226,2.649893871,2.161612581,21.97765806,18.68036452,1499.997742,0.692000065,0.307999903,34,28282.49032,1784736077,12:01:17,1784736008,1784736077,41,-0.062,0.006,-2.313,0.171,444,20,0.29,0.06,-19.55358049,15.40803763,2.407171226,0,4.882294634,-1.39790885,0.140340605,0,0,2,0/2,2.63174,2.71258,0.101369,0.104082,0.124645,0.109004,25030.6,24633.3,25354.3,25288.4,30663.3,30716.4,38949.2,38067.2,1.66975,2.04498,0.0719093,0,31.1213,999.9,58.4,36,34.4521,62.5289,19.8638,1,0.378753,0,20.4232,5.21684,11.9801,4.9677,3.2952,9100.8,9999,9999,228.9,4.97001,1.87546,1.87149,1.87461,1.8744,1.87247,1.87378,1.875,0,0,0,0,11111111,oooooooo,on,on,on,on,0,100,100,-2.313,0.171,-1.203749229,-0.002774575,7.27494E-07,-2.16226E-10,0.240564994,0,0,0,23,2146,2,22,0.5,0.6,0.153809,4.99756,1.49902,2.27173,1.4978,2.40479,38.2324,15.962,3,353.758,620.074,32.0594,32.212,30.0004,32.0196,32.0298,-1,40,10,-999.9,400,20,100.115,106.369
40,1784736353,5238.1,20260722 12:05:53,12:05:53,15,1784736345,0.001808686,1.808686102,3.847962696,452.068871,358.2990689,36.28819744,45.78511604,0.079105251,3.11755883,0.078006836,0.04885169,261.449728,33.12315103,32.25248387,4.84374862,53.71066577,2.581549003,4.806399187,2.262199617,-79.76305711,-23.01689798,-1.677369323,156.9924036,6.849174759,1.419389077,3.847962696,478.9014639,467.5013212,0.198968859,92.64129546,1.808686102,22.49400145,26.01456,0.068317088,97.22879506,0,0,1,0,52569.64479,1499.998065,1273.858382,0.849240017,0.174300044,9,0.5,0: Broadleaf,2,TRUE,1784736345,452.068871,470.0406774,25.48946129,22.17090323,454.4035484,25.31146129,375.1293871,101.1790645,0.100008168,32.11553871,32.25248387,999.9,0,0,9993.262581,706.8279032,0.218638,-17.97173871,463.9266452,480.6983226,3.386786452,470.0406774,22.17090323,2.585902903,2.243231935,21.57662903,19.2727129,1499.998065,0.691999419,0.308000581,34,28282.4871,1784736383,12:06:23,1784736008,1784736383,42,-0.062,-0.02,-2.313,0.178,444,20,0.29,0.04,-18.33154878,26.42697909,3.561182008,0,3.501192195,-1.335563206,0.296933019,0,0,2,0/2,2.63094,2.71252,0.103524,0.104936,0.123896,0.110295,24960.7,24600.6,25345,25279.4,30678.9,30660.9,38934.3,38053.5,1.67267,2.04295,0.0923313,0,30.7706,999.9,59.5,36,35.1017,62.7489,20.4968,1,0.39029,0,20.4233,5.21759,11.9804,4.96785,3.29515,9100.8,9999,9999,229,4.97002,1.87546,1.87149,1.87466,1.87442,1.87252,1.87378,1.875,0,0,0,0,11111111,oooooooo,on,on,on,on,0,100,100,-2.342,0.178,-1.203749229,-0.002774575,7.27494E-07,-2.16226E-10,0.246223014,0,0,0,23,2146,2,22,5.8,4.6,0.155029,4.99756,1.49902,2.27173,1.4978,2.31201,38.2812,15.927,3,356.004,619.992,31.9737,32.3595,30,32.1744,32.1852,-1,40,10,-999.9,400,20,100.077,106.331
41,1784736473,5358.1,20260722 12:07:53,12:07:53,15,1784736465,0.001915541,1.915540879,3.891150754,450.0824516,360.3680291,36.49918176,45.58573425,0.084308553,3.120125392,0.083063122,0.052024815,261.449728,33.08447556,32.22517097,4.836279394,53.84227333,2.586148616,4.80319358,2.250130778,-84.47535278,-20.42584468,-1.487034511,155.061496,6.000898701,1.843849334,3.891150754,478.4506401,464.6270303,0.435241627,92.64194884,1.915540879,21.32632472,25.64639394,0.015268006,97.27499771,0,0,1,0,52631.15102,1499.99871,1273.858923,0.849240013,0.174299969,9,0.5,0: Broadleaf,2,TRUE,1784736465,450.0824516,466.4709355,25.53386774,21.22304194,452.4126129,25.31286774,375.1234516,101.1830968,0.099977219,32.10374194,32.22517097,999.9,0,0,10004.63387,706.5860968,0.218638,-16.38847742,461.8785161,476.586,4.31604129,466.4709355,21.22304194,2.584123226,2.147413226,21.56623871,18.57475806,1499.99871,0.692000516,0.307999516,34,28282.51613,1784736496,12:08:15,1784736008,1784736496,43,-0.062,0.01,-2.313,0.221,444,22,0.29,0.06,-16.56539024,-1.69951777,1.396478818,0,4.333362439,-0.960361254,0.132594978,0,0,2,0/2,2.63123,2.71259,0.103117,0.106016,0.122726,0.109091,24972.6,24570,25345.5,25278.5,30720.4,30701.6,38934.6,38052.1,1.67323,2.04247,0.0929125,0,30.7234,999.9,58.7,36.1,34.8166,61.5489,20.3285,1,0.38999,0,20.4241,5.21714,11.9813,4.9677,3.29513,9100.8,9999,9999,229,4.97,1.87546,1.87149,1.87466,1.8744,1.87249,1.87378,1.87498,0,0,0,0,11111111,oooooooo,on,on,on,on,0,100,100,-2.337,0.221,-1.203749229,-0.002774575,7.27494E-07,-2.16226E-10,0.226204307,0,0,0,23,2146,2,22,7.8,1.5,0.155029,4.99756,1.49902,2.27173,1.4978,2.30713,38.379,15.9182,3,356.306,619.698,31.9795,32.3566,30.0002,32.1801,32.1951,-1,40,10,-999.9,400,20,100.078,106.327
42,1784736593,5478.1,20260722 12:09:53,12:09:53,15,1784736585,0.001808917,1.808917334,4.461145531,459.3477,355.802997,36.03675823,46.5240657,0.081322486,3.119355565,0.080162779,0.050204554,261.4503187,33.04073639,32.11271,4.805630355,54.4235181,2.603723993,4.784189048,2.201906362,-79.77325445,-13.29333304,-0.967146657,167.4165845,13.38916188,1.600464684,4.461145531,517.6088602,485.1158182,2.188009728,92.64203921,1.808917334,22.26806265,26.0121,0.046714368,97.28807271,0,0,1,0,52625.42144,1500.002,1273.861725,0.849240018,0.17429998,9,0.5,0: Broadleaf,2,TRUE,1784736585,459.3477,493.2358,25.70744,21.96620667,461.6986,25.48544,375.1139333,101.1829333,0.099963477,32.03366333,32.11271,999.9,0,0,10001.11933,706.8223,0.218638,-33.88805667,471.4758,504.3178333,3.755038333,493.2358,21.96620667,2.602551667,2.222605,21.68222,19.12425667,1500.002,0.692000367,0.307999667,34,28282.56,1784736614,12:10:14,1784736008,1784736614,44,-0.062,-0.008,-2.313,0.222,444,22,0.29,0.08,-30.97323902,-57.96851916,5.861308921,0,3.838933171,-1.772822718,0.205410104,0,0,2,0/2,2.63156,2.71256,0.10656,0.11055,0.123966,0.112062,24878.4,24448.1,25347.1,25281.2,30678.9,30601.8,38937.2,38055.5,1.67345,2.04207,0.0919215,0,30.6166,999.9,59.5,36.1,35.2944,61.6689,19.7837,1,0.386621,0,20.4242,5.21714,11.9801,4.96775,3.2952,9100.8,9999,9999,229.1,4.97,1.87546,1.87149,1.87463,1.87445,1.87252,1.87378,1.87498,0,0,0,0,11111111,oooooooo,on,on,on,on,0,100,100,-2.383,0.222,-1.203749229,-0.002774575,7.27494E-07,-2.16226E-10,0.235818006,0,0,0,23,2146,2,22,9.8,1.6,0.155029,4.99756,1.4978,2.27173,1.4978,2.39624,38.4034,15.9182,3,356.271,619.102,31.9355,32.3166,29.9999,32.1517,32.1697,-1,40,10,-999.9,400,20,100.085,106.337
43,1784736713,5598.1,20260722 12:11:53,12:11:53,15,1784736705,0.001796049,1.796048801,4.136920707,462.9912581,368.4282829,37.31519246,46.89272976,0.083683276,3.118204568,0.082455361,0.051643423,261.4497117,33.03739671,31.94143226,4.759276803,55.07052294,2.63365919,4.782339171,2.125617613,-79.20575214,14.35593597,1.043926331,197.6438218,0.709132994,1.83183198,4.136920707,472.4172787,470.0059576,-0.785316283,92.64208837,1.796048801,21.46102381,25.91656182,-0.024976714,97.2923202,0,0,1,0,52599.94293,1499.998387,1273.858665,0.849240023,0.174299995,9,0.5,0: Broadleaf,2,TRUE,1784736705,462.9912581,466.7272581,26.00320323,21.72274516,465.3702581,25.81020323,375.1417742,101.1820968,0.1000094,32.02682903,31.94143226,999.9,0,0,9995.923871,706.7599032,0.218638,-3.716126774,475.3895161,477.0924839,4.315189032,466.7272581,21.72274516,2.634574839,2.197954194,21.88260968,18.94629677,1499.998387,0.692000161,0.307999871,34,28282.51613,1784736737,12:12:16,1784736737,1784736737,45,-0.029,0.002,-2.379,0.193,459,21,0.81,0.05,-5.736725122,39.72562202,4.240583631,0,4.174895366,3.238994216,0.330516451,0,0,2,0/2,2.63121,2.71248,0.103896,0.103635,0.123565,0.108255,24956.2,24641,25350.5,25283.9,30696.3,30736.7,38942,38060.2,1.67397,2.04417,0.0797138,0,30.6495,999.9,59,36.2,35.1896,61.9989,20.4888,1,0.381217,0,20.4237,5.21714,11.98,4.96775,3.295,9100.8,9999,9999,229.1,4.97001,1.87546,1.87148,1.87463,1.87442,1.87251,1.87378,1.875,0,0,0,0,11111111,oooooooo,on,on,on,on,0,100,100,-2.379,0.193,-1.203749229,-0.002774575,7.27494E-07,-2.16226E-10,0.227735779,0,0,0,23,2146,2,22,11.8,1.6,0.155029,4.99756,1.49902,2.27173,1.4978,2.2876,38.4769,15.892,3,356.289,620.388,31.8959,32.2643,29.9999,32.1047,32.1246,-1,40,10,-999.9,400,20,100.098,106.35
44,1784736833,5718.1,20260722 12:13:53,12:13:53,15,1784736825,0.001532973,1.532973017,3.67120878,441.6412,337.0446623,34.13597589,44.72954193,0.065943927,3.119800735,0.065179245,0.040804993,261.4502437,33.06586266,31.93797,4.758343827,51.56747016,2.461197769,4.772771985,2.297146058,-67.60411005,8.994491759,0.653596526,203.4942219,6.193155474,1.605160182,3.67120878,469.2720736,455.9297879,0.441602141,92.6423302,1.532973017,20.52057099,24.21453697,-0.010158719,97.32904985,0,0,1,0,52642.95453,1500.001333,1273.861137,0.849240003,0.174300008,9,0.5,0: Broadleaf,2,TRUE,1784736825,441.6412,458.2006,24.30086,20.54335,443.9810667,24.06686,375.1255667,101.1803,0.09997441,31.99144667,31.93797,999.9,0,0,10003.42133,706.4806,0.218638,-16.55933667,452.6387,467.811,3.752953333,458.2006,20.54335,2.458309333,2.078584333,20.75304333,18.05593667,1500.001333,0.6919999,0.3080001,34,28282.52667,1784736872,12:14:31,1784736737,1784736872,46,-0.029,0.013,-2.379,0.234,459,22,0.81,0.05,-17.02541707,5.268940767,1.733904508,0,3.734443902,0.163360139,0.062106097,0,0,2,0/2,2.63132,2.7126,0.10179,0.103896,0.117812,0.105392,25017,24635.1,25352.5,25285.1,30901.6,30837.2,38945.2,38061.8,1.67402,2.0447,0.0834465,0,30.5967,999.9,57.2,36.3,34.3046,62.0589,20.4928,1,0.311341,0.0697168,20.4226,5.21325,11.9801,4.9673,3.29478,9100.8,9999,9999,229.1,4.97001,1.87546,1.87149,1.87464,1.87442,1.87252,1.8738,1.875,0,0,0,0,11111111,oooooooo,on,on,on,on,0,100,100,-2.347,0.234,-1.232493278,-0.002774575,7.27494E-07,-2.16226E-10,0.229446431,0,0,0,23,2146,2,22,1.6,1.6,0.155029,4.99756,1.49902,2.27173,1.4978,2.32178,38.5995,15.892,3,356.087,620.419,31.8738,32.2196,29.9999,32.0611,32.0852,-1,40,10,-999.9,400,20,100.106,106.355
45,1784736953,5838.1,20260722 12:15:53,12:15:53,15,1784736945,0.001067605,1.067604754,3.089461021,444.8943667,315.6798715,31.96998088,45.055975,0.043569977,3.119312085,0.043234687,0.027051589,261.4496549,33.12132905,32.04426667,4.787060344,49.92052391,2.374714565,4.756990471,2.412345779,-47.08136964,-18.72050107,-1.360882756,194.2869015,2.616173266,1.189247082,3.089461021,457.9859849,454.5858788,-0.423143687,92.64309911,1.067604754,20.49213844,23.31888121,-0.031381325,97.46292956,0,0,1,0,52641.5943,1499.998667,1273.858706,0.849239892,0.174299925,9,0.5,0: Broadleaf,2,TRUE,1784736945,444.8943667,452.4401,23.44854667,20.66235,447.4023667,23.25854667,375.1439667,101.1734333,0.099988803,31.93294667,32.04426667,999.9,0,0,10001.859,707.1417,0.218638,-7.385372913,455.7657,461.9867667,2.838772,452.4401,20.66235,2.377690667,2.090481667,20.21253333,18.14613667,1499.998667,0.6920007,0.3079992,33,28282.50333,1784736989,12:16:29,1784736989,1784736985,47,-0.124,-0.006,-2.508,0.19,456,21,1.51,0.13,-7.662980668,25.74589884,3.791285448,0,2.673585122,2.949470592,0.319881781,0,0,2,0/2,2.6319,2.71262,0.101539,0.100789,0.114621,0.104375,25022.4,24718.3,25350.9,25282.7,31012.1,30869.5,38942.6,38058.6,1.67395,2.0448,0.0889301,0,30.6086,999.9,57,36.4,34.3717,61.7589,19.9279,1,0.312523,0.0697168,20.4233,5.21699,11.9803,4.96785,3.29518,9100.8,9999,9999,229.2,4.97002,1.87546,1.87149,1.87467,1.87444,1.87253,1.87378,1.875,0,0,0,0,11111111,oooooooo,on,on,on,on,0,100,100,-2.508,0.19,-1.232493278,-0.002774575,7.27494E-07,-2.16226E-10,0.242578936,0,0,0,23,2146,2,22,3.6,1.4,0.155029,4.99756,1.49902,2.27051,1.4978,2.37183,38.6733,15.8832,3,355.991,620.386,31.7962,32.2025,30.0003,32.0498,32.074,-1,40,10,-999.9,400,20,100.099,106.345
46,1784737073,5958.1,20260722 12:17:53,12:17:53,15,1784737065,0.000791812,0.791811802,2.380350863,453.243871,314.9014988,31.89118359,45.90160274,0.031194857,3.118903752,0.031022553,0.019404497,261.4505151,33.18440092,32.09363548,4.800448775,48.49397286,2.306264001,4.755774511,2.494184774,-34.91890049,-27.77831763,-2.020048782,196.7332482,4.026396931,0.829605562,2.380350863,468.9655832,464.9460788,-0.184012223,92.64234949,0.791811802,20.70700114,22.71502848,-0.014645387,97.32908592,0,0,1,0,52632.92169,1500.002581,1273.86218,0.849239992,0.174300044,9,0.5,0: Broadleaf,2,TRUE,1784737065,453.243871,463.8055806,22.77262581,20.82766452,455.535871,22.56662581,375.1447097,101.1735161,0.100004997,31.92843226,32.09363548,999.9,0,0,9999.978065,707.0425484,0.218638,-10.75887871,463.6243548,473.6713871,1.987856452,463.8055806,20.82766452,2.308325806,2.107207742,19.73459355,18.27337742,1500.002581,0.691999323,0.308000645,33,28282.56452,1784737110,12:18:30,1784737093,1784737110,48,0.207,0.006,-2.292,0.206,464,21,0.58,0.17,-11.87490585,29.88554174,3.939937441,0,1.851870976,2.233041115,0.224762987,0,0,2,0/2,2.6315,2.71245,0.10335,0.103908,0.112501,0.105468,24966.9,24627.9,25346,25278.2,31081.2,30826.4,38934.9,38051.7,1.67292,2.04287,0.0908747,0,30.6359,999.9,56.9,36.4,34.3135,62.6889,19.972,1,0.384898,0,20.4247,5.21729,11.9807,4.9677,3.29508,9100.8,9999,9999,229.2,4.96998,1.87546,1.87149,1.87465,1.8744,1.87249,1.87378,1.87498,0,0,0,0,11111111,oooooooo,on,on,on,on,0,100,100,-2.292,0.206,-1.355865816,-0.002774575,7.27494E-07,-2.16226E-10,-0.13251651,-0.001584374,0.000939206,-5.31953E-06,23,2146,2,22,1.4,1.5,0.153809,4.99756,1.49902,2.27051,1.4978,2.3877,38.7225,15.8745,3,355.688,619.159,31.7745,32.2583,30.0001,32.0894,32.1106,-1,40,10,-999.9,400,20,100.08,106.326
47,1784737194,6078.5,20260722 12:19:53,12:19:53,15,1784737186,0.000671513,0.671512656,2.363362901,444.6285484,280.2707271,28.38453861,45.02994776,0.025474944,3.118496833,0.025359895,0.015860227,261.4499039,33.26733804,32.18756774,4.82601249,46.91293545,2.237831249,4.770179541,2.588181241,-29.61370814,-34.58644336,-2.517289554,194.7324628,0.185309169,0.774501738,2.363362901,451.9254598,451.3571273,-0.529897142,92.64247606,0.671512656,20.15884173,22.00400061,-0.026022581,97.44480251,0,0,1,0,52614.32508,1499.999677,1273.85971,0.849239989,0.174299973,9,0.5,0: Broadleaf,2,TRUE,1784737186,444.6285484,445.8992903,22.0964871,20.27943871,446.9395484,21.9224871,375.1409032,101.1754516,0.099979132,31.98184839,32.18756774,999.9,0,0,9997.920645,706.8671935,0.218638,-1.222282516,454.753129,455.1302903,1.877274194,445.8992903,20.27943871,2.241715161,2.05178129,19.26350968,17.84887097,1499.999677,0.692000355,0.307999645,33.75806129,28282.52903,1784737222,12:20:21,1784737217,1784737222,49,-0.08,0.023,-2.311,0.174,433,20,0.49,0.07,-2.948367756,31.6528893,3.680341068,0,1.827367561,0.943936725,0.114269019,0,0,2,0/2,2.63152,2.71254,0.101059,0.099511,0.110018,0.101815,25031.8,24748.6,25347.1,25278,31169.6,30952.6,38936.3,38051.8,1.67283,2.04465,0.0929832,0,30.687,999.9,55.8,36.4,33.6494,62.6889,19.5112,1,0.383862,0,20.4239,5.21729,11.9803,4.9677,3.2951,9100.8,9999,9999,229.2,4.97,1.87546,1.87149,1.87466,1.8744,1.87248,1.87378,1.87498,0,0,0,0,11111111,oooooooo,on,on,on,on,0,100,100,-2.311,0.174,-1.148476985,-0.002774575,7.27494E-07,-2.16226E-10,-0.126378056,-0.001584374,0.000939206,-5.31953E-06,23,2146,2,22,1.7,1.4,0.153809,4.99756,1.49902,2.26929,1.4978,2.32666,38.7471,15.8569,3,355.668,620.668,31.7978,32.2652,30.0002,32.0951,32.1133,-1,40,10,-999.9,400,20,100.083,106.326
48,1784737314,6198.5,20260722 12:21:53,12:21:53,15,1784737306,0.000598988,0.59898844,2.009346344,439.3115806,279.8829081,28.34605589,44.49271555,0.022403408,3.118781913,0.022314385,0.013954459,261.4498367,33.3293028,32.25513548,4.844474287,46.43642025,2.220671714,4.782176795,2.623802574,-26.41539019,-38.48827823,-2.802561065,193.7436072,0.733551305,0.819002883,2.009346344,449.3250186,447.1767273,-0.281349569,92.64236472,0.59898844,19.76826296,21.66325697,-0.047275117,97.33282672,0,0,1,0,52613.32747,1499.999355,1273.859394,0.849239961,0.174299966,9,0.5,0: Broadleaf,2,TRUE,1784737306,439.3115806,441.9345806,21.92643871,20.00469032,441.5925806,21.73543871,375.1482581,101.1782581,0.100008916,32.02622903,32.25513548,999.9,0,0,9998.950645,706.6977419,0.218638,-2.672105226,449.1376452,450.9557742,1.981837097,441.9345806,20.00469032,2.224557097,2.024038387,19.1398129,17.63211613,1499.999355,0.692000355,0.307999613,34,28282.5129,1784737339,12:22:18,1784737339,1784737336,50,0.088,-0.014,-2.281,0.191,459,21,0.79,0.13,-2.0068421,-11.28052687,1.459660478,0,1.8436335,2.593667392,0.275080571,0,0,2,0/2,2.63128,2.71252,0.100437,0.100934,0.108732,0.10208,25048.2,24709.3,25346.2,25277.8,31214.1,30943.3,38935.2,38051.5,1.67255,2.04378,0.0885688,0,30.809,999.9,55.5,36.5,33.6528,62.0889,20.1162,1,0.384489,0,20.423,5.21744,11.981,4.96775,3.2951,9100.8,9999,9999,229.3,4.97,1.87546,1.87149,1.87463,1.87439,1.87246,1.87378,1.87499,0,0,0,0,11111111,oooooooo,on,on,on,on,0,100,100,-2.281,0.191,-1.228210017,-0.002774575,7.27494E-07,-2.16226E-10,-0.103586359,-0.001584374,0.000939206,-5.31953E-06,23,2146,2,22,1.6,1.5,0.153809,4.99756,1.49902,2.27051,1.4978,2.40723,38.7717,15.8482,3,355.575,620.054,31.8399,32.2737,30.0002,32.1035,32.1246,-1,40,10,-999.9,400,20,100.08,106.325
49,1784737434,6318.5,20260722 12:23:53,12:23:53,15,1784737426,0.000524432,0.524432219,1.88988746,438.8131935,263.1353233,26.64870006,44.44025617,0.018943223,3.118741987,0.018879532,0.011805412,261.449844,33.39651075,32.33195806,4.865539475,44.83018418,2.149811324,4.795455036,2.71572815,-23.12746085,-43.1647232,-3.145065828,192.0125941,2.973920857,0.42904432,1.88988746,457.1103047,450.1829879,0.233571427,92.64250217,0.524432219,20.26646128,21.34676242,0.014580892,97.44752966,0,0,1,0,52603.85598,1499.999355,1273.859435,0.849239988,0.174299971,9,0.5,0: Broadleaf,2,TRUE,1784737426,438.8131935,446.3996129,21.22772581,20.22025484,441.2831935,21.03672581,375.1403548,101.1737419,0.100004677,32.07523548,32.33195806,999.9,0,0,9999.213871,706.721,0.218638,-7.35739871,448.5756452,455.6122903,1.032074032,446.3996129,20.22025484,2.150178387,2.045757097,18.59578387,17.80296129,1499.999355,0.692000387,0.307999613,34,28282.51935,1784737474,12:24:33,1784737458,1784737474,51,-0.198,0.006,-2.47,0.191,448,20,2.52,0.55,-6.48869325,-16.33605242,1.736956118,0,1.00742905,0.494413734,0.062995158,0,0,2,0/2,2.6317,2.71268,0.100977,0.101558,0.107746,0.103757,25031.4,24690.8,25344.5,25276.5,31246.7,30883.7,38932.4,38049.5,1.67257,2.04235,0.0896156,0,30.8829,999.9,55.3,36.5,33.5314,62.6589,19.4471,1,0.386667,0,20.4233,5.21639,11.9801,4.9677,3.29505,9100.8,9999,9999,229.3,4.97001,1.87546,1.87149,1.87465,1.8744,1.87248,1.87378,1.875,0,0,0,0,11111111,oooooooo,on,on,on,on,0,100,100,-2.47,0.191,-1.139491906,-0.002774575,7.27494E-07,-2.16226E-10,-0.117188339,-0.001584374,0.000939206,-5.31953E-06,23,2146,2,22,1.6,1.6,0.153809,4.99756,1.49902,2.27173,1.4978,2.2937,38.7964,15.8219,3,355.701,619.096,31.8707,32.2951,30.0003,32.1254,32.1469,-1,40,10,-999.9,400,20,100.073,106.32
50,1784737554,6438.5,20260722 12:25:53,12:25:53,15,1784737546,0.000494897,0.494896558,1.569228572,450.227,293.6625065,29.74016622,45.59596653,0.017966846,3.118872923,0.017909543,0.011198598,261.4503102,33.41968133,32.33225484,4.865621006,45.0904738,2.164252861,4.799800664,2.701368146,-21.82493822,-40.52395197,-2.952766747,196.1486532,1.868682885,0.513332377,1.569228572,461.4610443,459.7804667,-0.219567476,92.642523,0.494896558,20.05312751,21.32473879,-0.010579952,97.45230149,0,0,1,0,52604.11592,1500.001613,1273.861381,0.849240008,0.174300019,9,0.5,0: Broadleaf,2,TRUE,1784737546,450.227,455.2648387,21.37042258,20.16515484,452.622,21.18742258,375.1249677,101.1733226,0.099960739,32.09124839,32.33225484,999.9,0,0,9999.855806,706.7859677,0.218638,-5.107024839,460.0080968,464.6345161,1.248156774,455.2648387,20.16515484,2.166457419,2.040176129,18.7163871,17.75923548,1500.001613,0.691999742,0.308000258,34,28282.54516,1784737582,12:26:21,1784737582,1784737571,52,0.058,-0.011,-2.395,0.183,443,20,1.03,0.19,-5.92600675,22.97231201,2.493946731,0,1.1782152,1.513126356,0.160211016,0,0,2,0/2,2.63146,2.71272,0.102567,0.102607,0.107592,0.103271,24985.2,24659.2,25342.7,25273.8,31249.8,30897.4,38929.1,38045.5,1.67215,2.04187,0.0907555,0,30.8556,999.9,55.4,36.5,33.5952,61.8489,20.0601,1,0.389418,0,20.4232,5.21714,11.9806,4.96785,3.29513,9100.8,9999,9999,229.3,4.97,1.87546,1.87149,1.87468,1.87439,1.87249,1.87378,1.875,0,0,0,0,11111111,oooooooo,on,on,on,on,0,100,100,-2.395,0.183,-1.33725845,-0.002774575,7.27494E-07,-2.16226E-10,-0.111554255,-0.001584374,0.000939206,-5.31953E-06,23,2146,2,22,1.6,1.3,0.153809,4.99756,1.4978,2.27051,1.4978,2.39258,38.7964,15.8219,3,355.627,618.936,31.908,32.3308,30.0001,32.1518,32.1697,-1,40,10,-999.9,400,20,100.065,106.308
51,1784737674,6558.5,20260722 12:27:53,12:27:53,15,1784737666,0.000448929,0.448929041,1.57515032,432.038129,257.7915498,26.10627672,43.75204293,0.015924041,3.118884369,0.01587901,0.009928416,261.450078,33.43795252,32.33924839,4.867542658,43.7972267,2.103017428,4.801713686,2.76452523,-19.7977707,-40.51542222,-2.952338082,198.184547,0.250310117,0.480075508,1.57515032,440.5734451,438.987497,-0.230451491,92.6424137,0.448929041,19.4900994,20.70617394,-0.015582194,97.43595796,0,0,1,0,52603.07282,1500.000323,1273.860283,0.849240006,0.174300015,9,0.5,0: Broadleaf,2,TRUE,1784737666,432.038129,433.1362581,20.76665806,19.63881613,434.339129,20.58465806,375.1370968,101.1689355,0.1000035,32.09829355,32.33924839,999.9,0,0,10000.34194,707.0396452,0.218638,-1.161607243,441.1417742,441.8129677,1.141800968,433.1362581,19.63881613,2.102352581,1.986837742,18.23699677,17.33964516,1500.000323,0.691999806,0.308000194,34,28282.53548,1784737705,12:28:24,1784737705,1784737701,53,0.102,0.012,-2.301,0.182,449,20,0.16,0.25,-1.037815363,-5.380928765,1.811175902,0,1.19251225,-0.365789831,0.116688356,0,0,2,0/2,2.63158,2.71267,0.0991202,0.0999979,0.105467,0.102102,25079.7,24729.4,25341.3,25272.4,31322.8,30936,38927.1,38043.6,1.67238,2.04142,0.0937656,0,30.8265,999.9,54.5,36.5,33.0505,62.3289,19.6835,1,0.390638,0,20.4234,5.21744,11.98,4.96775,3.29513,9100.8,9999,9999,229.4,4.97001,1.87546,1.87149,1.87467,1.8744,1.87247,1.87378,1.87497,0,0,0,0,11111111,oooooooo,on,on,on,on,0,100,100,-2.301,0.182,-1.278912338,-0.002774575,7.27494E-07,-2.16226E-10,-0.123002757,-0.001584374,0.000939206,-5.31953E-06,23,2146,2,22,1.5,1.7,0.153809,4.99756,1.4978,2.27051,1.4978,2.40845,38.7964,15.8132,3,355.826,618.747,31.9134,32.3465,30.0002,32.1687,32.1878,-1,40,10,-999.9,400,20,100.06,106.303
52,1784737794,6678.5,20260722 12:29:53,12:29:53,15,1784737786,0.00037407,0.374070176,1.562881835,462.5726129,260.036765,26.33241966,46.84205392,0.013441712,3.117093973,0.013409592,0.008383875,261.4500308,33.48590609,32.37640323,4.877762958,44.72240472,2.150960768,4.809582091,2.726802191,-16.49649474,-41.87070634,-3.053841383,200.0289884,-1.110636593,0.465800501,1.562881835,466.9906071,468.6061818,-0.552878979,92.64244116,0.374070176,20.06189532,21.18119091,-0.023262457,97.43900141,0,0,1,0,52556.55916,1500.000323,1273.860264,0.849239993,0.174299983,9,0.5,0: Broadleaf,2,TRUE,1784737786,462.5726129,460.4249355,21.24107419,20.14727097,464.9966129,21.07507419,375.1275806,101.1642258,0.099992197,32.12724516,32.37640323,999.9,0,0,9992.596774,707.4464194,0.218638,2.239954768,472.7332258,469.8920968,1.150511935,460.4249355,20.14727097,2.154574516,2.038184194,18.62838065,17.7438871,1500.000323,0.692000226,0.307999774,34,28282.54194,1784737821,12:30:21,1784737821,1784737814,54,-0.147,-0.012,-2.424,0.166,435,19,0.59,0.16,-0.114291555,41.90447331,4.601182011,0,1.1411242,-0.123854657,0.124540466,0,0,2,0/2,2.63139,2.7126,0.10396,0.10273,0.107124,0.104697,24945.3,24654.4,25341.7,25272.4,31264.8,30846.3,38927,38043.4,1.67245,2.04085,0.0913888,0,30.8981,999.9,55.4,36.5,33.5959,62.5089,19.988,1,0.390714,0,20.4228,5.21684,11.98,4.96775,3.29523,9100.8,9999,9999,229.4,4.97,1.87546,1.87149,1.87466,1.87442,1.87249,1.87378,1.875,0,0,0,0,11111111,oooooooo,on,on,on,on,0,100,100,-2.424,0.166,-1.177170846,-0.002774575,7.27494E-07,-2.16226E-10,-0.111264562,-0.001584374,0.000939206,-5.31953E-06,23,2146,2,22,1.5,1.6,0.153809,4.99756,1.4978,2.27051,1.4978,2.34375,38.7964,15.7957,3,355.922,618.392,31.9289,32.3537,30.0003,32.1801,32.1999,-1,40,10,-999.9,400,20,100.06,106.302
53,1784737914,6798.5,20260722 12:31:53,12:31:53,15,1784737906,0.000336246,0.33624582,1.743215081,433.03,182.5519495,18.48702838,43.85293019,0.011817649,3.116990876,0.011792814,0.007372736,261.4502043,33.45384057,32.34114333,4.868063456,43.34056434,2.079625185,4.798334346,2.788438271,-14.82844068,-42.90087191,-3.127901494,200.5929902,5.057400955,0.300722735,1.743215081,461.7754588,447.1013636,1.057082197,92.63981967,0.33624582,20.00131936,20.64987939,0.013711329,97.10496069,0,0,1,0,52561.42589,1500.001,1273.860861,0.849240008,0.17430002,9,0.5,0: Broadleaf,2,TRUE,1784737906,433.03,445.4760667,20.53546,19.82878667,435.4423667,20.35446,375.1274,101.1699333,0.100025297,32.08584667,32.34114333,999.9,0,0,9991.560333,707.2594333,0.218638,-12.44599333,442.1122667,454.4910667,0.714063112,445.4760667,19.82878667,2.078317333,2.006076667,18.05396333,17.48999333,1500.001,0.691999733,0.308000267,34,28282.53,1784737930,12:32:10,1784737821,1784737930,55,-0.147,-0.004,-2.424,0.181,435,20,0.59,0.25,-7.910953922,-70.19450048,7.341631048,0,0.92142361,-3.229331164,0.345531973,0,0,2,0/2,2.63116,2.71267,0.100623,0.103753,0.105366,0.105696,25035.7,24624.5,25339.2,25270.6,31323.6,30809.9,38923.4,38041,1.6723,2.03955,0.0933297,0,30.8175,999.9,55,36.5,33.3513,61.7289,20.4968,1,0.392886,0,20.4239,5.21729,11.9809,4.9677,3.2952,9100.8,9999,9999,229.4,4.97001,1.87546,1.87149,1.87465,1.8744,1.8725,1.87378,1.87499,0,0,0,0,11111111,oooooooo,on,on,on,on,0,100,100,-2.425,0.181,-1.324379466,-0.002774575,7.27494E-07,-2.16226E-10,-0.123608455,-0.001584374,0.000939206,-5.31953E-06,23,2146,2,22,1.5,1.7,0.153809,4.99756,1.49902,2.27051,1.4978,2.323,38.7717,15.7781,3,355.946,617.523,31.9182,32.3709,30.0002,32.1992,32.2206,-1,40,10,-999.9,400,20,100.051,106.295
54,1784738034,6918.5,20260722 12:33:53,12:33:53,15,1784738026,0.000375536,0.375535581,1.278454941,440.7972667,267.7042234,27.11015436,44.63912369,0.013073227,3.118676793,0.013042857,0.008154509,261.4500131,33.48763398,32.38400333,4.879855844,42.90851962,2.06403926,4.810325032,2.815816584,-16.56111911,-42.71054581,-3.113672195,199.064676,1.960481537,0.329650858,1.278454941,456.3832811,451.0369939,0.225275446,92.64235017,0.375535581,19.76793851,20.46300424,0.018128308,97.33224173,0,0,1,0,52592.81175,1500.000333,1273.860265,0.849239988,0.17429997,9,0.5,0: Broadleaf,2,TRUE,1784738026,440.7972667,445.8495333,20.38173667,19.60695,443.2273667,20.21773667,375.1210667,101.1691,0.09995738,32.12997667,32.38400333,999.9,0,0,9999.373667,707.3799333,0.218638,-5.0522236,449.9758333,454.7667,0.7909962,445.8495333,19.60695,2.063640667,1.983615667,17.94125333,17.3134,1500.000333,0.6920004,0.3079996,34,28282.55333,1784738074,12:34:34,1784737821,1784738074,56,-0.147,0.014,-2.424,0.164,435,20,0.59,0.76,-3.5299996,-32.11913705,3.223854542,0,0.932245725,-2.782647659,0.280754939,0,0,2,0/2,2.631,2.71266,0.101196,0.102449,0.104645,0.102813,25017.6,24657.8,25337.1,25268.2,31346.7,30906.8,38920.5,38037.6,1.67183,2.0404,0.0915974,0,30.909,999.9,54.5,36.5,33.0503,62.3889,20.5409,1,0.395373,0,20.4239,5.21714,11.9801,4.96765,3.2951,9100.8,9999,9999,229.5,4.97001,1.87546,1.87149,1.87466,1.87442,1.87248,1.87378,1.87497,0,0,0,0,11111111,oooooooo,on,on,on,on,0,100,100,-2.433,0.164,-1.324379466,-0.002774575,7.27494E-07,-2.16226E-10,-0.12770878,-0.001584374,0.000939206,-5.31953E-06,23,2146,2,22,3.5,1.7,0.153809,4.99756,1.49902,2.27051,1.4978,2.30835,38.7717,15.7606,3,355.832,618.468,31.9313,32.3952,30.0002,32.2227,32.2437,-1,40,10,-999.9,400,20,100.043,106.285
55,1784738154,7038.5,20260722 12:35:53,12:35:53,15,1784738146,0.00027863,0.27862991,1.946715686,447.6637667,113.4958448,11.49366906,45.33469218,0.009709575,3.117894811,0.009692808,0.006059509,261.4503429,33.52076272,32.40321667,4.885150216,43.09496707,2.074077291,4.812806302,2.811072925,-12.28757905,-44.39644452,-3.237839655,201.5284797,5.32323067,0.206657545,1.946715686,482.3334262,463.3433879,1.445093189,92.64051406,0.27862991,20.09546318,20.63290182,0.0113573,97.14901971,0,0,1,0,52573.15684,1500.002333,1273.861956,0.849239983,0.174299958,9,0.5,0: Broadleaf,2,TRUE,1784738146,447.6637667,460.6567333,20.48076667,19.99512667,450.1093333,20.30276667,375.1390667,101.1695,0.100014217,32.13909667,32.40321667,999.9,0,0,9995.748,707.4062667,0.218638,-12.992916,457.0329333,470.0578333,0.50475164,460.6567333,19.99512667,2.073964333,2.022898333,18.02057,17.62327,1500.002333,0.692000567,0.307999433,34,28282.55667,1784738181,12:36:21,1784737821,1784738181,57,-0.147,-0.009,-2.424,0.178,435,20,0.59,0.69,-11.51061049,-38.80381129,5.749335816,0,0.56389911,-1.090679396,0.182657869,0,0,2,0/2,2.6314,2.71258,0.103289,0.105305,0.10525,0.105306,24956.2,24576.2,25334.2,25265.1,31322.2,30817.1,38916,38032.9,1.67145,2.03888,0.0915602,0,30.9149,999.9,54.9,36.5,33.2936,62.8389,19.5353,1,0.399599,0,20.4247,5.21714,11.9804,4.9677,3.29505,9100.8,9999,9999,229.5,4.97,1.87546,1.87149,1.87463,1.8744,1.87243,1.87378,1.87498,0,0,0,0,11111111,oooooooo,on,on,on,on,0,100,100,-2.461,0.178,-1.324379466,-0.002774575,7.27494E-07,-2.16226E-10,-0.113340548,-0.001584374,0.000939206,-5.31953E-06,23,2146,2,22,5.5,1.3,0.153809,4.99756,1.4978,2.27051,1.4978,2.40967,38.7717,15.7606,3,355.877,617.627,31.9708,32.4483,30.0002,32.2675,32.2855,-1,40,10,-999.9,400,20,100.032,106.273
56,1784738274,7158.5,20260722 12:37:53,12:37:53,15,1784738266,0.00032778,0.327780038,0.964478495,454.2399667,303.5101145,30.7352538,45.99906229,0.011576615,3.118364831,0.011552792,0.007222631,261.4502231,33.48127516,32.35567,4.872057503,43.65473992,2.097777074,4.805382138,2.774280429,-14.45509969,-40.99932263,-2.988536887,203.0072638,-2.421385707,0.485790594,0.964478495,453.5636015,458.8700364,-0.778792276,92.64235003,0.327780038,19.54113419,20.54743212,-0.022741919,97.68293731,0,0,1,0,52588.66165,1500.001667,1273.861427,0.849240008,0.174299955,9,0.5,0: Broadleaf,2,TRUE,1784738266,454.2399667,448.9600667,20.71551333,19.57416333,456.5949667,20.54651333,375.1298667,101.166,0.099995223,32.11179667,32.35567,999.9,0,0,9998.249333,707.3732,0.218638,5.174899333,463.7544333,457.9236333,1.167839,448.9600667,19.57416333,2.098383667,1.980238333,18.20665667,17.28707667,1500.001667,0.6920007,0.307999333,34,28282.56,1784738300,12:38:20,1784738300,1784738291,58,0.078,0.003,-2.355,0.169,441,20,1.12,0.16,4.462186975,15.81230158,2.322311536,0,1.06923235,1.216019482,0.195328723,0,0,2,0/2,2.63117,2.7125,0.102376,0.100863,0.104841,0.101231,24979.6,24695.3,25332.2,25262.2,31334.2,30954.6,38913.1,38029.3,1.67118,2.03988,0.0948943,0,30.8039,999.9,54.5,36.5,33.0493,62.4189,19.7796,1,0.401621,0,20.4248,5.21684,11.9809,4.96775,3.29528,9100.8,9999,9999,229.5,4.97,1.87546,1.87149,1.87467,1.87445,1.8725,1.87378,1.87498,0,0,0,0,11111111,oooooooo,on,on,on,on,0,100,100,-2.355,0.169,-1.324379466,-0.002774575,7.27494E-07,-2.16226E-10,-0.122302274,-0.001584374,0.000939206,-5.31953E-06,23,2146,2,22,7.5,1.5,0.153809,4.99756,1.49902,2.27051,1.4978,2.3877,38.7471,15.7431,3,355.892,618.726,31.9376,32.4771,30.0001,32.2968,32.3112,-1,40,10,-999.9,400,20,100.024,106.261
57,1784738394,7278.5,20260722 12:39:53,12:39:53,15,1784738386,0.000325388,0.325388442,0.885828274,438.8697333,295.5359031,29.92631299,44.44046515,0.011241289,3.118205728,0.011218823,0.007013779,261.4494808,33.49062636,32.36146333,4.873651151,42.3671944,2.036909052,4.807750622,2.836742099,-14.34963028,-40.50635336,-2.952964348,203.6405328,-0.594871276,0.383829983,0.885828274,444.0560562,445.6124061,-0.378263944,92.64232375,0.325388442,19.1524073,20.02522667,-0.010433074,97.32924815,0,0,1,0,52583.3762,1499.997,1273.857415,0.849239975,0.174300002,9,0.5,0: Broadleaf,2,TRUE,1784738386,438.8697333,437.8468,20.1154,19.21315667,441.0897333,19.9214,375.1739333,101.1611667,0.100008963,32.12051,32.36146333,999.9,0,0,9997.997333,706.9727,0.218638,0.89590861,447.7428,446.4241333,0.887677033,437.8468,19.21315667,2.033424,1.943625667,17.70700667,16.99228,1499.997,0.691999867,0.3080001,34,28282.46,1784738420,12:40:19,1784738415,1784738420,59,0.146,0.009,-2.22,0.194,450,20,1.43,0.21,1.292606483,-1.888284755,1.676479625,0,0.89760575,0.015878184,0.059873245,1,1,2,1/2,2.63097,2.71257,0.1002,0.0994945,0.10297,0.0998583,25040.4,24733.3,25332.5,25262.7,31399.7,31002.2,38912.9,38029.6,1.67145,2.03975,0.0975728,0,30.792,999.9,53.5,36.4,32.2672,61.9689,20.4087,1,0.401641,0,20.4248,5.21714,11.9807,4.96755,3.2952,9100.8,9999,9999,229.6,4.97,1.87546,1.87149,1.87466,1.87441,1.87242,1.87378,1.87496,0,0,0,0,11111111,oooooooo,on,on,on,on,0,100,100,-2.22,0.194,-1.246129946,-0.002774575,7.27494E-07,-2.16226E-10,-0.119682211,-0.001584374,0.000939206,-5.31953E-06,23,2146,2,22,1.6,1.7,0.153809,4.99756,1.49902,2.27051,1.4978,2.29126,38.7225,15.7256,3,356.088,618.767,31.9475,32.4857,30,32.3083,32.3254,-1,40,10,-999.9,400,20,100.024,106.263
58,1784738514,7398.5,20260722 12:41:53,12:41:53,15,1784738506,0.000261311,0.261310622,0.169174303,491.3955161,442.1690801,44.77289574,49.75743716,0.009476867,3.119031197,0.009460899,0.005914494,261.45035,33.531737,32.41996452,4.889769283,45.50199156,2.190816424,4.814770407,2.698952859,-11.52379844,-46.01539711,-3.355082511,200.556072,1.668055087,0.289457917,0.169174303,502.6975444,502.8308364,-0.055664219,92.64306591,0.261310622,20.85724309,21.63732848,-0.016107248,97.45318683,0,0,1,0,52597.94619,1500.002258,1273.8619,0.849239988,0.174299971,9,0.5,0: Broadleaf,2,TRUE,1784738506,491.3955161,495.7384839,21.63610968,20.9567129,493.8835161,21.49910968,375.1499355,101.1573871,0.100022713,32.1463129,32.41996452,999.9,0,0,10002.1571,707.3763548,0.218638,-4.174132355,502.4863548,506.350129,0.778915484,495.7384839,20.9567129,2.198719032,2.119926129,18.95295161,18.36949677,1500.002258,0.692000387,0.307999613,34,28282.55806,1784738550,12:42:30,1784738542,1784738550,60,-0.257,-0.01,-2.488,0.137,443,18,0.48,0.26,-8.624912825,76.29544704,9.636738149,0,0.712408,1.318105058,0.141705241,0,0,2,0/2,2.6315,2.71259,0.109436,0.110034,0.108631,0.106595,24779.1,24438.3,25328.4,25257.1,31196.5,30763.6,38906.8,38021.3,1.6713,2.03755,0.0875071,0,31.009,999.9,56.5,36.5,34.2677,62.1189,20.0681,1,0.408559,0,20.4243,5.21729,11.981,4.9677,3.29515,9100.8,9999,9999,229.6,4.97,1.87546,1.87148,1.87467,1.87439,1.87245,1.87378,1.87495,0,0,0,0,11111111,oooooooo,on,on,on,on,0,100,100,-2.488,0.137,-1.100168617,-0.002774575,7.27494E-07,-2.16226E-10,-0.110661963,-0.001584374,0.000939206,-5.31953E-06,23,2146,2,22,1.6,1.6,0.153809,4.99756,1.49902,2.27051,1.4978,2.3291,38.6979,15.7169,3,356.296,617.549,31.9581,32.5303,30.0006,32.3632,32.3854,-1,40,10,-999.9,400,20,100.008,106.24
59,1784738634,7518.5,20260722 12:43:53,12:43:53,15,1784738626,0.000280255,0.280254765,0.763028242,441.5321,295.6453597,29.93534899,44.70700138,0.009515163,3.116586462,0.009499053,0.005938353,261.4501143,33.43200999,32.32020333,4.862311104,41.26086164,1.975836609,4.788646021,2.886474495,-12.35923512,-45.3797823,-3.308146725,200.4029501,1.733364246,0.201662305,0.763028242,448.9283976,450.6066242,-0.360011053,92.64236166,0.280254765,19.13848953,19.61532242,0.017631711,97.33418179,0,0,1,0,52557.89213,1500.001,1273.860825,0.849239984,0.17429996,9,0.5,0: Broadleaf,2,TRUE,1784738626,441.5321,445.9045333,19.51361667,19.03921667,443.8241,19.35361667,375.1147333,101.1542667,0.099982763,32.05012,32.32020333,999.9,0,0,9991.253333,708.5534667,0.219503433,-4.544251603,450.1451667,454.5587,0.476310167,445.9045333,19.03921667,1.974080333,1.925899,17.23789667,16.84744,1500.001,0.692000533,0.307999467,33,28282.53667,1784738664,12:44:24,1784738663,1784738664,61,0.213,-0.002,-2.292,0.16,462,19,1.49,0.72,-1.599171278,-15.43868164,7.80740902,0,0.54954125,-1.387975295,0.171905667,0,0,2,0/2,2.63097,2.71263,0.101038,0.100478,0.101491,0.0998069,25001.9,24688.9,25317.8,25245.5,31434.7,30983.6,38891.1,38004.3,1.66945,2.03675,0.0828281,0,30.9699,999.9,53.2,36.4,32.0902,62.0889,19.5553,1,0.42237,0,20.4237,5.21355,11.9822,4.967,3.29463,9100.8,9999,9999,229.6,4.97001,1.87546,1.87149,1.87464,1.87439,1.8725,1.87378,1.87498,0,0,0,0,11111111,oooooooo,on,on,on,on,0,100,100,-2.292,0.16,-1.356861524,-0.002774575,7.27494E-07,-2.16226E-10,-0.120669971,-0.001584374,0.000939206,-5.31953E-06,23,2146,2,22,1.5,1.4,0.153809,4.99756,1.4978,2.27051,1.4978,2.42188,38.6241,15.7081,3,355.983,618.021,31.8868,32.6553,30.0004,32.4808,32.4967,-1,40,10,-999.9,400,20,99.9675,106.192
60,1784738754,7638.5,20260722 12:45:53,12:45:53,15,1784738746,0.000255556,0.255555596,0.89477611,449.9501667,270.0042259,27.33967777,45.5603705,0.008785685,3.118186343,0.008771956,0.005483704,261.4501405,33.42870047,32.31607333,4.861177265,42.02328469,2.011356376,4.786290245,2.849820889,-11.27000178,-46.17076941,-3.363870009,200.6454994,2.230196411,0.137575869,0.89477611,462.4649194,460.4968061,-0.022487379,92.64305462,0.255555596,19.5057486,19.98907697,0.011331947,97.60034964,0,0,1,0,52596.46159,1500.001,1273.860836,0.849239991,0.174299978,9,0.5,0: Broadleaf,2,TRUE,1784738746,449.9501667,455.4493333,19.86397667,19.54046333,452.3851667,19.70997667,375.1275333,101.1565,0.09998099,32.04142333,32.31607333,999.9,0,0,9998.369667,708.4574333,0.218638,-5.333974397,459.2454,464.5264333,0.340106423,455.4493333,19.54046333,2.011049,1.976645,17.53145667,17.25810667,1500.001,0.6920003,0.3079997,33,28282.54667,1784738776,12:46:15,1784738776,1784738775,62,-0.174,-0.002,-2.435,0.154,444,19,0.78,0.53,-4.156776435,0.268695373,4.226347124,0,0.392128218,-0.281293852,0.182900616,0,0,2,0/2,2.63081,2.71266,0.102642,0.102477,0.102813,0.101033,24951.9,24628.9,25312.7,25240.5,31382,30935.8,38883,37997.4,1.669,2.03517,0.0930727,0,30.8108,999.9,53.6,36.4,32.329,62.6889,20.2684,1,0.428824,0,20.4242,5.21684,11.9804,4.9678,3.29508,9100.8,9999,9999,229.7,4.97001,1.87546,1.87149,1.87462,1.87439,1.87247,1.87378,1.875,0,0,0,0,11111111,oooooooo,on,on,on,on,0,100,100,-2.435,0.154,-1.143642887,-0.002774575,7.27494E-07,-2.16226E-10,-0.122316845,-0.001584374,0.000939206,-5.31953E-06,23,2146,2,22,1.5,1.5,0.153809,4.99756,1.49902,2.27173,1.4978,2.32666,38.5504,15.6818,3,356.226,617.558,31.8767,32.7505,30,32.5717,32.5795,-1,40,10,-999.9,400,20,99.947,106.172
61,1784738874,7758.6,20260722 12:47:53,12:47:53,15,1784738866,0.000252401,0.252400927,0.677505269,452.7982333,309.5461841,31.34328072,45.84835112,0.00865311,3.117922385,0.00863979,0.005401064,261.4497732,33.54107937,32.44221,4.89591048,42.33593275,2.039151849,4.816598375,2.856758631,-11.13088087,-48.60981886,-3.546012457,198.163061,1.664357396,0.185081896,0.677505269,464.9099947,463.2929091,-0.004169269,92.64312601,0.252400927,19.77641071,20.22679879,0.013787274,97.57405164,0,0,1,0,52571.10018,1499.999,1273.85913,0.849239986,0.174299965,9,0.5,0: Broadleaf,2,TRUE,1784738866,452.7982333,456.9923667,20.13866,19.70356,455.1982333,19.97466,375.1301667,101.1556,0.099987467,32.15302667,32.44221,999.9,0,0,9997.248,707.9433333,0.218638,-4.24370923,462.0598,466.1777667,0.447735467,456.9923667,19.70356,2.038417667,1.993127333,17.74593,17.38973667,1499.999,0.692000467,0.307999533,33.91527667,28282.52333,1784738911,12:48:30,1784738893,1784738911,63,0.026,0.017,-2.4,0.164,440,19,0.49,0.16,-4.413854778,9.366100428,2.382241838,0,0.461491,-0.226943477,0.066435196,0,0,2,0/2,2.63088,2.71255,0.103098,0.102307,0.103669,0.101586,24943.5,24638.1,25317,25245.1,31357,30922.1,38889.3,38004.1,1.66858,2.03577,0.0973605,0,30.8878,999.9,54,36.4,32.5712,62.3862,19.9119,1,0.424334,0,20.4241,5.21699,11.981,4.96775,3.29508,9100.8,9999,9999,229.7,4.97,1.87546,1.87147,1.87462,1.8744,1.87249,1.87378,1.87493,0,0,0,0,11111111,oooooooo,on,on,on,on,0,100,100,-2.4,0.164,-1.316951165,-0.002774575,7.27494E-07,-2.16226E-10,-0.124057869,-0.001584374,0.000939206,-5.31953E-06,23,2146,2,22,1.6,1.7,0.153809,4.99756,1.49902,2.27051,1.4978,2.33887,38.5014,15.6731,3,356.024,618.146,31.9499,32.7433,29.9998,32.5733,32.5881,-1,40,10,-999.9,400,20,99.9634,106.191
62,1784738994,7878.6,20260722 12:49:53,12:49:53,15,1784738986,0.000200565,0.200564894,1.901505084,473.5239355,33.92844411,3.43543345,47.94678949,0.007113855,3.119059081,0.007104854,0.004441341,261.4498023,33.58742434,32.47319032,4.904474242,44.46041258,2.145620856,4.825913058,2.758853386,-8.844911834,-48.09007823,-3.507942437,201.0068698,3.479506087,0.174637701,1.901505084,505.5726474,487.8905515,1.323519391,92.64246129,0.200564894,20.82309772,21.28938182,0.00044738,97.4462643,0,0,1,0,52591.49788,1499.999032,1273.859167,0.849239992,0.174299981,9,0.5,0: Broadleaf,2,TRUE,1784738986,473.5239355,482.0697097,21.19021613,20.78013548,475.9935161,21.02221613,375.1539677,101.1552258,0.100034797,32.18720323,32.47319032,999.9,0,0,10002.49871,708.048129,0.218638,-8.545796839,483.8034516,492.3005161,0.467166419,482.0697097,20.78013548,2.149274194,2.102017742,18.58914839,18.23433226,1499.999032,0.692000258,0.307999742,34,28282.5129,1784739014,12:50:13,1784738893,1784739014,64,0.026,-0.017,-2.4,0.168,440,20,0.49,0.19,-8.7253723,-28.63648442,7.804417648,0,0.4695511,-0.489016818,0.073378955,0,0,2,0/2,2.63107,2.7126,0.107154,0.108689,0.107401,0.106364,24834.9,24466.7,25321.2,25248.9,31231,30762.1,38895.6,38009.6,1.6695,2.03595,0.0917837,0,30.9778,999.9,56,36.3,33.5936,61.9662,19.359,1,0.419253,0,20.4239,5.21684,11.9813,4.96765,3.29503,9100.8,9999,9999,229.7,4.97,1.87546,1.87148,1.87457,1.8744,1.87245,1.87378,1.87497,0,0,0,0,11111111,oooooooo,on,on,on,on,0,100,100,-2.479,0.168,-1.290339826,-0.002774575,7.27494E-07,-2.16226E-10,-0.107261915,-0.001584374,0.000939206,-5.31953E-06,23,2146,2,22,1.7,1.4,0.153809,4.99756,1.4978,2.27051,1.4978,2.40112,38.5014,15.6731,3,356.346,618.145,32.0097,32.6954,30.0002,32.5465,32.5738,-1,40,10,-999.9,400,20,99.9796,106.206
63,1784739114,7998.6,20260722 12:51:53,12:51:53,15,1784739106,0.000213812,0.213812101,0.862416169,448.7060645,243.2727366,24.63272096,45.43399082,0.007301134,3.119884741,0.007291655,0.004558135,261.4498785,33.65536222,32.55720645,4.927764123,42.53720367,2.061129426,4.845474663,2.866634697,-9.429113675,-50.19336197,-3.663196937,198.1642059,2.491455044,0.203268765,0.862416169,468.9731851,460.6757333,0.628805937,92.6424163,0.213812101,19.80282314,20.36399273,-0.005667777,97.43865387,0,0,1,0,52598.26687,1499.999032,1273.859197,0.849240013,0.174300031,9,0.5,0: Broadleaf,2,TRUE,1784739106,448.7060645,454.9022581,20.3557129,19.87796774,451.119871,20.1737129,375.133,101.1556129,0.099962668,32.25879032,32.55720645,999.9,0,0,10006.24806,708.2423548,0.218638,-6.196244242,458.0295484,464.1282258,0.477737484,454.9022581,19.87796774,2.059094194,2.010769032,17.90620323,17.52909032,1499.999032,0.691999581,0.308000419,34,28282.49677,1784739141,12:52:20,1784738893,1784739141,65,0.026,0.012,-2.4,0.182,440,20,0.49,0.42,-6.591537538,-3.446729871,3.504057479,0,0.359256726,2.141048706,0.242272479,0,0,2,0/2,2.63076,2.71273,0.102713,0.103887,0.104167,0.102932,24954.2,24593.8,25317.1,25244.2,31339.2,30874.7,38889,38002.8,1.669,2.0359,0.0889152,0,31.1093,999.9,54.7,36.3,32.8116,62.5362,20.3766,1,0.424312,0,20.425,5.21669,11.9816,4.96765,3.29508,9100.8,9999,9999,229.8,4.97002,1.87546,1.87149,1.87458,1.87439,1.87245,1.87378,1.87496,0,0,0,0,11111111,oooooooo,on,on,on,on,0,100,100,-2.421,0.182,-1.290339826,-0.002774575,7.27494E-07,-2.16226E-10,-0.124598032,-0.001584374,0.000939206,-5.31953E-06,23,2146,2,22,3.7,1.7,0.153809,4.99756,1.49902,2.27173,1.4978,2.30835,38.4769,15.6468,3,356.275,618.426,32.0507,32.7374,30.0002,32.5811,32.6053,-1,40,10,-999.9,400,20,99.9631,106.187
64,1784739234,8118.6,20260722 12:53:53,12:53:53,15,1784739226,0.000245351,0.245351324,0.797561286,450.4312581,276.5714268,28.00409578,45.60818245,0.008170739,3.118181228,0.008158863,0.005100355,261.4495756,33.71080539,32.62047742,4.945366774,41.23240635,2.004971299,4.862610447,2.940395475,-10.8199934,-50.29501859,-3.674890506,196.6596731,-3.50081723,0.579937408,0.797561286,453.2089392,454.3997394,-0.31924495,92.64306012,0.245351324,18.63788038,19.49178303,-0.026744631,97.45381438,0,0,1,0,52548.08844,1499.997419,1273.857819,0.849240007,0.174300017,9,0.5,0: Broadleaf,2,TRUE,1784739226,450.4312581,442.658871,19.80130968,18.43748387,452.6442581,19.62230968,375.1274516,101.1544839,0.099995323,32.32129355,32.62047742,999.9,0,0,9998.545484,707.8759032,0.218638,7.568133732,459.323,450.9742581,1.362736968,442.658871,18.43748387,2.002880968,1.865034839,17.4657,16.3414871,1499.997419,0.691999774,0.308000226,34,28282.4871,1784739259,12:54:19,1784739256,1784739259,66,0.233,0.004,-2.213,0.179,469,20,1.25,0.45,10.56762938,-61.85865356,6.163693226,0,1.5488693,-4.39313982,0.489917865,0,0,2,0/2,2.63077,2.7126,0.101654,0.101025,0.100961,0.0989443,24983.6,24671.6,25317.1,25243.4,31451.6,31011.2,38888.7,38001.6,1.66938,2.03657,0.0891201,0,31.179,999.9,53.5,36.3,32.0929,62.2062,20.3165,1,0.424822,0,20.4246,5.21624,11.9812,4.96775,3.2951,9100.8,9999,9999,229.8,4.97001,1.87546,1.87148,1.87457,1.8744,1.87243,1.87378,1.87495,0,0,0,0,11111111,oooooooo,on,on,on,on,0,100,100,-2.213,0.179,-1.290339826,-0.002774575,7.27494E-07,-2.16226E-10,-0.112492741,-0.001584374,0.000939206,-5.31953E-06,23,2146,2,22,5.7,1.6,0.153809,4.99756,1.49902,2.27051,1.49902,2.3584,38.4769,15.6381,3,356.521,619.111,32.1192,32.7548,30.0002,32.5927,32.6173,-1,40,10,-999.9,400,20,99.9625,106.183
65,1784739354,8238.6,20260722 12:55:53,12:55:53,15,1784739346,0.000242469,0.242468693,0.458293146,457.1407,347.2036111,35.15655403,46.28837721,0.00809909,3.118167425,0.008087421,0.005055685,261.4497752,33.81072122,32.72204667,4.973738847,41.78298869,2.043163857,4.889941866,2.93057499,-10.69286934,-50.67686801,-3.706460816,196.3735771,1.301012401,0.198883606,0.458293146,468.6126988,467.2937152,0.020072731,92.64311269,0.242468693,19.62500958,20.19473273,2.31573E-05,97.45953398,0,0,1,0,52530.72381,1499.998667,1273.858949,0.849240054,0.174300005,9,0.5,0: Broadleaf,2,TRUE,1784739346,457.1407,460.4801,20.17814,19.71062333,459.3817,19.97514,375.1384,101.1563,0.100002947,32.42059,32.72204667,999.9,0,0,9998.302667,707.5341333,0.218638,-3.297502667,466.5925,469.7390667,0.4569866,460.4801,19.71062333,2.040079333,1.993852333,17.75884667,17.3954,1499.998667,0.692000133,0.307999933,34,28282.50333,1784739386,12:56:26,1784739386,1784739378,67,0.018,-0.004,-2.241,0.203,487,21,0.79,0.27,-3.569732927,9.166780139,1.205016462,0,0.415992854,1.095498042,0.134594398,0,0,2,0/2,2.63098,2.71262,0.103723,0.103563,0.103472,0.101476,24925.4,24601.8,25316.5,25243.4,31362.8,30924.2,38887.7,38001.8,1.66882,2.03573,0.0921227,0,31.2321,999.9,54.3,36.3,32.5731,62.7462,19.4311,1,0.425648,0,20.424,5.21669,11.9809,4.96775,3.29513,9100.8,9999,9999,229.8,4.97,1.87546,1.87148,1.87457,1.8744,1.87243,1.87378,1.87491,0,0,0,0,11111111,oooooooo,on,on,on,on,0,100,100,-2.241,0.203,-1.057030373,-0.002774575,7.27494E-07,-2.16226E-10,-0.108240298,-0.001584374,0.000939206,-5.31953E-06,23,2146,2,22,1.6,1.6,0.153809,4.99756,1.4978,2.27051,1.4978,2.38281,38.5014,15.6293,3,356.366,618.574,32.2104,32.784,29.9999,32.6158,32.6341,-1,40,10,-999.9,400,20,99.9601,106.184
66,1784739474,8358.6,20260722 12:57:53,12:57:53,15,1784739466,0.000240484,0.240484413,0.514857646,442.3776333,319.4471324,32.34533795,44.79255751,0.007902906,3.116503708,0.007891789,0.004933366,261.45003,33.88408564,32.77432667,4.988397738,40.92802692,2.009530759,4.909913598,2.978866979,-10.6053626,-47.29397055,-3.463001307,200.0876955,-1.611363764,0.312117734,0.514857646,445.5803385,448.5297879,-0.428128358,92.642527,0.240484413,19.09607676,19.77673758,-0.011132985,97.45278841,0,0,1,0,52479.809,1500,1273.860012,0.849240008,0.17430002,9,0.5,0: Broadleaf,2,TRUE,1784739466,442.3776333,438.8430667,19.84641,19.11247,444.6576333,19.68741,375.141,101.1541,0.100018953,32.49284333,32.77432667,999.9,0,0,9990.890333,707.7756333,0.218638,3.666712,451.4795,447.3938,0.754843333,438.8430667,19.11247,2.009659333,1.933304667,17.52058667,16.90842,1500,0.691999733,0.308000267,34,28282.52667,1784739500,12:58:20,1784739497,1784739500,68,-0.136,-0.003,-2.28,0.159,439,19,0.88,0.24,3.756480488,-1.590922578,0.583765025,0,0.76233578,-0.295796467,0.054763764,0,0,2,0/2,2.63059,2.71243,0.100591,0.0995596,0.101977,0.0999208,25013.2,24712.9,25317.2,25244.7,31416,30979,38888.9,38003.6,1.6689,2.03605,0.0950247,0,31.243,999.9,53.9,36.3,32.3337,61.6962,20.2444,1,0.425198,0,20.4236,5.21669,11.9825,4.9677,3.295,9100.8,9999,9999,229.9,4.97001,1.87546,1.87149,1.8746,1.8744,1.87249,1.87378,1.87495,0,0,0,0,11111111,oooooooo,on,on,on,on,0,100,100,-2.28,0.159,-1.039057178,-0.002774575,7.27494E-07,-2.16226E-10,-0.112335275,-0.001584374,0.000939206,-5.31953E-06,23,2146,2,22,1.5,1.6,0.153809,4.99756,1.49902,2.27051,1.4978,2.3584,38.5259,15.6118,3,356.419,618.904,32.2832,32.7898,30.0001,32.6187,32.6399,-1,40,10,-999.9,400,20,99.963,106.189
67,1784739594,8478.6,20260722 12:59:53,12:59:53,15,1784739586,0.000198905,0.198905204,0.739660282,466.9436667,273.787478,27.72130621,47.27859894,0.00674409,3.119708337,0.006736001,0.004210727,261.4509409,33.80476817,32.6559,4.955245583,42.35243019,2.069142526,4.885534353,2.886103057,-8.771719511,-42.2643937,-3.088407501,207.3264201,-2.861051495,0.467682587,0.739660282,465.789989,470.9951515,-0.713360817,92.64234978,0.198905204,18.90667808,20.08239576,-0.068541725,97.32911728,0,0,1,0,52568.9822,1500.005333,1273.864534,0.849240003,0.174300008,9,0.5,0: Broadleaf,2,TRUE,1784739586,466.9436667,460.6034333,20.43573667,19.33661333,469.2786667,20.27373667,375.1286333,101.1512333,0.09995031,32.40461,32.6559,999.9,0,0,10005.872,708.4159333,0.218638,6.335658667,476.6967667,469.6874,1.131197233,460.6034333,19.33661333,2.070343333,1.955921333,17.99215667,17.08842333,1500.005333,0.6919999,0.3080001,34,28282.63,1784739632,13:00:31,1784739632,1784739616,69,-0.056,0.003,-2.335,0.162,438,19,0.52,0.33,2.644348525,58.5340364,7.833662982,0,0.862953275,4.778131644,0.496256227,0,0,2,0/2,2.6306,2.71256,0.104356,0.104135,0.103026,0.0998418,24910.5,24588.5,25319.2,25245.7,31381.7,30983.7,38891.7,38005.5,1.66927,2.037,0.0985675,0,31.0596,999.9,54.1,36.3,32.4536,62.4762,19.7877,1,0.423176,0,20.4249,5.21759,11.9821,4.9679,3.2951,9100.8,9999,9999,229.9,4.97002,1.87546,1.87146,1.87459,1.87439,1.87243,1.87378,1.87496,0,0,0,0,11111111,oooooooo,on,on,on,on,0,100,100,-2.335,0.162,-1.175371159,-0.002774575,7.27494E-07,-2.16226E-10,-0.115540665,-0.001584374,0.000939206,-5.31953E-06,23,2146,2,22,1.6,1.6,0.153809,4.99756,1.4978,2.27051,1.4978,2.41211,38.5014,15.6118,3,356.516,619.521,32.2522,32.7622,30.0002,32.6014,32.6226,-1,40,10,-999.9,400,20,99.9706,106.194
68,1784739714,8598.6,20260722 13:01:53,13:01:53,15,1784739706,0.000202205,0.202205118,0.534626662,458.2198387,312.9843982,31.68988275,46.39506968,0.006755692,3.118214957,0.006747571,0.004217961,261.4490947,33.81282612,32.64802903,4.953049009,41.39668481,2.023391931,4.887811525,2.929657078,-8.917245713,-39.53277751,-2.890187659,210.1088839,-3.957152175,0.336788377,0.534626662,455.8521451,461.330503,-0.690157363,92.64237533,0.202205118,19.02129197,19.79577394,-0.028940533,97.33600136,0,0,1,0,52533.03142,1499.995161,1273.855753,0.849239908,0.174299959,9,0.5,0: Broadleaf,2,TRUE,1784739706,458.2198387,449.0965484,19.98398387,19.19214839,460.3288387,19.79198387,375.1438387,101.1506774,0.100001316,32.41286774,32.64802903,999.9,0,0,9999.076452,708.1012903,0.218638,8.85710129,467.287871,457.8847419,0.782374968,449.0965484,19.19214839,2.020434839,1.941297742,17.60524516,16.97287097,1499.995161,0.692000258,0.307999645,34,28282.44194,1784739735,13:02:14,1784739734,1784739735,70,0.269,0.008,-2.109,0.192,467,20,1.4,0.22,6.572001634,25.6611356,4.450945051,0,0.687823951,1.686121923,0.190496724,0,0,2,0/2,2.63102,2.71264,0.102736,0.100985,0.102032,0.0998351,24955,24674.8,25318.6,25245.6,31415.7,30983,38890.7,38004.8,1.66927,2.03653,0.100393,0,31.0149,999.9,53.7,36.2,32.039,61.6362,19.8237,1,0.422393,0,20.4237,5.21729,11.9809,4.96775,3.29518,9100.8,9999,9999,229.9,4.96999,1.87546,1.87144,1.87455,1.8744,1.87243,1.87378,1.87487,0,0,0,0,11111111,oooooooo,on,on,on,on,0,100,100,-2.109,0.192,-1.231108212,-0.002774575,7.27494E-07,-2.16226E-10,-0.112780965,-0.001584374,0.000939206,-5.31953E-06,23,2146,2,22,1.4,1.6,0.153809,4.99756,1.49902,2.27051,1.4978,2.33643,38.5014,15.5855,3,356.468,619.006,32.2349,32.7549,29.9998,32.592,32.6111,-1,40,10,-999.9,400,20,99.968,106.193
69,1784739834,8718.6,20260722 13:03:53,13:03:53,15,1784739826,0.000213003,0.213003402,0.220082781,448.4540968,378.4601688,38.31862602,45.40542503,0.007051628,3.118568185,0.007042782,0.004402533,261.4501379,33.79981211,32.64794839,4.953026508,40.85824139,1.995919913,4.884987325,2.957106594,-9.393450035,-41.24565568,-3.014919553,207.7961126,-1.032638827,0.391001434,0.220082781,455.03273,456.1540182,-0.168755305,92.64305921,0.213003402,18.86562785,19.54198364,-0.016923689,97.59289981,0,0,1,0,52542.91734,1500.000645,1273.860558,0.849240007,0.174300017,9,0.5,0: Broadleaf,2,TRUE,1784739826,448.4540968,446.3972903,19.71302903,18.79343548,450.7650968,19.54802903,375.126871,101.1487742,0.099994316,32.40262581,32.64794839,999.9,0,0,10000.88484,707.9036452,0.218638,2.283644248,457.7123871,454.9473226,0.937967548,446.3972903,18.79343548,1.995806452,1.900932903,17.41064194,16.64202581,1500.000645,0.691999774,0.308000226,34,28282.52258,1784739860,13:04:19,1784739860,1784739851,71,-0.231,-0.009,-2.311,0.165,445,19,0.54,0.16,4.119575793,-44.18836314,5.284619277,0,0.891511125,-0.930656679,0.280896519,0,0,2,0/2,2.63049,2.71255,0.101905,0.101596,0.10112,0.0999273,24981.5,24660.2,25321.8,25247.6,31451.1,30982.5,38895,38008,1.66938,2.03743,0.0985377,0,31.0319,999.9,53.7,36.2,32.0386,62.1762,20.3806,1,0.418493,0,20.4236,5.21699,11.9827,4.9677,3.29508,9100.8,9999,9999,230,4.97002,1.87546,1.87145,1.87458,1.87439,1.87243,1.87378,1.87494,0,0,0,0,11111111,oooooooo,on,on,on,on,0,100,100,-2.311,0.165,-0.961609433,-0.002774575,7.27494E-07,-2.16226E-10,-0.104831941,-0.001584374,0.000939206,-5.31953E-06,23,2146,2,22,1.7,1.6,0.153809,4.99756,1.49902,2.27051,1.4978,2.36084,38.4524,15.5768,3,356.313,619.435,32.221,32.7063,30.0002,32.5523,32.5795,-1,40,10,-999.9,400,20,99.9797,106.201
70,1784739954,8838.6,20260722 13:05:53,13:05:53,15,1784739946,0.000209651,0.209650913,0.529374022,459.5796452,318.6602892,32.26382712,46.53167879,0.006944119,3.118533337,0.00693554,0.004335482,261.4505387,33.7883309,32.63246774,4.948708768,40.82775318,1.993043311,4.881589496,2.955665458,-9.245605276,-40.71532555,-2.975781106,208.5138268,0.616672183,0.167357795,0.529374022,470.9179208,469.0300848,0.060283168,92.64226911,0.209650913,19.4028476,19.75116727,0.014011664,97.31551776,0,0,1,0,52544.22415,1500.003548,1273.863019,0.849240004,0.174299947,9,0.5,0: Broadleaf,2,TRUE,1784739946,459.5796452,461.2436774,19.6847,19.29108387,461.8916452,19.5127,375.1296129,101.1483548,0.099990868,32.39029677,32.63246774,999.9,0,0,10000.76645,707.6942903,0.218638,-1.691938258,468.7801613,470.3167419,0.394768097,461.2436774,19.29108387,1.99119129,1.951260968,17.37444516,17.05408387,1500.003548,0.692000806,0.307999226,34,28282.59355,1784739993,13:06:33,1784739993,1784739983,72,0.002,0.008,-2.312,0.172,446,20,1.38,0.68,-1.078421561,-11.11793906,1.172272869,0,0.491328512,-1.688408509,0.179580114,0,0,2,0/2,2.63126,2.71261,0.104078,0.103822,0.101937,0.100776,24922.6,24601.4,25323.2,25249.9,31424.4,30955.7,38897.4,38010.8,1.6699,2.03772,0.103284,0,30.9584,999.9,53.9,36.2,32.1584,62.4162,19.2268,1,0.414677,0,20.4239,5.21714,11.9803,4.9677,3.29523,9100.8,9999,9999,230,4.97,1.87546,1.87148,1.87458,1.87439,1.87244,1.87378,1.87497,0,0,0,0,11111111,oooooooo,on,on,on,on,0,100,100,-2.312,0.172,-1.192305116,-0.002774575,7.27494E-07,-2.16226E-10,-0.114020132,-0.001584374,0.000939206,-5.31953E-06,23,2146,2,22,1.6,1.7,0.153809,4.99756,1.49902,2.27173,1.4978,2.3999,38.4524,15.568,3,356.396,619.303,32.2034,32.6729,29.9999,32.5177,32.5422,-1,40,10,-999.9,400,20,99.9857,106.21
71,1784740074,8958.6,20260722 13:07:53,13:07:53,15,1784740066,0.000212856,0.212856151,0.403488866,438.9761,326.0070548,33.00670324,44.44429546,0.006874991,3.117374673,0.006866579,0.004292367,261.4498913,33.79002577,32.63923667,4.9505963,39.29778337,1.918573005,4.882140518,3.032023295,-9.386956277,-41.5017003,-3.034513325,207.5267214,2.380417929,0.168424426,0.403488866,454.189074,449.9026848,0.335603682,92.64209687,0.212856151,18.54507876,18.99242121,0.005194186,97.29179843,0,0,1,0,52517.03462,1499.999333,1273.859437,0.849240002,0.174300005,9,0.5,0: Broadleaf,2,TRUE,1784740066,438.9761,444.8645333,18.94973667,18.55331333,441.2091,18.79073667,375.1281333,101.1453667,0.0999983,32.39229667,32.63923667,999.9,0,0,9995.747333,707.4625,0.218638,-5.946615667,447.3969,453.2743333,0.398309667,444.8645333,18.55331333,1.916868667,1.876582333,16.77385333,16.43970667,1499.999333,0.691999933,0.308000067,34,28282.51,1784740094,13:08:13,1784740092,1784740094,73,0.098,-0.001,-2.233,0.159,458,19,0.68,0.41,-5.424362927,-6.880019791,0.909182143,0,0.368105902,0.561237491,0.065979418,0,0,2,0/2,2.63099,2.71265,0.100988,0.10168,0.0991488,0.0981934,25011.4,24662,25326,25251.6,31525,31046.8,38901,38013.3,1.66997,2.03883,0.100605,0,31.0005,999.9,52.5,36.2,31.325,62.3562,20.2364,1,0.411047,0,20.4239,5.21714,11.98,4.96785,3.29523,9100.8,9999,9999,230,4.97002,1.87546,1.87149,1.87459,1.87439,1.87247,1.87378,1.87493,0,0,0,0,11111111,oooooooo,on,on,on,on,0,100,100,-2.233,0.159,-1.190161257,-0.002774575,7.27494E-07,-2.16226E-10,-0.105669735,-0.001584374,0.000939206,-5.31953E-06,23,2146,2,22,1.3,1.5,0.153809,4.99756,1.49902,2.27051,1.4978,2.36938,38.4279,15.5592,3,356.22,619.81,32.2026,32.6301,30,32.476,32.5021,-1,40,10,-999.9,400,20,99.9956,106.217
72,1784740194,9078.6,20260722 13:09:53,13:09:53,15,1784740186,0.00018413,0.184129792,0.603324502,460.0708667,281.9352198,28.54414607,46.57924622,0.006038149,3.117322571,0.006031659,0.00377037,261.4495596,33.88418203,32.76437333,4.985604009,40.79653692,2.001566723,4.90621723,2.984037286,-8.120123826,-47.87780479,-3.504429574,201.9472014,4.217758749,0.07403462,0.603324502,489.0479109,475.5809879,1.219754672,92.64324833,0.184129792,19.80963874,19.94611576,0.028653734,97.50975317,0,0,1,0,52500.80398,1499.997667,1273.858005,0.849239991,0.174299978,9,0.5,0: Broadleaf,2,TRUE,1784740186,460.0708667,470.2717,19.76980333,19.59569333,462.3121667,19.60280333,375.1299333,101.1436333,0.100000187,32.47949,32.76437333,999.9,0,0,9995.679667,707.4559667,0.218638,-10.200722,469.3575667,479.673,0.189934874,470.2717,19.59569333,2.001187667,1.981979,17.45365667,17.30001333,1499.997667,0.6920003,0.3079997,34,28282.50667,1784740210,13:10:09,1784740092,1784740210,74,0.098,-0.01,-2.233,0.167,458,19,0.68,0.35,-5.595038415,-84.5699696,8.637424213,0,0.334016996,-2.656388709,0.266631575,0,0,2,0/2,2.63108,2.71251,0.105204,0.106538,0.102661,0.102783,24892.8,24527.6,25324.6,25250.5,31400.5,30887.2,38899.3,38011.6,1.67003,2.0382,0.0943616,0,31.2488,999.9,54.2,36.2,32.3393,62.5962,19.383,1,0.411618,0,20.4236,5.21684,11.9801,4.9678,3.29523,9100.8,9999,9999,230.1,4.97,1.87546,1.87146,1.87463,1.8744,1.87241,1.87378,1.87499,0,0,0,0,11111111,oooooooo,on,on,on,on,0,100,100,-2.256,0.167,-1.092684397,-0.002774575,7.27494E-07,-2.16226E-10,-0.106974305,-0.001584374,0.000939206,-5.31953E-06,23,2146,2,22,1.7,1.7,0.153809,4.99756,1.49902,2.27173,1.4978,2.39502,38.4279,15.5505,3,356.202,619.229,32.2526,32.6243,30.0004,32.4679,32.4964,-1,40,10,-999.9,400,20,99.9909,106.212
73,1784740314,9198.6,20260722 13:11:53,13:11:53,15,1784740306,0.000225894,0.225894145,0.339336359,446.4542903,352.1819261,35.65759712,45.20245373,0.00729831,3.118756909,0.007288835,0.004556372,261.4498077,33.92770333,32.85583871,5.011328063,40.27089758,1.981845933,4.921285724,3.02948213,-9.961931795,-54.13514822,-3.963451251,193.3892764,-1.621984208,0.216133173,0.339336359,445.5380105,451.5915818,-0.700335722,92.64240053,0.225894145,18.83926441,19.53132364,-0.015543926,97.43450437,0,0,1,0,52524.68472,1499.999355,1273.85942,0.849239979,0.174299947,9,0.5,0: Broadleaf,2,TRUE,1784740306,446.4542903,442.7943548,19.57423871,19.06584516,448.5732903,19.40923871,375.1272581,101.1477097,0.099953774,32.53387097,32.85583871,999.9,0,0,10001.85581,708.0604194,0.218638,3.568509548,455.2755161,451.4024839,0.510583755,442.7943548,19.06584516,1.980113548,1.92847,17.28612581,16.86654839,1499.999355,0.69200071,0.30799929,34,28282.52258,1784740336,13:12:16,1784740334,1784740336,75,0.099,0.009,-2.119,0.165,456,19,0.79,0.14,4.259682268,12.62841259,4.539588395,0,0.418795668,2.824442893,0.338600118,0,0,2,0/2,2.63058,2.71255,0.101114,0.0996573,0.101059,0.0969677,24997,24705.6,25315.3,25239.8,31444.8,31075.2,38884.6,37996.5,1.66887,2.0379,0.0842698,0,31.4985,999.9,53.2,36.2,31.7422,62.2962,20.4006,1,0.425119,0,20.424,5.21564,11.981,4.96775,3.29523,9100.8,9999,9999,230.1,4.97003,1.87546,1.87148,1.87457,1.87439,1.87246,1.87378,1.87496,0,0,0,0,11111111,oooooooo,on,on,on,on,0,100,100,-2.119,0.165,-1.092684397,-0.002774575,7.27494E-07,-2.16226E-10,-0.116981296,-0.001584374,0.000939206,-5.31953E-06,23,2146,2,22,3.7,1.7,0.153809,4.99756,1.49902,2.27051,1.4978,2.34497,38.4279,15.5242,3,356.119,619.889,32.2826,32.7341,30.0008,32.5629,32.5853,-1,40,10,-999.9,400,20,99.9535,106.169
74,1784740434,9318.6,20260722 13:13:53,13:13:53,15,1784740426,0.000175916,0.175915767,0.239505023,449.8503667,362.2179805,36.67597873,45.54909853,0.005681961,3.117985975,0.005676214,0.00354815,261.4502773,33.9178889,32.78007667,4.990012284,39.87054837,1.959669431,4.915080206,3.030342853,-7.757885305,-45.14801495,-3.304692293,205.2396847,3.377985126,0.068174565,0.239505023,469.2863903,463.1196061,0.567735838,92.64242614,0.175915767,19.27188514,19.49335091,0.018605165,97.43789955,0,0,1,0,52510.85009,1500.001333,1273.861072,0.84923996,0.17430003,9,0.5,0: Broadleaf,2,TRUE,1784740426,449.8503667,458.0283,19.35401667,19.19362,451.9693667,19.19101667,375.13,101.1539,0.099987743,32.51149333,32.78007667,999.9,0,0,9997.707667,707.4338333,0.218638,-8.178466333,458.7316667,466.9916667,0.167607257,458.0283,19.19362,1.958462,1.941508333,17.11235,16.975,1500.001333,0.6919994,0.308000533,34,28282.54,1784740474,13:14:34,1784740334,1784740450,76,0.099,-0.008,-2.119,0.163,456,19,0.79,0.61,-9.142459268,14.39166209,1.7222598,0,0.099913215,0.787881484,0.120139612,0,0,2,0/2,2.63063,2.71252,0.103088,0.10295,0.100984,0.100694,24939.3,24613.1,25312.9,25237.8,31444.8,30944.1,38881,37993.1,1.66825,2.036,0.0984296,0,31.1942,999.9,53.4,36.1,31.6857,62.0562,20.3245,1,0.42814,0,20.4223,5.2134,11.9807,4.967,3.29455,9100.8,9999,9999,230.1,4.97003,1.87545,1.87148,1.87462,1.8744,1.87243,1.87378,1.87497,0,0,0,0,11111111,oooooooo,on,on,on,on,0,100,100,-2.119,0.163,-0.994108989,-0.002774575,7.27494E-07,-2.16226E-10,-0.107700713,-0.001584374,0.000939206,-5.31953E-06,23,2146,2,22,1.7,1.6,0.153809,4.99756,1.49902,2.27173,1.4978,2.30957,38.4524,15.5155,3,356.109,618.774,32.296,32.8132,30,32.6216,32.6313,-1,40,10,-999.9,400,20,99.944,106.16
75,1784740554,9439,20260722 13:15:54,13:15:54,15,1784740546,0.000209202,0.209201925,0.309283147,432.4020323,338.7952773,34.30280077,43.78042362,0.006672132,3.119039197,0.006664213,0.004165844,261.4496118,33.8727677,32.73262903,4.976703027,38.86551596,1.906335126,4.904952575,3.070367901,-9.225804882,-43.33482063,-3.169593708,205.7193926,0.080458841,0.139058033,0.309283147,441.9173898,440.6728364,0.049696215,92.64237179,0.209201925,18.55122005,18.91111576,0.012829705,97.33757618,0,0,1,0,52541.37944,1499.998065,1273.858336,0.849239986,0.174299966,9,0.5,0: Broadleaf,2,TRUE,1784740546,432.4020323,432.7393226,18.82812258,18.50078387,434.6120323,18.67912258,375.1339032,101.1493548,0.099992661,32.47491935,32.73262903,999.9,0,0,10002.98806,707.5358387,0.218638,-0.207568381,440.831129,440.8963226,0.326089032,432.7393226,18.50078387,1.904324839,1.871341613,16.67043871,16.39564516,1499.998065,0.692000452,0.307999548,34,28282.49032,1784740585,13:16:25,1784740576,1784740585,77,-0.122,0.007,-2.21,0.149,436,19,0.61,0.27,1.993623907,-34.9261313,3.549447406,0,0.429803976,-1.531172739,0.191264537,0,0,2,0/2,2.63072,2.71269,0.0993474,0.0992034,0.0988542,0.0975356,25045.1,24716.5,25314.6,25238.4,31521.4,31053.9,38883.5,37994.5,1.66842,2.03685,0.100665,0,31.11,999.9,52.5,36.1,31.1503,62.6462,20.2885,1,0.426839,0,20.4229,5.21594,11.9801,4.9678,3.29505,9100.8,9999,9999,230.2,4.97,1.87546,1.87149,1.87464,1.87439,1.87243,1.87378,1.87497,0,0,0,0,11111111,oooooooo,on,on,on,on,0,100,100,-2.21,0.149,-0.994108989,-0.002774575,7.27494E-07,-2.16226E-10,-0.115688573,-0.001584374,0.000939206,-5.31953E-06,23,2146,2,22,3.7,1.7,0.153809,4.99756,1.49902,2.27173,1.4978,2.323,38.4524,15.498,3,356.215,619.572,32.2863,32.8087,29.9999,32.6251,32.6399,-1,40,10,-999.9,400,20,99.9507,106.163
76,1784740674,9559,20260722 13:17:54,13:17:54,15,1784740666,0.000155406,0.155405543,0.646911328,462.0358387,246.7625385,24.98412467,46.78003829,0.005221612,3.118181175,0.00521676,0.00326091,261.4504896,33.80026059,32.62687419,4.947149466,41.69100956,2.035013877,4.881181575,2.912135589,-6.853384443,-40.01931834,-2.925140403,211.6526464,-1.94497907,0.178557406,0.646911328,469.0240674,468.6804848,-0.126061588,92.64240288,0.155405543,19.58181906,20.0755,-0.012407529,97.43408929,0,0,1,0,52536.32424,1500.003226,1273.862673,0.849239955,0.174299952,9,0.5,0: Broadleaf,2,TRUE,1784740666,462.0358387,457.5674194,20.09937097,19.67959032,464.2458387,19.93137097,375.1284516,101.1476774,0.099962626,32.38881613,32.62687419,999.9,0,0,9999.218065,708.1709032,0.218638,4.409051194,471.4635161,466.7531613,0.442697226,457.5674194,19.67959032,2.035323226,1.990544516,17.72182581,17.36914516,1500.003226,0.692000548,0.307999419,34,28282.59677,1784740715,13:18:34,1784740576,1784740692,78,-0.122,-0.008,-2.21,0.168,436,20,0.61,0.35,3.610911025,2.656073955,2.853718732,0,0.3927627,1.045216368,0.107596898,0,0,2,0/2,2.63098,2.71266,0.103927,0.102346,0.103034,0.101371,24918.7,24631.4,25315.4,25239.5,31376,30922.9,38884.9,37995.9,1.66882,2.03673,0.099577,0,31.0136,999.9,54.2,36.1,32.1608,62.3762,19.371,1,0.425211,0,20.4241,5.21654,11.9812,4.9678,3.29503,9100.8,9999,9999,230.2,4.96999,1.87546,1.87149,1.87459,1.87439,1.87242,1.87378,1.87498,0,0,0,0,11111111,oooooooo,on,on,on,on,0,100,100,-2.21,0.168,-1.116260819,-0.002774575,7.27494E-07,-2.16226E-10,-0.10851098,-0.001584374,0.000939206,-5.31953E-06,23,2146,2,22,1.6,1.5,0.153809,4.99756,1.49902,2.27173,1.4978,2.42676,38.4279,15.5067,3,356.381,619.438,32.2484,32.7811,30.0001,32.6187,32.637,-1,40,10,-999.9,400,20,99.9542,106.167
77,1784741605,10490,20260722 13:33:25,13:33:25,15,1784741597,0.001154158,1.154158117,3.586101082,505.2746333,366.6786925,37.12619318,51.15902295,0.047550342,3.118823996,0.047151234,0.0295051,261.4503148,32.65357368,31.54512,4.653510867,48.72385369,2.259746638,4.637865166,2.393764229,-50.89837297,-9.969141508,-0.721449952,199.8613504,0.0516372,1.117744996,3.586101082,517.5615388,512.4483879,-0.371427195,92.64120649,1.154158117,19.69525202,22.40333455,-0.000110897,97.19986248,0,0,1,0,52707.07755,1500.002,1273.861685,0.849239991,0.174299978,9,0.5,0: Broadleaf,2,TRUE,1784741597,505.2746333,506.7534667,22.3185,19.69674,507.3626333,22.1485,375.1368333,101.1499333,0.100000023,31.48583,31.54512,999.9,0,0,10001.94367,707.8765333,0.218638,-1.356765041,516.9822333,516.9355333,2.713144667,506.7534667,19.69674,2.266759333,1.992325,19.4421,17.38346333,1500.002,0.6920003,0.3079997,33,28282.56,1784741646,13:34:05,1784741382,1784741625,80,0.399,-0.007,-2.088,0.17,567,19,1.31,0.03,-0.148361713,-28.39687765,3.661360144,0,2.749623415,-0.507446969,0.071027594,0,0,2,0/2,2.63219,2.71254,0.111023,0.111368,0.111467,0.102006,24778.4,24443.3,25369.5,25297.5,31140.8,30969.1,38965.1,38079.1,1.68417,2.05728,0.10182,0,29.8962,999.9,56.3,35.6,32.4974,62.0362,20.4928,1,0.335592,0,20.424,5.21699,11.98,4.96765,3.29518,9100.8,9999,9999,230.5,4.97,1.87542,1.8714,1.87454,1.87439,1.87243,1.87378,1.87489,0,0,0,0,11111111,oooooooo,on,on,on,on,0,100,100,-2.088,0.17,-0.717190276,-0.002774575,7.27494E-07,-2.16226E-10,-0.106454928,-0.001584374,0.000939206,-5.31953E-06,23,2146,2,22,3.7,4,0.153809,4.99756,1.49902,2.27051,1.4978,2.36572,37.3138,15.4016,3,358.907,626.802,31.3585,31.7064,29.9997,31.6366,31.6879,-1,40,10,-999.9,400,20,100.163,106.404
78,1784741807,10691.5,20260722 13:36:46,13:36:46,15,1784741799,0.001180244,1.180243986,3.697153954,510.6649032,373.2446421,37.78962985,51.70291947,0.049490031,3.119913354,0.049058007,0.030699755,261.449951,32.58928904,31.52248387,4.647532132,49.65155424,2.295251105,4.622717537,2.352281027,-52.04875979,-15.8483105,-1.146062146,192.4068186,4.727211291,1.140104935,3.697153954,536.3197577,523.3752727,0.394729176,92.64113766,1.180243986,19.82412542,22.71046485,-0.011508703,97.19880001,0,0,1,0,52742.2274,1500.000323,1273.86027,0.849239997,0.17429993,9,0.5,0: Broadleaf,2,TRUE,1784741799,510.6649032,523.4028065,22.66998065,19.99674839,512.6423548,22.48798065,375.1387097,101.1462903,0.099985155,31.42826129,31.52248387,999.9,0,0,10007.30161,707.6323548,0.218638,-12.73788613,522.5549032,534.0823548,2.756827097,523.4028065,19.99674839,2.301438065,2.022597097,19.68644839,17.62185161,1500.000323,0.692001032,0.307999,32.97713226,28282.55161,1784741832,13:37:11,1784741382,1784741832,81,0.399,0.004,-2.088,0.182,567,20,1.31,0.05,-16.1295578,39.24960627,9.676319691,0,2.710994878,1.311936167,0.172232213,0,0,2,0/2,2.63225,2.71255,0.112867,0.116532,0.112564,0.10293,24730.6,24305.7,25372.7,25301.8,31105.3,30940.5,38969.5,38082.9,1.68773,2.05848,0.0745803,0,30.3017,999.9,57,35.4,32.5428,61.3762,19.5873,1,0.326905,0,20.4254,5.21714,11.98,4.9677,3.29508,9100.8,9999,9999,230.5,4.97,1.87537,1.87141,1.87454,1.87438,1.87241,1.87377,1.87489,0,0,0,0,11111111,oooooooo,on,on,on,on,0,100,100,-1.98,0.182,-0.717190276,-0.002774575,7.27494E-07,-2.16226E-10,-0.113242066,-0.001584374,0.000939206,-5.31953E-06,23,2146,2,22,7.1,3,0.153809,4.99756,1.4978,2.27173,1.49902,2.33154,37.2181,15.3929,3,359.833,626.048,31.2685,31.5769,30,31.4778,31.5209,-1,40,10,-999.9,400,20,100.175,106.418
79,1784741927,10811.5,20260722 13:38:46,13:38:46,15,1784741919,0.001137508,1.137507738,4.137343871,514.9326129,357.6798507,36.21285604,52.1337183,0.047487212,3.119092984,0.047089191,0.029466227,261.4502358,32.56139956,31.4933129,4.639837258,49.38025302,2.277698698,4.612569922,2.362138559,-50.16409127,-17.43946062,-1.261035541,192.5856484,6.252313444,1.017367554,4.137343871,545.7929228,530.9965879,0.473035122,92.64094489,1.137507738,20.15602908,22.6784697,0.013983501,97.18168867,0,0,1,0,52729.84724,1500.000645,1273.86056,0.849240008,0.174300082,9,0.5,0: Broadleaf,2,TRUE,1784741919,514.9326129,531.1896452,22.49717419,20.11127742,517.1866129,22.31517419,375.1342903,101.1438065,0.099962145,31.38960323,31.4933129,999.9,0,0,10003.78355,707.2342581,0.218638,-15.99040032,527.1007419,542.0918387,2.46751871,531.1896452,20.11127742,2.28370871,2.034133226,19.56186452,17.71249355,1500.000645,0.691998806,0.308001161,32.99596452,28282.51935,1784741952,13:39:11,1784741952,1784741950,82,-0.289,-0.001,-2.254,0.182,501,20,2.02,0.03,-18.71261366,32.94811902,4.280112379,0,2.490633415,-0.294295819,0.082419061,0,0,2,0/2,2.63211,2.71262,0.113965,0.112769,0.112473,0.103193,24699.8,24408.6,25372.4,25301,31107.9,30930.1,38968.7,38081.7,1.68778,2.05907,0.0648424,0,30.4308,999.9,57.2,35.4,32.6582,61.7362,19.5032,1,0.326387,0,20.4251,5.21864,11.98,4.9682,3.29503,9100.8,9999,9999,230.5,4.97,1.8754,1.87138,1.87454,1.87439,1.87241,1.87377,1.87493,0,0,0,0,11111111,oooooooo,on,on,on,on,0,100,100,-2.254,0.182,-0.717190276,-0.002774575,7.27494E-07,-2.16226E-10,-0.109595431,-0.001584374,0.000939206,-5.31953E-06,23,2146,2,22,9.1,1.6,0.153809,4.99756,1.4978,2.27173,1.4978,2.41943,37.1702,15.3929,3,359.681,626.117,31.2327,31.5645,30,31.4445,31.4798,-1,40,10,-999.9,400,20,100.173,106.415
80,1784742047,10931.5,20260722 13:40:46,13:40:46,15,1784742039,0.001158092,1.158091638,3.496769071,482.6832581,351.0085644,35.535733,48.86633865,0.048714875,3.118104716,0.048295976,0.030222321,261.4497623,32.45718785,31.42591935,4.622102234,49.65007126,2.277208172,4.586515414,2.344894063,-51.07184124,-22.84740231,-1.65124444,185.8792743,-1.010119348,1.161937101,3.496769071,488.8419102,487.7935455,-0.761057568,92.64131853,1.158091638,19.77829451,22.51293636,-0.001819232,97.20962077,0,0,1,0,52724.07619,1499.999032,1273.859113,0.849239956,0.174299954,9,0.5,0: Broadleaf,2,TRUE,1784742039,482.6832581,481.6054194,22.49340323,19.76852581,485.0172581,22.30340323,375.143871,101.1389355,0.099998823,31.29000645,31.42591935,999.9,0,0,9999.731613,707.2932258,0.218638,1.206120806,493.958,491.3179677,2.796726129,481.6054194,19.76852581,2.282222903,1.999365484,19.55144839,17.43930645,1499.999032,0.692000516,0.307999452,32,28282.51613,1784742087,13:41:27,1784742087,1784742072,83,-0.078,-0.001,-2.334,0.19,499,20,1.58,0.08,2.365883951,-18.38131305,2.182190419,0,2.804639512,-0.265099024,0.043966547,0,0,2,0/2,2.63233,2.71267,0.107128,0.106302,0.1119,0.102497,24891,24587.4,25372.9,25301.8,31128,30954.6,38969.4,38082.9,1.68838,2.05955,0.0652224,0,30.3701,999.9,57.3,35.3,32.5346,61.1962,19.4992,1,0.324875,0,20.4247,5.21819,11.98,4.968,3.29505,9100.8,9999,9999,230.6,4.96999,1.87536,1.87141,1.87454,1.87439,1.87244,1.87378,1.87491,0,0,0,0,11111111,oooooooo,on,on,on,on,0,100,100,-2.334,0.19,-1.006443225,-0.002774575,7.27494E-07,-2.16226E-10,-0.111013422,-0.001584374,0.000939206,-5.31953E-06,23,2146,2,22,1.6,1.6,0.153809,4.99756,1.49902,2.27173,1.4978,2.30591,37.1463,15.3666,3,359.819,626.17,31.1358,31.5407,30.0001,31.4143,31.4472,-1,40,10,-999.9,400,20,100.175,106.418
81,1784742167,11051.6,20260722 13:42:46,13:42:46,15,1784742159,0.001164249,1.16424948,3.627864761,477.5659333,343.3418875,34.76107672,48.35036636,0.049309948,3.117112533,0.048880665,0.030588674,261.4501049,32.42484355,31.39918667,4.615083734,49.9267164,2.285833478,4.578377356,2.329250256,-51.34340207,-23.59250734,-1.705150943,184.8090445,3.251712377,1.116413147,3.627864761,497.2539479,488.3141818,0.005953373,92.64145827,1.16424948,19.93598624,22.66214848,0.000360432,97.22282804,0,0,1,0,52706.55913,1500.000667,1273.860523,0.849239971,0.174299992,9,0.5,0: Broadleaf,2,TRUE,1784742159,477.5659333,486.6463667,22.57762,19.95966333,479.8386,22.37362,375.1347333,101.1433333,0.09999871,31.25879667,31.39918667,999.9,0,0,9994.746,707.0929667,0.218638,-9.080522,488.6266667,496.5574667,2.676826333,486.6463667,19.95966333,2.289529333,2.018786,19.60291,17.59246,1500.000667,0.692,0.307999967,32,28282.53667,1784742196,13:43:15,1784742087,1784742196,84,-0.078,0.009,-2.334,0.204,499,21,1.58,0.09,-9.444293659,1.854320184,1.100262921,0,2.703599512,-0.226204941,0.063384802,0,0,2,0/2,2.63224,2.71263,0.107292,0.108227,0.112436,0.1032,24884.3,24532.8,25370.7,25300.2,31106.4,30928.8,38966,38080.9,1.68825,2.05958,0.0673197,0,30.3033,999.9,57.7,35.2,32.5791,62.1535,19.7115,1,0.326517,0,20.4241,5.21804,11.98,4.968,3.29505,9100.8,9999,9999,230.6,4.97001,1.8754,1.87136,1.87454,1.87439,1.87241,1.87378,1.8749,0,0,0,0,11111111,oooooooo,on,on,on,on,0,100,100,-2.272,0.204,-1.084981903,-0.002774575,7.27494E-07,-2.16226E-10,-0.112265088,-0.001584374,0.000939206,-5.31953E-06,23,2146,2,22,1.3,1.6,0.153809,4.99756,1.49902,2.27173,1.4978,2.41821,37.1225,15.3754,3,359.756,626.134,31.0926,31.549,30.0001,31.4143,31.4418,-1,40,10,-999.9,400,20,100.166,106.412
82,1784742287,11171.6,20260722 13:44:46,13:44:46,15,1784742279,0.001187905,1.187905217,3.582663978,476.0824839,347.195571,35.15174413,48.20087309,0.050938054,3.117441192,0.050480145,0.031590889,261.4498766,32.39711034,31.36772258,4.606834926,50.42246613,2.305662395,4.572688668,2.301172532,-52.38662005,-21.97834825,-1.587902646,185.4970057,1.965800435,1.168222514,3.582663978,493.2247214,485.5345273,-0.109503647,92.64153851,1.187905217,20.04855536,22.8422897,-0.000858055,97.22895494,0,0,1,0,52717.99972,1499.999355,1273.85941,0.849239972,0.174299993,9,0.5,0: Broadleaf,2,TRUE,1784742279,476.0824839,482.1330323,22.77314516,20.03424839,478.4164839,22.59214516,375.1351935,101.1447742,0.100019981,31.23695161,31.36772258,999.9,0,0,9996.110968,706.8054516,0.218638,-5.986010645,487.2917097,491.9896774,2.836569355,482.1330323,20.03424839,2.313265161,2.02636129,19.76905484,17.65182581,1499.999355,0.692,0.307999968,32,28282.5129,1784742327,13:45:27,1784742087,1784742312,85,-0.078,-0.012,-2.334,0.181,499,20,1.58,0.07,-4.97488645,-24.11990191,2.920569117,0,2.866394,-0.514088555,0.054877843,0,0,2,0/2,2.63259,2.71257,0.106809,0.106845,0.113016,0.103252,24897.5,24570.8,25370.5,25300.2,31085.4,30926.4,38965.5,38080.5,1.68875,2.05982,0.0725463,0,30.1898,999.9,58,35.2,32.7502,61.7335,19.2268,1,0.32641,0,20.4236,5.21699,11.98,4.96785,3.2951,9100.8,9999,9999,230.6,4.97,1.87543,1.87138,1.87454,1.87439,1.87241,1.87376,1.8749,0,0,0,0,11111111,oooooooo,on,on,on,on,0,100,100,-2.334,0.181,-1.084981903,-0.002774575,7.27494E-07,-2.16226E-10,-0.103569391,-0.001584374,0.000939206,-5.31953E-06,23,2146,2,22,3.3,1.5,0.153809,4.99756,1.49902,2.27051,1.4978,2.40479,37.1225,15.3579,3,359.976,626.285,31.0743,31.549,30.0001,31.4087,31.4363,-1,40,10,-999.9,400,20,100.165,106.411
83,1784742407,11291.6,20260722 13:46:46,13:46:46,15,1784742399,0.001132292,1.132292262,3.445116792,510.9259667,381.1594783,38.5877568,51.72503392,0.049069313,3.118153855,0.048644331,0.030440583,261.4498126,32.39387432,31.36418667,4.605908733,51.00562496,2.330124553,4.568367812,2.275784181,-49.93408875,-24.18091454,-1.746462049,185.5883473,-4.102191647,1.201744629,3.445116792,509.393923,513.7191939,-1.292907543,92.64127558,1.132292262,20.18143788,23.00564303,-0.016435243,97.2084412,0,0,1,0,52737.26612,1499.998667,1273.858886,0.849240012,0.17430003,9,0.5,0: Broadleaf,2,TRUE,1784742399,510.9259667,502.5574333,23.01634333,20.19959,513.2726,22.82134333,375.1398333,101.1378333,0.09999229,31.22034333,31.36418667,999.9,0,0,10000.066,706.5374,0.218638,8.368409333,523.0056333,512.9176667,2.896320333,502.5574333,20.19959,2.335868667,2.042941667,19.92584,17.78095667,1499.998667,0.6919996,0.3080004,32.01112,28282.49,1784742432,13:47:11,1784742087,1784742432,86,-0.078,0.003,-2.334,0.195,499,20,1.58,0.08,5.307241,44.57605328,8.730110916,0,2.8508315,0.005449981,0.150202723,1,1,2,1/2,2.63193,2.71266,0.111172,0.107737,0.11362,0.104791,24776.2,24546.6,25370.7,25300.5,31064.6,30873.5,38965.8,38080.9,1.68838,2.05998,0.0752024,0,30.1372,999.9,58.7,35.1,32.966,62.0334,20.1242,1,0.325188,0,20.4247,5.21684,11.98,4.96765,3.29513,9100.8,9999,9999,230.7,4.97001,1.87541,1.87136,1.87454,1.87439,1.87242,1.87377,1.87491,0,0,0,0,11111111,oooooooo,on,on,on,on,0,100,100,-2.325,0.195,-1.084981903,-0.002774575,7.27494E-07,-2.16226E-10,-0.115212919,-0.001584374,0.000939206,-5.31953E-06,23,2146,2,22,5.3,1.6,0.153809,4.99756,1.49902,2.27173,1.4978,2.38647,37.0986,15.3491,3,359.716,626.267,31.0512,31.5297,30,31.395,31.4226,-1,40,10,-999.9,400,20,100.166,106.413
84,1784742527,11411.6,20260722 13:48:46,13:48:46,15,1784742519,0.001125597,1.125597369,3.87941806,493.7320323,350.3220561,35.46477396,49.98285038,0.048944319,3.118656021,0.048521557,0.030363652,261.4505912,32.39985788,31.35073226,4.602385985,51.08635094,2.334413133,4.569543703,2.267972853,-49.63884399,-21.16251897,-1.528145563,189.1210827,9.385721176,1.082422222,3.87941806,536.0692856,514.224897,1.250450318,92.64109579,1.125597369,20.51217797,23.1504903,-2.70217E-05,97.19259557,0,0,1,0,52748.06946,1500.003226,1273.862713,0.849239983,0.174300019,9,0.5,0: Broadleaf,2,TRUE,1784742519,493.7320323,517.5326129,23.0594,20.52231935,496.0660323,22.8604,375.1224839,101.1348065,0.099966903,31.22486452,31.35073226,999.9,0,0,10002.66903,706.2341613,0.218638,-23.77534677,505.4531613,528.3762258,2.616773871,517.5326129,20.52231935,2.340166129,2.075519355,19.95559355,18.03252903,1500.003226,0.691999645,0.308000323,32.70966129,28282.56774,1784742567,13:49:27,1784742087,1784742557,87,-0.078,0.003,-2.334,0.199,499,20,1.58,0.06,-24.24703125,22.61032627,4.369370226,0,2.6074755,0.315366079,0.035403702,0,0,2,0/2,2.63255,2.71266,0.111416,0.111581,0.114093,0.10496,24768.6,24440.1,25370,25299.7,31047,30866.7,38964.6,38079.3,1.68873,2.06002,0.0729226,0,30.1444,999.9,59.1,35.1,33.1891,62.0934,19.8718,1,0.325907,0,20.4244,5.21714,11.98,4.9678,3.29505,9100.8,9999,9999,230.7,4.97004,1.87542,1.87141,1.87454,1.87439,1.87244,1.87378,1.87494,0,0,0,0,11111111,oooooooo,on,on,on,on,0,100,100,-2.334,0.199,-1.084981903,-0.002774575,7.27494E-07,-2.16226E-10,-0.112373987,-0.001584374,0.000939206,-5.31953E-06,23,2146,2,22,7.3,1.6,0.153809,4.99756,1.4978,2.27051,1.4978,2.43042,37.0986,15.3404,3,359.905,626.337,31.0515,31.5352,30.0002,31.3977,31.4254,-1,40,10,-999.9,400,20,100.163,106.409
85,1784742647,11531.6,20260722 13:50:46,13:50:46,15,1784742639,0.001090135,1.090134578,2.808070191,507.5160667,395.2045381,40.0079043,51.37758367,0.047352945,3.119978841,0.046957274,0.02938357,261.4500504,32.26919022,31.21593333,4.567221092,50.66079649,2.296715852,4.533517061,2.27050524,-48.07493488,-21.87496912,-1.576791902,189.9233545,5.09164635,1.053989109,2.808070191,520.1939693,519.6908727,-0.645421066,92.64094188,1.090134578,20.20759722,22.7624503,8.90022E-05,97.18143474,0,0,1,0,52802.85578,1500.000333,1273.860163,0.84923992,0.174299995,9,0.5,0: Broadleaf,2,TRUE,1784742639,507.5160667,521.0145667,22.68733,20.21610667,509.7130667,22.49333,375.1458667,101.1334333,0.09997985,31.08588333,31.21593333,999.9,0,0,10008.87433,706.5138333,0.218638,-13.64031968,519.1927,531.7650667,2.54686,521.0145667,20.21610667,2.302097667,2.044524333,19.69107333,17.79336667,1500.000333,0.691999767,0.308000133,32,28282.54333,1784742667,13:51:06,1784742666,1784742667,88,0.183,-0.003,-2.197,0.194,529,20,0.59,0.03,-12.94331076,49.47033888,10.31662396,0,2.55702175,0.088403415,0.059913817,1,1,2,1/2,2.63235,2.71268,0.112236,0.113197,0.112752,0.103753,24747.5,24397.3,25371.7,25301.4,31096.6,30910.8,38967.4,38081.9,1.68858,2.06107,0.0727773,0,30.0457,999.9,58.8,35.1,33.0208,61.6734,19.4832,1,0.323105,0,20.4248,5.21804,11.98,4.96805,3.29515,9100.8,9999,9999,230.7,4.96999,1.87542,1.87135,1.87454,1.87439,1.87243,1.87375,1.87489,0,0,0,0,11111111,oooooooo,on,on,on,on,0,100,100,-2.197,0.194,-1.084981903,-0.002774575,7.27494E-07,-2.16226E-10,-0.10938244,-0.001584374,0.000939206,-5.31953E-06,23,2146,2,22,9.3,1.5,0.153809,4.99756,1.49902,2.27295,1.4978,2.2937,37.0509,15.3141,3,359.679,626.9,30.9443,31.5016,29.9999,31.3691,31.3953,-1,40,10,-999.9,400,20,100.17,106.416
86,1784742767,11651.6,20260722 13:52:46,13:52:46,15,1784742759,0.000988761,0.988761283,2.605592502,486.5217742,371.301687,37.59019904,49.25496159,0.042343242,3.118105201,0.042026371,0.026294754,261.4501378,32.23098911,31.16411935,4.553766811,49.85432859,2.251960877,4.517081948,2.301805934,-43.6043726,-23.86361734,-1.720190777,192.2619571,4.401952177,0.935591516,2.605592502,507.6138894,499.9362364,0.131490476,92.64099472,0.988761283,19.97015033,22.30163515,-0.001181481,97.18203508,0,0,1,0,52770.53832,1500.00129,1273.861061,0.849239977,0.174299942,9,0.5,0: Broadleaf,2,TRUE,1784742759,486.5217742,498.1745806,22.2440129,20.04935484,488.8397742,22.0630129,375.1391613,101.1389677,0.099998745,31.02216129,31.16411935,999.9,0,0,9999.730645,706.7456452,0.218638,-11.44430516,497.84,508.3671613,2.266482258,498.1745806,20.04935484,2.257002581,2.027773548,19.37276129,17.66260645,1500.00129,0.692000774,0.307999226,32,28282.56774,1784742798,13:53:17,1784742798,1784742789,89,-0.197,-0.001,-2.318,0.181,489,20,0.47,0.03,-10.58376788,-6.211479533,3.683184147,0,2.258497317,0.653915331,0.118457471,0,0,2,0/2,2.63264,2.71258,0.109179,0.109771,0.111184,0.102578,24836.3,24494.8,25375.1,25304.4,31155.2,30954.8,38971.8,38086.3,1.68937,2.0625,0.0757277,0,29.903,999.9,58.4,35,32.6144,62.0634,19.5913,1,0.317691,0,20.4238,5.21939,11.98,4.9681,3.29515,9100.8,9999,9999,230.8,4.97,1.87538,1.87135,1.87454,1.87439,1.87241,1.87377,1.87493,0,0,0,0,11111111,oooooooo,on,on,on,on,0,100,100,-2.318,0.181,-0.901716192,-0.002774575,7.27494E-07,-2.16226E-10,-0.112264617,-0.001584374,0.000939206,-5.31953E-06,23,2146,2,22,1.7,1.7,0.153809,4.99756,1.49902,2.27295,1.4978,2.33032,37.027,15.3053,3,359.792,627.575,30.8703,31.4386,29.9999,31.3156,31.3462,-1,40,10,-999.9,400,20,100.182,106.428
87,1784742887,11771.6,20260722 13:54:46,13:54:46,15,1784742879,0.000851928,0.851927692,2.287765514,497.897871,379.765539,38.44754843,50.40729225,0.036248636,3.117224463,0.036016082,0.022530821,261.4501903,32.16310475,31.06686452,4.528606306,49.29039236,2.21360118,4.490938445,2.315005126,-37.57001123,-24.61746489,-1.773290562,197.4894237,1.86856106,0.830757437,2.287765514,504.8771601,507.290503,-0.811100558,92.64071377,0.851927692,19.91241091,21.90886727,0.00024931,97.16192393,0,0,1,0,52767.78159,1500.000968,1273.860755,0.849239955,0.174300014,9,0.5,0: Broadleaf,2,TRUE,1784742879,497.897871,503.3729677,21.86483871,19.9153871,500.2292581,21.68383871,375.1484516,101.1402258,0.099998729,30.92038065,31.06686452,999.9,0,0,9995.566452,706.427129,0.218638,-5.475178032,509.0582258,513.6026774,2.008107097,503.3729677,19.9153871,2.217347419,2.014247742,19.08820323,17.55651935,1500.000968,0.691999613,0.308000323,32,28282.52581,1784742911,13:55:10,1784742798,1784742911,90,-0.197,0.009,-2.318,0.181,489,20,0.47,0.03,-6.646980725,66.99410376,8.013473357,0,1.99245575,0.840178874,0.112074161,0,0,2,0/2,2.63264,2.71257,0.110328,0.107951,0.109841,0.10164,24808.7,24549.5,25379.2,25309,31207.3,30992.5,38977.7,38092.8,1.68967,2.0646,0.0787526,0,29.7908,999.9,58.2,35,32.4991,62.5134,19.367,1,0.310915,0,20.4241,5.21969,11.98,4.96815,3.2952,9100.8,9999,9999,230.8,4.97,1.87534,1.87136,1.87453,1.87439,1.87241,1.87376,1.87486,0,0,0,0,11111111,oooooooo,on,on,on,on,0,100,100,-2.327,0.181,-1.098431457,-0.002774575,7.27494E-07,-2.16226E-10,-0.113342807,-0.001584374,0.000939206,-5.31953E-06,23,2146,2,22,1.5,1.6,0.153809,4.99756,1.49902,2.27173,1.4978,2.28149,36.9317,15.2878,3,359.573,628.628,30.7837,31.3605,29.9998,31.2466,31.2792,-1,40,10,-999.9,400,20,100.198,106.447
88,1784743007,11891.6,20260722 13:56:46,13:56:46,15,1784742999,0.000760139,0.76013909,3.037600398,489.1937097,319.886989,32.38564456,49.52640823,0.031765394,3.118596959,0.031586733,0.019757676,261.4502067,32.15003874,31.0436129,4.522608918,48.34311659,2.166722657,4.481967257,2.355886261,-33.52213386,-26.61115074,-1.91550869,199.4014135,9.490124325,0.669159004,3.037600398,538.4785838,510.7837152,2.050239786,92.64054703,0.76013909,19.91558048,21.54868727,0.014604891,97.1513099,0,0,1,0,52805.76354,1500.000645,1273.860548,0.84924,0.174300063,9,0.5,0: Broadleaf,2,TRUE,1784742999,489.1937097,512.748129,21.40165484,19.83054516,491.5057419,21.21165484,375.1196452,101.1409355,0.099957942,30.88533548,31.0436129,999.9,0,0,10001.79194,706.1327097,0.218638,-23.55442581,499.914871,523.1232258,1.614649677,512.748129,19.83054516,2.168985161,2.005678065,18.73500968,17.48905806,1500.000645,0.691999065,0.308000903,32,28282.53226,1784743035,13:57:14,1784742798,1784743035,91,-0.197,0,-2.318,0.19,489,20,0.47,0.07,-19.76544268,-90.43891233,9.357969214,0,1.664700244,-0.895695261,0.094534763,0,0,2,0/2,2.63267,2.71263,0.111172,0.11512,0.108631,0.103282,24789.5,24356.8,25383.3,25313.5,31254.8,30941.3,38983.8,38099.1,1.68998,2.06518,0.0823513,0,29.6938,999.9,58.3,34.9,32.3793,62.0934,19.5152,1,0.303661,0,20.4248,5.21804,11.98,4.96805,3.29523,9100.8,9999,9999,230.8,4.97,1.8754,1.87141,1.87454,1.87439,1.87241,1.87375,1.87488,0,0,0,0,11111111,oooooooo,on,on,on,on,0,100,100,-2.338,0.19,-1.098431457,-0.002774575,7.27494E-07,-2.16226E-10,-0.104679581,-0.001584374,0.000939206,-5.31953E-06,23,2146,2,22,3.5,1.6,0.153809,4.99756,1.4978,2.27173,1.4978,2.42432,36.8842,15.2878,3,359.316,628.354,30.7256,31.2776,29.9998,31.1702,31.2079,-1,40,10,-999.9,400,20,100.214,106.465
89,1784743127,12011.6,20260722 13:58:46,13:58:46,15,1784743119,0.000688673,0.688672683,2.380454154,528.0056774,381.1860279,38.59249173,53.45698229,0.029485282,3.117326671,0.029331218,0.018345786,261.4500271,32.03637636,30.91412903,4.489336953,49.24603286,2.19065096,4.448380575,2.298685994,-30.37046533,-26.98088887,-1.94041079,202.1582621,3.345023241,0.653886984,2.380454154,547.8103019,541.1649818,0.082665175,92.64034372,0.688672683,20.11296317,21.71874788,0.001016195,97.13774737,0,0,1,0,52799.19515,1500.000968,1273.860727,0.849239937,0.174299906,9,0.5,0: Broadleaf,2,TRUE,1784743119,528.0056774,536.8590645,21.6375129,20.10270968,530.2596774,21.4375129,375.1390645,101.1431935,0.100002458,30.7535871,30.91412903,999.9,0,0,9995.741935,705.9730323,0.218638,-8.996923419,539.5590968,547.8728387,1.575817742,536.8590645,20.10270968,2.192637419,2.033253548,18.9086,17.70570323,1500.000968,0.692001161,0.307998806,32,28282.57419,1784743160,13:59:20,1784743160,1784743145,92,0.179,0,-2.254,0.2,543,20,1.21,0.08,-16.57474288,97.5393345,12.55065675,0,1.56395375,0.226481989,0.038377816,0,0,2,0/2,2.63314,2.7126,0.115745,0.114944,0.109233,0.103811,24666.6,24366.2,25387.8,25318,31239.1,30927.8,38990.4,38105.3,1.69115,2.06685,0.0775568,0,29.6608,999.9,58.9,34.8,32.5331,61.7034,19.1546,1,0.296456,0,20.4244,5.21774,11.98,4.96775,3.2952,9100.8,9999,9999,230.9,4.97001,1.87537,1.8714,1.87454,1.87439,1.87241,1.87376,1.8749,0,0,0,0,11111111,oooooooo,on,on,on,on,0,100,100,-2.254,0.2,-1.098431457,-0.002774575,7.27494E-07,-2.16226E-10,-0.104232504,-0.001584374,0.000939206,-5.31953E-06,23,2146,2,22,5.5,1.5,0.153809,4.99756,1.49902,2.27051,1.4978,2.31079,36.8366,15.2615,3,359.457,628.881,30.6161,31.1889,29.9997,31.0873,31.1254,-1,40,10,-999.9,400,20,100.231,106.483
90,1784743247,12131.6,20260722 14:00:46,14:00:46,15,1784743239,0.000699728,0.699728241,2.502641198,500.1608,347.5074222,35.1835988,50.63908221,0.029471119,3.118034866,0.029317238,0.018337032,261.4500713,32.07458013,30.98481333,4.50747335,48.68263497,2.170692584,4.458864204,2.336780766,-30.85801541,-31.94058518,-2.297849376,196.3536213,9.731339545,0.593186466,2.502641198,534.5690778,520.401703,0.813444504,92.64005895,0.699728241,20.06002166,21.56568424,0.013208261,97.117541,0,0,1,0,52808.53862,1500,1273.860029,0.849240019,0.174300048,9,0.5,0: Broadleaf,2,TRUE,1784743239,500.1608,524.2192333,21.43987,20.04725667,502.3179,21.23587,375.1377,101.1456,0.100003837,30.79480333,30.98481333,999.9,0,0,9998.752333,705.6546,0.218638,-24.05837,511.1358333,534.9434333,1.423768667,524.2192333,20.04725667,2.171699,2.027692333,18.75499667,17.66223,1500,0.691999367,0.308000633,32,28282.50667,1784743266,14:01:06,1784743160,1784743266,93,0.179,0.001,-2.254,0.204,543,20,1.21,0.06,-28.09543,64.91860638,7.222565584,0,1.38623,0.637067167,0.065742764,0,0,2,0/2,2.63275,2.71258,0.11262,0.114521,0.108723,0.10381,24756.8,24381.1,25390.6,25321.2,31259.7,30931.1,38994.3,38109.4,1.6915,2.06792,0.075575,0,29.7641,999.9,59,34.8,32.5859,62.3634,19.992,1,0.291471,0,20.4246,5.21804,11.98,4.9684,3.29513,9100.8,9999,9999,230.9,4.97,1.87538,1.87143,1.87454,1.87439,1.87241,1.87377,1.87493,0,0,0,0,11111111,oooooooo,on,on,on,on,0,100,100,-2.178,0.204,-0.91952307,-0.002774575,7.27494E-07,-2.16226E-10,-0.103802169,-0.001584374,0.000939206,-5.31953E-06,23,2146,2,22,1.4,1.7,0.153809,4.99756,1.4978,2.27295,1.4978,2.36694,36.7892,15.2615,3,359.278,629.104,30.602,31.1249,29.9999,31.0214,31.0617,-1,40,10,-999.9,400,20,100.241,106.495
91,1784743367,12251.6,20260722 14:02:46,14:02:46,15,1784743359,0.000683984,0.683984376,2.200884947,512.7752333,373.0313456,37.76854298,51.91728166,0.028793424,3.118938265,0.028646562,0.017917234,261.4498633,32.08523938,31.01535333,4.51532912,48.82156859,2.177777652,4.460687591,2.337551468,-30.16371098,-35.88114435,-2.581071218,192.8239368,-0.646952385,0.769739179,2.200884947,507.8338669,518.0796182,-1.581455687,92.63980362,0.683984376,19.4610137,21.39807758,-0.03196227,97.10104413,0,0,1,0,52828.32938,1499.999,1273.859244,0.849240062,0.174300025,9,0.5,0: Broadleaf,2,TRUE,1784743359,512.7752333,512.1700333,21.50941667,19.70237,515.0602333,21.32341667,375.1227333,101.1476667,0.09997224,30.80196333,31.01535333,999.9,0,0,10002.692,705.4326333,0.218638,0.705058533,524.1776667,522.467,1.859904333,512.1700333,19.70237,2.180973333,1.992849,18.82315333,17.38649333,1499.999,0.691999867,0.3080002,32,28282.50333,1784743402,14:03:21,1784743402,1784743393,94,-0.167,0,-2.285,0.186,481,20,0.56,0.05,-6.01271535,137.0958638,14.40015439,0,1.71862625,2.616487317,0.25631014,0,0,2,0/2,2.63261,2.71262,0.11209,0.110229,0.108068,0.101212,24770.8,24498.4,25389.8,25320.2,31281.7,31020.3,38992.9,38108.5,1.69147,2.06938,0.0688508,0,29.8949,999.9,58.6,34.7,32.1839,61.9434,20.1162,1,0.290879,0,20.4248,5.21789,11.98,4.9677,3.29525,9100.8,9999,9999,230.9,4.96999,1.87545,1.87138,1.87454,1.87439,1.87244,1.87378,1.87494,0,0,0,0,11111111,oooooooo,on,on,on,on,0,100,100,-2.285,0.186,-0.91952307,-0.002774575,7.27494E-07,-2.16226E-10,-0.102817861,-0.001584374,0.000939206,-5.31953E-06,23,2146,2,22,3.4,1.7,0.153809,4.99756,1.4978,2.27173,1.4978,2.36938,36.7892,15.244,3,359.122,630.006,30.6081,31.1077,30,30.9944,31.0322,-1,40,10,-999.9,400,20,100.238,106.492
92,1784743487,12371.6,20260722 14:04:46,14:04:46,15,1784743479,0.000625662,0.625662328,3.609432152,530.8999355,297.7807949,30.14829524,53.7500345,0.026660323,3.11896261,0.026534365,0.016595245,261.4503863,32.1092994,31.02952258,4.518977908,49.54030776,2.211075815,4.463185465,2.307902093,-27.59170868,-36.61536991,-2.634178062,194.6091297,0.640305045,0.62361589,3.609432152,554.3870554,540.5078424,0.50988671,92.63986576,0.625662328,20.35260699,21.86196727,-0.003969481,97.1051662,0,0,1,0,52827.09592,1500.002258,1273.861915,0.849239998,0.174299995,9,0.5,0: Broadleaf,2,TRUE,1784743479,530.8999355,533.2304194,21.83924194,20.37577419,533.2924839,21.63024194,375.1342903,101.1432581,0.0999912,30.81176774,31.02952258,999.9,0,0,10003.23968,705.2388387,0.218638,-2.330437161,542.7754516,544.3215806,1.503273548,533.2304194,20.37577419,2.212918065,2.06087129,19.05613548,17.91989032,1500.002258,0.692000065,0.307999935,32,28282.54839,1784743505,14:05:04,1784743402,1784743505,95,-0.167,-0.004,-2.285,0.209,481,21,0.56,0.07,-3.96055405,-22.74139256,9.377479786,0,1.494615,-0.059315572,0.05116632,1,1,2,1/2,2.63297,2.71273,0.115744,0.11685,0.109749,0.105283,24667,24315,25388,25319.1,31220.5,30877.6,38990.3,38106.3,1.6912,2.06798,0.0689998,0,29.9208,999.9,60,34.7,32.9561,62.1834,19.2869,1,0.292396,0,20.4249,5.21714,11.98,4.9682,3.29558,9100.8,9999,9999,231,4.97,1.87543,1.87145,1.87454,1.87439,1.87243,1.87378,1.87494,0,0,0,0,11111111,oooooooo,on,on,on,on,0,100,100,-2.389,0.209,-1.08702796,-0.002774575,7.27494E-07,-2.16226E-10,-0.102522771,-0.001584374,0.000939206,-5.31953E-06,23,2146,2,22,1.4,1.6,0.153809,4.99756,1.49902,2.27295,1.4978,2.30347,36.7892,15.2178,3,358.999,628.829,30.6168,31.1238,30.0002,30.9971,31.0322,-1,40,10,-999.9,400,20,100.231,106.486
93,1784743607,12491.6,20260722 14:06:46,14:06:46,15,1784743599,0.000612282,0.612282027,2.548567781,523.700871,347.9061463,35.22289114,53.02079013,0.025725022,3.117048744,0.025607654,0.016015284,261.4502612,32.13814793,31.0653871,4.528225023,48.94919216,2.187795099,4.469522381,2.340429924,-27.00163739,-38.44357988,-2.768230451,193.2368135,-1.052061399,0.629687321,2.548567781,530.6600748,530.1680848,-0.581616277,92.63951776,0.612282027,20.11397052,21.61732121,-0.006393963,97.08445975,0,0,1,0,52778.2949,1500.001935,1273.861651,0.849240005,0.174299949,9,0.5,0: Broadleaf,2,TRUE,1784743599,523.700871,521.9680645,21.60945161,20.13145484,525.974871,21.41745161,375.1510968,101.1425161,0.099992848,30.83661935,31.0653871,999.9,0,0,9994.534194,705.1723548,0.218638,1.630235839,535.1879677,532.6919355,1.523788387,521.9680645,20.13145484,2.190266774,2.036146129,18.89129677,17.72825484,1500.001935,0.692000774,0.307999258,32,28282.56452,1784743642,14:07:21,1784743642,1784743624,96,0.095,-0.003,-2.274,0.192,516,20,1.67,0.12,3.972601775,-43.9045357,5.271335093,0,1.52811775,-0.18519636,0.022780762,0,0,2,0/2,2.63254,2.71262,0.114072,0.114028,0.108889,0.103986,24710.9,24389.5,25385.3,25315.9,31247.5,30918.8,38986.1,38101.8,1.69088,2.06825,0.0662953,0,29.97,999.9,59.9,34.7,32.899,62.5734,20.1643,1,0.295938,0,20.4249,5.21894,11.98,4.9681,3.29518,9100.8,9999,9999,231,4.97,1.8754,1.87142,1.87452,1.87439,1.87242,1.87378,1.87487,0,0,0,0,11111111,oooooooo,on,on,on,on,0,100,100,-2.274,0.192,-1.08702796,-0.002774575,7.27494E-07,-2.16226E-10,-0.106822469,-0.001584374,0.000939206,-5.31953E-06,23,2146,2,22,3.4,1.7,0.153809,4.99756,1.4978,2.27173,1.4978,2.40845,36.7654,15.2178,3,358.968,629.264,30.6378,31.1544,30.0002,31.0214,31.0513,-1,40,10,-999.9,400,20,100.22,106.473
94,1784743727,12611.6,20260722 14:08:46,14:08:46,15,1784743719,0.00057396,0.573959839,2.437739138,514.0680323,333.8843329,33.80480036,52.04786655,0.023894291,3.11933452,0.023793072,0.014879728,261.4501614,32.11350064,31.02513226,4.517847061,48.32839299,2.155962632,4.461068326,2.361884429,-25.31162888,-37.27885218,-2.681422389,196.178258,-2.293985257,0.622078498,2.437739138,520.1014392,519.5470667,-0.547574349,92.64040403,0.573959839,19.77349721,21.26556303,-0.013929643,97.14020929,0,0,1,0,52837.26328,1500.000323,1273.860278,0.849240003,0.17430007,9,0.5,0: Broadleaf,2,TRUE,1784743719,514.0680323,509.3317742,21.29408065,19.83344194,516.1590323,21.11308065,375.1432258,101.1470323,0.100007597,30.80345806,31.02513226,999.9,0,0,10004.57258,705.6083871,0.218638,4.567520103,525.1040645,519.6379677,1.504493871,509.3317742,19.83344194,2.158269677,2.006094516,18.65584516,17.49243871,1500.000323,0.691998968,0.308001,32,28282.53548,1784743753,14:09:12,1784743753,1784743748,97,0.135,0.002,-2.091,0.181,502,20,1.24,0.09,0.964396273,39.21237319,7.208048511,0,1.476614146,0.386018258,0.075572264,0,0,2,0/2,2.6329,2.71269,0.112379,0.110379,0.10767,0.103009,24755.8,24487,25383,25312.9,31287.6,30949.1,38982.4,38097.8,1.69033,2.0681,0.0669211,0,29.9194,999.9,59.4,34.7,32.6248,62.2434,19.347,1,0.299035,0,20.4254,5.21714,11.98,4.9677,3.29515,9100.8,9999,9999,231,4.97,1.87542,1.87145,1.87454,1.8744,1.87242,1.87378,1.87494,0,0,0,0,11111111,oooooooo,on,on,on,on,0,100,100,-2.091,0.181,-0.991763276,-0.002774575,7.27494E-07,-2.16226E-10,-0.110305777,-0.001584374,0.000939206,-5.31953E-06,23,2146,2,22,1.4,1.7,0.153809,4.99756,1.4978,2.27173,1.4978,2.41821,36.7417,15.209,3,358.826,629.395,30.6194,31.1839,30.0002,31.0458,31.0752,-1,40,10,-999.9,400,20,100.211,106.462
95,1784743847,12731.6,20260722 14:10:46,14:10:46,15,1784743839,0.00058285,0.582849748,2.23685776,502.7327419,336.1720069,34.03590951,50.89943768,0.02392294,3.118055547,0.023821437,0.014897482,261.4504208,32.07659041,30.9954871,4.510217596,47.48413144,2.114037476,4.452092546,2.39618012,-25.70367388,-38.20872654,-2.748553664,194.7894667,-1.442058678,0.608702957,2.23685776,503.9345982,507.4107212,-0.905290185,92.64026022,0.582849748,19.39075062,20.85603818,-0.009273857,97.1311694,0,0,1,0,52813.64395,1500.001935,1273.861639,0.849239997,0.174300056,9,0.5,0: Broadleaf,2,TRUE,1784743839,502.7327419,500.0072258,20.88030645,19.45044194,504.8237419,20.69930645,375.1360645,101.1455161,0.100003474,30.76819032,30.9954871,999.9,0,0,9998.855484,705.9510323,0.218638,2.71726871,513.4625484,509.9256129,1.462657742,500.0072258,19.45044194,2.115265484,1.967325161,18.33459677,17.18373226,1500.001935,0.691999161,0.308000806,32,28282.55484,1784743887,14:11:27,1784743753,1784743868,98,0.135,0.004,-2.091,0.181,502,20,1.24,0.16,1.8267856,22.99283777,3.775397691,0,1.451681,0.246750844,0.030941145,0,0,2,0/2,2.6328,2.71267,0.11049,0.109992,0.106204,0.101369,24807.4,24497.2,25381.9,25312.4,31338.4,31005.6,38981.2,38097.2,1.69053,2.0684,0.0708178,0,29.8488,999.9,58.7,34.6,32.0612,62.1834,19.5553,1,0.299243,0,20.425,5.21759,11.98,4.96795,3.29518,9100.8,9999,9999,231.1,4.97001,1.87535,1.87141,1.87454,1.87439,1.87243,1.87375,1.87488,0,0,0,0,11111111,oooooooo,on,on,on,on,0,100,100,-2.091,0.181,-0.856176721,-0.002774575,7.27494E-07,-2.16226E-10,-0.10864297,-0.001584374,0.000939206,-5.31953E-06,23,2146,2,22,1.6,1.6,0.153809,4.99756,1.49902,2.27173,1.4978,2.33521,36.718,15.1827,3,358.969,629.733,30.5829,31.1893,30.0002,31.0539,31.0833,-1,40,10,-999.9,400,20,100.207,106.46
96,1784743967,12852,20260722 14:12:47,14:12:47,15,1784743959,0.000556442,0.556441507,2.044227335,507.2878,346.8514767,35.1168629,51.36018532,0.022835852,3.118654079,0.022743363,0.01422288,261.4499099,32.13522641,31.07365333,4.530358681,47.80777426,2.134831588,4.465448604,2.395527093,-24.53907045,-42.5387392,-3.06142002,191.3106803,-6.083913242,0.633780049,2.044227335,492.9638691,506.2575273,-1.851167509,92.64026636,0.556441507,19.51100089,21.00971576,-0.018507586,97.13197544,0,0,1,0,52818.41368,1500,1273.859925,0.84923995,0.17429994,9,0.5,0: Broadleaf,2,TRUE,1784743959,507.2878,493.4630667,21.08586667,19.59741,509.3970667,20.90786667,375.1366333,101.1446667,0.100002187,30.82064667,31.07365333,999.9,0,0,10001.685,705.6212333,0.218638,13.82468533,518.2398667,503.3281333,1.535076333,493.4630667,19.59741,2.137437333,1.982173,18.50087333,17.30243333,1500,0.6920007,0.307999267,32,28282.54,1784743988,14:13:07,1784743753,1784743988,99,0.135,-0.001,-2.091,0.178,502,19,1.24,0.21,10.22255364,68.89168683,6.932778647,0,1.4552235,1.294706792,0.140490801,0,0,2,0/2,2.63254,2.71251,0.110188,0.106781,0.10671,0.10152,24814.5,24584.2,25380.6,25311.1,31318.7,30998.7,38979,38095.5,1.69053,2.0685,0.0717565,0,29.9125,999.9,59,34.6,32.2271,62.0533,19.9359,1,0.30045,0,20.4257,5.21849,11.98,4.9683,3.29523,9100.8,9999,9999,231.1,4.97,1.87532,1.87139,1.87451,1.87439,1.87242,1.87378,1.87488,0,0,0,0,11111111,oooooooo,on,on,on,on,0,100,100,-2.082,0.178,-0.856176721,-0.002774575,7.27494E-07,-2.16226E-10,-0.104207734,-0.001584374,0.000939206,-5.31953E-06,23,2146,2,22,3.6,1.7,0.153809,4.99756,1.4978,2.27173,1.4978,2.41455,36.6943,15.174,3,359.055,629.982,30.609,31.2085,30,31.0702,31.0987,-1,40,10,-999.9,400,20,100.202,106.455
97,1784744087,12972,20260722 14:14:47,14:14:47,15,1784744079,0.000524877,0.52487737,2.131366267,463.022,286.3128865,28.98621194,46.87617799,0.021146869,3.11875258,0.021067532,0.01317431,261.4499586,32.13950123,31.06826667,4.52896819,46.79325003,2.089121364,4.464578465,2.439846827,-23.14709201,-42.20829007,-3.037410457,193.0571661,2.951067709,0.470209172,2.131366267,488.5346626,474.8738182,0.854468015,92.64014158,0.52487737,19.62850808,20.73376909,0.012347632,97.12261756,0,0,1,0,52821.18885,1500,1273.859906,0.849239937,0.174299972,9,0.5,0: Broadleaf,2,TRUE,1784744079,463.022,470.6247333,20.63541,19.53053667,465.0328667,20.43841,375.1159333,101.1396667,0.099967713,30.81723333,31.06826667,999.9,0,0,10002.63133,705.3941333,0.218638,-7.60274706,472.7836333,480.001,1.1167922,470.6247333,19.53053667,2.088266667,1.975315667,18.12994667,17.24729,1500,0.692000167,0.307999767,32,28282.51667,1784744108,14:15:07,1784743753,1784744108,100,0.135,0.001,-2.091,0.197,502,20,1.24,0.13,-4.053680532,-82.05810919,8.966097899,0,1.22409161,-1.968696523,0.195172495,0,0,2,0/2,2.63275,2.71274,0.105375,0.108959,0.105796,0.103085,24947.4,24522.7,25379.3,25309.6,31349,30942.6,38976.9,38093.1,1.69037,2.0671,0.0759885,0,29.8433,999.9,59,34.6,32.2288,62.4134,19.4671,1,0.302635,0,20.4258,5.21789,11.98,4.96825,3.29518,9100.8,9999,9999,231.1,4.97001,1.87537,1.87143,1.87453,1.87439,1.87243,1.87377,1.87494,0,0,0,0,11111111,oooooooo,on,on,on,on,0,100,100,-2.017,0.197,-0.856176721,-0.002774575,7.27494E-07,-2.16226E-10,-0.105616277,-0.001584374,0.000939206,-5.31953E-06,23,2146,2,22,5.6,1.7,0.153809,4.99756,1.49902,2.27295,1.4978,2.41211,36.718,15.1652,3,359.111,629.086,30.6139,31.233,30.0002,31.0947,31.125,-1,40,10,-999.9,400,20,100.197,106.448
98,1784744207,13092,20260722 14:16:47,14:16:47,15,1784744199,0.000505104,0.50510405,1.852885197,477.3257333,317.7280511,32.16633451,48.32377611,0.020653395,3.118428925,0.020577702,0.012867841,261.450658,32.07845681,30.98603333,4.507786941,47.30269865,2.103912353,4.447763897,2.403874588,-22.2750886,-39.48707865,-2.83980087,196.8486899,4.799430316,0.409738592,1.852885197,501.2581576,491.5140909,0.526924193,92.64011435,0.50510405,19.88628847,20.91161576,0.015550346,97.1224158,0,0,1,0,52825.13374,1500.003,1273.86268,0.849240088,0.17430009,9,0.5,0: Broadleaf,2,TRUE,1784744199,477.3257333,489.3095667,20.78172667,19.81912667,479.4167333,20.59272667,375.1310667,101.1385667,0.100006367,30.75116,30.98603333,999.9,0,0,10001.25533,705.5881667,0.218638,-11.93579533,487.5179667,499.2034667,0.988459467,489.3095667,19.81912667,2.104450333,2.004478667,18.25283,17.47963667,1500.003,0.691999,0.308001067,32,28282.57667,1784744248,14:17:27,1784743753,1784744225,101,0.135,-0.002,-2.091,0.189,502,20,1.24,0.13,-9.208353675,-36.1851893,5.470773669,0,1.0663041,-1.12820418,0.149280414,0,0,2,0/2,2.63303,2.71255,0.107993,0.108872,0.106396,0.10279,24874.1,24525.2,25379,25309.7,31327.6,30953.2,38976.4,38093.5,1.69015,2.06787,0.0716224,0,29.8149,999.9,59.4,34.5,32.2687,62.0834,19.0585,1,0.302205,0,20.425,5.21729,11.98,4.96845,3.2953,9100.8,9999,9999,231.2,4.97,1.87541,1.87145,1.87454,1.8744,1.87243,1.87376,1.87494,0,0,0,0,11111111,oooooooo,on,on,on,on,0,100,100,-2.091,0.189,-0.856176721,-0.002774575,7.27494E-07,-2.16226E-10,-0.104337856,-0.001584374,0.000939206,-5.31953E-06,23,2146,2,22,7.6,1.7,0.153809,4.99756,1.49902,2.27173,1.4978,2.39746,36.6943,15.1477,3,359.024,629.769,30.5648,31.2303,30.0002,31.0994,31.1279,-1,40,10,-999.9,400,20,100.196,106.449
99,1784744327,13212,20260722 14:18:47,14:18:47,15,1784744319,0.00046266,0.462659661,1.993862695,500.5140333,318.0797204,32.2016229,50.67083227,0.019203584,3.119102623,0.019138142,0.0119672,261.4502287,32.05830249,30.95425667,4.49962521,48.02616065,2.132396286,4.440072363,2.367228924,-20.40329107,-39.24673689,-2.82104193,198.9791588,3.843144254,0.438386344,1.993862695,523.78705,514.2537879,0.470514448,92.6398402,0.462659661,20.02630784,21.10855152,0.000420094,97.1046694,0,0,1,0,52846.04024,1500.001333,1273.86117,0.849240025,0.174299998,9,0.5,0: Broadleaf,2,TRUE,1784744319,500.5140333,510.2610667,21.06328667,20.03365,502.6050333,20.87528667,375.1199333,101.1376,0.09998555,30.72086333,30.95425667,999.9,0,0,10004.44167,705.6658,0.218638,-9.750373,511.2973667,520.6924333,1.062657667,510.2610667,20.03365,2.133630667,2.026156333,18.47250333,17.65022667,1500.001333,0.692000133,0.3079999,32,28282.54333,1784744368,14:19:27,1784743753,1784744352,102,0.135,0.002,-2.091,0.188,502,20,1.24,0.19,-12.56617475,44.40290983,5.461035729,0,1.09364275,-0.34889212,0.066745548,0,0,2,0/2,2.63261,2.71262,0.111592,0.111177,0.107081,0.103366,24774.7,24462.9,25380,25310.8,31304.2,30934.5,38977,38094.9,1.6903,2.06807,0.072781,0,29.7686,999.9,59.9,34.5,32.5384,62.5334,19.9639,1,0.301037,0,20.4263,5.21954,11.98,4.9683,3.29503,9100.8,9999,9999,231.2,4.96998,1.87538,1.87144,1.87453,1.87439,1.87241,1.87377,1.87488,0,0,0,0,11111111,oooooooo,on,on,on,on,0,100,100,-2.091,0.188,-0.856176721,-0.002774575,7.27494E-07,-2.16226E-10,-0.106807985,-0.001584374,0.000939206,-5.31953E-06,23,2146,2,22,9.6,1.7,0.153809,4.99756,1.49902,2.27173,1.4978,2.35107,36.6706,15.1302,3,359.073,629.893,30.5441,31.2193,30,31.0946,31.1238,-1,40,10,-999.9,400,20,100.198,106.453
100,1784744447,13332,20260722 14:20:47,14:20:47,15,1784744439,0.000472652,0.472651863,1.969683254,490.7398667,311.4759948,31.53507159,49.68446073,0.019329099,3.119448259,0.019262807,0.012045191,261.4503391,32.03331326,30.93532667,4.494769223,47.16200334,2.091345407,4.434386283,2.403423816,-20.84394715,-39.83914028,-2.862721837,197.9045299,0.296922078,0.446785912,1.969683254,499.6658909,498.4539455,-0.364920064,92.6389173,0.472651863,19.5511225,20.66849879,-0.000663227,97.05200414,0,0,1,0,52858.11363,1500.001667,1273.861357,0.849239961,0.174300032,9,0.5,0: Broadleaf,2,TRUE,1784744439,490.7398667,491.9782333,20.65649,19.60674333,492.9648667,20.48249,375.1392667,101.144,0.09998709,30.69843667,30.93532667,999.9,0,0,10005.39433,705.6366,0.218638,-1.086329067,501.2645,501.8172,1.086369333,491.9782333,19.60674333,2.092984667,1.983103667,18.16588333,17.31000333,1500.001667,0.691999367,0.308000567,32,28282.55,1784744473,14:21:12,1784744473,1784744471,103,-0.195,0.001,-2.225,0.174,472,19,0.57,0.08,-3.4837848,40.59578632,5.823987999,0,1.11596675,-0.120550582,0.079962708,0,0,2,0/2,2.6327,2.71263,0.10909,0.108768,0.105515,0.101699,24843.8,24527.9,25379.2,25309.5,31359.1,30990.8,38976.6,38093.2,1.6905,2.06848,0.0712052,0,29.7683,999.9,59.2,34.5,32.1529,62.2934,19.8798,1,0.301408,0,20.4257,5.21774,11.98,4.96795,3.29515,9100.8,9999,9999,231.2,4.96999,1.87538,1.87137,1.87454,1.87439,1.87242,1.87372,1.87492,0,0,0,0,11111111,oooooooo,on,on,on,on,0,100,100,-2.225,0.174,-0.856176721,-0.002774575,7.27494E-07,-2.16226E-10,-0.105234138,-0.001584374,0.000939206,-5.31953E-06,23,2146,2,22,11.6,1.6,0.153809,4.99756,1.49902,2.27295,1.4978,2.41211,36.6706,15.1215,3,359.158,630.229,30.5247,31.2166,30.0001,31.0919,31.1238,-1,40,10,-999.9,400,20,100.196,106.448
101,1784744567,13452,20260722 14:22:47,14:22:47,15,1784744559,0.00043578,0.435780173,1.759476414,480.9744333,305.776658,30.96002887,48.69888512,0.017681592,3.117717139,0.017626071,0.011021268,261.4497413,32.08074378,30.97246333,4.504299955,46.86014609,2.082446668,4.443961108,2.421853287,-19.21790564,-39.71394126,-2.856365766,199.6615286,7.377885518,0.302166431,1.759476414,508.4679429,498.3716061,0.585595649,92.63952501,0.435780173,19.90402481,20.72749636,0.019336286,97.08513253,0,0,1,0,52811.44944,1499.999333,1273.859377,0.849239962,0.174299905,9,0.5,0: Broadleaf,2,TRUE,1784744559,480.9744333,499.0235333,20.56728,19.85725667,483.1994333,20.39428,375.1377,101.1504667,0.099998527,30.73618667,30.97246333,999.9,0,0,9996.814,705.0882667,0.218638,-18.07025967,491.0713333,509.1337333,0.745864433,499.0235333,19.85725667,2.084011667,2.008568667,18.09739333,17.51189333,1499.999333,0.692001267,0.307998733,32,28282.52667,1784744608,14:23:27,1784744473,1784744597,104,-0.195,0.001,-2.225,0.173,472,19,0.57,0.36,-17.6519922,11.05552098,5.44129255,0,0.798249829,-0.514058007,0.140450076,0,0,2,0/2,2.6325,2.71261,0.109157,0.109356,0.105741,0.102254,24840.7,24511.3,25378,25309,31349.5,30971,38974.6,38092.5,1.6899,2.06903,0.0792854,0,29.6925,999.9,59.3,34.5,32.2082,62.3834,19.8638,1,0.302505,0,20.4246,5.21834,11.9801,4.96795,3.29518,9100.8,9999,9999,231.3,4.96998,1.87536,1.87141,1.87452,1.87439,1.87242,1.8737,1.87492,0,0,0,0,11111111,oooooooo,on,on,on,on,0,100,100,-2.225,0.173,-1.051003504,-0.002774575,7.27494E-07,-2.16226E-10,-0.104384488,-0.001584374,0.000939206,-5.31953E-06,23,2146,2,22,1.6,1.6,0.153809,4.99756,1.49902,2.27173,1.4978,2.34375,36.6469,15.0952,3,358.919,630.808,30.531,31.2253,30,31.1027,31.1346,-1,40,10,-999.9,400,20,100.191,106.446
102,1784744687,13572,20260722 14:24:47,14:24:47,15,1784744679,0.000425918,0.425918194,1.216281841,483.4552333,352.7676269,35.71667159,48.94840252,0.017115669,3.117747736,0.01706364,0.010669436,261.449569,32.12463087,31.04702333,4.523488152,46.66506888,2.078701928,4.45451379,2.444786223,-18.78299237,-45.26726662,-3.25761465,194.1416954,-0.23617892,0.447542293,1.216281841,486.9754249,489.9380848,-0.600761739,92.63945182,0.425918194,19.43639481,20.49498848,-0.005567854,97.0806811,0,0,1,0,52804.86852,1499.997333,1273.857788,0.849240035,0.174300023,9,0.5,0: Broadleaf,2,TRUE,1784744679,483.4552333,483.4077,20.53099333,19.4793,485.707,20.33799333,375.1268667,101.1470333,0.099988407,30.77771,31.04702333,999.9,0,0,9997.293667,705.2105667,0.218638,0.0475015,493.5967333,493.0113,1.066548833,483.4077,19.4793,2.078153333,1.970274667,18.05269,17.20738667,1499.997333,0.6919998,0.308000233,32,28282.47667,1784744704,14:25:04,1784744473,1784744704,105,-0.195,0.001,-2.225,0.193,472,20,0.57,0.13,2.266745244,-23.03424067,3.946719049,0,1.09093061,-0.225031484,0.059324819,0,0,2,0/2,2.63262,2.71264,0.107777,0.110358,0.104874,0.101444,24876.1,24480.3,25375,25305.6,31376.3,30995.2,38969.8,38087.6,1.6895,2.0682,0.0716858,0,29.8839,999.9,59.2,34.5,32.1521,61.8734,19.359,1,0.306484,0,20.426,5.21729,11.98,4.96775,3.29538,9100.8,9999,9999,231.3,4.96999,1.87536,1.87139,1.87453,1.87439,1.87241,1.87374,1.87486,0,0,0,0,11111111,oooooooo,on,on,on,on,0,100,100,-2.244,0.193,-1.051003504,-0.002774575,7.27494E-07,-2.16226E-10,-0.103664646,-0.001584374,0.000939206,-5.31953E-06,23,2146,2,22,3.6,1.5,0.155029,4.99756,1.49902,2.27295,1.4978,2.43774,36.6469,15.0864,3,358.892,630.46,30.5752,31.2649,30.0003,31.1351,31.167,-1,40,10,-999.9,400,20,100.179,106.432
103,1784744807,13692,20260722 14:26:47,14:26:47,15,1784744799,0.000369985,0.369984687,2.126201291,511.8049355,266.9481632,27.02809848,51.81947697,0.014868537,3.117890436,0.014829258,0.009271807,261.4499365,32.2271662,31.1403,4.547593347,47.0039896,2.104462932,4.477200659,2.443130415,-16.31632468,-45.99151833,-3.312561298,195.8295322,1.720340051,0.317339634,2.126201291,528.0257096,522.8101273,0.001025503,92.6392929,0.369984687,20.00251167,20.86290121,0.000844975,97.07133248,0,0,1,0,52792.75243,1499.999677,1273.859723,0.849239998,0.174299995,9,0.5,0: Broadleaf,2,TRUE,1784744799,511.8049355,516.322,20.78512903,20.0396,514.0859355,20.61312903,375.1286774,101.1485161,0.099974032,30.86669032,31.1403,999.9,0,0,9997.801613,705.0386129,0.218638,-4.550526516,522.6586129,526.8805161,0.790618484,516.322,20.0396,2.106946452,2.026975484,18.27178065,17.6566129,1499.999677,0.692000065,0.307999935,32,28282.54194,1784744835,14:27:15,1784744835,1784744827,106,-0.064,-0.007,-2.281,0.172,464,19,0.23,0.11,-7.7817118,50.43424498,5.860214176,0,0.750622125,0.759204236,0.077283942,0,0,2,0/2,2.63288,2.71258,0.11293,0.11099,0.106184,0.103032,24728.8,24458.8,25371.6,25301.6,31326.2,30935.2,38964.3,38081.5,1.68887,2.06745,0.069052,0,30.025,999.9,59.9,34.4,32.355,62.3834,18.9583,1,0.311867,0,20.4253,5.21804,11.9801,4.96805,3.2952,9100.8,9999,9999,231.3,4.96999,1.87542,1.87142,1.87453,1.87439,1.87241,1.87376,1.87493,0,0,0,0,11111111,oooooooo,on,on,on,on,0,100,100,-2.281,0.172,-1.051003504,-0.002774575,7.27494E-07,-2.16226E-10,-0.102748648,-0.001584374,0.000939206,-5.31953E-06,23,2146,2,22,5.6,1.7,0.153809,4.99756,1.49902,2.27173,1.4978,2.35962,36.6706,15.0689,3,358.876,630.378,30.6414,31.3291,30.0002,31.1902,31.2184,-1,40,10,-999.9,400,20,100.165,106.415
104,1784744927,13812,20260722 14:28:47,14:28:47,15,1784744919,0.000369466,0.369465835,1.608233446,478.436,285.827959,28.93915364,48.44009299,0.014564754,3.117417338,0.014527056,0.009082789,261.4495083,32.25558066,31.16137419,4.553054952,45.98558916,2.062174005,4.484391834,2.490880947,-16.29344333,-44.79994407,-3.228010697,197.1281102,-8.863629926,0.579758596,1.608233446,460.5389789,474.008103,-1.76112401,92.63983111,0.369465835,18.81499371,20.12499758,-0.042620997,97.10277122,0,0,1,0,52776.83985,1499.997742,1273.857968,0.849239924,0.174299935,9,0.5,0: Broadleaf,2,TRUE,1784744919,478.436,457.8363548,20.36780323,19.00520968,480.7409355,20.20980323,375.134,101.1467419,0.100014142,30.8948129,31.16137419,999.9,0,0,9995.807097,704.9558387,0.218638,20.59953226,488.4046774,466.7079032,1.402708065,457.8363548,19.00520968,2.064196129,1.922317419,17.94510645,16.81765484,1499.997742,0.692000677,0.307999258,32,28282.5,1784744949,14:29:08,1784744835,1784744949,107,-0.064,0.005,-2.281,0.158,464,19,0.23,0.07,19.08307,12.57513996,3.597484813,0,1.33406025,1.271561313,0.151708291,0,0,2,0/2,2.63266,2.71272,0.105044,0.101634,0.103502,0.0989339,24944.8,24711.9,25367.9,25297.4,31416.3,31072,38959.2,38075.8,1.68862,2.06702,0.0720695,0,30.0054,999.9,58.7,34.4,31.7063,62.0534,19.4792,1,0.317248,0,20.4251,5.21759,11.9801,4.96775,3.29513,9100.8,9999,9999,231.4,4.96999,1.87541,1.8714,1.87454,1.87439,1.87242,1.87376,1.87491,0,0,0,0,11111111,oooooooo,on,on,on,on,0,100,100,-2.272,0.158,-1.115359852,-0.002774575,7.27494E-07,-2.16226E-10,-0.109579138,-0.001584374,0.000939206,-5.31953E-06,23,2146,2,22,1.5,1.7,0.155029,4.99756,1.49902,2.27173,1.4978,2.31323,36.6706,15.0514,3,359.055,630.602,30.6851,31.393,30.0001,31.2471,31.273,-1,40,10,-999.9,400,20,100.151,106.399
105,1784745047,13932,20260722 14:30:47,14:30:47,15,1784745039,0.000348877,0.348876699,1.533459322,458.6084667,260.9531879,26.42149282,46.43407657,0.013456825,3.118947155,0.013424653,0.008393292,261.4493403,32.3718571,31.26609,4.580277991,45.09021955,2.034976506,4.51312175,2.545301485,-15.38546242,-43.60319445,-3.14359742,199.317086,2.365058056,0.356879904,1.533459322,477.4176707,469.1189576,0.460351193,92.63979724,0.348876699,19.26609373,20.09250788,-0.000600188,97.10172678,0,0,1,0,52792.99381,1499.996,1273.856618,0.84924001,0.174300025,9,0.5,0: Broadleaf,2,TRUE,1784745039,458.6084667,464.6753333,20.09854667,19.25953667,460.8692333,19.90254667,375.1283333,101.1499667,0.099966443,31.00677667,31.26609,999.9,0,0,10002.50533,704.5558333,0.218638,-6.066781967,468.0140333,473.8012333,0.837059333,464.6753333,19.25953667,2.032768667,1.948099667,17.70191,17.02855667,1499.996,0.691999667,0.308000333,32.09583,28282.46,1784745071,14:31:10,1784744835,1784745071,108,-0.064,0.004,-2.281,0.196,464,20,0.23,0.15,-3.802805049,-50.47656161,6.741502928,0,0.865827537,-0.640672704,0.079672784,0,0,2,0/2,2.63191,2.71264,0.104474,0.108105,0.103432,0.101659,24957.3,24530.5,25364.7,25294.1,31414.8,30974.1,38954.1,38070.9,1.68747,2.0656,0.081107,0,29.9578,999.9,58.9,34.4,31.817,62.3234,20,1,0.321918,0,20.4246,5.21804,11.98,4.96815,3.2951,9100.8,9999,9999,231.4,4.97001,1.87538,1.87145,1.87454,1.87439,1.87241,1.87375,1.87493,0,0,0,0,11111111,oooooooo,on,on,on,on,0,100,100,-2.265,0.196,-1.115359852,-0.002774575,7.27494E-07,-2.16226E-10,-0.104499527,-0.001584374,0.000939206,-5.31953E-06,23,2146,2,22,3.5,1.6,0.153809,4.99756,1.49902,2.27417,1.4978,2.38892,36.6943,15.0514,3,358.803,630.047,30.7604,31.4551,30.0004,31.3072,31.3335,-1,40,10,-999.9,400,20,100.139,106.385
106,1784745167,14052,20260722 14:32:47,14:32:47,15,1784745159,0.000354909,0.354908834,0.743649128,532.3986667,427.236376,43.25784229,53.90556341,0.013934769,3.118987096,0.013900274,0.008690764,261.4498652,32.46394661,31.36656,4.606530383,46.43889431,2.107062105,4.537278798,2.499468278,-15.6514796,-44.7482995,-3.229203022,197.8208831,1.705240668,0.306022003,0.743649128,529.9429413,542.1312424,-1.418630671,92.64045424,0.354908834,20.00577259,20.8311,0.000811835,97.1434029,0,0,1,0,52777.66922,1499.998667,1273.858985,0.849240078,0.174300065,9,0.5,0: Broadleaf,2,TRUE,1784745159,532.3986667,536.8806333,20.81041333,20.09150667,534.8229333,20.61541333,375.1366,101.1503667,0.100006003,31.10044,31.36656,999.9,0,0,10002.649,704.7348667,0.218638,-4.481929667,543.7273,547.8909667,0.743599133,536.8806333,20.09150667,2.107477333,2.032261667,18.27578,17.69734667,1499.998667,0.691999333,0.308000733,33,28282.48,1784745191,14:33:10,1784744835,1784745191,109,-0.064,-0.002,-2.281,0.195,464,20,0.23,0.21,-6.43400725,104.2268036,13.64781967,0,0.714281725,1.487767801,0.186430163,0,0,2,0/2,2.63231,2.71252,0.115825,0.113623,0.105984,0.102337,24638.7,24375.6,25362.8,25291,31323.3,30947.4,38951,38066.4,1.68722,2.06472,0.0706464,0,30.2166,999.9,60.1,34.4,32.4633,62.5334,19.7516,1,0.326522,0,20.4259,5.21699,11.9801,4.96775,3.2951,9100.8,9999,9999,231.4,4.97,1.87542,1.87142,1.87454,1.87439,1.87241,1.87376,1.87492,0,0,0,0,11111111,oooooooo,on,on,on,on,0,100,100,-2.419,0.195,-1.115359852,-0.002774575,7.27494E-07,-2.16226E-10,-0.100185402,-0.001584374,0.000939206,-5.31953E-06,23,2146,2,22,5.5,1.6,0.153809,4.99756,1.49902,2.27295,1.4978,2.33276,36.718,15.0251,3,358.985,629.905,30.8536,31.5131,30.0003,31.3648,31.3894,-1,40,10,-999.9,400,20,100.131,106.372
107,1784745287,14172,20260722 14:34:47,14:34:47,15,1784745279,0.000301715,0.301714897,1.63423173,518.4721667,281.7360828,28.52628129,52.49623237,0.011882468,3.117485248,0.011857364,0.007413104,261.4502437,32.42990722,31.31359667,4.592675001,46.44140658,2.101454136,4.524957985,2.491220865,-13.30562696,-43.84494583,-3.163966818,201.135704,-0.911469165,0.307008708,1.63423173,525.6319545,526.1780848,-0.460379502,92.63997587,0.301714897,20.04282839,20.75834121,-0.000645102,97.11298824,0,0,1,0,52751.11354,1500.001333,1273.861137,0.849240003,0.174300008,9,0.5,0: Broadleaf,2,TRUE,1784745279,518.4721667,516.6673,20.75473667,20.03346333,520.7531667,20.55873667,375.1326,101.1517667,0.100018377,31.05272333,31.31359667,999.9,0,0,9995.622,705.3037667,0.218638,1.692444433,529.3567333,527.2294333,0.7407942,516.6673,20.03346333,2.101352,2.026418667,18.22943,17.65227,1500.001333,0.6919999,0.3080001,32,28282.54333,1784745328,14:35:27,1784744835,1784745306,110,-0.064,-0.004,-2.281,0.196,464,20,0.23,0.25,2.239792475,0.671161475,4.070865874,0,0.743771025,-0.125711178,0.041102748,0,0,2,0/2,2.63206,2.71234,0.113402,0.111602,0.10577,0.103654,24704.8,24430.1,25361.4,25290,31329.1,30900.4,38949,38064.9,1.68725,2.06402,0.069581,0,30.1862,999.9,60.4,34.4,32.6235,61.8134,19.8918,1,0.328437,0,20.4262,5.21774,11.98,4.968,3.29505,9100.8,9999,9999,231.5,4.97001,1.87537,1.87137,1.87453,1.87439,1.87243,1.87378,1.87488,0,0,0,0,11111111,oooooooo,on,on,on,on,0,100,100,-2.281,0.196,-1.115359852,-0.002774575,7.27494E-07,-2.16226E-10,-0.1026571,-0.001584374,0.000939206,-5.31953E-06,23,2146,2,22,7.5,1.6,0.155029,4.99756,1.4978,2.27295,1.4978,2.3645,36.7417,15.0164,3,359.186,629.693,30.8444,31.5463,30.0001,31.4005,31.4249,-1,40,10,-999.9,400,20,100.126,106.368
108,1784745407,14292,20260722 14:36:47,14:36:47,15,1784745399,0.00027285,0.272850123,0.853592897,502.4548,357.1319303,36.16109091,50.87563491,0.010706629,3.115900527,0.010686233,0.006680725,261.4497883,32.49156977,31.37156333,4.607841152,46.44897865,2.10827346,4.538901654,2.499567692,-12.03269041,-44.49011612,-3.213930633,201.7130512,5.693162144,0.229922045,0.853592897,538.4632525,522.3341515,1.421681559,92.63962404,0.272850123,20.34061067,20.89671212,0.008194259,97.09167641,0,0,1,0,52705.01298,1499.999667,1273.859772,0.849240037,0.174299898,9,0.5,0: Broadleaf,2,TRUE,1784745399,502.4548,516.3902333,20.8216,20.28148667,504.8132,20.6416,375.1457667,101.1541333,0.100019097,31.10671667,31.37156333,999.9,0,0,9988.121333,705.6293333,0.218638,-13.93538367,513.1572,527.0804333,0.574312033,516.3902333,20.28148667,2.109649667,2.051556,18.29222,17.84788333,1499.999667,0.692001667,0.307998433,32,28282.54,1784745432,14:37:12,1784744835,1784745432,111,-0.064,0,-2.281,0.18,464,20,0.23,0.19,-15.97129049,7.9339823,10.79755694,0,0.504195073,1.001416537,0.115370856,0,0,2,0/2,2.63201,2.7125,0.112785,0.109353,0.106266,0.10357,24719.7,24489.2,25359.1,25287.3,31308.7,30900.1,38945.4,38061.3,1.68652,2.06375,0.0736639,0,30.1836,999.9,60.6,34.4,32.733,62.3834,19.4912,1,0.331385,0,20.4248,5.21729,11.98,4.96775,3.29505,9100.8,9999,9999,231.5,4.97001,1.87537,1.87143,1.87454,1.87439,1.87244,1.87376,1.8749,0,0,0,0,11111111,oooooooo,on,on,on,on,0,100,100,-2.378,0.18,-1.115359852,-0.002774575,7.27494E-07,-2.16226E-10,-0.106480643,-0.001584374,0.000939206,-5.31953E-06,23,2146,2,22,9.5,1.7,0.155029,4.99756,1.49902,2.27295,1.4978,2.42676,36.7417,15.0076,3,359.007,629.845,30.8837,31.5767,30.0002,31.4346,31.4609,-1,40,10,-999.9,400,20,100.116,106.357
109,1784745527,14412,20260722 14:38:47,14:38:47,15,1784745519,0.000277234,0.27723415,0.998265872,478.6676452,311.1329918,31.50354828,48.46714963,0.010596363,3.118094627,0.010576398,0.006612039,261.4498441,32.54457282,31.43997097,4.625795123,45.22757392,2.059280556,4.553152817,2.566514567,-12.22602602,-46.76942962,-3.378264316,199.0761241,2.598359852,0.252600377,0.998265872,499.0813506,491.5285515,0.51750008,92.63980329,0.27723415,19.87893666,20.39484545,0.013108297,97.10146596,0,0,1,0,52746.40111,1499.99871,1273.85897,0.849240044,0.174300046,9,0.5,0: Broadleaf,2,TRUE,1784745519,478.6676452,485.1916452,20.3377129,19.74400645,480.9486452,20.1427129,375.1294194,101.1542903,0.099993555,31.16175161,31.43997097,999.9,0,0,9998.167419,705.5359677,0.218638,-6.548434752,488.5819355,494.9647742,0.597860355,485.1916452,19.74400645,2.05766871,1.997191935,17.89519032,17.42178387,1499.99871,0.691999484,0.308000548,32.54300645,28282.48065,1784745568,14:39:27,1784744835,1784745546,112,-0.064,0.003,-2.281,0.195,464,20,0.23,0.18,-3.795456608,-55.23996821,5.724281201,0,0.67944535,-1.642819385,0.164469235,0,0,2,0/2,2.63202,2.71255,0.107993,0.108592,0.104489,0.102893,24850.8,24507.7,25356.8,25284.8,31368.3,30920.6,38941.9,38057.7,1.6862,2.06307,0.0764057,0,30.209,999.9,60,34.4,32.4075,61.9634,19.7596,1,0.33435,0,20.425,5.21714,11.98,4.9679,3.29515,9100.8,9999,9999,231.5,4.97,1.87536,1.8714,1.87453,1.87439,1.87241,1.87376,1.87488,0,0,0,0,11111111,oooooooo,on,on,on,on,0,100,100,-2.281,0.195,-1.115359852,-0.002774575,7.27494E-07,-2.16226E-10,-0.106537585,-0.001584374,0.000939206,-5.31953E-06,23,2146,2,22,11.5,1.6,0.155029,4.99756,1.4978,2.27173,1.4978,2.33643,36.7654,14.9901,3,359.042,629.679,30.9297,31.6132,30.0002,31.4718,31.4989,-1,40,10,-999.9,400,20,100.107,106.347
110,1784745647,14532,20260722 14:40:47,14:40:47,15,1784745639,0.000290104,0.290104294,0.866323977,493.5238667,349.1153814,35.34973762,49.97184347,0.010971156,3.118054471,0.010949755,0.006845516,261.4499344,32.58083965,31.48600667,4.637911717,44.78593102,2.043755971,4.563388378,2.594155746,-12.79359935,-47.87839941,-3.459869629,197.318066,-5.903435918,0.445605711,0.866323977,478.2659799,493.3209636,-1.739596388,92.63991275,0.290104294,19.04951768,19.9996303,-0.025898588,97.10965938,0,0,1,0,52738.65085,1499.999667,1273.859714,0.849239998,0.174299995,9,0.5,0: Broadleaf,2,TRUE,1784745639,493.5238667,479.8880333,20.18421333,19.1367,495.8625667,20.00121333,375.1268333,101.1552,0.09997092,31.20118667,31.48600667,999.9,0,0,9997.893333,705.6585333,0.218638,13.63586567,503.6989667,489.2522667,1.0628159,479.8880333,19.1367,2.043285,1.935776667,17.78357667,16.92814,1499.999667,0.692000067,0.307999933,32.96665667,28282.51,1784745664,14:41:04,1784744835,1784745664,113,-0.064,-0.001,-2.281,0.183,464,20,0.23,0.09,14.30455976,14.64189094,5.394120836,0,0.984688293,1.210825714,0.135433837,0,0,2,0/2,2.63225,2.71262,0.108131,0.104863,0.102978,0.0992885,24844.5,24607,25354.5,25281.7,31419.2,31041.9,38938.7,38053.6,1.68598,2.0632,0.0722259,0,30.3205,999.9,59.2,34.4,31.9755,61.4834,18.9343,1,0.338001,0,20.4253,5.21714,11.98,4.96775,3.29508,9100.8,9999,9999,231.6,4.96999,1.87542,1.87138,1.87454,1.87439,1.87241,1.87374,1.87493,0,0,0,0,11111111,oooooooo,on,on,on,on,0,100,100,-2.314,0.183,-1.115359852,-0.002774575,7.27494E-07,-2.16226E-10,-0.103189668,-0.001584374,0.000939206,-5.31953E-06,23,2146,2,22,13.5,1.7,0.153809,4.99756,1.49902,2.27295,1.4978,2.36084,36.8129,14.9726,3,359.149,630.197,30.9779,31.659,30.0001,31.5132,31.5377,-1,40,10,-999.9,400,20,100.099,106.335
111,1784745767,14652.1,20260722 14:42:47,14:42:47,15,1784745759,0.000263529,0.263529414,0.980696062,502.1088387,325.8710085,32.99535977,50.83993772,0.009908803,3.119122598,0.009891349,0.006183659,261.4496862,32.6619165,31.5716,4.660513357,44.78172854,2.052316674,4.58293313,2.608196684,-11.62164716,-49.66143758,-3.59033148,196.57627,0.833860146,0.244501768,0.980696062,509.0095822,511.0537333,-0.450294334,92.63999872,0.263529414,19.70782812,20.28957636,0.003641925,97.11343284,0,0,1,0,52750.36668,1499.998387,1273.858617,0.849239991,0.174299978,9,0.5,0: Broadleaf,2,TRUE,1784745759,502.1088387,504.4039677,20.26922903,19.6945129,504.3898387,20.07622903,375.1266129,101.1528387,0.099984987,31.27627419,31.5716,999.9,0,0,10003.02613,706.4027742,0.218638,-2.371736161,512.4220968,514.5376774,0.581354677,504.4039677,19.6945129,2.050963226,1.992157097,17.84335484,17.38211935,1499.998387,0.69200029,0.30799971,32.85080968,28282.49677,1784745808,14:43:27,1784744835,1784745788,114,-0.064,0.002,-2.281,0.193,464,20,0.23,0.39,-1.711505168,-2.356549505,3.346062373,0,0.592335122,-0.136365136,0.035720139,0,0,2,0/2,2.63205,2.71269,0.111091,0.11097,0.104056,0.10218,24758,24434.7,25350.7,25277.3,31376.5,30937.1,38932.4,38047.2,1.68568,2.06145,0.0735447,0,30.3869,999.9,59.8,34.4,32.2984,62.3507,19.7236,1,0.34422,0,20.4261,5.21759,11.9803,4.9677,3.295,9100.8,9999,9999,231.6,4.97002,1.87543,1.87142,1.87454,1.87439,1.87241,1.87374,1.87493,0,0,0,0,11111111,oooooooo,on,on,on,on,0,100,100,-2.281,0.193,-1.115359852,-0.002774575,7.27494E-07,-2.16226E-10,-0.104065065,-0.001584374,0.000939206,-5.31953E-06,23,2146,2,22,15.5,1.7,0.153809,4.99756,1.49902,2.27295,1.4978,2.35718,36.8129,14.9463,3,359.326,629.404,31.0319,31.721,30.0004,31.5748,31.602,-1,40,10,-999.9,400,20,100.083,106.317
112,1784745887,14772.1,20260722 14:44:47,14:44:47,15,1784745879,0.000221479,0.221478611,0.604749168,506.6692333,373.0991747,37.77948581,51.30459784,0.008421965,3.11726484,0.008409344,0.005256972,261.4500262,32.68532404,31.57296333,4.660874132,45.41519198,2.082811658,4.586156234,2.578062473,-9.767206767,-47.78448623,-3.456927527,200.4414057,2.198213607,0.196022388,0.604749168,516.9357127,517.8931636,-0.247028007,92.63962337,0.221478611,20.12438076,20.62349394,0.002058742,97.0911818,0,0,1,0,52705.24823,1500,1273.859972,0.849239981,0.174300017,9,0.5,0: Broadleaf,2,TRUE,1784745879,506.6692333,512.1814333,20.56924,20.10862,508.9502333,20.37824,375.1277,101.1585667,0.09999506,31.28863,31.57296333,999.9,0,0,9993.939333,706.5418667,0.218638,-5.598796418,517.2317667,522.6920333,0.479946533,512.1814333,20.10862,2.082709333,2.034158333,18.08754667,17.71276,1500,0.691999667,0.3080003,32.68055667,28282.52,1784745928,14:45:27,1784744835,1784745913,115,-0.064,-0.005,-2.281,0.191,464,20,0.23,0.09,-4.90863616,7.78614414,4.20599913,0,0.484309854,-0.051240836,0.01297306,1,1,2,1/2,2.63186,2.71234,0.112097,0.113349,0.105243,0.103833,24726,24365.5,25346.8,25273.7,31330.2,30875.4,38926.6,38041.5,1.68463,2.05998,0.070069,0,30.4282,999.9,60.5,34.4,32.6764,61.1807,18.9263,1,0.349527,0,20.4255,5.21714,11.98,4.96775,3.295,9100.8,9999,9999,231.6,4.97001,1.87543,1.87142,1.87454,1.87439,1.87241,1.87376,1.87493,0,0,0,0,11111111,oooooooo,on,on,on,on,0,100,100,-2.281,0.191,-1.115359852,-0.002774575,7.27494E-07,-2.16226E-10,-0.102404239,-0.001584374,0.000939206,-5.31953E-06,23,2146,2,22,17.5,1.7,0.153809,4.99756,1.49902,2.27295,1.4978,2.32544,36.8366,14.9376,3,359.151,628.794,31.0674,31.7909,30.0003,31.6407,31.6617,-1,40,10,-999.9,400,20,100.068,106.301
113,1784746007,14892.1,20260722 14:46:47,14:46:47,15,1784745999,0.000226516,0.226516219,0.995708024,507.654,307.9683748,31.18479055,51.4049005,0.008729983,3.118610905,0.00871643,0.005448984,261.4501536,32.68086262,31.58235333,4.663359636,46.2339022,2.120036896,4.585459578,2.543322739,-9.989365241,-49.83277448,-3.603672515,198.0243414,-2.180270376,0.215733531,0.995708024,510.9068841,513.6458,-0.524567087,92.64027728,0.226516219,20.40042141,20.93867818,-0.00059578,97.13245608,0,0,1,0,52736.96352,1500.000667,1273.860542,0.849239984,0.174300025,9,0.5,0: Broadleaf,2,TRUE,1784745999,507.654,502.6857333,20.93662667,20.42986333,509.935,20.73662667,375.1161667,101.1597333,0.099983917,31.28596,31.58235333,999.9,0,0,9999.997333,706.9636333,0.218638,4.879456733,518.4277667,513.1699,0.5229673,502.6857333,20.42986333,2.119583,2.066679,18.36710667,17.96463333,1500.000667,0.691999567,0.3080004,32,28282.53333,1784746048,14:47:27,1784744835,1784746029,116,-0.064,-0.005,-2.281,0.2,464,21,0.23,0.12,4.63196345,-3.065150792,4.063105471,0,0.499124925,0.302503216,0.058743865,0,0,2,0/2,2.6323,2.71261,0.111416,0.112337,0.106373,0.105329,24745.3,24393.7,25347.2,25274.1,31290.7,30824.2,38927.1,38042.3,1.6846,2.05963,0.0723153,0,30.4173,999.9,61.3,34.4,33.1047,62.1407,19.0585,1,0.349472,0,20.4258,5.21714,11.98,4.9679,3.29505,9100.8,9999,9999,231.7,4.97001,1.87542,1.87143,1.87454,1.87439,1.87241,1.87377,1.87492,0,0,0,0,11111111,oooooooo,on,on,on,on,0,100,100,-2.281,0.2,-1.115359852,-0.002774575,7.27494E-07,-2.16226E-10,-0.107373552,-0.001584374,0.000939206,-5.31953E-06,23,2146,2,22,19.5,1.6,0.153809,4.99756,1.4978,2.27295,1.4978,2.41211,36.8366,14.9376,3,359.243,628.728,31.0802,31.8049,30,31.6603,31.6834,-1,40,10,-999.9,400,20,100.069,106.303
114,1784746127,15012.1,20260722 14:48:47,14:48:47,15,1784746119,0.000215953,0.21595286,1.013003217,511.9267,298.4035628,30.21673464,51.83836648,0.008256801,3.117105506,0.00824467,0.005154007,261.4497132,32.73687132,31.61931333,4.673154049,45.86917166,2.109644981,4.599265487,2.563509068,-9.523521115,-47.13897479,-3.412025131,201.3751922,5.17671275,0.12132242,1.013003217,535.2009545,527.4981394,0.529105841,92.63935658,0.21595286,20.63701444,20.95054424,0.018733527,97.07625133,0,0,1,0,52692.92084,1499.998333,1273.858586,0.849240001,0.174300003,9,0.5,0: Broadleaf,2,TRUE,1784746119,511.9267,524.4955667,20.83367333,20.54866333,514.1427,20.63467333,375.1284,101.1613,0.100006513,31.33880667,31.61931333,999.9,0,0,9992.938667,706.9934333,0.218638,-12.73176267,522.6573333,535.4993,0.293743933,524.4955667,20.54866333,2.108442,2.078726667,18.28305333,18.05690667,1499.998333,0.691999967,0.308000033,32.54860667,28282.51,1784746168,14:49:27,1784746168,1784746144,117,0.238,-0.003,-2.216,0.199,543,21,2.25,0.13,-11.53378415,-4.484860348,5.110476126,0,0.372157146,-1.272107436,0.143268188,0,0,2,0/2,2.63181,2.71251,0.113633,0.114971,0.106451,0.10561,24682.2,24320.2,25345.9,25273.1,31286.7,30813.3,38925.3,38040.6,1.68428,2.05947,0.0720583,0,30.453,999.9,61.5,34.4,33.2127,61.7807,19.5833,1,0.350328,0,20.4251,5.21774,11.9803,4.9679,3.29503,9100.8,9999,9999,231.7,4.97002,1.87539,1.87143,1.87454,1.87439,1.87241,1.87376,1.87488,0,0,0,0,11111111,oooooooo,on,on,on,on,0,100,100,-2.216,0.199,-1.115359852,-0.002774575,7.27494E-07,-2.16226E-10,-0.112747742,-0.001584374,0.000939206,-5.31953E-06,23,2146,2,22,21.5,1.6,0.155029,4.99756,1.49902,2.27295,1.4978,2.33398,36.8129,14.9201,3,359.168,628.811,31.1138,31.8161,30.0002,31.6768,31.7032,-1,40,10,-999.9,400,20,100.064,106.299
115,1784747376,16260.6,20260722 15:09:35,15:09:35,15,1784747368,1.17502E-05,0.011750218,0.437159748,1264.341129,-640.8694736,-64.90149155,128.0410887,0.000370225,3.119588709,0.0003702,0.000231377,261.4504842,30.77874066,29.81903548,4.216364801,26.49699122,1.086158901,4.09917825,3.1302059,-0.518184593,-82.27254133,-5.839367308,172.820391,0.193256493,0.037030355,0.437159748,1278.603035,1277.524061,0.001902902,92.63299487,0.011750218,10.62769541,10.65567273,-8.44203E-06,96.79210904,0,0,1,0,53101.25242,1500.003548,1273.86296,0.849239964,0.17429991,9,0.5,0: Broadleaf,2,TRUE,1784747368,1264.341129,1264.917097,10.72527097,10.63738387,1267.506129,10.69227097,375.1389677,101.1710323,0.099966316,29.32985161,29.81903548,999.9,0,0,10003.36516,707.4922581,0.218638,-1.077471548,1277.459032,1278.518065,0.023413746,1264.917097,10.63738387,1.078563548,1.076195161,8.023216774,7.990890645,1500.003548,0.692001194,0.307998806,30,28282.60968,1784747395,15:09:54,1784747391,1784747395,118,0.504,0.066,-3.165,0.033,1266,11,0.46,0.19,-1.0467808,-0.810793058,0.104985124,0,0.018300172,0.110223531,0.011558854,0,0,2,0/2,2.63567,2.71275,0.206597,0.205674,0.0658213,0.0657385,22243.3,21978.3,25506.9,25438.9,32930.2,32408.1,39163.5,38279.1,1.70837,2.11523,0.132728,0,27.6411,999.9,37.6,33.8,19.6367,61.5706,20.5889,1,0.0995096,0,20.4262,5.22283,11.98,4.96955,3.2957,9100.8,9999,9999,232.1,4.96999,1.87531,1.87134,1.87447,1.87439,1.87241,1.87374,1.87489,0,0,0,0,11111111,oooooooo,on,on,on,on,0,100,100,-3.165,0.033,-0.877815246,-0.002774575,7.27494E-07,-2.16226E-10,-0.115416305,-0.001584374,0.000939206,-5.31953E-06,23,2146,2,22,20.1,20.5,0.153809,4.99756,1.49902,2.27051,1.4978,2.39868,35.6148,14.7449,3,355.65,645.267,29.3245,28.8365,29.9993,28.8248,28.9048,-1,40,10,-999.9,400,20,100.686,106.978