obs,time,elapsed,date,hhmmss,averaging,TIME,E,Emm,A,Ca,Ci,Pci,Pca,gsw,gbw,gtw,gtc,Rabs,TleafEB,TleafCnd,SVPleaf,RHcham,VPcham,SVPcham,VPDleaf,LatHFlux,SenHFlux,NetTherm,EBSum,Asty,Esty,Adyn,Crd,Csd,dCsd/dt,αVc,Edyn,Hr,Hs,dHs/dt,αVh,Leak,LeakPct,CorrFact,CorrFactPct,Fan,Qin,Qabs,alpha,convert,S,K,Geometry,Custom,UseDynamic,TIME,CO2_s,CO2_r,H2O_s,H2O_r,CO2_a,H2O_a,Flow,Pa,ΔPcham,Tair,Tleaf,Tleaf2,Offset,Offset2,Fan_speed,Qamb_in,Qamb_out,ΔCO2,CO2_s_d,CO2_r_d,ΔH2O,CO2_b,H2O_b,e_s,e_r,Td_s,Td_r,Q,f_red,f_blue,f_farred,F,Q_modavg,F_dc,Pc,Tled,TDigital,TPreamp,TPwrSpy,TDrive,Q_red,Q_blue,Q_farred,TSPF,state,time,hhmmss,co2_t,h2o_t,count,co2_adj,h2o_adj,co2_match,h2o_match,co2_at,h2o_at,co2_cv,h2o_cv,ΔCO2:MN,ΔCO2:SLP,ΔCO2:SD,ΔCO2:OK,F:MN,F:SLP,F:SD,F:OK,ΔH2O:MN,ΔH2O:SLP,ΔH2O:SD,ΔH2O:OK,Stable,Total,State,Vflow,VPchamber,abs_c_a,abs_c_b,abs_h_a,abs_h_b,Wc_s,Wc_r,Wco_s,Wco_r,Ww_s,Ww_r,Wwo_s,Wwo_r,Flow_s_v,Flow_r_v,Tleaf_mv,Tleaf2_mv,Tleaf_j,Tleaf2_j,Console_RH,Console_T,Console_H2O,Fan_%,Flow_%,Pump,Tchp_pwm,Txchg_pwm,diag_20v,diag_5_4v,diag_12v,diag_5va,diag_3_3vf,AccCO2_soda,AccH2O_des,AccH2O_hum,CO2_hrs,ADC_CH1,ADC_CH2,ADC_CH3,ADC_CH4,ADC_CH5,ADC_CH6,ADC_CH7,ADC_CH8,DAC_1,DAC_2,DAC_3,DAC_4,GPIO,GPIO_dir,excit_5v,power_12v,power_5v,ch1_pullup,AuxPower,MatchValveR,MatchValveS,MatchCO2,MatchH2O,cf_co2_a,cf_co2_b,cf_co2_c,cf_co2_d,cf_h2o_a,cf_h2o_b,cf_h2o_c,cf_h2o_d,co2_fit_low,co2_fit_high,h2o_fit_low,h2o_fit_high,co2_elapsed,h2o_elapsed,CO2_f,CO2_f_s,Pump_f,Pump_f_s,Pump_p,Pump_p_s,Tboard,V_system,DIAG,Flow_s,Flow_r,Txchg,Tirga,Tchopper,Ts,Tr,CO2_%,Desiccant_%,Humidifier_%,Txchg_sp,CO2_r_sp,H2O_r_sp,SS_s,SS_r
1,1785336759,0,20260729 09:52:39,09:52:39,15,1785336751,0.001115019,1.115018716,4.099524964,381.3952333,205.3311266,20.67543662,38.40388499,0.040490835,2.940198528,0.040183585,0.025142151,266.149458,30.10746445,28.89337,3.997024295,32.0375295,1.27613959,3.983264658,2.720884705,-49.17232537,-9.436746724,-0.705649618,206.8347363,7.801377313,1.054259663,4.099524964,401.4801864,390.7938303,0.777630422,66.81089624,1.115018716,11.28093772,12.75406182,0.009741134,78.43,0,0,1,0,52875.27912,1499.988667,1273.85124,0.849240576,0.177434313,6,0.5,0: Broadleaf,2,TRUE,1785336751,381.3952333,392.9069,12.67355,11.21289,422.4261,16.49657333,427.5732,100.5932,0.099943583,28.83383667,28.89337,999.9,0,0,10001.50067,0,34.01398333,-11.51164867,386.2909667,397.3625333,1.460662,392.9069,11.21289,1.274873,1.127941333,10.50575333,8.68285,1499.988667,0.691981,0.308019,0,2.598183333,0,19997.97333,13609.39333,41.625,43.1124,42.3162,41.833,41.375,1037.963333,462.0253333,0,1785336706,0,1785336720,09:52:00,1785336696,1785336720,1,4.345,0.699,-41.031,-3.823,388,11,0.34,0.54,-10.05023675,-27.74410908,2.944097105,0,2.555585294,0.41214209,0.216028058,1,1.5371085,-1.002667317,0.130319242,0,1,3,1/3,3.00582,2.76512,0.103308,0.0979573,0.0892077,0.0675624,27802.3,18554.8,31765.8,22394.3,38970.6,28391.1,45625.1,32761,1.78878,2.72358,0.126198,0,26.8445,999.9,64,27.5,23.4485,61.7602,-100,3,0.00599339,0,20.3075,5.21729,12.0282,4.95975,3.301,7707.5,9999,9999,133,4.97293,1.87507,1.88141,1.88095,1.87866,1.87432,1.87442,1.87669,0,0,0,0,11111111,oooooooo,on,on,on,on,0,100,100,-41.031,-3.8231,-41.0309,0,0,0,-3.823019048,0,0,0,-1,-1,-1,-1,1.1,0.7,0.158691,4.99878,2.89795,2.90894,2.99805,2.28027,31.1722,16.0846,2,447.931,1370.6,27.653,27.2804,30.0008,26.9564,26.7981,-1,40,10,-999.9,400,20,99.8293,86.0624
2,1785336884,125,20260729 09:54:44,09:54:44,15,1785336876,0.001227661,1.227660502,4.197538979,378.9837419,214.0476178,21.55289366,38.16065029,0.044569411,2.939517226,0.044197367,0.027656522,266.149681,30.22715276,28.99994194,4.021759258,32.32565788,1.298751735,4.017711687,2.723007524,-54.13982812,-2.757469397,-0.206504226,209.0458792,5.600414672,1.201351024,4.197538979,393.4491962,385.6434606,0.306458871,66.81089624,1.227660502,11.33556904,12.95314242,0.009327004,78.43,0,0,1,0,52829.57013,1499.993871,1273.855297,0.849240335,0.177433846,6,0.5,0: Broadleaf,2,TRUE,1785336876,378.9837419,387.406871,12.89825484,11.2488,420.0146129,16.72127419,431.3627742,100.5920323,0.1000188,28.98254194,28.99994194,999.9,0,0,9997.740323,0,14.38357419,-8.423228387,383.9357742,391.8144194,1.649449032,387.406871,11.2488,1.297461613,1.131540323,10.76944516,8.729896129,1499.993871,0.691989194,0.308010806,0,2.517758065,0,19035.03226,13609.47097,41.75,43.125,42.437,41.82012903,41.437,1037.979032,462.0148387,0,1785336831,0,1785336720,09:52:00,1785336696,1785336720,1,4.345,0.699,-41.031,-3.823,388,11,0.34,0.54,-8.1968675,-6.979332383,0.995957351,0,2.561035294,-0.445014511,0.252272926,1,1.6598695,-0.185025141,0.041286737,0,1,3,1/3,3.01031,2.76515,0.102284,0.0966602,0.0899331,0.0676906,27825.1,18578.2,31756.7,22391.1,38926.5,28383.5,45610.1,32757.2,1.79635,2.7163,0.125386,0,26.9675,999.9,64,27.6,23.5863,61.8902,-100,3,0.0222561,0,20.3077,5.21924,12.0279,4.95965,3.301,7707.5,9999,9999,133,4.97293,1.87514,1.88141,1.88095,1.87866,1.87433,1.8744,1.87669,0,0,0,0,11111111,oooooooo,on,on,on,on,0,100,100,-41.031,-3.823,-41.0309,0,0,0,-3.823019048,0,0,0,-1,-1,-1,-1,3.1,2.7,0.158691,4.99878,2.89795,2.90894,2.99805,2.25586,31.2156,16.0758,2,453.871,1365.19,27.7585,27.5081,30.0006,27.1807,27.0229,-1,40,10,-999.9,400,20,99.7983,86.0514
3,1785337004,245,20260729 09:56:44,09:56:44,15,1785336996,0.00133678,1.336780345,4.629288125,376.2353871,207.6621246,20.907751,37.87997357,0.048012667,2.939796184,0.047581259,0.029776724,266.1478017,30.36571777,29.18788387,4.065705265,32.35714017,1.312639684,4.056723422,2.753065581,-58.95201322,-6.065065589,-0.454965152,200.6757577,3.832820414,1.455372031,4.629288125,387.8199329,380.8041939,0.08091095,66.81089624,1.336780345,11.05814419,12.96452424,-0.009649195,78.43,0,0,1,0,52808.17309,1499.988065,1273.849926,0.849240041,0.17743328,6,0.5,0: Broadleaf,2,TRUE,1785336996,376.2353871,382.3310968,13.03753548,11.03865484,417.2662581,16.86054839,431.1605806,100.5815806,0.100000271,29.14961613,29.18788387,999.9,0,0,10000.36645,0,15.6866,-6.095790968,381.2054516,386.5987419,1.99886871,382.3310968,11.03865484,1.311337419,1.110286452,10.92933226,8.450010968,1499.988065,0.691999419,0.308000581,0,2.515670968,0,18714.91613,13609.45806,41.86687097,43.278,42.562,42,41.56606452,1037.989677,461.9983871,0,1785336951,0,1785336720,09:52:00,1785336696,1785336720,1,4.345,0.699,-41.031,-3.823,388,11,0.34,0.54,-5.26765525,-21.69975006,2.147385883,0,2.491388235,-0.200513374,0.263981162,1,2.0463375,-1.020738011,0.1078714,0,1,3,1/3,3.00985,2.76501,0.101337,0.0954513,0.0898975,0.0665845,27850.2,18604.3,31752.7,22393.3,38922.8,28421.4,45603.9,32762.4,1.79422,2.71378,0.123166,0,27.1858,999.9,63.5,27.7,23.5423,61.6502,-100,3,0.0357368,0,20.307,5.22028,12.0285,4.9598,3.301,7707.5,9999,9999,133,4.97294,1.87511,1.88141,1.88095,1.87866,1.8743,1.87441,1.87669,0,0,0,0,11111111,oooooooo,on,on,on,on,0,100,100,-41.031,-3.823,-41.0309,0,0,0,-3.823019048,0,0,0,-1,-1,-1,-1,5.1,4.7,0.158691,4.99878,2.89795,2.90894,2.99805,2.27783,31.2591,16.0583,2,453.996,1366.17,27.9081,27.6968,30.0006,27.3741,27.2175,-1,40,10,-999.9,400,20,99.7851,86.0629
4,1785337124,365,20260729 09:58:44,09:58:44,15,1785337116,0.0013632,1.363199589,4.162555057,382.6446129,232.4725812,23.40486437,38.52387762,0.049205167,2.939890648,0.048752186,0.030510467,266.1492648,30.61124341,29.4745129,4.133533205,33.90635328,1.395698508,4.116333292,2.737834697,-60.11710188,-11.45819376,-0.861800712,193.7121685,5.710848828,1.269599235,4.162555057,396.8960211,389.5931515,0.227541547,66.81089624,1.363199589,12.18107048,13.95873455,0.013754597,78.43,0,0,1,0,52766.70389,1500.004839,1273.863387,0.849239519,0.177432271,6,0.5,0: Broadleaf,2,TRUE,1785337116,382.6446129,391.3027419,13.863,12.11367419,423.6755484,17.68602581,429.4221613,100.5779677,0.099988561,29.40221935,29.4745129,999.9,0,0,10001.26323,0,15.45559355,-8.658147419,388.023871,396.1010323,1.749329032,391.3027419,12.11367419,1.394312903,1.218369032,11.85582258,9.827680323,1500.004839,0.692016452,0.307983548,0,2.539051613,0,18236.97742,13609.67097,42,43.5,42.794,42.125,41.7113871,1038.027419,461.9774194,0,1785337071,0,1785336720,09:52:00,1785336696,1785336720,1,4.345,0.699,-41.031,-3.823,388,11,0.34,0.54,-7.819512439,-13.03212753,1.477261106,0,2.476708824,0.628420158,0.233192457,1,1.757904146,-0.208847038,0.032913324,0,1,3,1/3,3.00836,2.76512,0.102831,0.0971519,0.0937143,0.0711913,27799.7,18553.8,31748.5,22374.9,38752.1,28254.5,45597.2,32731.8,1.7897,2.71578,0.12438,0,27.4687,999.9,66.5,27.8,24.8005,61.5902,-100,3,0.0459782,0,20.3072,5.21819,12.0279,4.95975,3.301,7707.5,9999,9999,133.1,4.97298,1.87513,1.88141,1.88095,1.87866,1.87433,1.87441,1.87668,0,0,0,0,11111111,oooooooo,on,on,on,on,0,100,100,-41.031,-3.823,-41.0309,0,0,0,-3.823019048,0,0,0,-1,-1,-1,-1,7.1,6.7,0.158691,4.99878,2.89795,2.90894,2.99805,2.27905,31.3244,16.0496,2,452.544,1373.1,28.0832,27.8501,30.0004,27.5426,27.386,-1,40,10,-999.9,400,20,99.7711,85.9866
5,1785337244,485,20260729 10:00:44,10:00:44,15,1785337236,0.001429476,1.42947568,4.287981678,385.7771935,234.7758792,23.63667172,38.83912144,0.050544583,2.939830538,0.050066725,0.03133426,266.1514305,30.73918811,29.59726452,4.162881514,32.94055111,1.367341763,4.150937726,2.795539751,-63.03987751,-7.90313407,-0.595217788,194.6132011,2.117188317,1.564822728,4.287981678,393.3612449,388.7948303,-0.240436564,66.81089624,1.42947568,11.4492028,13.48603455,-0.009050069,78.43,0,0,1,0,52739.64555,1500.002258,1273.862555,0.849240425,0.17743402,6,0.5,0: Broadleaf,2,TRUE,1785337236,385.7771935,389.5796129,13.58139032,11.42424194,426.808,17.40439677,429.3363226,100.5776129,0.099985694,29.5474,29.59726452,999.9,0,0,10000.95645,0,16.32596774,-3.802470645,391.0886452,394.0816129,2.157130968,389.5796129,11.42424194,1.365982258,1.149022903,11.54499677,8.956947742,1500.002258,0.691986677,0.308013323,0,2.4634,0,17951.40323,13609.54194,42.177,43.69106452,42.937,42.282,41.875,1037.980323,462.0219355,0,1785337191,0,1785336720,09:52:00,1785336696,1785336720,1,4.345,0.699,-41.031,-3.823,388,11,0.34,0.54,-3.36428125,-8.668639587,0.970299548,0,2.489038235,-0.135665387,0.258231442,1,2.18033425,-0.583538724,0.078682324,0,1,3,1/3,3.00806,2.76522,0.102644,0.0965105,0.0918423,0.068145,27802.3,18574.5,31745.5,22384.4,38830,28361.4,45593.6,32748.4,1.78863,2.71125,0.120193,0,27.6408,999.9,64.6,27.9,24.2315,61.6502,-100,3,0.0552591,0,20.3073,5.22058,12.0293,4.95975,3.301,7707.5,9999,9999,133.1,4.97292,1.87509,1.88141,1.88095,1.87866,1.87434,1.8744,1.87668,0,0,0,0,11111111,oooooooo,on,on,on,on,0,100,100,-41.031,-3.8231,-41.0309,0,0,0,-3.823019048,0,0,0,-1,-1,-1,-1,9.1,8.7,0.157471,4.99878,2.89795,2.90894,2.99805,2.30103,31.4115,16.0233,2,452.891,1369.93,28.2561,27.9816,30.0005,27.6822,27.5349,-1,40,10,-999.9,400,20,99.7625,86.0274
6,1785337364,605,20260729 10:02:44,10:02:44,15,1785337356,0.001400369,1.400368504,4.558697116,382.6373871,217.4120149,21.88933387,38.52444642,0.048592828,2.938736674,0.048150824,0.030133642,266.1461597,30.86263361,29.69568065,4.186542555,32.03829351,1.33877737,4.178678772,2.847765186,-61.75625102,-5.173609664,-0.390204782,198.8260943,5.234076575,1.403868272,4.558697116,396.1333526,388.8295879,0.137295353,66.81089624,1.400368504,11.42483731,13.31510485,0.005795818,78.43,0,0,1,0,52688.11021,1499.98,1273.842968,0.849239968,0.177433139,6,0.5,0: Broadleaf,2,TRUE,1785337356,382.6373871,390.7095806,13.29717419,11.35970645,423.6682581,17.12018387,428.9725484,100.5813548,0.09998921,29.66302581,29.69568065,999.9,0,0,9994.36129,0,16.60508387,-8.072152258,387.7939355,395.198871,1.937469032,390.7095806,11.35970645,1.337448387,1.142576129,11.22641613,8.873491935,1499.98,0.692000548,0.307999452,0,2.511819355,0,17699.12258,13609.39355,42.312,43.812,43.008,42.437,42.004,1037.987742,461.9922581,0,1785337311,0,1785336720,09:52:00,1785336696,1785336720,1,4.345,0.699,-41.031,-3.823,388,11,0.34,0.54,-7.926994,-4.174437974,1.112878131,0,2.482582353,0.027077156,0.209257825,1,1.9415165,-0.377266266,0.053743165,0,1,3,1/3,3.00738,2.76499,0.102645,0.0965898,0.091172,0.0676397,27798,18573.6,31741.2,22385.9,38853.8,28379,45587.4,32751.3,1.78647,2.70845,0.122324,0,27.7349,999.9,63.7,28,24.0333,61.6503,-100,3,0.0650381,0,20.307,5.21954,12.0279,4.9598,3.301,7707.5,9999,9999,133.1,4.97292,1.87514,1.88141,1.88095,1.87866,1.87432,1.87441,1.87669,0,0,0,0,11111111,oooooooo,on,on,on,on,0,100,100,-41.031,-3.823,-41.0309,0,0,0,-3.823019048,0,0,0,-1,-1,-1,-1,11.1,10.7,0.157471,4.99878,2.89795,2.90894,2.99805,2.30225,31.4988,16.0321,2,452.656,1369.27,28.3743,28.1202,30.0005,27.8286,27.6824,-1,40,10,-999.9,400,20,99.749,86.0341
7,1785337484,725,20260729 10:04:44,10:04:44,15,1785337476,0.001455856,1.455856309,4.20730076,385.7212903,236.7877409,23.84056367,38.83568021,0.050476118,2.939065956,0.049999424,0.031292094,266.1468477,30.98152603,29.82821935,4.218592479,32.4939444,1.36828919,4.210905188,2.850303288,-64.20326322,-5.024427682,-0.379410451,196.5397464,4.676729886,1.366547189,4.20730076,395.8389985,390.7743273,-0.14425895,66.81089624,1.455856309,11.61632098,13.61888606,0.001228646,78.43,0,0,1,0,52674.39088,1499.984194,1273.8465,0.849239949,0.177433102,6,0.5,0: Broadleaf,2,TRUE,1785337476,385.7212903,393.0106774,13.59003548,11.70182903,426.7522581,17.41305484,428.3352903,100.5832258,0.100042606,29.79650968,29.82821935,999.9,0,0,9996.048387,0,20.14177097,-7.289335161,391.0354194,397.6640323,1.888195161,393.0106774,11.70182903,1.366929355,1.177009032,11.55563871,9.313750645,1499.984194,0.692001,0.307999,0,2.515816129,0,17556.2,13609.42903,42.375,43.937,43.125,42.562,42.125,1037.991613,461.9925806,0,1785337431,0,1785336720,09:52:00,1785336696,1785336720,1,4.345,0.699,-41.031,-3.823,388,11,0.34,0.54,-7.71938225,9.317442889,1.400576409,0,2.524282353,0.174386554,0.183050998,1,1.88573575,0.414690169,0.063920964,0,1,3,1/3,3.00726,2.76493,0.102948,0.0973882,0.0922988,0.0687013,27786.4,18553.5,31739.2,22381.8,38802.5,28340.3,45584.2,32744.1,1.78515,2.7023,0.123665,0,27.8293,999.9,64.1,28.2,24.4677,61.6203,-100,3,0.0738034,0,20.3071,5.22028,12.0285,4.95975,3.301,7707.5,9999,9999,133.2,4.97291,1.87512,1.88141,1.88095,1.87866,1.8743,1.87446,1.87668,0,0,0,0,11111111,oooooooo,on,on,on,on,0,100,100,-41.031,-3.823,-41.0309,0,0,0,-3.823019048,0,0,0,-1,-1,-1,-1,13.1,12.7,0.157471,4.99878,2.89795,2.90771,2.99805,2.29492,31.608,16.0321,2,452.82,1363.47,28.5168,28.2481,30.0004,27.9636,27.8191,-1,40,10,-999.9,400,20,99.7423,86.0165
8,1785337604,845,20260729 10:06:44,10:06:44,15,1785337596,0.001513528,1.513528089,3.850161707,391.2812581,258.2656221,26.0018232,39.3936522,0.05266987,2.939438132,0.052151135,0.03264064,266.1484981,31.14907321,30.0133,4.263705589,33.4718795,1.424354497,4.255376508,2.839351092,-66.74658871,-5.394659168,-0.408058832,193.5991914,0.385066707,1.650039601,3.850161707,394.0472641,392.6554606,-0.653441303,66.81089624,1.513528089,11.74717846,13.99144121,-0.020733403,78.43,0,0,1,0,52653.21518,1500.002258,1273.861035,0.849239412,0.177432065,6,0.5,0: Broadleaf,2,TRUE,1785337596,391.2812581,392.7265161,14.14753871,11.86656129,432.3120645,17.97054194,427.8943548,100.5785806,0.100026852,29.97925806,30.0133,999.9,0,0,9998.627419,0,19.94969677,-1.445225226,396.8964516,397.4430323,2.280966452,392.7265161,11.86656129,1.422938065,1.193522581,12.16402903,9.520431613,1500.002258,0.692019774,0.307980226,0,2.50996129,0,17411.7871,13609.69032,42.532,44.10874194,43.312,42.73170968,42.266,1038.030968,461.9712903,0,1785337551,0,1785336720,09:52:00,1785336696,1785336720,1,4.345,0.699,-41.031,-3.823,388,11,0.34,0.54,-2.5299968,23.87268848,2.432331913,0,2.513070588,0.146554614,0.198099503,1,2.262881,0.367514747,0.042599647,0,1,3,1/3,3.00686,2.76505,0.103144,0.0957465,0.0936582,0.0689131,27777.4,18585.1,31736.5,22379.6,38740.3,28331.8,45580.1,32742,1.78345,2.70248,0.119314,0,28.0576,999.9,64.9,28.3,24.9201,61.5603,-100,3,0.0821189,0,20.3071,5.21954,12.0279,4.9597,3.301,7707.5,9999,9999,133.2,4.97294,1.87515,1.88141,1.88095,1.87866,1.87431,1.8744,1.87671,0,0,0,0,11111111,oooooooo,on,on,on,on,0,100,100,-41.031,-3.823,-41.0309,0,0,0,-3.823019048,0,0,0,-1,-1,-1,-1,15.1,14.7,0.158691,4.99878,2.89795,2.90771,2.99805,2.24731,31.7173,16.0058,2,452.703,1366.74,28.694,28.373,30.0004,28.0901,27.9484,-1,40,10,-999.9,400,20,99.7334,86.0097
9,1785337724,965,20260729 10:08:44,10:08:44,15,1785337716,0.001417455,1.417455383,4.695250637,379.629129,207.4053313,20.87899664,38.21635279,0.047852605,2.940016343,0.047424086,0.029678234,266.1497609,31.31632178,30.16974194,4.302165364,32.12313333,1.378208269,4.290391771,2.923957095,-62.50978237,-7.570267731,-0.573360322,195.4963505,6.124925472,1.429755001,4.695250637,396.2450212,387.0086,0.410512021,66.81089624,1.417455383,11.73505627,13.69805818,0.00016435,78.43,0,0,1,0,52644.79943,1499.992581,1273.854361,0.849240441,0.177434052,6,0.5,0: Broadleaf,2,TRUE,1785337716,379.629129,388.9970645,13.69068387,11.70941935,420.6600323,17.51371613,427.0547419,100.5676452,0.099953474,30.12198065,30.16974194,999.9,0,0,10003.00516,0,18.18114516,-9.367882903,384.8988065,393.6060323,1.981276774,388.9970645,11.70941935,1.37684,1.177588065,11.66493548,9.321178065,1499.992581,0.691985355,0.308014645,0,2.490770968,0,17240.39355,13609.45161,42.673,44.25,43.437,42.87093548,42.403,1037.972581,462.0196774,0,1785337671,0,1785336720,09:52:00,1785336696,1785336720,1,4.345,0.699,-41.031,-3.823,388,11,0.34,0.54,-8.7999705,-15.30648811,1.639852575,0,2.467120588,0.61506952,0.168330637,1,1.9876645,-0.126382964,0.020315592,0,1,3,1/3,3.0055,2.76505,0.102192,0.0965429,0.0925384,0.0689184,27804.6,18567.5,31734.3,22378.5,38785.7,28329.8,45576.5,32740,1.7798,2.70058,0.118777,0,28.2038,999.9,63.9,28.4,24.6796,61.5903,-100,3,0.0914228,0,20.3072,5.22014,12.0279,4.95985,3.301,7707.5,9999,9999,133.2,4.97291,1.87515,1.88141,1.88095,1.87866,1.87434,1.87442,1.8767,0,0,0,0,11111111,oooooooo,on,on,on,on,0,100,100,-41.031,-3.823,-41.0309,0,0,0,-3.823019048,0,0,0,-1,-1,-1,-1,17.1,16.7,0.157471,4.99878,2.89795,2.90771,2.99805,2.27295,31.8049,16.0146,2,451.457,1366.98,28.8222,28.4956,30.0004,28.2183,28.0783,-1,40,10,-999.9,400,20,99.7261,86.005
10,1785337844,1085,20260729 10:10:44,10:10:44,15,1785337836,0.001492207,1.492206864,4.42065216,385.7163226,229.908959,23.14321003,38.82716838,0.050522304,2.939710248,0.050044845,0.03132055,266.1567151,31.29994637,30.12290323,4.29061893,32.00989908,1.373571277,4.29108281,2.917047653,-65.8063227,0.298566532,0.022610393,200.6715693,3.535820383,1.485255909,4.42065216,394.7720085,389.8199576,-0.213853237,66.81089624,1.492206864,11.4641327,13.60033818,-0.009153039,78.43,0,0,1,0,52635.4093,1500.036774,1273.891432,0.849240135,0.17743346,6,0.5,0: Broadleaf,2,TRUE,1785337836,385.7163226,391.4920968,13.6453129,11.58591935,426.7471613,17.46832258,426.8215161,100.5625161,0.099981429,30.1247871,30.12290323,999.9,0,0,10001.77323,0,19.69702581,-5.775713226,391.0523226,396.081129,2.059382581,391.4920968,11.58591935,1.372207097,1.16511129,11.61393226,9.162634516,1500.036774,0.691995903,0.308004097,0,2.519070968,0,17264.1,13609.9,42.754,44.312,43.5,42.937,42.5,1038.01871,462.0180645,0,1785337791,0,1785336720,09:52:00,1785336696,1785336720,1,4.345,0.699,-41.031,-3.823,388,11,0.34,0.54,-6.42721525,13.79048071,1.428293028,0,2.517011765,-0.466343781,0.228763562,1,2.04312975,0.707600263,0.076733347,0,1,3,1/3,3.00546,2.76495,0.102631,0.0963033,0.0921119,0.0677872,27787,18575.2,31730.4,22382.3,38799.6,28369.9,45571.1,32746.8,1.77932,2.7037,0.121862,0,28.1293,999.9,63,28.5,24.4767,61.6203,-100,3,0.0990244,0,20.3074,5.21969,12.0282,4.95975,3.301,7707.5,9999,9999,133.3,4.97293,1.87515,1.88141,1.88095,1.87866,1.87432,1.87441,1.87671,0,0,0,0,11111111,oooooooo,on,on,on,on,0,100,100,-41.03,-3.8231,-41.0309,0,0,0,-3.823019048,0,0,0,-1,-1,-1,-1,19.1,18.7,0.157471,4.99878,2.89795,2.90649,2.99805,2.29492,31.9146,16.0146,2,451.963,1374.21,28.8708,28.608,30.0002,28.3326,28.1903,-1,40,10,-999.9,400,20,99.714,86.0215
11,1785337964,1205.1,20260729 10:12:44,10:12:44,15,1785337956,0.001482688,1.482687648,4.592600809,379.5654516,216.3432059,21.77760817,38.20793745,0.049747014,2.938779441,0.049283879,0.030843676,266.1490242,31.43319015,30.2585129,4.324123028,31.95582156,1.381560414,4.323345,2.942562614,-65.38652527,-0.497282966,-0.037720727,200.2274952,5.875233421,1.399390957,4.592600809,393.7168991,386.1722545,0.1611427,66.81089624,1.482687648,11.73065868,13.77016727,0.002417628,78.43,0,0,1,0,52586.01735,1499.998065,1273.858132,0.849239851,0.177432912,6,0.5,0: Broadleaf,2,TRUE,1785337956,379.5654516,388.5784516,13.72470323,11.78295484,420.5963548,17.54772258,426.4769032,100.5623548,0.099961203,30.25537419,30.2585129,999.9,0,0,9996.492903,0,20.69711613,-9.013049355,384.8472581,393.2116774,1.941757419,388.5784516,11.78295484,1.380189355,1.184921935,11.70165806,9.413320645,1499.998065,0.692003774,0.307996226,0,2.53846129,0,17077.02581,13609.58065,42.875,44.431,43.625,43.062,42.625,1038.006129,461.9919355,0,1785337911,0,1785336720,09:52:00,1785336696,1785336720,1,4.345,0.699,-41.031,-3.823,388,11,0.34,0.54,-8.078080244,-14.24474592,1.776741413,0,2.5448,-0.155920558,0.229595615,1,1.970049268,-0.088821951,0.080783441,1,2,3,2/3,3.00513,2.76497,0.101971,0.0964363,0.0927604,0.0689528,27805.9,18569.3,31729,22378.8,38770.2,28329.1,45569.5,32740.8,1.77745,2.70065,0.122584,0,28.2589,999.9,63.2,28.6,24.6938,61.863,-100,3,0.105442,0,20.3074,5.21744,12.0281,4.95975,3.301,7707.5,9999,9999,133.3,4.97295,1.87515,1.88141,1.88095,1.87866,1.87437,1.8744,1.8767,0,0,0,0,11111111,oooooooo,on,on,on,on,0,100,100,-41.031,-3.823,-41.0309,0,0,0,-3.823019048,0,0,0,-1,-1,-1,-1,21.1,20.7,0.157471,4.99878,2.89795,2.90771,2.99805,2.27539,32.0244,16.0058,2,451.554,1372.09,29.0042,28.7018,30.0004,28.4326,28.2939,-1,40,10,-999.9,400,20,99.7102,86.0066
12,1785338084,1325.1,20260729 10:14:44,10:14:44,15,1785338076,0.001472645,1.472644863,4.681510045,376.9276129,210.4499099,21.18451247,37.94265209,0.049543998,2.939753223,0.049084766,0.030718884,266.1553931,31.33795553,30.09753226,4.284375894,31.37272548,1.348781155,4.299215749,2.935594739,-64.94363846,9.549667416,0.723211433,211.4846335,4.087999085,1.461324754,4.681510045,387.2835087,381.3375212,-0.115640222,66.81089624,1.472644863,11.33493359,13.38317758,-0.000264651,78.43,0,0,1,0,52630.92439,1500.035161,1273.889526,0.849239777,0.17743277,6,0.5,0: Broadleaf,2,TRUE,1785338076,376.9276129,383.460871,13.39898065,11.36844194,417.9584839,17.22200323,426.0183226,100.563,0.09996761,30.1577871,30.09753226,999.9,0,0,10001.96968,0,24.43835161,-6.53324871,382.0467097,387.8703548,2.030545484,383.460871,11.36844194,1.347442258,1.143245161,11.33873226,8.882244194,1500.035161,0.692006645,0.307993355,0,2.505248387,0,16940.36452,13609.9129,42.812,44.35264516,43.562,43.002,42.562,1038.035484,461.9996774,0,1785338031,0,1785336720,09:52:00,1785336696,1785336720,1,4.345,0.699,-41.031,-3.823,388,11,0.34,0.54,-6.671837317,2.040554425,0.625850216,0,2.530047059,-0.178404885,0.194545979,1,2.043394634,-0.052421185,0.042368731,1,2,3,2/3,3.00454,2.76516,0.101064,0.0949379,0.0912518,0.0671101,27833.6,18605.6,31728.9,22385.7,38834.5,28395.7,45568.5,32753.1,1.77628,2.69667,0.127327,0,28.0332,999.9,61.6,28.7,24.2115,61.743,-100,3,0.110191,0,20.3073,5.21744,12.0281,4.95975,3.301,7707.5,9999,9999,133.3,4.97299,1.87515,1.88141,1.88095,1.87867,1.87434,1.87443,1.87671,0,0,0,0,11111111,oooooooo,on,on,on,on,0,100,100,-41.031,-3.8231,-41.0309,0,0,0,-3.823019048,0,0,0,-1,-1,-1,-1,23.1,22.7,0.157471,4.99878,2.89795,2.90649,2.99805,2.29248,32.1124,16.0058,2,451.412,1368.19,28.9487,28.77,30.0002,28.5123,28.3752,-1,40,10,-999.9,400,20,99.7088,86.0365
13,1785338204,1445.1,20260729 10:16:44,10:16:44,15,1785338196,0.001476808,1.476808153,4.734153037,376.2816129,207.8644688,20.92472445,37.87847492,0.049465759,2.940281517,0.049008051,0.030670802,266.150378,31.3626793,30.15134194,4.297626267,31.3370669,1.349262831,4.305644928,2.948363436,-65.12723956,5.15076217,0.390159424,206.5640601,4.161051464,1.530206181,4.734153037,386.7915971,380.6165758,-0.092742618,66.81089624,1.476808153,11.21609967,13.34148848,-0.009436485,78.43,0,0,1,0,52641.62347,1500.003226,1273.862742,0.849240002,0.177433204,6,0.5,0: Broadleaf,2,TRUE,1785338196,376.2816129,382.9653226,13.40346452,11.27327419,417.3125484,17.22649677,425.2285161,100.5652258,0.100003684,30.18383548,30.15134194,999.9,0,0,10004.75516,0,22.91327742,-6.683590968,381.3936452,387.3316774,2.130185806,382.9653226,11.27327419,1.347922258,1.133699032,11.34407419,8.758180968,1500.003226,0.691999516,0.308000548,0,2.581103226,0,16715.26452,13609.59677,42.875,44.36890323,43.562,43.004,42.61687097,1038.002581,462.0012903,0,1785338151,0,1785336720,09:52:00,1785336696,1785336720,1,4.345,0.699,-41.031,-3.823,388,11,0.34,0.54,-6.329788537,-6.501561742,0.771260459,0,2.547855882,0.284988531,0.217660231,1,2.148896829,-0.246847526,0.041822588,0,1,3,1/3,3.0043,2.76491,0.100932,0.0950338,0.0910678,0.067053,27836.7,18603.4,31728,22385.6,38841.7,28397.7,45567.6,32753.5,1.7755,2.69578,0.123326,0,28.1293,999.9,61.2,28.8,24.1936,61.5931,-100,3,0.115638,0,20.3072,5.21759,12.0284,4.9597,3.301,7707.5,9999,9999,133.4,4.97299,1.87515,1.88141,1.88095,1.87866,1.87438,1.87439,1.87672,0,0,0,0,11111111,oooooooo,on,on,on,on,0,100,100,-41.031,-3.823,-41.0309,0,0,0,-3.823019048,0,0,0,-1,-1,-1,-1,25.1,24.7,0.157471,4.99878,2.89795,2.90649,2.99805,2.29736,32.1784,15.9883,2,451.488,1368.77,28.9745,28.8365,30.0003,28.5898,28.4576,-1,40,10,-999.9,400,20,99.7064,86.037
14,1785338324,1565.1,20260729 10:18:44,10:18:44,15,1785338316,0.001548746,1.548746151,4.639403094,381.831129,223.9780532,22.54643352,38.43648985,0.052217347,2.939278645,0.051707413,0.032362533,266.1519209,31.34975767,30.14422258,4.295871113,31.70615639,1.365570355,4.306956472,2.930300758,-68.29970524,7.118539509,0.539393577,205.5101487,4.389956169,1.444496909,4.639403094,391.668504,386.4343455,-0.221348758,66.81089624,1.548746151,11.40276175,13.57165091,-0.001905597,78.43,0,0,1,0,52611.86473,1500.015161,1273.872581,0.849239803,0.177432821,6,0.5,0: Broadleaf,2,TRUE,1785338316,381.831129,388.8011935,13.56568387,11.55584194,422.8620968,17.3887,425.377129,100.5635806,0.100003145,30.18914516,30.14422258,999.9,0,0,9999.21129,0,24.80151935,-6.969994516,387.0820323,393.3467097,2.009838065,388.8011935,11.55584194,1.364213871,1.162096774,11.52558387,9.12391129,1500.015161,0.692006645,0.307993355,0,2.503490323,0,16837.32903,13609.72581,42.875,44.33232258,43.57419355,43,42.61687097,1038.020323,461.9948387,0,1785338271,0,1785336720,09:52:00,1785336696,1785336720,1,4.345,0.699,-41.031,-3.823,388,11,0.34,0.54,-7.2597985,13.26324811,1.77909706,0,2.513494118,0.177772342,0.243412968,1,2.01033475,0.36833167,0.113132998,0,1,3,1/3,3.00409,2.76495,0.101935,0.0951136,0.0919264,0.0669689,27805.4,18602,31728,22386,38804.7,28400.8,45567.6,32754.2,1.77453,2.69465,0.12508,0,28.1173,999.9,61.1,28.9,24.2953,61.6231,-100,3,0.119731,0,20.3076,5.21804,12.0284,4.95975,3.301,7707.5,9999,9999,133.4,4.97297,1.87515,1.88141,1.88095,1.87867,1.87438,1.87442,1.87672,0,0,0,0,11111111,oooooooo,on,on,on,on,0,100,100,-41.031,-3.823,-41.0309,0,0,0,-3.823019048,0,0,0,-1,-1,-1,-1,27.1,26.7,0.157471,4.99878,2.89795,2.90527,2.99805,2.28271,32.2446,15.9883,2,451.389,1368.72,28.9797,28.8977,30.0002,28.659,28.5266,-1,40,10,-999.9,400,20,99.7064,86.0389
15,1785338444,1685.1,20260729 10:20:44,10:20:44,15,1785338436,0.001442354,1.442353885,4.626089499,376.0122258,208.3136649,20.96916234,37.84994811,0.048535875,2.938739961,0.048094903,0.0300986,266.151601,31.29313176,30.03694516,4.269499237,31.14037237,1.334721578,4.286145206,2.934777659,-63.60780631,10.73871459,0.813082836,214.0955921,3.458241067,1.453194459,4.626089499,384.5992138,379.589697,-0.255345197,66.81089624,1.442353885,11.25973771,13.25024424,0.002842696,78.43,0,0,1,0,52610.99967,1500.00871,1273.867529,0.849240088,0.17743337,6,0.5,0: Broadleaf,2,TRUE,1785338436,376.0122258,381.6719677,13.25950645,11.23295484,417.0431613,17.08253226,424.5416129,100.5614194,0.100063216,30.10472581,30.03694516,999.9,0,0,9996.36129,0,24.70006774,-5.659602581,381.0650323,386.0079677,2.026565806,381.6719677,11.23295484,1.333395484,1.129600645,11.18063871,8.704465806,1500.00871,0.691997226,0.308002774,0,2.562167742,0,16778.05806,13609.63871,42.812,44.25,43.5,42.94106452,42.562,1038.001613,462.0070968,0,1785338391,0,1785336720,09:52:00,1785336696,1785336720,1,4.345,0.699,-41.031,-3.823,388,11,0.34,0.54,-5.925802927,7.430510383,1.08744523,0,2.603426471,-0.435772341,0.215264705,1,2.007640732,-0.044240906,0.102457097,1,2,3,2/3,3.00389,2.76485,0.100687,0.0941212,0.0906947,0.0663646,27843.1,18625.2,31727.1,22389.6,38856.7,28424.5,45566.3,32760.4,1.77372,2.6938,0.126172,0,27.9738,999.9,60,29,23.9961,61.6231,-100,3,0.122945,0,20.3076,5.21729,12.0285,4.95975,3.301,7707.5,9999,9999,133.4,4.97296,1.87515,1.88141,1.88095,1.87867,1.87438,1.87446,1.87674,0,0,0,0,11111111,oooooooo,on,on,on,on,0,100,100,-41.031,-3.823,-41.0309,0,0,0,-3.823019048,0,0,0,-1,-1,-1,-1,29.1,28.7,0.157471,4.99878,2.89795,2.90405,2.99805,2.30225,32.3107,15.9795,2,451.299,1368.8,28.9417,28.9423,30.0003,28.7144,28.5855,-1,40,10,-999.9,400,20,99.7037,86.054
16,1785338564,1805.1,20260729 10:22:44,10:22:44,15,1785338556,0.001312511,1.312510502,5.009320361,377.6422258,181.4703942,18.26666332,38.01316145,0.044162419,2.939690834,0.043797131,0.027405774,266.14666,31.44197603,30.17878065,4.304396654,31.81947528,1.372915077,4.314700558,2.931481577,-57.88171313,6.606763369,0.500707711,215.3724179,6.548273661,1.261840956,5.009320361,394.2734753,384.9909333,0.336472217,66.81089624,1.312510502,12.06026922,13.76509697,0.01708284,78.43,0,0,1,0,52618.17239,1499.981613,1273.844448,0.849240042,0.177433282,6,0.5,0: Broadleaf,2,TRUE,1785338556,377.6422258,387.5774516,13.63924194,11.87895161,418.6731613,17.46225806,424.2358387,100.5592258,0.099966539,30.22046774,30.17878065,999.9,0,0,10001.99,0,14.60013548,-9.935313548,382.8641613,392.2369677,1.760286452,387.5774516,11.87895161,1.37155129,1.194538387,11.60654516,9.532654194,1499.981613,0.691998839,0.308001161,0,2.555203226,0,16292.25484,13609.40968,42.812,44.254,43.548,42.937,42.546,1037.985161,461.9964516,0,1785338511,0,1785336720,09:52:00,1785336696,1785336720,1,4.345,0.699,-41.031,-3.823,388,11,0.34,0.54,-9.55151475,-5.118522889,1.283842373,0,2.586744118,-0.308111541,0.273013032,1,1.82425825,-1.199010394,0.123126681,0,1,3,1/3,3.00262,2.76509,0.101657,0.0952611,0.0927174,0.0710995,27812.2,18589.5,31726.3,22375,38768.5,28257.4,45565.1,32734,1.77048,2.68852,0.129234,0,28.0924,999.9,61.8,29.1,24.8605,61.7131,-100,3,0.127154,0,20.3076,5.21999,12.0291,4.95985,3.301,7707.5,9999,9999,133.5,4.97294,1.87516,1.88142,1.88095,1.87866,1.87439,1.87443,1.87671,0,0,0,0,11111111,oooooooo,on,on,on,on,0,100,100,-41.031,-3.8231,-41.0309,0,0,0,-3.823019048,0,0,0,-1,-1,-1,-1,31.1,30.7,0.157471,4.99878,2.89795,2.90527,2.99805,2.29248,32.3991,15.9708,2,449.796,1362.53,28.9888,28.9915,30.0003,28.7726,28.6503,-1,40,10,-999.9,400,20,99.701,85.9901
17,1785338684,1925.1,20260729 10:24:44,10:24:44,15,1785338676,0.001494368,1.494368057,4.669094323,384.8327097,220.8776595,22.23444643,38.73883076,0.050388419,2.940243986,0.049913559,0.031238266,266.1504789,31.52708839,30.35963226,4.349254006,32.70442709,1.421850908,4.347579317,2.927403098,-65.9016313,-1.065626065,-0.080870775,199.1023507,3.196412464,1.506010846,4.669094323,394.8554705,389.0085152,-0.134973968,66.81089624,1.494368057,12.00884096,14.09872,-0.000342984,78.43,0,0,1,0,52611.1827,1500.004839,1273.864016,0.849239938,0.17743308,6,0.5,0: Broadleaf,2,TRUE,1785338676,384.8327097,390.1824516,14.12470968,12.02115484,425.8636774,17.94771935,423.4942258,100.564129,0.099951194,30.35290968,30.35963226,999.9,0,0,10004.65065,0,23.46042903,-5.349689032,390.3463226,394.9299355,2.10356129,390.1824516,12.02115484,1.420437742,1.208895806,12.13759032,9.711503548,1500.004839,0.692002032,0.307997968,0,2.507396774,0,16548.83548,13609.62581,42.925,44.375,43.687,42.99187097,42.633,1038.006452,461.9983871,0,1785338631,0,1785336720,09:52:00,1785336696,1785336720,1,4.345,0.699,-41.031,-3.823,388,11,0.34,0.54,-5.406065366,0.840161185,0.495374455,0,2.535064706,-0.781155076,0.230950873,1,2.103873902,0.08672885,0.01964366,1,2,3,2/3,3.00237,2.76501,0.102326,0.0957011,0.0939243,0.0698583,27791.5,18583.2,31726.5,22378.4,38716.3,28301.2,45564.9,32741,1.76998,2.69222,0.126109,0,28.3193,999.9,62.1,29.2,25.1259,61.4431,-100,3,0.129266,0,20.3078,5.21729,12.0287,4.9596,3.301,7707.5,9999,9999,133.5,4.97296,1.87515,1.88142,1.88095,1.87866,1.87437,1.87441,1.87673,0,0,0,0,11111111,oooooooo,on,on,on,on,0,100,100,-41.031,-3.823,-41.0309,0,0,0,-3.823019048,0,0,0,-1,-1,-1,-1,33.1,32.7,0.157471,4.99878,2.89795,2.90649,2.99805,2.26807,32.4433,15.9708,2,449.777,1368.71,29.0952,29.0313,30.0001,28.8129,28.683,-1,40,10,-999.9,400,20,99.7009,86.0063
18,1785338804,2045.1,20260729 10:26:44,10:26:44,15,1785338796,0.00141713,1.417129873,4.916959309,372.7786774,186.9481587,18.81878796,37.52507077,0.046090758,2.939714667,0.045693031,0.028593592,266.1473671,31.672667,30.49890323,4.384075024,30.85286623,1.3510295,4.37894324,3.033045524,-62.49542739,-3.243337198,-0.246504915,200.1620976,4.634456227,1.565621613,4.916959309,385.2682373,377.7515455,0.075759537,66.81089624,1.417129873,11.38319285,13.36372848,-0.000119189,78.43,0,0,1,0,52574.21175,1499.987097,1273.848968,0.84923995,0.177433104,6,0.5,0: Broadleaf,2,TRUE,1785338796,372.7786774,380.1668065,13.42129355,11.23432903,413.8095806,17.24430323,423.7679032,100.563129,0.100007148,30.47843871,30.49890323,999.9,0,0,10001.73742,0,22.76402581,-7.388034194,377.85,384.4863548,2.18695871,380.1668065,11.23432903,1.349689355,1.129760968,11.36372581,8.706253871,1499.987097,0.692001226,0.307998774,0,2.527532258,0,16494.72258,13609.47742,42.9613871,44.44512903,43.758,43,42.687,1037.993548,461.9935484,0,1785338751,0,1785336720,09:52:00,1785336696,1785336720,1,4.345,0.699,-41.031,-3.823,388,11,0.34,0.54,-6.695831,-15.4331633,1.586533712,0,2.548932353,-0.155402605,0.202147278,1,2.18308575,-0.671321538,0.139555351,0,1,3,1/3,3.00234,2.7651,0.100358,0.0946274,0.0911292,0.0676555,27853.4,18612.5,31727.8,22387.1,38838.9,28381.1,45567.3,32755.9,1.77013,2.69465,0.125386,0,28.4715,999.9,59.8,29.3,24.3335,61.5031,-100,3,0.129985,0,20.3078,5.21729,12.0288,4.95975,3.301,7707.5,9999,9999,133.5,4.97298,1.87515,1.88141,1.88095,1.87867,1.87437,1.87441,1.87672,0,0,0,0,11111111,oooooooo,on,on,on,on,0,100,100,-41.031,-3.823,-41.0309,0,0,0,-3.823019048,0,0,0,-1,-1,-1,-1,35.1,34.7,0.157471,4.99878,2.89795,2.90527,2.99805,2.29248,32.4875,15.962,2,449.981,1372.93,29.1864,29.0453,30,28.8302,28.7076,-1,40,10,-999.9,400,20,99.7058,86.0431
19,1785338924,2165.1,20260729 10:28:44,10:28:44,15,1785338916,0.001438061,1.438061488,4.397401773,390.2515161,225.1537359,22.66543513,39.28524831,0.047263096,2.93929723,0.046844918,0.029315337,266.1470283,31.8566838,30.72738387,4.441726778,32.56954142,1.441738576,4.426646839,2.999988202,-63.41851162,-9.430616527,-0.718343208,192.5795569,4.327865513,1.499427056,4.397401773,402.0909554,395.8119636,-0.005470269,66.80626734,1.438061488,12.28615002,14.30057697,-0.000568845,78.43,0,0,1,0,52529.51872,1499.992581,1273.852945,0.849239497,0.17743223,6,0.5,0: Broadleaf,2,TRUE,1785338916,390.2515161,397.2189355,14.32193226,12.22596774,431.2823871,18.14495484,423.085129,100.5665161,0.099968658,30.66787097,30.72738387,999.9,0,0,9999.025161,0,22.16073871,-6.967439677,395.9217742,402.1354194,2.095977097,397.2189355,12.22596774,1.440308065,1.229521935,12.34876774,9.963790323,1499.992581,0.692015968,0.307984032,0,2.508354839,0,16424.49032,13609.57742,43.062,44.625,43.875,43.125,42.808,1038.02,461.9725806,0,1785338871,0,1785336720,09:52:00,1785336696,1785336720,1,4.345,0.699,-41.031,-3.823,388,11,0.34,0.54,-6.9455845,-2.641426492,0.765528363,0,2.544855882,-0.814620324,0.208930992,1,2.09965275,-0.248666004,0.049571037,0,1,3,1/3,3.00151,2.76501,0.103554,0.0976629,0.094692,0.0717612,27754.7,18539.6,31728.1,22374.5,38685.4,28237,45567.5,32733.7,1.76815,2.69348,0.125855,0,28.6909,999.9,62.3,29.4,25.4972,61.8032,-100,3,0.0660594,0.0697168,20.3074,5.21894,12.0279,4.9598,3.301,7707.5,9999,9999,133.6,4.97296,1.87515,1.88143,1.88095,1.87866,1.87437,1.87443,1.87672,0,0,0,0,11111111,oooooooo,on,on,on,on,0,100,100,-41.03,-3.823,-41.0309,0,0,0,-3.823019048,0,0,0,-1,-1,-1,-1,37.1,36.7,0.157471,4.99878,2.89795,2.90649,2.99805,2.25708,32.5539,15.9533,2,449.046,1371.89,29.3368,29.0786,30.0002,28.8623,28.7404,-1,40,10,-999.9,400,20,99.7063,85.9889
20,1785339044,2285.1,20260729 10:30:44,10:30:44,15,1785339036,0.001501088,1.501088184,4.516595182,396.8092581,232.6655182,23.42246974,39.94684263,0.049016496,2.939411948,0.048566892,0.030394359,266.1477931,32.04804724,30.96337419,4.501965698,33.10580618,1.482979267,4.479514134,3.018986432,-66.1979889,-13.88704686,-1.060075042,185.0026823,5.609170427,1.365593993,4.516595182,411.5432927,404.082097,0.153308546,66.80626734,1.501088184,12.71210111,14.80563152,0.000870753,78.43,0,0,1,0,52496.94972,1499.99,1273.851387,0.84923992,0.177433045,6,0.5,0: Broadleaf,2,TRUE,1785339036,396.8092581,405.5436452,14.73107419,12.82051935,437.8400968,18.5541,422.5402903,100.5701613,0.099976358,30.87574194,30.96337419,999.9,0,0,9999.315484,0,25.93322581,-8.734424194,402.7420968,410.8104516,1.910567419,405.5436452,12.82051935,1.481507742,1.289360645,12.77843548,10.6751,1499.99,0.692001581,0.307998419,0,2.499196774,0,16408.25484,13609.49032,43.19106452,44.84858065,44.11077419,43.29,42.94919355,1037.997097,461.9929032,0,1785338991,0,1785336720,09:52:00,1785336696,1785336720,1,4.345,0.699,-41.031,-3.823,388,11,0.34,0.54,-9.105667073,9.829311429,1.14662525,0,2.532352941,-0.028201685,0.190489021,1,1.854313415,1.662406829,0.173244374,0,1,3,1/3,3.00149,2.76498,0.104998,0.0989302,0.096576,0.0731905,27710.6,18510,31728.9,22370.3,38605.6,28187.4,45569.2,32726.7,1.7676,2.69138,0.121072,0,29.0065,999.9,63.5,29.5,26.1377,61.6532,-100,3,0.13253,0,20.3075,5.21804,12.029,4.9597,3.301,7707.5,9999,9999,133.6,4.97295,1.87515,1.88142,1.88095,1.87867,1.87438,1.87441,1.87675,0,0,0,0,11111111,oooooooo,on,on,on,on,0,100,100,-41.031,-3.8231,-41.0309,0,0,0,-3.823019048,0,0,0,-1,-1,-1,-1,39.1,38.7,0.157471,4.99878,2.89795,2.90527,2.99805,2.31201,32.6648,15.9533,2,448.905,1369.34,29.5348,29.106,30.0002,28.8889,28.7641,-1,40,10,-999.9,400,20,99.7096,85.9714
21,1785339164,2405.1,20260729 10:32:44,10:32:44,15,1785339156,0.001603738,1.603737579,3.871770753,395.0668387,259.9542896,26.17171195,39.77459083,0.052511486,2.939593635,0.051995876,0.032543326,266.1516645,32.06479626,30.92748065,4.492757874,32.94852788,1.479590816,4.490612818,3.013167058,-70.72482724,-1.326625711,-0.101266147,193.9989454,1.805751172,1.558722878,3.871770753,400.3397283,398.1910545,-0.544084784,66.80626734,1.603737579,12.28688963,14.62807091,-0.012630814,78.43,0,0,1,0,52494.83376,1500.016129,1273.873181,0.849239655,0.177432535,6,0.5,0: Broadleaf,2,TRUE,1785339156,395.0668387,398.5111935,14.69624839,12.51174194,436.0978065,18.51926129,421.8295161,100.578129,0.100001687,30.91910968,30.92748065,999.9,0,0,9999.557097,0,29.72225806,-3.444253065,400.9595484,403.5609032,2.184505806,398.5111935,12.51174194,1.478119032,1.258406452,12.74366452,10.30996323,1500.016129,0.692010452,0.307989548,0,2.555280645,0,16396.63226,13609.75484,43.379,45.062,44.24593548,43.528,43.129,1038.028387,461.9877419,0,1785339111,0,1785336720,09:52:00,1785336696,1785336720,1,4.345,0.699,-41.031,-3.823,388,11,0.34,0.54,-4.207659024,15.18171431,1.842302778,0,2.531582353,0.311688309,0.232404095,1,2.140044878,0.868995889,0.107815146,0,1,3,1/3,3.00051,2.76484,0.103901,0.0967027,0.0958665,0.0707925,27745.8,18562.4,31730.4,22378.4,38638.2,28273,45571.5,32741.5,1.76607,2.68905,0.116728,0,29.0225,999.9,62.6,29.5,25.7659,61.5932,-100,3,0.133666,0,20.3077,5.21819,12.0288,4.9597,3.301,7707.5,9999,9999,133.6,4.97294,1.87515,1.88143,1.88095,1.87867,1.87438,1.87442,1.87676,0,0,0,0,11111111,oooooooo,on,on,on,on,0,100,100,-41.031,-3.823,-41.0309,0,0,0,-3.823019048,0,0,0,-1,-1,-1,-1,41.1,40.7,0.157471,4.99878,2.89795,2.90527,2.99805,2.33765,32.7535,15.9358,2,448.137,1366.41,29.6497,29.1291,30.0002,28.9069,28.7838,-1,40,10,-999.9,400,20,99.7145,86.0071
22,1785339284,2525.1,20260729 10:34:44,10:34:44,15,1785339276,0.001420249,1.420249094,4.776085317,373.1445161,189.8547985,19.11433308,37.56770238,0.0455146,2.940430231,0.045126802,0.028238818,266.1498627,31.8947222,30.62387742,4.415528031,30.15535098,1.337457335,4.435223905,3.078070696,-62.63298506,12.34343151,0.939530895,216.7998401,3.346265771,1.547734915,4.776085317,381.8670558,376.5218,-0.242003436,66.80626734,1.420249094,11.10728828,13.17968848,-0.010581152,78.43,0,0,1,0,52556.40619,1499.992903,1273.854658,0.849240457,0.177434081,6,0.5,0: Broadleaf,2,TRUE,1785339276,373.1445161,378.7271613,13.2844129,11.1116,414.1754194,17.10743226,421.7134839,100.5787097,0.099983852,30.70174194,30.62387742,999.9,0,0,10004.26032,0,38.73092903,-5.582749677,378.1682903,382.9827742,2.172817097,378.7271613,11.1116,1.336129032,1.117589677,11.21132258,8.546759355,1499.992903,0.691984903,0.308015097,0,2.507764516,0,16371.3871,13609.44516,43.375,44.917,44.125,43.554,43.125,1037.972258,462.0206452,0,1785339231,0,1785336720,09:52:00,1785336696,1785336720,1,4.345,0.699,-41.031,-3.823,388,11,0.34,0.54,-5.6810095,0.222675872,0.529811602,1,2.501147059,0.215673035,0.18545423,1,2.16437675,-0.202053996,0.071386701,0,2,3,2/3,3.00027,2.76512,0.100112,0.0939469,0.0903817,0.0665009,27862.5,18630.9,31730,22392.9,38874,28425.7,45570.6,32766.9,1.7654,2.6873,0.121444,0,28.6449,999.9,58.6,29.6,24.257,61.3232,-100,3,0.137642,0,20.3074,5.21864,12.0293,4.95965,3.301,7707.5,9999,9999,133.7,4.97297,1.87515,1.88143,1.88095,1.87866,1.87439,1.87443,1.87673,0,0,0,0,11111111,oooooooo,on,on,on,on,0,100,100,-41.031,-3.823,-41.0309,0,0,0,-3.823019048,0,0,0,-1,-1,-1,-1,43.1,42.7,0.157471,4.99878,2.89795,2.90527,2.99805,2.23877,32.8424,15.9182,2,447.992,1364.72,29.5298,29.1661,30.0003,28.9438,28.8222,-1,40,10,-999.9,400,20,99.7129,86.0694
23,1785339404,2645.1,20260729 10:36:44,10:36:44,15,1785339396,0.001353438,1.353437849,4.817986827,375.6927742,186.5967367,18.78687816,37.82539019,0.044301197,2.940170694,0.043933679,0.027491315,266.1508701,31.78070652,30.48421613,4.380391484,31.06049904,1.367284551,4.402004455,3.013106933,-59.68660914,13.63548076,1.036578249,221.13632,5.70872315,1.250190935,4.817986827,389.3393239,381.7475576,0.102725637,66.80626734,1.353437849,11.86361132,13.68051879,0.011335117,78.43,0,0,1,0,52571.79242,1500.002258,1273.862265,0.849240231,0.177433646,6,0.5,0: Broadleaf,2,TRUE,1785339396,375.6927742,384.4909355,13.58026774,11.82415161,416.7236452,17.40329032,421.3433226,100.5817419,0.099966068,30.57023871,30.48421613,999.9,0,0,10002.48161,0,33.24516774,-8.798202581,380.8649677,389.0915806,1.756117097,384.4909355,11.82415161,1.365927419,1.189294194,11.54441613,9.46808871,1500.002258,0.691992387,0.308007613,0,2.53106129,0,16340.94839,13609.56452,43.25,44.687,43.9756129,43.375,42.98780645,1037.99,462.0122581,0,1785339351,0,1785336720,09:52:00,1785336696,1785336720,1,4.345,0.699,-41.031,-3.823,388,11,0.34,0.54,-8.79068625,1.983216698,0.527940878,0,2.525229412,-0.266517952,0.236517861,1,1.76576375,-0.043736623,0.036289092,1,2,3,2/3,3,2.76485,0.101043,0.0950095,0.0923351,0.0696538,27832.9,18601.4,31729.2,22383.8,38788.4,28315.1,45568.9,32750.2,1.76432,2.6914,0.128053,0,28.4045,999.9,59.7,29.7,24.8555,61.3832,-100,3,0.141278,0,20.3075,5.21729,12.0282,4.95975,3.301,7707.5,9999,9999,133.7,4.9729,1.87515,1.88143,1.88096,1.87867,1.87438,1.87442,1.87672,0,0,0,0,11111111,oooooooo,on,on,on,on,0,100,100,-41.031,-3.823,-41.0309,0,0,0,-3.823019048,0,0,0,-1,-1,-1,-1,45.1,44.7,0.157471,4.99878,2.89795,2.90527,2.99805,2.31812,32.9092,15.9358,2,447.674,1371.78,29.4053,29.2077,30.0003,28.9898,28.8667,-1,40,10,-999.9,400,20,99.7097,86.0291
24,1785339524,2765.1,20260729 10:38:44,10:38:44,15,1785339516,0.001448209,1.448208821,4.57489455,380.2332581,209.9505258,21.13860741,38.2833124,0.047361824,2.939694425,0.046941963,0.029376139,266.1489997,31.98563231,30.8046129,4.461362503,32.42727309,1.446291618,4.460108669,3.015070885,-63.86600898,-0.780154238,-0.059478777,201.4433577,6.328767085,1.360217032,4.57489455,396.0820095,387.762,0.27052976,66.80626734,1.448208821,12.52566032,14.45641273,0.014223368,78.43,0,0,1,0,52518.47802,1499.992258,1273.853722,0.849240198,0.177433582,6,0.5,0: Broadleaf,2,TRUE,1785339516,380.2332581,390.0006129,14.36469677,12.45190968,421.264129,18.18770645,420.5417097,100.5837742,0.099981335,30.79969032,30.8046129,999.9,0,0,9999.569355,0,115.9398032,-9.767359032,385.7748387,394.9182581,1.912781613,390.0006129,12.45190968,1.444854516,1.25246,12.39668387,10.23979677,1499.992258,0.691992387,0.308007613,0,2.562216129,0,16354.67419,13609.45806,43.266,44.75,44.062,43.312,43,1037.984516,462.0074194,0,1785339471,0,1785336720,09:52:00,1785336696,1785336720,1,4.345,0.699,-41.031,-3.823,388,11,0.34,0.54,-8.882669512,-15.63614091,1.798759736,0,2.549838235,-0.483741787,0.194117627,1,1.964949512,-0.930186272,0.108550072,0,1,3,1/3,2.99873,2.76486,0.102089,0.0965801,0.0952672,0.0724611,27797.7,18560,31726.2,22373,38658.5,28213.8,45564.8,32731.9,1.7611,2.68655,0.131488,0,28.6918,999.9,61.6,29.8,25.7906,61.8332,-100,3,0.145546,0,20.3078,5.21819,12.0288,4.9597,3.301,7707.5,9999,9999,133.7,4.973,1.87517,1.88143,1.88095,1.87868,1.87439,1.87445,1.87677,0,0,0,0,11111111,oooooooo,on,on,on,on,0,100,100,-41.031,-3.823,-41.0309,0,0,0,-3.823019048,0,0,0,-1,-1,-1,-1,47.1,46.7,0.157471,4.99878,2.89795,2.90527,2.99805,2.31201,32.9983,15.9182,2,446.14,1365.72,29.5025,29.2611,30.0003,29.0408,28.9146,-1,40,10,-999.9,400,20,99.7005,85.9837
25,1785339645,2885.5,20260729 10:40:44,10:40:44,15,1785339637,0.001427535,1.427534627,4.142684573,401.7896333,241.4668291,24.31176778,40.45365693,0.046269175,2.939834428,0.045868393,0.028703465,266.1512166,32.19505392,31.04739333,4.523583549,32.87703471,1.483543748,4.51240132,3.040039801,-62.95427704,-6.88120969,-0.525755661,195.7899742,0.259624907,1.528726685,4.142684573,406.6985956,403.8251758,-0.492911208,66.80626734,1.427534627,12.70470157,14.70913515,0.000517753,78.43,0,0,1,0,52487.19427,1500.007667,1273.86654,0.849240019,0.177433238,6,0.5,0: Broadleaf,2,TRUE,1785339637,401.7896333,403.0373333,14.7347,12.58412,442.8205667,18.55772333,420.2219,100.5836667,0.100008493,31.00397667,31.04739333,999.9,0,0,10000.37667,0,22.26679667,-1.247634167,407.7984,408.1737,2.15059,403.0373333,12.58412,1.482071667,1.265756333,12.78441,10.39795,1500.007667,0.691999067,0.308000933,0,2.56889,0,15735.41667,13609.64,43.375,44.937,44.25,43.437,43.1061,1038.004333,462.0033333,0,1785339592,0,1785336720,09:52:00,1785336696,1785336720,1,4.345,0.699,-41.031,-3.823,388,11,0.34,0.54,-1.555231125,4.088504296,0.959905154,0,2.556438235,0.447717339,0.204576356,1,2.20501975,-0.990064503,0.108536089,0,1,3,1/3,2.99902,2.76499,0.10487,0.0979887,0.0962072,0.0736278,27713.4,18528.8,31728.4,22370.3,38620.9,28174.4,45568.3,32727.3,1.7615,2.68453,0.127226,0,29.0005,999.9,62.3,29.9,26.2404,61.5932,-100,3,0.145404,0,20.3074,5.21819,12.0284,4.9597,3.301,7707.5,9999,9999,133.8,4.97296,1.87517,1.88144,1.88095,1.87867,1.87437,1.87445,1.87677,0,0,0,0,11111111,oooooooo,on,on,on,on,0,100,100,-41.031,-3.823,-41.0309,0,0,0,-3.823019048,0,0,0,-1,-1,-1,-1,49.1,48.7,0.157471,4.99878,2.89795,2.90527,2.99805,2.2876,33.0875,15.9007,2,446.524,1363.32,29.6809,29.289,30,29.0635,28.9388,-1,40,10,-999.9,400,20,99.7078,85.9724
26,1785339765,3005.5,20260729 10:42:44,10:42:44,15,1785339757,0.001458826,1.458825847,4.616979788,377.6194839,200.8783023,20.22561361,38.02095938,0.045955494,2.939724874,0.045560088,0.028510297,266.1504971,32.21988825,31.03546452,4.520508807,30.77302288,1.391210275,4.520876223,3.129298532,-64.33421987,0.225970999,0.017267641,202.0595158,4.785171973,1.41500353,4.616979788,389.6150836,383.1126727,-0.02671716,66.80626734,1.458825847,11.83814338,13.84749212,0.006038355,78.43,0,0,1,0,52478.42291,1500.003548,1273.863048,0.849240023,0.177433245,6,0.5,0: Broadleaf,2,TRUE,1785339757,377.6194839,385.2150645,13.81732903,11.8248,418.6503871,17.64034839,420.2052581,100.5859355,0.099969248,31.03689032,31.03546452,999.9,0,0,9999.527742,0,398.5444839,-7.595643226,382.9102258,389.8247419,1.992535484,385.2150645,11.8248,1.389828065,1.189408065,11.8071,9.469465806,1500.003548,0.691999161,0.308000839,0,2.5593,0,16455.77419,13609.60968,43.5,45.143,44.312,43.625,43.24593548,1038.00129,462.0022581,0,1785339712,0,1785336720,09:52:00,1785336696,1785336720,1,4.345,0.699,-41.031,-3.823,388,11,0.34,0.54,-7.015917073,-6.81236446,1.239021381,0,2.531473529,0.227152034,0.220204164,1,2.038787561,-0.789768711,0.096827127,0,1,3,1/3,2.99897,2.76501,0.101248,0.0950775,0.092934,0.0691374,27828,18602,31731.2,22386.4,38765.5,28335,45572.4,32755.1,1.76187,2.68535,0.124782,0,29.007,999.9,59.6,30,25.2438,61.5332,-100,3,0.14514,0,20.3078,5.22043,12.0284,4.9598,3.301,7707.5,9999,9999,133.8,4.97294,1.87518,1.88145,1.88095,1.87869,1.87439,1.87449,1.87676,0,0,0,0,11111111,oooooooo,on,on,on,on,0,100,100,-41.031,-3.823,-41.0309,0,0,0,-3.823019048,0,0,0,-1,-1,-1,-1,51.1,50.7,0.157471,4.99878,2.89795,2.90527,2.99805,2.27905,33.1769,15.8745,2,446.775,1364.71,29.7799,29.2915,30.0002,29.0685,28.9468,-1,40,10,-999.9,400,20,99.7167,86.0409
27,1785339885,3125.5,20260729 10:44:44,10:44:44,15,1785339877,0.001234427,1.234426599,4.503778248,378.9515484,177.611502,17.88374697,38.15672707,0.038761754,2.939854711,0.038480054,0.024075173,266.1513546,32.29811658,31.03892258,4.521399962,30.62337633,1.386046473,4.526105998,3.135353489,-54.43821301,2.892761046,0.221067328,214.8269699,5.70812002,1.128801344,4.503778248,392.6497919,385.2942485,0.132618726,66.80626734,1.234426599,12.52136866,13.97735091,0.038170519,78.43,0,0,1,0,52478.73261,1500.011613,1273.8696,0.849239825,0.177432863,6,0.5,0: Broadleaf,2,TRUE,1785339877,378.9515484,387.7210323,13.76544839,12.17435806,419.9824839,17.58845806,419.8113226,100.5902581,0.099994374,31.05717419,31.03892258,999.9,0,0,9999.836774,0,56.9064,-8.769353871,384.2409355,392.4995806,1.591076774,387.7210323,12.17435806,1.384669032,1.224622903,11.75045806,9.900772903,1500.011613,0.692005355,0.307994645,0,2.519332258,0,16140.54194,13609.6871,43.56,45.25,44.35874194,43.812,43.284,1038.016774,461.9948387,0,1785339832,0,1785336720,09:52:00,1785336696,1785336720,1,4.345,0.699,-41.031,-3.823,388,11,0.34,0.54,-8.899285122,2.939661951,0.703803736,0,2.528464706,-0.25977999,0.193854788,1,1.646889756,-1.71422885,0.197501533,0,1,3,1/3,2.99862,2.76498,0.101661,0.0961423,0.093496,0.0720283,27814.6,18573.8,31730.8,22379,38740.5,28235.1,45571.4,32741.4,1.76042,2.68582,0.129569,0,28.9489,999.9,60,30.1,25.5571,61.7432,-100,3,0.148849,0,20.3078,5.21819,12.0284,4.9598,3.301,7707.5,9999,9999,133.8,4.97294,1.87517,1.88147,1.88095,1.87868,1.87439,1.87447,1.87673,0,0,0,0,11111111,oooooooo,on,on,on,on,0,100,100,-41.031,-3.823,-41.0309,0,0,0,-3.823019048,0,0,0,-1,-1,-1,-1,53.1,52.7,0.157471,4.99878,2.89795,2.90405,2.99805,2.30225,33.244,15.8657,2,446.202,1366.41,29.8108,29.3331,30.0005,29.1091,28.9891,-1,40,10,-999.9,400,20,99.7149,86.0079
28,1785340005,3245.5,20260729 10:46:44,10:46:44,15,1785339997,0.001483959,1.483958564,4.227682028,392.6599677,231.18601,23.27905567,39.53852245,0.046829251,2.941371673,0.046418966,0.029048417,266.148802,32.49997136,31.3839871,4.611097322,32.41325762,1.48954467,4.595479687,3.121552652,-65.44257268,-9.460291279,-0.724775548,190.5211625,1.168374995,1.668960968,4.227682028,399.1926932,395.2174121,-0.339861366,66.80626734,1.483958564,12.36895905,14.62236667,-0.021559905,78.43,0,0,1,0,52476.16052,1500.003226,1273.861926,0.849239458,0.177432153,6,0.5,0: Broadleaf,2,TRUE,1785339997,392.6599677,395.2704516,14.79277742,12.43914194,433.6909032,18.6158129,419.1657742,100.5940968,0.099953277,31.32432903,31.3839871,999.9,0,0,10008.08871,0,369.9853871,-2.610539516,398.5560968,400.2494194,2.353654516,395.2704516,12.43914194,1.488067097,1.251302581,12.84576774,10.22577097,1500.003226,0.692017516,0.307982484,0,2.545296774,0,16326.16774,13609.68065,43.671,45.36280645,44.514,43.875,43.381,1038.029355,461.973871,0,1785339952,0,1785336720,09:52:00,1785336696,1785336720,1,4.345,0.699,-41.031,-3.823,388,11,0.34,0.54,-2.077355125,-10.18379979,1.452036084,0,2.568061765,-0.196386557,0.210839358,1,2.27058275,1.271541951,0.169283554,0,1,3,1/3,2.99752,2.76507,0.103358,0.0974762,0.0958195,0.0721362,27758.8,18543,31727.4,22375.1,38636,28227.9,45566.2,32737.1,1.75793,2.68628,0.124808,0,29.3654,999.9,61,30.1,25.9838,61.4133,-100,3,0.155965,0,20.3077,5.21834,12.0279,4.9598,3.301,7707.5,9999,9999,133.9,4.97294,1.87517,1.88151,1.88096,1.8787,1.87439,1.8745,1.87679,0,0,0,0,11111111,oooooooo,on,on,on,on,0,100,100,-41.031,-3.823,-41.0309,0,0,0,-3.823019048,0,0,0,-1,-1,-1,-1,55.1,54.7,0.157471,4.99878,2.89795,2.90405,2.99805,2.27173,33.3335,15.8482,2,445.24,1368.69,29.9851,29.4234,30.0004,29.183,29.0605,-1,40,10,-999.9,400,20,99.7039,85.9951
29,1785340125,3365.5,20260729 10:48:44,10:48:44,15,1785340117,0.001576125,1.57612502,3.619160135,410.4739032,274.682301,27.65828922,41.33140684,0.049397287,2.939225834,0.048940676,0.030628595,266.1465079,32.66506876,31.60636452,4.669720572,32.86884562,1.526734468,4.644928775,3.142986104,-69.50711338,-14.85481543,-1.141200465,180.6433787,-1.694882551,1.658913295,3.619160135,406.7776372,409.7120667,-1.292651246,66.80626734,1.57612502,12.33248904,14.93023818,-0.050454468,78.43,0,0,1,0,52382.29418,1499.987097,1273.848523,0.849239654,0.177432532,6,0.5,0: Broadleaf,2,TRUE,1785340117,410.4739032,409.0222903,15.16243226,12.82345484,451.5048387,18.98544194,419.096,100.591871,0.100052468,31.51261935,31.60636452,999.9,0,0,9996.09871,0,113.1008516,1.451607065,416.793871,414.338871,2.338979677,409.0222903,12.82345484,1.525216452,1.289935161,13.22307742,10.67513548,1499.987097,0.692010387,0.307989613,0,2.563332258,0,16196.03871,13609.50968,43.812,45.562,44.75,44,43.57216129,1038.008387,461.9787097,0,1785340072,0,1785336720,09:52:00,1785336696,1785336720,1,4.345,0.699,-41.031,-3.823,388,11,0.34,0.54,-3.150510024,85.29203856,8.766473609,0,2.569517647,0.429197859,0.184367895,1,2.131157317,4.500950801,0.457910814,0,1,3,1/3,2.99792,2.76493,0.10579,0.0976944,0.0968827,0.0718687,27677.4,18535.1,31721,22371.5,38582,28232.5,45556.4,32733.2,1.75785,2.68085,0.121072,0,29.6642,999.9,61.5,30.2,26.3483,61.7433,-100,3,0.036842,0.139434,20.3078,5.21864,12.0279,4.95965,3.301,7707.5,9999,9999,133.9,4.97292,1.87515,1.88143,1.88095,1.87869,1.87439,1.87447,1.87672,0,0,0,0,11111111,oooooooo,on,on,on,on,0,100,100,-41.03,-3.823,-41.0309,0,0,0,-3.823019048,0,0,0,-1,-1,-1,-1,57.1,56.7,0.157471,4.99878,2.89795,2.90405,2.99805,2.31934,33.4232,15.8394,2,445.974,1363.21,30.1765,29.5572,30.0008,29.3003,29.1695,-1,40,10,-999.9,400,20,99.683,85.9833
30,1785340245,3485.5,20260729 10:50:44,10:50:44,15,1785340237,0.001305406,1.305405524,4.372759425,392.2275161,198.9255156,20.03102528,39.49578449,0.039640468,2.93985733,0.039345903,0.024617472,266.1458695,32.96749393,31.85315484,4.735538321,31.82852579,1.498084265,4.706734691,3.237454057,-57.56838362,-17.0590228,-1.313352114,190.205111,4.826915551,1.417193153,4.372759425,406.4583302,398.9225091,0.186959169,66.80626734,1.305405524,12.86266608,14.81432545,-0.014482693,78.43,0,0,1,0,52360.3952,1499.978065,1273.841352,0.849239987,0.177433174,6,0.5,0: Broadleaf,2,TRUE,1785340237,392.2275161,399.9452581,14.87728065,12.87556129,433.2585161,18.70030323,418.473,100.596129,0.099979381,31.74552258,31.85315484,999.9,0,0,9999.268065,0,25.40782581,-7.717617742,398.1510323,405.1619677,2.001721935,399.9452581,12.87556129,1.496597097,1.295233226,12.93340323,10.74255161,1499.978065,0.691999419,0.308000581,0,2.490329032,0,15995.12258,13609.36452,44.06403226,45.756,44.99593548,44.25,43.812,1037.985484,461.9925806,0,1785340192,0,1785336720,09:52:00,1785336696,1785336720,1,4.345,0.699,-41.031,-3.823,388,11,0.34,0.54,-8.24262575,4.691805591,1.322577718,0,2.509476471,-0.077344541,0.228635694,1,1.92114025,1.751133996,0.220300176,0,1,3,1/3,2.99671,2.76499,0.10396,0.0980345,0.0964991,0.0747309,27722.4,18516.4,31708.6,22358.1,38583.5,28125.1,45538.5,32709.9,1.75295,2.6785,0.118092,0,29.9412,999.9,61.8,30.3,26.6279,61.4133,-100,3,0.189842,0,20.3076,5.21834,12.0287,4.9598,3.301,7707.5,9999,9999,133.9,4.97297,1.8752,1.88151,1.88097,1.87875,1.87439,1.87452,1.87682,0,0,0,0,11111111,oooooooo,on,on,on,on,0,100,100,-41.031,-3.823,-41.0309,0,0,0,-3.823019048,0,0,0,-1,-1,-1,-1,59.1,58.7,0.157471,4.99878,2.89795,2.90527,2.99805,2.27173,33.5355,15.8307,2,444.386,1363.79,30.3788,29.7809,30.001,29.4913,29.3484,-1,40,10,-999.9,400,20,99.6439,85.9261
31,1785340365,3605.5,20260729 10:52:44,10:52:44,15,1785340357,0.001315468,1.315467871,4.668993972,373.3500645,166.2809965,16.74389726,37.59500636,0.039064667,2.938954918,0.038778477,0.024262086,266.1512243,32.88758509,31.65470323,4.682549166,29.22116719,1.369310211,4.686021616,3.313238954,-58.01213311,2.070006442,0.159199455,210.3682971,4.627745198,1.264604015,4.668993972,385.2212382,378.5792061,-0.021400721,66.79845567,1.315467871,11.83782028,13.65173394,0.006362918,78.43,0,0,1,0,52347.97275,1500.012903,1273.87051,0.849239701,0.177432623,6,0.5,0: Broadleaf,2,TRUE,1785340357,373.3500645,380.6658387,13.59840323,11.809,414.3809677,17.42140645,418.2648387,100.5963871,0.100010013,31.66776774,31.65470323,999.9,0,0,9994.109032,0,24.64123871,-7.315916129,378.4968065,385.2149355,1.789393226,380.6658387,11.809,1.36794871,1.187942903,11.56689032,9.451227097,1500.012903,0.69201029,0.30798971,0,2.482306452,0,15902.81935,13609.73226,44.187,45.86280645,45.028,44.375,43.937,1038.023871,461.9890323,0,1785340312,0,1785336720,09:52:00,1785336696,1785336720,1,4.345,0.699,-41.031,-3.823,388,11,0.34,0.54,-7.63745275,4.814310957,0.5058838,0,2.563008824,-0.417602748,0.258390044,1,1.78762175,-0.051151182,0.021784805,1,2,3,2/3,2.9964,2.76489,0.100296,0.093928,0.0920715,0.0688452,27827.4,18612.4,31700.2,22372.9,38764.1,28328.8,45526.7,32739,1.7513,2.67385,0.117384,0,29.7378,999.9,58.2,30.4,25.2212,61.5033,-100,3,0.206212,0,20.3077,5.21699,12.0288,4.95965,3.301,7707.5,9999,9999,134,4.97296,1.87521,1.88149,1.88098,1.87875,1.87439,1.87451,1.87682,0,0,0,0,11111111,oooooooo,on,on,on,on,0,100,100,-41.031,-3.823,-41.0309,0,0,0,-3.823019048,0,0,0,-1,-1,-1,-1,61.1,60.7,0.157471,4.99878,2.89795,2.90405,2.99805,2.31323,33.6254,15.8132,2,444.655,1360.85,30.4478,30.0002,30.0004,29.6787,29.52,-1,40,10,-999.9,400,20,99.6178,85.9946
32,1785340485,3725.5,20260729 10:54:44,10:54:44,15,1785340477,0.001402841,1.402840633,4.590778814,377.564129,184.48184,18.5769227,38.01989203,0.041586539,2.941674637,0.041262668,0.025818056,266.1500467,32.95135961,31.73660968,4.704356349,29.39594269,1.384351018,4.709326837,3.32000533,-61.86527193,2.953384172,0.227117301,207.4652762,1.396176525,1.776192245,4.590778814,382.9988629,379.2628182,-0.462245322,66.79845567,1.402840633,11.22573712,13.44422909,-0.030909758,78.43,0,0,1,0,52410.70461,1500.010323,1273.867945,0.849239453,0.177432143,6,0.5,0: Broadleaf,2,TRUE,1785340477,377.564129,380.5331935,13.74757419,11.23106452,418.595,17.57058065,417.6675161,100.5979032,0.099936174,31.75523226,31.73660968,999.9,0,0,10009.43484,0,25.65314839,-2.969099677,382.8275161,384.8555484,2.516502903,380.5331935,11.23106452,1.382976774,1.129822581,11.73054839,8.707534839,1500.010323,0.692017839,0.307982161,0,2.555390323,0,15864.40645,13609.74194,44.25,45.84654839,45.062,44.375,43.99187097,1038.034516,461.9758065,0,1785340432,0,1785336720,09:52:00,1785336696,1785336720,1,4.345,0.699,-41.031,-3.823,388,11,0.34,0.54,-2.485825829,-7.181573477,1.242713981,0,2.531567647,0.214061112,0.204228437,1,2.483708537,-0.354584321,0.234111678,0,1,3,1/3,2.99566,2.76492,0.100381,0.0941896,0.0911979,0.0669801,27822.6,18611.3,31698.3,22378.5,38798.9,28394.9,45523.4,32749.9,1.74925,2.67283,0.125505,0,29.6916,999.9,56.9,30.5,24.799,61.2933,-100,3,0.215168,0,20.3079,5.21819,12.0279,4.95975,3.301,7707.5,9999,9999,134,4.97299,1.87527,1.88154,1.88097,1.87875,1.8744,1.87451,1.87682,0,0,0,0,11111111,oooooooo,on,on,on,on,0,100,100,-41.031,-3.823,-41.0309,0,0,0,-3.823019048,0,0,0,-1,-1,-1,-1,63.1,62.7,0.157471,4.99878,2.89795,2.90405,2.99805,2.31201,33.7155,15.7957,2,444.353,1362.48,30.5011,30.1347,30.0003,29.8147,29.6583,-1,40,10,-999.9,400,20,99.611,86.0205
33,1785340605,3845.5,20260729 10:56:44,10:56:44,15,1785340597,0.001266642,1.266642029,4.770871506,375.1953871,156.0798678,15.71769401,37.78326039,0.037520507,2.940175471,0.037256521,0.023308889,266.1478192,32.97582706,31.70216452,4.695174747,29.20910814,1.374672758,4.706315414,3.320501988,-55.85891349,6.623703631,0.509512457,217.4221218,3.939862511,1.402454603,4.770871506,386.7766821,379.8715697,-0.005258305,66.79845567,1.266642029,11.7372975,13.58021697,-0.006301541,78.43,0,0,1,0,52369.90146,1499.997419,1273.857019,0.849239474,0.177432185,6,0.5,0: Broadleaf,2,TRUE,1785340597,375.1953871,381.6148387,13.65077742,11.66242581,416.2263226,17.47379355,417.4241613,100.6029355,0.09995609,31.74395161,31.70216452,999.9,0,0,10000.40161,0,29.42772258,-6.419505161,380.3880323,386.1179677,1.988334194,381.6148387,11.66242581,1.373308065,1.173275484,11.62595161,9.266617742,1499.997419,0.692017484,0.307982516,0,2.5285,0,15829.62258,13609.61935,44.25,45.86483871,45.02,44.437,44.022,1038.024516,461.9729032,0,1785340552,0,1785336720,09:52:00,1785336696,1785336720,1,4.345,0.699,-41.031,-3.823,388,11,0.34,0.54,-6.35416025,-2.779492345,0.903177027,0,2.510214706,0.335466772,0.198946465,1,1.97084475,-0.118728743,0.097133962,0,1,3,1/3,2.99573,2.76505,0.100477,0.0941726,0.0917388,0.0685665,27816.9,18608,31695.6,22374.3,38772.4,28339.2,45519.6,32741.6,1.74835,2.6692,0.124723,0,29.6509,999.9,57.1,30.6,25.0282,61.3833,-100,3,0.220945,0,20.308,5.21699,12.0287,4.95975,3.301,7707.5,9999,9999,134,4.97296,1.87527,1.8815,1.881,1.87874,1.87439,1.87453,1.87682,0,0,0,0,11111111,oooooooo,on,on,on,on,0,100,100,-41.031,-3.8231,-41.0309,0,0,0,-3.823019048,0,0,0,-1,-1,-1,-1,65.2,64.7,0.157471,4.99878,2.89795,2.90283,2.99805,2.30347,33.7832,15.7781,2,444.518,1359.66,30.52,30.2176,30.0002,29.9205,29.7671,-1,40,10,-999.9,400,20,99.6026,86.0009
34,1785340725,3965.5,20260729 10:58:44,10:58:44,15,1785340717,0.001254866,1.254865519,4.6185471,372.2708387,156.7049674,15.7802467,37.48780764,0.036963487,2.939552333,0.036707199,0.022964878,266.148784,32.85123896,31.54803871,4.654282254,28.11847585,1.313769711,4.672265019,3.340512543,-55.33956937,10.76417669,0.827034329,222.4004256,4.894039697,1.26459966,4.6185471,384.3330311,377.4733273,0.022171803,66.79845567,1.254865519,11.25487116,13.03851091,-0.00029761,78.43,0,0,1,0,52374.03569,1499.992581,1273.853855,0.849240104,0.1774334,6,0.5,0: Broadleaf,2,TRUE,1785340717,372.2708387,379.9873871,13.04632581,11.25110323,413.3015806,16.86935806,417.1409032,100.6003226,0.100037855,31.61596129,31.54803871,999.9,0,0,9997.116129,0,32.04511613,-7.71668,377.1917419,384.3113548,1.795236452,379.9873871,11.25110323,1.312466129,1.131864516,10.94236774,8.734269032,1499.992581,0.691997226,0.308002774,0,2.535170968,0,15908.81935,13609.49355,44.187,45.74796774,44.937,44.36687097,43.937,1037.989677,462.0029032,0,1785340672,0,1785336720,09:52:00,1785336696,1785336720,1,4.345,0.699,-41.031,-3.823,388,11,0.34,0.54,-7.808957561,0.112733519,0.598556553,1,2.538158824,0.22487701,0.18539041,1,1.765261707,0.348920279,0.067513776,0,2,3,2/3,2.99582,2.76498,0.10007,0.0939959,0.0896451,0.0664489,27831.9,18619.2,31698.4,22383.6,38866.2,28417.8,45524,32758,1.74865,2.67112,0.130683,0,29.4392,999.9,55.3,30.7,24.3769,61.8033,-100,3,0.154886,0.0697168,20.3079,5.21759,12.0285,4.95975,3.301,7707.5,9999,9999,134.1,4.97299,1.87525,1.88146,1.88096,1.87871,1.87439,1.8745,1.87683,0,0,0,0,11111111,oooooooo,on,on,on,on,0,100,100,-41.031,-3.8231,-41.0309,0,0,0,-3.823019048,0,0,0,-1,-1,-1,-1,67.2,66.7,0.157471,4.99878,2.89795,2.90283,2.99805,2.29248,33.8735,15.7519,2,444.989,1363.69,30.4539,30.2385,30,29.9658,29.8198,-1,40,10,-999.9,400,20,99.6121,86.0408
35,1785340845,4085.5,20260729 11:00:44,11:00:44,15,1785340837,0.00130296,1.302960341,4.837614193,369.2541935,147.9729582,14.90036616,37.18262279,0.037643139,2.940340472,0.037377447,0.023384619,266.1459579,32.93224456,31.66554839,4.685431571,27.23231269,1.279158324,4.697207833,3.406273246,-57.46055104,7.014238195,0.539335179,216.2389802,2.988248935,1.449915735,4.837614193,378.2582082,372.2544,-0.162938048,66.79845567,1.302960341,10.63462704,12.5749,-0.011749524,78.43,0,0,1,0,52380.35161,1499.977097,1273.840665,0.849240077,0.177433348,6,0.5,0: Broadleaf,2,TRUE,1785340837,369.2541935,374.3277742,12.7031,10.64192903,410.285129,16.52611935,416.7040968,100.5965484,0.100000048,31.70979677,31.66554839,999.9,0,0,10001.97548,0,29.64587419,-5.073552258,374.0053548,378.3542581,2.061174516,374.3277742,10.64192903,1.277886774,1.070539355,10.5409129,7.913257097,1499.977097,0.691997742,0.308002258,0,2.542196774,0,15862.52903,13609.35484,44.187,45.70325806,44.937,44.312,43.929,1037.980323,461.9967742,0,1785340792,0,1785336720,09:52:00,1785336696,1785336720,1,4.345,0.699,-41.031,-3.823,388,11,0.34,0.54,-5.145738293,-1.829651289,0.739242803,0,2.563361765,0.039567602,0.216651121,1,2.033145854,0.115337352,0.090564481,0,1,3,1/3,2.99471,2.7649,0.0991097,0.0928153,0.0878105,0.0637779,27863.5,18652.3,31700.6,22394.2,38948.1,28515.5,45527.6,32776.7,1.7473,2.67015,0.131875,0,29.543,999.9,53.5,30.7,23.5879,61.3833,-100,3,0.21843,0,20.3078,5.21684,12.0291,4.95975,3.301,7707.5,9999,9999,134.1,4.973,1.87529,1.88148,1.88098,1.87874,1.87439,1.87452,1.87682,0,0,0,0,11111111,oooooooo,on,on,on,on,0,100,100,-41.031,-3.823,-41.0309,0,0,0,-3.823019048,0,0,0,-1,-1,-1,-1,69.2,68.7,0.157471,4.99878,2.89795,2.90405,2.99805,2.2998,33.9639,15.7344,2,444.269,1362.69,30.4824,30.2254,30,29.9762,29.8412,-1,40,10,-999.9,400,20,99.6195,86.0867
36,1785340965,4205.5,20260729 11:02:44,11:02:44,15,1785340957,0.001206459,1.206459345,4.819108117,370.8860968,130.3205076,13.12258815,37.34627489,0.034251393,2.940447841,0.034031279,0.021289208,266.1520361,33.02951324,31.76859677,4.712896732,26.47695205,1.248794587,4.716534534,3.464102145,-53.20485713,2.157479883,0.166029102,215.2706879,3.963261237,1.392310651,4.819108117,380.7164839,374.44,-0.115598373,66.79845567,1.206459345,10.5606077,12.30376364,-0.003674452,78.43,0,0,1,0,52370.93749,1500.010968,1273.869465,0.8492401,0.177433393,6,0.5,0: Broadleaf,2,TRUE,1785340957,370.8860968,377.336,12.4017871,10.42196774,411.9170323,16.22479355,416.717871,100.5947742,0.099954503,31.78220645,31.76859677,999.9,0,0,10002.7629,0,31.37022581,-6.449958387,375.5435806,381.310129,1.979813871,377.336,10.42196774,1.247554194,1.048395161,10.18106129,7.606060323,1500.010968,0.691996484,0.308003581,0,2.650729032,0,15854.55484,13609.66452,44.187,45.81403226,44.937,44.375,43.937,1038.002581,462.0083871,0,1785340912,0,1785336720,09:52:00,1785336696,1785336720,1,4.345,0.699,-41.031,-3.823,388,11,0.34,0.54,-6.443512927,-0.930645993,0.643011298,0,2.634644118,-0.212007627,0.208294725,1,1.99399122,-0.938952753,0.193440838,0,1,3,1/3,2.99425,2.76493,0.099549,0.093632,0.0867825,0.0642991,27853.3,18637.1,31704.4,22396,38996.9,28501.7,45533,32779.1,1.74653,2.67062,0.133291,0,29.6208,999.9,52.6,30.8,23.3215,61.2933,-100,3,0.216547,0,20.3081,5.21714,12.029,4.95965,3.301,7707.5,9999,9999,134.1,4.973,1.87527,1.8815,1.881,1.87878,1.87439,1.87451,1.87682,0,0,0,0,11111111,oooooooo,on,on,on,on,0,100,100,-41.031,-3.823,-41.0309,0,0,0,-3.823019048,0,0,0,-1,-1,-1,-1,71.2,70.7,0.157471,4.99878,2.89795,2.90161,2.99805,2.2998,34.0318,15.7169,2,443.819,1363.6,30.5417,30.2071,30,29.9762,29.8514,-1,40,10,-999.9,400,20,99.6313,86.0933
37,1785341085,4325.5,20260729 11:04:44,11:04:44,15,1785341077,0.001299227,1.299227479,4.336377572,381.1147742,179.0938663,18.03407991,38.37682683,0.037451669,2.940305355,0.037188659,0.023266388,266.1437551,33.18766451,31.98147742,4.770079369,28.52193988,1.359209939,4.765489111,3.41086943,-57.29593183,-2.695824314,-0.207871249,205.9441277,4.655490333,1.147454702,4.336377572,391.3056745,386.1664424,-0.186819213,66.79845567,1.299227479,11.72475129,13.56253212,0.001398522,78.43,0,0,1,0,52335.60001,1499.967742,1273.832439,0.849239889,0.177432986,6,0.5,0: Broadleaf,2,TRUE,1785341077,381.1147742,388.4592258,13.49811935,11.86568387,422.1456452,17.32114194,416.0530323,100.5962581,0.099987345,31.96447097,31.98147742,999.9,0,0,10001.80452,0,33.76154194,-7.344429032,386.3294839,393.124,1.632431613,388.4592258,11.86568387,1.357860645,1.193644194,11.45487742,9.522107097,1499.967742,0.692003194,0.307996806,0,2.52906129,0,15834.53548,13609.29355,44.312,45.99593548,45.062,44.506,44.032,1037.983226,461.9845161,0,1785341032,0,1785336720,09:52:00,1785336696,1785336720,1,4.345,0.699,-41.031,-3.823,388,11,0.34,0.54,-8.6142095,25.91901163,2.54333875,0,2.526655882,-0.053281901,0.244696796,1,1.52561825,2.012198612,0.196336407,0,1,3,1/3,2.99474,2.76499,0.101583,0.0951927,0.0916478,0.0687953,27790.5,18594.4,31704.5,22383.2,38787.9,28343.3,45533.2,32754.4,1.74665,2.66978,0.130236,0,29.9027,999.9,55.5,30.9,24.7463,61.6234,-100,3,0.217485,0,20.3081,5.21714,12.029,4.9598,3.301,7707.5,9999,9999,134.2,4.973,1.87528,1.88149,1.88098,1.87874,1.87439,1.87453,1.8768,0,0,0,0,11111111,oooooooo,on,on,on,on,0,100,100,-41.031,-3.823,-41.0309,0,0,0,-3.823019048,0,0,0,-1,-1,-1,-1,73.2,72.7,0.157471,4.99878,2.89795,2.90283,2.99805,2.28638,34.1678,15.6906,2,444.026,1362.85,30.6683,30.215,30.0002,29.9969,29.8746,-1,40,10,-999.9,400,20,99.6317,86.0347
38,1785341205,4445.5,20260729 11:06:44,11:06:44,15,1785341197,0.00123391,1.23391022,4.872196796,384.2105484,148.7585624,14.97914781,38.68783417,0.035546418,2.939281928,0.035309314,0.022089492,266.1518665,33.43153368,32.25987419,4.845771367,29.76388148,1.436705139,4.827008666,3.409066229,-54.41544072,-10.879222,-0.841260406,200.0159434,4.200940852,1.621964106,4.872196796,398.0445065,389.7113212,0.19156888,66.79845567,1.23391022,12.06629336,14.01412121,-0.025783974,78.43,0,0,1,0,52267.47389,1500.007097,1273.866445,0.849240279,0.177433738,6,0.5,0: Broadleaf,2,TRUE,1785341197,384.2105484,391.1700645,14.26798065,11.96143871,425.2414839,18.09099032,415.9010323,100.5943548,0.100002297,32.19121935,32.25987419,999.9,0,0,9996.170968,0,30.19854516,-6.959542903,389.772,395.9060645,2.306538065,391.1700645,11.96143871,1.435276129,1.203252581,12.29444839,9.640722903,1500.007097,0.691990065,0.308009935,0,2.494112903,0,15211.11935,13609.59677,44.5,46.187,45.34248387,44.687,44.25,1037.990968,462.016129,0,1785341152,0,1785336720,09:52:00,1785336696,1785336720,1,4.345,0.699,-41.031,-3.823,388,11,0.34,0.54,-7.102505366,-11.04024355,3.056243798,0,2.525744118,-0.306495036,0.207512357,1,2.216860976,0.478511916,0.276103577,0,1,3,1/3,2.99392,2.76483,0.102249,0.0972603,0.0933564,0.0712887,27768.6,18544.5,31703.2,22374.4,38712.5,28254.3,45530.7,32739.2,1.7449,2.66613,0.12137,0,30.2836,999.9,56.8,31.1,25.6201,61.4734,-100,3,0.221435,0,20.3079,5.21744,12.0297,4.9597,3.301,7707.5,9999,9999,134.2,4.97294,1.8753,1.88153,1.88106,1.87876,1.8744,1.87454,1.87682,0,0,0,0,11111111,oooooooo,on,on,on,on,0,100,100,-41.031,-3.823,-41.0309,0,0,0,-3.823019048,0,0,0,-1,-1,-1,-1,75.2,74.7,0.157471,4.99878,2.89795,2.90405,2.99805,2.323,34.3042,15.6818,2,443.234,1358.24,30.8523,30.2667,30,30.0319,29.9061,-1,40,10,-999.9,400,20,99.6268,85.9972
39,1785341633,4874.1,20260729 11:13:53,11:13:53,15,1785341625,0.002298956,2.29895593,5.103743352,370.5257097,233.8610536,23.54724822,37.30788315,0.068639164,2.938659298,0.067760784,0.042428473,266.1493971,32.80051503,31.87583226,4.741626594,30.23250879,1.430193168,4.730646661,3.311433427,-101.3839565,-6.482301409,-0.499542864,157.7835963,7.874338485,2.067972215,5.103743352,387.6062882,378.5938606,0.236194195,66.79400562,2.29895593,11.15641009,14.34058364,0.014223126,78.43,0,0,1,0,52310.66967,1499.993226,1273.854661,0.849240276,0.177433733,6,0.5,0: Broadleaf,2,TRUE,1785341625,370.5257097,383.0759677,14.20405806,11.24303548,409.969,17.94047742,413.0867419,100.589,0.100053881,31.83491613,31.87583226,999.9,0,0,9993.161613,0,52.12671935,-12.55028903,375.8646129,387.4320645,2.961019677,383.0759677,11.24303548,1.428772581,1.130925806,12.22616129,8.721264516,1499.993226,0.69199,0.30801,0,2.53433871,0,16917.32903,13609.47097,44.48780645,45.99593548,45.312,44.562,44.19309677,1037.978387,462.0103226,0,1785341580,0,1785341596,11:13:15,1785341596,1785341584,2,1.588,0.087,-39.443,-3.736,378,11,0.32,0.08,-12.06546098,0.507600209,1.898556959,0,2.498285294,0.313715812,0.226643253,1,3.065172439,-0.971489059,0.241928765,0,1,3,1/3,2.99158,2.76489,0.0998951,0.0944025,0.0942802,0.066005,27854.4,18621.5,31717.5,22396.1,38696.4,28445.7,45558.8,32774.3,1.74125,2.6718,0.150315,0,29.4265,999.9,52.9,31.3,24.1336,61.8443,-100,3,0.211585,0,20.3083,5.21714,12.0287,4.9597,3.301,7707.5,9999,9999,134.3,4.97293,1.87529,1.8815,1.88099,1.87875,1.87441,1.87449,1.87682,0,0,0,0,11111111,oooooooo,on,on,on,on,0,100,100,-39.444,-3.7364,-39.44328571,0,0,0,-3.73643,0,0,0,-1,-1,-1,-1,0.6,0.8,0.157471,4.99878,2.89795,2.90283,2.99805,2.27295,34.5321,15.5943,2,440.589,1364.93,30.6914,30.1549,30.0004,29.9503,29.8334,-1,40,10,-999.9,400,20,99.6815,86.086
40,1785341756,4997.1,20260729 11:15:56,11:15:56,15,1785341748,0.002155654,2.155653771,4.681877927,389.5743226,252.343831,25.40791112,39.22532889,0.063294826,2.940305869,0.062547515,0.039158605,266.1491803,32.99953288,32.11904516,4.807352374,30.26479102,1.444967381,4.774417178,3.362384993,-95.06433131,-19.2614431,-1.486469601,150.3369363,10.37570695,2.081364458,4.681877927,404.5786119,399.3848061,-0.269761809,66.79400562,2.155653771,11.54231445,14.47250545,0.024024069,78.43,0,0,1,0,52329.75834,1499.990968,1273.852839,0.84924034,0.177433855,6,0.5,0: Broadleaf,2,TRUE,1785341748,389.5743226,405.964129,14.3509871,11.34527097,429.0176129,18.08741935,409.5186774,100.5876774,0.099987584,31.99753548,32.11904516,999.9,0,0,10002.66065,0,43.83419677,-16.38978065,395.2466774,410.622,3.005720645,405.964129,11.34527097,1.443531613,1.141192903,12.38273548,8.85473871,1499.990968,0.691989,0.308011,0,2.617477419,0,15461.74516,13609.42581,44.58232258,46.062,45.375,44.687,44.312,1037.976774,462.0141935,0,1785341703,0,1785341596,11:13:15,1785341596,1785341584,2,1.588,0.087,-39.443,-3.736,378,11,0.32,0.08,-16.70344146,56.79597345,9.14575081,0,2.577644118,0.087148971,0.227092198,1,3.021046341,-0.671184878,0.097564335,0,1,3,1/3,2.98797,2.76497,0.103584,0.0970705,0.0948083,0.0672137,27735.1,18563.6,31711.8,22392.7,38662.8,28405.1,45545.8,32770,1.7339,2.67213,0.147127,0,29.7094,999.9,53.1,31.4,24.3643,61.4243,-100,3,0.217693,0,20.3084,5.21774,12.0305,4.95975,3.301,7707.5,9999,9999,134.3,4.97295,1.87529,1.88151,1.88098,1.87871,1.87439,1.87449,1.87682,0,0,0,0,11111111,oooooooo,on,on,on,on,0,100,100,-39.444,-3.7365,-39.44328571,0,0,0,-3.73643,0,0,0,-1,-1,-1,-1,2.7,2.9,0.157471,4.99878,2.89795,2.90283,2.99805,2.24976,34.6463,15.568,2,436.662,1366.51,30.7849,30.2173,30.0004,29.9992,29.882,-1,40,10,-999.9,400,20,99.6574,86.0739
41,1785341876,5117.1,20260729 11:17:56,11:17:56,15,1785341868,0.002246921,2.246920642,5.598743221,367.7094839,215.9944549,21.74677547,37.02176331,0.06667152,2.940198374,0.065842879,0.041225391,266.1513026,32.76697907,31.80046774,4.721419531,29.4577201,1.389868658,4.718181359,3.331550873,-99.08920032,-1.918506223,-0.147679022,164.995917,5.356604112,2.270003981,5.598743221,380.4158168,372.5321576,-0.061913232,66.79400562,2.246920642,10.42601478,13.75432606,-0.011060251,78.43,0,0,1,0,52362.48163,1500.01,1273.868352,0.849239906,0.177433019,6,0.5,0: Broadleaf,2,TRUE,1785341868,367.7094839,376.7738065,13.80452581,10.52702581,407.1527097,17.54096129,409.8247419,100.582129,0.099971735,31.78836452,31.80046774,999.9,0,0,10002.60065,0,75.42742581,-9.064418387,372.8565161,380.7823548,3.277489032,376.7738065,10.52702581,1.38848871,1.058832581,11.79248065,7.751339677,1500.01,0.692003194,0.307996806,0,2.541593548,0,15910.01935,13609.68387,44.46341935,45.937,45.25,44.651,44.25,1038.011613,461.9983871,0,1785341823,0,1785341596,11:13:15,1785341596,1785341584,2,1.588,0.087,-39.443,-3.736,378,11,0.32,0.08,-9.584943171,8.112204669,0.975995813,0,2.580491176,-0.248789914,0.246825619,1,3.240703415,0.954657073,0.127351234,0,1,3,1/3,2.98818,2.76477,0.0987914,0.0933954,0.0920205,0.0632057,27881.7,18648.9,31710.1,22404.5,38780.8,28546.4,45543.6,32792.2,1.7349,2.672,0.149585,0,29.3635,999.9,50.5,31.5,23.3039,61.2743,-100,3,0.153755,0.0697168,20.3085,5.21744,12.029,4.95975,3.301,7707.5,9999,9999,134.4,4.97296,1.8753,1.88154,1.88097,1.87873,1.87441,1.87453,1.87683,0,0,0,0,11111111,oooooooo,on,on,on,on,0,100,100,-39.443,-3.7365,-39.44328571,0,0,0,-3.73643,0,0,0,-1,-1,-1,-1,4.7,4.9,0.157471,4.99878,2.89795,2.90283,2.99805,2.29126,34.6692,15.568,2,437.371,1366.59,30.7094,30.2516,30,30.0203,29.8927,-1,40,10,-999.9,400,20,99.6524,86.127
42,1785341996,5237.1,20260729 11:19:56,11:19:56,15,1785341988,0.00230465,2.304650056,5.18919082,373.4531935,237.4885294,23.90989335,37.59855708,0.070136012,2.939928045,0.06921957,0.043343572,266.1508393,32.64656227,31.67977097,4.68921396,30.68619077,1.439181064,4.68999582,3.250032896,-101.6350675,0.465777845,0.035817105,165.0173667,5.191617102,2.228913674,5.18919082,385.8023617,378.6855152,-0.089267564,66.78996432,2.304650056,10.89310163,14.27746424,-0.006946147,78.43,0,0,1,0,52372.8277,1500.007097,1273.865913,0.849239924,0.177433053,6,0.5,0: Broadleaf,2,TRUE,1785341988,373.4531935,382.2874194,14.29487742,11.07289677,412.8964516,18.0313,409.1368387,100.578129,0.099968594,31.68270968,31.67977097,999.9,0,0,10001.46,0,52.53092903,-8.83424,378.8690968,386.568129,3.221978065,382.2874194,11.07289677,1.437752258,1.113692258,12.32174839,8.494180645,1500.007097,0.692003194,0.307996806,0,2.712732258,0,15064.33871,13609.64516,44.34654839,45.75,45.08232258,44.44309677,44.125,1038.00871,461.9983871,0,1785341943,0,1785341596,11:13:15,1785341596,1785341584,2,1.588,0.087,-39.443,-3.736,378,11,0.32,0.08,-9.300716829,14.77152355,1.647367401,0,2.763994118,-0.508965621,0.238794944,1,3.204752439,1.062636376,0.137832429,0,1,3,1/3,2.98754,2.76511,0.0998616,0.0937088,0.0939921,0.0644589,27851.6,18640.5,31713.4,22402.1,38699.6,28503.8,45547.9,32787.1,1.73325,2.6715,0.147354,0,29.2557,999.9,51.5,31.6,23.9027,61.6644,-100,3,0.217693,0,20.3085,5.21729,12.0285,4.95975,3.301,7707.5,9999,9999,134.4,4.97297,1.87531,1.88155,1.88097,1.87873,1.87439,1.8745,1.87682,0,0,0,0,11111111,oooooooo,on,on,on,on,0,100,100,-39.443,-3.7364,-39.44328571,0,0,0,-3.73643,0,0,0,-1,-1,-1,-1,6.7,6.9,0.15625,4.99878,2.89795,2.90283,2.99805,2.31445,34.6692,15.5505,2,436.34,1365.55,30.6011,30.2284,29.9999,30.0073,29.8798,-1,40,10,-999.9,400,20,99.6621,86.1152
43,1785342116,5357.1,20260729 11:21:56,11:21:56,15,1785342108,0.002254084,2.254083673,5.123789542,369.8794194,234.2176715,23.57908832,37.23638545,0.069226524,2.938735982,0.068333176,0.042787538,266.152718,32.5669636,31.63225484,4.676587785,31.22913703,1.456926512,4.665279449,3.219661272,-99.40509,-6.757428713,-0.51947967,159.4707197,3.189147341,2.458341313,5.123789542,379.9623895,373.4603576,-0.169594642,66.78996432,2.254083673,10.87203897,14.29401394,-0.021221749,78.43,0,0,1,0,52354.62385,1500.011613,1273.870306,0.849240296,0.177433772,6,0.5,0: Broadleaf,2,TRUE,1785342108,369.8794194,375.8935161,14.47205806,10.91686452,409.3226129,18.20847419,408.8830645,100.5716452,0.100042706,31.58960323,31.63225484,999.9,0,0,9995.322258,0,38.17551613,-6.014114194,375.3109677,380.0424516,3.555185484,375.8935161,10.91686452,1.455477419,1.097926774,12.50790645,8.281717419,1500.011613,0.691989806,0.308010194,0,2.721735484,0,15015.88065,13609.62903,44.20325806,45.6006129,44.937,44.25,43.94512903,1037.993226,462.0183871,0,1785342063,0,1785341596,11:13:15,1785341596,1785341584,2,1.588,0.087,-39.443,-3.736,378,11,0.32,0.08,-7.175712439,9.577967247,2.674224063,0,2.779426471,-0.548899929,0.239218815,1,3.487063902,1.132961394,0.257849192,0,1,3,1/3,2.98734,2.76483,0.0989022,0.0928693,0.0940611,0.0649636,27882.7,18657.7,31714.9,22401.8,38699.2,28487.4,45550.9,32785.9,1.73345,2.67057,0.151712,0,29.1744,999.9,51.4,31.6,23.8571,61.5144,-100,3,0.214677,0,20.3088,5.21714,12.0288,4.9597,3.301,7707.5,9999,9999,134.4,4.97293,1.87529,1.88149,1.88099,1.87875,1.87441,1.8745,1.87683,0,0,0,0,11111111,oooooooo,on,on,on,on,0,100,100,-39.443,-3.7364,-39.44328571,0,0,0,-3.73643,0,0,0,-1,-1,-1,-1,8.7,8.9,0.15625,4.99878,2.89795,2.90161,2.99805,2.2876,34.6463,15.5155,2,436.257,1363.68,30.4693,30.1836,30,29.9762,29.8566,-1,40,10,-999.9,400,20,99.6679,86.1129
44,1785342236,5477.1,20260729 11:23:56,11:23:56,15,1785342228,0.002290952,2.290952359,4.913792033,379.6323871,252.2991059,25.39934377,38.21818342,0.071660507,2.939181,0.070703846,0.044274792,266.1522255,32.47167551,31.54845161,4.65439139,32.13693028,1.492000534,4.642635501,3.162390855,-101.030999,-7.055431326,-0.541854131,157.523941,5.384807334,2.122727621,4.913792033,391.1379537,385.060503,-0.188314546,66.78996432,2.290952359,11.58697908,14.88962909,0.001372098,78.43,0,0,1,0,52382.07593,1500.005484,1273.86541,0.849240502,0.177434168,6,0.5,0: Broadleaf,2,TRUE,1785342228,379.6323871,388.7204516,14.82047742,11.75043871,419.0758387,18.55690968,408.7116774,100.5715484,0.100008413,31.50392581,31.54845161,999.9,0,0,9997.863548,0,35.21530968,-9.087962903,385.3434516,393.3424516,3.070044194,388.7204516,11.75043871,1.490517742,1.181760323,12.87109355,9.373232581,1500.005484,0.691981968,0.308018032,0,2.790751613,0,14756.55806,13609.55161,44.125,45.5,44.875,44.125,43.87093548,1037.97871,462.0267742,0,1785342183,0,1785341596,11:13:15,1785341596,1785341584,2,1.588,0.087,-39.443,-3.736,378,11,0.32,0.08,-9.958663171,20.39707045,2.180842938,0,2.784826471,-0.509624143,0.215221138,1,3.004627805,1.381987526,0.151900689,0,1,3,1/3,2.98712,2.76466,0.101002,0.0953607,0.0963107,0.068273,27820.7,18600.8,31718,22394.8,38605.6,28374.2,45554.7,32771.5,1.73298,2.67395,0.151377,0,29.0618,999.9,53,31.7,24.7418,61.4844,-100,3,0.211621,0,20.309,5.21684,12.0297,4.95965,3.301,7707.5,9999,9999,134.5,4.973,1.87529,1.88148,1.88099,1.87869,1.87439,1.87449,1.87682,0,0,0,0,11111111,oooooooo,on,on,on,on,0,100,100,-39.444,-3.7364,-39.44328571,0,0,0,-3.73643,0,0,0,-1,-1,-1,-1,10.7,10.9,0.15625,4.99878,2.89795,2.90283,2.99805,2.33154,34.6463,15.498,2,435.83,1368.06,30.4,30.1474,30,29.9519,29.8309,-1,40,10,-999.9,400,20,99.6769,86.0796
45,1785342356,5597.1,20260729 11:25:56,11:25:56,15,1785342348,0.002285879,2.285879184,5.450027858,372.3301613,233.1417083,23.47000363,37.48188301,0.071419465,2.939103707,0.070469158,0.044127552,266.1495414,32.39601485,31.44471613,4.627042774,31.59189775,1.460290669,4.622358178,3.166752104,-100.807272,-2.824040641,-0.216697762,162.301531,5.346035371,2.285712731,5.450027858,386.1731059,377.850303,0.036319407,66.78996432,2.285879184,11.15126012,14.48512121,-0.003735903,78.43,0,0,1,0,52393.053,1500.007742,1273.865729,0.849239436,0.177432112,6,0.5,0: Broadleaf,2,TRUE,1785342348,372.3301613,381.4229032,14.50594839,11.20085484,411.7734839,18.24237097,408.9245161,100.5683871,0.100016671,31.42689355,31.44471613,999.9,0,0,9997.738065,0,50.14203871,-9.092763548,377.8107097,385.7435484,3.305097097,381.4229032,11.20085484,1.458839677,1.12645129,12.54344839,8.663318065,1500.007742,0.692018516,0.307981484,0,2.782832258,0,15466.86129,13609.71935,44.062,45.437,44.808,44.06606452,43.812,1038.033548,461.9741935,0,1785342303,0,1785341596,11:13:15,1785341596,1785341584,2,1.588,0.087,-39.443,-3.736,378,11,0.32,0.08,-8.8283215,-4.636035422,0.583653549,0,2.802185294,-0.093911378,0.195811817,1,3.30600775,0.194467205,0.050738277,0,1,3,1/3,2.98733,2.76487,0.0997349,0.0942549,0.0948065,0.0661578,27862.8,18630.1,31721.1,22402.6,38674.4,28450.6,45559.6,32785.2,1.73412,2.67237,0.149664,0,29.0105,999.9,51.8,31.7,24.1819,61.3944,-100,3,0.206641,0,20.3085,5.21759,12.0291,4.9598,3.301,7707.5,9999,9999,134.5,4.97293,1.87528,1.88146,1.88098,1.87868,1.8744,1.87449,1.87678,0,0,0,0,11111111,oooooooo,on,on,on,on,0,100,100,-39.443,-3.7365,-39.44328571,0,0,0,-3.73643,0,0,0,-1,-1,-1,-1,12.7,12.9,0.15625,4.99878,2.89795,2.90283,2.99805,2.28149,34.6235,15.4804,2,436.165,1364.64,30.3276,30.0923,29.9998,29.9008,29.7825,-1,40,10,-999.9,400,20,99.6871,86.113
46,1785342476,5717.1,20260729 11:27:56,11:27:56,15,1785342468,0.002276328,2.276328336,5.237755521,371.1918387,236.5820886,23.81519246,37.36548752,0.071291796,2.939135668,0.070344869,0.044049573,266.1498608,32.37653579,31.42708065,4.622407334,31.69973887,1.463447962,4.616593113,3.158959373,-100.3860796,-3.508493349,-0.26916259,161.9861253,4.823115486,2.34479844,5.237755521,383.5761467,376.0939091,-0.045804516,66.78996432,2.276328336,11.13271768,14.47359273,-0.00601987,78.43,0,0,1,0,52397.64297,1500.003226,1273.862474,0.849239823,0.177432859,6,0.5,0: Broadleaf,2,TRUE,1785342468,371.1918387,379.5541613,14.5380129,11.14415161,410.6351935,18.27442581,408.509871,100.5635484,0.099999745,31.40493871,31.42708065,999.9,0,0,9998.400968,0,159.9217742,-8.362260968,376.667871,383.8316774,3.393851613,379.5541613,11.14415161,1.461991935,1.120695484,12.57629032,8.587734839,1500.003226,0.692005581,0.307994452,0,2.768719355,0,15415.31613,13609.62581,43.99593548,45.437,44.7256129,44.09248387,43.758,1038.01129,461.9922581,0,1785342423,0,1785341596,11:13:15,1785341596,1785341584,2,1.588,0.087,-39.443,-3.736,378,11,0.32,0.08,-8.138024146,-3.554231707,0.529686898,0,2.754238235,0.271411767,0.208922302,1,3.339315122,0.647093101,0.122740095,0,1,3,1/3,2.98672,2.76484,0.0994184,0.0938903,0.0947744,0.0660947,27876.3,18639.7,31725,22404.9,38679.9,28455.6,45564.4,32788.7,1.73333,2.67915,0.145677,0,29.057,999.9,51.5,31.8,24.177,61.6044,-100,3,0.202302,0,20.3085,5.21699,12.0282,4.9597,3.301,7707.5,9999,9999,134.5,4.97294,1.87529,1.88149,1.88106,1.87871,1.87439,1.8745,1.87683,0,0,0,0,11111111,oooooooo,on,on,on,on,0,100,100,-39.443,-3.7364,-39.44328571,0,0,0,-3.73643,0,0,0,-1,-1,-1,-1,14.7,14.9,0.15625,4.99878,2.89795,2.90161,2.99805,2.27783,34.6235,15.4454,2,435.412,1373.86,30.3003,30.0375,30,29.8547,29.744,-1,40,10,-999.9,400,20,99.6985,86.1222
47,1785342596,5837.1,20260729 11:29:56,11:29:56,15,1785342588,0.002227474,2.227474364,5.608325046,368.0669032,221.0039476,22.24674576,37.05042787,0.068913997,2.939934727,0.068028997,0.04259669,266.1469835,32.34019021,31.40306452,4.616101263,30.82050693,1.418919574,4.603816469,3.19718169,-98.23161944,-7.428432159,-0.569531095,159.9174008,4.991698631,2.331243138,5.608325046,382.2605071,373.1628424,0.118517634,66.78996432,2.227474364,10.92412215,14.08447152,0.008613818,78.43,0,0,1,0,52428.86438,1499.985161,1273.847303,0.849239937,0.177433078,6,0.5,0: Broadleaf,2,TRUE,1785342588,368.0669032,376.660129,14.09585161,10.71955161,407.5101613,17.8322871,408.4439677,100.5621935,0.100016342,31.35619677,31.40306452,999.9,0,0,10003.0829,0,113.4786516,-8.593125161,373.3292903,380.7416129,3.376305161,376.660129,10.71955161,1.417510645,1.077981935,12.10617742,8.014022258,1499.985161,0.692002258,0.307997774,0,2.623935484,0,15321.9,13609.43871,43.901,45.31606452,44.625,44,43.671,1037.992903,461.9922581,0,1785342543,0,1785341596,11:13:15,1785341596,1785341584,2,1.588,0.087,-39.443,-3.736,378,11,0.32,0.08,-7.603956341,-19.17774711,2.066392563,0,2.612097059,0.358403352,0.255633096,1,3.48476439,-2.154333031,0.222545999,0,1,3,1/3,2.98712,2.76492,0.0989212,0.0938195,0.0933316,0.0649994,27891.7,18644,31725.1,22408.3,38742,28494.4,45564.5,32794.9,1.73423,2.67335,0.142306,0,29.0996,999.9,50.5,31.8,23.7082,61.4844,-100,3,0.202586,0,20.3086,5.21759,12.029,4.9597,3.301,7707.5,9999,9999,134.6,4.97289,1.87531,1.88147,1.88101,1.87874,1.8744,1.87452,1.87683,0,0,0,0,11111111,oooooooo,on,on,on,on,0,100,100,-39.443,-3.7365,-39.44328571,0,0,0,-3.73643,0,0,0,-1,-1,-1,-1,16.7,16.9,0.15625,4.99878,2.89795,2.90161,2.99805,2.26929,34.6235,15.4367,2,435.846,1364.96,30.2216,30.0248,30.0001,29.8418,29.7318,-1,40,10,-999.9,400,20,99.6987,86.1371
48,1785342716,5957.1,20260729 11:31:56,11:31:56,15,1785342708,0.002409122,2.409122424,5.238579831,368.9688065,237.9365895,23.95207377,37.14253488,0.073762998,2.9393172,0.072749851,0.045558525,266.1483764,32.47039585,31.62823226,4.675520249,31.03551958,1.443269727,4.650380424,3.232250522,-106.2422989,-15.04799044,-1.156247032,143.7018401,5.566026862,2.312661571,5.238579831,381.3069889,374.2008667,-0.105525878,66.78996432,2.409122424,10.83988841,14.34348182,-0.001351177,78.43,0,0,1,0,52380.80009,1499.991935,1273.853155,0.849240003,0.177433205,6,0.5,0: Broadleaf,2,TRUE,1785342708,368.9688065,378.4124194,14.33724194,10.9838129,408.4120645,18.07367097,407.8519677,100.5658065,0.099979455,31.53327097,31.62823226,999.9,0,0,9999.209355,0,55.43413548,-9.443694194,374.3357419,382.6151613,3.353429677,378.4124194,10.9838129,1.441835484,1.104596774,12.36489032,8.373858387,1499.991935,0.691999742,0.30800029,0,2.539648387,0,15378.06452,13609.5,44,45.44512903,44.75,44.062,43.75,1037.994516,461.9977419,0,1785342663,0,1785341596,11:13:15,1785341596,1785341584,2,1.588,0.087,-39.443,-3.736,378,11,0.32,0.08,-9.450168537,5.17976676,0.970529338,0,2.5731,-0.472910618,0.264035828,1,3.329540488,0.941892753,0.106386752,0,1,3,1/3,2.98599,2.76471,0.0990784,0.0937159,0.0942701,0.0651743,27886.1,18644.5,31724.3,22406.5,38701.4,28486.9,45564.2,32792.5,1.73188,2.6687,0.143517,0,29.3085,999.9,50.8,31.8,23.847,61.6344,-100,3,0.139947,0.0697168,20.3078,5.21444,12.0285,4.9593,3.30032,7707.5,9999,9999,134.6,4.97293,1.87525,1.88149,1.88104,1.87868,1.87439,1.87451,1.87681,0,0,0,0,11111111,oooooooo,on,on,on,on,0,100,100,-39.443,-3.7365,-39.44328571,0,0,0,-3.73643,0,0,0,-1,-1,-1,-1,18.7,18.9,0.15625,4.99878,2.89795,2.90161,2.99805,2.31567,34.6692,15.4279,2,434.63,1358.46,30.3327,30.0585,30.0003,29.8624,29.7501,-1,40,10,-999.9,400,20,99.6972,86.1305
49,1785342836,6077.1,20260729 11:33:56,11:33:56,15,1785342828,0.002267611,2.267611257,4.716531665,403.3845161,280.2963325,28.21786982,40.60934961,0.072219019,2.93940058,0.071247568,0.044615922,266.1489269,32.63439796,31.81846452,4.726238078,34.65255829,1.623185411,4.684171936,3.103052668,-100.0016564,-24.98339897,-1.922608344,139.2412631,7.414861165,2.117653438,4.716531665,420.3529938,412.337497,0.149965486,66.78996432,2.267611257,13.01067243,16.22965515,0.008783039,78.43,0,0,1,0,52361.37781,1499.987742,1273.850265,0.84924045,0.177434068,6,0.5,0: Broadleaf,2,TRUE,1785342828,403.3845161,415.5653226,16.12357419,13.05445484,442.8277419,19.85999677,407.3173548,100.5715806,0.099982068,31.66080968,31.81846452,999.9,0,0,9999.109677,0,69.29372903,-12.18099613,409.9950968,421.0621935,3.069123226,415.5653226,13.05445484,1.621573871,1.312906774,14.16517742,10.94735161,1499.987742,0.691985774,0.308014226,0,2.512509677,0,14817.34194,13609.40645,44.19106452,45.687,44.98170968,44.266,43.937,1037.969032,462.0187097,0,1785342783,0,1785341596,11:13:15,1785341596,1785341584,2,1.588,0.087,-39.443,-3.736,378,11,0.32,0.08,-13.73204098,37.69233575,3.797317586,0,2.5425,0.105784579,0.237225957,1,3.045583902,0.99482216,0.115112321,0,1,3,1/3,2.98556,2.76482,0.105803,0.100275,0.101265,0.0741705,27674.3,18485.2,31720.4,22377.1,38395.2,28167,45558.1,32739.3,1.72935,2.67278,0.135973,0,29.6248,999.9,56.1,31.9,26.4845,61.6645,-100,3,0.211758,0,20.3083,5.21789,12.0303,4.9598,3.301,7707.5,9999,9999,134.6,4.97298,1.8753,1.88148,1.88101,1.87875,1.87439,1.87451,1.87682,0,0,0,0,11111111,oooooooo,on,on,on,on,0,100,100,-39.443,-3.7364,-39.44328571,0,0,0,-3.73643,0,0,0,-1,-1,-1,-1,20.7,20.9,0.15625,4.99878,2.89795,2.90283,2.99805,2.30469,34.7608,15.4016,2,433.559,1365.62,30.4824,30.1305,30.0001,29.9215,29.8,-1,40,10,-999.9,400,20,99.6843,86.0017
50,1785342957,6197.5,20260729 11:35:56,11:35:56,15,1785342949,0.002319491,2.319490773,5.112445492,373.6456774,241.574479,24.32178497,37.61874955,0.071394043,2.939833272,0.070444639,0.044112148,266.1522202,32.69182511,31.82480968,4.727937984,32.22755178,1.515685679,4.703074217,3.212252305,-102.2895431,-14.74080563,-1.134649932,147.9872216,7.661722973,2.148291353,5.112445492,391.8656956,382.2226848,0.312417063,66.78996432,2.319490773,11.97690045,15.19270545,0.018994831,78.43,0,0,1,0,52361.72876,1500.016452,1273.873713,0.849239828,0.177432867,6,0.5,0: Broadleaf,2,TRUE,1785342949,373.6456774,386.0991613,15.05444516,11.94130323,413.0892258,18.79088387,407.809871,100.5803226,0.099952416,31.73180323,31.82480968,999.9,0,0,10000.70258,0,70.78936129,-12.4534171,379.3569355,390.7658065,3.113150645,386.0991613,11.94130323,1.514183226,1.201060968,13.11193871,9.613992258,1500.016452,0.692005419,0.307994581,0,2.550406452,0,14810.2,13609.76452,44.312,45.81606452,45.062,44.44716129,44.062,1038.02,461.9964516,0,1785342904,0,1785341596,11:13:15,1785341596,1785341584,2,1.588,0.087,-39.443,-3.736,378,11,0.32,0.08,-11.64375975,-10.56395809,2.210847826,0,2.549464706,-0.701469821,0.233150402,1,3.1989545,-1.35479257,0.189990229,0,1,3,1/3,2.98591,2.76474,0.1005,0.095095,0.0974715,0.0693755,27838,18603,31720.2,22391,38558.1,28335.2,45557.6,32765.3,1.73045,2.67165,0.137687,0,29.5842,999.9,53.5,31.9,25.2569,61.6045,-100,3,0.214197,0,20.3086,5.21729,12.0296,4.95975,3.301,7707.5,9999,9999,134.7,4.97294,1.87531,1.88155,1.88102,1.87871,1.87439,1.87452,1.87682,0,0,0,0,11111111,oooooooo,on,on,on,on,0,100,100,-39.444,-3.7365,-39.44328571,0,0,0,-3.73643,0,0,0,-1,-1,-1,-1,22.7,22.9,0.15625,4.99878,2.89795,2.90283,2.99805,2.2876,34.8296,15.3754,2,434.367,1364.62,30.5671,30.1679,30.0005,29.9496,29.8283,-1,40,10,-999.9,400,20,99.6834,86.064
51,1785343077,6317.5,20260729 11:37:56,11:37:56,15,1785343069,0.002302484,2.302483854,4.816774964,398.0349032,271.0220623,27.28681335,40.07461244,0.071190723,2.939221551,0.070246487,0.043987847,266.1486259,32.80648066,31.94338387,4.759802776,33.0347769,1.563383742,4.732539127,3.196419033,-101.539538,-16.06930774,-1.23856001,147.3012202,5.129350961,2.216134911,4.816774964,411.784406,404.7933939,-0.030223061,66.78996432,2.302483854,12.30972288,15.57512667,0.009847619,78.43,0,0,1,0,52325.35016,1499.994516,1273.855239,0.849239931,0.177433066,6,0.5,0: Broadleaf,2,TRUE,1785343069,398.0349032,406.894871,15.52806774,12.31253871,437.4783226,19.26450968,407.0974194,100.5811613,0.099990313,31.84197419,31.94338387,999.9,0,0,9997.13871,0,63.49204839,-8.859880742,404.3131613,411.9673871,3.215536452,406.894871,12.31253871,1.561831935,1.238409032,13.58728065,10.07114355,1499.994516,0.692002323,0.307997677,0,2.477674194,0,14475.36774,13609.52258,44.381,45.875,45.175,44.49187097,44.125,1037.999677,461.9948387,0,1785343024,0,1785341596,11:13:15,1785341596,1785341584,2,1.588,0.087,-39.443,-3.736,378,11,0.32,0.08,-9.796329268,16.35646934,2.291009361,0,2.538720588,-0.687512602,0.22659226,1,3.200051707,-0.049207317,0.067537603,1,2,3,2/3,2.98567,2.76466,0.104461,0.0973721,0.0988533,0.0702548,27712.8,18553.3,31717.3,22387.7,38495.2,28303.6,45553.4,32759.7,1.72915,2.6693,0.144169,0,29.598,999.9,54.1,32,25.6828,61.1845,-100,3,0.218084,0,20.3083,5.21714,12.0291,4.9597,3.301,7707.5,9999,9999,134.7,4.97298,1.87531,1.88153,1.88106,1.87871,1.8744,1.8745,1.87683,0,0,0,0,11111111,oooooooo,on,on,on,on,0,100,100,-39.444,-3.7364,-39.44328571,0,0,0,-3.73643,0,0,0,-1,-1,-1,-1,24.7,24.9,0.15625,4.99878,2.89795,2.90283,2.99805,2.32422,34.8525,15.3666,2,433.889,1361.94,30.6416,30.2195,30,29.9917,29.8617,-1,40,10,-999.9,400,20,99.6743,86.05
52,1785343197,6437.5,20260729 11:39:56,11:39:56,15,1785343189,0.002275433,2.275433486,5.138973015,370.9439677,235.2187797,23.68202382,37.34694946,0.069482764,2.939226008,0.068582984,0.042944236,266.1517195,32.69139975,31.7519129,4.708440545,31.28963426,1.470573547,4.699874519,3.237866998,-100.3466167,-5.088085116,-0.391564469,160.3254532,2.941844099,2.452762868,5.138973015,380.7219303,374.3079758,-0.190988784,66.78996432,2.275433486,11.11919666,14.48227515,-0.007676199,78.43,0,0,1,0,52346.44941,1500.013548,1273.871255,0.849239833,0.177432877,6,0.5,0: Broadleaf,2,TRUE,1785343189,370.9439677,376.6196129,14.60629032,11.0448129,410.3874194,18.34271935,407.1799677,100.5808387,0.099999132,31.71980323,31.7519129,999.9,0,0,9997.196129,0,70.84521935,-5.675550645,376.4427097,380.825871,3.561484194,376.6196129,11.0448129,1.469111935,1.110895806,12.65003871,8.45765,1500.013548,0.692005387,0.307994613,0,2.530154839,0,14833.65161,13609.72903,44.423,45.879,45.187,44.548,44.187,1038.017742,461.9958065,0,1785343144,0,1785341596,11:13:15,1785341596,1785341584,2,1.588,0.087,-39.443,-3.736,378,11,0.32,0.08,-4.332149659,-23.89426787,2.404133965,0,2.517932353,0.282406413,0.216027307,1,3.615087805,-1.485128362,0.184204801,0,1,3,1/3,2.98536,2.76468,0.0990746,0.0934369,0.0947886,0.0659893,27881.9,18645.1,31720.1,22400.9,38673.8,28454.9,45557.8,32784.6,1.72938,2.67165,0.139322,0,29.4727,999.9,51.5,32,24.4491,61.6945,-100,3,0.217182,0,20.308,5.21789,12.0296,4.95945,3.301,7707.5,9999,9999,134.7,4.97298,1.87531,1.88152,1.88102,1.87872,1.8744,1.87451,1.87683,0,0,0,0,11111111,oooooooo,on,on,on,on,0,100,100,-39.443,-3.7364,-39.44328571,0,0,0,-3.73643,0,0,0,-1,-1,-1,-1,26.7,26.9,0.15625,4.99878,2.89795,2.90161,2.99805,2.28638,34.8985,15.3404,2,434.001,1365.42,30.6009,30.2176,30,29.9891,29.8643,-1,40,10,-999.9,400,20,99.6836,86.1093
53,1785343317,6557.5,20260729 11:41:56,11:41:56,15,1785343309,0.002131129,2.13112896,5.240181352,367.4012581,221.5462896,22.30530175,36.98999401,0.065044707,2.940553588,0.064255847,0.040229983,266.1510131,32.40943508,31.36477742,4.606063463,29.59403911,1.365910951,4.615493498,3.240152512,-93.98278712,5.702517984,0.437128315,178.3078722,4.886670312,2.205068898,5.240181352,378.0358891,371.5000485,-0.193402149,66.78996432,2.13112896,10.26090928,13.48013333,-0.016264857,78.43,0,0,1,0,52439.27934,1499.997419,1273.858674,0.849240577,0.177434314,6,0.5,0: Broadleaf,2,TRUE,1785343309,367.4012581,375.7874194,13.56684194,10.36484516,406.8445484,17.30326774,407.586871,100.5801613,0.099934913,31.40074839,31.36477742,999.9,0,0,10004.81806,0,44.21755806,-8.386272903,372.4543226,379.7234194,3.20198871,375.7874194,10.36484516,1.364556129,1.0425,11.52933871,7.523781935,1499.997419,0.691979935,0.308020065,0,2.534222581,0,14331.70645,13609.47097,44.175,45.5,44.883,44.29,43.9613871,1037.969355,462.0280645,0,1785343264,0,1785341596,11:13:15,1785341596,1785341584,2,1.588,0.087,-39.443,-3.736,378,11,0.32,0.08,-9.089914634,13.21708955,1.549360206,0,2.537288235,0.037812075,0.217331902,1,3.145827317,1.051205645,0.116110824,0,1,3,1/3,2.98551,2.76493,0.0986309,0.0933982,0.0909835,0.0631184,27896.6,18655.5,31721.2,22412.3,38838.7,28560.2,45559.2,32805,1.73015,2.67365,0.141386,0,29.038,999.9,48.8,32.1,23.299,61.6045,-100,3,0.215816,0,20.3084,5.21699,12.0288,4.9597,3.301,7707.5,9999,9999,134.8,4.97298,1.87531,1.8815,1.88105,1.87873,1.87441,1.87449,1.87683,0,0,0,0,11111111,oooooooo,on,on,on,on,0,100,100,-39.443,-3.7365,-39.44328571,0,0,0,-3.73643,0,0,0,-1,-1,-1,-1,28.7,28.9,0.15625,4.99878,2.89795,2.90283,2.99805,2.29858,34.8755,15.3228,2,434.364,1368.08,30.3494,30.1876,29.9999,29.9762,29.8514,-1,40,10,-999.9,400,20,99.6868,86.159
54,1785343437,6677.5,20260729 11:43:56,11:43:56,15,1785343429,0.002184802,2.184801911,5.109412416,374.829,237.9177964,23.95320396,37.7372169,0.068278852,2.938883763,0.067409672,0.042208216,266.1506096,32.37653292,31.39257097,4.613348257,31.41862743,1.448512068,4.610360752,3.164836189,-96.34976428,-1.805206355,-0.138462897,167.8571761,5.742176302,1.988067082,5.109412416,388.2818611,380.7983576,-0.021736677,66.78996432,2.184801911,11.28114055,14.45110364,0.000858782,78.43,0,0,1,0,52394.84507,1500.004839,1273.864084,0.849239983,0.177433167,6,0.5,0: Broadleaf,2,TRUE,1785343429,374.829,384.3994516,14.38750323,11.4968129,414.2723548,18.12393548,406.7119355,100.5784516,0.100036174,31.38117742,31.39257097,999.9,0,0,9995.486452,0,69.88721613,-9.570447742,380.3006129,388.8704516,2.890690968,384.3994516,11.4968129,1.447071935,1.156330968,12.41994516,9.049725806,1500.004839,0.692000806,0.307999194,0,2.547325806,0,15278.25161,13609.61935,44.012,45.32825806,44.75,44,43.75,1038.004194,462.0006452,0,1785343384,0,1785341596,11:13:15,1785341596,1785341584,2,1.588,0.087,-39.443,-3.736,378,11,0.32,0.08,-9.16905,-1.69231108,1.381429183,0,2.508561765,0.6319068,0.22128573,1,2.879957073,0.576562369,0.157111142,0,1,3,1/3,2.98526,2.76479,0.100264,0.0944611,0.0946682,0.066334,27849,18628.2,31724.2,22405.6,38684.1,28449.8,45563.9,32790.6,1.72952,2.66998,0.146423,0,28.9995,999.9,51,32.1,24.3502,61.6046,-100,3,0.211105,0,20.3086,5.21699,12.0285,4.9598,3.301,7707.5,9999,9999,134.8,4.9729,1.87531,1.88154,1.88102,1.87879,1.8744,1.87446,1.87682,0,0,0,0,11111111,oooooooo,on,on,on,on,0,100,100,-39.443,-3.7365,-39.44328571,0,0,0,-3.73643,0,0,0,-1,-1,-1,-1,30.7,30.9,0.15625,4.99878,2.89795,2.90161,2.99805,2.27905,34.8525,15.3053,2,433.773,1361.96,30.2511,30.1334,30,29.9393,29.8182,-1,40,10,-999.9,400,20,99.6968,86.1261
55,1785343557,6797.5,20260729 11:45:56,11:45:56,15,1785343549,0.0018724,1.872400048,5.680369809,375.5894839,199.8723628,20.12201905,37.81222498,0.057152034,2.938228258,0.056541557,0.035392779,266.1473336,32.49014834,31.45576129,4.629948026,30.22004053,1.395843612,4.618933621,3.234104414,-82.5728421,-6.638223395,-0.509519092,176.426749,9.064216037,1.848117116,5.680369809,399.2334553,385.4916485,0.808763075,66.78996432,1.872400048,11.59626442,14.06181818,0.033474675,78.43,0,0,1,0,52370.38787,1499.997419,1273.856768,0.849239306,0.177431861,6,0.5,0: Broadleaf,2,TRUE,1785343549,375.5894839,389.9769355,13.86493871,11.17790323,415.0328387,17.60137097,406.9525161,100.5743226,0.100021632,31.41385484,31.45576129,999.9,0,0,9992.168387,0,28.43720323,-14.38746774,380.8704194,394.3866452,2.687036774,389.9769355,11.17790323,1.394456774,1.124210323,11.85723871,8.62891871,1499.997419,0.692023548,0.307976452,0,2.581670968,0,14286.86774,13609.64839,43.99187097,45.32216129,44.687,43.98780645,43.687,1038.032903,461.9645161,0,1785343504,0,1785341596,11:13:15,1785341596,1785341584,2,1.588,0.087,-39.443,-3.736,378,11,0.32,0.08,-13.2989755,-27.00104015,2.87206541,0,2.58715,-0.5959618,0.241461186,1,2.80280425,-2.710817448,0.263827688,0,1,3,1/3,2.98485,2.76483,0.101209,0.0964028,0.0933143,0.0690277,27821.2,18584.6,31725.8,22401,38744.2,28359.4,45566.1,32780.9,1.72855,2.67388,0.145972,0,29.0903,999.9,50.8,32.1,24.2546,61.6646,-100,3,0.209766,0,20.3088,5.21714,12.0285,4.95975,3.301,7707.5,9999,9999,134.8,4.97296,1.87531,1.88153,1.88106,1.87875,1.87439,1.87449,1.87683,0,0,0,0,11111111,oooooooo,on,on,on,on,0,100,100,-39.443,-3.7364,-39.44328571,0,0,0,-3.73643,0,0,0,-1,-1,-1,-1,32.7,32.9,0.15625,4.99878,2.89795,2.90283,2.99805,2.32178,34.8755,15.3053,2,433.105,1367.47,30.2584,30.1106,30.0001,29.9218,29.8077,-1,40,10,-999.9,400,20,99.7017,86.1038
56,1785343677,6917.5,20260729 11:47:56,11:47:56,15,1785343669,0.002038605,2.038605097,5.062218325,394.2107742,249.9595063,25.16582175,39.68898092,0.064089026,2.939958285,0.063322876,0.03964487,266.1506834,32.50879424,31.56755806,4.659443897,32.74043535,1.517614979,4.635292606,3.141828918,-89.9024848,-14.50163877,-1.113377255,160.6331825,8.134410547,1.879323743,5.062218325,414.9551379,403.9471576,0.525483185,66.78996432,2.038605097,12.34373512,15.20447152,0.013852961,78.43,0,0,1,0,52409.26849,1500.002258,1273.862168,0.849240167,0.177433522,6,0.5,0: Broadleaf,2,TRUE,1785343669,394.2107742,407.3273871,15.07370968,12.33815161,433.654,18.81014194,405.9856129,100.5795806,0.100013929,31.47606452,31.56755806,999.9,0,0,10001.48774,0,21.48444516,-13.11667194,400.2440323,412.4160323,2.735563226,407.3273871,12.33815161,1.516106774,1.240965806,13.13132903,10.10217097,1500.002258,0.691994774,0.308005226,0,2.547554839,0,14253.53871,13609.57419,44.183,45.48374194,44.875,44.125,43.86280645,1037.993226,462.0090323,0,1785343624,0,1785341596,11:13:15,1785341596,1785341584,2,1.588,0.087,-39.443,-3.736,378,11,0.32,0.08,-11.64004976,-27.30599247,2.891734825,0,2.536144118,0.199964862,0.195713003,1,2.742285854,0.023349826,0.082695727,1,2,3,2/3,2.98497,2.76477,0.104461,0.0999341,0.097532,0.0715339,27722.9,18505.5,31728.3,22393.1,38565.9,28270.2,45569.9,32766,1.7287,2.67267,0.148866,0,29.1343,999.9,53.4,32.1,25.4947,61.5746,-100,3,0.206733,0,20.3088,5.21729,12.0302,4.95975,3.301,7707.5,9999,9999,134.9,4.97301,1.87531,1.88152,1.88105,1.87875,1.87441,1.87454,1.87683,0,0,0,0,11111111,oooooooo,on,on,on,on,0,100,100,-39.443,-3.7364,-39.44328571,0,0,0,-3.73643,0,0,0,-1,-1,-1,-1,34.7,34.9,0.15625,4.99878,2.89795,2.90283,2.99805,2.2876,34.8755,15.2791,2,433.027,1364.94,30.315,30.0846,29.9999,29.896,29.7769,-1,40,10,-999.9,400,20,99.7098,86.0683
57,1785343797,7037.5,20260729 11:49:56,11:49:56,15,1785343789,0.002021547,2.021546503,5.151541593,381.0412258,232.8583742,23.44293602,38.36119319,0.062957922,2.940124726,0.06221845,0.038952246,266.146131,32.42384417,31.46497097,4.632371697,31.66475156,1.460319617,4.61181454,3.172052081,-89.15020078,-12.40299567,-0.951298081,163.6416365,3.129774768,2.113797052,5.151541593,391.391467,384.7238424,-0.155846341,66.78996432,2.021546503,11.47696545,14.45753939,-0.005607108,78.43,0,0,1,0,52429.30848,1499.978065,1273.841487,0.849240077,0.177433349,6,0.5,0: Broadleaf,2,TRUE,1785343789,381.0412258,386.8436452,14.50533548,11.43378387,420.4846774,18.2417871,406.9218387,100.5746774,0.099975587,31.38672258,31.46497097,999.9,0,0,10002.92258,0,38.72605161,-5.802392258,386.6499355,391.3179032,3.071567419,386.8436452,11.43378387,1.45887,1.149949355,12.54372258,8.968839677,1499.978065,0.691997935,0.308002065,0,2.513303226,0,14271.64194,13609.36129,44.308,45.49593548,44.95325806,44.187,43.937,1037.980968,461.9970968,0,1785343744,0,1785341596,11:13:15,1785341596,1785341584,2,1.588,0.087,-39.443,-3.736,378,11,0.32,0.08,-5.237013659,-8.709156585,1.217956753,0,2.570961765,-0.776854091,0.185114855,1,3.13828122,-1.041540418,0.107603936,0,1,3,1/3,2.9854,2.76479,0.101001,0.0951216,0.0947395,0.0678132,27835.2,18615.9,31733.9,22406.6,38692.7,28404.4,45577.8,32790,1.7306,2.67243,0.154011,0,28.9746,999.9,51.6,32.2,24.7779,61.7246,-100,3,0.198689,0,20.3085,5.21714,12.0294,4.9594,3.301,7707.5,9999,9999,134.9,4.973,1.87531,1.88155,1.88104,1.87873,1.87439,1.87453,1.87683,0,0,0,0,11111111,oooooooo,on,on,on,on,0,100,100,-39.444,-3.7364,-39.44328571,0,0,0,-3.73643,0,0,0,-1,-1,-1,-1,36.7,36.9,0.15625,4.99878,2.89795,2.90161,2.99805,2.30103,34.8296,15.2615,2,433.608,1362.93,30.2623,29.997,29.9998,29.8161,29.7014,-1,40,10,-999.9,400,20,99.7272,86.1268
58,1785343917,7157.5,20260729 11:51:56,11:51:56,15,1785343909,0.001935318,1.935318152,5.044226867,394.2952581,242.393367,24.40179328,39.69378988,0.060201167,2.939852118,0.059524599,0.037263028,266.1483396,32.55836306,31.56968065,4.660005486,32.0350529,1.486849445,4.641320399,3.173156041,-85.34753051,-11.21212333,-0.860958624,168.7277271,5.676395078,2.062933605,5.044226867,409.9504606,401.1752909,0.189807415,66.78996432,1.935318152,11.8920057,14.72702364,-0.0025591,78.43,0,0,1,0,52402.09665,1500.002903,1273.861442,0.849239318,0.177431883,6,0.5,0: Broadleaf,2,TRUE,1785343909,394.2952581,403.8774194,14.76950645,11.76858065,433.7385484,18.50592581,406.3676129,100.5702581,0.099960684,31.49893871,31.56968065,999.9,0,0,10001.81065,0,28.7108,-9.582142258,400.2061935,408.6870645,3.000920323,403.8774194,11.76858065,1.485372581,1.183569032,12.81837419,9.395926452,1500.002903,0.692022161,0.307977839,0,2.486264516,0,14202.9,13609.7,44.45325806,45.562,45.125,44.3,44.125,1038.036129,461.9667742,0,1785343864,0,1785341596,11:13:15,1785341596,1785341584,2,1.588,0.087,-39.443,-3.736,378,11,0.32,0.08,-9.706078049,0.372216585,0.646528048,1,2.500452941,0.162273488,0.238439979,1,3.010686829,-0.210633449,0.093360614,0,2,3,2/3,2.98434,2.76469,0.103986,0.0986241,0.0957861,0.0703338,27748,18541.6,31739.4,22403.5,38654.3,28321,45585.7,32782.1,1.72922,2.6813,0.156183,0,29.0123,999.9,52.6,32.2,25.2584,61.7246,-100,3,0.18967,0,20.3087,5.21774,12.0282,4.9597,3.301,7707.5,9999,9999,134.9,4.97295,1.87531,1.88154,1.88101,1.87877,1.8744,1.87454,1.87683,0,0,0,0,11111111,oooooooo,on,on,on,on,0,100,100,-39.444,-3.7364,-39.44328571,0,0,0,-3.73643,0,0,0,-1,-1,-1,-1,38.7,38.9,0.15625,4.99878,2.89795,2.90283,2.99805,2.31689,34.8296,15.2528,2,432.268,1374.11,30.3094,29.9001,29.9996,29.7281,29.6191,-1,40,10,-999.9,400,20,99.7444,86.1096
59,1785344037,7277.5,20260729 11:53:56,11:53:56,15,1785344029,0.0019397,1.939700048,4.630579546,396.8706774,258.0114052,25.97503897,39.95455667,0.06127535,2.938633821,0.060574286,0.037921248,266.1508745,32.46695281,31.44207419,4.62634809,32.50027112,1.500680996,4.61744147,3.125667094,-85.54077211,-5.371207597,-0.412172624,174.8267222,6.076208018,1.960585293,4.630579546,412.7987825,404.0345758,0.283716799,66.78996432,1.939700048,12.07898825,14.90057697,-0.000394365,78.43,0,0,1,0,52382.95577,1500.013871,1273.871061,0.849239521,0.177432276,6,0.5,0: Broadleaf,2,TRUE,1785344029,396.8706774,406.9812903,14.90634194,12.05744194,436.3140323,18.64276774,406.759129,100.5739677,0.100027458,31.40817097,31.44207419,999.9,0,0,9994.510323,0,29.69466774,-10.11053194,402.8760968,411.9483226,2.848907419,406.9812903,12.05744194,1.499188387,1.212662258,12.95988387,9.757758387,1500.013871,0.692015903,0.307984097,0,2.505135484,0,14175.44839,13609.75806,44.47154839,45.562,45.155,44.258,44.125,1038.033548,461.9803226,0,1785343984,0,1785341596,11:13:15,1785341596,1785341584,2,1.588,0.087,-39.443,-3.736,378,11,0.32,0.08,-9.68590439,-6.445138328,1.833545883,0,2.511726471,0.065229951,0.222271914,1,2.838860244,0.340040279,0.05928805,0,1,3,1/3,2.9852,2.76468,0.104548,0.100364,0.0964523,0.0710289,27738.2,18507.3,31747.5,22404.9,38635.9,28301.1,45597.9,32783.3,1.7319,2.68107,0.154965,0,28.8941,999.9,53.3,32.2,25.595,61.7546,-100,3,0.177721,0,20.3085,5.21984,12.0279,4.95965,3.301,7707.5,9999,9999,135,4.97293,1.87531,1.88154,1.88101,1.87871,1.87439,1.87453,1.87679,0,0,0,0,11111111,oooooooo,on,on,on,on,0,100,100,-39.443,-3.7365,-39.44328571,0,0,0,-3.73643,0,0,0,-1,-1,-1,-1,40.7,40.9,0.15625,4.99878,2.89795,2.90161,2.99805,2.26318,34.8066,15.2353,2,433.005,1370.95,30.25,29.7617,29.9996,29.604,29.4969,-1,40,10,-999.9,400,20,99.7707,86.1137
60,1785344157,7397.5,20260729 11:55:56,11:55:56,15,1785344149,0.001933727,1.93372664,4.63911114,393.1877097,253.1875766,25.48867164,39.58263892,0.060751649,2.939831855,0.060062723,0.037600448,266.1473177,32.40252695,31.38171613,4.61050197,31.89435059,1.467220218,4.600251114,3.143281751,-85.2773448,-6.203692052,-0.475566067,174.1907148,1.056013171,2.018136796,4.63911114,398.7560667,395.1213758,-0.504102652,66.78996432,1.93372664,11.63746298,14.51373394,-0.008582225,78.43,0,0,1,0,52428.45851,1499.98,1273.843568,0.849240368,0.177433911,6,0.5,0: Broadleaf,2,TRUE,1785344149,393.1877097,395.9154516,14.57439355,11.64134839,432.6309032,18.31082581,406.8243548,100.571129,0.099970152,31.34257419,31.38171613,999.9,0,0,10001.60871,0,171.2262903,-2.72764829,399.0030323,400.5787742,2.933040323,395.9154516,11.64134839,1.465763226,1.170784194,12.6155871,9.235002581,1499.98,0.691988548,0.308011452,0,2.547629032,0,15272.75806,13609.34194,44.5,45.58435484,45.187,44.266,44.131,1037.967742,462.0122581,0,1785344104,0,1785341596,11:13:15,1785341596,1785341584,2,1.588,0.087,-39.443,-3.736,378,11,0.32,0.08,-4.177095425,22.4992745,3.080803195,0,2.594223529,-0.205188688,0.212348714,1,2.959748,-0.354467167,0.06283615,0,1,3,1/3,2.98529,2.76493,0.10292,0.0963103,0.0950163,0.068644,27794.2,18599.2,31753.2,22414.8,38705,28388.6,45606.6,32800.3,1.73337,2.68208,0.154406,0,28.878,999.9,52.2,32.2,25.0675,61.5446,-100,3,0.167292,0,20.3089,5.21744,12.0282,4.9596,3.301,7707.5,9999,9999,135,4.97291,1.87531,1.88154,1.88103,1.87868,1.87439,1.87453,1.87683,0,0,0,0,11111111,oooooooo,on,on,on,on,0,100,100,-39.444,-3.7364,-39.44328571,0,0,0,-3.73643,0,0,0,-1,-1,-1,-1,42.7,42.9,0.15625,4.99878,2.89795,2.90161,2.99805,2.29614,34.7608,15.2178,2,433.037,1369.73,30.1844,29.6248,29.9997,29.4768,29.3769,-1,40,10,-999.9,400,20,99.7892,86.1556
61,1785344277,7517.5,20260729 11:57:56,11:57:56,15,1785344269,0.002050615,2.050614783,4.064500967,389.1640323,269.1689093,27.09710939,39.17696283,0.06384857,2.938131022,0.063087654,0.039497394,266.1511101,32.53893215,31.63925484,4.678445991,32.44651139,1.506784605,4.643903275,3.171661386,-90.43211191,-20.6748446,-1.589134939,153.4550186,2.318834989,2.097903868,4.064500967,394.6667947,392.2649818,-0.562409601,66.78996432,2.050614783,11.86292139,14.89048424,-0.006127576,78.43,0,0,1,0,52351.18857,1500.01,1273.868252,0.84923984,0.177432891,6,0.5,0: Broadleaf,2,TRUE,1785344269,389.1640323,393.790129,14.96763226,11.91849677,428.6072903,18.70407097,406.6404839,100.5694839,0.100052826,31.50873226,31.63925484,999.9,0,0,9992.096129,0,290.0923871,-4.62611,395.0773548,398.5400645,3.049135161,393.790129,11.91849677,1.505287097,1.198637419,13.02185484,9.584449032,1500.01,0.692005387,0.307994645,0,2.499929032,0,15219.24839,13609.68387,44.625,45.93909677,45.312,44.437,44.2256129,1038.015161,461.9951613,0,1785344224,0,1785341596,11:13:15,1785341596,1785341584,2,1.588,0.087,-39.443,-3.736,378,11,0.32,0.08,-4.960335122,11.20879484,2.186185435,0,2.511135294,-0.124898392,0.235722428,1,3.00627561,0.307179094,0.136599513,0,1,3,1/3,2.9852,2.76484,0.102429,0.0969398,0.0964299,0.0698948,27810.1,18582.9,31753.8,22410.5,38644.1,28344,45606.7,32792.7,1.73315,2.68455,0.14741,0,29.2511,999.9,53.1,32.2,25.4974,61.3646,-100,3,0.0996621,0.0697168,20.3086,5.21834,12.0285,4.9598,3.301,7707.5,9999,9999,135,4.97293,1.87531,1.88153,1.88104,1.87869,1.87439,1.87449,1.87683,0,0,0,0,11111111,oooooooo,on,on,on,on,0,100,100,-39.444,-3.7365,-39.44328571,0,0,0,-3.73643,0,0,0,-1,-1,-1,-1,44.7,44.9,0.15625,4.99878,2.89795,2.90161,2.99805,2.32544,34.7837,15.209,2,432.566,1372.23,30.2466,29.5801,30.0001,29.4229,29.3267,-1,40,10,-999.9,400,20,99.7902,86.137
62,1785344397,7637.5,20260729 11:59:56,11:59:56,15,1785344389,0.002240773,2.240773066,4.866221203,388.4491935,257.2008578,25.88995374,39.1014701,0.06889996,2.939000147,0.06801504,0.04258796,266.1510684,32.63454575,31.78501935,4.717286715,32.10953378,1.503474527,4.682330605,3.213812187,-98.8180922,-20.77858443,-1.598925043,144.9554667,1.432666579,2.30232072,4.866221203,391.1873395,389.6460545,-0.87776791,66.78996432,2.240773066,10.97761824,14.67551697,-0.058138113,78.43,0,0,1,0,52350.88736,1500.008065,1273.866765,0.849239944,0.177433092,6,0.5,0: Broadleaf,2,TRUE,1785344389,388.4491935,391.8782258,14.9361,11.59410968,427.8925484,18.67253226,407.1704839,100.5603871,0.100061565,31.65388065,31.78501935,999.9,0,0,9997.944194,0,297.8946774,-3.428858974,394.3394194,396.4771935,3.341994839,391.8782258,11.59410968,1.501979677,1.165908387,12.98804839,9.163251613,1500.008065,0.69200171,0.30799829,0,2.546764516,0,15297.30645,13609.64194,44.75,46.32216129,45.5,44.75,44.437,1038.008387,461.9996774,0,1785344344,0,1785341596,11:13:15,1785341596,1785341584,2,1.588,0.087,-39.443,-3.736,378,11,0.32,0.08,-2.311209371,1.628609854,5.041273218,0,2.577670588,-0.401203967,0.23838951,1,3.329955122,1.574669477,0.325697806,0,1,3,1/3,2.98556,2.76465,0.101932,0.0949815,0.0955292,0.0661499,27822.5,18629.9,31750.6,22418.7,38679.5,28472.6,45602.6,32809.4,1.73407,2.67873,0.139758,0,29.5212,999.9,51.8,32.2,24.8746,61.8146,-100,3,0.169964,0,20.3085,5.21729,12.0287,4.9596,3.301,7707.5,9999,9999,135.1,4.97289,1.87531,1.88151,1.88099,1.87871,1.87439,1.87451,1.87682,0,0,0,0,11111111,oooooooo,on,on,on,on,0,100,100,-39.443,-3.7364,-39.44328571,0,0,0,-3.73643,0,0,0,-1,-1,-1,-1,46.7,46.9,0.15625,4.99878,2.89795,2.90161,2.99805,2.28516,34.8525,15.174,2,433.173,1363.7,30.3682,29.624,30.0004,29.4355,29.3309,-1,40,10,-999.9,400,20,99.7808,86.1761
63,1785344517,7757.5,20260729 12:01:56,12:01:56,15,1785344509,0.002077459,2.077459484,4.62686312,394.8124194,261.0293861,26.27396865,39.73992847,0.064141436,2.940052388,0.063374065,0.039676971,266.1439878,32.86142998,32.01268065,4.778511528,33.45929307,1.58321365,4.73176061,3.195297878,-91.61596323,-27.51784642,-2.121062453,144.8891157,6.034007053,2.055477774,4.62686312,408.4918342,402.0360061,-0.072127242,66.78996432,2.077459484,12.46122692,15.65190424,-0.021981385,78.43,0,0,1,0,52349.02855,1499.965806,1273.831094,0.849240088,0.17743337,6,0.5,0: Broadleaf,2,TRUE,1785344509,394.8124194,404.9296129,15.72907742,12.73901613,434.2557419,19.46551613,405.9743548,100.5552581,0.099955706,31.83907097,32.01268065,999.9,0,0,10004.44258,0,322.490129,-10.11712774,401.1218387,410.1547742,2.990060645,404.9296129,12.73901613,1.581640968,1.280974194,13.78106774,10.57564839,1499.965806,0.691996645,0.308003355,0,2.58443871,0,14849.79032,13609.24839,44.94716129,46.625,45.70529032,45.058,44.61280645,1037.971935,461.993871,0,1785344464,0,1785341596,11:13:15,1785341596,1785341584,2,1.588,0.087,-39.443,-3.736,378,11,0.32,0.08,-10.90306927,22.51602293,2.959784373,0,2.556523529,0.241372038,0.24138704,1,2.844837073,2.664303763,0.274495706,0,1,3,1/3,2.98439,2.76466,0.104114,0.0989407,0.0991804,0.0721679,27749.6,18530.5,31745,22397.5,38515.8,28256.5,45595.1,32771.9,1.72995,2.6759,0.135686,0,29.818,999.9,54.6,32.2,26.2238,61.4847,-100,3,0.181044,0,20.3073,5.21474,12.0282,4.9593,3.30032,7707.5,9999,9999,135.1,4.97296,1.87531,1.88149,1.88103,1.87866,1.8744,1.87446,1.87682,0,0,0,0,11111111,oooooooo,on,on,on,on,0,100,100,-39.444,-3.7365,-39.44328571,0,0,0,-3.73643,0,0,0,-1,-1,-1,-1,48.7,48.9,0.157471,4.99878,2.89795,2.90161,2.99805,2.33032,34.9674,15.1565,2,431.386,1361.28,30.5405,29.7435,30.0005,29.5236,29.4052,-1,40,10,-999.9,400,20,99.7638,86.0843
64,1785344637,7877.5,20260729 12:03:56,12:03:56,15,1785344629,0.002089816,2.089816393,4.433051494,396.1307742,263.1876936,26.49085953,39.8720949,0.06226494,2.938911735,0.061541261,0.038527607,266.1492155,33.17577225,32.27005806,4.84855992,31.94612759,1.539013236,4.817526732,3.309546684,-92.16090295,-18.00265817,-1.392103264,154.5935511,-0.398152731,2.12763383,4.433051494,400.9621911,397.6618788,-0.511281392,66.78996432,2.089816393,12.12836468,15.22918485,-0.00775961,78.43,0,0,1,0,52262.01147,1499.997742,1273.857987,0.849239936,0.177433077,6,0.5,0: Broadleaf,2,TRUE,1785344629,396.1307742,396.7879355,15.29015484,12.19387097,435.574,19.02659032,405.9902903,100.553871,0.099997645,32.15643548,32.27005806,999.9,0,0,9998.089032,0,493.0091613,-0.657155665,402.2815806,401.6859355,3.096287742,396.7879355,12.19387097,1.537485484,1.226141935,13.34609677,9.922687097,1499.997742,0.692002903,0.307997097,0,2.614370968,0,15205.68065,13609.55161,45,46.8,45.82825806,45.33435484,44.76,1038.001613,461.996129,0,1785344584,0,1785341596,11:13:15,1785341596,1785341584,2,1.588,0.087,-39.443,-3.736,378,11,0.32,0.08,-0.104151795,-15.24720421,2.425398409,0,2.626917647,-0.199917495,0.238370739,1,3.132458049,-0.557123624,0.081187012,0,1,3,1/3,2.98446,2.76467,0.103301,0.0965679,0.0976279,0.0702828,27772.4,18583.1,31742.7,22402.4,38579.8,28322,45591.5,32781.5,1.72973,2.67598,0.145122,0,29.9368,999.9,53.5,32.3,25.8418,61.1847,-100,3,0.18717,0,20.3082,5.21774,12.0285,4.95975,3.301,7707.5,9999,9999,135.1,4.97297,1.87531,1.88151,1.88106,1.8787,1.87439,1.87449,1.87683,0,0,0,0,11111111,oooooooo,on,on,on,on,0,100,100,-39.444,-3.7364,-39.44328571,0,0,0,-3.73643,0,0,0,-1,-1,-1,-1,50.7,50.9,0.157471,4.99878,2.89795,2.90283,2.99805,2.29004,35.1055,15.139,2,431.722,1362.88,30.792,29.8483,30.0004,29.5969,29.4712,-1,40,10,-999.9,400,20,99.7563,86.1069
65,1785344757,7997.6,20260729 12:05:56,12:05:56,15,1785344749,0.001998998,1.998997578,5.108357429,364.9433,204.9601288,20.63142344,36.73543628,0.057312062,2.939200788,0.056698382,0.035491078,266.1513591,33.15377872,32.18095,4.824207596,28.81681701,1.384697877,4.805172883,3.439509719,-88.1557932,-11.07992504,-0.856134059,166.0595068,4.60372929,2.05876816,5.108357429,377.8147742,369.8982061,0.043873183,66.78996432,1.998997578,10.88232247,13.73464909,0.00796929,78.43,0,0,1,0,52278.18058,1500.001667,1273.86207,0.849240436,0.177434042,6,0.5,0: Broadleaf,2,TRUE,1785344749,364.9433,372.8564,13.75609667,10.75573333,404.3866,17.49254333,406.0403333,100.5606333,0.100034453,32.11102667,32.18095,999.9,0,0,9999.061333,0,296.6462,-7.913121667,370.0333667,376.9103667,3.000369,372.8564,10.75573333,1.383323,1.081603333,11.73593,8.06374,1500.001667,0.691985133,0.308014867,0,2.55862,0,14980.6,13609.52667,45.062,46.80786667,45.812,45.562,44.875,1037.979333,462.0223333,0,1785344704,0,1785341596,11:13:15,1785341596,1785341584,2,1.588,0.087,-39.443,-3.736,378,11,0.32,0.08,-7.39773975,-9.374057674,1.037778877,0,2.538714706,-0.415640956,0.232384584,1,3.1428575,-2.72338379,0.269860765,0,1,3,1/3,2.98465,2.76472,0.0983572,0.0926832,0.0920034,0.0641794,27918.1,18674.7,31735.2,22417,38813.2,28532.9,45581,32810.5,1.72913,2.67025,0.137862,0,29.9473,999.9,49.6,32.3,23.9562,61.5992,-100,3,0.201969,0,20.3085,5.21729,12.0288,4.95985,3.301,7707.5,9999,9999,135.2,4.973,1.87529,1.88153,1.88107,1.87869,1.87439,1.87448,1.87683,0,0,0,0,11111111,oooooooo,on,on,on,on,0,100,100,-39.444,-3.7364,-39.44328571,0,0,0,-3.73643,0,0,0,-1,-1,-1,-1,52.7,52.9,0.157471,4.99878,2.89795,2.90283,2.99805,2.31567,35.244,15.1302,2,432.219,1357.41,30.8947,30.0039,30.0007,29.7298,29.5989,-1,40,10,-999.9,400,20,99.7329,86.1749
66,1785344877,8117.6,20260729 12:07:56,12:07:56,15,1785344869,0.001862399,1.862398774,4.946936152,366.8389355,202.0331392,20.3361323,36.92505673,0.053630878,2.939128569,0.053093088,0.033231049,266.151379,33.03323089,31.97317742,4.767838612,28.22155792,1.34417774,4.762946622,3.423660873,-82.13178594,-2.873134249,-0.221612751,180.924846,4.51944525,1.848988645,4.946936152,378.4102705,371.3009212,-0.045616343,66.78996432,1.862398774,10.66820903,13.37915576,0.001458693,78.43,0,0,1,0,52302.79102,1500.001935,1273.862284,0.849240427,0.177434024,6,0.5,0: Broadleaf,2,TRUE,1785344869,366.8389355,374.539129,13.3539871,10.65137419,406.2822258,17.09041613,405.0074516,100.5574516,0.099957294,31.95504516,31.97317742,999.9,0,0,9998.966774,0,74.00219677,-7.700192903,371.804,378.5715161,2.702627097,374.539129,10.65137419,1.342843226,1.071074194,11.28712903,7.920694516,1500.001935,0.691985645,0.308014355,0,2.751,0,14151.99032,13609.53548,44.935,46.49796774,45.687,45.23577419,44.687,1037.98,462.0219355,0,1785344824,0,1785341596,11:13:15,1785341596,1785341584,2,1.588,0.087,-39.443,-3.736,378,11,0.32,0.08,-7.32401375,-7.527368668,1.028478198,0,2.730817647,0.264333083,0.174457078,1,2.7085325,-0.123544841,0.038357412,0,1,3,1/3,2.983,2.76492,0.0986163,0.0931052,0.0906167,0.0644673,27903.8,18664.5,31728.6,22415.7,38864.1,28523.2,45570.5,32809.6,1.72473,2.67045,0.147291,0,29.5758,999.9,48.4,32.4,23.5098,61.5693,-100,3,0.21359,0,20.3086,5.21714,12.029,4.95985,3.301,7707.5,9999,9999,135.2,4.97299,1.87531,1.88154,1.88104,1.87874,1.87439,1.87451,1.87683,0,0,0,0,11111111,oooooooo,on,on,on,on,0,100,100,-39.443,-3.7365,-39.44328571,0,0,0,-3.73643,0,0,0,-1,-1,-1,-1,54.7,54.9,0.157471,4.99878,2.89795,2.90161,2.99805,2.2998,35.2902,15.1127,2,430.518,1360.23,30.8085,30.1464,30.0005,29.8572,29.7113,-1,40,10,-999.9,400,20,99.711,86.1715
67,1785344997,8237.6,20260729 12:09:56,12:09:56,15,1785344989,0.001985,1.984999938,5.071091034,366.7153871,210.3214483,21.17039002,36.9125823,0.058283498,2.939555493,0.057649038,0.036087077,266.145853,32.83010853,31.78767742,4.717997587,28.76239964,1.35669941,4.7169201,3.361298177,-87.53849726,-0.638510217,-0.049156505,177.919689,4.840702926,1.915481914,5.071091034,378.5032176,371.4114909,-0.075612456,66.78996432,1.984999938,10.48569593,13.44083758,-0.007428909,78.43,0,0,1,0,52344.39565,1499.97129,1273.836213,0.849240396,0.177433965,6,0.5,0: Broadleaf,2,TRUE,1785344989,366.7153871,374.9187419,13.4784,10.68186452,406.1585806,17.21481935,405.4297097,100.5572903,0.100013935,31.78364839,31.78767742,999.9,0,0,10001.41226,0,140.9642258,-8.20342,371.7255806,378.9669677,2.796529032,374.9187419,10.68186452,1.355351613,1.07414,11.4271,7.96176871,1499.97129,0.691986935,0.308013065,0,2.800193548,0,14996.94194,13609.26129,44.687,46.12093548,45.437,44.883,44.44106452,1037.960323,462.0109677,0,1785344944,0,1785341596,11:13:15,1785341596,1785341584,2,1.588,0.087,-39.443,-3.736,378,11,0.32,0.08,-8.33823325,4.204772645,0.572338263,0,2.781841176,-0.063281894,0.224126936,1,2.78765625,0.355624053,0.102361204,0,1,3,1/3,2.98375,2.76496,0.0985959,0.0927086,0.0907934,0.0628958,27902.1,18674.4,31726.3,22418.1,38853.9,28575.5,45567.4,32814.8,1.72598,2.6664,0.145718,0,29.4198,999.9,48.1,32.5,23.4952,61.3593,-100,3,0.219698,0,20.3086,5.21684,12.029,4.9597,3.301,7707.5,9999,9999,135.2,4.97288,1.87531,1.88154,1.88102,1.87872,1.87442,1.87453,1.87683,0,0,0,0,11111111,oooooooo,on,on,on,on,0,100,100,-39.444,-3.7365,-39.44328571,0,0,0,-3.73643,0,0,0,-1,-1,-1,-1,56.7,56.9,0.15625,4.99878,2.89795,2.90283,2.99805,2.323,35.3133,15.0952,2,431.749,1356.14,30.6481,30.2221,30.0005,29.9399,29.794,-1,40,10,-999.9,400,20,99.7041,86.1834
68,1785345117,8357.6,20260729 12:11:56,12:11:56,15,1785345109,0.001724553,1.724552956,4.96439118,371.5620968,197.7056481,19.89969731,37.39889743,0.050615704,2.939235055,0.050136411,0.031377941,266.1501362,33.01045576,32.02031613,4.780576867,30.02003744,1.42511783,4.747222026,3.355459037,-76.05278538,-19.59588421,-1.511346105,168.9901205,6.996599654,1.709477853,4.96439118,390.2775474,379.7398909,0.471707622,66.78996432,1.724552956,11.97732675,14.29322121,0.026715169,78.43,0,0,1,0,52315.75737,1500,1273.860174,0.849240116,0.177433424,6,0.5,0: Broadleaf,2,TRUE,1785345109,371.5620968,382.8813226,14.1587,11.65915161,411.0052903,17.89513548,404.5388065,100.5531613,0.099994006,31.89665161,32.02031613,999.9,0,0,9999.999355,0,55.90422903,-11.31925226,376.8985484,387.3985806,2.499540645,382.8813226,11.65915161,1.423701935,1.172364516,12.17237742,9.252436129,1500,0.691995387,0.308004613,0,2.700780645,0,14196.39677,13609.54516,44.679,46.062,45.425,44.70732258,44.375,1037.994194,462.0058065,0,1785345064,0,1785341596,11:13:15,1785341596,1785341584,2,1.588,0.087,-39.443,-3.736,378,11,0.32,0.08,-10.1517595,-23.95093261,2.607067142,0,2.734938235,-0.399078682,0.27825008,1,2.576033,-1.885533884,0.200105234,0,1,3,1/3,2.98272,2.76459,0.100075,0.0948981,0.0941119,0.0697186,27851.9,18612.6,31721.8,22398.2,38704.9,28335.2,45560.1,32777.7,1.72253,2.66723,0.140902,0,29.7434,999.9,50.8,32.5,24.8149,61.6593,-100,3,0.22846,0,20.3087,5.21699,12.029,4.9597,3.301,7707.5,9999,9999,135.3,4.97296,1.87531,1.88154,1.88104,1.87876,1.8744,1.87453,1.87683,0,0,0,0,11111111,oooooooo,on,on,on,on,0,100,100,-39.443,-3.7365,-39.44328571,0,0,0,-3.73643,0,0,0,-1,-1,-1,-1,58.7,58.9,0.15625,4.99878,2.89795,2.90405,2.99805,2.31689,35.3827,15.0777,2,430.462,1359.88,30.6909,30.3191,30.0006,30.0481,29.908,-1,40,10,-999.9,400,20,99.6886,86.0944
69,1785345237,8477.6,20260729 12:13:56,12:13:56,15,1785345229,0.001937758,1.937757652,4.491048835,387.7479032,245.4796421,24.7081651,39.027836,0.057945824,2.939111302,0.057318558,0.03587989,266.1490443,33.03513861,32.08812258,4.798952104,31.51218654,1.502728436,4.768721568,3.296223668,-85.45511247,-17.69515214,-1.365799398,161.6329803,4.758483913,1.927344904,4.491048835,400.3555268,393.8923515,-0.044461212,66.78516123,1.937757652,11.95161277,14.87154424,-0.010860814,78.43,0,0,1,0,52298.52469,1500.001935,1273.861074,0.84923962,0.177432467,6,0.5,0: Broadleaf,2,TRUE,1785345229,387.7479032,395.9284839,14.92985161,12.10893871,427.1913548,18.66628065,403.8203226,100.5526129,0.099990684,31.97644839,32.08812258,999.9,0,0,9999.349677,0,33.98868387,-8.180461935,393.6247097,400.7816452,2.820913226,395.9284839,12.10893871,1.501235161,1.217584194,12.98072258,9.817584516,1500.001935,0.692012097,0.307987903,0,2.728106452,0,13933.24516,13609.64194,44.812,46.19106452,45.538,44.875,44.5,1038.020323,461.9816129,0,1785345184,0,1785341596,11:13:15,1785341596,1785341584,2,1.588,0.087,-39.443,-3.736,378,11,0.32,0.08,-8.932688,19.17626409,1.96326175,0,2.718523529,0.586789919,0.185296791,1,2.77531575,1.298666679,0.127073951,0,1,3,1/3,2.9824,2.76478,0.102522,0.0961637,0.096164,0.0691698,27771.9,18584.3,31717.2,22395.8,38610.6,28349.2,45552.9,32774.6,1.72123,2.66577,0.13769,0,29.8432,999.9,51.7,32.6,25.3991,61.6293,-100,3,0.236344,0,20.3085,5.21669,12.0291,4.9596,3.301,7707.5,9999,9999,135.3,4.97295,1.87531,1.88155,1.88102,1.87878,1.87445,1.8745,1.87683,0,0,0,0,11111111,oooooooo,on,on,on,on,0,100,100,-39.443,-3.7364,-39.44328571,0,0,0,-3.73643,0,0,0,-1,-1,-1,-1,60.7,60.9,0.15625,4.99878,2.89795,2.90161,2.99805,2.27905,35.4754,15.0514,2,430.364,1359.97,30.7887,30.4271,30.0002,30.151,30.0039,-1,40,10,-999.9,400,20,99.6735,86.0859
70,1785345357,8597.6,20260729 12:15:56,12:15:56,15,1785345349,0.001866259,1.866259401,4.176651933,398.5617419,259.3576223,26.10603259,40.11783317,0.05555714,2.9396233,0.054980345,0.034414039,266.1519307,33.10897763,32.1447,4.814331349,31.45831961,1.50488493,4.78374226,3.309446419,-82.30203957,-17.85876056,-1.378947577,164.612183,9.451576412,1.727834245,4.176651933,422.8113303,411.1517515,0.820985439,66.78516123,1.866259401,12.47750639,15.06073152,0.019065628,78.43,0,0,1,0,52303.69456,1500.003871,1273.864035,0.849240499,0.177434163,6,0.5,0: Broadleaf,2,TRUE,1785345349,398.5617419,413.6213871,14.95069677,12.4229871,438.0050323,18.6871129,404.0025484,100.5565161,0.099991887,32.0320129,32.1447,999.9,0,0,10001.87516,0,41.29995484,-15.05966645,404.6112258,418.8250323,2.527705806,413.6213871,12.4229871,1.503388387,1.249211935,13.00257742,10.2008029,1500.003871,0.691983548,0.308016452,0,2.701332258,0,13972.24839,13609.53548,44.937,46.25,45.641,44.879,44.625,1037.977742,462.026129,0,1785345304,0,1785341596,11:13:15,1785341596,1785341584,2,1.588,0.087,-39.443,-3.736,378,11,0.32,0.08,-13.822999,-14.00162522,5.274992223,0,2.716494118,0.049799848,0.235680092,1,2.588521,-1.017619137,0.14180955,0,1,3,1/3,2.98277,2.76482,0.105597,0.0997853,0.0969042,0.0715326,27678.5,18505.6,31719.4,22390.7,38581.8,28268.7,45556.3,32764.7,1.72165,2.66752,0.149284,0,29.7303,999.9,52.7,32.6,25.8869,61.4193,-100,3,0.235407,0,20.3084,5.21699,12.0296,4.95985,3.301,7707.5,9999,9999,135.3,4.97298,1.87531,1.88154,1.88102,1.87875,1.8744,1.87445,1.87683,0,0,0,0,11111111,oooooooo,on,on,on,on,0,100,100,-39.443,-3.7364,-39.44328571,0,0,0,-3.73643,0,0,0,-1,-1,-1,-1,62.7,62.9,0.15625,4.99878,2.89795,2.90283,2.99805,2.27783,35.4986,15.0251,2,430.782,1363.14,30.8302,30.441,29.9999,30.1792,30.0324,-1,40,10,-999.9,400,20,99.6807,86.0625
71,1785345477,8717.6,20260729 12:17:56,12:17:56,15,1785345469,0.001722688,1.722687515,4.584809914,386.6672581,225.0997131,22.66077062,38.92576281,0.05103946,2.939140971,0.050552134,0.03163848,266.1536548,33.13454928,32.08642581,4.798491537,30.84999448,1.474806892,4.780574249,3.323684645,-75.9705194,-10.47694026,-0.808821577,178.8973736,2.701389395,1.865173945,4.584809914,398.2159143,391.0453515,0.040395541,66.78516123,1.722687515,12.10206496,14.61435697,0.001805325,78.43,0,0,1,0,52292.21882,1500.019355,1273.876655,0.849240145,0.17743348,6,0.5,0: Broadleaf,2,TRUE,1785345469,386.6672581,391.7607097,14.64992581,11.91486452,426.1104194,18.38636774,403.1754516,100.5699032,0.100019026,32.02030645,32.08642581,999.9,0,0,9997.799355,0,89.94343871,-5.093592258,392.4160323,396.4849355,2.735077419,391.7607097,11.91486452,1.473340968,1.198276452,12.69419677,9.579413226,1500.019355,0.691995323,0.308004677,0,2.658612903,0,14542.95484,13609.72903,44.99593548,46.312,45.687,44.98780645,44.687,1038.006129,462.0132258,0,1785345424,0,1785341596,11:13:15,1785341596,1785341584,2,1.588,0.087,-39.443,-3.736,378,11,0.32,0.08,-4.48282675,-19.26697114,2.505673791,0,2.684688235,-1.066719637,0.251069993,0,2.77964725,-1.179139925,0.145183575,0,0,3,0/3,2.98153,2.76458,0.102064,0.0964905,0.0952663,0.0704902,27792,18578.1,31723.9,22396.3,38657.8,28308.2,45563.1,32773.7,1.71977,2.66392,0.146601,0,29.7031,999.9,51.8,32.7,25.586,61.5393,-100,3,0.23048,0,20.3083,5.21744,12.0285,4.95965,3.301,7707.5,9999,9999,135.4,4.9729,1.87531,1.88154,1.88101,1.8787,1.87439,1.87444,1.87683,0,0,0,0,11111111,oooooooo,on,on,on,on,0,100,100,-39.444,-3.7364,-39.44328571,0,0,0,-3.73643,0,0,0,-1,-1,-1,-1,64.7,64.9,0.15625,4.99878,2.89795,2.90283,2.99805,2.25342,35.4986,14.9989,2,429.568,1357.58,30.8549,30.3988,29.9999,30.1557,30.0194,-1,40,10,-999.9,400,20,99.6952,86.0853
72,1785345597,8837.6,20260729 12:19:56,12:19:56,15,1785345589,0.00177807,1.778069593,4.909091129,372.017871,202.1866145,20.35437555,37.45149735,0.051483586,2.9395619,0.050987856,0.031911552,266.149367,33.08367759,32.05543871,4.790087264,29.07617822,1.387145981,4.770730083,3.402941283,-78.41286904,-11.33933226,-0.87498296,175.5221828,2.79391962,1.989211642,4.909091129,381.6600732,375.3136424,-0.156315898,66.78516123,1.778069593,10.86472164,13.61910727,-0.019443463,78.43,0,0,1,0,52310.50867,1499.990968,1273.852935,0.849240404,0.17743398,6,0.5,0: Broadleaf,2,TRUE,1785345589,372.017871,377.2663226,13.77897097,10.86539032,411.4612581,17.51540645,403.9982258,100.5712581,0.099973813,31.9838871,32.05543871,999.9,0,0,10000.05968,0,51.04381935,-5.248352581,377.2158065,381.4105161,2.913578065,377.2663226,10.86539032,1.385769355,1.092746774,11.76241613,8.214958387,1499.990968,0.691986581,0.308013419,0,2.720496774,0,13906.09355,13609.43548,44.937,46.25,45.643,44.893,44.625,1037.973548,462.0174194,0,1785345544,0,1785341596,11:13:15,1785341596,1785341584,2,1.588,0.087,-39.443,-3.736,378,11,0.32,0.08,-5.5048505,0.850837373,1.199477191,0,2.659126471,0.576860197,0.242808528,1,2.9022085,0.104319174,0.092565122,0,1,3,1/3,2.98199,2.76482,0.0992561,0.093127,0.09147,0.0650242,27879.5,18660.8,31724.4,22412.4,38821.8,28500.7,45563.9,32803.6,1.72152,2.66747,0.148334,0,29.6108,999.9,48.8,32.7,24.104,61.6294,-100,3,0.228125,0,20.3087,5.21774,12.029,4.9597,3.301,7707.5,9999,9999,135.4,4.97292,1.87531,1.88156,1.881,1.87874,1.8744,1.87452,1.87683,0,0,0,0,11111111,oooooooo,on,on,on,on,0,100,100,-39.444,-3.7364,-39.44328571,0,0,0,-3.73643,0,0,0,-1,-1,-1,-1,66.7,66.9,0.15625,4.99878,2.89795,2.90161,2.99805,2.30713,35.4986,14.9901,2,430.418,1362.52,30.8028,30.3547,30.0002,30.1322,30.0065,-1,40,10,-999.9,400,20,99.6971,86.1572
73,1785345717,8957.6,20260729 12:21:56,12:21:56,15,1785345709,0.001671596,1.671595638,4.67800468,381.9703871,213.6246192,21.50620612,38.45405979,0.049586664,2.938995336,0.049126528,0.030745066,266.1503352,33.00741659,31.92389355,4.754552279,30.24259087,1.434315456,4.742700326,3.320236824,-73.71736762,-6.981895523,-0.538227502,184.9128445,6.429729416,1.720867797,4.67800468,399.0779109,389.5958,0.372982051,66.78516123,1.671595638,11.90928091,14.27830485,0.010369152,78.43,0,0,1,0,52312.21742,1499.995161,1273.856613,0.849240481,0.177434129,6,0.5,0: Broadleaf,2,TRUE,1785345709,381.9703871,392.5034194,14.2472871,11.72610968,421.4135484,17.98372903,403.7042581,100.572871,0.100011235,31.87982903,31.92389355,999.9,0,0,9996.675806,0,57.21768387,-10.53305484,387.4911613,397.161,2.521177742,392.5034194,11.72610968,1.43289129,1.179328387,12.27023871,9.342082258,1499.995161,0.691984,0.308016,0,2.723167742,0,13909.96452,13609.46452,44.937,46.187,45.637,44.812,44.625,1037.972581,462.0225806,0,1785345664,0,1785341596,11:13:15,1785341596,1785341584,2,1.588,0.087,-39.443,-3.736,378,11,0.32,0.08,-9.296474146,-26.49140634,2.745346954,0,2.721352941,0.314450727,0.20491201,1,2.559281463,-1.218177909,0.153299113,0,1,3,1/3,2.98195,2.76459,0.101886,0.0975194,0.0940225,0.0695755,27800.6,18562.3,31727.2,22402.6,38715.9,28344.8,45568.4,32783.7,1.7211,2.67482,0.148468,0,29.492,999.9,50.8,32.7,25.0923,61.4494,-100,3,0.225577,0,20.3089,5.21759,12.0287,4.9597,3.301,7707.5,9999,9999,135.4,4.9729,1.87531,1.88156,1.88097,1.87871,1.8744,1.87451,1.87682,0,0,0,0,11111111,oooooooo,on,on,on,on,0,100,100,-39.443,-3.7364,-39.44328571,0,0,0,-3.73643,0,0,0,-1,-1,-1,-1,68.7,68.9,0.15625,4.99878,2.89795,2.90283,2.99805,2.32056,35.4523,14.9726,2,430.046,1372.84,30.7379,30.325,29.9999,30.1113,29.984,-1,40,10,-999.9,400,20,99.7064,86.1107
74,1785345837,9077.6,20260729 12:23:56,12:23:56,15,1785345829,0.001810704,1.810704348,4.63364687,374.5189355,218.3850571,21.9842209,37.70178747,0.053442483,2.939880973,0.05290858,0.033115387,266.1515334,32.8459642,31.79547742,4.720084155,29.28970816,1.379292835,4.709138197,3.34079132,-79.85206174,-6.490620277,-0.499580745,179.3092707,0.415521122,2.030581522,4.63364687,379.7977473,375.588,-0.417967503,66.78516123,1.810704348,10.70571976,13.51217939,-0.020420537,78.43,0,0,1,0,52358.90936,1500.002903,1273.863097,0.849240421,0.177434012,6,0.5,0: Broadleaf,2,TRUE,1785345829,374.5189355,376.2632258,13.70150645,10.73096452,413.9622903,17.43793226,404.5240645,100.5672581,0.099981684,31.75452581,31.79547742,999.9,0,0,10002.27323,0,83.98570323,-1.744386283,379.722129,380.3448387,2.970544839,376.2632258,10.73096452,1.377923226,1.079183871,11.67621613,8.031599355,1500.002903,0.691985645,0.308014355,0,2.720558065,0,14138.05161,13609.55484,44.94716129,46.125,45.625,44.798,44.62093548,1037.980968,462.0219355,0,1785345784,0,1785341596,11:13:15,1785341596,1785341584,2,1.588,0.087,-39.443,-3.736,378,11,0.32,0.08,-1.267512019,-12.63033534,1.449438246,0,2.699917647,0.17429183,0.274420749,1,3.02141575,-1.073445591,0.109324283,0,1,3,1/3,2.98285,2.76484,0.0993116,0.0927561,0.0910584,0.0639609,27884.9,18674.8,31732.1,22419.8,38849.5,28543.3,45575.6,32815.2,1.7243,2.67097,0.150878,0,29.3299,999.9,48.4,32.7,23.9079,61.4494,-100,3,0.217228,0,20.3088,5.21744,12.03,4.9593,3.301,7707.5,9999,9999,135.5,4.97292,1.87531,1.88156,1.88099,1.87873,1.87442,1.8745,1.87683,0,0,0,0,11111111,oooooooo,on,on,on,on,0,100,100,-39.444,-3.7364,-39.44328571,0,0,0,-3.73643,0,0,0,-1,-1,-1,-1,70.7,70.9,0.15625,4.99878,2.89795,2.90283,2.99805,2.33154,35.3827,14.9551,2,431.393,1365.57,30.6454,30.2373,29.9997,30.0353,29.9135,-1,40,10,-999.9,400,20,99.722,86.1867
75,1785345957,9197.6,20260729 12:25:56,12:25:56,15,1785345949,0.001772167,1.77216723,4.580891945,370.2230323,210.0926551,21.14753268,37.26595615,0.051332222,2.938956213,0.050839288,0.031818449,266.1452254,32.95468069,31.90724839,4.750072234,28.45698771,1.347585647,4.735517548,3.402486587,-78.15257485,-8.583119381,-0.66153184,178.7479993,3.940848968,1.832238851,4.580891945,381.2364368,374.5969333,-0.036117683,66.78516123,1.77216723,10.75865397,13.34949697,0.000740911,78.43,0,0,1,0,52315.37704,1499.97871,1273.841506,0.849239725,0.177432669,6,0.5,0: Broadleaf,2,TRUE,1785345949,370.2230323,377.0825484,13.38774839,10.70329032,409.6663548,17.12416774,404.0389355,100.5580968,0.100027935,31.85307742,31.90724839,999.9,0,0,9997.921935,0,102.9864161,-6.859433548,375.2467742,381.1622258,2.684454516,377.0825484,10.70329032,1.346245161,1.076300645,11.32523871,7.992087742,1499.97871,0.692008129,0.307991871,0,2.4802,0,14765.49355,13609.42258,44.909,46.125,45.60670968,44.75,44.562,1037.999032,461.9796774,0,1785345904,0,1785341596,11:13:15,1785341596,1785341584,2,1.588,0.087,-39.443,-3.736,378,11,0.32,0.08,-7.164526829,2.1080377,0.873020495,0,2.514747059,-0.559865547,0.168722878,1,2.71148561,-0.874416376,0.107221726,0,1,3,1/3,2.98261,2.76469,0.0991757,0.0933194,0.0904709,0.0641533,27893.2,18665.9,31736.4,22422.7,38879.9,28540.9,45581.7,32819,1.7244,2.67378,0.151429,0,29.4417,999.9,48,32.7,23.7114,61.4194,-100,3,0.211067,0,20.3088,5.21789,12.0293,4.9597,3.301,7707.5,9999,9999,135.5,4.97295,1.87531,1.88156,1.88104,1.87873,1.8744,1.87452,1.87682,0,0,0,0,11111111,oooooooo,on,on,on,on,0,100,100,-39.443,-3.7364,-39.44328571,0,0,0,-3.73643,0,0,0,-1,-1,-1,-1,72.7,72.9,0.15625,4.99878,2.89795,2.90161,2.99805,2.29614,35.3365,14.9376,2,431.047,1368.42,30.6424,30.1575,30,29.971,29.8574,-1,40,10,-999.9,400,20,99.7354,86.1971
76,1785346077,9317.6,20260729 12:27:56,12:27:56,15,1785346069,0.001765557,1.765556938,4.439464519,379.579871,223.6714863,22.51477518,38.20851553,0.051449316,2.940120641,0.050954336,0.031890535,266.1485637,33.15965415,32.18519355,4.825364895,30.18842538,1.446170422,4.790479808,3.379194473,-77.86106096,-20.33757132,-1.570585683,166.3793458,2.599063389,1.754451856,4.439464519,387.6834531,383.0978727,-0.319629986,66.78516123,1.765556938,11.7687616,14.36324848,-0.000746928,78.43,0,0,1,0,52313.70113,1500.002903,1273.861558,0.849239395,0.177432032,6,0.5,0: Broadleaf,2,TRUE,1785346069,379.579871,384.4369355,14.36688065,11.79444194,419.0232903,18.10330968,403.3322581,100.5600645,0.099950542,32.0568871,32.18519355,999.9,0,0,10004.3529,0,169.7471613,-4.857030323,385.1127742,389.0253871,2.572436452,384.4369355,11.79444194,1.444735484,1.186051613,12.39548387,9.42751129,1500.002903,0.692019645,0.307980355,0,2.615590323,0,15117.04194,13609.67419,45,46.49187097,45.73374194,44.99187097,44.683,1038.032258,461.9706452,0,1785346024,0,1785341596,11:13:15,1785341596,1785341584,2,1.588,0.087,-39.443,-3.736,378,11,0.32,0.08,-6.1507495,19.79839475,2.223339919,0,2.59155,0.709587484,0.258407512,1,2.508496,1.113482251,0.115391217,0,1,3,1/3,2.98171,2.76476,0.100653,0.0943845,0.0943397,0.0690498,27845.7,18632.2,31734.4,22408.6,38711.4,28368.7,45579.4,32792.6,1.722,2.6713,0.143513,0,29.8679,999.9,50.5,32.7,24.9443,61.5394,-100,3,0.213128,0,20.3088,5.21774,12.0288,4.9597,3.301,7707.5,9999,9999,135.5,4.97302,1.87531,1.88155,1.88103,1.87877,1.8744,1.87452,1.87681,0,0,0,0,11111111,oooooooo,on,on,on,on,0,100,100,-39.443,-3.7364,-39.44328571,0,0,0,-3.73643,0,0,0,-1,-1,-1,-1,74.7,74.9,0.15625,4.99878,2.89795,2.90283,2.99805,2.31201,35.3596,14.9026,2,429.698,1364.86,30.7685,30.1679,30.0002,29.9736,29.8617,-1,40,10,-999.9,400,20,99.7299,86.1339
77,1785346704,9945,20260729 12:38:24,12:38:24,15,1785346696,0.001683557,1.683557226,5.212012602,379.147871,194.8767988,19.62031841,38.17284562,0.04984952,2.938741177,0.049384478,0.030906719,266.1493735,33.05534408,31.96118065,4.764601455,30.23377353,1.438043165,4.7564131,3.326558291,-74.24487366,-4.812798266,-0.371207137,186.7204945,10.78957031,1.501521052,5.212012602,407.3532165,392.0969697,1.145926425,66.78800986,1.683557226,12.23312202,14.50648788,0.023004216,78.43,0,0,1,0,52296.38104,1499.995806,1273.856603,0.84924011,0.177433412,6,0.5,0: Broadleaf,2,TRUE,1785346696,379.147871,395.917129,14.28321613,12.09816129,419.5131935,18.11061613,406.4175806,100.5806452,0.099982474,31.93080323,31.96118065,999.9,0,0,9994.457419,0,43.42618387,-16.76932581,384.6423548,400.7660645,2.185056774,395.917129,12.09816129,1.436614194,1.216839677,12.3089871,9.80885,1499.995806,0.691997065,0.308002935,0,2.554164516,0,20097.20968,13609.50968,44.5,46,45.312,44.62093548,44.25,1037.991613,462.0041935,0,1785346651,0,1785346520,12:35:19,1785346508,1785346520,3,-0.922,-0.091,-40.365,-3.827,400,12,0.41,0.28,-16.9604975,-1.743673171,2.349514682,0,2.544432353,0.089755534,0.213778516,1,2.11799475,1.423031482,0.150957216,0,1,3,1/3,2.98494,2.76479,0.102655,0.0977514,0.0953578,0.0712202,27803.5,18566.2,31755.6,22411.5,38696.8,28302.6,45614.1,32792.1,1.72145,2.67847,0.150595,0,29.5135,999.9,51.1,32.7,25.2376,61.8295,-100,3,0.18671,0,20.3089,5.21639,12.0287,4.9596,3.301,7707.5,9999,9999,135.7,4.97297,1.87531,1.88156,1.88099,1.87869,1.8744,1.87449,1.87683,0,0,0,0,11111111,oooooooo,on,on,on,on,0,100,100,-40.365,-3.8274,-40.36547619,0,0,0,-3.827395238,0,0,0,-1,-1,-1,-1,3.3,3.1,0.15625,4.99878,2.89795,2.90161,2.99805,2.2998,35.1516,14.7887,2,427.634,1369.17,30.7578,29.8722,30.0001,29.6928,29.5851,-1,40,10,-999.9,400,20,99.8019,86.1377
78,1785346837,10077.5,20260729 12:40:36,12:40:36,15,1785346829,0.002227581,2.227580703,3.819869868,376.3786333,266.5408607,26.83634534,37.8952291,0.066788352,2.939718137,0.06595669,0.04129679,266.1432433,32.94014614,31.9958,4.773948201,31.05184977,1.479109048,4.763352454,3.294839153,-98.236309,-6.220578805,-0.479771067,161.2065844,-2.389195165,2.57630866,3.819869868,375.195487,375.4856,-0.919310216,66.78800986,2.227580703,10.29132058,14.21208909,-0.0863289,78.43,0,0,1,0,52319.92416,1499.962667,1273.82833,0.849240023,0.177433245,6,0.5,0: Broadleaf,2,TRUE,1785346829,376.3786333,374.2731333,14.69063667,10.92549,416.7441,18.51802333,404.5198667,100.5837333,0.100061497,31.95655,31.9958,999.9,0,0,9999.708333,0,20.28568667,2.105588533,381.9911667,378.4094667,3.765130667,374.2731333,10.92549,1.477638333,1.098928,12.73709333,8.281801667,1499.962667,0.691998967,0.308001033,0,2.66792,0,19488.38333,13609.22667,44.5434,46.03513333,45.312,44.625,44.25,1037.973,461.9896667,0,1785346784,0,1785346520,12:35:19,1785346508,1785346520,3,-0.922,-0.091,-40.365,-3.827,400,12,0.41,0.28,2.283724607,-3.297615419,1.127617902,0,2.613467647,0.462012218,0.214194817,1,3.63686439,2.836987317,0.338062039,0,1,3,1/3,2.98391,2.76496,0.0994902,0.091795,0.0940442,0.0618925,27894.8,18708.8,31748,22435.7,38739.9,28629.7,45598.2,32841.3,1.72097,2.6768,0.14966,0,29.5423,999.9,48.7,32.7,24.0511,61.5896,-100,3,0.189243,0,20.3085,5.21774,12.0287,4.95975,3.301,7707.5,9999,9999,135.8,4.97296,1.87531,1.88154,1.88101,1.87872,1.87439,1.87451,1.87683,0,0,0,0,11111111,oooooooo,on,on,on,on,0,100,100,-40.366,-3.8274,-40.36547619,0,0,0,-3.827395238,0,0,0,-1,-1,-1,-1,5.5,5.3,0.15625,4.99878,2.89795,2.90161,2.99805,2.28394,35.1516,14.7887,2,427.324,1366.45,30.7871,29.8934,30.0005,29.6852,29.575,-1,40,10,-999.9,400,20,99.7717,86.2522
79,1785346957,10197.5,20260729 12:42:36,12:42:36,15,1785346949,0.001453407,1.453406575,3.631774916,362.9064839,199.2948883,20.06485497,36.53714367,0.039765424,2.94092434,0.039469114,0.024694634,266.1480793,33.15593555,32.16623548,4.820196528,25.67431228,1.224082055,4.767730647,3.596114473,-64.09522996,-30.67299146,-2.36690012,169.0129577,4.548843055,1.287273081,3.631774916,373.7780102,368.2289273,0.014282036,66.78800986,1.453406575,10.06988531,12.19853636,0.000748837,78.43,0,0,1,0,52351.48866,1499.993548,1273.854223,0.849239801,0.177432816,6,0.5,0: Broadleaf,2,TRUE,1785346949,362.9064839,370.3637742,12.15823871,10.26771839,403.2719677,15.98563871,403.5784516,100.5792258,0.099999542,31.97277742,32.16623548,999.9,0,0,10007.02161,0,25.53582258,-7.457283226,367.3731613,374.2061935,1.89051129,370.3637742,10.26771839,1.222865806,1.032718806,9.882767742,7.384384839,1499.993548,0.692006323,0.307993677,0,2.561270968,0,19456.8129,13609.53871,44.562,45.875,45.254,44.562,44.25,1038.005484,461.9880645,0,1785346904,0,1785346520,12:35:19,1785346508,1785346520,3,-0.922,-0.091,-40.365,-3.827,400,12,0.41,0.28,-7.6221885,5.712757598,1.145252784,0,2.527661765,0.307534001,0.301896292,1,1.95571875,-0.549135872,0.229478956,0,1,3,1/3,2.98221,2.76473,0.0983268,0.0918954,0.0863623,0.0600308,27924.3,18709.4,31741.1,22439.2,39062.3,28693.6,45588.3,32849.6,1.7147,2.67695,0.148073,0,29.7871,999.9,46.1,32.7,22.7675,61.4396,-100,3,0.200521,0,20.3085,5.21699,12.0281,4.95975,3.301,7707.5,9999,9999,135.8,4.97294,1.87529,1.88152,1.88095,1.87867,1.87439,1.87447,1.87682,0,0,0,0,11111111,oooooooo,on,on,on,on,0,100,100,-40.366,-3.8274,-40.36547619,0,0,0,-3.827395238,0,0,0,-1,-1,-1,-1,7.5,7.3,0.15625,4.99878,2.89795,2.90039,2.99805,2.27173,35.1286,14.7625,2,424.225,1368.01,30.7784,29.9805,30.0006,29.7561,29.6335,-1,40,10,-999.9,400,20,99.7501,86.2707
80,1785347077,10317.5,20260729 12:44:36,12:44:36,15,1785347069,0.001272863,1.272862571,3.37213562,366.4175161,194.5500712,19.58824022,36.89268415,0.034912566,2.940075671,0.034683875,0.021697844,266.1518124,33.24934706,32.29861935,4.85638804,26.64786044,1.273844941,4.78028975,3.582543099,-56.13323939,-44.28077308,-3.420946368,162.3168536,3.852989638,0.998685764,3.37213562,376.5258532,371.5084667,-0.009693607,66.78267528,1.272862571,10.95429102,12.76751333,0.007649048,78.43,0,0,1,0,52319.39924,1500.012258,1273.870326,0.849239944,0.177433092,6,0.5,0: Broadleaf,2,TRUE,1785347069,366.4175161,372.7034839,12.65180645,11.18264516,406.783129,16.47920323,402.6993871,100.5848387,0.099988094,32.01925484,32.29861935,999.9,0,0,10001.6329,0,35.64061613,-6.285910645,371.1129355,376.9185806,1.469151935,372.7034839,11.18264516,1.27258,1.124805161,10.4783871,8.64057,1500.012258,0.692001258,0.307998742,0,2.537106452,0,19363.18065,13609.68065,44.62093548,45.8506129,45.25,44.625,44.312,1038.01129,462.0009677,0,1785347024,0,1785346520,12:35:19,1785346508,1785346520,3,-0.922,-0.091,-40.365,-3.827,400,12,0.41,0.28,-5.991322,-1.257609456,0.986670425,0,2.578164706,-0.299202444,0.222673537,1,1.52408325,0.161837336,0.245025461,0,1,3,1/3,2.98132,2.76474,0.0988676,0.0924263,0.0885972,0.0652642,27899.2,18683.6,31732.2,22421.7,38955.1,28505.8,45575.4,32817.6,1.71102,2.67003,0.139326,0,30.034,999.9,48.4,32.7,23.9027,61.3196,-100,3,0.214522,0,20.3088,5.21729,12.0294,4.95975,3.301,7707.5,9999,9999,135.8,4.97293,1.87529,1.88154,1.88095,1.87867,1.87439,1.87448,1.8768,0,0,0,0,11111111,oooooooo,on,on,on,on,0,100,100,-40.366,-3.8274,-40.36547619,0,0,0,-3.827395238,0,0,0,-1,-1,-1,-1,9.5,9.3,0.15625,4.99878,2.89795,2.90161,2.99805,2.229,35.1286,14.7274,2,422.905,1360.28,30.8273,30.1286,30.0007,29.8771,29.742,-1,40,10,-999.9,400,20,99.7219,86.1934
81,1785347197,10437.5,20260729 12:46:36,12:46:36,15,1785347189,0.001243298,1.243298281,3.40895251,366.8205161,191.6294254,19.29491203,36.93467,0.034495528,2.939890934,0.034272235,0.021440088,266.1507418,33.18690088,32.23454194,4.83884093,27.24971528,1.297448546,4.761328816,3.541392384,-54.82945417,-45.24992543,-3.493731534,162.5776307,4.318626713,1.135712705,3.40895251,378.3425593,372.4553879,0.113292286,66.78267528,1.243298281,11.20746152,12.95412909,0.010795481,78.43,0,0,1,0,52326.25047,1500.00871,1273.867084,0.849239792,0.177432798,6,0.5,0: Broadleaf,2,TRUE,1785347189,366.8205161,373.8821935,12.88574516,11.21387419,407.1860323,16.71314194,402.3318387,100.5886452,0.100025129,31.94904516,32.23454194,999.9,0,0,10000.20323,0,22.16384194,-7.061706452,371.6090323,378.1225161,1.671858387,373.8821935,11.21387419,1.296158387,1.127988387,10.7543129,8.683547419,1500.00871,0.692006355,0.307993645,0,2.522593548,0,18463.44516,13609.68387,44.562,45.665,45.145,44.5,44.25,1038.016452,461.9922581,0,1785347144,0,1785346520,12:35:19,1785346508,1785346520,3,-0.922,-0.091,-40.365,-3.827,400,12,0.41,0.28,-7.033392195,-0.522079233,0.286896184,0,2.49125,0.14961803,0.19216204,1,1.684700488,-0.197983693,0.056229189,0,1,3,1/3,2.98137,2.76473,0.0990142,0.0928766,0.0893239,0.0664978,27886.2,18667.5,31723.4,22414.1,38912.3,28457.5,45561.8,32805.5,1.70955,2.67097,0.13303,0,30.0703,999.9,48.9,32.7,24.149,61.7396,-100,3,0.229629,0,20.3086,5.21744,12.0297,4.95975,3.301,7707.5,9999,9999,135.9,4.97298,1.87531,1.88155,1.88097,1.87871,1.87439,1.87451,1.8768,0,0,0,0,11111111,oooooooo,on,on,on,on,0,100,100,-40.366,-3.8274,-40.36547619,0,0,0,-3.827395238,0,0,0,-1,-1,-1,-1,11.5,11.3,0.15625,4.99878,2.89795,2.90161,2.99805,2.28149,35.1286,14.7012,2,422.965,1364.66,30.8039,30.2972,30.0006,30.0221,29.8741,-1,40,10,-999.9,400,20,99.693,86.1628
82,1785347317,10557.5,20260729 12:48:36,12:48:36,15,1785347309,0.001396781,1.396781419,3.539275331,369.4857097,205.2486168,20.66431893,37.19961997,0.038629876,2.939541738,0.038350052,0.023993754,266.1509015,33.1124892,32.18570323,4.82550391,26.71687206,1.269564683,4.751921109,3.555939227,-61.59806058,-43.03968148,-3.322105502,158.1910539,2.840700154,1.395494993,3.539275331,376.9438928,373.166503,-0.235619552,66.78267528,1.396781419,10.41526867,12.55060848,-0.010596485,78.43,0,0,1,0,52322.07634,1499.99871,1273.859594,0.84924046,0.177434087,6,0.5,0: Broadleaf,2,TRUE,1785347309,369.4857097,374.4829032,12.60996774,10.55842581,409.8510968,16.43736129,402.9840645,100.5794516,0.100003635,31.91411935,32.18570323,999.9,0,0,9999.130323,0,20.64194194,-4.997236452,374.2043871,378.4791613,2.051546452,374.4829032,10.55842581,1.268305484,1.061960323,10.42837742,7.794584194,1499.99871,0.691984839,0.308015161,0,2.556841935,0,18231.46129,13609.49355,44.5,45.49796774,45.05,44.33232258,44.187,1037.976129,462.0225806,0,1785347264,0,1785346520,12:35:19,1785346508,1785346520,3,-0.922,-0.091,-40.365,-3.827,400,12,0.41,0.28,-5.543002,13.67609066,1.405388868,0,2.600385294,-0.160239879,0.210616214,1,2.01304875,0.870915985,0.092272284,0,1,3,1/3,2.98135,2.76476,0.099096,0.0921259,0.0876804,0.0619258,27880.7,18690.4,31720.6,22423.5,38978.9,28613.3,45557,32824.6,1.7094,2.66655,0.135116,0,29.9897,999.9,47.1,32.6,23.132,61.7096,-100,3,0.238008,0,20.3086,5.21714,12.0299,4.95975,3.301,7707.5,9999,9999,135.9,4.97296,1.8753,1.88153,1.88099,1.87868,1.87439,1.87453,1.87682,0,0,0,0,11111111,oooooooo,on,on,on,on,0,100,100,-40.365,-3.8274,-40.36547619,0,0,0,-3.827395238,0,0,0,-1,-1,-1,-1,13.5,13.3,0.15625,4.99878,2.89795,2.90039,2.99805,2.2583,35.1286,14.6837,2,423.539,1360.33,30.7826,30.4151,30.0001,30.1296,29.9732,-1,40,10,-999.9,400,20,99.6832,86.2072
83,1785347437,10677.5,20260729 12:50:36,12:50:36,15,1785347429,0.001343096,1.343095564,3.811005831,380.5697742,199.1492638,20.05388669,38.32252745,0.037267082,2.93963098,0.037006589,0.02315237,266.1502538,33.26749115,32.32441935,4.863468796,27.57847767,1.321030977,4.790079396,3.542437819,-59.23051436,-42.63302636,-3.29514987,160.9915632,3.139450847,1.404665389,3.811005831,389.8502854,384.9127879,-0.122215982,66.78267528,1.343095564,11.03679063,13.07827333,-0.008648762,78.43,0,0,1,0,52300.77838,1500.002258,1273.861945,0.849240018,0.177433235,6,0.5,0: Broadleaf,2,TRUE,1785347429,380.5697742,386.0431613,13.11877097,11.05361935,420.9350323,16.94617097,402.7514194,100.5977419,0.100027697,32.05540968,32.32441935,999.9,0,0,9997.82,0,28.69296452,-5.473494194,385.6284839,390.358,2.065154839,386.0431613,11.05361935,1.319719355,1.111969677,11.02530323,8.47190871,1500.002258,0.691999581,0.308000387,0,2.576412903,0,18110.59355,13609.58387,44.437,45.437,45.062,44.187,44.163,1038.000645,462.0016129,0,1785347384,0,1785346520,12:35:19,1785346508,1785346520,3,-0.922,-0.091,-40.365,-3.827,400,12,0.41,0.28,-6.67303725,19.26370863,2.544532956,0,2.620317647,0.147676083,0.187426076,1,1.93932775,2.093774972,0.243786872,0,1,3,1/3,2.98086,2.76462,0.101225,0.0949868,0.0897646,0.0659024,27814.1,18624.2,31719.9,22414.9,38889.3,28477.5,45557,32808,1.70785,2.66698,0.137411,0,30.0818,999.9,48.4,32.7,23.9,61.6196,-100,3,0.240457,0,20.3089,5.21729,12.0311,4.9597,3.301,7707.5,9999,9999,135.9,4.97297,1.8753,1.88154,1.88102,1.87873,1.87439,1.87451,1.87682,0,0,0,0,11111111,oooooooo,on,on,on,on,0,100,100,-40.365,-3.8274,-40.36547619,0,0,0,-3.827395238,0,0,0,-1,-1,-1,-1,15.5,15.3,0.15625,4.99878,2.89795,2.90161,2.99805,2.28638,35.1055,14.6749,2,423.049,1362.55,30.8582,30.4674,30.0001,30.1922,30.0393,-1,40,10,-999.9,400,20,99.6823,86.1677
84,1785347557,10797.5,20260729 12:52:36,12:52:36,15,1785347549,0.001374936,1.374936378,3.302925086,397.5007097,241.1911223,24.28614368,40.02535107,0.038542283,2.939923073,0.038263758,0.023939705,266.1484148,33.36467377,32.39783871,4.883667777,28.59585448,1.37797074,4.818777983,3.505697037,-60.63469428,-37.53365488,-2.90327922,165.0767864,10.11771284,1.140341678,3.302925086,418.4450795,409.3396485,0.62744725,66.78267528,1.374936378,11.92679836,13.85648121,0.011750788,78.43,0,0,1,0,52290.90149,1500.004194,1273.862458,0.849239264,0.17743178,6,0.5,0: Broadleaf,2,TRUE,1785347549,397.5007097,413.2524194,13.68493548,12.00898065,437.8663226,17.51232903,402.6610323,100.5925484,0.099978932,32.16102903,32.39783871,999.9,0,0,9999.998065,0,21.51043548,-15.75163871,403.0167742,418.2755161,1.675951935,413.2524194,12.00898065,1.376601935,1.208013548,11.66152903,9.700395484,1500.004194,0.692023968,0.307976032,0,2.501577419,0,17999.55806,13609.7129,44.437,45.532,45.125,44.25,44.187,1038.039677,461.9645161,0,1785347504,0,1785346520,12:35:19,1785346508,1785346520,3,-0.922,-0.091,-40.365,-3.827,400,12,0.41,0.28,-17.1211275,33.79689568,3.589040433,0,2.523788235,-0.255425514,0.222176665,1,1.55481925,2.81995621,0.278414391,0,1,3,1/3,2.98063,2.76476,0.1056,0.10094,0.0927676,0.0699793,27681.4,18494.4,31722.9,22406,38763.4,28337.7,45560.6,32789.8,1.70725,2.66535,0.144936,0,30.0512,999.9,50.6,32.6,24.8473,61.4996,-100,3,0.237205,0,20.3086,5.21729,12.0293,4.95975,3.301,7707.5,9999,9999,136,4.97304,1.87529,1.88156,1.88101,1.87871,1.8744,1.87448,1.87683,0,0,0,0,11111111,oooooooo,on,on,on,on,0,100,100,-40.365,-3.8274,-40.36547619,0,0,0,-3.827395238,0,0,0,-1,-1,-1,-1,17.5,17.3,0.15625,4.99878,2.89795,2.90161,2.99805,2.23877,35.1055,14.6486,2,422.773,1360.45,30.9554,30.455,29.9999,30.2022,30.0558,-1,40,10,-999.9,400,20,99.6908,86.1255
85,1785347677,10917.5,20260729 12:54:36,12:54:36,15,1785347669,0.001510055,1.510054814,4.290343939,361.7548065,175.6282926,17.68430766,36.42569884,0.040634236,2.939894583,0.040324783,0.025230596,266.1504329,33.27687641,32.33928387,4.86755241,25.20054982,1.210727142,4.804367964,3.656825268,-66.59341728,-36.64724963,-2.833188996,160.076577,4.590346847,1.503950812,4.290343939,373.6659092,366.6072788,0.093992973,66.78267528,1.510054814,9.861015592,12.03776303,0.005371255,78.43,0,0,1,0,52299.14851,1500.006774,1273.865458,0.849239803,0.177432821,6,0.5,0: Broadleaf,2,TRUE,1785347669,361.7548065,369.3886452,12.02410323,9.814915806,402.1203548,15.8515,403.5512258,100.5917419,0.099937052,32.10806452,32.33928387,999.9,0,0,9999.916129,0,29.49393226,-7.633792258,366.1576452,373.050129,2.20919129,369.3886452,9.814915806,1.209524516,0.987298839,9.719297419,6.730033226,1500.006774,0.692005935,0.307994065,0,2.561370968,0,18303.36129,13609.65161,44.44106452,45.59654839,45.125,44.312,44.183,1038.014516,461.9922581,0,1785347624,0,1785346520,12:35:19,1785346508,1785346520,3,-0.922,-0.091,-40.365,-3.827,400,12,0.41,0.28,-7.34338122,-5.052396794,0.547868061,0,2.583252941,-0.599352181,0.197507363,1,2.244413902,-0.729381951,0.079345528,0,1,3,1/3,2.9812,2.76479,0.0979518,0.0921895,0.0856962,0.0603461,27922.1,18697.9,31727.3,22434.1,39073.4,28677.1,45567.7,32842.4,1.70975,2.66595,0.142872,0,29.9976,999.9,45.6,32.6,22.3935,61.6497,-100,3,0.232348,0,20.3088,5.21729,12.0302,4.9597,3.301,7707.5,9999,9999,136,4.97296,1.87529,1.88156,1.881,1.87868,1.8744,1.87451,1.87683,0,0,0,0,11111111,oooooooo,on,on,on,on,0,100,100,-40.365,-3.8274,-40.36547619,0,0,0,-3.827395238,0,0,0,-1,-1,-1,-1,19.5,19.3,0.15625,4.99878,2.89795,2.89917,2.99805,2.31567,35.0825,14.6399,2,423.975,1360.81,30.9444,30.4015,29.9999,30.1687,30.0324,-1,40,10,-999.9,400,20,99.7057,86.2515
86,1785347797,11037.5,20260729 12:56:36,12:56:36,15,1785347789,0.001404114,1.404113605,4.323605066,365.849871,166.6623026,16.78143938,36.83788916,0.037964622,2.939941115,0.037694353,0.023583093,266.1530298,33.47679247,32.52251613,4.918136074,26.4430517,1.282882821,4.851493072,3.635253252,-61.92140997,-38.31717262,-2.967428036,162.9470192,4.156541163,1.426192508,4.323605066,378.5532378,370.9037333,0.173972385,66.78267528,1.404113605,11.05372602,12.88235818,0.030507342,78.43,0,0,1,0,52270.88086,1500.02129,1273.877797,0.849239811,0.177432835,6,0.5,0: Broadleaf,2,TRUE,1785347789,365.849871,372.8160968,12.74075484,10.64414516,406.2154194,16.56815161,402.9424516,100.5913226,0.099950229,32.28076452,32.52251613,999.9,0,0,10000.22258,0,26.56547419,-6.966244516,370.5711935,376.8275484,2.096620968,372.8160968,10.64414516,1.281609677,1.070707097,10.58472581,7.908595161,1500.02129,0.692006774,0.307993226,0,2.54126129,0,18440.16774,13609.77742,44.534,45.669,45.187,44.391,44.25,1038.024194,461.9970968,0,1785347744,0,1785346520,12:35:19,1785346508,1785346520,3,-0.922,-0.091,-40.365,-3.827,400,12,0.41,0.28,-6.1240845,-20.26416203,2.009920478,0,2.5558,-0.22418946,0.279867643,1,2.26346275,-3.975773246,0.404745535,0,1,3,1/3,2.98035,2.76463,0.0987126,0.0926649,0.0890771,0.0656083,27898.9,18678.1,31727.7,22422,38928.2,28495.7,45567.9,32818.4,1.7078,2.66858,0.140697,0,30.2596,999.9,47.7,32.6,23.4235,61.5897,-100,3,0.233064,0,20.3088,5.21714,12.0302,4.9597,3.301,7707.5,9999,9999,136,4.97286,1.87529,1.88155,1.88103,1.87869,1.8744,1.87452,1.87683,0,0,0,0,11111111,oooooooo,on,on,on,on,0,100,100,-40.366,-3.8273,-40.36547619,0,0,0,-3.827395238,0,0,0,-1,-1,-1,-1,21.5,21.3,0.15625,4.99878,2.89795,2.90161,2.99805,2.25708,35.1055,14.6136,2,422.925,1365.11,31.0281,30.4033,30.0001,30.1765,30.0506,-1,40,10,-999.9,400,20,99.7064,86.1951
87,1785347917,11157.6,20260729 12:58:36,12:58:36,15,1785347909,0.001607125,1.607125134,2.674273303,420.1932667,306.3866328,30.85049944,42.3098489,0.046147681,2.939232658,0.045748911,0.02862861,266.1485779,33.51623062,32.59609,4.938575466,31.06028159,1.514711157,4.876681985,3.423864309,-70.87421839,-35.43374892,-2.747014926,157.0935957,3.23294526,1.502511374,2.674273303,427.9800621,426.3435758,-0.366597504,66.78267528,1.607125134,12.68045038,15.06106182,-0.001406791,78.43,0,0,1,0,52234.98254,1499.996333,1273.85659,0.849239803,0.177432819,6,0.5,0: Broadleaf,2,TRUE,1785347909,420.1932667,425.9783,15.04310333,12.82760667,460.5588667,18.87050333,400.7884,100.5914,0.10000145,32.37247667,32.59609,999.9,0,0,9996.184333,0,20.3511,-5.784903567,426.6110667,431.5142,2.215501667,425.9783,12.82760667,1.513208,1.290345667,13.10221667,10.68627333,1499.996333,0.6920065,0.3079935,0,2.475823333,0,17838.86,13609.55333,44.562,45.8708,45.312,44.531,44.3498,1038.007333,461.989,0,1785347864,0,1785346520,12:35:19,1785346508,1785346520,3,-0.922,-0.091,-40.365,-3.827,400,12,0.41,0.28,-8.326879439,57.26436604,6.128581955,0,2.497011765,-0.993454546,0.234937094,1,2.109305854,2.039742021,0.201786763,0,1,3,1/3,2.97952,2.76493,0.108361,0.100663,0.0972379,0.0725137,27598.9,18494.4,31726.2,22398.9,38575.6,28248.9,45565.9,32776.4,1.70518,2.67102,0.140235,0,30.3332,999.9,53,32.6,26.028,61.4615,-100,3,0.23487,0,20.3087,5.21729,12.0287,4.95975,3.301,7707.5,9999,9999,136.1,4.97296,1.87531,1.88155,1.88104,1.87869,1.87442,1.87454,1.87683,0,0,0,0,11111111,oooooooo,on,on,on,on,0,100,100,-40.365,-3.8274,-40.36547619,0,0,0,-3.827395238,0,0,0,-1,-1,-1,-1,23.5,23.3,0.15625,4.99878,2.89795,2.90283,2.99805,2.28149,35.1516,14.5961,2,421.658,1369.33,31.1416,30.4436,30,30.2106,30.0766,-1,40,10,-999.9,400,20,99.7019,86.0936
88,1785348037,11277.6,20260729 13:00:36,13:00:36,15,1785348029,0.001677327,1.677327193,3.442750711,404.7031613,268.9229935,27.07702753,40.74831422,0.047589132,2.939898535,0.047165279,0.029516066,266.1522344,33.57422863,32.66185806,4.956908881,30.43956268,1.490854962,4.89775421,3.466053918,-73.97012921,-33.75551728,-2.618143536,155.8084443,-1.026581156,1.816981215,3.442750711,405.7619473,405.521903,-0.754425397,66.78267528,1.677327193,11.77835281,14.59100182,-0.044391342,78.43,0,0,1,0,52240.80383,1500.016774,1273.873965,0.849239813,0.177432839,6,0.5,0: Broadleaf,2,TRUE,1785348029,404.7031613,404.2680323,14.80683871,12.13239032,445.0686774,18.63423548,401.5955161,100.5869355,0.099983016,32.44888387,32.66185806,999.9,0,0,10000.41645,0,24.58533226,0.435097581,410.785871,409.2351935,2.674449355,404.2680323,12.13239032,1.489374516,1.220360323,12.85926129,9.847242258,1500.016774,0.692006355,0.307993645,0,2.601122581,0,17801.69032,13609.75484,44.58435484,46.042,45.405,44.655,44.375,1038.020968,461.9958065,0,1785347984,0,1785346520,12:35:19,1785346508,1785346520,3,-0.922,-0.091,-40.365,-3.827,400,12,0.41,0.28,0.905246561,9.091693275,4.665950613,0,2.613402941,-0.375372039,0.240300473,1,2.61819561,1.970100627,0.256414162,0,1,3,1/3,2.97983,2.76472,0.104744,0.0969622,0.0954458,0.0691991,27714.9,18579.4,31730.7,22409.7,38658.2,28366.8,45572.5,32796,1.70683,2.67055,0.145644,0,30.2964,999.9,51.8,32.6,25.4375,61.5515,-100,3,0.230625,0,20.3088,5.21714,12.0291,4.9596,3.301,7707.5,9999,9999,136.1,4.97294,1.87531,1.88155,1.88106,1.87868,1.87441,1.87453,1.87683,0,0,0,0,11111111,oooooooo,on,on,on,on,0,100,100,-40.366,-3.8274,-40.36547619,0,0,0,-3.827395238,0,0,0,-1,-1,-1,-1,25.5,25.3,0.15625,4.99878,2.89795,2.90161,2.99805,2.27783,35.1978,14.5873,2,422.441,1368.23,31.231,30.4199,30,30.187,30.0583,-1,40,10,-999.9,400,20,99.7162,86.141
89,1785348157,11397.6,20260729 13:02:36,13:02:36,15,1785348149,0.001563514,1.563513946,3.785056432,374.6753548,216.3396892,21.78436196,37.72799885,0.043217251,2.939801354,0.042867378,0.026823309,266.1502219,33.53147889,32.58883226,4.936555928,28.27172822,1.379047974,4.87783401,3.557507954,-68.95096501,-33.62709775,-2.606409931,160.9657492,14.37689353,1.089122005,3.785056432,404.9136355,390.8103697,1.273578131,66.78267528,1.563513946,12.07757558,14.07472364,0.039405221,78.43,0,0,1,0,52250.56304,1500.004516,1273.863639,0.849239869,0.177432947,6,0.5,0: Broadleaf,2,TRUE,1785348149,374.6753548,396.7518387,13.69527419,12.0913,415.0410323,17.52266774,401.8292258,100.5951935,0.099977265,32.37666129,32.58883226,999.9,0,0,9999.042581,0,27.42092258,-22.07629355,379.88,401.6082258,1.603960323,396.7518387,12.0913,1.37767871,1.216328065,11.67157419,9.802452581,1500.004516,0.692004258,0.307995742,0,2.580819355,0,17914.12903,13609.63548,44.679,46.062,45.389,44.687,44.413,1038.009677,461.9948387,0,1785348104,0,1785346520,12:35:19,1785346508,1785346520,3,-0.922,-0.091,-40.365,-3.827,400,12,0.41,0.28,-19.9056575,-25.71219174,4.56908611,0,2.556944118,-0.227494269,0.180991727,1,1.5654725,1.288474221,0.198165111,0,1,3,1/3,2.97961,2.76479,0.102341,0.0988623,0.0936257,0.0704377,27787.8,18538.8,31729,22407.9,38734.5,28325.9,45570.1,32792.4,1.7057,2.67022,0.140235,0,30.3256,999.9,50.9,32.6,24.9933,61.4615,-100,3,0.166789,0.0697168,20.3088,5.21789,12.0306,4.9597,3.301,7707.5,9999,9999,136.1,4.97293,1.87531,1.88155,1.88101,1.87869,1.8744,1.87452,1.87681,0,0,0,0,11111111,oooooooo,on,on,on,on,0,100,100,-40.366,-3.8274,-40.36547619,0,0,0,-3.827395238,0,0,0,-1,-1,-1,-1,27.5,27.3,0.15625,4.99878,2.89795,2.90283,2.99805,2.27539,35.1978,14.5523,2,421.857,1367.92,31.2152,30.4217,30.0003,30.1949,30.0662,-1,40,10,-999.9,400,20,99.711,86.1325
90,1785348277,11517.6,20260729 13:04:36,13:04:36,15,1785348269,0.001827087,1.827087176,2.997030424,397.0150323,283.8407626,28.58058394,39.97636334,0.051590705,2.939861133,0.051092972,0.031977426,266.1536723,33.55048164,32.65978387,4.956329778,29.99828522,1.470479085,4.901877138,3.485850693,-80.57454445,-31.06222716,-2.409429215,152.1074715,-7.323283382,2.183219735,2.997030424,386.3301456,391.6050606,-1.489862579,66.78267528,1.827087176,11.10865761,14.19524424,-0.051491195,78.43,0,0,1,0,52237.30027,1500.02871,1273.883748,0.849239578,0.177432386,6,0.5,0: Broadleaf,2,TRUE,1785348269,397.0150323,387.3766129,14.6036871,11.39212581,437.3805484,18.4310871,401.9235161,100.5922903,0.100026316,32.4638,32.65978387,999.9,0,0,9999.67129,0,21.972,9.638422581,402.9005806,391.841871,3.211563548,387.3766129,11.39212581,1.469017097,1.145959677,12.64753871,8.914098387,1500.02871,0.692013839,0.307986161,0,2.576358065,0,17554.6,13609.89355,44.687,46.062,45.437,44.687,44.437,1038.040968,461.9877419,0,1785348224,0,1785346520,12:35:19,1785346508,1785346520,3,-0.922,-0.091,-40.365,-3.827,400,12,0.41,0.28,8.415811,12.27323437,3.015830852,0,2.568438235,0.35378304,0.234442128,1,3.131388,1.144530732,0.148666911,0,1,3,1/3,2.98062,2.76481,0.102258,0.0939388,0.0939295,0.0653689,27791,18649.3,31729.8,22419,38722.5,28499.4,45571.4,32814.3,1.7086,2.6654,0.146106,0,30.2859,999.9,50.3,32.7,24.8402,61.4915,-100,3,0.233163,0,20.3088,5.21909,12.0306,4.9597,3.301,7707.5,9999,9999,136.2,4.9729,1.87531,1.88155,1.88101,1.87868,1.87441,1.87451,1.8768,0,0,0,0,11111111,oooooooo,on,on,on,on,0,100,100,-40.366,-3.8274,-40.36547619,0,0,0,-3.827395238,0,0,0,-1,-1,-1,-1,29.5,29.3,0.15625,4.99878,2.89795,2.90161,2.99805,2.24365,35.244,14.5348,2,423.519,1360.8,31.2611,30.4423,30.0001,30.2001,30.0688,-1,40,10,-999.9,400,20,99.7137,86.1841
91,1785348397,11637.6,20260729 13:06:36,13:06:36,15,1785348389,0.001894369,1.894369074,3.807253211,370.8816774,234.7209713,23.63196973,37.34078181,0.051911007,2.939398068,0.051407028,0.032174265,266.1488807,33.59616534,32.73396129,4.977076309,28.13691964,1.384144519,4.919317881,3.59293179,-83.54167617,-32.83218534,-2.548837587,147.2261816,2.108700164,2.062070173,3.807253211,378.3576192,374.0470061,-0.218600172,66.78267528,1.894369074,10.08945181,13.3927697,-0.066152649,78.43,0,0,1,0,52213.09786,1500.001613,1273.860745,0.849239584,0.177432396,6,0.5,0: Broadleaf,2,TRUE,1785348389,370.8816774,375.1743226,13.74780645,10.70966774,411.2471613,17.57520323,401.6382581,100.5810968,0.100020916,32.52677742,32.73396129,999.9,0,0,9998.149355,0,29.23701935,-4.292584194,376.0517419,379.2364516,3.038143548,375.1743226,10.70966774,1.382770323,1.077189032,11.72912258,7.987825161,1500.001613,0.692016,0.307984,0,2.616929032,0,17670.74839,13609.65161,44.812,46.125,45.504,44.84248387,44.562,1038.021935,461.9796774,0,1785348344,0,1785346520,12:35:19,1785346508,1785346520,3,-0.922,-0.091,-40.365,-3.827,400,12,0.41,0.28,-4.4595515,2.903451107,0.791147299,0,2.614123529,-0.016103903,0.234437904,1,2.79242475,5.197000638,0.514939989,0,1,3,1/3,2.98006,2.76478,0.0991885,0.0927043,0.0908359,0.0611171,27884.8,18683.3,31728.6,22429.5,38853.9,28647,45569.5,32835,1.70765,2.66797,0.136115,0,30.5054,999.9,47.8,32.7,23.6078,61.6115,-100,3,0.236918,0,20.3086,5.21729,12.0305,4.9597,3.301,7707.5,9999,9999,136.2,4.97298,1.87531,1.88156,1.88105,1.8787,1.8744,1.87451,1.87683,0,0,0,0,11111111,oooooooo,on,on,on,on,0,100,100,-40.365,-3.8274,-40.36547619,0,0,0,-3.827395238,0,0,0,-1,-1,-1,-1,31.5,31.3,0.15625,4.99878,2.89795,2.90039,2.99805,2.26196,35.2902,14.4998,2,423.129,1365.22,31.3299,30.4693,30.0004,30.2237,30.0932,-1,40,10,-999.9,400,20,99.7096,86.2327
92,1785348517,11757.6,20260729 13:08:36,13:08:36,15,1785348509,0.001826313,1.826312829,4.129968983,361.742,207.8734531,20.92718066,36.41754189,0.048735302,2.939464302,0.048290824,0.030221362,266.1469495,33.59389688,32.70113226,4.967885121,26.0216847,1.278659157,4.913821578,3.689225964,-80.54039577,-30.77227276,-2.388250715,152.4460303,4.091266266,1.787413261,4.129968983,371.5249644,366.0179152,-0.108336185,66.78267528,1.826312829,9.89648586,12.65817515,-0.009599913,78.43,0,0,1,0,52218.19605,1499.994194,1273.854126,0.849239371,0.177431987,6,0.5,0: Broadleaf,2,TRUE,1785348509,361.742,368.8037742,12.70115161,10.07084581,402.1075806,16.52854839,402.548871,100.5727097,0.099984926,32.50695161,32.70113226,999.9,0,0,9999.36,0,23.5111,-7.061774516,366.3957742,372.5558387,2.630290968,368.8037742,10.07084581,1.277388065,1.012852484,10.53539355,7.101763226,1499.994194,0.692020613,0.307979387,0,2.589148387,0,17491.51613,13609.60323,44.81809677,46.04,45.49593548,44.802,44.562,1038.027419,461.9667742,0,1785348464,0,1785346520,12:35:19,1785346508,1785346520,3,-0.922,-0.091,-40.365,-3.827,400,12,0.41,0.28,-7.681127805,11.38780453,1.19006968,0,2.597967647,0.134928964,0.21874837,1,2.553361707,1.487870383,0.150777116,0,1,3,1/3,2.98048,2.76466,0.0977441,0.091634,0.0880538,0.0604988,27924.4,18706.7,31723.2,22431.4,38966.8,28669.5,45561.7,32839.3,1.70798,2.66738,0.136599,0,30.4956,999.9,45.8,32.7,22.6227,61.8515,-100,3,0.246179,0,20.3086,5.21699,12.0308,4.95965,3.301,7707.5,9999,9999,136.2,4.97292,1.87531,1.88156,1.88103,1.87866,1.8744,1.87453,1.87682,0,0,0,0,11111111,oooooooo,on,on,on,on,0,100,100,-40.366,-3.8274,-40.36547619,0,0,0,-3.827395238,0,0,0,-1,-1,-1,-1,33.5,33.3,0.15625,4.99878,2.89795,2.90161,2.99805,2.2522,35.3133,14.4823,2,423.77,1365.88,31.3091,30.5586,30.0005,30.2989,30.1616,-1,40,10,-999.9,400,20,99.6926,86.2425
93,1785348637,11877.6,20260729 13:10:36,13:10:36,15,1785348629,0.001552878,1.552877931,4.019238823,389.3544839,221.9651865,22.34703076,39.19946531,0.043255606,2.939729928,0.042905105,0.026846945,266.1502471,33.74130506,32.75582903,4.983206858,29.49961151,1.455858751,4.935179403,3.527348107,-68.48191675,-27.25102461,-2.116140424,168.3011653,11.76330822,1.33007107,4.019238823,420.0621727,404.3204242,1.46148689,66.78267528,1.552877931,12.70978158,14.71526788,0.037020597,78.43,0,0,1,0,52212.73216,1500.009355,1273.867316,0.849239581,0.177432391,6,0.5,0: Broadleaf,2,TRUE,1785348629,389.3544839,407.7548387,14.46053226,12.49656129,429.7199355,18.28793226,400.4654516,100.5780645,0.100024294,32.58388387,32.75582903,999.9,0,0,10000.33903,0,20.83282903,-18.4003129,395.068129,412.9162903,1.963963548,407.7548387,12.49656129,1.454410645,1.256879032,12.49644516,10.29160645,1500.009355,0.692014742,0.307985258,0,2.537896774,0,16819.02258,13609.71935,44.82012903,46.125,45.56606452,44.782,44.625,1038.027419,461.9819355,0,1785348584,0,1785346520,12:35:19,1785346508,1785346520,3,-0.922,-0.091,-40.365,-3.827,400,12,0.41,0.28,-16.64649756,-39.77229199,4.233694305,0,2.556602941,0.425025202,0.2487984,1,2.041981707,-1.259774216,0.147241617,0,1,3,1/3,2.97942,2.76469,0.104661,0.10124,0.0959857,0.0730346,27706.4,18479.6,31719.1,22396,38620.7,28229.5,45555.5,32772.6,1.70397,2.66515,0.138044,0,30.5155,999.9,52.1,32.7,25.735,61.7615,-100,3,0.251623,0,20.309,5.21804,12.0303,4.95985,3.301,7707.5,9999,9999,136.3,4.973,1.8753,1.88155,1.881,1.87866,1.87442,1.87452,1.87683,0,0,0,0,11111111,oooooooo,on,on,on,on,0,100,100,-40.365,-3.8274,-40.36547619,0,0,0,-3.827395238,0,0,0,-1,-1,-1,-1,35.5,35.3,0.15625,4.99878,2.89795,2.90283,2.99805,2.26562,35.3596,14.4735,2,421.972,1364.05,31.3871,30.6425,30.0002,30.3734,30.2278,-1,40,10,-999.9,400,20,99.6793,86.0832
94,1785348757,11997.6,20260729 13:12:36,13:12:36,15,1785348749,0.001643133,1.643133484,3.018433186,412.4028387,287.8901821,28.98521069,41.52132971,0.046527802,2.939625724,0.04612252,0.028862693,266.1480146,33.64601015,32.66104839,4.956682817,30.2044718,1.484600767,4.915168777,3.472082049,-72.46218666,-23.65100395,-1.835147483,168.1996765,-2.449150382,1.813410428,3.018433186,411.2793505,412.4806788,-0.875629606,66.78267528,1.643133484,12.07275957,14.59791212,-0.01293355,78.43,0,0,1,0,52222.15119,1499.995484,1273.855655,0.84923966,0.177432544,6,0.5,0: Broadleaf,2,TRUE,1785348749,412.4028387,409.854871,14.74551935,12.0696871,452.7682258,18.57291935,400.6239355,100.5814516,0.100032148,32.5118129,32.66104839,999.9,0,0,9999.409355,0,18.03622258,2.547888839,418.5752903,414.8622903,2.675828387,409.854871,12.0696871,1.483125484,1.213986452,12.79494839,9.773754194,1499.995484,0.692011452,0.307988548,0,2.538045161,0,16699.90323,13609.58387,44.754,46.125,45.57825806,44.74593548,44.554,1038.013871,461.9816129,0,1785348704,0,1785346520,12:35:19,1785346508,1785346520,3,-0.922,-0.091,-40.365,-3.827,400,12,0.41,0.28,-1.842655268,64.83404254,7.931711287,0,2.586105882,0.07313063,0.241549503,1,2.54872,1.403851777,0.245513162,0,1,3,1/3,2.979,2.76474,0.105922,0.0984226,0.0954695,0.0698552,27671.3,18545.9,31723.4,22406.1,38648.4,28341.6,45561.9,32790.3,1.70382,2.66083,0.146925,0,30.2775,999.9,51.6,32.7,25.4809,61.4315,-100,3,0.246517,0,20.3086,5.21729,12.0303,4.95975,3.301,7707.5,9999,9999,136.3,4.97299,1.8753,1.88156,1.88103,1.8787,1.87441,1.87453,1.87683,0,0,0,0,11111111,oooooooo,on,on,on,on,0,100,100,-40.366,-3.8274,-40.36547619,0,0,0,-3.827395238,0,0,0,-1,-1,-1,-1,37.5,37.3,0.15625,4.99878,2.89795,2.90283,2.99805,2.29248,35.3365,14.456,2,421.776,1357.33,31.3699,30.6167,29.9997,30.3549,30.2104,-1,40,10,-999.9,400,20,99.6931,86.1266
95,1785348877,12117.6,20260729 13:14:36,13:14:36,15,1785348869,0.001790524,1.790524357,3.651785702,388.9170645,252.2676598,25.40007759,39.15889823,0.049878276,2.939834523,0.049412871,0.030924497,266.152776,33.55012846,32.58229355,4.934737083,28.59741307,1.401034802,4.899166222,3.533702281,-78.96212413,-20.33456964,-1.576646554,165.2794357,3.651079067,1.522196306,3.651785702,400.6383605,394.8193939,0.04407605,66.78267528,1.790524357,11.54133088,14.04209455,0.018162788,78.43,0,0,1,0,52238.10643,1500.016774,1273.874245,0.84924,0.1774332,6,0.5,0: Broadleaf,2,TRUE,1785348869,388.9170645,395.2656452,13.91475161,11.66890645,429.2824839,17.74214839,401.0112581,100.587,0.100014806,32.45399355,32.58229355,999.9,0,0,10000.04581,0,20.66952903,-6.348599806,394.4050968,399.9327097,2.245845161,395.2656452,11.66890645,1.399644194,1.173740323,11.91353871,9.270525161,1500.016774,0.692000387,0.307999645,0,2.583329032,0,16591.43548,13609.72903,44.687,46.048,45.5,44.60670968,44.437,1038.011613,462.0051613,0,1785348824,0,1785346520,12:35:19,1785346508,1785346520,3,-0.922,-0.091,-40.365,-3.827,400,12,0.41,0.28,-4.0632217,-35.02977812,4.230060491,0,2.601176471,-0.429466765,0.221295634,1,2.36723975,-1.960714109,0.308193097,0,1,3,1/3,2.97968,2.76483,0.102914,0.0968643,0.0934053,0.067172,27769.9,18587.4,31729.3,22417.3,38744.5,28440.4,45570.7,32809.8,1.7063,2.66345,0.151232,0,30.1218,999.9,50.1,32.7,24.7426,61.3716,-100,3,0.238209,0,20.3085,5.21759,12.029,4.9597,3.301,7707.5,9999,9999,136.3,4.97295,1.87531,1.88156,1.88101,1.8787,1.8744,1.87452,1.87682,0,0,0,0,11111111,oooooooo,on,on,on,on,0,100,100,-40.365,-3.8274,-40.36547619,0,0,0,-3.827395238,0,0,0,-1,-1,-1,-1,39.5,39.3,0.15625,4.99878,2.89795,2.90161,2.99805,2.28149,35.3133,14.4385,2,422.757,1359.84,31.3019,30.5226,29.9997,30.2874,30.1504,-1,40,10,-999.9,400,20,99.712,86.1743
96,1785348997,12237.6,20260729 13:16:36,13:16:36,15,1785348989,0.001711271,1.711271366,3.523186126,391.1798065,253.4339389,25.5172509,39.38633203,0.047695579,2.939886555,0.047269836,0.029581582,266.1453405,33.60419317,32.62715484,4.94722769,28.87613657,1.417380605,4.908484215,3.529847085,-75.46706725,-22.10598517,-1.714624505,166.8576636,1.826183676,1.689782696,3.523186126,395.1428284,393.9393515,-0.626685633,66.78267528,1.711271366,11.13831864,13.95919939,-0.037812537,78.43,0,0,1,0,52233.80792,1499.974516,1273.83839,0.849240021,0.177433241,6,0.5,0: Broadleaf,2,TRUE,1785348989,391.1798065,394.9057419,14.07723548,11.58149355,431.5452581,17.90463226,400.5210323,100.586,0.100005213,32.48768065,32.62715484,999.9,0,0,10000.44129,0,26.21954839,-3.725898213,396.7653226,399.5355484,2.495748387,394.9057419,11.58149355,1.415971935,1.164934839,12.08960323,9.152565484,1499.974516,0.691999677,0.308000355,0,2.531806452,0,17120.21613,13609.33548,44.687,46,45.5,44.57216129,44.437,1037.98129,461.9932258,0,1785348944,0,1785346520,12:35:19,1785346508,1785346520,3,-0.922,-0.091,-40.365,-3.827,400,12,0.41,0.28,-6.981081615,68.4095833,7.289889568,0,2.573173529,-0.071130639,0.203790513,1,2.29918825,4.562004315,0.468592714,0,1,3,1/3,2.97959,2.76488,0.102712,0.0946243,0.0930657,0.0660763,27780.9,18639.3,31734.3,22423.9,38765.4,28483,45578.1,32820.3,1.70695,2.67345,0.153013,0,30.1661,999.9,49.4,32.7,24.3961,61.4016,-100,3,0.228821,0,20.3086,5.21774,12.0299,4.95985,3.301,7707.5,9999,9999,136.4,4.97295,1.87527,1.88154,1.881,1.87869,1.87439,1.87449,1.87679,0,0,0,0,11111111,oooooooo,on,on,on,on,0,100,100,-40.365,-3.8274,-40.36547619,0,0,0,-3.827395238,0,0,0,-1,-1,-1,-1,41.5,41.3,0.15625,4.99878,2.89795,2.90161,2.99805,2.29614,35.3133,14.4122,2,422.578,1372.72,31.2931,30.416,29.9998,30.1977,30.0697,-1,40,10,-999.9,400,20,99.7281,86.2011
97,1785349117,12357.6,20260729 13:18:36,13:18:36,15,1785349109,0.001374592,1.374591984,4.928886663,374.2045806,145.923413,14.69221263,37.67656713,0.037275029,2.939454815,0.03701441,0.02315727,266.1517796,33.73569028,32.68632258,4.963743673,27.26682014,1.341742198,4.92078721,3.622001475,-60.61950651,-24.44403312,-1.897215113,179.1910249,8.080747574,1.504929109,4.928886663,401.0005653,384.659103,1.348729733,66.78267528,1.374591984,11.8959724,13.51063212,0.053443022,78.43,0,0,1,0,52213.88029,1500.011935,1273.870065,0.849239952,0.177433108,6,0.5,0: Broadleaf,2,TRUE,1785349109,374.2045806,387.1332581,13.32621613,11.10529032,414.5700968,17.15360968,401.1500323,100.5844194,0.099989861,32.53207419,32.68632258,999.9,0,0,9998.141935,0,23.32494516,-12.92864819,379.2589032,391.4874194,2.220933548,387.1332581,11.10529032,1.340410323,1.117019355,11.25947742,8.518059032,1500.011935,0.692001323,0.307998742,0,2.458109677,0,16582.32903,13609.69355,44.75,46.062,45.504,44.687,44.5,1038.010645,462.0012903,0,1785349064,0,1785346520,12:35:19,1785346508,1785346520,3,-0.922,-0.091,-40.365,-3.827,400,12,0.41,0.28,-6.99663135,-115.2085156,11.26522148,0,2.535520588,-0.994498092,0.224924638,1,2.44426925,-5.539622702,0.601727559,0,1,3,1/3,2.97884,2.76472,0.101314,0.098625,0.091557,0.0704241,27828,18551,31738.3,22416.5,38835.5,28337.1,45584.3,32804.7,1.70573,2.66832,0.149727,0,30.246,999.9,49.8,32.7,24.5961,61.4616,-100,3,0.222683,0,20.3085,5.21789,12.0306,4.95975,3.301,7707.5,9999,9999,136.4,4.973,1.87531,1.88156,1.88102,1.87871,1.87446,1.87453,1.87682,0,0,0,0,11111111,oooooooo,on,on,on,on,0,100,100,-40.366,-3.8274,-40.36547619,0,0,0,-3.827395238,0,0,0,-1,-1,-1,-1,43.5,43.3,0.15625,4.99878,2.89795,2.90283,2.99805,2.29614,35.3365,14.4035,2,421.475,1363.89,31.3179,30.3423,30,30.1296,30.0138,-1,40,10,-999.9,400,20,99.7413,86.1651
98,1785349237,12477.6,20260729 13:20:36,13:20:36,15,1785349229,0.001878221,1.878220636,3.232323561,386.0020645,266.3817079,26.81866098,38.86174688,0.051860545,2.939125654,0.051357493,0.032143224,266.1520981,33.65471547,32.74000645,4.978770393,28.65053646,1.413732516,4.934401553,3.565037877,-82.82953003,-25.18143006,-1.955652245,156.1854858,-1.009377888,1.906115477,3.232323561,386.9840853,386.6960848,-0.698606579,66.78267528,1.878220636,10.78403077,13.8547,-0.038183429,78.43,0,0,1,0,52195.98139,1500.014516,1273.872184,0.849239904,0.177433015,6,0.5,0: Broadleaf,2,TRUE,1785349229,386.0020645,385.5921613,14.04218065,11.22670645,426.3674839,17.86957419,400.5043548,100.5775484,0.100013865,32.5810871,32.74000645,999.9,0,0,9996.952258,0,27.56770323,0.409883158,391.4997419,389.9713871,2.815470323,385.5921613,11.22670645,1.412327742,1.129153548,12.05044194,8.692731935,1500.014516,0.692002935,0.307997065,0,2.642093548,0,16865.79355,13609.71935,44.764,46.163,45.562,44.75,44.512,1038.014839,461.9996774,0,1785349184,0,1785346520,12:35:19,1785346508,1785346520,3,-0.922,-0.091,-40.365,-3.827,400,12,0.41,0.28,1.98391629,-18.27301027,3.141118224,0,2.657220588,0.013731086,0.250885146,1,2.852000976,0.536937282,0.251820872,0,1,3,1/3,2.97941,2.7647,0.101442,0.0935997,0.0926575,0.06346,27826.4,18668.1,31740.8,22432.7,38791.1,28576.7,45587.8,32836,1.70802,2.67123,0.151061,0,30.2844,999.9,48.9,32.8,24.2886,61.5516,-100,3,0.218753,0,20.3084,5.21759,12.0303,4.95985,3.301,7707.5,9999,9999,136.4,4.97298,1.87531,1.88155,1.881,1.87868,1.8744,1.87453,1.87681,0,0,0,0,11111111,oooooooo,on,on,on,on,0,100,100,-40.366,-3.8274,-40.36547619,0,0,0,-3.827395238,0,0,0,-1,-1,-1,-1,45.5,45.3,0.15625,4.99878,2.89795,2.90161,2.99805,2.2998,35.3365,14.3772,2,422.448,1366.9,31.3411,30.2936,30.0001,30.0775,29.9572,-1,40,10,-999.9,400,20,99.749,86.2394
99,1785349357,12597.6,20260729 13:22:36,13:22:36,15,1785349349,0.001638385,1.638384986,3.986033553,378.5833548,216.8843246,21.835376,38.11483341,0.044587594,2.938784453,0.044215156,0.027667675,266.1490065,33.80416315,32.85009355,5.009708881,28.18911011,1.397835922,4.958779883,3.611872959,-72.25277789,-28.76171007,-2.236131569,162.8983869,3.122003169,1.737976559,3.986033553,386.5497962,382.4250848,-0.290174731,66.78267528,1.638384986,11.19685559,13.80960424,-0.02490129,78.43,0,0,1,0,52171.32608,1500.000645,1273.860077,0.849239686,0.177432595,6,0.5,0: Broadleaf,2,TRUE,1785349349,378.5833548,384.2445806,13.88429032,11.31748065,418.9489355,17.7116871,400.617,100.5775161,0.100004223,32.66855806,32.85009355,999.9,0,0,9995.014516,0,22.02119677,-5.661269677,383.9138387,388.6435161,2.566818387,384.2445806,11.31748065,1.396448065,1.138284194,11.87906774,8.815991613,1500.000645,0.692010129,0.307989871,0,2.583764516,0,16272.10323,13609.61613,44.86280645,46.25,45.625,44.875,44.62093548,1038.016129,461.9845161,0,1785349304,0,1785346520,12:35:19,1785346508,1785346520,3,-0.922,-0.091,-40.365,-3.827,400,12,0.41,0.28,-6.23440561,11.67167875,2.570886796,0,2.557138235,0.304209321,0.236894123,1,2.535820976,1.204778049,0.193165447,0,1,3,1/3,2.97862,2.76472,0.100758,0.0950902,0.0925751,0.0681157,27845,18628,31737.9,22421.4,38791,28415.7,45583.6,32814.2,1.7061,2.67147,0.14703,0,30.4708,999.9,49.4,32.8,24.5367,61.5816,-100,3,0.221082,0,20.3082,5.21684,12.0285,4.95975,3.301,7707.5,9999,9999,136.5,4.97291,1.87531,1.88156,1.88105,1.87871,1.87442,1.87454,1.87682,0,0,0,0,11111111,oooooooo,on,on,on,on,0,100,100,-40.365,-3.8274,-40.36547619,0,0,0,-3.827395238,0,0,0,-1,-1,-1,-1,47.5,47.3,0.15625,4.99878,2.89795,2.90283,2.99805,2.27661,35.4059,14.3684,2,421.355,1367.3,31.4097,30.3033,30.0002,30.0754,29.9557,-1,40,10,-999.9,400,20,99.7398,86.1876
100,1785349477,12717.6,20260729 13:24:36,13:24:36,15,1785349469,0.001672551,1.672551008,4.786201172,358.7561613,168.701924,16.9848616,36.119468,0.044322227,2.940010986,0.043954341,0.027504262,266.1458027,33.76839511,32.80115484,4.995934727,25.93939449,1.284358131,4.95138054,3.711576596,-73.75949946,-25.21867047,-1.959128169,165.2085046,5.452287564,1.683792792,4.786201172,373.0934396,364.4784121,0.210392403,66.78267528,1.672551008,10.46067015,12.86403212,0.008412545,78.43,0,0,1,0,52210.83903,1499.986774,1273.847913,0.84923943,0.1774321,6,0.5,0: Broadleaf,2,TRUE,1785349469,358.7561613,367.8108065,12.75687097,10.27160645,399.1215161,16.58426452,401.3205484,100.5797419,0.099972874,32.64204839,32.80115484,999.9,0,0,10001.77161,0,20.52580323,-9.054727742,363.3919032,371.6282581,2.485258387,367.8108065,10.27160645,1.28308129,1.033116129,10.60194839,7.390641935,1499.986774,0.692020677,0.307979323,0,2.515225806,0,16229.35161,13609.53871,44.937,46.312,45.683,44.99390323,44.687,1038.019355,461.9674194,0,1785349424,0,1785346520,12:35:19,1785346508,1785346520,3,-0.922,-0.091,-40.365,-3.827,400,12,0.41,0.28,-8.5771095,-8.85552878,1.450715561,0,2.504882353,-0.199749428,0.238675402,1,2.53117525,-0.759114034,0.146889482,0,1,3,1/3,2.97967,2.76469,0.0975394,0.0918847,0.088988,0.0634073,27943.3,18703.8,31736.6,22433.4,38943.2,28580.4,45581.1,32838.5,1.70835,2.66762,0.141568,0,30.5217,999.9,46.7,32.8,23.193,61.4916,-100,3,0.225633,0,20.3085,5.21714,12.0303,4.95975,3.301,7707.5,9999,9999,136.5,4.97298,1.8753,1.88155,1.88102,1.87872,1.87445,1.87452,1.87683,0,0,0,0,11111111,oooooooo,on,on,on,on,0,100,100,-40.365,-3.8274,-40.36547619,0,0,0,-3.827395238,0,0,0,-1,-1,-1,-1,49.5,49.3,0.15625,4.99878,2.89795,2.90283,2.99805,2.26685,35.4291,14.3334,2,422.772,1361.99,31.4329,30.344,30.0004,30.1007,29.9745,-1,40,10,-999.9,400,20,99.7349,86.2443
101,1785349597,12837.6,20260729 13:26:36,13:26:36,15,1785349589,0.002096755,2.096754992,4.356448856,359.7553226,218.4924474,21.99744365,36.21954686,0.05672478,2.939651675,0.056123633,0.03513075,266.1490929,33.69652981,32.84483548,5.008227378,27.52995237,1.365998997,4.96186473,3.642228381,-92.46689513,-26.18693275,-2.035407913,145.4598571,3.153182465,2.134246638,4.356448856,368.5337587,363.3640727,-0.215637956,66.78267528,2.096754992,10.06397144,13.40611939,-0.031643108,78.43,0,0,1,0,52194.15803,1499.98871,1273.851083,0.849240448,0.177434064,6,0.5,0: Broadleaf,2,TRUE,1785349589,359.7553226,365.6258387,13.56796129,10.41591613,400.1207742,17.39535806,400.7472903,100.5782581,0.100021268,32.6796,32.84483548,999.9,0,0,9999.874516,0,16.81305806,-5.870657419,364.7036129,369.4744839,3.152051935,365.6258387,10.41591613,1.364642903,1.047615161,11.53018065,7.592419355,1499.98871,0.691984548,0.308015452,0,2.502935484,0,15857.2871,13609.42581,45.062,46.33232258,45.75,45.062,44.808,1037.969355,462.0187097,0,1785349544,0,1785346520,12:35:19,1785346508,1785346520,3,-0.922,-0.091,-40.365,-3.827,400,12,0.41,0.28,-5.244250488,-8.468828571,1.143575141,0,2.526067647,-0.497046604,0.238652231,1,3.101672927,1.385887735,0.176856342,0,1,3,1/3,2.97911,2.76478,0.0972423,0.090965,0.0909463,0.0612836,27947.6,18723.1,31731.4,22434.2,38852.8,28647.6,45573.9,32841.5,1.70705,2.66583,0.13373,0,30.6583,999.9,46.4,32.8,23.0464,61.4316,-100,3,0.235539,0,20.3083,5.21759,12.0299,4.95975,3.301,7707.5,9999,9999,136.5,4.97304,1.87531,1.88156,1.88109,1.87874,1.87443,1.87453,1.87683,0,0,0,0,11111111,oooooooo,on,on,on,on,0,100,100,-40.365,-3.8274,-40.36547619,0,0,0,-3.827395238,0,0,0,-1,-1,-1,-1,51.5,51.3,0.15625,4.99878,2.89795,2.90161,2.99805,2.29614,35.4754,14.3247,2,422.503,1360.84,31.4757,30.4412,30.0006,30.1764,30.0392,-1,40,10,-999.9,400,20,99.7189,86.2501
102,1785349717,12958,20260729 13:28:37,13:28:37,15,1785349709,0.001876545,1.876545418,4.150080316,365.0215484,216.1186338,21.75716731,36.74757129,0.050867792,2.939339838,0.050383754,0.031532951,266.1506985,33.69241634,32.7501871,4.981624532,27.30115333,1.349989047,4.944805921,3.631635485,-82.75565292,-20.87350954,-1.621348647,160.9001873,1.767156375,2.037678133,4.150080316,371.8890959,367.4530606,-0.279952853,66.78267528,1.876545418,10.3551087,13.26864727,-0.017996416,78.43,0,0,1,0,52195.58948,1500.005161,1273.864374,0.849239994,0.177433188,6,0.5,0: Broadleaf,2,TRUE,1785349709,365.0215484,368.7834194,13.40973226,10.39785161,405.3870323,17.23712258,400.4846774,100.5723548,0.099979303,32.61846452,32.7501871,999.9,0,0,9998.687097,0,16.02929677,-3.761855806,369.9830968,372.6582903,3.011883548,368.7834194,10.39785161,1.348647419,1.045735484,11.35195161,7.568975161,1500.005161,0.692000065,0.307999935,0,2.539809677,0,15808.24839,13609.62258,45.062,46.24187097,45.75,45,44.784,1038.003871,462.0012903,0,1785349664,0,1785346520,12:35:19,1785346508,1785346520,3,-0.922,-0.091,-40.365,-3.827,400,12,0.41,0.28,-3.390613902,-11.21736376,1.208577367,0,2.566423529,0.22722383,0.212592449,1,3.000344146,0.001518188,0.090860759,1,2,3,2/3,2.97808,2.7647,0.0979657,0.0916754,0.0904378,0.0630784,27920.2,18703.6,31726.2,22428.6,38868.3,28584,45566.4,32831.5,1.70432,2.66572,0.140421,0,30.4632,999.9,46.6,32.8,23.1463,61.8416,-100,3,0.243953,0,20.3085,5.21684,12.0287,4.95975,3.301,7707.5,9999,9999,136.6,4.973,1.87531,1.88155,1.88101,1.87869,1.87442,1.87454,1.87683,0,0,0,0,11111111,oooooooo,on,on,on,on,0,100,100,-40.366,-3.8274,-40.36547619,0,0,0,-3.827395238,0,0,0,-1,-1,-1,-1,53.5,53.3,0.15625,4.99878,2.89795,2.90161,2.99805,2.28516,35.4754,14.3072,2,421.479,1362.28,31.4429,30.5423,30.0004,30.2598,30.113,-1,40,10,-999.9,400,20,99.7024,86.2259
103,1785349837,13078,20260729 13:30:37,13:30:37,15,1785349829,0.00180849,1.808490261,4.176816464,361.6803548,206.050864,20.74295752,36.41004016,0.048597995,2.939257789,0.048155975,0.030136863,266.1479909,33.63436224,32.70255161,4.968282194,26.5137973,1.305474122,4.923753877,3.662808072,-79.75442052,-25.32006563,-1.965599498,159.1079053,3.805774615,1.763191531,4.176816464,371.9583292,366.0174727,-0.057061253,66.78267528,1.808490261,10.27996123,12.95346061,-0.00022595,78.43,0,0,1,0,52206.11485,1499.994516,1273.85491,0.849239711,0.177432643,6,0.5,0: Broadleaf,2,TRUE,1785349829,361.6803548,368.3310323,12.96797097,10.36318065,402.0458065,16.79537097,400.8752258,100.569129,0.099983006,32.54276452,32.70255161,999.9,0,0,9998.540968,0,17.66221935,-6.65078871,366.4323548,372.1882903,2.604794194,368.3310323,10.36318065,1.304175806,1.042216129,10.84706774,7.519769355,1499.994516,0.692008516,0.307991484,0,2.546841935,0,16093.2129,13609.55484,45,46.06403226,45.625,44.86687097,44.687,1038.010645,461.983871,0,1785349784,0,1785346520,12:35:19,1785346508,1785346520,3,-0.922,-0.091,-40.365,-3.827,400,12,0.41,0.28,-6.864116341,3.255907944,0.369412617,0,2.5643,-0.36496257,0.251731656,1,2.647411463,-0.733712195,0.114361018,0,1,3,1/3,2.97897,2.76466,0.0977149,0.0913206,0.0892051,0.0612868,27924.6,18713.4,31722.6,22431.8,38916.6,28644.3,45560.8,32838,1.70597,2.66405,0.13826,0,30.4467,999.9,46.1,32.8,22.9017,61.5716,-100,3,0.248384,0,20.3084,5.21684,12.0311,4.9598,3.301,7707.5,9999,9999,136.6,4.97299,1.8753,1.88156,1.88101,1.87872,1.87443,1.87454,1.87682,0,0,0,0,11111111,oooooooo,on,on,on,on,0,100,100,-40.365,-3.8274,-40.36547619,0,0,0,-3.827395238,0,0,0,-1,-1,-1,-1,55.5,55.3,0.15625,4.99878,2.89795,2.90161,2.99805,2.27051,35.4523,14.2984,2,422.733,1360.99,31.3753,30.5955,30.0003,30.3137,30.1651,-1,40,10,-999.9,400,20,99.6907,86.2411
104,1785349957,13198,20260729 13:32:37,13:32:37,15,1785349949,0.001614631,1.614630712,3.934156533,369.7548387,206.1321346,20.75141858,37.22339286,0.043318083,2.940547781,0.042966671,0.026885504,266.1529274,33.79486904,32.85400323,5.010810712,27.1908883,1.34721053,4.95463964,3.663600182,-71.2052144,-31.74963052,-2.466820569,160.7312619,5.345103622,1.562857197,3.934156533,382.7739547,376.0204303,0.118874211,66.78267528,1.614630712,11.00453604,13.39590788,-0.000187884,78.43,0,0,1,0,52223.94175,1500.021935,1273.878232,0.849239736,0.17743269,6,0.5,0: Broadleaf,2,TRUE,1785349949,369.7548387,378.6408387,13.38238065,11.06906774,410.1204194,17.20977419,399.9309677,100.5705161,0.099952429,32.65372903,32.85400323,999.9,0,0,10005.74452,0,17.33525806,-8.885837419,374.7702581,382.8787742,2.313306452,378.6408387,11.06906774,1.345873871,1.113223548,11.32115161,8.488992903,1500.021935,0.692009645,0.307990355,0,2.580958065,0,15940.97097,13609.79677,44.97358065,46.062,45.625,44.794,44.687,1038.028387,461.9935484,0,1785349904,0,1785346520,12:35:19,1785346508,1785346520,3,-0.922,-0.091,-40.365,-3.827,400,12,0.41,0.28,-9.001287561,3.917256167,0.57145595,0,2.581452941,-0.250643242,0.214346652,1,2.327642195,-0.016371429,0.051354891,1,2,3,2/3,2.97807,2.76493,0.0995348,0.0940552,0.0909213,0.0662731,27867.7,18646.7,31722.2,22419.5,38842.2,28471.8,45560,32814.7,1.70347,2.6603,0.142634,0,30.5548,999.9,47.9,32.8,23.7945,61.4516,-100,3,0.252477,0,20.3084,5.21699,12.0296,4.9598,3.301,7707.5,9999,9999,136.6,4.97293,1.87531,1.88156,1.88101,1.87871,1.87443,1.87453,1.87683,0,0,0,0,11111111,oooooooo,on,on,on,on,0,100,100,-40.365,-3.8274,-40.36547619,0,0,0,-3.827395238,0,0,0,-1,-1,-1,-1,57.5,57.3,0.15625,4.99878,2.89795,2.90161,2.99805,2.2937,35.4754,14.2809,2,421.691,1356.89,31.4184,30.6547,30.0002,30.3734,30.2245,-1,40,10,-999.9,400,20,99.6891,86.1854
105,1785350077,13318,20260729 13:34:37,13:34:37,15,1785350069,0.001435919,1.43591942,4.101937049,365.3756774,174.7929067,17.59602338,36.78157818,0.037924109,2.939104841,0.037654338,0.023558039,266.1451128,33.94707285,32.98416129,5.047612617,26.69091965,1.330330627,4.984206781,3.71728199,-63.32404642,-35.61512755,-2.771717174,164.4342217,4.856052557,1.435335941,4.101937049,379.8998041,371.5166121,0.32564754,66.78267528,1.43591942,11.21860607,13.27430303,0.009338017,78.43,0,0,1,0,52164.74465,1499.977419,1273.840471,0.849239765,0.177432746,6,0.5,0: Broadleaf,2,TRUE,1785350069,365.3756774,373.4574516,13.21505161,11.08759355,405.7413548,17.04245161,399.4535806,100.5678387,0.099995658,32.75939355,32.98416129,999.9,0,0,9997.799032,0,19.42899032,-8.081670968,370.2689677,377.6449677,2.127460968,373.4574516,11.08759355,1.329009677,1.115055161,11.13094839,8.511758065,1499.977419,0.692006903,0.307993097,0,2.649125806,0,15836.44194,13609.40645,45.062,46.183,45.69106452,44.94919355,44.802,1037.996129,461.9812903,0,1785350024,0,1785346520,12:35:19,1785346508,1785346520,3,-0.922,-0.091,-40.365,-3.827,400,12,0.41,0.28,-6.442612951,-39.39514317,3.903031753,0,2.637620588,-0.028307111,0.227875793,1,2.265386829,-2.66819561,0.285148465,0,1,3,1/3,2.97776,2.76488,0.098737,0.0938537,0.0904694,0.0674101,27890.5,18647.3,31720.3,22415.4,38859.2,28430.7,45557.1,32807.3,1.7027,2.66048,0.139125,0,30.7416,999.9,48.3,32.8,23.9909,62.1117,-100,3,0.258181,0,20.308,5.21714,12.0309,4.95975,3.301,7707.5,9999,9999,136.7,4.97295,1.87531,1.88156,1.88101,1.87872,1.87439,1.87452,1.87683,0,0,0,0,11111111,oooooooo,on,on,on,on,0,100,100,-40.366,-3.8273,-40.36547619,0,0,0,-3.827395238,0,0,0,-1,-1,-1,-1,59.5,59.3,0.15625,4.99878,2.89795,2.90283,2.99805,2.25708,35.4986,14.2371,2,421.647,1358.64,31.5138,30.7166,30.0004,30.4382,30.2946,-1,40,10,-999.9,400,20,99.683,86.1676
106,1785350197,13438,20260729 13:36:37,13:36:37,15,1785350189,0.001420003,1.420002845,2.349730987,422.8510323,303.6188436,30.56544125,42.56859763,0.038693679,2.939885032,0.038412966,0.024033155,266.1502042,34.04156234,33.07067742,5.072204774,29.37689461,1.471698501,5.009714335,3.600506273,-62.62212548,-34.95839103,-2.722249913,165.8474378,-1.109018011,1.434168693,2.349730987,423.2416957,424.8062061,-0.776923603,66.78267528,1.420002845,12.37736856,14.57182364,-0.011232017,78.43,0,0,1,0,52171.53763,1500.007097,1273.865584,0.849239705,0.17743263,6,0.5,0: Broadleaf,2,TRUE,1785350189,422.8510323,422.0942581,14.61897419,12.49099677,463.2166129,18.44636774,398.4636129,100.5704516,0.099984023,32.8501129,33.07067742,999.9,0,0,10001.97871,0,18.18183226,0.756955659,429.1244194,427.4339677,2.127970968,422.0942581,12.49099677,1.470235484,1.256223871,12.66206129,10.28432581,1500.007097,0.692010194,0.307989806,0,2.5678,0,15350.24516,13609.67097,45.062,46.37093548,45.812,45.062,44.875,1038.019677,461.9874194,0,1785350144,0,1785346520,12:35:19,1785346508,1785346520,3,-0.922,-0.091,-40.365,-3.827,400,12,0.41,0.28,-4.576643282,76.61510716,8.948243447,0,2.643867647,-0.668664637,0.204625991,1,2.05834439,1.37942676,0.158347411,0,1,3,1/3,2.97721,2.76475,0.107993,0.0993836,0.0953289,0.0714968,27600,18521.4,31716,22401,38645.6,28283.8,45551.2,32781.6,1.70058,2.66227,0.145085,0,30.7208,999.9,51.7,32.9,25.8273,62.0817,-100,3,0.264052,0,20.3081,5.21699,12.0317,4.95975,3.301,7707.5,9999,9999,136.7,4.97298,1.87531,1.88156,1.881,1.87875,1.87442,1.87453,1.87683,0,0,0,0,11111111,oooooooo,on,on,on,on,0,100,100,-40.366,-3.8274,-40.36547619,0,0,0,-3.827395238,0,0,0,-1,-1,-1,-1,61.5,61.3,0.15625,4.99878,2.89795,2.90283,2.99805,2.32178,35.5451,14.2459,2,420.949,1363.01,31.6323,30.8057,30.0001,30.5202,30.3702,-1,40,10,-999.9,400,20,99.6699,86.1049
107,1785350317,13558,20260729 13:38:37,13:38:37,15,1785350309,0.001339456,1.339455987,3.964820069,359.198,156.3809128,15.74216331,36.15884749,0.034190081,2.939113814,0.033970653,0.021251255,266.1493537,34.03059019,33.05750968,5.068455139,24.46218151,1.223275507,5.000680363,3.845179632,-59.07000902,-37.94654735,-2.955060826,166.1777365,4.308470209,1.351335489,3.964820069,370.5303297,363.9848121,0.080424743,66.78267528,1.339455987,10.16393919,12.15067576,4.82811E-07,78.43,0,0,1,0,52154.94852,1500.005161,1273.863677,0.849239529,0.177432292,6,0.5,0: Broadleaf,2,TRUE,1785350309,359.198,366.3959355,12.15188387,10.14752581,399.5635484,15.97928387,399.6035161,100.5654839,0.100019529,32.81802903,33.05750968,999.9,0,0,9998.084194,0,19.81749032,-7.19782129,363.6166452,370.1520968,2.004370645,366.3959355,10.14752581,1.22206,1.020490645,9.873043226,7.212093226,1500.005161,0.692016032,0.307983968,0,2.516145161,0,15694.26129,13609.68387,45.125,46.437,45.82012903,45.125,44.875,1038.027097,461.9780645,0,1785350264,0,1785346520,12:35:19,1785346508,1785346520,3,-0.922,-0.091,-40.365,-3.827,400,12,0.41,0.28,-6.892266585,-4.194694286,0.694322753,0,2.508932353,-0.388157376,0.229879173,1,2.081052927,-1.08547547,0.147457638,0,1,3,1/3,2.97765,2.76467,0.0973428,0.0912431,0.086035,0.0616015,27930.4,18710.8,31717.2,22427.5,39045.8,28629.3,45552.6,32832.3,1.70247,2.66055,0.143655,0,30.7328,999.9,46,32.9,22.9794,61.8717,-100,3,0.265518,0,20.3079,5.21729,12.0332,4.95975,3.301,7707.5,9999,9999,136.7,4.97307,1.87531,1.88156,1.881,1.87869,1.87441,1.8745,1.87682,0,0,0,0,11111111,oooooooo,on,on,on,on,0,100,100,-40.365,-3.8274,-40.36547619,0,0,0,-3.827395238,0,0,0,-1,-1,-1,-1,63.5,63.3,0.15625,4.99878,2.89795,2.90161,2.99805,2.33154,35.5683,14.2283,2,422.185,1361.18,31.6393,30.827,30.0002,30.5481,30.4044,-1,40,10,-999.9,400,20,99.6731,86.2254
108,1785350437,13678,20260729 13:40:37,13:40:37,15,1785350429,0.001201459,1.201458933,3.466753882,366.5985484,171.8947568,17.30418762,36.90450004,0.031304461,2.93955452,0.031120429,0.019466712,266.1514815,34.07874623,33.08048387,5.074998818,26.21463753,1.311846742,5.004252835,3.763152076,-52.98433893,-39.58148577,-3.082457423,170.5031993,4.549612815,1.104006514,3.466753882,378.1640995,372.2208606,0.100316032,66.78267528,1.201458933,11.36400937,13.09731212,0.006635117,78.43,0,0,1,0,52165.36968,1500.00129,1273.861848,0.849240502,0.177434168,6,0.5,0: Broadleaf,2,TRUE,1785350429,366.5985484,374.0565161,13.03150323,11.39125484,406.964,16.85889677,398.5809677,100.5673548,0.099983329,32.83072258,33.08048387,999.9,0,0,10000.40581,0,13.57327097,-7.457963871,371.4390968,378.3665806,1.640225161,374.0565161,11.39125484,1.31054129,1.145588387,10.92015484,8.912460645,1500.00129,0.691982387,0.308017613,0,2.521909677,0,14876.82581,13609.50645,45.25,46.413,45.875,45.187,44.94512903,1037.975806,462.0254839,0,1785350384,0,1785346520,12:35:19,1785346508,1785346520,3,-0.922,-0.091,-40.365,-3.827,400,12,0.41,0.28,-7.945699756,7.725763066,1.077530404,0,2.534155882,-0.174892283,0.195345849,1,1.588289512,1.198917491,0.133812312,0,1,3,1/3,2.97656,2.76482,0.0987956,0.0930975,0.0897269,0.0672159,27880.6,18659.6,31712,22412.1,38881.5,28432.7,45545.8,32803.2,1.69907,2.6547,0.139654,0,30.8099,999.9,48.5,32.9,24.2283,61.8117,-100,3,0.274296,0,20.3081,5.21729,12.0315,4.9597,3.301,7707.5,9999,9999,136.8,4.97296,1.87531,1.88154,1.88097,1.87869,1.8744,1.87451,1.87683,0,0,0,0,11111111,oooooooo,on,on,on,on,0,100,100,-40.366,-3.8274,-40.36547619,0,0,0,-3.827395238,0,0,0,-1,-1,-1,-1,65.5,65.3,0.15625,4.99878,2.89795,2.90283,2.99805,2.31201,35.6148,14.2021,2,420.781,1354.42,31.6638,30.9084,30.0004,30.6326,30.4863,-1,40,10,-999.9,400,20,99.6576,86.1561
109,1785350557,13798,20260729 13:42:37,13:42:37,15,1785350549,0.001003724,1.003724182,3.785519445,362.3935484,109.7967641,11.05335757,36.48254579,0.025584784,2.938893634,0.025461687,0.015924565,266.1476339,34.03541262,32.99352258,5.050268543,24.20848129,1.205012882,4.977647577,3.84525566,-44.26423642,-40.80229837,-3.175414168,177.9056849,3.806789232,1.171402837,3.785519445,373.5737155,366.9411273,0.134140858,66.78267528,1.003724182,10.37256304,11.91266182,-0.006466009,78.43,0,0,1,0,52162.78949,1500.00129,1273.859855,0.849239173,0.177431603,6,0.5,0: Broadleaf,2,TRUE,1785350549,362.3935484,368.7500323,11.96980323,10.23112258,402.7588065,15.79719677,399.399871,100.5710323,0.100036387,32.736,32.99352258,999.9,0,0,9996.28,0,15.85486774,-6.356532903,366.7838387,372.5618065,1.73868129,368.7500323,10.23112258,1.203814516,1.028953871,9.648709677,7.332021935,1500.00129,0.692029,0.307971,0,2.689364516,0,15311.39355,13609.70323,45.187,46.20122581,45.75,45.05,44.875,1038.042258,461.9590323,0,1785350504,0,1785346520,12:35:19,1785346508,1785346520,3,-0.922,-0.091,-40.365,-3.827,400,12,0.41,0.28,-5.402250488,-16.9429708,1.729398015,0,2.689508824,-0.012887708,0.177477928,1,1.793408293,-0.807062509,0.113156523,0,1,3,1/3,2.97723,2.76463,0.0978932,0.09217,0.0850928,0.0634409,27906.8,18685.9,31710.4,22421,39078.6,28563.2,45543.6,32821.1,1.70052,2.65852,0.141628,0,30.686,999.9,45.9,32.9,22.9282,61.4217,-100,3,0.279456,0,20.3082,5.21699,12.0326,4.95965,3.301,7707.5,9999,9999,136.8,4.973,1.87531,1.88155,1.88104,1.87873,1.87442,1.87453,1.87683,0,0,0,0,11111111,oooooooo,on,on,on,on,0,100,100,-40.365,-3.8274,-40.36547619,0,0,0,-3.827395238,0,0,0,-1,-1,-1,-1,67.5,67.3,0.15625,4.99878,2.89795,2.90283,2.99805,2.29614,35.5915,14.1933,2,421.954,1361.33,31.5911,30.975,30.0002,30.6919,30.5426,-1,40,10,-999.9,400,20,99.6527,86.1978
110,1785350677,13918,20260729 13:44:37,13:44:37,15,1785350669,0.001042032,1.042032454,3.635763259,363.5580645,128.5362563,12.94025691,36.60083851,0.026611366,2.939680731,0.026478256,0.016560814,266.1481827,33.96227223,32.91977419,5.02937802,23.98783594,1.189802481,4.960024256,3.839575538,-45.95363121,-39.107733,-3.040680801,178.0461377,1.357268767,1.178462802,3.635763259,369.0920445,365.4873515,-0.289614692,66.78267528,1.042032454,9.933370465,11.67112061,-0.024366987,78.43,0,0,1,0,52196.02015,1499.995484,1273.855742,0.849239718,0.177432656,6,0.5,0: Broadleaf,2,TRUE,1785350669,363.5580645,366.2427419,11.81837097,10.06758032,403.9237419,15.64577097,399.0889355,100.574,0.099983277,32.6730129,32.91977419,999.9,0,0,10000.46323,0,14.40069355,-2.684489032,367.9065161,369.9674516,1.750803226,366.2427419,10.06758032,1.188622903,1.012536548,9.459539677,7.096940968,1499.995484,0.692010032,0.307989968,0,2.770425806,0,14880.79677,13609.56774,45.06606452,46.026,45.625,44.877,44.812,1038.010968,461.9845161,0,1785350624,0,1785346520,12:35:19,1785346508,1785346520,3,-0.922,-0.091,-40.365,-3.827,400,12,0.41,0.28,-2.46385561,-6.859241603,0.785856621,0,2.780761765,0.435845684,0.231247943,1,1.727058537,0.586818606,0.08718219,0,1,3,1/3,2.97668,2.76478,0.0975856,0.0909428,0.0840704,0.0610619,27914.6,18714.6,31708.6,22425.4,39120,28643.4,45540.8,32829.9,1.69958,2.6553,0.140227,0,30.654,999.9,45.1,32.9,22.5274,61.6317,-100,3,0.283252,0,20.3084,5.21714,12.0305,4.95975,3.301,7707.5,9999,9999,136.8,4.97295,1.87531,1.88156,1.88102,1.87871,1.87441,1.87451,1.87682,0,0,0,0,11111111,oooooooo,on,on,on,on,0,100,100,-40.366,-3.8274,-40.36547619,0,0,0,-3.827395238,0,0,0,-1,-1,-1,-1,69.5,69.3,0.15625,4.99878,2.89795,2.90161,2.99805,2.29858,35.5915,14.1933,2,421.729,1357.73,31.5324,31.021,30.0003,30.7433,30.595,-1,40,10,-999.9,400,20,99.6468,86.2184
111,1785350797,14038,20260729 13:46:37,13:46:37,15,1785350789,0.000889567,0.889566882,3.817931008,361.8171613,73.02024695,7.351263011,36.42569322,0.02230389,2.940453591,0.022210327,0.013889828,266.14491,34.06695148,33.00129677,5.052475112,22.98666015,1.144370733,4.97841237,3.908104379,-39.22989948,-41.62374401,-3.237790949,182.0534756,3.260992379,1.12242678,3.817931008,371.8502355,365.6464727,0.060252748,66.78267528,0.889566882,9.948458826,11.27806364,-0.000693996,78.43,0,0,1,0,52206.82072,1499.971935,1273.836213,0.849240031,0.17743326,6,0.5,0: Broadleaf,2,TRUE,1785350789,361.8171613,367.3382581,11.36705806,9.69637129,402.1828387,15.19445161,398.5192581,100.5743226,0.099987874,32.73872903,33.00129677,999.9,0,0,10004.82968,0,15.24451613,-5.521035806,365.9774839,370.9353548,1.670689032,367.3382581,9.69637129,1.143233548,0.975204871,8.881572581,6.548073871,1499.971935,0.691999323,0.308000677,0,2.689022581,0,14951.69355,13609.34194,45.062,46,45.625,44.84654839,44.796,1037.979032,461.9929032,0,1785350744,0,1785346520,12:35:19,1785346508,1785346520,3,-0.922,-0.091,-40.365,-3.827,400,12,0.41,0.28,-4.651342439,-22.03081045,2.214981566,0,2.693985294,0.004759347,0.229952303,1,1.818562439,-3.772066202,0.375181394,0,1,3,1/3,2.97652,2.76477,0.0976613,0.0919599,0.0825368,0.061573,27908.5,18691.9,31704.7,22423.4,39180.9,28625.2,45535,32827.1,1.699,2.6543,0.136487,0,30.769,999.9,44.8,32.9,22.3771,61.7517,-100,3,0.288664,0,20.3084,5.21714,12.0329,4.9598,3.301,7707.5,9999,9999,136.9,4.97292,1.87531,1.88155,1.88105,1.87872,1.8744,1.87451,1.87683,0,0,0,0,11111111,oooooooo,on,on,on,on,0,100,100,-40.366,-3.8274,-40.36547619,0,0,0,-3.827395238,0,0,0,-1,-1,-1,-1,71.5,71.3,0.15625,4.99878,2.89795,2.90283,2.99805,2.26562,35.5683,14.1583,2,421.78,1357.72,31.5624,31.0808,30.0002,30.8057,30.6602,-1,40,10,-999.9,400,20,99.6344,86.2109
112,1785350917,14158,20260729 13:48:37,13:48:37,15,1785350909,0.000668971,0.668971048,3.752605242,369.5589355,1.114142925,0.112176928,37.20885823,0.016880374,2.93915133,0.016826699,0.010521495,266.1471693,34.24700568,33.15219355,5.095470998,24.29952011,1.21810809,5.012889492,3.877362908,-29.50162323,-46.08142285,-3.590942152,186.9731811,6.345547572,0.754511896,3.752605242,387.1800687,377.4669091,0.601578776,66.78267528,0.668971048,11.39676656,12.21384121,0.023015645,78.43,0,0,1,0,52149.02743,1499.982581,1273.845445,0.849240159,0.177433507,6,0.5,0: Broadleaf,2,TRUE,1785350909,369.5589355,379.5479355,12.09826774,10.97429355,409.9243548,15.92566452,397.9007419,100.5845161,0.099988161,32.86137742,33.15219355,999.9,0,0,9996.405806,0,17.37653871,-9.98899,374.0846452,383.7603871,1.123968323,379.5479355,10.97429355,1.216896452,1.103842903,9.809817097,8.359853226,1499.982581,0.691995065,0.308005032,0,2.772258065,0,14875.34194,13609.39032,45.06606452,46.062,45.687,44.875,44.812,1037.98,462.0025806,0,1785350864,0,1785346520,12:35:19,1785346508,1785346520,3,-0.922,-0.091,-40.365,-3.827,400,12,0.41,0.28,-9.461305854,-17.31861617,1.906372134,0,2.728985294,0.064469067,0.224694978,1,1.155336293,-1.701753575,0.225606623,0,1,3,1/3,2.9755,2.76485,0.0998075,0.0946851,0.0863215,0.06803,27840.8,18622.3,31703.5,22407.3,39016.5,28401.5,45532.7,32796.2,1.6959,2.65605,0.140913,0,30.8887,999.9,47.5,32.9,23.725,61.4818,-100,3,0.293699,0,20.3084,5.21684,12.03,4.9597,3.301,7707.5,9999,9999,136.9,4.97297,1.87531,1.88156,1.88096,1.87866,1.8744,1.87448,1.87683,0,0,0,0,11111111,oooooooo,on,on,on,on,0,100,100,-40.366,-3.8274,-40.36547619,0,0,0,-3.827395238,0,0,0,-1,-1,-1,-1,73.5,73.3,0.15625,4.99878,2.89795,2.90283,2.99805,2.30713,35.5915,14.1495,2,420.444,1361.83,31.6267,31.1446,30.0002,30.8742,30.7282,-1,40,10,-999.9,400,20,99.6298,86.1376
113,1785351037,14278,20260729 13:50:37,13:50:37,15,1785351029,0.001063202,1.063202152,2.120275665,411.2173226,268.8103586,27.06365442,41.40109618,0.028010131,2.939760574,0.027862706,0.017427372,266.1499041,34.04948657,33.01425806,5.056155813,26.80173416,1.336335635,4.986004366,3.719820177,-46.88721491,-39.37771417,-3.064402321,176.8205727,1.168875873,0.817618729,2.120275665,412.9827092,414.7863091,-0.759208317,66.77295691,1.063202152,11.72978467,13.32618424,-0.001695105,78.43,0,0,1,0,52182.56955,1499.99129,1273.853458,0.84924057,0.1774343,6,0.5,0: Broadleaf,2,TRUE,1785351029,411.2173226,413.4887742,13.27318387,12.05563226,451.5827419,17.10057742,397.5681935,100.5794194,0.099938997,32.7658,33.01425806,999.9,0,0,10000.37871,0,23.82892258,-2.271456935,416.7489677,418.5363226,1.217537645,413.4887742,12.05563226,1.33500871,1.212549355,11.19863871,9.753890645,1499.99129,0.691980839,0.308019161,0,2.709045161,0,14772.76129,13609.41935,45.004,46.169,45.75,44.87093548,44.784,1037.965484,462.0258065,0,1785350984,0,1785346520,12:35:19,1785346508,1785346520,3,-0.922,-0.091,-40.365,-3.827,400,12,0.41,0.28,-7.135950366,88.7000279,8.937752389,0,2.759344118,-0.214770061,0.210517749,1,1.072743756,2.645336132,0.281157095,0,1,3,1/3,2.97558,2.76461,0.106219,0.0969401,0.0905122,0.0675525,27641.1,18574.6,31701.9,22405.8,38834.8,28413.9,45530.4,32793.8,1.6958,2.65665,0.144579,0,30.6627,999.9,49.6,32.9,24.7741,61.6917,-100,3,0.293895,0,20.3082,5.21699,12.03,4.9597,3.301,7707.5,9999,9999,136.9,4.97291,1.87531,1.88156,1.88098,1.87867,1.8744,1.87452,1.87683,0,0,0,0,11111111,oooooooo,on,on,on,on,0,100,100,-40.365,-3.8274,-40.36547619,0,0,0,-3.827395238,0,0,0,-1,-1,-1,-1,75.5,75.3,0.15625,4.99878,2.89795,2.90283,2.99805,2.26685,35.5915,14.1495,2,420.581,1363.31,31.6453,31.1703,29.9999,30.9064,30.755,-1,40,10,-999.9,400,20,99.6248,86.1314
114,1785351157,14398,20260729 13:52:37,13:52:37,15,1785351149,0.000626152,0.626152303,3.503000012,366.0966774,-6.31661016,-0.635939182,36.85762073,0.015573012,2.93976702,0.015527326,0.009708672,266.1458322,34.29031535,33.16040968,5.097821177,23.18136598,1.16418637,5.022078382,3.933634808,-27.61331655,-42.23213123,-3.290950563,193.0094338,10.68887876,0.468583993,3.503000012,397.3799978,379.9968848,1.815110007,66.77295691,0.626152303,11.68203946,11.96721758,0.083136805,78.43,0,0,1,0,52160.8488,1499.978065,1273.841332,0.849239974,0.177433149,6,0.5,0: Broadleaf,2,TRUE,1785351149,366.0966774,382.4757419,11.56354516,10.86502581,406.4619355,15.39093548,397.8405161,100.5773226,0.099965687,32.89394194,33.16040968,999.9,0,0,10000.62387,0,20.87679355,-16.37918129,370.380129,386.6841613,0.698510635,382.4757419,10.86502581,1.16303,1.092774516,9.135281935,8.191848387,1499.978065,0.692000484,0.307999452,0,2.725206452,0,14255.28065,13609.36774,45.062,46.25,45.75,44.937,44.812,1037.986129,461.9919355,0,1785351104,0,1785346520,12:35:19,1785346508,1785346520,3,-0.922,-0.091,-40.365,-3.827,400,12,0.41,0.28,-13.2940139,-78.14198362,9.214655515,0,2.722867647,-0.342907561,0.183808159,1,0.901339505,-5.654025774,0.58491466,0,1,3,1/3,2.97557,2.76465,0.100313,0.0970717,0.0854046,0.0686451,27826.6,18573.3,31705.1,22407.4,39058.1,28382.3,45535.3,32795.7,1.69613,2.65163,0.148118,0,30.7617,999.9,47.7,32.9,23.8249,61.6917,-100,3,0.291921,0,20.3084,5.21579,12.0317,4.9597,3.301,7707.5,9999,9999,137,4.97295,1.87531,1.88156,1.88097,1.87869,1.87441,1.87453,1.87683,0,0,0,0,11111111,oooooooo,on,on,on,on,0,100,100,-40.365,-3.8274,-40.36547619,0,0,0,-3.827395238,0,0,0,-1,-1,-1,-1,77.5,77.3,0.15625,4.99878,2.89795,2.90283,2.99805,2.27417,35.5915,14.1233,2,420.748,1356.19,31.6851,31.1512,30.0003,30.9038,30.7676,-1,40,10,-999.9,400,20,99.6352,86.137
115,1785351579,14820.1,20260729 13:59:39,13:59:39,15,1785351571,-0.000361826,-0.361825776,-16.58782388,2231.294839,-1039.202232,-104.6553679,224.7079299,-0.008209721,2.940321554,-0.008222477,-0.005137901,266.1508045,33.80549739,32.74534516,4.98026692,13.97376195,0.67307653,4.816716732,4.30719039,15.95651672,-93.82461184,-7.268610669,181.0140987,-16.9527723,-0.328394103,-16.58782388,2220.596693,2246.173697,-0.069765254,66.78433325,-0.361825776,7.223490414,6.683174182,8.7816E-06,78.43,0,0,1,0,52303.88676,1500.001613,1273.861742,0.849240248,0.177433679,6,0.5,0: Broadleaf,2,TRUE,1785351571,2231.294839,2204.710645,6.683485484,7.173815806,2271.660645,10.51088387,399.1586129,100.6074194,0.099993206,32.15346129,32.74534516,999.9,0,0,10000.7871,0,3.834406129,26.58554194,2246.307742,2220.640323,-0.490331258,2204.710645,7.173815806,0.672407806,0.721738839,1.26557129,2.254501935,1500.001613,0.691992032,0.308007968,0,2.734735484,0,114.1626774,13609.53871,44.437,45.937,45.32419355,44.437,44.284,1037.98871,462.0129032,0,1785351526,0,1785346520,12:35:19,1785346508,1785346520,3,-0.922,-0.091,-40.365,-3.827,400,12,0.41,0.28,26.6918125,3.726206004,1.305072038,0,2.725097059,-0.112985481,0.206375002,1,-0.481507,-0.265120053,0.031153298,0,1,3,1/3,2.97714,2.76465,0.301237,0.296441,0.0628521,0.0472327,21639.9,14522.4,31752.3,22489.5,40092.4,29165.8,45606.2,32939.1,1.71255,2.66835,0.171818,0,29.9529,999.9,36.1,32.9,18.0264,61.7399,-100,3,0.222055,0,20.3093,5.21744,12.0287,4.9598,3.301,7707.5,9999,9999,137.1,4.97291,1.8753,1.88153,1.88097,1.87868,1.8744,1.87452,1.87683,0,0,0,0,11111111,oooooooo,on,on,on,on,0,100,100,-40.36,-3.8274,-40.36547619,0,0,0,-3.827395238,0,0,0,-1,-1,-1,-1,84.5,84.3,0.15625,4.99878,2.89795,2.90161,2.99805,2.29492,35.2902,14.0795,2,426.666,1369.27,31.4579,30.4979,29.9984,30.3494,30.2478,-1,40,10,-999.9,400,20,99.7875,86.4888