obs,time,elapsed,date,hhmmss,averaging,kam,TIME,E,Emm,A,Ca,Ci,Pci,Pca,gsw,gbw,gtw,gtc,Rabs,TleafEB,TleafCnd,SVPleaf,RHcham,VPcham,SVPcham,VPDleaf,LatHFlux,SenHFlux,NetTherm,EBSum,Asty,Esty,Adyn,Crd,Csd,dCsd/dt,αVc,Edyn,Hr,Hs,dHs/dt,αVh,Leak,LeakPct,CorrFact,CorrFactPct,Fan,Qin,Qabs,alpha,convert,S,K,Geometry,Custom,UseDynamic,TIME,CO2_s,CO2_r,H2O_s,H2O_r,CO2_a,H2O_a,Flow,Pa,ΔPcham,Tair,Tleaf,Tleaf2,Offset,Offset2,Fan_speed,Qamb_in,Qamb_out,ΔCO2,CO2_s_d,CO2_r_d,ΔH2O,CO2_b,H2O_b,e_s,e_r,Td_s,Td_r,Q,f_red,f_blue,f_farred,F,Q_modavg,F_dc,Pc,Tled,TDigital,TPreamp,TPwrSpy,TDrive,Q_red,Q_blue,Q_farred,TSPF,state,time,hhmmss,co2_t,h2o_t,count,co2_adj,h2o_adj,co2_match,h2o_match,co2_at,h2o_at,co2_cv,h2o_cv,ΔCO2:MN,ΔCO2:SLP,ΔCO2:SD,ΔCO2:OK,ΔH2O:MN,ΔH2O:SLP,ΔH2O:SD,ΔH2O:OK,Stable,Total,State,Vflow,VPchamber,abs_c_a,abs_c_b,abs_h_a,abs_h_b,Wc_s,Wc_r,Wco_s,Wco_r,Ww_s,Ww_r,Wwo_s,Wwo_r,Flow_s_v,Flow_r_v,Tleaf_mv,Tleaf2_mv,Tleaf_j,Tleaf2_j,Console_RH,Console_T,Console_H2O,Fan_%,Flow_%,Pump,Tchp_pwm,Txchg_pwm,diag_20v,diag_5_4v,diag_12v,diag_5va,diag_3_3vf,AccCO2_soda,AccH2O_des,AccH2O_hum,CO2_hrs,ADC_CH1,ADC_CH2,ADC_CH3,ADC_CH4,ADC_CH5,ADC_CH6,ADC_CH7,ADC_CH8,DAC_1,DAC_2,DAC_3,DAC_4,GPIO,GPIO_dir,excit_5v,power_12v,power_5v,ch1_pullup,AuxPower,MatchValveR,MatchValveS,MatchCO2,MatchH2O,cf_co2_a,cf_co2_b,cf_co2_c,cf_co2_d,cf_h2o_a,cf_h2o_b,cf_h2o_c,cf_h2o_d,co2_fit_low,co2_fit_high,h2o_fit_low,h2o_fit_high,co2_elapsed,h2o_elapsed,CO2_f,CO2_f_s,Pump_f,Pump_f_s,Pump_p,Pump_p_s,Tboard,V_system,DIAG,Flow_s,Flow_r,Txchg,Tirga,Tchopper,Ts,Tr,CO2_%,Desiccant_%,Humidifier_%,Txchg_sp,CO2_r_sp,H2O_r_sp,SS_s,SS_r
1,1784644723,0,20260721 22:38:43,22:38:43,15,,1784644715,0.001842233,1.842232618,4.368249934,449.6986425,325.7191289,32.94149551,45.48012228,0.067101457,1.384043051,0.065345128,0.040994675,287.4260733,33.39488599,31.5215,4.647272421,41.81197121,1.888173437,4.515868022,2.759098983,-81.24245844,-37.61071016,-6.118551059,162.4543537,4.11068667,1.859985147,4.368249934,466.5543722,458.8354485,0.241513097,60.8620497,1.842232618,16.06586419,18.64482121,-0.000528609,69.65,43,10,1.003394151,0.339415145,25423.7026,1499.979333,1261.19764,0.840810011,0.191620022,6,0.5,0: Broadleaf,2,TRUE,1784644715,449.8017333,456.8297333,18.66989333,16.07864,463.4496667,19.27188667,421.1786667,101.0346667,0.09999992,31.01744667,31.5215,999.9,0,0,4996.166667,0,73.49527333,-7.028106667,458.3591333,464.2949333,2.591246,456.8297333,16.07864,1.886306667,1.624500667,16.52095333,14.19318667,1499.979333,0.973001667,0.02699838,0,1.966706667,0,16552.16,12843.72667,42.312,44.375,43.25,43.1374,42.312,1459.479333,40.5,0,1784644721,0,0,--:--:--,1784215291,1784215309,0,0.224,-0.519,-13.306,-0.669,421,19,0.58,0.15,-7.795624762,-0.176814545,2.395101271,0,2.590531429,-0.011882338,0.005647087,1,1,2,1/2,2.99645,2.7594,0.102149,0.102331,0.0955517,0.0828489,31892.1,22923.8,33625.9,25815.9,38836.9,32050.7,49102.9,40323.4,1.75298,2.68817,0.181999,0,28.5588,999.9,82.499,28.026,31.033,29.34,-100,3,0.164408,0,20.2436,5.20396,11.9536,4.96935,3.294,7158.8,9999,9999,116,4.97361,1.87288,1.87073,1.8723,1.87285,1.87378,1.8733,1.87775,0,0,0,0,11111111,oooooooo,on,on,on,on,0,100,100,-13.654,-0.6074,-9.42914493,-0.010281863,2.60765E-06,-1.39012E-10,-1.586332408,-0.176615401,0.01337041,-8.0725E-05,6,2428,1,22,7157.2,7156.9,0.158691,4.99756,2.64526,2.75635,2.8479,2.24609,32.4433,15.8657,2,363.699,1256.45,29.0699,29.5651,30.0008,29.3947,29.2848,-1,40,10,-999.9,400,20,102.053,94.6491
2,1784644804,81,20260721 22:40:04,22:40:04,15,,1784644796,0.002222687,2.222687085,4.136286856,443.8175664,342.7685088,34.66242065,44.88099339,0.081553472,1.384291225,0.078975229,0.049584373,287.42202,33.3447197,31.63119333,4.676306055,42.23722575,1.923104448,4.553103132,2.753201607,-98.02050044,-35.0486927,-5.707872451,148.6449544,9.664978927,2.267405532,4.136286856,468.5150727,458.3232788,0.734872381,60.84861724,2.222687085,15.90130254,19.00060667,-0.000564362,69.65,42,10,1.003315539,0.331553935,25419.24445,1499.958,1261.17972,0.840810023,0.191620045,6,0.5,0: Broadleaf,2,TRUE,1784644796,443.9152,459.0202,19.01712667,15.86994667,457.7064,19.12938,422.6246667,101.0248667,0.10000262,31.16156,31.63119333,999.9,0,0,4997.876,0,122.5375333,-15.10496,452.5208667,466.4223333,3.147176,459.0202,15.86994667,1.921202667,1.603260667,16.80944667,13.99014,1499.958,0.973001667,0.026998367,0,2.054146667,0,16314.99333,12843.54,42.437,44.4538,43.375,43.2122,42.437,1459.458,40.5,0,1784644802,0,1784644771,22:39:31,1784644771,1784644765,1,-0.189,0.525,-13.682,-0.661,428,16,0.7,0.03,-14.76357143,-1.88421039,1.615839223,0,3.17138619,-0.389980519,0.041417963,0,0,2,0/2,2.99727,2.75943,0.102068,0.102553,0.0949845,0.0823047,31883.9,22911.5,33615.1,25809.3,38853.6,32061.6,49088.6,40314.3,1.7538,2.6829,0.190549,0,28.5502,999.9,81.107,28.188,30.8032,29.13,-100,3,0.177226,0,20.2433,5.20441,11.9554,4.9694,3.29398,7158.8,9999,9999,116,4.97358,1.8729,1.87073,1.87235,1.87286,1.87378,1.87326,1.87775,0,0,0,0,11111111,oooooooo,on,on,on,on,0,100,100,-13.842,-0.1149,-9.618116613,-0.010281863,2.60765E-06,-1.39012E-10,-1.061312389,-0.176615401,0.01337041,-8.0725E-05,6,2428,1,22,0.6,0.7,0.158691,4.99756,2.64526,2.75513,2.8479,2.24976,32.6426,15.8745,2,365.175,1252.62,29.2135,29.7305,30.0007,29.5698,29.4602,-1,40,10,-999.9,400,20,102.022,94.6267
3,1784644933,210.0999999,20260721 22:42:13,22:42:13,15,,1784644925,0.00226174,2.261740012,4.128576114,437.0173918,335.2883776,33.90628851,44.19371132,0.080850218,1.385426908,0.078317512,0.04916939,287.4357667,33.62008564,31.934325,4.75736178,41.75413564,1.933554038,4.630808441,2.823807742,-99.74273451,-35.50022987,-5.793782361,146.39902,4.895774121,2.318664786,4.128576114,455.3604955,447.2323394,0.38632653,60.84861724,2.261740012,15.93471584,19.08295333,-0.002536302,69.65,42,10,1.003314485,0.331448518,25427.30236,1500.033125,1261.242561,0.840809806,0.191619613,6,0.5,0: Broadleaf,2,TRUE,1784644925,437.1148125,445.4333125,19.12029375,15.92075,450.851125,19.212125,425.0615,101.02575,0.099999575,31.45903125,31.934325,999.9,0,0,5003.4375,0,67.78125,-8.318580625,445.6354375,452.63975,3.1995575,445.4333125,15.92075,1.931645,1.608406875,16.89486875,14.03958125,1500.033125,0.973004063,0.026995894,0,1.8983625,0,16030.3125,12844.1875,42.628875,44.70275,43.617125,43.4685,42.683125,1459.543125,40.49125,0,1784644931,0,1784644771,22:39:31,1784644771,1784644765,1,-0.189,0.525,-13.682,-0.661,428,16,0.7,0.03,-6.961487619,-26.84780416,2.952764758,0,3.210711429,-0.244135325,0.032633833,0,0,2,0/2,3.00007,2.75947,0.100168,0.10084,0.0951659,0.0823239,31934.1,22945.5,33598.1,25799.6,38829.2,32047.4,49066.6,40301,1.75753,2.6791,0.187822,0,28.8929,999.9,80.271,28.47,30.9867,29.1791,-100,3,0.196039,0,20.2434,5.20501,11.9554,4.9697,3.294,7158.8,9999,9999,116,4.97359,1.87294,1.87073,1.87233,1.87286,1.87378,1.87329,1.87777,0,0,0,0,11111111,oooooooo,on,on,on,on,0,100,100,-13.752,-0.0995,-9.618116613,-0.010281863,2.60765E-06,-1.39012E-10,-1.061312389,-0.176615401,0.01337041,-8.0725E-05,6,2428,1,22,2.7,2.8,0.158691,4.99756,2.64526,2.75513,2.8479,2.24121,32.9537,15.8394,2,368.68,1253.08,29.4985,29.9912,30.0007,29.837,29.7335,-1,40,10,-999.9,400,20,101.974,94.5937
4,1784645053,330.0999999,20260721 22:44:13,22:44:13,15,,1784645045,0.002232395,2.232394723,3.583377818,455.5053649,362.1605782,36.62370651,46.06325426,0.079159568,1.383023108,0.076725882,0.048166101,287.4364933,33.80619392,32.08332667,4.797650416,41.78414958,1.953543706,4.675322403,2.84410671,-98.44860727,-33.98813322,-5.565331407,149.4344214,5.66431629,2.209700624,3.583377818,472.6935335,466.7172667,0.149218174,60.84861724,2.232394723,16.28063764,19.34796121,0.002146454,69.65,42,10,1.003325469,0.33254693,25343.59269,1500.037333,1261.24606,0.84080978,0.19161956,6,0.5,0: Broadleaf,2,TRUE,1784645045,455.5902,464.9532667,19.31799333,16.27822667,469.4750667,19.37036667,426.2872667,101.0256,0.100002047,31.62748667,32.08332667,999.9,0,0,4991.582667,0,82.81492,-9.36301,464.5649333,472.6470667,3.03975,464.9532667,16.27822667,1.951614,1.644520667,17.05710667,14.38242,1500.037333,0.973004667,0.026995253,0,1.84672,0,15812.24,12844.2,42.75,44.75413333,43.6912,43.604,42.812,1459.547333,40.49,0,1784645051,0,1784644771,22:39:31,1784644771,1784644765,1,-0.189,0.525,-13.682,-0.661,428,16,0.7,0.03,-10.4631225,35.88738812,3.915110731,0,3.037823,0.125585865,0.016952883,0,0,2,0/2,3.00096,2.75945,0.103098,0.102145,0.0959667,0.0834646,31819.6,22905.7,33588,25793.1,38783.5,31998,49053.6,40292.5,1.75742,2.67413,0.193283,0,28.9624,999.9,80.131,28.721,31.389,29.2091,-100,3,0.208389,0,20.2437,5.20306,11.956,4.9693,3.294,7158.8,9999,9999,116.1,4.97358,1.87292,1.87073,1.87233,1.87286,1.87378,1.87328,1.87776,0,0,0,0,11111111,oooooooo,on,on,on,on,0,100,100,-13.897,-0.0455,-9.618116613,-0.010281863,2.60765E-06,-1.39012E-10,-1.061312389,-0.176615401,0.01337041,-8.0725E-05,6,2428,1,22,4.7,4.8,0.157471,4.99756,2.64526,2.75513,2.8479,2.24365,33.1992,15.8482,2,369.826,1250.18,29.7026,30.1713,30.0005,30.0326,29.9325,-1,40,10,-999.9,400,20,101.946,94.5722
5,1784645173,450.0999999,20260721 22:46:13,22:46:13,15,,1784645165,0.002274179,2.27417904,3.854565238,457.924135,359.2388523,36.33067835,46.31095537,0.079678289,1.384628019,0.077215899,0.048474834,287.42598,33.92438327,32.18989333,4.826646901,41.32753936,1.947836513,4.713168369,2.878810388,-100.2912957,-31.37308908,-5.137461821,150.6241334,4.838336815,2.215150037,3.854565238,472.0331349,467.2725758,-0.131495888,60.84861724,2.27417904,16.23243163,19.31682545,0.007787729,69.65,41,10,1.003241621,0.324162061,25377.98923,1499.982,1261.19958,0.84080981,0.191619619,6,0.5,0: Broadleaf,2,TRUE,1784645165,458.0152667,466.2206667,19.26026667,16.21648667,471.9194667,19.32420667,426.8366667,101.0324,0.099975073,31.76961333,32.18989333,999.9,0,0,4999.165333,0,111.5138667,-8.205568,467.01,473.9059333,3.0438,466.2206667,16.21648667,1.945912667,1.63839,17.01094,14.32468667,1499.982,0.973004333,0.026995593,0,1.993133333,0,15633.48,12843.74,42.8708,44.812,43.7996,43.65393333,42.8874,1459.492,40.49,0,1784645171,0,1784644771,22:39:31,1784644771,1784644765,1,-0.189,0.525,-13.682,-0.661,428,16,0.7,0.03,-10.551236,54.99732902,5.899860365,0,3.048043,0.051372632,0.02336297,1,1,2,1/2,3.00157,2.75944,0.103203,0.102047,0.0958354,0.0831874,31806.4,22902.7,33578.6,25787.5,38781.1,32000.5,49041.6,40284.8,1.75758,2.67127,0.197001,0,28.9987,999.9,78.916,28.973,31.3651,29.1491,-100,3,0.218755,0,20.2434,5.20486,11.956,4.96925,3.294,7158.8,9999,9999,116.1,4.97362,1.87292,1.87073,1.87232,1.87286,1.87376,1.8733,1.87775,0,0,0,0,11111111,oooooooo,on,on,on,on,0,100,100,-13.904,-0.0518,-9.618116613,-0.010281863,2.60765E-06,-1.39012E-10,-1.061312389,-0.176615401,0.01337041,-8.0725E-05,6,2428,1,22,6.7,6.8,0.157471,4.99756,2.64526,2.75391,2.8479,2.25952,33.4232,15.8219,2,370.842,1249.5,29.878,30.3062,30.0005,30.1863,30.0919,-1,40,10,-999.9,400,20,101.919,94.5532
6,1784645293,570.0999999,20260721 22:48:13,22:48:13,15,,1784645285,0.002350167,2.350167232,3.929987628,450.6580772,352.7348558,35.67546879,45.57938605,0.081874,1.384464051,0.079276112,0.049774113,287.4291467,34.06980946,32.37544,4.877497765,41.59117055,1.98083831,4.762641406,2.896659455,-103.6423749,-31.46242411,-5.162079612,147.162268,2.788616825,2.347564436,3.929987628,464.5439914,458.9534121,-0.001882463,60.85965276,2.350167232,16.34386315,19.57522667,-0.000169276,69.65,41,10,1.003244233,0.324423256,25357.62324,1499.998667,1261.21358,0.840809801,0.191619601,6,0.5,0: Broadleaf,2,TRUE,1784645285,450.7510667,456.1313333,19.58518667,16.36917333,464.5972,19.58374,427.9824667,101.0396,0.100018607,31.95391333,32.37544,999.9,0,0,4998,0,64.03672667,-5.380322,459.7552667,463.7220667,3.216004667,456.1313333,16.36917333,1.978879333,1.653935333,17.27634,14.47068667,1499.998667,0.973006333,0.026993533,0,1.90522,0,15478.58,12843.89333,42.9958,44.9496,43.937,43.7038,43.00413333,1459.508667,40.49,0,1784645291,0,1784644771,22:39:31,1784644771,1784644765,1,-0.189,0.525,-13.682,-0.661,428,16,0.7,0.03,-5.253808,-12.86774707,1.924109266,0,3.2087,0.208181955,0.021714497,0,0,2,0/2,3.003,2.75946,0.101869,0.101878,0.0965976,0.0836983,31843.8,22901,33568.9,25781.4,38736.6,31974.2,49029.2,40276.5,1.75957,2.66665,0.201382,0,29.1014,999.9,78.714,29.215,31.7236,29.0591,-100,3,0.229378,0,20.2438,5.20471,11.9557,4.96955,3.294,7158.8,9999,9999,116.2,4.97361,1.87295,1.87075,1.87241,1.87286,1.87378,1.87331,1.87775,0,0,0,0,11111111,oooooooo,on,on,on,on,0,100,100,-13.84,-0.0007,-9.618116613,-0.010281863,2.60765E-06,-1.39012E-10,-1.061312389,-0.176615401,0.01337041,-8.0725E-05,6,2428,1,22,8.7,8.8,0.157471,4.99756,2.64526,2.75391,2.8479,2.24609,33.6479,15.8044,2,372.762,1246.07,30.0508,30.4438,30.0005,30.3332,30.2441,-1,40,10,-999.9,400,20,101.892,94.5326
7,1784645413,690.0999999,20260721 22:50:13,22:50:13,15,,1784645405,0.002326466,2.326466237,3.481843891,456.3932907,365.4946217,36.96901247,46.16322171,0.080263651,1.385645253,0.077767332,0.048822399,287.4326933,34.20399976,32.48544,4.907863964,41.38813259,1.985054458,4.796192372,2.922809506,-102.5971611,-30.44043852,-4.99588632,149.3992074,2.337100437,2.320700491,3.481843891,468.1507391,464.4195091,-0.216019838,60.85965276,2.326466237,16.4673535,19.65381515,0.000567989,69.65,41,10,1.003241213,0.324121344,25381.16699,1500.017333,1261.22926,0.840809791,0.191619581,6,0.5,0: Broadleaf,2,TRUE,1784645405,456.4756,461.2157333,19.62526667,16.45343333,470.3675333,19.6157,428.9617333,101.0479333,0.099964007,32.07795333,32.48544,999.9,0,0,5003.416667,0,107.1558667,-4.740088,465.6133333,468.9312,3.171839333,461.2157333,16.45343333,1.983092667,1.662586,17.31,14.55143333,1500.017333,0.973007,0.026992853,0,1.929453333,0,15332.45333,12844.06667,43.125,45.125,44.083,43.854,43.1746,1459.527333,40.49,0,1784645411,0,1784644771,22:39:31,1784644771,1784644765,1,-0.189,0.525,-13.682,-0.661,428,16,0.7,0.03,-4.3275205,-2.968910526,1.66197039,0,3.1817745,-0.115497293,0.020611851,0,0,2,0/2,3.00358,2.75939,0.102625,0.101889,0.096829,0.084041,31808.1,22895.1,33560.1,25775.6,38718.4,31954.5,49018.2,40268.9,1.7595,2.66528,0.202447,0,29.2198,999.9,78.012,29.416,31.805,29.2392,-100,3,0.239426,0,20.2436,5.20486,11.956,4.9692,3.294,7158.8,9999,9999,116.2,4.97361,1.87294,1.87075,1.87239,1.87286,1.87378,1.87331,1.87776,0,0,0,0,11111111,oooooooo,on,on,on,on,0,100,100,-13.878,0.0161,-9.618116613,-0.010281863,2.60765E-06,-1.39012E-10,-1.061312389,-0.176615401,0.01337041,-8.0725E-05,6,2428,1,22,10.7,10.8,0.157471,4.99756,2.64526,2.75391,2.8479,2.23877,33.8509,15.7781,2,373.584,1247.12,30.2196,30.5788,30.0004,30.4733,30.3853,-1,40,10,-999.9,400,20,101.868,94.5135
8,1784645533,810.0999999,20260721 22:52:13,22:52:13,15,,1784645525,0.002339042,2.339041891,3.785491516,452.7273851,355.4352127,35.9510834,45.79186134,0.079926513,1.386071526,0.077451508,0.048623178,287.4249667,34.3256532,32.60528667,4.941135562,41.21392707,1.991176453,4.831319398,2.949959109,-103.1517474,-29.76132855,-4.888902762,149.622988,2.004340831,2.399048533,3.785491516,465.9218455,460.8035455,-0.045703955,60.85965276,2.339041891,16.47396145,19.67630727,0.000106542,69.65,41,10,1.003241002,0.324100238,25382.81452,1499.976667,1261.1951,0.840809813,0.191619625,6,0.5,0: Broadleaf,2,TRUE,1784645525,452.8168667,457.1250667,19.68603333,16.41168667,466.6794,19.66409333,429.5337333,101.0466667,0.099989907,32.20701333,32.60528667,999.9,0,0,5005.583333,0,96.67621333,-4.308338,461.9101333,464.7524667,3.274344667,457.1250667,16.41168667,1.989209333,1.658348667,17.3587,14.51185333,1499.976667,0.973006667,0.026993207,0,1.99484,0,15207.42,12843.69333,43.312,45.30373333,44.25,43.937,43.312,1459.486667,40.49,0,1784645531,0,1784644771,22:39:31,1784644771,1784644765,1,-0.189,0.525,-13.682,-0.661,428,16,0.7,0.03,-3.38792308,-14.68206251,2.229539201,0,3.2802775,-0.436135489,0.058839591,0,0,2,0/2,3.00418,2.75937,0.102008,0.100809,0.0968678,0.0842,31821.2,22917.3,33551.5,25770.3,38708.7,31941.7,49007.1,40261.6,1.75975,2.66243,0.205878,0,29.2738,999.9,77.298,29.658,31.957,29.3591,-100,3,0.2489,0,20.2436,5.20022,11.956,4.9693,3.294,7158.8,9999,9999,116.2,4.97362,1.873,1.87077,1.87238,1.87286,1.87375,1.87331,1.87775,0,0,0,0,11111111,oooooooo,on,on,on,on,0,100,100,-13.849,0.0211,-9.618116613,-0.010281863,2.60765E-06,-1.39012E-10,-1.061312389,-0.176615401,0.01337041,-8.0725E-05,6,2428,1,22,12.7,12.8,0.157471,4.99756,2.64526,2.75269,2.8479,2.22412,34.0318,15.7519,2,374.497,1245.77,30.3639,30.7029,30.0005,30.6012,30.5145,-1,40,10,-999.9,400,20,101.843,94.4955
9,1784645653,930.0999999,20260721 22:54:13,22:54:13,15,,1784645645,0.002405622,2.405622007,3.521661863,466.1458132,374.3057177,37.85786748,47.14671882,0.081161875,1.384382768,0.078608079,0.049352804,287.4326667,34.47070272,32.75448,4.982828471,40.86953818,1.994380926,4.879871451,2.988447545,-106.0879305,-27.64623884,-4.554285666,149.1442116,2.70460854,2.374084709,3.521661863,474.6747476,473.2532727,-0.635020631,60.85965276,2.405622007,16.4432166,19.7321097,0.000316752,69.65,40,9,1.003169638,0.316963766,25319.47801,1500.014667,1261.22726,0.840809952,0.191619904,6,0.5,0: Broadleaf,2,TRUE,1784645645,466.2292667,471.5364667,19.71870667,16.48134,480.1988667,19.69012,429.9364,101.0416,0.099968747,32.38406,32.75448,999.9,0,0,4997.5,0,72.21771333,-5.307118267,475.6076667,479.4385333,3.237342,471.5364667,16.48134,1.992407333,1.665303333,17.38413333,14.5767,1500.014667,0.973003533,0.026996453,0,2.014886667,0,15072.66667,12844.02667,43.4122,45.39566667,44.375,44.1166,43.437,1459.516667,40.498,0,1784645651,0,1784644771,22:39:31,1784644771,1784644765,1,-0.189,0.525,-13.682,-0.661,428,16,0.7,0.03,-7.8866637,59.47664274,5.962907379,0,3.222307,0.473152782,0.048357251,0,0,2,0/2,3.00401,2.75949,0.103988,0.103167,0.0969816,0.0838436,31743.4,22853.1,33544,25766.2,38697.2,31949.5,48997.6,40256.2,1.7587,2.66135,0.205059,0,29.4252,999.9,76.456,29.87,31.9985,29.2391,-100,3,0.257259,0,20.2435,5.20426,11.9557,4.96945,3.294,7158.8,9999,9999,116.3,4.97363,1.87296,1.87078,1.87239,1.87287,1.87378,1.87332,1.87775,0,0,0,0,11111111,oooooooo,on,on,on,on,0,100,100,-13.948,0.0307,-9.618116613,-0.010281863,2.60765E-06,-1.39012E-10,-1.061312389,-0.176615401,0.01337041,-8.0725E-05,6,2428,1,22,14.7,14.8,0.157471,4.99756,2.64526,2.75269,2.8479,2.21924,34.2133,15.7431,2,374.668,1246.71,30.5118,30.8162,30.0004,30.7172,30.6308,-1,40,10,-999.9,400,20,101.822,94.4818
10,1784645773,1050.1,20260721 22:56:13,22:56:13,15,,1784645765,0.002384859,2.384859036,3.961127266,455.7874063,353.2854636,35.73076983,46.09766487,0.078971797,1.384875541,0.076552585,0.048056549,287.4336467,34.63028576,32.88924,5.020750709,40.21224033,1.978992979,4.921369619,3.041757731,-105.1722835,-26.50977803,-4.371625085,151.3799601,7.919873193,2.378090366,3.961127266,476.7466023,468.7046242,0.433834138,60.85965276,2.384859036,16.32702912,19.58068909,0.000246071,69.65,40,9,1.003169397,0.316939686,25321.39561,1500.020667,1261.23222,0.840809896,0.191619791,6,0.5,0: Broadleaf,2,TRUE,1784645765,455.8812667,468.382,19.56715333,16.33156667,469.7683333,19.56936667,430.9656667,101.0385333,0.099989213,32.53417333,32.88924,999.9,0,0,5000.083333,0,95.57373333,-12.50073333,464.9795333,476.1584,3.2356,468.382,16.33156667,1.977038,1.650114667,17.26162,14.43494667,1500.020667,0.973004533,0.026995387,0,1.987873333,0,14965.12667,12844.09333,43.52893333,45.5,44.4832,44.2122,43.55786667,1459.525333,40.49533333,0,1784645771,0,1784644771,22:39:31,1784644771,1784644765,1,-0.189,0.525,-13.682,-0.661,428,16,0.7,0.03,-13.237245,18.5095985,1.863928419,0,3.238349,0.023536241,0.013260261,1,1,2,1/2,3.00549,2.75946,0.103364,0.104092,0.0964972,0.0835719,31759.3,22825.3,33537.9,25761.8,38714,31953.7,48989.8,40250.1,1.7611,2.6577,0.205133,0,29.5652,999.9,75.253,30.101,31.9197,29.3291,-100,3,0.264129,0,20.2437,5.20246,11.956,4.96915,3.294,7158.8,9999,9999,116.3,4.97361,1.87296,1.87075,1.8724,1.87286,1.87377,1.87332,1.87775,0,0,0,0,11111111,oooooooo,on,on,on,on,0,100,100,-13.92,0.001,-9.618116613,-0.010281863,2.60765E-06,-1.39012E-10,-1.061312389,-0.176615401,0.01337041,-8.0725E-05,6,2428,1,22,16.7,16.8,0.157471,4.99756,2.64526,2.75269,2.8479,2.2168,34.3725,15.7081,2,376.496,1243.52,30.6616,30.9066,30.0004,30.8133,30.7301,-1,40,10,-999.9,400,20,101.805,94.4669
11,1784645893,1170.1,20260721 22:58:13,22:58:13,15,,1784645885,0.002364977,2.36497741,4.158855762,468.6642185,359.7468121,36.38050735,47.39511643,0.077487758,1.38559787,0.075158347,0.047177422,287.4316544,34.80015913,33.09196667,5.078272187,40.42459973,2.007599527,4.966281769,3.07067266,-104.2955038,-29.62366974,-4.891303007,148.6211779,5.023012031,2.418787597,4.158855762,485.3525377,478.9397758,0.095691967,60.85965276,2.36497741,16.58068709,19.82024364,-0.002829713,69.65,40,9,1.003168403,0.316840346,25329.30965,1500.009333,1261.222781,0.840809955,0.191619911,6,0.5,0: Broadleaf,2,TRUE,1784645885,468.7627333,477.2967333,19.85204667,16.56805333,482.7522,19.79622,431.7542667,101.0280667,0.100021553,32.6954,33.09196667,999.9,0,0,5004.166667,0,102.9632,-8.534106,478.257,485.3381333,3.284024,477.2967333,16.56805333,2.005616667,1.673838,17.48873333,14.6559,1500.009333,0.9730004,0.02699964,0,2.03132,0,14859.86667,12843.98,43.687,45.687,44.6374,44.3372,43.6912,1459.510667,40.498,0,1784645891,0,1784644771,22:39:31,1784644771,1784644765,1,-0.189,0.525,-13.682,-0.661,428,16,0.7,0.03,-7.8317055,-15.86489008,2.494733921,0,3.273993,-0.031894737,0.039547486,1,1,2,1/2,3.00656,2.75942,0.104968,0.105609,0.0971962,0.0847273,31694,22781.6,33529.4,25756.5,38674,31905.9,48978.5,40243.1,1.76192,2.6545,0.208151,0,29.7193,999.9,75.382,30.293,32.3277,29.1491,-100,3,0.273191,0,20.244,5.20471,11.956,4.96945,3.294,7158.8,9999,9999,116.3,4.97362,1.87302,1.87076,1.8724,1.87286,1.87377,1.87332,1.87775,0,0,0,0,11111111,oooooooo,on,on,on,on,0,100,100,-13.999,0.0493,-9.618116613,-0.010281863,2.60765E-06,-1.39012E-10,-1.061312389,-0.176615401,0.01337041,-8.0725E-05,6,2428,1,22,18.7,18.8,0.157471,4.99756,2.64526,2.75146,2.8479,2.27539,34.5549,15.6993,2,377.596,1241.25,30.8141,31.0166,30.0005,30.9226,30.8407,-1,40,10,-999.9,400,20,101.781,94.4493
12,1784646013,1290.1,20260721 23:00:13,23:00:13,15,,1784646005,0.002357241,2.357241149,3.721025855,463.6998615,362.8991681,36.69720551,46.89040541,0.076481924,1.384578143,0.074210022,0.046579764,287.4276622,34.89673871,33.17354,5.101578993,40.11061033,2.002308885,4.991968132,3.099270107,-103.9543347,-28.85043816,-4.771189636,149.8516997,-1.174745505,2.436424736,3.721025855,469.3028723,467.7633758,-0.663384153,60.85483454,2.357241149,16.51045224,19.75087152,-0.006109703,69.65,40,9,1.003173029,0.31730287,25292.50438,1499.994,1261.209361,0.840809604,0.191619208,6,0.5,0: Broadleaf,2,TRUE,1784646005,463.7881333,463.7312667,19.80086,16.50277333,477.7382667,19.75552,433.0647333,101.0223333,0.09998586,32.78704,33.17354,999.9,0,0,4999.417333,0,110.2853333,0.056832267,473.1571333,471.5126667,3.298112,463.7312667,16.50277333,2.000335333,1.667151333,17.44696,14.59388667,1499.994,0.97301,0.0269898,0,2.054526667,0,14766.96667,12843.89333,43.79133333,45.75413333,44.75,44.4958,43.812,1459.512667,40.48,0,1784646011,0,1784644771,22:39:31,1784644771,1784644765,1,-0.189,0.525,-13.682,-0.661,428,16,0.7,0.03,-0.13844095,-11.39188164,2.544409104,0,3.276242,0.11235609,0.057172541,0,0,2,0/2,3.00711,2.75939,0.103063,0.102928,0.0969394,0.0842196,31754.8,22846.1,33523,25752.9,38679.9,31918.8,48970.5,40238.3,1.76232,2.65272,0.208765,0,29.7994,999.9,74.564,30.524,32.4063,29.0591,-100,3,0.280798,0,20.2442,5.20456,11.956,4.9695,3.294,7158.8,9999,9999,116.4,4.97364,1.87302,1.87077,1.8724,1.87286,1.87375,1.87332,1.87777,0,0,0,0,11111111,oooooooo,on,on,on,on,0,100,100,-13.907,0.0344,-9.618116613,-0.010281863,2.60765E-06,-1.39012E-10,-1.061312389,-0.176615401,0.01337041,-8.0725E-05,6,2428,1,22,20.7,20.8,0.157471,4.99756,2.64526,2.75146,2.8479,2.28516,34.7379,15.6993,2,378.449,1240.85,30.9292,31.1244,30.0003,31.0273,30.9427,-1,40,10,-999.9,400,20,101.763,94.4372
13,1784646133,1410.1,20260721 23:02:13,23:02:13,15,,1784646125,0.002296522,2.296521614,4.211599612,457.3082527,342.79326,34.66287264,46.24250115,0.073489119,1.382938916,0.071386501,0.044800464,287.4286133,35.08545154,33.37272,5.15887933,40.13795864,2.0213544,5.036016949,3.13752493,-101.2766032,-32.02074158,-5.31100317,148.8202654,2.17836388,2.271645909,4.211599612,473.1419468,466.1244242,0.193920704,60.85483454,2.296521614,16.90821572,20.01604182,0.001632157,69.65,40,9,1.003180607,0.318060674,25232.43362,1499.993333,1261.20934,0.840809964,0.191619927,6,0.5,0: Broadleaf,2,TRUE,1784646125,457.4084,461.8567333,19.98988,16.91530667,471.3076,19.9057,433.0422667,101.0188667,0.100019493,32.94324,33.37272,999.9,0,0,4991.5,0,101.3896667,-4.448532467,466.7382667,469.8036667,3.074582,461.8567333,16.91530667,2.019356,1.708766,17.59691333,14.97628667,1499.993333,0.9729992,0.027000913,0,1.901333333,0,14663.41333,12843.83333,43.875,45.8666,44.8204,44.52066667,43.8874,1459.495333,40.498,0,1784646131,0,1784644771,22:39:31,1784644771,1784644765,1,-0.189,0.525,-13.682,-0.661,428,16,0.7,0.03,-4.23163885,-15.0297282,2.81726577,0,3.0842975,-0.036671729,0.027905374,1,1,2,1/2,3.00797,2.75955,0.102748,0.101583,0.0977517,0.085631,31758.9,22875.9,33516,25748.3,38636.1,31862.3,48961.4,40232.2,1.76273,2.64913,0.208337,0,29.9885,999.9,74.649,30.706,32.781,29.2391,-100,3,0.288483,0,20.2439,5.20426,11.956,4.96915,3.294,7158.8,9999,9999,116.4,4.97368,1.87302,1.87083,1.87241,1.87286,1.87375,1.87332,1.87775,0,0,0,0,11111111,oooooooo,on,on,on,on,0,100,100,-13.893,0.0903,-9.618116613,-0.010281863,2.60765E-06,-1.39012E-10,-1.061312389,-0.176615401,0.01337041,-8.0725E-05,6,2428,1,22,22.7,22.8,0.157471,4.99756,2.64526,2.75024,2.8479,2.26562,34.9214,15.6818,2,379.292,1237.84,31.0607,31.2259,30.0005,31.1305,31.0466,-1,40,10,-999.9,400,20,101.743,94.4219
14,1784646253,1530.1,20260721 23:04:13,23:04:13,15,,1784646245,0.002285534,2.285533947,3.791004489,448.7726448,341.6596256,34.54618557,45.37669045,0.071849449,1.383756885,0.069839381,0.043825526,287.4306133,35.18331487,33.46123333,5.184522096,39.36703944,1.992989284,5.062583603,3.191532812,-100.792047,-31.65772329,-5.252373059,149.7284699,7.614714431,2.309944357,3.791004489,468.9474595,461.568303,0.366441088,60.85483454,2.285533947,16.61887158,19.71608242,0.000750704,69.65,40,9,1.003178571,0.317857143,25248.53932,1500.001333,1261.2163,0.840810119,0.191620239,6,0.5,0: Broadleaf,2,TRUE,1784646245,448.8627333,460.8076667,19.71054,16.58552667,462.6935333,19.68361333,433.3604,101.0128667,0.100004107,33.03687333,33.46123333,999.9,0,0,4995.832667,0,88.85450667,-11.94496733,457.8879333,468.5794667,3.125007333,460.8076667,16.58552667,1.991014,1.675348667,17.37305333,14.66985333,1500.001333,0.9729944,0.027005813,0,1.967833333,0,14569.86,12843.88,43.9958,45.937,44.937,44.625,44,1459.495333,40.506,0,1784646251,0,1784644771,22:39:31,1784644771,1784644765,1,-0.189,0.525,-13.682,-0.661,428,16,0.7,0.03,-9.15825385,-38.01641093,5.697399158,0,3.15508,-0.640868571,0.067633047,0,0,2,0/2,3.008,2.75951,0.102137,0.102611,0.096782,0.0844097,31772.7,22844.6,33508.3,25743,38673.3,31899.3,48951.5,40224.9,1.762,2.64655,0.213254,0,30.0245,999.9,73.172,30.917,32.5252,28.7292,-100,3,0.29716,0,20.2441,5.20456,11.956,4.96925,3.294,7158.8,9999,9999,116.4,4.97364,1.87301,1.87086,1.87241,1.87286,1.87377,1.87332,1.87775,0,0,0,0,11111111,oooooooo,on,on,on,on,0,100,100,-13.865,0.0279,-9.618116613,-0.010281863,2.60765E-06,-1.39012E-10,-1.061312389,-0.176615401,0.01337041,-8.0725E-05,6,2428,1,22,24.7,24.8,0.157471,4.99756,2.64526,2.75024,2.8479,2.2583,35.1055,15.6381,2,379.536,1236.24,31.1693,31.3297,30.0004,31.2313,31.1465,-1,40,10,-999.9,400,20,101.722,94.4037
15,1784646374,1651,20260721 23:06:14,23:06:14,15,,1784646366,0.002222556,2.222555857,4.187045509,446.9597853,326.8334271,33.04729714,45.193703,0.068806905,1.385510352,0.066963384,0.042013634,287.4311938,35.33151933,33.5772625,5.218304224,38.88477692,1.981769879,5.096518578,3.236534344,-98.01471329,-31.47720706,-5.221820116,152.7174533,7.116235833,2.202256994,4.187045509,468.5279446,459.5084667,0.563054439,60.85483454,2.222555857,16.62033139,19.62597758,0.001129961,69.65,39,9,1.003093856,0.309385609,25289.25671,1500.003125,1261.217925,0.840810198,0.191620397,6,0.5,0: Broadleaf,2,TRUE,1784646366,447.059125,458.2298125,19.59944375,16.62343125,460.8755625,19.595125,433.9299375,101.0135625,0.100015244,33.15585625,33.5772625,999.9,0,0,5004.453125,0,102.0925188,-11.17076063,455.9964375,465.976,2.976015625,458.2298125,16.62343125,1.97980875,1.67919125,17.28376875,14.705375,1500.003125,0.972992313,0.027007981,0,1.89380625,0,14467.7625,12843.88125,44.062,46.034875,45,44.75,44.0816875,1459.493125,40.51,0,1784646372,0,1784644771,22:39:31,1784644771,1784644765,1,-0.189,0.525,-13.682,-0.661,428,16,0.7,0.03,-10.15164381,-14.3198213,2.112379339,0,2.982742381,0.014946234,0.025208025,1,1,2,1/2,3.00828,2.7594,0.101795,0.102928,0.0964944,0.0846675,31778.4,22832.9,33502.1,25739.3,38680.6,31885.2,48943.3,40219.7,1.7619,2.64492,0.213254,0,30.1424,999.9,72.201,31.129,32.4816,29.1892,-100,3,0.30376,0,20.2441,5.20411,11.956,4.96925,3.294,7158.8,9999,9999,116.4,4.9737,1.87302,1.87087,1.87241,1.87286,1.87378,1.87332,1.87775,0,0,0,0,11111111,oooooooo,on,on,on,on,0,100,100,-13.849,0.0104,-9.618116613,-0.010281863,2.60765E-06,-1.39012E-10,-1.061312389,-0.176615401,0.01337041,-8.0725E-05,6,2428,1,22,26.7,26.8,0.157471,4.99756,2.64526,2.75024,2.8479,2.20459,35.2902,15.6293,2,380.04,1235.83,31.2938,31.4183,30.0004,31.3216,31.2376,-1,40,10,-999.9,400,20,101.704,94.3911
16,1784646494,1771,20260721 23:08:14,23:08:14,15,,1784646486,0.002298467,2.298467062,2.725500283,454.3848121,368.1261147,37.22412702,45.9464224,0.06971533,1.385250677,0.067823185,0.042555215,287.4261667,35.47177778,33.78723333,5.279924612,38.38591167,1.976080385,5.147931362,3.303844227,-101.3623974,-33.78746507,-5.616806911,146.6594972,-0.649921007,2.226359383,2.725500283,456.0211644,458.3273939,-1.105232562,60.85483454,2.298467062,16.42973119,19.54598727,-0.001443929,69.65,39,9,1.00309661,0.309661044,25266.83198,1499.976667,1261.1957,0.840810213,0.191620425,6,0.5,0: Broadleaf,2,TRUE,1784646486,454.4495333,454.9512,19.54234667,16.54219333,468.3252667,19.54958,435.1734,101.0178667,0.099999007,33.33481333,33.78723333,999.9,0,0,5002.958,0,108.2024,-0.501566,463.5076,462.6044,3.000159333,454.9512,16.54219333,1.974124667,1.671055333,17.2383,14.62989333,1499.976667,0.972992333,0.027007953,0,2.038566667,0,14365.32667,12843.66,44.187,46.18286667,45.125,44.8708,44.1912,1459.466667,40.51,0,1784646492,0,1784644771,22:39:31,1784644771,1784644765,1,-0.189,0.525,-13.682,-0.661,428,16,0.7,0.03,-3.2561445,74.71542632,7.526456599,0,2.988769,0.777106466,0.101293179,0,0,2,0/2,3.00979,2.75947,0.101263,0.0986873,0.0961867,0.0833338,31791.3,22937.3,33496.3,25735.9,38689.7,31927.4,48936.4,40215.1,1.76397,2.64333,0.217482,0,30.2812,999.9,71.06,31.34,32.3533,29.1592,-100,3,0.311288,0,20.2441,5.20426,11.956,4.9693,3.294,7158.8,9999,9999,116.5,4.97368,1.87302,1.87087,1.87241,1.87286,1.87375,1.87332,1.87775,0,0,0,0,11111111,oooooooo,on,on,on,on,0,100,100,-13.825,-0.0084,-9.618116613,-0.010281863,2.60765E-06,-1.39012E-10,-1.061312389,-0.176615401,0.01337041,-8.0725E-05,6,2428,1,22,28.7,28.8,0.157471,4.99756,2.64526,2.74902,2.8479,2.2937,35.4523,15.603,2,381.719,1235.49,31.4305,31.5155,30.0003,31.4178,31.3317,-1,40,10,-999.9,400,20,101.688,94.3796
17,1784646614,1891,20260721 23:10:14,23:10:14,15,,1784646606,0.00216891,2.168909888,3.181421964,436.7236675,334.6753923,33.840937,44.15961992,0.064389409,1.383531769,0.062769755,0.039373223,287.43782,35.68731676,33.9572,5.330267434,37.80499732,1.962366571,5.190759716,3.367900863,-95.64892608,-35.39196651,-5.90001498,150.4969124,1.987184134,2.239503687,3.181421964,448.3026167,444.3915515,-0.098167161,60.85483454,2.168909888,16.42485187,19.37379333,-0.003132648,69.65,39,9,1.003104204,0.310420354,25205.21828,1500.038,1261.24722,0.840810179,0.191620359,6,0.5,0: Broadleaf,2,TRUE,1784646606,436.7994,440.8748,19.40714,16.39235333,450.5332,19.44163333,435.6748,101.0156667,0.10003464,33.48270667,33.9572,999.9,0,0,4994.583333,0,104.3639333,-4.075326667,445.4442667,448.2222667,3.014774,440.8748,16.39235333,1.960425333,1.655887333,17.12826667,14.48891333,1500.038,0.972994,0.027006233,0,2.043373333,0,14275.53333,12844.2,44.30786667,46.2624,45.25,44.9916,44.3456,1459.528,40.51,0,1784646612,0,1784644771,22:39:31,1784644771,1784644765,1,-0.189,0.525,-13.682,-0.661,428,16,0.7,0.03,-4.4424495,0.570970376,1.320892965,0,3.020445,-0.36225203,0.049446326,0,0,2,0/2,3.01025,2.75931,0.0991554,0.0988185,0.0956571,0.0839808,31859.5,22930.2,33490.1,25732.1,38707.8,31899.7,48928.6,40210.3,1.76418,2.6418,0.212342,0,30.5156,999.9,70.309,31.532,32.3697,28.7992,-100,3,0.318018,0,20.2441,5.20441,11.956,4.9691,3.294,7158.8,9999,9999,116.5,4.97363,1.87302,1.87088,1.87241,1.87286,1.87375,1.87332,1.87775,0,0,0,0,11111111,oooooooo,on,on,on,on,0,100,100,-13.724,-0.0408,-9.618116613,-0.010281863,2.60765E-06,-1.39012E-10,-1.061312389,-0.176615401,0.01337041,-8.0725E-05,6,2428,1,22,30.7,30.8,0.157471,4.99756,2.64526,2.75024,2.8479,2.24365,35.6148,15.603,2,382.403,1235.3,31.574,31.6117,30.0003,31.5116,31.4269,-1,40,10,-999.9,400,20,101.671,94.3674
18,1784646734,2011,20260721 23:12:14,23:12:14,15,,1784646726,0.002121183,2.12118348,2.791236207,444.6433037,349.5887802,35.34689082,44.95784533,0.062471812,1.385584032,0.060948161,0.0382264,287.43668,35.74598368,34.00614,5.344840264,37.54378936,1.952896159,5.201649041,3.391944105,-93.54419147,-36.30400869,-6.045646039,151.5428338,2.357837247,2.059136164,2.791236207,453.9168252,452.3760727,-0.427871762,60.85483454,2.12118348,16.47130897,19.33453273,0.000179072,69.65,39,9,1.00309727,0.309727004,25261.4677,1500.032,1261.24218,0.840810183,0.191620365,6,0.5,0: Broadleaf,2,TRUE,1784646726,444.7096,449.2072,19.31458667,16.54271333,458.5072,19.36764667,435.7356667,101.0098667,0.100045373,33.52014,34.00614,999.9,0,0,5005,0,114.5226,-4.497699067,453.4680667,456.7637333,2.771878,449.2072,16.54271333,1.950963333,1.670976667,17.05186667,14.62930667,1500.032,0.972993667,0.027006567,0,1.937306667,0,14168.7,12844.12667,44.312,46.2996,45.2996,45.02066667,44.375,1459.522,40.51,0,1784646732,0,1784644771,22:39:31,1784644771,1784644765,1,-0.189,0.525,-13.682,-0.661,428,16,0.7,0.03,-7.1756313,57.47643988,6.473409615,0,2.7676625,0.50884015,0.077938125,0,0,2,0/2,3.01048,2.7594,0.100368,0.0987892,0.095493,0.0835377,31811.7,22927.9,33485.3,25729.1,38710.9,31911.5,48922.2,40206.2,1.7638,2.63685,0.207983,0,30.6027,999.9,69.448,31.733,32.3379,29.3392,-100,3,0.323659,0,20.2444,5.20501,11.956,4.96925,3.294,7158.8,9999,9999,116.6,4.97371,1.87302,1.87088,1.8724,1.87288,1.87377,1.87332,1.87775,0,0,0,0,11111111,oooooooo,on,on,on,on,0,100,100,-13.784,-0.0501,-9.618116613,-0.010281863,2.60765E-06,-1.39012E-10,-1.061312389,-0.176615401,0.01337041,-8.0725E-05,6,2428,1,22,32.7,32.8,0.15625,4.99756,2.64526,2.75024,2.8479,2.27051,35.7777,15.5768,2,382.681,1229.73,31.6719,31.6867,30.0003,31.5884,31.5023,-1,40,10,-999.9,400,20,101.657,94.3572
19,1784646854,2131,20260721 23:14:14,23:14:14,15,,1784646846,0.001912729,1.912728745,3.750268616,418.9464537,287.7778297,29.09662078,42.35880888,0.055009535,1.384222502,0.053823288,0.033744004,287.4330067,35.85313396,34.00411333,5.344236098,36.13338022,1.879499362,5.201559751,3.464736736,-84.35133766,-36.13997784,-6.024181166,160.91751,5.111343939,2.004183227,3.750268616,438.592939,429.6216424,0.673159938,60.85483454,1.912728745,16.05732803,18.6031097,0.006133879,69.65,39,9,1.003102088,0.310208757,25222.35789,1500.012667,1261.22594,0.840810193,0.191620386,6,0.5,0: Broadleaf,2,TRUE,1784646846,419.0356667,427.208,18.58904,15.88933333,432.6253333,18.78506667,435.765,101.0079333,0.09999706,33.51983333,34.00411333,999.9,0,0,4998.374667,0,74.15182667,-8.172316667,426.9726667,434.1064667,2.699726,427.208,15.88933333,1.877642667,1.604948,16.44859333,14.00580667,1500.012667,0.972992,0.0270083,0,2.02326,0,14085.6,12843.95333,44.354,46.1954,45.26653333,45,44.375,1459.502667,40.51,0,1784646852,0,1784644771,22:39:31,1784644771,1784644765,1,-0.189,0.525,-13.682,-0.661,428,16,0.7,0.03,-6.520685,-45.40698947,4.566811085,0,2.735951,-1.397144662,0.152248711,0,0,2,0/2,3.00983,2.75939,0.0968887,0.0971162,0.0932449,0.0828521,31929.4,22967.8,33480.1,25726.4,38807,31932.1,48915.2,40202.6,1.7619,2.63718,0.216775,0,30.5023,999.9,67.513,31.914,31.7638,29.0692,-100,3,0.328938,0,20.2448,5.20501,11.956,4.9691,3.294,7158.8,9999,9999,116.6,4.97369,1.87302,1.87088,1.87241,1.87287,1.87375,1.87332,1.87775,0,0,0,0,11111111,oooooooo,on,on,on,on,0,100,100,-13.617,-0.1898,-9.618116613,-0.010281863,2.60765E-06,-1.39012E-10,-1.061312389,-0.176615401,0.01337041,-8.0725E-05,6,2428,1,22,34.7,34.8,0.15625,4.99756,2.64526,2.75024,2.8479,2.23633,35.9178,15.5592,2,382.098,1231.65,31.7148,31.7494,30.0002,31.6558,31.5721,-1,40,10,-999.9,400,20,101.642,94.3482
20,1784646974,2251,20260721 23:16:14,23:16:14,15,,1784646966,0.001926359,1.92635938,3.203861077,447.5225564,332.6771561,33.63778715,45.25008171,0.056165827,1.385499809,0.054930902,0.034440505,287.42954,35.86815779,34.02919333,5.351716835,37.12325844,1.933571835,5.208518639,3.418145,-84.95244864,-36.26246252,-6.040471683,160.1741571,2.707408055,1.936151229,3.203861077,459.3435988,455.5704667,-0.128978636,60.85483454,1.92635938,16.52317641,19.12545394,3.62141E-05,69.65,39,9,1.00309782,0.309781957,25257.00037,1500.002,1261.21626,0.840809719,0.191619438,6,0.5,0: Broadleaf,2,TRUE,1784646966,447.5986667,452.5098,19.12299333,16.51548667,461.4194667,19.21429333,435.6223333,101.0124,0.100004407,33.54372,34.02919333,999.9,0,0,5004.458667,0,115.7718667,-4.911226,456.3249333,460.1088,2.607522667,452.5098,16.51548667,1.931661333,1.66827,16.89502,14.60428,1500.002,0.9730064,0.0269935,0,2.001386667,0,13979.00667,12843.90667,44.3666,46.2164,45.30786667,45,44.39566667,1459.516,40.486,0,1784646972,0,1784644771,22:39:31,1784644771,1784644765,1,-0.189,0.525,-13.682,-0.661,428,16,0.7,0.03,-5.542307619,8.315227013,1.797882965,0,2.602260476,0.045688052,0.021092987,1,1,2,1/2,3.00976,2.75954,0.100984,0.10099,0.0948275,0.0840784,31780.6,22866.9,33476.1,25724,38732.8,31885.9,48910.7,40199.3,1.76133,2.63382,0.218488,0,30.4873,999.9,68.105,32.096,32.3713,28.7992,-100,3,0.333161,0,20.2442,5.20022,11.956,4.96955,3.294,7158.8,9999,9999,116.6,4.97369,1.87302,1.87088,1.87241,1.87289,1.87376,1.87331,1.87775,0,0,0,0,11111111,oooooooo,on,on,on,on,0,100,100,-13.815,-0.0908,-9.618116613,-0.010281863,2.60765E-06,-1.39012E-10,-1.061312389,-0.176615401,0.01337041,-8.0725E-05,6,2428,1,22,36.7,36.8,0.15625,4.99756,2.64526,2.75024,2.8479,2.25586,36.0582,15.5505,2,382.164,1228.04,31.761,31.8077,30.0002,31.7157,31.6292,-1,40,10,-999.9,400,20,101.632,94.3401
21,1784647094,2371,20260721 23:18:14,23:18:14,15,,1784647086,0.001974607,1.974606767,3.065427377,442.5634725,333.949431,33.76624775,44.7484154,0.05756481,1.385216003,0.056268106,0.035281637,287.4300933,35.90984391,34.10521333,5.374447359,37.39166548,1.954747709,5.227763149,3.41969965,-87.08015842,-37.00979802,-6.170503566,157.1696333,2.135422412,2.056600487,3.065427377,455.1554612,450.8457273,0.002771497,60.85483454,1.974606767,16.51744772,19.25584061,-0.011105162,69.65,39,9,1.003099491,0.309949125,25243.42031,1499.997333,1261.21306,0.840810201,0.191620403,6,0.5,0: Broadleaf,2,TRUE,1784647086,442.6363333,446.8234,19.33252667,16.56266,456.4172667,19.38199333,435.5054,101.0118667,0.099992253,33.60963333,34.10521333,999.9,0,0,5003.084,0,106.7612667,-4.187086,451.3623333,454.3485333,2.769866,446.8234,16.56266,1.952813333,1.673024667,17.06681333,14.64832,1499.997333,0.972992333,0.02700796,0,1.917946667,0,13895.60667,12843.84,44.375,46.25,45.312,44.91633333,44.37913333,1459.487333,40.51,0,1784647092,0,1784644771,22:39:31,1784644771,1784644765,1,-0.189,0.525,-13.682,-0.661,428,16,0.7,0.03,-3.976983333,-6.571213247,1.3107247,0,2.770127619,0.0189,0.017599919,1,1,2,1/2,3.00978,2.75953,0.10012,0.0992323,0.0952008,0.0839714,31808.9,22910.2,33473.9,25722.5,38713.6,31887.8,48907.8,40197.6,1.76135,2.63412,0.222716,0,30.5023,999.9,67.934,32.257,32.5845,29.2792,-100,3,0.335064,0,20.2446,5.20321,11.956,4.9691,3.294,7158.8,9999,9999,116.7,4.97368,1.87302,1.87088,1.87241,1.87288,1.87377,1.87332,1.87776,0,0,0,0,11111111,oooooooo,on,on,on,on,0,100,100,-13.774,-0.0663,-9.618116613,-0.010281863,2.60765E-06,-1.39012E-10,-1.061312389,-0.176615401,0.01337041,-8.0725E-05,6,2428,1,22,38.7,38.8,0.15625,4.99756,2.64526,2.75024,2.8479,2.2522,36.1754,15.5242,2,382.414,1229.37,31.8109,31.8375,30.0002,31.754,31.6731,-1,40,10,-999.9,400,20,101.625,94.3355
22,1784647214,2491,20260721 23:20:14,23:20:14,15,,1784647206,0.001872285,1.872284879,3.341292633,460.2152786,336.7453338,34.04762853,46.53142086,0.053946988,1.384349197,0.052805714,0.033104099,287.43098,36.06121927,34.24116,5.41530574,37.30844454,1.961182712,5.256672412,3.454123028,-82.56776316,-39.77244132,-6.642872407,158.4479031,0.212543945,1.889652261,3.341292633,469.0206017,466.2772364,-0.350092259,60.85483454,1.872284879,16.90058603,19.42194848,0.000966654,69.65,39,9,1.00310355,0.310355003,25210.50928,1500.002,1261.21698,0.840810199,0.191620398,6,0.5,0: Broadleaf,2,TRUE,1784647206,460.2948,461.7839333,19.39692,16.85398,474.2172,19.43347333,435.8307333,101.0079333,0.100011207,33.70825333,34.24116,999.9,0,0,4999,0,92.61861333,-1.489080733,469.3997333,469.7001333,2.542938667,461.7839333,16.85398,1.959239333,1.702384,17.11872,14.91814,1500.002,0.972992,0.0270083,0,2.03452,0,13783.06667,12843.88667,44.437,46.375,45.43286667,45.0496,44.5,1459.492,40.51,0,1784647212,0,1784644771,22:39:31,1784644771,1784644765,1,-0.189,0.525,-13.682,-0.661,428,16,0.7,0.03,-0.9868073,-13.61033847,1.581268694,0,2.542243,-0.146719398,0.028166824,0,0,2,0/2,3.01009,2.75939,0.102615,0.102024,0.0957439,0.0855327,31716.6,22835.7,33469.8,25718.8,38686,31828.4,48902.9,40192.9,1.761,2.6295,0.227921,0,30.5597,999.9,67.922,32.438,32.913,29.2792,-100,3,0.340168,0,20.2443,5.20501,11.956,4.9695,3.294,7158.8,9999,9999,116.7,4.97371,1.87302,1.87088,1.8724,1.87288,1.87375,1.87332,1.87775,0,0,0,0,11111111,oooooooo,on,on,on,on,0,100,100,-13.896,-0.0301,-9.618116613,-0.010281863,2.60765E-06,-1.39012E-10,-1.061312389,-0.176615401,0.01337041,-8.0725E-05,6,2428,1,22,40.7,40.8,0.15625,4.99756,2.64526,2.74902,2.8479,2.2522,36.2929,15.498,2,382.598,1223.93,31.8879,31.8991,30.0003,31.8138,31.732,-1,40,10,-999.9,400,20,101.614,94.3234
23,1784647334,2611,20260721 23:22:14,23:22:14,15,,1784647326,0.001918133,1.918133031,3.104444785,420.5845656,306.5430349,30.99426281,42.52488909,0.05433453,1.383186118,0.053176039,0.033337053,287.429822,35.9770404,34.12561333,5.380561373,35.58604198,1.864082109,5.238239505,3.516479263,-84.58966668,-35.8076782,-5.980482249,161.0519948,0.856415169,2.00713614,3.104444785,430.0111702,426.3775515,-0.127263338,60.85483454,1.918133031,15.657572,18.34335939,-0.015351671,69.65,39,9,1.003107055,0.310705545,25182.15446,1500.005333,1261.218884,0.8408096,0.1916192,6,0.5,0: Broadleaf,2,TRUE,1784647326,420.6585333,422.9931333,18.43636,15.73628,434.2612667,18.66184,436.4126,101.009,0.100010093,33.64542667,34.12561333,999.9,0,0,4993.207333,0,80.52171333,-2.3346844,428.5596,429.7559333,2.700068,422.9931333,15.73628,1.862238,1.589507333,16.31918,13.85725333,1500.005333,0.97301,0.0269898,0,1.951186667,0,13703.20667,12843.96667,44.437,46.3204,45.375,45.1208,44.5,1459.52,40.48,0,1784647332,0,1784644771,22:39:31,1784644771,1784644765,1,-0.189,0.525,-13.682,-0.661,428,16,0.7,0.03,-3.325883,4.828134701,3.949741211,0,2.716815714,-0.066612468,0.066265414,1,1,2,1/2,3.01023,2.75943,0.0961892,0.0962787,0.0922939,0.0809611,31940.4,22981.7,33466.8,25719,38837.2,31989.4,48898.3,40192.8,1.7614,2.63175,0.222147,0,30.529,999.9,64.705,32.579,31.6066,28.4992,-100,3,0.343478,0,20.2444,5.19962,11.956,4.96905,3.294,7158.8,9999,9999,116.7,4.97371,1.87302,1.87088,1.87241,1.87287,1.87376,1.87332,1.87775,0,0,0,0,11111111,oooooooo,on,on,on,on,0,100,100,-13.586,-0.2446,-9.618116613,-0.010281863,2.60765E-06,-1.39012E-10,-1.061312389,-0.176615401,0.01337041,-8.0725E-05,6,2428,1,22,42.7,42.8,0.15625,4.99756,2.64526,2.74902,2.8479,2.24243,36.4343,15.5067,2,383.055,1227.99,31.9037,31.9396,30.0002,31.854,31.7708,-1,40,10,-999.9,400,20,101.605,94.3236
24,1784647454,2731,20260721 23:24:14,23:24:14,15,,1784647446,0.00184259,1.842589826,3.110426488,427.296168,307.0259612,31.04131087,43.2010151,0.051266084,1.383491282,0.050233628,0.031487048,287.4298232,36.0762962,34.21579333,5.40766143,34.85198096,1.831930215,5.256315895,3.575731215,-81.25821132,-37.94627396,-6.340968397,161.8843696,7.331956918,1.75123376,3.110426488,440.210539,437.2856667,-0.258003043,60.85483454,1.842589826,15.67050405,18.15198364,0.001507849,69.65,39,9,1.003106567,0.310656672,25186.10389,1500.002,1261.216402,0.840809813,0.191619627,6,0.5,0: Broadleaf,2,TRUE,1784647446,427.3702667,438.4649333,18.11940667,15.75928,441.0276,18.40535333,435.7594,101.0032,0.100012087,33.70704,34.21579333,999.9,0,0,4995,0,80.81923333,-11.09474267,435.2571333,445.4858667,2.360109333,438.4649333,15.75928,1.830116,1.591736,16.04637333,13.87889333,1500.002,0.973007267,0.02699262,0,2.06978,0,13582.7,12843.94,44.4538,46.312,45.375,45.125,44.5,1459.509333,40.49066667,0,1784647452,0,1784644771,22:39:31,1784644771,1784644765,1,-0.189,0.525,-13.682,-0.661,428,16,0.7,0.03,-10.899912,40.52480662,8.298684606,0,2.376188,0.288628872,0.099750311,0,0,2,0/2,3.01032,2.75957,0.0980497,0.0971978,0.0916654,0.0806011,31872.4,22957.3,33464.6,25718.1,38863.9,32001.2,48895.5,40191.7,1.76125,2.63083,0.226796,0,30.5421,999.9,63.558,32.75,31.3487,29.3392,-100,3,0.345846,0,20.2445,5.20471,11.956,4.9695,3.294,7158.8,9999,9999,116.8,4.97373,1.87302,1.87088,1.87241,1.87288,1.87374,1.87332,1.87775,0,0,0,0,11111111,oooooooo,on,on,on,on,0,100,100,-13.676,-0.2813,-9.618116613,-0.010281863,2.60765E-06,-1.39012E-10,-1.061312389,-0.176615401,0.01337041,-8.0725E-05,6,2428,1,22,44.7,44.8,0.15625,4.99756,2.64526,2.75024,2.8479,2.27173,36.5287,15.4717,2,383.195,1227.39,31.9377,31.9694,30.0003,31.8895,31.8058,-1,40,10,-999.9,400,20,101.599,94.3206
25,1784647574,2851,20260721 23:26:14,23:26:14,15,,1784647566,0.00177224,1.772240159,3.461846716,449.962299,315.170988,31.86553874,45.4936895,0.04998393,1.383962062,0.049002265,0.030713009,287.428931,36.1408901,34.26378,5.422130258,36.04639468,1.897865918,5.265064467,3.52426434,-78.15579101,-39.3196149,-6.570719705,163.3828054,5.080669227,1.746527962,3.461846716,461.1345073,458.5169515,-0.402934121,60.85483454,1.772240159,16.37363415,18.76854667,-0.000230838,69.65,39,9,1.003105205,0.310520473,25197.11674,1500.000667,1261.214962,0.840809601,0.191619202,6,0.5,0: Broadleaf,2,TRUE,1784647566,450.0447333,458.0977333,18.77113333,16.41985333,463.8850667,18.93174,435.9337333,101.0055333,0.100025073,33.73679333,34.26378,999.9,0,0,4997.208,0,89.10557333,-8.052987447,458.6542,465.7452,2.351284667,458.0977333,16.41985333,1.895988667,1.658495333,16.60146,14.51327333,1500.000667,0.97301,0.0269898,0,1.857266667,0,13481.25333,12843.93333,44.4916,46.312,45.375,45.125,44.50413333,1459.518,40.48,0,1784647572,0,1784644771,22:39:31,1784644771,1784644765,1,-0.189,0.525,-13.682,-0.661,428,16,0.7,0.03,-8.370783085,20.74032409,4.842112104,0,2.3670145,-0.063050977,0.048998312,1,1,2,1/2,3.01082,2.75944,0.101546,0.101608,0.0936291,0.0833776,31747.6,22843.7,33463.2,25716.4,38775.4,31901.7,48894.8,40189.9,1.76165,2.62972,0.229642,0,30.5456,999.9,64.821,32.901,32.2423,29.3992,-100,3,0.347119,0,20.2445,5.20456,11.956,4.96925,3.294,7158.8,9999,9999,116.8,4.97366,1.87302,1.87088,1.87241,1.87286,1.87365,1.87332,1.87774,0,0,0,0,11111111,oooooooo,on,on,on,on,0,100,100,-13.846,-0.1623,-9.618116613,-0.010281863,2.60765E-06,-1.39012E-10,-1.061312389,-0.176615401,0.01337041,-8.0725E-05,6,2428,1,22,46.7,46.8,0.15625,4.99756,2.64526,2.7478,2.8479,2.28394,36.5996,15.4629,2,383.561,1226.35,31.9721,31.9902,30.0001,31.9147,31.8321,-1,40,10,-999.9,400,20,101.596,94.3157
26,1784647694,2971,20260721 23:28:14,23:28:14,15,,1784647686,0.001697561,1.697561446,3.198044904,437.0252785,304.9821085,30.83437616,44.18423722,0.047133434,1.383979968,0.046259498,0.028989356,287.42916,36.32907726,34.43680667,5.474580727,35.78008526,1.899789388,5.309627895,3.574791339,-74.86245976,-40.97156086,-6.857530793,164.7376086,-0.008661471,1.755402099,3.198044904,445.4116921,442.3699818,-0.259991854,60.85483454,1.697561446,16.52142266,18.80188788,0.002213454,69.65,39,9,1.003106658,0.310665754,25185.36993,1500,1261.21458,0.84080972,0.19161944,6,0.5,0: Broadleaf,2,TRUE,1784647686,437.1014667,438.1465333,18.79077333,16.42558667,450.8375333,18.94752,435.5631333,101.0022667,0.099979333,33.88768667,34.43680667,999.9,0,0,4997.458,0,82.61877333,-1.045130467,445.4722,445.4636667,2.36518,438.1465333,16.42558667,1.897910667,1.659022,16.6174,14.51804667,1500,0.9730064,0.026993513,0,2.02298,0,13384.91333,12843.91333,44.5,46.3246,45.437,45.1124,44.562,1459.514,40.486,0,1784647692,0,1784644771,22:39:31,1784644771,1784644765,1,-0.189,0.525,-13.682,-0.661,428,16,0.7,0.03,-0.4151224,-26.93010632,3.216814194,0,2.405605,-1.116073083,0.113013035,0,0,2,0/2,3.00973,2.75954,0.0988103,0.0989492,0.0937666,0.0841752,31842.5,22910.2,33461.6,25715.2,38766.8,31871.8,48892.3,40188.8,1.75968,2.62822,0.237286,0,30.6189,999.9,64.705,33.032,32.4232,29.2492,-100,3,0.348374,0,20.2444,5.20456,11.956,4.9691,3.294,7158.8,9999,9999,116.8,4.97372,1.87302,1.87088,1.8724,1.87288,1.87371,1.87332,1.87775,0,0,0,0,11111111,oooooooo,on,on,on,on,0,100,100,-13.713,-0.1532,-9.618116613,-0.010281863,2.60765E-06,-1.39012E-10,-1.061312389,-0.176615401,0.01337041,-8.0725E-05,6,2428,1,22,48.7,48.8,0.15625,4.99756,2.64526,2.74902,2.8479,2.22656,36.6943,15.4367,2,382.658,1224.72,32.033,32.0116,30.0001,31.9373,31.8573,-1,40,10,-999.9,400,20,101.591,94.3124
27,1784647814,3091,20260721 23:30:14,23:30:14,15,,1784647806,0.00167985,1.679849793,3.504999776,457.6069448,311.5074113,31.49362521,46.26439401,0.046179307,1.385408115,0.045340904,0.028412124,287.4287,36.42324477,34.53960667,5.505951453,35.56034461,1.897382249,5.335668903,3.608569203,-74.08137588,-42.14415046,-7.053075677,164.150098,4.437822222,1.703080298,3.504999776,474.5053258,467.8992909,0.307938236,60.85483454,1.679849793,16.51498945,18.78176061,0.000337888,69.65,39,9,1.003102464,0.310246439,25219.30385,1499.99,1261.2069,0.840810205,0.191620411,6,0.5,0: Broadleaf,2,TRUE,1784647806,457.6903333,464.8531333,18.76724667,16.47418,471.5920667,18.92860667,435.8837333,101.0007333,0.09999194,33.97535333,34.53960667,999.9,0,0,5004.584,0,91.27598,-7.162648,466.4444,472.6396,2.29306,464.8531333,16.47418,1.895507333,1.663906,16.59746667,14.56366667,1499.99,0.972992,0.0270083,0,2.07664,0,13274.46,12843.78667,44.562,46.437,45.5,45.2164,44.625,1459.48,40.51,0,1784647812,0,1784644771,22:39:31,1784644771,1784644765,1,-0.189,0.525,-13.682,-0.661,428,16,0.7,0.03,-7.158184,-6.916347068,1.347350926,0,2.295343,-0.204227368,0.033292613,0,0,2,0/2,3.01001,2.75945,0.102964,0.103111,0.0936988,0.084247,31693.7,22803.2,33459.5,25714,38769.1,31868.3,48890.1,40187.1,1.76,2.6269,0.236213,0,30.7243,999.9,64.327,33.173,32.4893,28.9192,-100,3,0.350772,0,20.2447,5.20381,11.956,4.96915,3.294,7158.8,9999,9999,116.9,4.97371,1.87303,1.87088,1.8724,1.87286,1.87373,1.87332,1.87775,0,0,0,0,11111111,oooooooo,on,on,on,on,0,100,100,-13.915,-0.1569,-9.618116613,-0.010281863,2.60765E-06,-1.39012E-10,-1.061312389,-0.176615401,0.01337041,-8.0725E-05,6,2428,1,22,50.7,50.8,0.15625,4.99756,2.64526,2.7478,2.8479,2.24731,36.7654,15.4279,2,383.008,1223.41,32.1049,32.0439,30.0001,31.9664,31.8868,-1,40,10,-999.9,400,20,101.586,94.3083
28,1784647934,3211.1,20260721 23:32:14,23:32:14,15,,1784647926,0.001700371,1.700371497,2.903322296,452.6088889,327.4973686,33.11013931,45.75897337,0.046336584,1.384316332,0.045491864,0.028507027,287.4365533,36.49367432,34.64546,5.538417134,35.42459959,1.898522672,5.359334174,3.639894462,-74.98638304,-44.08916438,-7.391083788,160.9699221,4.059893582,1.752655985,2.903322296,466.6175057,462.3114121,0.043988,60.85483454,1.700371497,16.38688748,18.72808,-0.007027762,69.65,39,9,1.003107148,0.310714753,25181.41049,1500.031333,1261.24162,0.840810183,0.191620366,6,0.5,0: Broadleaf,2,TRUE,1784647926,452.6780667,459.3414667,18.77857333,16.41876,466.5398,18.93772,435.8772,101.0004667,0.100007687,34.0547,34.64546,999.9,0,0,4999.207333,0,82.69827333,-6.663314667,461.3414667,467.0090667,2.359804,459.3414667,16.41876,1.896646667,1.658304,16.60689333,14.51150667,1500.031333,0.972993667,0.027006573,0,1.96828,0,13168.21333,12844.13333,44.625,46.562,45.5704,45.29133333,44.687,1459.521333,40.51,0,1784647932,0,1784644771,22:39:31,1784644771,1784644765,1,-0.189,0.525,-13.682,-0.661,428,16,0.7,0.03,-6.034504762,-3.302203636,1.750136636,0,2.340528571,0.263280779,0.034701185,0,0,2,0/2,3.01019,2.75942,0.101996,0.101342,0.0934696,0.0833289,31725.7,22847.2,33457.3,25713.2,38777.2,31899.6,48887.4,40186.2,1.76,2.62602,0.2384,0,30.7932,999.9,63.661,33.284,32.3589,29.1701,-100,3,0.352759,0,20.2451,5.20426,11.956,4.9692,3.294,7158.8,9999,9999,116.9,4.97371,1.87302,1.87088,1.87241,1.87286,1.87369,1.87332,1.87775,0,0,0,0,11111111,oooooooo,on,on,on,on,0,100,100,-13.868,-0.1706,-9.618116613,-0.010281863,2.60765E-06,-1.39012E-10,-1.061312389,-0.176615401,0.01337041,-8.0725E-05,6,2428,1,22,52.7,52.8,0.15625,4.99756,2.64526,2.7478,2.8479,2.28638,36.8604,15.3929,2,383.177,1222.75,32.1793,32.0721,30.0003,31.994,31.9149,-1,40,10,-999.9,400,20,101.58,94.3057
29,1784648054,3331.1,20260721 23:34:14,23:34:14,15,,1784648046,0.001599775,1.599774512,3.472332266,456.9163273,304.4989839,30.78412635,46.19315891,0.043483028,1.385714073,0.042738982,0.026777653,287.42718,36.55189135,34.68962667,5.552012368,35.57136747,1.907407009,5.36219759,3.644605359,-70.550056,-46.71753398,-7.825855861,162.3337342,0.814916084,1.670947343,3.472332266,470.0580752,464.3498727,0.152578827,60.85483454,1.599774512,16.62262067,18.82412061,-0.006133639,69.65,39,9,1.003102265,0.310226521,25220.91805,1499.982,1261.20018,0.84081021,0.191620419,6,0.5,0: Broadleaf,2,TRUE,1784648046,456.9989333,459.1704,18.86698,16.61527333,470.895,19.00880667,435.4707333,100.9976,0.100032427,34.06428,34.68962667,999.9,0,0,5006.25,0,98.42052,-2.1715456,465.7869333,466.9284667,2.251721333,459.1704,16.61527333,1.905517333,1.678100667,16.68033333,14.69528667,1499.982,0.972992333,0.027007947,0,1.937126667,0,13069.85333,12843.71333,44.687,46.687,45.687,45.2748,44.75,1459.472,40.51,0,1784648052,0,1784644771,22:39:31,1784644771,1784644765,1,-0.189,0.525,-13.682,-0.661,428,16,0.7,0.03,-2.023969667,-23.31263595,4.036295093,0,2.245507143,-0.061022338,0.038512072,1,1,2,1/2,3.00998,2.7594,0.10235,0.101895,0.0937921,0.0845599,31711.2,22831.2,33455.4,25711,38761.2,31853.4,48885.3,40183.3,1.75922,2.62602,0.240412,0,30.7959,999.9,63.863,33.405,32.68,29.0801,-100,3,0.355226,0,20.2449,5.20456,11.956,4.9692,3.294,7158.8,9999,9999,116.9,4.97371,1.87302,1.87088,1.87241,1.87288,1.87375,1.87332,1.87775,0,0,0,0,11111111,oooooooo,on,on,on,on,0,100,100,-13.886,-0.1501,-9.618116613,-0.010281863,2.60765E-06,-1.39012E-10,-1.061312389,-0.176615401,0.01337041,-8.0725E-05,6,2428,1,22,54.7,54.8,0.15625,4.99756,2.64526,2.7478,2.8479,2.25708,36.9556,15.3841,2,382.975,1223.41,32.2301,32.1085,30.0001,32.0275,31.9469,-1,40,10,-999.9,400,20,101.575,94.2985
30,1784648174,3451.1,20260721 23:36:14,23:36:14,15,,1784648166,0.001575861,1.575861095,3.094388879,418.6290033,277.2301412,28.02727866,42.3223524,0.041809769,1.385494007,0.041121287,0.025761718,287.4261667,36.68937731,34.81335333,5.590252072,34.42136781,1.858696031,5.399831992,3.731556041,-69.4954743,-46.57765605,-7.813158427,163.5398779,5.797730777,1.621947719,3.094388879,435.728819,429.3240424,0.375842528,60.85483454,1.575861095,16.24353895,18.37490545,-0.000260865,69.65,38,9,1.003024479,0.302447925,25204.29276,1499.976667,1261.1957,0.840810213,0.191620425,6,0.5,0: Broadleaf,2,TRUE,1784648166,418.7026667,427.5956667,18.38518,16.19993333,432.2894,18.6205,435.8054,100.9975333,0.09998276,34.18978,34.81335333,999.9,0,0,5005.166667,0,105.7854667,-8.893071333,426.5446667,434.6368,2.185254,427.5956667,16.19993333,1.856858667,1.636152667,16.27382667,14.3035,1499.976667,0.972993667,0.027006567,0,1.983093333,0,12952.99333,12843.66,44.812,46.812,45.79133333,45.40393333,44.833,1459.466667,40.51,0,1784648172,0,1784644771,22:39:31,1784644771,1784644765,1,-0.189,0.525,-13.682,-0.661,428,16,0.7,0.03,-8.374777143,-5.767316883,1.239032379,0,2.168441429,-0.026527013,0.060505883,1,1,2,1/2,3.00984,2.75947,0.0967214,0.0966335,0.092382,0.0834831,31906.5,22963.2,33452,25709.4,38820,31888.4,48880.6,40181,1.7588,2.6229,0.241064,0,30.9318,999.9,62.526,33.536,32.231,29.6801,-100,3,0.359136,0,20.2447,5.20112,11.956,4.9683,3.294,7158.8,9999,9999,117,4.9737,1.87302,1.87088,1.87241,1.87286,1.87372,1.87332,1.87775,0,0,0,0,11111111,oooooooo,on,on,on,on,0,100,100,-13.614,-0.2356,-9.618116613,-0.010281863,2.60765E-06,-1.39012E-10,-1.061312389,-0.176615401,0.01337041,-8.0725E-05,6,2428,1,22,56.7,56.8,0.155029,4.99756,2.64526,2.7478,2.8479,2.23877,37.0509,15.3841,2,382.995,1219.79,32.2945,32.1511,30.0005,32.0674,31.9885,-1,40,10,-999.9,400,20,101.565,94.293
31,1784648294,3571.1,20260721 23:38:14,23:38:14,15,,1784648286,0.00149481,1.494810349,3.560471459,453.9246985,286.9285581,29.00685095,45.88921422,0.039958752,1.384845912,0.039329098,0.024636432,287.4354133,36.7817524,34.87263333,5.60865448,35.25664223,1.909154331,5.415020291,3.699500149,-65.92113641,-47.21635882,-7.928245893,166.3696722,5.840807081,1.497479084,3.560471459,477.1953888,466.9583515,0.954611815,60.85483454,1.494810349,17.03206646,18.95674485,0.01443263,69.65,39,9,1.003107117,0.310711674,25181.65927,1500.025333,1261.23658,0.840810186,0.191620373,6,0.5,0: Broadleaf,2,TRUE,1784648286,454.0095333,462.9474,18.88488,16.87182667,467.8818,19.0232,436.5192667,100.9943333,0.09999878,34.24021333,34.87263333,999.9,0,0,5002.125333,0,103.6519333,-8.9377064,462.7487333,470.8930667,2.013057333,462.9474,16.87182667,1.907263333,1.703956667,16.69476,14.93206667,1500.025333,0.972994333,0.02700588,0,2.032873333,0,12840.19333,12844.08667,44.937,46.9916,45.90806667,45.6374,45,1459.515333,40.51,0,1784648292,0,1784644771,22:39:31,1784644771,1784644765,1,-0.189,0.525,-13.682,-0.661,428,16,0.7,0.03,-5.4997169,-66.38378896,6.734539589,0,2.061409,-1.097793383,0.122111121,0,0,2,0/2,3.01064,2.75943,0.10281,0.103699,0.0942187,0.0858262,31684.5,22778.6,33445,25703.9,38731.8,31799.7,48871.7,40173.4,1.75933,2.62083,0.236388,0,31.0613,999.9,63.643,33.657,33.0308,29.2601,-100,3,0.366227,0,20.2445,5.20486,11.956,4.9696,3.294,7158.8,9999,9999,117,4.97371,1.87302,1.87088,1.87241,1.87288,1.87372,1.87332,1.87775,0,0,0,0,11111111,oooooooo,on,on,on,on,0,100,100,-13.911,-0.1213,-9.618116613,-0.010281863,2.60765E-06,-1.39012E-10,-1.061312389,-0.176615401,0.01337041,-8.0725E-05,6,2428,1,22,58.7,58.8,0.15625,4.99756,2.64526,2.74658,2.8479,2.229,37.1702,15.3666,2,383.722,1218.21,32.3779,32.2339,30.0003,32.1408,32.0565,-1,40,10,-999.9,400,20,101.545,94.2743
32,1784648414,3691.1,20260721 23:40:14,23:40:14,15,,1784648406,0.001569421,1.569421465,2.994926171,440.8461276,300.9841362,30.42714422,44.56609864,0.041503361,1.385457219,0.040824828,0.025575557,287.4307267,36.86903734,35.03584,5.659591349,35.18975713,1.918993874,5.453273993,3.740597475,-69.2114866,-49.98041781,-8.400523202,159.8382991,3.366878095,1.602542123,2.994926171,454.0465691,449.6485455,0.039841203,60.85483454,1.569421465,16.72673769,18.91702424,-0.012390922,69.65,38,9,1.003026329,0.30263287,25188.93636,1500.000667,1261.21586,0.8408102,0.191620399,6,0.5,0: Broadleaf,2,TRUE,1784648406,440.9174667,446.4918667,18.98261333,16.83247333,454.6845333,19.10168,437.3538,100.9922,0.0999858,34.36669333,35.03584,999.9,0,0,5005.249333,0,118.7867333,-5.574256,449.4492,454.1359333,2.150142,446.4918667,16.83247333,1.917098,1.699949333,16.77573333,14.89574,1500.000667,0.972995667,0.0270045,0,2.03982,0,12730.55333,12843.88667,45.062,47.05373333,46.00413333,45.7248,45.0998,1459.490667,40.51,0,1784648412,0,1784644771,22:39:31,1784644771,1784644765,1,-0.189,0.525,-13.682,-0.661,428,16,0.7,0.03,-6.098631905,1.425051429,1.532787995,0,2.104304286,0.901351948,0.099437155,0,0,2,0/2,3.01124,2.75938,0.0999647,0.100103,0.0940081,0.0849513,31780.5,22867.2,33440.6,25701.2,38736.4,31826.6,48865.9,40169.7,1.76003,2.62098,0.237767,0,31.1818,999.9,63.142,33.798,33.0342,29.3501,-100,3,0.371197,0,20.2444,5.20097,11.956,4.96945,3.294,7158.8,9999,9999,117,4.97373,1.87302,1.87088,1.87241,1.87286,1.87371,1.87332,1.87775,0,0,0,0,11111111,oooooooo,on,on,on,on,0,100,100,-13.773,-0.1336,-9.618116613,-0.010281863,2.60765E-06,-1.39012E-10,-1.061312389,-0.176615401,0.01337041,-8.0725E-05,6,2428,1,22,60.7,60.8,0.15625,4.99756,2.64526,2.74902,2.8479,2.23633,37.2899,15.3316,2,384.46,1219.64,32.4555,32.2969,30.0004,32.2008,32.116,-1,40,10,-999.9,400,20,101.532,94.265
33,1784648534,3811.1,20260721 23:42:14,23:42:14,15,,1784648526,0.001557683,1.5576827,2.337855597,453.7816251,337.4337444,34.10905466,45.86993006,0.041198737,1.384165686,0.040529428,0.025390122,287.4303467,36.90891414,35.07006667,5.670324356,35.35446695,1.93141655,5.463005714,3.738907806,-68.69380708,-50.09600665,-8.430530838,160.2100021,0.992545657,1.567242129,2.337855597,459.4294221,459.8409091,-0.668869497,60.83482513,1.5576827,16.91904302,19.06277818,-0.007693251,69.65,39,9,1.003111096,0.311109578,25149.55213,1499.998667,1261.21418,0.840810201,0.191620401,6,0.5,0: Broadleaf,2,TRUE,1784648526,453.8374,456.1696667,19.1071,17.00563333,467.7082,19.20153333,437.5332667,100.9837333,0.099976373,34.39874667,35.07006667,999.9,0,0,4999.292,0,106.0307333,-2.3322426,462.6778,464.0616,2.101471333,456.1696667,17.00563333,1.929505333,1.717290667,16.8774,15.05349333,1499.998667,0.972996,0.027004133,0,2.071826667,0,12620.06667,12843.86,45.187,47.125,46.125,45.812,45.1996,1459.488667,40.51,0,1784648532,0,1784644771,22:39:31,1784644771,1784644765,1,-0.189,0.525,-13.682,-0.661,428,16,0.7,0.03,-2.53411535,16.25256853,3.216519123,0,2.0919355,0.293595338,0.044373649,0,0,2,0/2,3.01174,2.75958,0.101453,0.10028,0.094425,0.0853347,31722.4,22858.7,33435.2,25697,38712.8,31807.8,48858.9,40164.1,1.76003,2.61873,0.232868,0,31.3015,999.9,63.319,33.929,33.3705,29.2001,-100,3,0.377566,0,20.2446,5.20471,11.956,4.9695,3.294,7158.8,9999,9999,117.1,4.97373,1.87302,1.87088,1.87241,1.87288,1.87371,1.87332,1.87775,0,0,0,0,11111111,oooooooo,on,on,on,on,0,100,100,-13.846,-0.1056,-9.618116613,-0.010281863,2.60765E-06,-1.39012E-10,-1.061312389,-0.176615401,0.01337041,-8.0725E-05,6,2428,1,22,62.7,62.8,0.15625,4.99756,2.64526,2.74658,2.8479,2.27539,37.4338,15.3316,2,384.92,1217.92,32.5323,32.3766,30.0003,32.2756,32.1889,-1,40,10,-999.9,400,20,101.517,94.2511
34,1784648654,3931.1,20260721 23:44:14,23:44:14,15,,1784648646,0.001455267,1.455267009,3.652496927,447.0473914,267.805938,27.07030366,45.18835068,0.037729519,1.384509133,0.037167494,0.023279482,287.4306456,37.09265326,35.22038667,5.717672349,34.6904667,1.909198488,5.503524943,3.808473862,-64.17727508,-51.40670395,-8.660905874,163.1857607,10.36098639,1.415447756,3.652496927,475.7160719,463.7381879,1.258880649,60.83482513,1.455267009,17.04808898,18.94678424,0.008726221,69.65,38,9,1.003031196,0.303119569,25148.61416,1500.000667,1261.215819,0.840810173,0.191620345,6,0.5,0: Broadleaf,2,TRUE,1784648646,447.1345333,462.1338,18.88766,16.99344,460.9516,19.02542,438.5242667,100.9818,0.099990307,34.53167333,35.22038667,999.9,0,0,5001.083333,0,109.148,-14.99938667,455.7425333,470.1232,1.894222667,462.1338,16.99344,1.907309333,1.716026667,16.69509333,15.0421,1500.000667,0.972996667,0.027003447,0,2.11982,0,12495.02667,12843.87333,45.30786667,47.25,46.25,45.8874,45.312,1459.492667,40.50866667,0,1784648652,0,1784644771,22:39:31,1784644771,1784644765,1,-0.189,0.525,-13.682,-0.661,428,16,0.7,0.03,-13.8338,-18.98806208,2.560587723,0,1.942266667,-0.720586753,0.081545403,0,0,2,0/2,3.01244,2.75948,0.102309,0.102628,0.0941121,0.0859585,31685.1,22794.4,33428.1,25692.2,38720.1,31779.9,48849.7,40157.4,1.76063,2.61628,0.237618,0,31.382,999.9,62.904,34.07,33.4149,29.3801,-100,3,0.385462,0,20.2446,5.20441,11.956,4.96935,3.29402,7158.8,9999,9999,117.1,4.97373,1.87302,1.87088,1.87241,1.8729,1.87369,1.87332,1.87775,0,0,0,0,11111111,oooooooo,on,on,on,on,0,100,100,-13.889,-0.124,-9.618116613,-0.010281863,2.60765E-06,-1.39012E-10,-1.061312389,-0.176615401,0.01337041,-8.0725E-05,6,2428,1,22,64.7,64.8,0.15625,4.99756,2.64526,2.74658,2.8479,2.23755,37.554,15.3228,2,385.788,1216.22,32.6167,32.4703,30.0004,32.365,32.2769,-1,40,10,-999.9,400,20,101.497,94.2346
35,1784648774,4051.1,20260721 23:46:14,23:46:14,15,,1784648766,0.001626191,1.626191409,1.704671064,450.7344931,360.2387096,36.4120452,45.55913704,0.042406189,1.383968205,0.041697337,0.026123536,287.42506,37.09510955,35.31372,5.747243177,35.35636736,1.955432079,5.530636275,3.791811098,-71.71504112,-51.74973349,-8.729834581,155.2304508,-6.76975028,1.741634482,1.704671064,443.2470005,449.6137091,-1.598407138,60.83482513,1.626191409,16.76886031,19.14553394,-0.031654639,69.65,38,9,1.003033929,0.303392889,25126.02682,1499.974,1261.19316,0.840810014,0.191620028,6,0.5,0: Broadleaf,2,TRUE,1784648766,450.7752,442.629,19.34586,17.02026,464.6216,19.39260667,439.2861333,100.9775333,0.100013947,34.62014,35.31372,999.9,0,0,4998.624,0,121.0665333,8.146460667,459.6686667,450.2948,2.3256,442.629,17.02026,1.953497333,1.718663333,17.07215333,15.06490667,1499.974,0.972997,0.0270031,0,2.074106667,0,12388.78,12843.66,45.375,47.3624,46.3414,45.9958,45.38326667,1459.474,40.5,0,1784648772,0,1784644771,22:39:31,1784644771,1784644765,1,-0.189,0.525,-13.682,-0.661,428,16,0.7,0.03,6.830754286,28.21795013,3.176605212,0,2.264521429,1.362894545,0.141137369,0,0,2,0/2,3.0132,2.7593,0.0995548,0.0967288,0.0945518,0.0842495,31774.3,22939.5,33420.2,25687.5,38691.9,31833,48839.2,40150.6,1.76155,2.6156,0.236817,0,31.4823,999.9,62.502,34.211,33.4622,29.4401,-100,3,0.393755,0,20.2446,5.20426,11.956,4.9684,3.294,7158.8,9999,9999,117.1,4.97371,1.87302,1.87088,1.87241,1.87289,1.87369,1.87332,1.87775,0,0,0,0,11111111,oooooooo,on,on,on,on,0,100,100,-13.757,-0.0945,-9.618116613,-0.010281863,2.60765E-06,-1.39012E-10,-1.061312389,-0.176615401,0.01337041,-8.0725E-05,6,2428,1,22,66.7,66.8,0.15625,4.99756,2.64526,2.74536,2.8479,2.27539,37.6745,15.3053,2,386.863,1217.13,32.7038,32.5704,30.0004,32.4597,32.3683,-1,40,10,-999.9,400,20,101.474,94.2181
36,1784648894,4171.1,20260721 23:48:14,23:48:14,15,,1784648886,0.001466375,1.466375413,3.388302396,452.5957774,281.4791744,28.4505444,45.74617746,0.03718304,1.3840203,0.036636861,0.022946442,287.43386,37.36406208,35.55233333,5.823448075,34.58992639,1.933185191,5.588867604,3.890262885,-64.6671557,-55.47249784,-9.376980934,157.9172255,4.794176679,1.442890239,3.388302396,468.4713589,462.5973515,0.215760427,60.83482513,1.466375413,17.24353784,19.16370424,0.006389387,69.65,38,9,1.003035604,0.303560363,25112.20672,1500.018,1261.23034,0.840810137,0.191620274,6,0.5,0: Broadleaf,2,TRUE,1784648886,452.6767333,460.0804,19.12622,17.20346,466.5383333,19.21684667,440.2816,100.9751333,0.099997587,34.80888667,35.55233333,999.9,0,0,4999,0,92.3306,-7.4036106,461.5036,468.1336667,1.922748,460.0804,17.20346,1.931271333,1.737123333,16.89184,15.23214667,1500.018,0.972997,0.0270031,0,2.046326667,0,12250.53333,12844.01333,45.5,47.5,46.4916,46.0704,45.5,1459.510667,40.50733333,0,1784648892,0,1784644771,22:39:31,1784644771,1784644765,1,-0.189,0.525,-13.682,-0.661,428,16,0.7,0.03,-6.180478048,-5.242625221,7.406146596,0,1.960459524,-0.582070909,0.071912508,0,0,2,0/2,3.01426,2.7595,0.101916,0.101169,0.0947171,0.0866647,31682.7,22820.7,33412,25681.1,38677,31740.1,48828.5,40141.5,1.76192,2.61058,0.242386,0,31.665,999.9,62.514,34.332,33.6951,29.0801,-100,3,0.403437,0,20.2447,5.20411,11.956,4.9692,3.294,7158.8,9999,9999,117.2,4.97373,1.87303,1.87088,1.87241,1.8729,1.87367,1.87332,1.87775,0,0,0,0,11111111,oooooooo,on,on,on,on,0,100,100,-13.873,-0.0821,-9.618116613,-0.010281863,2.60765E-06,-1.39012E-10,-1.061312389,-0.176615401,0.01337041,-8.0725E-05,6,2428,1,22,68.7,68.8,0.15625,4.99756,2.64526,2.74536,2.8479,2.28027,37.8195,15.2791,2,387.75,1212.17,32.8141,32.6877,30.0005,32.5714,32.4775,-1,40,10,-999.9,400,20,101.451,94.1959
37,1784649014,4291.1,20260721 23:50:14,23:50:14,15,,1784649006,0.001423176,1.423176254,2.863723736,437.5876763,284.5194563,28.75990039,44.23239853,0.035738276,1.384615752,0.03523362,0.02206576,287.4248067,37.44670348,35.5725,5.829928664,33.93521363,1.903131653,5.60813223,3.926797011,-62.76207278,-52.36863775,-8.852043231,163.4420529,1.987685447,1.515881178,2.863723736,452.0852112,446.2232667,0.351077362,60.83482513,1.423176254,16.91302283,18.80684485,0.000420686,69.65,38,9,1.003034182,0.303418214,25123.93601,1499.972667,1261.19204,0.840810015,0.19162003,6,0.5,0: Broadleaf,2,TRUE,1784649006,437.6560667,441.2483333,18.82753333,16.81383333,451.3969333,18.97707333,441.8002667,100.9823333,0.100034667,34.87095333,35.5725,999.9,0,0,5001.583333,0,85.24229333,-3.592253067,446.0543333,448.7946,2.013692667,441.2483333,16.81383333,1.901248,1.6979,16.64500667,14.87707333,1499.972667,0.972997667,0.02700242,0,2.110813333,0,12131.54,12843.63333,45.625,47.625,46.604,46.25,45.66633333,1459.472667,40.5,0,1784649012,0,1784644771,22:39:31,1784644771,1784644765,1,-0.189,0.525,-13.682,-0.661,428,16,0.7,0.03,-1.77386095,-40.82709307,4.472610854,0,2.060971,-1.015856842,0.112080428,0,0,2,0/2,3.01613,2.75956,0.0993028,0.099885,0.0935808,0.0853977,31765.7,22848,33402.9,25675.7,38717.9,31777.5,48816.4,40133.8,1.76462,2.60803,0.229366,0,31.837,999.9,61.561,34.473,33.4395,29.3201,-100,3,0.412757,0,20.2442,5.20456,11.956,4.9689,3.294,7158.8,9999,9999,117.2,4.97375,1.87303,1.8709,1.87241,1.87288,1.87365,1.87332,1.87775,0,0,0,0,11111111,oooooooo,on,on,on,on,0,100,100,-13.747,-0.1524,-9.618116613,-0.010281863,2.60765E-06,-1.39012E-10,-1.061312389,-0.176615401,0.01337041,-8.0725E-05,6,2428,1,22,70.7,70.8,0.155029,4.99756,2.64526,2.74536,2.8479,2.23389,37.9164,15.2703,2,389.862,1210.69,32.9356,32.7997,30.0004,32.6793,32.5839,-1,40,10,-999.9,400,20,101.425,94.1773
38,1784649134,4411.1,20260721 23:52:14,23:52:14,15,,1784649126,0.001418627,1.418627364,1.449534727,442.1010561,350.6451809,35.44573097,44.69074709,0.035627043,1.384748964,0.035125546,0.021997936,287.4308867,37.43430045,35.51727333,5.812196391,33.63894058,1.884988737,5.603591268,3.927207654,-62.56146677,-49.34170449,-8.336753001,167.1909624,7.158125993,1.371969543,1.449534727,461.3209087,456.4092182,0.535682707,60.83482513,1.418627364,16.86071143,18.69923636,0.008403903,69.65,38,9,1.003033598,0.303359799,25128.75919,1500.004667,1261.21892,0.840809997,0.191619995,6,0.5,0: Broadleaf,2,TRUE,1784649126,442.1356667,452.6524667,18.64716,16.82410667,455.9125333,18.83191333,441.7545333,100.9872,0.099975593,34.85634,35.51727333,999.9,0,0,5002,0,62.04436667,-10.51663793,450.5371333,460.3983333,1.823036667,452.6524667,16.82410667,1.883128,1.699023333,16.49441333,14.88745333,1500.004667,0.972998,0.02700206,0,2.007366667,0,12010.09333,12843.93333,45.625,47.562,46.6082,46.25413333,45.687,1459.504667,40.5,0,1784649132,0,1784644771,22:39:31,1784644771,1784644765,1,-0.189,0.525,-13.682,-0.661,428,16,0.7,0.03,-10.16982614,16.56340761,6.221205353,0,1.832959524,-0.120541558,0.036454675,0,0,2,0/2,3.01573,2.75958,0.100722,0.0993155,0.0932088,0.08472,31712.6,22861.1,33400.1,25674.5,38732.1,31799.4,48812.7,40132.2,1.7635,2.60687,0.234898,0,31.6909,999.9,60.75,34.583,33.2036,28.9601,-100,3,0.41672,0,20.2443,5.20441,11.956,4.96935,3.294,7158.8,9999,9999,117.2,4.97375,1.87303,1.87088,1.87241,1.87287,1.87366,1.87332,1.87775,0,0,0,0,11111111,oooooooo,on,on,on,on,0,100,100,-13.816,-0.1746,-9.618116613,-0.010281863,2.60765E-06,-1.39012E-10,-1.061312389,-0.176615401,0.01337041,-8.0725E-05,6,2428,1,22,72.7,72.8,0.155029,4.99756,2.64526,2.74536,2.8479,2.27539,38.0134,15.2528,2,389.681,1210.46,32.9746,32.8617,30.0002,32.7477,32.6529,-1,40,10,-999.9,400,20,101.417,94.1731
39,1784649254,4531.1,20260721 23:54:14,23:54:14,15,,1784649246,0.001344065,1.344064567,2.741048003,446.5047823,290.2192147,29.33709388,45.13537372,0.033511782,1.384424066,0.033067565,0.020706648,287.4348133,37.52950441,35.58106,5.832681326,33.45624838,1.880698602,5.621367287,3.951982724,-59.2732474,-49.82571779,-8.425464858,169.9103833,4.769710726,1.288120307,2.741048003,465.4299007,458.1867091,0.637168637,60.83482513,1.344064567,16.95828522,18.67919515,0.011214394,69.65,38,9,1.003035285,0.303528549,25114.83086,1500.025333,1261.23628,0.840809986,0.191619973,6,0.5,0: Broadleaf,2,TRUE,1784649246,446.5702667,453.8068667,18.60494,16.89404,460.3828,18.79789333,441.9628,100.9859333,0.100047173,34.91348667,35.58106,999.9,0,0,5000.458667,0,81.15036,-7.236610667,455.0363333,461.6053333,1.710901333,453.8068667,16.89404,1.878834667,1.706058,16.45853333,14.95157333,1500.025333,0.972998333,0.02700172,0,2.11906,0,11896.73333,12844.12667,45.67046667,47.5,46.5998,46.312,45.687,1459.525333,40.5,0,1784649252,0,1784644771,22:39:31,1784644771,1784644765,1,-0.189,0.525,-13.682,-0.661,428,16,0.7,0.03,-4.843011286,-42.29023332,4.806566469,0,1.739532381,-0.456483896,0.049235603,0,0,2,0/2,3.01636,2.75954,0.101193,0.101096,0.0931677,0.0855506,31695.9,22815.9,33400.1,25674.6,38734.4,31770.7,48813.2,40132.8,1.76445,2.60488,0.242576,0,31.6598,999.9,60.621,34.694,33.3346,28.7501,-100,3,0.417269,0,20.2445,5.20531,11.956,4.9699,3.294,7158.8,9999,9999,117.3,4.97375,1.87303,1.87088,1.87241,1.87288,1.87369,1.87332,1.87775,0,0,0,0,11111111,oooooooo,on,on,on,on,0,100,100,-13.84,-0.1766,-9.618116613,-0.010281863,2.60765E-06,-1.39012E-10,-1.061312389,-0.176615401,0.01337041,-8.0725E-05,6,2428,1,22,74.7,74.8,0.155029,4.99756,2.64526,2.74414,2.8479,2.24731,38.062,15.2178,2,390.397,1208.35,33.026,32.8833,30.0001,32.7811,32.69,-1,40,10,-999.9,400,20,101.417,94.1742
40,1784649469,4746.1,20260721 23:57:49,23:57:49,15,,1784649461,0.000419378,0.419377982,-0.274165076,464.6086691,475.9323929,48.10885319,46.96421295,0.010912657,1.38419473,0.010865086,0.006794935,287.424175,37.64724719,34.67853125,5.548594289,32.44312845,1.788510506,5.512755988,3.760083783,-18.494569,-8.708236818,-1.463823609,258.7575456,-2.407864715,0.488016631,-0.274165076,468.4501788,470.6188121,-0.327174515,60.8075444,0.419377982,16.987072,17.61849273,-0.010977242,69.65,37,8,1.002952552,0.295255207,25137.06353,1499.9725,1261.1916,0.840809815,0.19161963,6,0.5,0: Broadleaf,2,TRUE,1784649461,464.602125,461.6326875,17.69341875,17.0406125,478.5586875,18.05914375,439.28375,100.983375,0.100001338,34.5618375,34.67853125,999.9,0,0,4999.453125,0,55.28970625,2.969321338,472.9706875,469.63575,0.6528035,461.6326875,17.0406125,1.786741875,1.720819375,15.6712375,15.0854375,1499.9725,0.973005938,0.02699395,0,1.988175,0,212.3654375,12843.6875,45.781,47.644375,46.6988125,46.402125,45.812,1459.4825,40.49,0,1784649467,0,1784644771,22:39:31,1784644771,1784644765,1,-0.189,0.525,-13.682,-0.661,428,16,0.7,0.03,2.28057921,7.495784291,1.67447442,0,0.64361481,0.208923351,0.033802675,0,0,2,0/2,3.01337,2.75943,0.103119,0.100612,0.0897074,0.085481,31624.9,22826.2,33397.2,25672.6,38885.8,31770.5,48809.4,40130.1,1.76068,2.60407,0.143722,0,32.38,999.9,60.67,34.835,33.6292,29.2501,-100,3,0.420696,0,20.244,5.20217,11.956,4.9679,3.294,7158.8,9999,9999,117.3,4.97376,1.87303,1.87089,1.87241,1.8729,1.87364,1.87331,1.87775,0,0,0,0,11111111,oooooooo,on,on,on,on,0,100,100,-13.935,-0.3809,-9.618116613,-0.010281863,2.60765E-06,-1.39012E-10,-1.061312389,-0.176615401,0.01337041,-8.0725E-05,6,2428,1,22,78.3,78.4,0.155029,4.99756,2.64526,2.74292,2.8479,2.23877,38.135,15.1915,2,388.702,1208.41,33.1423,32.929,30.0002,32.8348,32.7485,-1,40,10,-999.9,400,20,101.409,94.1674
41,1784649844,5121,20260722 00:04:04,00:04:04,15,,1784649836,0.003556826,3.556826079,3.614441069,436.0277883,356.5117421,36.03364902,44.07056047,0.104714747,1.38516518,0.100507312,0.063181005,287.4326063,36.62882811,35.0941,5.677871443,39.38724193,2.241154716,5.690052427,3.436716728,-156.8560301,2.892334532,0.488191488,133.9571022,6.435694053,3.546221453,3.614441069,454.5485491,448.5867152,0.173458497,60.81198056,3.556826079,17.511984,22.22021697,0.005614407,69.65,43,10,1.003435508,0.343550781,25118.68943,1500.016875,1261.228875,0.840809791,0.191619582,6,0.5,0: Broadleaf,2,TRUE,1784649836,436.114125,446.9708125,22.1736625,17.4608875,449.842375,21.619625,439.9251875,100.972875,0.099950281,35.13283125,35.0941,999.9,0,0,5004.765,0,62.5415125,-10.856695,446.0038125,454.9140625,4.712766875,446.9708125,17.4608875,2.238939375,1.7630775,19.24369375,15.46316875,1500.016875,0.973007438,0.026992225,0,2.058925,0,15927.825,12844.075,45.875,47.812,46.812,46.5659375,45.937,1459.526875,40.49,0,1784649842,0,1784644771,22:39:31,1784644771,1784644765,1,-0.189,0.525,-13.682,-0.661,428,16,0.7,0.03,-10.52605333,1.842179221,1.987732446,0,4.752009048,-0.573596883,0.06554429,0,0,2,0/2,3.01329,2.75952,0.0993063,0.0995675,0.10384,0.0875844,31752,22848.5,33389.4,25668.1,38250.1,31691,48801.1,40124.7,1.74743,2.6015,0.194535,0,31.9793,999.9,60.56,35.157,34.1721,29.0401,-100,3,0.426939,0,20.2439,5.20037,11.956,4.9697,3.294,7158.8,9999,9999,117.4,4.97375,1.87302,1.8709,1.87241,1.87287,1.87365,1.87331,1.87775,0,0,0,0,11111111,oooooooo,on,on,on,on,0,100,100,-13.749,0.5657,-9.618116613,-0.010281863,2.60765E-06,-1.39012E-10,-1.061312389,-0.176615401,0.01337041,-8.0725E-05,6,2428,1,22,84.5,84.7,0.155029,4.99756,2.64526,2.74414,2.8479,2.24121,38.4524,15.1652,2,382.164,1206.52,33.3414,33.0156,30.0004,32.9207,32.8357,-1,40,10,-999.9,400,20,101.389,94.1534
42,1784649964,5241,20260722 00:06:04,00:06:04,15,,1784649956,0.003250299,3.250299232,4.227775117,446.5440879,349.3859487,35.31357145,45.13365982,0.09384558,1.386043585,0.0904531,0.056827771,287.4269933,36.86171898,35.24980667,5.726979193,39.16292137,2.238168624,5.715019579,3.48881057,-143.3381961,-2.825577955,-0.477166712,140.7860526,5.088481514,3.271671634,4.227775117,464.3116914,457.5238242,0.167987492,60.81198056,3.250299232,17.89537113,22.18541394,0.007423861,69.65,43,10,1.003432944,0.343294449,25137.38086,1499.987333,1261.20406,0.840809807,0.191619614,6,0.5,0: Broadleaf,2,TRUE,1784649956,446.645,455.5578,22.14402667,17.79424667,460.4581333,21.59662,439.7506,100.9732667,0.099977933,35.21199333,35.24980667,999.9,0,0,5009.084,0,61.6837,-8.912935333,456.7594,463.8112,4.349774,455.5578,17.79424667,2.235953333,1.796744,19.22227333,15.75826667,1499.987333,0.973007667,0.026991967,0,1.98116,0,15148.64667,12843.80667,45.9454,47.875,46.91633333,46.625,46,1459.497333,40.49,0,1784649962,0,1784644771,22:39:31,1784644771,1784644765,1,-0.189,0.525,-13.682,-0.661,428,16,0.7,0.03,-8.632826,-14.12612481,1.941307977,0,4.3891705,-1.004875038,0.099703522,0,0,2,0/2,3.0132,2.75935,0.100857,0.101786,0.103757,0.0894392,31692.7,22787.6,33384.8,25663.2,38250.6,31620.3,48796,40118,1.74752,2.60005,0.208363,0,31.9041,999.9,61.476,35.258,34.883,28.7701,-100,3,0.430605,0,20.2441,5.20501,11.956,4.96915,3.294,7158.8,9999,9999,117.4,4.97377,1.87303,1.87091,1.87241,1.87292,1.87363,1.87332,1.87775,0,0,0,0,11111111,oooooooo,on,on,on,on,0,100,100,-13.825,0.5602,-9.618116613,-0.010281863,2.60765E-06,-1.39012E-10,-1.061312389,-0.176615401,0.01337041,-8.0725E-05,6,2428,1,22,86.5,86.7,0.155029,4.99756,2.64526,2.74414,2.8479,2.24976,38.575,15.1477,2,382.477,1205.21,33.4048,33.0635,30,32.9637,32.8737,-1,40,10,-999.9,400,20,101.377,94.1367
43,1784650084,5361,20260722 00:08:04,00:08:04,15,,1784650076,0.00336085,3.360850297,4.600845523,442.5372543,343.7839408,34.74745943,44.72880628,0.099214424,1.384139285,0.095426103,0.059969628,287.4291,36.87318585,35.28052,5.736709219,40.42733403,2.318814974,5.735760295,3.417894245,-148.2134981,-0.223367673,-0.037790589,138.9544436,8.177483729,3.298123208,4.600845523,467.6121712,457.2218121,0.729610927,60.81198056,3.360850297,18.63019239,23.03146303,0.014062117,69.65,42,10,1.003360874,0.33608738,25077.50018,1499.998,1261.21306,0.840809828,0.191619655,6,0.5,0: Broadleaf,2,TRUE,1784650076,442.6473333,455.7862,22.94186,18.55119333,456.4284,22.21368,438.8505333,100.9735333,0.100005327,35.27752667,35.28052,999.9,0,0,4999.666667,0,62.24346667,-13.13887067,453.0412,464.4017333,4.390669333,455.7862,18.55119333,2.316521333,1.873180667,19.79172667,16.41110667,1499.998,0.973007467,0.026992173,0,2.037413333,0,14790.68667,12843.9,46.00413333,47.9538,46.9496,46.75,46.062,1459.506667,40.49133333,0,1784650082,0,1784644771,22:39:31,1784644771,1784644765,1,-0.189,0.525,-13.682,-0.661,428,16,0.7,0.03,-11.548901,-37.37197353,3.656573247,0,4.441311,-0.858501654,0.096626031,0,0,2,0/2,3.01294,2.75944,0.100806,0.102529,0.106176,0.0915225,31694.5,22768.6,33384.7,25662.9,38143.1,31547,48796.2,40118.1,1.74715,2.6004,0.200242,0,32.0484,999.9,62.807,35.379,35.8789,29.4901,-100,3,0.43064,0,20.2439,5.20037,11.956,4.9692,3.29402,7158.8,9999,9999,117.5,4.97378,1.87305,1.87091,1.87241,1.87292,1.87365,1.87332,1.87774,0,0,0,0,11111111,oooooooo,on,on,on,on,0,100,100,-13.822,0.7507,-9.618116613,-0.010281863,2.60765E-06,-1.39012E-10,-1.061312389,-0.176615401,0.01337041,-8.0725E-05,6,2428,1,22,88.5,88.7,0.155029,4.99756,2.64526,2.74414,2.8479,2.24243,38.6241,15.1215,2,382.366,1206,33.4777,33.0714,30.0001,32.9784,32.8882,-1,40,10,-999.9,400,20,101.378,94.1364
44,1784650204,5481,20260722 00:10:04,00:10:04,15,,1784650196,0.003581735,3.581734883,3.726987436,431.6841897,350.9429435,35.46968027,43.63016973,0.105297395,1.384050008,0.101040753,0.063518575,287.4302744,36.8666718,35.33274,5.753285563,40.10086978,2.313503816,5.769211064,3.439781747,-157.9545083,3.734327323,0.632319349,133.8424128,3.998175344,3.569432031,3.726987436,446.4037902,441.8830727,-0.122560238,60.81198056,3.581734883,18.01908103,22.85600061,-0.008385424,69.65,42,10,1.003362349,0.336234891,25066.53516,1499.999333,1261.214641,0.840810134,0.191620268,6,0.5,0: Broadleaf,2,TRUE,1784650196,431.7734,439.3277333,22.89019333,18.13860667,445.4665333,22.17387333,438.8974667,100.9696667,0.09998278,35.38278667,35.33274,999.9,0,0,4999.417333,0,63.45701333,-7.554268667,441.8882667,447.4438667,4.751602667,439.3277333,18.13860667,2.311216667,1.831448667,19.75478,16.05758,1499.999333,0.9729934,0.027006633,0,1.961546667,0,14587.72,12843.84,46.18286667,48.062,47.0788,46.8708,46.187,1459.492,40.50666667,0,1784650202,0,1784644771,22:39:31,1784644771,1784644765,1,-0.189,0.525,-13.682,-0.661,428,16,0.7,0.03,-8.5764465,25.01352406,2.41883313,0,4.6982265,1.328090977,0.131606665,0,0,2,0/2,3.01264,2.75942,0.0981035,0.0973352,0.105615,0.0891809,31787.9,22900.2,33382.9,25662.9,38166.2,31628.5,48794.3,40118.1,1.74717,2.6015,0.198908,0,32.1245,999.9,61.561,35.49,35.3831,29.5801,-100,3,0.432558,0,20.2441,5.20396,11.956,4.96895,3.294,7158.8,9999,9999,117.5,4.97376,1.87305,1.87093,1.87241,1.87293,1.87365,1.87331,1.87775,0,0,0,0,11111111,oooooooo,on,on,on,on,0,100,100,-13.692,0.7066,-9.618116613,-0.010281863,2.60765E-06,-1.39012E-10,-1.061312389,-0.176615401,0.01337041,-8.0725E-05,6,2428,1,22,90.5,90.7,0.155029,4.99756,2.64526,2.74414,2.8479,2.23999,38.6733,15.1127,2,382.5,1207.97,33.5538,33.0893,30.0004,32.9986,32.9087,-1,40,10,-999.9,400,20,101.373,94.1364
45,1784650324,5601,20260722 00:12:04,00:12:04,15,,1784650316,0.003417166,3.417166151,3.419869808,434.4147559,354.8996598,35.86888509,43.90529135,0.099213557,1.384392744,0.095425966,0.059969481,287.42636,37.01483318,35.42029333,5.781171271,39.84016461,2.306790953,5.790114011,3.474380317,-150.6970273,2.089790686,0.354032116,139.1731555,5.639547862,3.303830855,3.419869808,452.5088139,446.8372,0.167575004,60.81198056,3.417166151,18.63970502,23.01459576,0.029650613,69.65,42,10,1.003361735,0.33617351,25071.0967,1499.984,1261.20126,0.840809809,0.191619617,6,0.5,0: Broadleaf,2,TRUE,1784650316,434.4966,444.1342,22.82422,18.42982,448.2118,22.12298,439.2892,100.9676667,0.1000129,35.44829333,35.42029333,999.9,0,0,5001.208667,0,72.44092,-9.637418,444.6454667,452.473,4.394412667,444.1342,18.42982,2.304512667,1.860819333,19.70783333,16.30656667,1499.984,0.973007667,0.02699198,0,2.1581,0,14464.58,12843.77333,46.2416,48.15393333,47.187,46.9454,46.312,1459.494,40.49,0,1784650322,0,1784644771,22:39:31,1784644771,1784644765,1,-0.189,0.525,-13.682,-0.661,428,16,0.7,0.03,-8.83434619,-7.532238701,3.614119868,0,4.491659048,-1.488383377,0.154067165,0,0,2,0/2,3.01327,2.7595,0.0988361,0.0983061,0.106162,0.0915435,31759,22872.6,33379.8,25659.7,38139.3,31541.9,48790.2,40114,1.74825,2.6,0.200361,0,32.2167,999.9,62.05,35.591,35.8633,29.5201,-100,3,0.435513,0,20.2441,5.20501,11.956,4.96875,3.294,7158.8,9999,9999,117.5,4.9738,1.87308,1.87091,1.87241,1.87289,1.87365,1.87332,1.87775,0,0,0,0,11111111,oooooooo,on,on,on,on,0,100,100,-13.727,0.7511,-9.618116613,-0.010281863,2.60765E-06,-1.39012E-10,-1.061312389,-0.176615401,0.01337041,-8.0725E-05,6,2428,1,22,92.5,92.7,0.155029,4.99756,2.64526,2.74414,2.8479,2.25098,38.7471,15.0864,2,383.269,1206.52,33.6267,33.1255,30.0004,33.0314,32.9423,-1,40,10,-999.9,400,20,101.364,94.126
46,1784650444,5721,20260722 00:14:04,00:14:04,15,,1784650436,0.00357006,3.570059903,3.663947847,426.7180789,345.4759365,34.91554361,43.12628498,0.102804915,1.383699933,0.098742241,0.062065538,287.4267267,37.05525022,35.57076667,5.829371408,39.85620353,2.322699941,5.82769992,3.506671467,-157.4396417,-0.38790976,-0.065834472,129.5333407,3.298767323,3.495447933,3.663947847,440.4920695,436.2248303,-0.151665534,60.81198056,3.570059903,18.28470337,23.01979576,0.003776985,69.65,42,10,1.003365674,0.336567429,25041.85175,1499.984667,1261.20194,0.840809888,0.191619777,6,0.5,0: Broadleaf,2,TRUE,1784650436,426.8058667,433.3268,22.98222667,18.33887333,440.4586667,22.2448,439.7756667,100.9650667,0.099985687,35.56556667,35.57076667,999.9,0,0,4997.916667,0,73.96953333,-6.520838,436.8454667,441.4219333,4.643378,433.3268,18.33887333,2.320404,1.851584667,19.81873333,16.22906,1499.984667,0.9730056,0.026994113,0,2.013953333,0,14320.06,12843.77333,46.312,48.25,47.25,46.9916,46.3498,1459.490667,40.494,0,1784650442,0,1784644771,22:39:31,1784644771,1784644765,1,-0.189,0.525,-13.682,-0.661,428,16,0.7,0.03,-6.6994635,8.002056992,1.294944195,0,4.71493,-0.712496842,0.156203145,0,0,2,0/2,3.01357,2.75946,0.0971445,0.096524,0.106062,0.0897386,31812.7,22914.2,33373.9,25656.1,38138.1,31600.3,48782.6,40108.5,1.74885,2.59763,0.199944,0,32.3609,999.9,61.439,35.701,35.7314,28.8301,-100,3,0.441936,0,20.2441,5.20052,11.956,4.96955,3.294,7158.8,9999,9999,117.6,4.97376,1.87304,1.8709,1.87241,1.8729,1.87366,1.87332,1.87774,0,0,0,0,11111111,oooooooo,on,on,on,on,0,100,100,-13.646,0.7445,-9.618116613,-0.010281863,2.60765E-06,-1.39012E-10,-1.061312389,-0.176615401,0.01337041,-8.0725E-05,6,2428,1,22,94.5,94.7,0.155029,4.99756,2.64526,2.74292,2.8479,2.25952,38.8211,15.0777,2,383.919,1204.21,33.7048,33.1899,30.0004,33.0863,32.9958,-1,40,10,-999.9,400,20,101.347,94.1128
47,1784650564,5841,20260722 00:16:04,00:16:04,15,,1784650556,0.003571774,3.571773821,2.965693199,449.2720879,377.9596928,38.1972419,45.40419242,0.103212933,1.383935889,0.099119306,0.062303834,287.4343323,37.08596077,35.59939333,5.838580625,40.15553108,2.344247638,5.837919646,3.494332987,-157.5152255,-0.153200743,-0.02600381,129.7399022,0.033865954,3.457690615,2.965693199,455.5837707,456.0027879,-0.835087657,60.81198056,3.571773821,18.44380471,23.21398727,-0.001545759,69.65,42,10,1.003365094,0.336509426,25046.15363,1500.025333,1261.236039,0.840809826,0.191619652,6,0.5,0: Broadleaf,2,TRUE,1784650556,449.3431333,451.5092,23.19620667,18.60344667,463.1778667,22.40943333,439.7210667,100.9616667,0.100014313,35.59734,35.59939333,999.9,0,0,4999.25,0,80.05234,-2.166111067,460.0136667,460.069,4.592758667,451.5092,18.60344667,2.34193,1.878236,19.9677,16.45317333,1500.025333,0.9730078,0.026991847,0,2.05874,0,14244.63333,12844.13333,46.43286667,48.375,47.375,47.125,46.5,1459.534,40.492,0,1784650562,0,1784644771,22:39:31,1784644771,1784644765,1,-0.189,0.525,-13.682,-0.661,428,16,0.7,0.03,-4.2728043,53.25400755,5.371119134,0,4.557158,1.476726316,0.164628584,0,0,2,0/2,3.01354,2.75954,0.100127,0.0981626,0.106561,0.0899827,31700.6,22869.2,33367,25652.6,38110.2,31587.4,48772.8,40103.7,1.74737,2.5959,0.191446,0,32.5022,999.9,61.391,35.812,35.9207,29.1901,-100,3,0.449888,0,20.2444,5.19947,11.956,4.96935,3.294,7158.8,9999,9999,117.6,4.97378,1.87305,1.87092,1.87241,1.87291,1.87366,1.87332,1.87775,0,0,0,0,11111111,oooooooo,on,on,on,on,0,100,100,-13.792,0.787,-9.618116613,-0.010281863,2.60765E-06,-1.39012E-10,-1.061312389,-0.176615401,0.01337041,-8.0725E-05,6,2428,1,22,96.5,96.7,0.155029,4.99756,2.64526,2.74414,2.8479,2.25464,38.9198,15.0602,2,383.637,1203.3,33.7736,33.2849,30.0003,33.1698,33.0728,-1,40,10,-999.9,400,20,101.327,94.1011
48,1784650684,5961,20260722 00:18:04,00:18:04,15,,1784650676,0.0034258,3.425799863,3.722236124,420.3563118,334.3856484,33.78940835,42.47667667,0.096421054,1.383523968,0.092837378,0.058334243,287.4255933,37.20231882,35.66814,5.860748117,39.00081319,2.282163584,5.851579485,3.578584534,-151.077774,-2.118811912,-0.359941887,133.8690656,3.143304815,3.488515268,3.722236124,434.4949566,429.5918,-0.047704089,60.81198056,3.425799863,18.02519951,22.58222727,0.000527018,69.65,42,10,1.003367082,0.336708203,25031.41717,1499.979333,1261.1974,0.840809851,0.191619702,6,0.5,0: Broadleaf,2,TRUE,1784650676,420.4455333,426.7096667,22.58467333,17.95684,434.0464,21.93802,440.5545333,100.9492,0.1000182,35.63973333,35.66814,999.9,0,0,4997.833333,0,66.11035333,-6.264151333,430.1605333,434.5120667,4.627821333,426.7096667,17.95684,2.279904,1.812728667,19.5351,15.89690667,1499.979333,0.973006133,0.026993567,0,2.025246667,0,14133.24667,12843.74667,46.5,48.40806667,47.437,47.125,46.5372,1459.487333,40.492,0,1784650682,0,1784644771,22:39:31,1784644771,1784644765,1,-0.189,0.525,-13.682,-0.661,428,16,0.7,0.03,-6.370204,0.136370526,0.566255967,0,4.632982,-0.454701654,0.062696897,0,0,2,0/2,3.01451,2.75947,0.0960552,0.0957999,0.104782,0.0894433,31836.9,22924.4,33360.1,25647.8,38181.9,31599.6,48763.5,40096.7,1.74855,2.59417,0.195127,0,32.5289,999.9,60.194,35.923,35.4407,29.2201,-100,3,0.457853,0,20.2439,5.20321,11.956,4.9675,3.29402,7158.8,9999,9999,117.6,4.97372,1.87305,1.87088,1.87241,1.87289,1.87364,1.87331,1.87775,0,0,0,0,11111111,oooooooo,on,on,on,on,0,100,100,-13.596,0.6479,-9.618116613,-0.010281863,2.60765E-06,-1.39012E-10,-1.061312389,-0.176615401,0.01337041,-8.0725E-05,6,2428,1,22,98.5,98.7,0.155029,4.99756,2.64526,2.74414,2.8479,2.23877,38.994,15.0426,2,384.777,1202.55,33.8313,33.3773,30.0003,33.2551,33.1575,-1,40,10,-999.9,400,20,101.307,94.0842
49,1784650804,6081,20260722 00:20:04,00:20:04,15,,1784650796,0.003447553,3.447552907,4.361743268,429.9025928,333.911667,33.73769409,43.43640429,0.097821919,1.384354584,0.094137618,0.05915547,287.43142,37.26253134,35.72378,5.878742844,39.63964442,2.32877874,5.874872932,3.549964104,-152.0370832,-0.892117004,-0.151555153,134.3506647,4.384352727,3.584965289,4.361743268,449.1750161,441.0290606,0.389497408,60.81198056,3.447552907,18.31073831,22.96294182,-0.012118201,69.65,42,10,1.003364608,0.336460822,25049.75962,1500.01,1261.22316,0.840809835,0.191619669,6,0.5,0: Broadleaf,2,TRUE,1784650796,430.0070667,438.0394,23.04859333,18.30584667,443.6858667,22.29588667,441.5562,100.9378,0.099981627,35.71182667,35.72378,999.9,0,0,5002.5,0,64.7728,-8.032316667,440.1520667,446.2076667,4.742756,438.0394,18.30584667,2.326475333,1.847752667,19.86084667,16.19662,1500.01,0.973007133,0.026992533,0,2.02426,0,14053.49333,12844,46.50413333,48.4748,47.4916,47.187,46.562,1459.518,40.492,0,1784650802,0,1784644771,22:39:31,1784644771,1784644765,1,-0.189,0.525,-13.682,-0.661,428,16,0.7,0.03,-4.492795014,-52.63746729,5.406390784,0,4.755904762,-0.13588987,0.057829322,0,0,2,0/2,3.01529,2.75952,0.0979851,0.098932,0.105833,0.0906232,31763.1,22840.8,33354.3,25643.4,38130.6,31553.1,48755.7,40090.6,1.7493,2.58942,0.195455,0,32.5701,999.9,60.695,36.034,35.9581,29.3701,-100,3,0.464738,0,20.2442,5.20441,11.956,4.969,3.29405,7158.8,9999,9999,117.7,4.97373,1.87306,1.87088,1.87241,1.8729,1.87365,1.87332,1.87775,0,0,0,0,11111111,oooooooo,on,on,on,on,0,100,100,-13.691,0.7338,-9.618116613,-0.010281863,2.60765E-06,-1.39012E-10,-1.061312389,-0.176615401,0.01337041,-8.0725E-05,6,2428,1,22,100.5,100.7,0.155029,4.99756,2.64526,2.74292,2.8479,2.24121,39.0931,15.0164,2,385.663,1197.38,33.895,33.4604,30.0003,33.3356,33.2358,-1,40,10,-999.9,400,20,101.29,94.0691
50,1784650924,6201,20260722 00:22:04,00:22:04,15,,1784650916,0.003389346,3.389345975,3.064048332,459.748872,382.1565655,38.61001275,46.44931269,0.095640173,1.383620691,0.092113402,0.057876907,287.4287667,37.33220837,35.77724,5.896077727,39.57232194,2.32991065,5.887727928,3.566167076,-149.4701575,-1.919546057,-0.326418112,135.712645,-3.319504803,3.673891004,3.064048332,461.7705401,463.7760848,-1.154164711,60.81198056,3.389345975,18.23290148,22.88120909,-0.024163387,69.65,42,10,1.003367842,0.336784183,25025.78889,1499.996667,1261.2119,0.840809802,0.191619604,6,0.5,0: Broadleaf,2,TRUE,1784650916,459.8223333,457.6231333,23.06113333,18.20254667,473.7408,22.30548,441.7130667,100.9319333,0.099989807,35.75150667,35.77724,999.9,0,0,4999.166,0,67.54293333,2.19930208,470.6772,466.1074667,4.858602667,457.6231333,18.20254667,2.327606,1.837218,19.86848,16.10636,1499.996667,0.973007667,0.02699198,0,2.01658,0,13989.34667,12843.88667,46.5372,48.5,47.5,47.2248,46.604,1459.506667,40.49,0,1784650922,0,1784644771,22:39:31,1784644771,1784644765,1,-0.189,0.525,-13.682,-0.661,428,16,0.7,0.03,-6.496101371,113.0589586,12.72223149,0,4.645655238,2.439215844,0.368247931,0,0,2,0/2,3.01551,2.75944,0.101249,0.0980272,0.10556,0.0895206,31643.8,22861.4,33349.9,25641.1,38139.7,31588.6,48750.2,40087.3,1.74942,2.58885,0.194844,0,32.6345,999.9,60.035,36.134,35.7654,29.2501,-100,3,0.469169,0,20.2439,5.20456,11.956,4.9692,3.294,7158.8,9999,9999,117.7,4.97378,1.87308,1.87089,1.8724,1.87293,1.87365,1.87332,1.87773,0,0,0,0,11111111,oooooooo,on,on,on,on,0,100,100,-13.851,0.7141,-9.618116613,-0.010281863,2.60765E-06,-1.39012E-10,-1.061312389,-0.176615401,0.01337041,-8.0725E-05,6,2428,1,22,102.5,102.7,0.155029,4.99756,2.64526,2.74292,2.8479,2.24731,39.1676,14.9901,2,386.104,1197.78,33.9461,33.5196,30.0002,33.3976,33.2973,-1,40,10,-999.9,400,20,101.278,94.0611
51,1784651044,6321,20260722 00:24:04,00:24:04,15,,1784651036,0.003446238,3.446238272,3.798198437,457.505941,369.7439917,37.35596255,46.22272485,0.098448002,1.383570205,0.094715328,0.059520654,287.4277533,37.2727523,35.75430667,5.888635957,40.19703153,2.362678335,5.877743318,3.525957622,-151.9791078,-2.507253386,-0.42626177,132.5151304,0.377643961,3.641911402,3.798198437,467.4387636,464.9626182,-0.513333488,60.81198056,3.446238272,18.38346741,23.16370667,-0.034428452,69.65,41,9,1.003287253,0.328725254,25026.84346,1499.991333,1261.20742,0.840809805,0.191619609,6,0.5,0: Broadleaf,2,TRUE,1784651036,457.597,460.3686,23.38545333,18.57629333,471.4978,22.55469333,442.2574,100.9319333,0.100033053,35.72069333,35.75430667,999.9,0,0,4998.916667,0,65.33845333,-2.771634067,468.5544667,469.0829333,4.809142667,460.3686,18.57629333,2.360337333,1.874942667,20.09399333,16.42512667,1499.991333,0.973007,0.026992687,0,1.910646667,0,13916.26,12843.86,46.562,48.5,47.5,47.2332,46.625,1459.501333,40.49,0,1784651042,0,1784644771,22:39:31,1784644771,1784644765,1,-0.189,0.525,-13.682,-0.661,428,16,0.7,0.03,-3.40374855,12.36358335,1.338880179,0,4.6786595,2.275721955,0.25074484,0,0,2,0/2,3.01625,2.75939,0.101602,0.100307,0.106275,0.0898496,31626.3,22800.1,33344.8,25637.4,38103.7,31572.9,48743.5,40082.2,1.75047,2.5875,0.19731,0,32.5881,999.9,60.286,36.245,36.1374,29.3401,-100,3,0.474543,0,20.2438,5.20231,11.956,4.96855,3.294,7158.8,9999,9999,117.7,4.97376,1.87303,1.87088,1.87241,1.87296,1.87369,1.87332,1.87775,0,0,0,0,11111111,oooooooo,on,on,on,on,0,100,100,-13.868,0.7727,-9.618116613,-0.010281863,2.60765E-06,-1.39012E-10,-1.061312389,-0.176615401,0.01337041,-8.0725E-05,6,2428,1,22,104.5,104.7,0.155029,4.99756,2.64648,2.7417,2.8479,2.23267,39.2422,14.9726,2,387.056,1197.15,33.9619,33.5783,30.0001,33.462,33.362,-1,40,10,-999.9,400,20,101.263,94.0485
52,1784651164,6441.1,20260722 00:26:04,00:26:04,15,,1784651156,0.003378563,3.378562691,3.653625335,444.4415811,357.2303865,36.09187023,44.9030331,0.09486468,1.383636555,0.091393793,0.057422385,287.421325,37.37717314,35.86556875,5.924816421,39.70354567,2.342753668,5.900615748,3.582062753,-148.9946147,-5.546575763,-0.943769181,131.9363654,2.401922096,3.504719267,3.653625335,457.005755,453.3844364,-0.263764322,60.81198056,3.378562691,18.4826935,23.05424545,-0.015948128,69.65,41,9,1.003287758,0.328775847,25023.00484,1499.9575,1261.179,0.840809823,0.191619646,6,0.5,0: Broadleaf,2,TRUE,1784651156,444.5291875,449.8848125,23.188125,18.5643375,458.325375,22.40320625,442.7495625,100.9324375,0.100037881,35.7912125,35.86556875,999.9,0,0,4999.219375,0,62.3522625,-5.35564875,455.0816875,458.39475,4.6237925,449.8848125,18.5643375,2.340435625,1.87374375,19.9573125,16.4156875,1499.9575,0.973005875,0.026993863,0,2.0646625,0,13834.0875,12843.54375,46.562,48.4488125,47.5,47.2460625,46.625,1459.4675,40.49,0,1784651162,0,1784644771,22:39:31,1784644771,1784644765,1,-0.189,0.525,-13.682,-0.661,428,16,0.7,0.03,-5.905384286,9.321478442,1.082750244,0,4.552484762,0.795405195,0.117071391,0,0,2,0/2,3.01642,2.75945,0.0997916,0.0993873,0.105947,0.0897031,31685,22819.6,33340,25633.5,38113.3,31572.9,48736.9,40076.6,1.7502,2.58558,0.195347,0,32.7172,999.9,60.048,36.346,36.1909,29.5174,-100,3,0.480722,0,20.2438,5.20456,11.956,4.96925,3.294,7158.8,9999,9999,117.8,4.97379,1.87304,1.87092,1.87241,1.873,1.87365,1.87332,1.87775,0,0,0,0,11111111,oooooooo,on,on,on,on,0,100,100,-13.781,0.7478,-9.618116613,-0.010281863,2.60765E-06,-1.39012E-10,-1.061312389,-0.176615401,0.01337041,-8.0725E-05,6,2428,1,22,106.6,106.7,0.155029,4.99756,2.64526,2.74292,2.8479,2.28394,39.3169,14.9814,2,387.323,1195.81,34.0027,33.6455,30.0002,33.5305,33.4313,-1,40,10,-999.9,400,20,101.249,94.0349
53,1784651284,6561.1,20260722 00:28:04,00:28:04,15,,1784651276,0.00322256,3.222559576,3.702209237,432.1649608,339.0578819,34.25537495,43.6620812,0.087525802,1.383806776,0.084562494,0.053109442,287.43624,37.52071206,35.95211333,5.953092566,38.15480432,2.259422779,5.921725505,3.693669787,-142.1148773,-7.163953364,-1.219718281,136.9376911,-0.120935408,3.354730772,3.702209237,442.3861043,438.8081212,-0.283444698,60.81198056,3.222559576,18.05640904,22.32924121,-0.000768677,69.65,41,9,1.003287803,0.328780349,25022.66337,1500.036,1261.24494,0.840809781,0.191619561,6,0.5,0: Broadleaf,2,TRUE,1784651276,432.2537333,434.0548667,22.36364667,17.93556,445.9508,21.76696667,442.9064,100.9311333,0.099919987,35.85608667,35.95211333,999.9,0,0,5000.124667,0,55.6706,-1.8010972,442.1417333,441.9821333,4.428084667,434.0548667,17.93556,2.257186667,1.810256,19.37402667,15.8754,1500.036,0.973007333,0.026992347,0,1.965746667,0,13757.27333,12844.22667,46.5662,48.4538,47.5,47.187,46.625,1459.546,40.49,0,1784651282,0,1784644771,22:39:31,1784644771,1784644765,1,-0.189,0.525,-13.682,-0.661,428,16,0.7,0.03,-0.7401919,-27.04565414,2.741253051,0,4.4937095,-1.713696992,0.167362994,0,0,2,0/2,3.01586,2.75954,0.0974443,0.0968433,0.103947,0.0893697,31764.1,22882.2,33336.6,25631.8,38198.1,31581.7,48732.6,40074.2,1.74875,2.58413,0.202514,0,32.6728,999.9,58.845,36.477,35.7226,29.2474,-100,3,0.485595,0,20.2441,5.20411,11.956,4.9697,3.29402,7158.8,9999,9999,117.8,4.97379,1.87305,1.87091,1.87241,1.87292,1.87364,1.87332,1.87775,0,0,0,0,11111111,oooooooo,on,on,on,on,0,100,100,-13.668,0.591,-9.618116613,-0.010281863,2.60765E-06,-1.39012E-10,-1.061312389,-0.176615401,0.01337041,-8.0725E-05,6,2428,1,22,108.6,108.7,0.155029,4.99756,2.64526,2.7417,2.8479,2.24487,39.4166,14.9376,2,386.916,1195,34.044,33.7076,30.0002,33.5919,33.4942,-1,40,10,-999.9,400,20,101.24,94.029
54,1784651404,6681.1,20260722 00:30:04,00:30:04,15,,1784651396,0.003270397,3.270397002,3.342336819,448.1690497,362.5858614,36.63337428,45.28015647,0.089963708,1.383655083,0.086835867,0.054544381,287.4247133,37.4682408,35.90078,5.936306652,38.66448307,2.286029204,5.912478385,3.650277448,-144.2245078,-5.451944691,-0.927978011,136.8202828,1.581298152,3.297082266,3.342336819,460.4982733,457.2671576,-0.255334644,60.81198056,3.270397002,18.16842518,22.56229455,-0.011049253,69.65,41,9,1.003288085,0.328808463,25020.53086,1499.975333,1261.19398,0.840809813,0.191619627,6,0.5,0: Broadleaf,2,TRUE,1784651396,448.2492,452.3819333,22.62641333,18.28035333,462.0751333,21.97028667,443.3913333,100.9336667,0.0999868,35.82769333,35.90078,999.9,0,0,4999.25,0,60.61659333,-4.132673333,458.6261333,460.806,4.346066,452.3819333,18.28035333,2.283764,1.845098667,19.56232667,16.17386,1499.975333,0.973005,0.02699476,0,2.0192,0,13701.94667,12843.7,46.562,48.437,47.5,47.25,46.625,1459.485333,40.49,0,1784651402,0,1784644771,22:39:31,1784644771,1784644765,1,-0.189,0.525,-13.682,-0.661,428,16,0.7,0.03,-4.92588,26.47406977,3.331945747,0,4.319167,0.875218647,0.09744405,0,0,2,0/2,3.01733,2.75964,0.100276,0.0981363,0.10453,0.0884012,31662.6,22849,33334.8,25631.3,38171.9,31615.2,48730.7,40073.6,1.75133,2.58275,0.200272,0,32.6606,999.9,58.619,36.588,35.804,29.3374,-100,3,0.487335,0,20.2442,5.20501,11.956,4.9682,3.294,7158.8,9999,9999,117.8,4.97377,1.87303,1.87094,1.87241,1.8729,1.87364,1.87331,1.87775,0,0,0,0,11111111,oooooooo,on,on,on,on,0,100,100,-13.807,0.6373,-9.618116613,-0.010281863,2.60765E-06,-1.39012E-10,-1.061312389,-0.176615401,0.01337041,-8.0725E-05,6,2428,1,22,110.6,110.7,0.155029,4.99756,2.64526,2.74292,2.8479,2.27905,39.4666,14.9376,2,388.516,1193.71,34.065,33.7353,30.0001,33.6277,33.527,-1,40,10,-999.9,400,20,101.235,94.0275
55,1784651524,6801.1,20260722 00:32:04,00:32:04,15,,1784651516,0.003077193,3.077193078,3.82738046,446.4274909,346.8507782,35.04229441,45.10251829,0.083431093,1.38375276,0.080733865,0.050693737,287.4352267,37.58198126,35.94331333,5.950212056,38.11960442,2.255818184,5.917737651,3.694393872,-135.7042147,-7.420300747,-1.263283642,143.0474275,12.93624822,2.887477892,3.82738046,478.5209302,466.6079333,1.22917687,60.81198056,3.077193078,18.64362842,22.53241697,0.030075693,69.65,41,9,1.00328787,0.328787012,25022.15794,1500.030667,1261.24046,0.840809783,0.191619567,6,0.5,0: Broadleaf,2,TRUE,1784651516,446.5192667,465.7325333,22.32822667,18.51685333,460.3313333,21.73946,442.918,100.9299333,0.099952167,35.84384667,35.94331333,999.9,0,0,4999.917333,0,61.35772667,-19.21332667,456.7178,474.5198667,3.81137,465.7325333,18.51685333,2.253588,1.868904667,19.34820667,16.37497333,1500.030667,0.973005333,0.02699442,0,2.105393333,0,13631.08,12844.16,46.53306667,48.37913333,47.4748,47.187,46.5956,1459.540667,40.49,0,1784651522,0,1784644771,22:39:31,1784644771,1784644765,1,-0.189,0.525,-13.682,-0.661,428,16,0.7,0.03,-16.37989667,-32.0317761,5.807456552,0,3.856404762,-0.744634286,0.099688979,0,0,2,0/2,3.01628,2.75938,0.102029,0.102611,0.104539,0.0909555,31601.5,22735,33335.4,25630.5,38172.6,31525.9,48731.6,40073,1.74888,2.58032,0.208624,0,32.5739,999.9,58.821,36.688,36.1253,29.1274,-100,3,0.487068,0,20.2443,5.20396,11.956,4.9684,3.294,7158.8,9999,9999,117.9,4.97375,1.87304,1.8709,1.87241,1.87293,1.87365,1.87332,1.87774,0,0,0,0,11111111,oooooooo,on,on,on,on,0,100,100,-13.893,0.6384,-9.618116613,-0.010281863,2.60765E-06,-1.39012E-10,-1.061312389,-0.176615401,0.01337041,-8.0725E-05,6,2428,1,22,112.6,112.7,0.155029,4.99756,2.64526,2.7417,2.8479,2.24121,39.5416,14.9288,2,387.256,1190.58,34.0735,33.7353,30.0001,33.6372,33.542,-1,40,10,-999.9,400,20,101.237,94.0254
56,1784651644,6921.1,20260722 00:34:04,00:34:04,15,,1784651636,0.002976066,2.976066212,4.149225027,447.8018872,339.1952279,34.26812556,45.24041034,0.080544482,1.383798183,0.078027716,0.048986893,287.4319333,37.7106839,36.07117333,5.992183787,38.64863038,2.296949069,5.943157743,3.695234718,-131.24452,-11.14772658,-1.8997012,143.1399856,3.767908659,3.108431912,4.149225027,465.8547103,458.4945697,0.30263238,60.81198056,2.976066212,18.89527168,22.76217939,0.011851686,69.65,41,9,1.00328852,0.328851977,25017.23097,1500.013333,1261.2259,0.840809793,0.191619586,6,0.5,0: Broadleaf,2,TRUE,1784651636,447.9014,454.8755333,22.73582667,18.63416,461.7246667,22.0548,442.8790667,100.9277333,0.10000156,35.92174667,36.07117333,999.9,0,0,5000.250667,0,73.73646667,-6.974133267,458.3218,463.5138667,4.101675333,454.8755333,18.63416,2.294675333,1.880702,19.63903333,16.47316667,1500.013333,0.973005333,0.026994433,0,2.018033333,0,13573.23333,12844.00667,46.52893333,48.437,47.4748,47.187,46.5956,1459.523333,40.49,0,1784651642,0,1784644771,22:39:31,1784644771,1784644765,1,-0.189,0.525,-13.682,-0.661,428,16,0.7,0.03,-4.776332286,-38.65616205,4.789169197,0,4.177354286,-1.505735844,0.21035421,0,0,2,0/2,3.01634,2.75941,0.100805,0.102513,0.105217,0.0928923,31643.3,22736.7,33334.1,25629.6,38141.2,31457.2,48729.7,40072.1,1.74888,2.58387,0.207305,0,32.7279,999.9,59.431,36.769,36.662,29.2174,-100,3,0.487965,0,20.2445,5.20471,11.956,4.9695,3.29415,7158.8,9999,9999,117.9,4.97376,1.87303,1.87094,1.87241,1.87296,1.87363,1.87331,1.87775,0,0,0,0,11111111,oooooooo,on,on,on,on,0,100,100,-13.832,0.6922,-9.618116613,-0.010281863,2.60765E-06,-1.39012E-10,-1.061312389,-0.176615401,0.01337041,-8.0725E-05,6,2428,1,22,114.6,114.7,0.155029,4.99756,2.64526,2.7417,2.8479,2.25708,39.5917,14.9113,2,387.344,1195.96,34.1084,33.7444,30.0003,33.6519,33.5609,-1,40,10,-999.9,400,20,101.233,94.0229
57,1784651764,7041.1,20260722 00:36:04,00:36:04,15,,1784651756,0.002935048,2.935048147,4.145215716,446.9264791,336.4623754,33.9914684,45.15122165,0.07876374,1.384405819,0.07635626,0.047932836,287.4276267,37.85515559,36.28764667,6.063830431,39.13817368,2.342059554,5.984079822,3.721770877,-129.4356233,-17.99476046,-3.070249932,136.926993,10.34889936,2.813704916,4.145215716,471.5418754,463.2776606,0.470058088,60.81198056,2.935048147,19.52138188,23.30594485,0.016258106,69.65,41,9,1.003287555,0.328755537,25024.54565,1499.990667,1261.20686,0.840809805,0.19161961,6,0.5,0: Broadleaf,2,TRUE,1784651756,447.0258667,462.7097333,23.18272667,19.47038667,460.8419333,22.39904,442.7270667,100.9260667,0.099994133,36.04654667,36.28764667,999.9,0,0,5003.334667,0,72.59622,-15.68388,457.6352,471.8978667,3.712334,462.7097333,19.47038667,2.339742,1.965071333,19.95255333,17.16560667,1499.990667,0.973004667,0.026995093,0,1.97124,0,13490.37333,12843.84667,46.562,48.5,47.5,47.187,46.625,1459.500667,40.49,0,1784651762,0,1784644771,22:39:31,1784644771,1784644765,1,-0.189,0.525,-13.682,-0.661,428,16,0.7,0.03,-15.21551,11.22123609,3.960314319,0,3.704154,0.272892632,0.030643886,0,0,2,0/2,3.01631,2.75962,0.101531,0.10176,0.106737,0.0945035,31612.9,22752.3,33329.2,25625.9,38070.2,31396.1,48723.5,40066.9,1.74822,2.58032,0.208341,0,32.9167,999.9,60.194,36.87,37.3364,28.8874,-100,3,0.492668,0,20.2441,5.20396,11.956,4.9688,3.294,7158.8,9999,9999,117.9,4.9738,1.87303,1.87094,1.87241,1.8729,1.87363,1.87332,1.87775,0,0,0,0,11111111,oooooooo,on,on,on,on,0,100,100,-13.868,0.8159,-9.618116613,-0.010281863,2.60765E-06,-1.39012E-10,-1.061312389,-0.176615401,0.01337041,-8.0725E-05,6,2428,1,22,116.6,116.7,0.155029,4.99756,2.64526,2.7417,2.8479,2.26074,39.6669,14.8675,2,387.292,1191.94,34.1684,33.7961,30.0004,33.7011,33.6113,-1,40,10,-999.9,400,20,101.219,94.0102
58,1784651884,7161.1,20260722 00:38:04,00:38:04,15,,1784651876,0.002827187,2.827186599,3.538052054,446.2760313,342.6735408,34.61919741,45.0858213,0.073680816,1.383628331,0.071568405,0.044915,287.42826,37.89846119,36.25704667,6.053657749,37.22863395,2.226312556,5.980108105,3.827345193,-124.678929,-16.60317048,-2.833822961,143.3123375,5.452861455,2.780124869,3.538052054,463.7384236,458.1134242,0.138897374,60.81198056,2.827186599,18.45867206,22.12051939,0.012828162,69.65,41,9,1.003290359,0.329035918,25003.29141,1499.994,1261.20966,0.840809803,0.191619606,6,0.5,0: Broadleaf,2,TRUE,1784651876,446.3609333,455.3944,22.03686,18.37019333,460.1718,21.51335333,443.4123333,100.9268,0.09995954,36.03446667,36.25704667,999.9,0,0,4999.458,0,70.54256667,-9.033463333,456.419,463.9166,3.666677333,455.3944,18.37019333,2.224109333,1.854042667,19.13700667,16.24984,1499.994,0.973004667,0.026995107,0,2.096613333,0,13439.96,12843.83333,46.625,48.5704,47.5788,47.25826667,46.687,1459.504,40.49,0,1784651882,0,1784644771,22:39:31,1784644771,1784644765,1,-0.189,0.525,-13.682,-0.661,428,16,0.7,0.03,-9.686429048,11.45166545,1.360563977,0,3.691381905,-0.356354026,0.043537591,0,0,2,0/2,3.01675,2.7594,0.100616,0.100348,0.103315,0.0909442,31640.4,22786.1,33324.7,25624.1,38216.1,31517.9,48717.4,40064.1,1.74883,2.57927,0.21179,0,32.8514,999.9,58.106,36.981,36.2657,29.0974,-100,3,0.498686,0,20.2441,5.20516,11.956,4.9695,3.29417,7158.8,9999,9999,118,4.97375,1.87305,1.8709,1.87241,1.8729,1.87363,1.87332,1.87773,0,0,0,0,11111111,oooooooo,on,on,on,on,0,100,100,-13.824,0.5461,-9.618116613,-0.010281863,2.60765E-06,-1.39012E-10,-1.061312389,-0.176615401,0.01337041,-8.0725E-05,6,2428,1,22,118.6,118.7,0.155029,4.99756,2.64526,2.7417,2.8479,2.25098,39.7925,14.8763,2,387.967,1191.57,34.2102,33.863,30.0004,33.7595,33.6677,-1,40,10,-999.9,400,20,101.206,94.0037
59,1784652004,7281.1,20260722 00:40:04,00:40:04,15,,1784651996,0.002776084,2.776083904,3.536251077,423.6938027,318.5501493,32.18188979,42.80414651,0.071187413,1.383621644,0.069213482,0.043431217,287.43358,37.94090339,36.27121333,6.05836548,36.27642991,2.171350638,5.98556871,3.887014842,-122.4253002,-16.42108135,-2.803176106,145.7840224,-2.183314526,3.042713379,3.536251077,433.0781108,428.7480545,-0.098841637,60.78950786,2.776083904,17.66246343,21.38563212,-0.008768294,69.65,41,9,1.003290558,0.329055839,25001.78272,1500.022,1261.23318,0.840809788,0.191619576,6,0.5,0: Broadleaf,2,TRUE,1784651996,423.7786667,422.5810667,21.49296,17.48527333,437.4067333,21.08946,444.2468667,100.9261333,0.099999787,36.05107333,36.27121333,999.9,0,0,4999.458,0,66.11496,1.1976494,433.0874,430.1020667,4.007686667,422.5810667,17.48527333,2.169201333,1.76472,18.73646667,15.47706667,1500.022,0.973004333,0.026995453,0,2.054186667,0,13401.44,12844.08,46.625,48.5746,47.604,47.375,46.7374,1459.532,40.49,0,1784652002,0,1784644771,22:39:31,1784644771,1784644765,1,-0.189,0.525,-13.682,-0.661,428,16,0.7,0.03,6.480209095,-89.41042808,9.323516294,0,4.231354286,-3.32306961,0.338324245,0,0,2,0/2,3.01766,2.75944,0.0958941,0.096146,0.101149,0.088704,31804.3,22891.8,33322.7,25623.6,38308,31594.5,48714.4,40063.2,1.7505,2.57745,0.209197,0,32.9058,999.9,56.709,37.081,35.5831,28.7374,-100,3,0.501557,0,20.244,5.20531,11.956,4.96955,3.29417,7158.8,9999,9999,118,4.97376,1.87306,1.87093,1.87241,1.87292,1.87364,1.87332,1.87774,0,0,0,0,11111111,oooooooo,on,on,on,on,0,100,100,-13.596,0.384,-9.618116613,-0.010281863,2.60765E-06,-1.39012E-10,-1.061312389,-0.176615401,0.01337041,-8.0725E-05,6,2428,1,22,120.6,120.7,0.155029,4.99756,2.64526,2.7417,2.8479,2.25708,39.868,14.85,2,389.118,1189.75,34.2456,33.9058,30.0001,33.8005,33.7062,-1,40,10,-999.9,400,20,101.2,94.0016
60,1784652124,7401.1,20260722 00:42:04,00:42:04,15,,1784652116,0.002836695,2.836695101,3.193537525,435.7995202,339.3619135,34.28340876,44.02583936,0.073008002,1.384671913,0.070934924,0.044515682,287.4311733,37.90587281,36.25941333,6.054443996,36.41310204,2.179148771,5.984518342,3.875295225,-125.098254,-15.79105475,-2.693386233,143.8484784,7.008569299,2.610849488,3.193537525,455.8610918,449.330703,0.394098319,60.78950786,2.836695101,18.11566952,21.73875697,0.022128407,69.65,41,9,1.003286554,0.328655369,25032.14774,1500.009333,1261.22254,0.840809795,0.19161959,6,0.5,0: Broadleaf,2,TRUE,1784652116,435.8760667,446.8822667,21.57078667,18.12139333,449.6022667,21.15023333,442.8568,100.9232,0.099947847,36.04788,36.25941333,999.9,0,0,5004.791333,0,66.45977333,-11.006214,445.4859333,455.13,3.449395333,446.8822667,18.12139333,2.176992667,1.828868,18.79379333,16.03552,1500.009333,0.973004333,0.026995453,0,1.90684,0,13333.59333,12843.98667,46.687,48.562,47.625,47.312,46.75,1459.519333,40.49,0,1784652122,0,1784644771,22:39:31,1784644771,1784644765,1,-0.189,0.525,-13.682,-0.661,428,16,0.7,0.03,-11.4990365,24.26966571,3.594388119,0,3.5038285,-0.18967985,0.160822069,0,0,2,0/2,3.01634,2.75944,0.0991295,0.0984816,0.102122,0.0888017,31689.5,22831.7,33321.7,25622.6,38265.4,31590.2,48713.3,40061.8,1.7477,2.57687,0.214335,0,32.815,999.9,56.574,37.162,35.6569,29.1874,-100,3,0.502879,0,20.2441,5.20531,11.956,4.9694,3.2941,7158.8,9999,9999,118,4.97376,1.87304,1.87095,1.87241,1.87292,1.87363,1.87332,1.87775,0,0,0,0,11111111,oooooooo,on,on,on,on,0,100,100,-13.753,0.4571,-9.618116613,-0.010281863,2.60765E-06,-1.39012E-10,-1.061312389,-0.176615401,0.01337041,-8.0725E-05,6,2428,1,22,122.6,122.7,0.155029,4.99756,2.64526,2.74048,2.8479,2.25098,39.9437,14.8238,2,387.749,1189.38,34.2681,33.9211,30.0001,33.8238,33.7288,-1,40,10,-999.9,400,20,101.198,93.9981
61,1784652244,7521.1,20260722 00:44:04,00:44:04,15,,1784652236,0.002744355,2.744354508,3.598329946,434.9630014,327.8216791,33.11805395,43.94196316,0.071057537,1.383817504,0.069090964,0.043354008,287.42902,37.94856161,36.2399,6.047963984,36.75414627,2.198964749,5.982902534,3.848999235,-121.0260338,-14.69208712,-2.507191898,149.2037072,7.772195075,2.548359707,3.598329946,458.1831357,449.4194606,0.704702272,60.78950786,2.744354508,18.44218921,21.9353297,0.023192331,69.65,41,9,1.003289726,0.32897256,25008.09106,1499.998,1261.21302,0.840809801,0.191619602,6,0.5,0: Broadleaf,2,TRUE,1784652236,435.0493333,447.0460667,21.76662667,18.40072667,448.7690667,21.303,442.8892,100.9246,0.09999984,36.04296667,36.2399,999.9,0,0,5000.501333,0,70.93944,-11.99655467,444.7300667,455.4264,3.365895333,447.0460667,18.40072667,2.19679,1.857087333,18.93872667,16.27558,1499.998,0.973004,0.0269958,0,2.03798,0,13289.33333,12843.88667,46.687,48.562,47.625,47.312,46.75,1459.508,40.49,0,1784652242,0,1784644771,22:39:31,1784644771,1784644765,1,-0.189,0.525,-13.682,-0.661,428,16,0.7,0.03,-10.968838,-18.45612,2.073816512,0,3.400899,-0.168841805,0.1018231,0,0,2,0/2,3.01645,2.75947,0.0992739,0.100162,0.102729,0.0902753,31684.6,22788.6,33321.9,25621.9,38239.5,31538.4,48714.2,40061.2,1.7477,2.5777,0.217337,0,32.71,999.9,56.873,37.242,35.9993,28.7974,-100,3,0.502754,0,20.2438,5.20157,11.956,4.96785,3.29405,7158.8,9999,9999,118.1,4.97381,1.87306,1.87099,1.87241,1.87294,1.87363,1.87332,1.87775,0,0,0,0,11111111,oooooooo,on,on,on,on,0,100,100,-13.76,0.5029,-9.618116613,-0.010281863,2.60765E-06,-1.39012E-10,-1.061312389,-0.176615401,0.01337041,-8.0725E-05,6,2428,1,22,124.6,124.7,0.155029,4.99756,2.64526,2.7417,2.8479,2.20703,39.9942,14.7975,2,387.795,1190.73,34.2678,33.9241,30.0001,33.8315,33.7378,-1,40,10,-999.9,400,20,101.199,93.9963
62,1784652364,7641.1,20260722 00:46:04,00:46:04,15,,1784652356,0.002823183,2.823182759,2.864184003,444.9404427,355.4827569,35.9126665,44.95013449,0.073230772,1.383686804,0.071143779,0.044647416,287.4291467,38.0381219,36.41617333,6.106720228,37.57028601,2.263848996,6.025636843,3.842871233,-124.5023597,-18.17538909,-3.106512838,141.6448851,4.374606943,2.675304782,2.864184003,457.1368379,455.5273758,-0.43538184,60.78950786,2.823182759,18.75005589,22.47181091,0.002669605,69.65,41,9,1.003291605,0.329160456,24993.86243,1499.998667,1261.21358,0.840809801,0.191619601,6,0.5,0: Broadleaf,2,TRUE,1784652356,445.0092,452.5280667,22.40878667,18.87802667,458.8091333,21.80192,442.9489333,100.9250667,0.099992367,36.17252667,36.41617333,999.9,0,0,4999.832667,0,75.70453333,-7.518938,455.2101333,461.236,3.530769333,452.5280667,18.87802667,2.261609333,1.905264667,19.40544,16.67795333,1499.998667,0.973003667,0.026996147,0,1.91892,0,13234.78667,12843.86,46.687,48.5662,47.625,47.3246,46.75,1459.508667,40.49,0,1784652362,0,1784644771,22:39:31,1784644771,1784644765,1,-0.189,0.525,-13.682,-0.661,428,16,0.7,0.03,-12.2161735,113.1409385,10.92941296,0,3.4333875,2.4615,0.238925455,0,0,2,0/2,3.01683,2.75943,0.0999634,0.097236,0.104245,0.0904457,31661,22863.3,33322.5,25622.7,38174.2,31533,48715.4,40062.6,1.7485,2.57678,0.218768,0,32.9076,999.9,57.246,37.303,36.3575,29.3074,-100,3,0.502452,0,20.2443,5.20396,11.956,4.9689,3.29415,7158.8,9999,9999,118.1,4.9738,1.87307,1.87098,1.87241,1.8729,1.87363,1.87332,1.87775,0,0,0,0,11111111,oooooooo,on,on,on,on,0,100,100,-13.794,0.6197,-9.618116613,-0.010281863,2.60765E-06,-1.39012E-10,-1.061312389,-0.176615401,0.01337041,-8.0725E-05,6,2428,1,22,126.6,126.7,0.153809,4.99756,2.64526,2.7417,2.8479,2.27905,40.0447,14.7887,2,388.245,1189.54,34.3051,33.9241,30.0002,33.8345,33.7439,-1,40,10,-999.9,400,20,101.201,93.9994
63,1784652484,7761.1,20260722 00:48:04,00:48:04,15,,1784652476,0.002553547,2.553546708,3.291640025,402.6183161,295.6037988,29.8633308,40.67445686,0.063915193,1.383094365,0.062318498,0.039089196,287.4253467,38.22044559,36.48811333,6.130841666,35.77637366,2.161158712,6.04074279,3.969682954,-112.6114098,-20.13116221,-3.444227598,151.2385471,3.742265476,2.683990268,3.291640025,418.6415215,412.5130121,0.293874427,60.78950786,2.553546708,17.97982993,21.37361576,-0.000861643,69.65,41,9,1.003294327,0.329432697,24973.27544,1499.978667,1261.19678,0.840809812,0.191619623,6,0.5,0: Broadleaf,2,TRUE,1784652476,402.6974,409.2206,21.39234667,17.84280667,416.1526667,21.01080667,442.4957333,100.9248667,0.099987973,36.21813333,36.48811333,999.9,0,0,4996.916667,0,71.54316,-6.523274667,411.5004,416.655,3.549542667,409.2206,17.84280667,2.159017333,1.800780667,18.66142,15.79306667,1499.978667,0.973004,0.026995793,0,1.964606667,0,13181.72,12843.72,46.75,48.6912,47.6912,47.40393333,46.812,1459.488667,40.49,0,1784652482,0,1784644771,22:39:31,1784644771,1784644765,1,-0.189,0.525,-13.682,-0.661,428,16,0.7,0.03,-5.718197143,-14.19300623,1.856950198,0,3.502916667,0.50763974,0.165566825,0,0,2,0/2,3.01617,2.75946,0.0931643,0.0935015,0.101114,0.0896646,31895.5,22954.7,33318.1,25619.4,38305.1,31555.5,48708.8,40057.7,1.74688,2.57517,0.217211,0,32.9883,999.9,55.86,37.383,35.6342,29.2774,-100,3,0.507703,0,20.2441,5.20052,11.956,4.9698,3.29405,7158.8,9999,9999,118.1,4.97379,1.87309,1.87099,1.87241,1.87288,1.87363,1.87332,1.87775,0,0,0,0,11111111,oooooooo,on,on,on,on,0,100,100,-13.466,0.383,-9.618116613,-0.010281863,2.60765E-06,-1.39012E-10,-1.061312389,-0.176615401,0.01337041,-8.0725E-05,6,2428,1,22,128.6,128.7,0.153809,4.99756,2.64526,2.7417,2.8479,2.26196,40.0953,14.7712,2,387.604,1188.06,34.3574,33.9695,30.0004,33.8736,33.7832,-1,40,10,-999.9,400,20,101.188,93.9877
64,1784652604,7881.1,20260722 00:50:04,00:50:04,15,,1784652596,0.002711732,2.711731755,3.510830699,430.3797923,321.7305039,32.50226539,43.47837105,0.068281661,1.384039918,0.066463904,0.041699227,287.4231933,38.19629496,36.54962667,6.15153263,36.30800582,2.200151302,6.059686431,3.951381327,-119.5873704,-20.47771385,-3.503138588,143.8549705,7.265389808,2.697612507,3.510830699,453.0303608,444.553503,0.676928935,60.78950786,2.711731755,18.18411045,21.77457091,-0.000348105,69.65,41,9,1.00329136,0.329136019,24995.71205,1499.967333,1261.18726,0.840809818,0.191619635,6,0.5,0: Broadleaf,2,TRUE,1784652596,430.4640667,441.8306,21.77866,18.22101333,444.1466,21.31243333,443.5537333,100.9232667,0.099996573,36.27518667,36.54962667,999.9,0,0,5001.666,0,61.71841333,-11.36649533,440.0477333,450.0306667,3.557630667,441.8306,18.22101333,2.197974667,1.838926,18.94757333,16.12162,1499.967333,0.973004333,0.02699544,0,1.984246667,0,13121.34667,12843.63333,46.812,48.77066667,47.75,47.5,46.875,1459.477333,40.49,0,1784652602,0,1784644771,22:39:31,1784644771,1784644765,1,-0.189,0.525,-13.682,-0.661,428,16,0.7,0.03,-11.005867,-5.003995489,1.145481617,0,3.5678975,0.075466015,0.054233991,1,1,2,1/2,3.0173,2.7596,0.0984491,0.0985454,0.102191,0.0889834,31705.7,22824.6,33314.1,25616.9,38255.3,31576.8,48703.5,40054,1.7489,2.57623,0.219222,0,32.9908,999.9,55.952,37.454,35.8289,28.9774,-100,3,0.511824,0,20.2441,5.20441,11.956,4.96925,3.294,7158.8,9999,9999,118.2,4.97378,1.87308,1.87099,1.87241,1.8729,1.87364,1.87332,1.87773,0,0,0,0,11111111,oooooooo,on,on,on,on,0,100,100,-13.721,0.464,-9.618116613,-0.010281863,2.60765E-06,-1.39012E-10,-1.061312389,-0.176615401,0.01337041,-8.0725E-05,6,2428,1,22,130.6,130.7,0.153809,4.99756,2.64526,2.7417,2.8479,2.27173,40.1713,14.7625,2,388.958,1190.25,34.4113,34.0208,30.0002,33.9169,33.8196,-1,40,10,-999.9,400,20,101.176,93.9789
65,1784652724,8001.1,20260722 00:52:04,00:52:04,15,,1784652716,0.002687305,2.687304972,3.292287837,431.5953486,325.9755365,32.92941424,43.5989221,0.066790709,1.383371485,0.065049561,0.04080863,287.42484,38.32586212,36.69108667,6.199345107,36.06739757,2.199609529,6.098608928,3.999735578,-118.5101493,-22.31144957,-3.823463544,142.7797776,2.533560714,2.738193037,3.292287837,443.7892444,440.1813697,-0.172176139,60.78950786,2.687304972,18.07948817,21.70816303,-0.012207431,69.65,41,9,1.003295102,0.329510248,24967.41724,1499.976,1261.19454,0.840809813,0.191619626,6,0.5,0: Broadleaf,2,TRUE,1784652716,431.6744667,436.6855333,21.77442,18.16596667,445.3669333,21.30910667,443.8872667,100.918,0.100053687,36.39192667,36.69108667,999.9,0,0,4998.625333,0,70.80074667,-5.011055333,441.2832,444.7654,3.608438,436.6855333,18.16596667,2.197428,1.833272,18.94356,16.07322,1499.976,0.973004333,0.026995447,0,1.92812,0,13086.89333,12843.68667,46.875,48.812,47.812,47.625,46.9454,1459.486,40.49,0,1784652722,0,1784644771,22:39:31,1784644771,1784644765,1,-0.189,0.525,-13.682,-0.661,428,16,0.7,0.03,-6.016455,16.79685744,2.176616418,0,3.522134,1.559413534,0.168185076,0,0,2,0/2,3.01787,2.75941,0.0976748,0.0972046,0.101981,0.0892654,31733.5,22859.1,33314.7,25617.6,38265.5,31567.7,48704.9,40055.4,1.74977,2.57387,0.22443,0,33.073,999.9,55.799,37.524,35.8703,29.4274,-100,3,0.511654,0,20.2444,5.20456,11.956,4.9682,3.29413,7158.8,9999,9999,118.2,4.97381,1.87303,1.87101,1.87241,1.87288,1.87366,1.87332,1.87773,0,0,0,0,11111111,oooooooo,on,on,on,on,0,100,100,-13.684,0.4489,-9.618116613,-0.010281863,2.60765E-06,-1.39012E-10,-1.061312389,-0.176615401,0.01337041,-8.0725E-05,6,2428,1,22,132.6,132.7,0.153809,4.99756,2.64526,2.7417,2.8479,2.24731,40.1967,14.7274,2,389.523,1187.31,34.4702,34.0313,30.0002,33.9322,33.8378,-1,40,10,-999.9,400,20,101.179,93.9818
66,1784652845,8122,20260722 00:54:05,00:54:05,15,,1784652837,0.002547757,2.547756556,3.214564349,443.0502966,334.1336655,33.75375654,44.75637565,0.06310372,1.383830552,0.061547586,0.038603858,287.4295188,38.36999143,36.65406875,6.186802246,35.76834692,2.17827748,6.089958489,4.008524767,-112.3560641,-21.48859235,-3.680108591,149.9047537,1.355121056,2.577819624,3.214564349,456.8869793,452.0059333,0.08456588,60.78950786,2.547756556,18.42040744,21.65484848,0.022049037,69.65,41,9,1.003293097,0.329309654,24982.57579,1500.000625,1261.215225,0.8408098,0.191619599,6,0.5,0: Broadleaf,2,TRUE,1784652837,443.1275,446.4981875,21.56310625,18.1643,456.9123125,21.144275,443.76275,100.9186875,0.100036531,36.3660375,36.65406875,999.9,0,0,5000.85875,0,86.2349875,-3.370801813,452.89325,454.7589375,3.398810625,446.4981875,18.1643,2.176118125,1.833114375,18.78754375,16.07108125,1500.000625,0.973004,0.0269958,0,1.99524375,0,13038.9875,12843.91875,46.92925,48.875,47.875,47.687,47,1459.510625,40.49,0,1784652843,0,1784644771,22:39:31,1784644771,1784644765,1,-0.189,0.525,-13.682,-0.661,428,16,0.7,0.03,0.065461,-59.21725566,6.331245779,0,3.551134286,-2.951445195,0.307626863,0,0,2,0/2,3.01746,2.75941,0.099556,0.0987096,0.101872,0.0898268,31666.1,22820.5,33313.6,25617.1,38270,31547.5,48703.7,40054.6,1.74867,2.57405,0.218794,0,33.147,999.9,55.885,37.565,36.0054,28.7474,-100,3,0.513072,0,20.2444,5.20516,11.956,4.96945,3.294,7158.8,9999,9999,118.2,4.97382,1.87307,1.87103,1.87241,1.8729,1.87363,1.87332,1.87775,0,0,0,0,11111111,oooooooo,on,on,on,on,0,100,100,-13.776,0.4411,-9.618116613,-0.010281863,2.60765E-06,-1.39012E-10,-1.061312389,-0.176615401,0.01337041,-8.0725E-05,6,2428,1,22,134.6,134.7,0.153809,4.99756,2.64526,2.7417,2.8479,2.23145,40.2474,14.6924,2,389.054,1187.96,34.5098,34.0529,30,33.9531,33.8591,-1,40,10,-999.9,400,20,101.176,93.9799
67,1784652965,8242,20260722 00:56:05,00:56:05,15,,1784652957,0.002462499,2.462498536,3.101081674,446.1931977,337.4992031,34.0944515,45.07480965,0.061108314,1.383104748,0.059647064,0.037407792,287.4273733,38.39636794,36.63440667,6.180149066,35.86691409,2.18217262,6.084082434,3.997976446,-108.5961854,-21.32387133,-3.653155193,153.8541614,0.588214849,2.60563416,3.101081674,455.6250072,453.2398667,-0.350679907,60.78950786,2.462498536,18.21054142,21.52243576,-0.00906553,69.65,41,9,1.00329566,0.329566,24963.20739,1499.989333,1261.20574,0.840809806,0.191619612,6,0.5,0: Broadleaf,2,TRUE,1784652957,446.2677333,448.6314,21.60121333,18.16767333,460.0779333,21.17401333,443.9948667,100.9208667,0.099968887,36.34843333,36.63440667,999.9,0,0,4997.166,0,79.53613333,-2.3637286,456.1206,456.9329333,3.433536,448.6314,18.16767333,2.180009333,1.833494667,18.8161,16.07524667,1499.989333,0.973004,0.0269958,0,1.809133333,0,12998.59333,12843.80667,46.9454,48.8874,47.937,47.583,47,1459.499333,40.49,0,1784652963,0,1784644771,22:39:31,1784644771,1784644765,1,-0.189,0.525,-13.682,-0.661,428,16,0.7,0.03,-2.1223478,-10.69620072,1.46154863,0,3.432151,-0.500967519,0.08976118,0,0,2,0/2,3.01689,2.75928,0.099782,0.0998152,0.101466,0.0901665,31657.2,22791.5,33312.5,25616,38286.6,31534.8,48702.2,40053.3,1.7474,2.57305,0.22592,0,32.9754,999.9,55.775,37.635,36.0724,28.9274,-100,3,0.513836,0,20.2442,5.20501,11.956,4.96775,3.294,7158.8,9999,9999,118.3,4.97379,1.87303,1.871,1.8724,1.87288,1.87363,1.87332,1.87773,0,0,0,0,11111111,oooooooo,on,on,on,on,0,100,100,-13.787,0.4109,-9.618116613,-0.010281863,2.60765E-06,-1.39012E-10,-1.061312389,-0.176615401,0.01337041,-8.0725E-05,6,2428,1,22,136.6,136.7,0.153809,4.99756,2.64526,2.7417,2.8479,2.26196,40.2728,14.7012,2,388.425,1186.79,34.5201,34.059,30.0001,33.9628,33.8712,-1,40,10,-999.9,400,20,101.173,93.9766
68,1784653085,8362,20260722 00:58:05,00:58:05,15,,1784653077,0.002431645,2.431644934,3.202793667,437.4832278,324.8461829,32.81350944,44.19125352,0.05986644,1.384016039,0.058464145,0.036663346,287.4269933,38.43613747,36.65518667,6.18718071,35.44382352,2.159440157,6.092571124,4.027740553,-107.2355416,-20.99120969,-3.59460139,155.6056407,0.167117791,2.447049183,3.202793667,446.7256477,443.9923636,-0.311962238,60.78950786,2.431644934,18.18381623,21.39380909,0.000940965,69.65,41,9,1.003292449,0.329244865,24987.47573,1499.987333,1261.20406,0.840809807,0.191619614,6,0.5,0: Broadleaf,2,TRUE,1784653077,437.5601333,439.2322,21.37796,18.15260667,451.3002667,20.99956667,443.9896667,100.9124667,0.099985273,36.37386,36.65518667,999.9,0,0,5002.083333,0,79.64058667,-1.671842913,447.1186,447.3527333,3.225342667,439.2322,18.15260667,2.157301333,1.831822667,18.64869333,16.06098,1499.987333,0.973004,0.0269958,0,1.846353333,0,12960.32667,12843.80667,47,48.9454,47.9454,47.625,47.062,1459.497333,40.49,0,1784653083,0,1784644771,22:39:31,1784644771,1784644765,1,-0.189,0.525,-13.682,-0.661,428,16,0.7,0.03,-0.833967935,-25.01475609,2.646783705,0,3.2547135,-0.578649474,0.066961662,0,0,2,0/2,3.01721,2.75939,0.0983167,0.0980548,0.101075,0.0897544,31706.3,22834.9,33310.1,25614.8,38301.2,31547.2,48699.2,40051.4,1.74785,2.57075,0.231456,0,32.9235,999.9,55.476,37.706,36.0163,29.1074,-100,3,0.516197,0,20.244,5.20396,11.956,4.96925,3.2941,7158.8,9999,9999,118.3,4.97383,1.87305,1.87101,1.87241,1.87289,1.87363,1.87332,1.87771,0,0,0,0,11111111,oooooooo,on,on,on,on,0,100,100,-13.717,0.3831,-9.618116613,-0.010281863,2.60765E-06,-1.39012E-10,-1.061312389,-0.176615401,0.01337041,-8.0725E-05,6,2428,1,22,138.6,138.7,0.153809,4.99756,2.64526,2.74048,2.8479,2.26562,40.3237,14.6574,2,388.797,1183.94,34.5269,34.0808,30.0002,33.9843,33.8912,-1,40,10,-999.9,400,20,101.166,93.9721
69,1784653205,8482,20260722 01:00:05,01:00:05,15,,1784653197,0.002392224,2.392224217,3.303043278,426.670918,310.5668026,31.36816361,43.09502191,0.058835695,1.383001199,0.057479713,0.036044047,287.42902,38.50287367,36.72221333,6.209908906,35.70685754,2.180916324,6.107836069,4.028992582,-105.497088,-22.56991824,-3.86989304,155.4921208,4.206788948,2.494472555,3.303043278,443.08874,437.3045939,0.231091111,60.78950786,2.392224217,18.36682142,21.54807697,-0.003230874,69.65,41,9,1.003296719,0.32967192,24955.21338,1499.998,1261.21302,0.840809801,0.191619602,6,0.5,0: Broadleaf,2,TRUE,1784653197,426.7503333,433.8512667,21.5926,18.3073,440.4027333,21.16731333,444.2359333,100.9029333,0.100017853,36.41950667,36.72221333,999.9,0,0,4997.542667,0,82.53716667,-7.100795333,436.1684667,441.9420667,3.285308667,433.8512667,18.3073,2.178754,1.847259333,18.80693333,16.19246667,1499.998,0.973004667,0.026995113,0,2.011053333,0,12908.98,12843.87333,47.062,49.062,48.0372,47.6954,47.1208,1459.508,40.49,0,1784653203,0,1784644771,22:39:31,1784644771,1784644765,1,-0.189,0.525,-13.682,-0.661,428,16,0.7,0.03,-6.513748,-14.89111308,1.485558403,0,3.2603105,-0.11786391,0.100257252,0,0,2,0/2,3.01791,2.75956,0.0972448,0.0973947,0.101518,0.0905224,31740,22848.8,33306.1,25611.8,38277.8,31516.8,48693.9,40047.5,1.7487,2.57023,0.233516,0,32.9381,999.9,55.616,37.776,36.2495,29.0474,-100,3,0.520457,0,20.2441,5.20486,11.956,4.9696,3.29415,7158.8,9999,9999,118.3,4.97381,1.87306,1.871,1.87241,1.87291,1.87364,1.87332,1.87775,0,0,0,0,11111111,oooooooo,on,on,on,on,0,100,100,-13.665,0.4172,-9.618116613,-0.010281863,2.60765E-06,-1.39012E-10,-1.061312389,-0.176615401,0.01337041,-8.0725E-05,6,2428,1,22,140.6,140.7,0.153809,4.99756,2.64526,2.7417,2.8479,2.27417,40.4,14.6399,2,389.478,1183.92,34.5547,34.1239,30.0003,34.0211,33.9284,-1,40,10,-999.9,400,20,101.155,93.9622
70,1784653325,8602,20260722 01:02:05,01:02:05,15,,1784653317,0.002470256,2.470256396,3.751633975,461.4597056,336.8600625,34.02434629,46.60945767,0.062134483,1.383462773,0.060624778,0.038023072,287.42864,38.48893808,36.7571,6.221767351,37.26542739,2.279373554,6.116590399,3.942393797,-108.9383071,-23.23032042,-3.982975745,151.2770368,10.81085874,2.360314122,3.751633975,488.7264516,479.3817576,0.77866136,60.78950786,2.470256396,19.37587606,22.61627818,0.003343742,69.65,41,9,1.003295262,0.329526203,24966.21233,1499.996,1261.21134,0.840809802,0.191619604,6,0.5,0: Broadleaf,2,TRUE,1784653317,461.5498667,477.5748,22.56707333,19.46156667,475.4820667,21.92440667,444.236,100.9044,0.099993453,36.44564,36.7571,999.9,0,0,4999.75,0,109.1017533,-16.02488,472.2063333,487.0536667,3.105502,477.5748,19.46156667,2.27712,1.96376,19.5154,17.155,1499.996,0.973004667,0.026995113,0,1.95358,0,12853.12,12843.86667,47.125,49.16633333,48.083,47.8372,47.187,1459.506,40.49,0,1784653323,0,1784644771,22:39:31,1784644771,1784644765,1,-0.189,0.525,-13.682,-0.661,428,16,0.7,0.03,-19.19744333,50.80895844,5.857542884,0,3.01929619,1.266296104,0.132382623,0,0,2,0/2,3.01786,2.75946,0.10389,0.102704,0.104573,0.0931105,31501.4,22710.5,33301.1,25607.5,38141.3,31422.3,48687.5,40041.8,1.74797,2.57212,0.225253,0,33.1123,999.9,57.111,37.837,37.3459,29.1074,-100,3,0.525727,0,20.2439,5.20486,11.956,4.9678,3.29417,7158.8,9999,9999,118.4,4.97378,1.87305,1.87101,1.87241,1.87289,1.87363,1.87332,1.87774,0,0,0,0,11111111,oooooooo,on,on,on,on,0,100,100,-13.99,0.6522,-9.618116613,-0.010281863,2.60765E-06,-1.39012E-10,-1.061312389,-0.176615401,0.01337041,-8.0725E-05,6,2428,1,22,142.6,142.7,0.153809,4.99756,2.64526,2.74048,2.8479,2.25586,40.4765,14.6399,2,389.401,1187.51,34.5966,34.1792,30.0001,34.0734,33.9749,-1,40,10,-999.9,400,20,101.14,93.948
71,1784653445,8722,20260722 01:04:05,01:04:05,15,,1784653437,0.002373695,2.373694956,2.993555351,433.218419,323.2817699,32.65240573,43.75632933,0.057757466,1.383954116,0.056451012,0.035396801,287.4258533,38.58979012,36.82212,6.243920999,35.43733976,2.173851705,6.134353539,4.070069294,-104.6799476,-24.14087534,-4.139991229,154.4650392,0.197177525,2.468624983,2.993555351,442.1314724,439.9598606,-0.362108197,60.78950786,2.373694956,18.28623288,21.46434242,-0.007788387,69.65,41,9,1.003293965,0.329396512,24976.00978,1499.981333,1261.19902,0.84080981,0.19161962,6,0.5,0: Broadleaf,2,TRUE,1784653437,433.2903333,434.9967333,21.52266,18.27823333,446.9957333,21.11269333,445.2044667,100.9029333,0.09999592,36.49856667,36.82212,999.9,0,0,5002.25,0,128.1782,-1.706481667,442.8210667,443.0958667,3.244424,434.9967333,18.27823333,2.171698667,1.844329333,18.75503333,16.16761333,1499.981333,0.973004333,0.026995447,0,1.96442,0,12821.98,12843.72667,47.125,49.062,48.083,47.812,47.187,1459.491333,40.49,0,1784653443,0,1784644771,22:39:31,1784644771,1784644765,1,-0.189,0.525,-13.682,-0.661,428,16,0.7,0.03,-1.81211975,-0.321172466,0.791934577,0,3.289513,-0.830967519,0.089537123,0,0,2,0/2,3.01849,2.75943,0.0975555,0.0963819,0.101224,0.0896692,31725.1,22872.4,33302.3,25609.9,38287.4,31543.8,48689.2,40044.9,1.7494,2.57023,0.227794,0,33.1558,999.9,55.237,37.907,36.2603,28.7774,-100,3,0.525373,0,20.2442,5.20037,11.956,4.96915,3.29445,7158.8,9999,9999,118.4,4.97383,1.87305,1.87102,1.87241,1.87291,1.87363,1.87332,1.87775,0,0,0,0,11111111,oooooooo,on,on,on,on,0,100,100,-13.68,0.3967,-9.618116613,-0.010281863,2.60765E-06,-1.39012E-10,-1.061312389,-0.176615401,0.01337041,-8.0725E-05,6,2428,1,22,144.6,144.7,0.153809,4.99756,2.64526,2.74048,2.8479,2.27539,40.5275,14.6224,2,390.266,1185.19,34.6242,34.1892,30.0002,34.0888,33.9932,-1,40,10,-999.9,400,20,101.144,93.9558
72,1784653565,8842,20260722 01:06:05,01:06:05,15,,1784653557,0.002347025,2.347025158,3.189090231,448.969399,331.242216,33.45626582,45.34699634,0.05687478,1.383611403,0.055607175,0.03486602,287.42978,38.7086185,36.97308667,6.295622744,35.85427819,2.212134155,6.169791352,4.083488589,-103.5038095,-27.54927932,-4.731545544,151.6451457,5.308016328,2.272741817,3.189090231,467.5364104,461.3849091,0.329046643,60.78950786,2.347025158,18.91125023,21.96361939,0.007566686,69.65,41,9,1.00329638,0.329637965,24957.77542,1500.002,1261.21638,0.840809799,0.191619598,6,0.5,0: Broadleaf,2,TRUE,1784653557,449.0460667,457.5659333,21.90179333,18.91093333,462.8784667,21.40832667,444.4536,100.9024,0.1000212,36.60376,36.97308667,999.9,0,0,5000.583333,0,152.0651333,-8.519851333,459.1011333,466.3857333,2.990864,457.5659333,18.91093333,2.209945333,1.908158667,19.03456,16.70216,1500.002,0.973005,0.02699476,0,1.94888,0,12763,12843.92,47.14566667,49.062,48.125,47.75,47.187,1459.512,40.49,0,1784653563,0,1784644771,22:39:31,1784644771,1784644765,1,-0.189,0.525,-13.682,-0.661,428,16,0.7,0.03,-9.011605714,6.888954545,1.133749387,0,3.004622381,-0.089932208,0.044310468,1,1,2,1/2,3.01796,2.75952,0.10105,0.100884,0.102697,0.09206,31600,22755.7,33300,25606.8,38222,31457.8,48686.4,40041,1.7479,2.5716,0.231773,0,33.2412,999.9,56.135,37.978,36.9923,28.9874,-100,3,0.527985,0,20.2439,5.20456,11.956,4.96925,3.2941,7158.8,9999,9999,118.4,4.97385,1.87304,1.871,1.87241,1.87289,1.87363,1.87332,1.87775,0,0,0,0,11111111,oooooooo,on,on,on,on,0,100,100,-13.852,0.5079,-9.618116613,-0.010281863,2.60765E-06,-1.39012E-10,-1.061312389,-0.176615401,0.01337041,-8.0725E-05,6,2428,1,22,146.6,146.7,0.153809,4.99756,2.64526,2.74048,2.8479,2.23877,40.5531,14.5698,2,389.612,1187.67,34.6722,34.2149,30.0003,34.1152,34.0207,-1,40,10,-999.9,400,20,101.138,93.9458
73,1784653685,8962,20260722 01:08:05,01:08:05,15,,1784653677,0.002259174,2.259174128,3.233422729,457.6634643,334.2876691,33.76563492,46.22754256,0.054536225,1.383690278,0.053369631,0.033458755,287.4209133,38.78706445,37.03291333,6.316214255,35.93318964,2.221183308,6.18142539,4.095030947,-99.62957903,-29.44612388,-5.059345695,153.2858647,5.271994957,2.232766862,3.233422729,480.0661381,471.6415576,0.742899213,60.78950786,2.259174128,19.17730301,22.06924303,0.014408998,69.65,41,9,1.003296477,0.329647668,24957.04322,1499.955333,1261.17718,0.840809824,0.191619648,6,0.5,0: Broadleaf,2,TRUE,1784653677,457.7412,466.2084,21.99023333,19.05438667,471.6432667,21.47711333,444.7776667,100.9077333,0.099985593,36.63818,37.03291333,999.9,0,0,5000.708667,0,111.0148,-8.467090467,468.0336,475.2648,2.935854667,466.2084,19.05438667,2.218984667,1.922734,19.10002667,16.82178667,1499.955333,0.973004333,0.02699544,0,2.027353333,0,12722.27333,12843.52667,47.187,49.125,48.125,47.875,47.25,1459.465333,40.49,0,1784653683,0,1784644771,22:39:31,1784644771,1784644765,1,-0.189,0.525,-13.682,-0.661,428,16,0.7,0.03,-5.9376824,-54.56001862,5.843243906,0,2.9895475,-1.17695594,0.11856329,0,0,2,0/2,3.01834,2.75936,0.102699,0.102821,0.10303,0.0928823,31540.5,22705.7,33298.5,25605.7,38206.4,31428.1,48684.3,40039.7,1.74815,2.5686,0.230379,0,33.3373,999.9,56.379,38.028,37.2513,29.1674,-100,3,0.529858,0,20.244,5.20351,11.956,4.9689,3.2941,7158.8,9999,9999,118.5,4.97379,1.87305,1.87097,1.87241,1.87289,1.87363,1.87332,1.87773,0,0,0,0,11111111,oooooooo,on,on,on,on,0,100,100,-13.933,0.5333,-9.618116613,-0.010281863,2.60765E-06,-1.39012E-10,-1.061312389,-0.176615401,0.01337041,-8.0725E-05,6,2428,1,22,148.6,148.7,0.153809,4.99756,2.64526,2.7417,2.8479,2.25464,40.6042,14.5786,2,389.891,1183.92,34.7148,34.242,30.0003,34.1391,34.0453,-1,40,10,-999.9,400,20,101.133,93.9423
74,1784653805,9082,20260722 01:10:05,01:10:05,15,,1784653797,0.002216919,2.216918718,2.567100368,466.3266646,359.1612453,36.27860703,47.10330536,0.052932064,1.385670434,0.051833882,0.032492946,287.4319333,38.92992384,37.20670667,6.376363509,35.99980532,2.240500254,6.223645473,4.135863255,-97.76611547,-33.17516777,-5.700136165,150.7905139,8.896028614,2.155066433,2.567100368,488.6636321,482.8132909,0.432940138,60.78950786,2.216918718,19.41026107,22.2611703,0.012053907,69.65,41,9,1.003290348,0.329034782,25003.37749,1500.013333,1261.2259,0.840809793,0.191619586,6,0.5,0: Broadleaf,2,TRUE,1784653797,466.3882667,479.7092,22.18114,19.34719333,480.3590667,21.62543333,444.6513333,100.9092667,0.099980573,36.76262,37.20670667,999.9,0,0,5010.416667,0,75.03294667,-13.32104333,476.9680667,489.1733333,2.833956,479.7092,19.34719333,2.238284667,1.952311333,19.23894,17.06270667,1500.013333,0.973005,0.026994767,0,1.98666,0,12658.36667,12844.01333,47.187,49.14566667,48.125,47.93286667,47.312,1459.523333,40.49,0,1784653803,0,1784644771,22:39:31,1784644771,1784644765,1,-0.189,0.525,-13.682,-0.661,428,16,0.7,0.03,-14.7400375,54.96462902,6.038003564,0,2.815037,0.299410827,0.049073089,0,0,2,0/2,3.01807,2.75932,0.104327,0.103763,0.103562,0.0933973,31479.8,22679.6,33294.9,25603.3,38180.5,31407.3,48680,40036.3,1.74723,2.56827,0.22433,0,33.5784,999.9,56.599,38.088,37.5195,29.2574,-100,3,0.5333,0,20.2441,5.20426,11.956,4.9692,3.29408,7158.8,9999,9999,118.5,4.97383,1.87305,1.87102,1.87241,1.87289,1.87363,1.87332,1.87773,0,0,0,0,11111111,oooooooo,on,on,on,on,0,100,100,-14.013,0.5749,-9.618116613,-0.010281863,2.60765E-06,-1.39012E-10,-1.061312389,-0.176615401,0.01337041,-8.0725E-05,6,2428,1,22,150.6,150.7,0.153809,4.99756,2.64526,2.74048,2.8479,2.25586,40.6554,14.5436,2,389.608,1184.13,34.7893,34.2783,30.0003,34.1752,34.079,-1,40,10,-999.9,400,20,101.123,93.9341
75,1784653925,9202,20260722 01:12:05,01:12:05,15,,1784653917,0.002140444,2.140444452,3.065264441,455.6092966,329.2173852,33.25423146,46.02107205,0.050288969,1.384775668,0.049295986,0.030897574,287.43282,38.99153289,37.23002667,6.384472192,35.06007367,2.184630394,6.231106113,4.199841798,-94.39360035,-33.2587618,-5.719443348,154.0610145,6.754751068,2.118789952,3.065264441,477.7416121,470.1356303,0.635949225,60.78950786,2.140444452,18.89824675,21.68120606,0.006098162,69.65,41,9,1.003293955,0.329395487,24976.08724,1500.018,1261.22982,0.84080979,0.191619581,6,0.5,0: Broadleaf,2,TRUE,1784653917,455.6829333,466.0508667,21.62787333,18.84532667,469.5683333,21.19484,445.4930667,100.91,0.099949527,36.78453333,37.23002667,999.9,0,0,5005.958667,0,79.15136,-10.367946,465.7564,475.0023333,2.782534667,466.0508667,18.84532667,2.182471333,1.901684,18.83419333,16.64856,1500.018,0.973005333,0.02699444,0,1.957233333,0,12620.98667,12844.06,47.2332,49.1746,48.18286667,47.9832,47.312,1459.528,40.49,0,1784653923,0,1784644771,22:39:31,1784644771,1784644765,1,-0.189,0.525,-13.682,-0.661,428,16,0.7,0.03,-10.26650429,-5.775648312,1.80976954,0,2.810297143,-0.243568831,0.088532362,0,0,2,0/2,3.01871,2.75946,0.102463,0.10193,0.101898,0.0924819,31541.8,22723.7,33291.6,25601,38249.2,31435.9,48675.3,40032.9,1.74818,2.56565,0.232458,0,33.5067,999.9,55.775,38.129,37.056,29.1974,-100,3,0.53737,0,20.2442,5.20187,11.956,4.9684,3.29405,7158.8,9999,9999,118.5,4.97384,1.87305,1.87102,1.87241,1.87295,1.87363,1.87332,1.87775,0,0,0,0,11111111,oooooooo,on,on,on,on,0,100,100,-13.922,0.4489,-9.618116613,-0.010281863,2.60765E-06,-1.39012E-10,-1.061312389,-0.176615401,0.01337041,-8.0725E-05,6,2428,1,22,152.6,152.7,0.153809,4.99756,2.64526,2.74048,2.8479,2.25098,40.681,14.5348,2,390.352,1181.15,34.8311,34.3249,30.0001,34.2133,34.1158,-1,40,10,-999.9,400,20,101.114,93.9258
76,1784654045,9322,20260722 01:14:05,01:14:05,15,,1784654037,0.002253921,2.253921015,1.907364431,467.5889023,380.4398064,38.42912659,47.23226335,0.053530058,1.383332061,0.052405351,0.032852427,287.4242067,38.9451607,37.21563333,6.379466376,35.60871494,2.219915191,6.234190688,4.159551185,-99.39791676,-31.4754799,-5.418284232,151.1325258,0.62747151,2.163377068,1.907364431,473.5528406,475.1999758,-0.798594948,60.78950786,2.253921015,19.06032353,22.00900242,0.002913576,69.65,41,9,1.003299515,0.329951477,24934.13907,1499.972667,1261.19174,0.840809815,0.19161963,6,0.5,0: Broadleaf,2,TRUE,1784654037,467.6348,469.8379333,21.97666667,19.13881333,481.6154667,21.46656,445.8409333,100.9124,0.099970287,36.79358667,37.21563333,999.9,0,0,4998.708,0,78.24088,-2.203215667,478.1426,479.0060667,2.837848667,469.8379333,19.13881333,2.217719333,1.931344,19.09088,16.89220667,1499.972667,0.973004333,0.026995433,0,1.944526667,0,12575.70667,12843.67333,47.25,49.1996,48.187,48,47.3498,1459.482667,40.49,0,1784654043,0,1784644771,22:39:31,1784644771,1784644765,1,-0.189,0.525,-13.682,-0.661,428,16,0.7,0.03,-4.08491875,50.97607241,5.295059877,0,2.8397055,0.543417293,0.114502932,0,0,2,0/2,3.01924,2.75949,0.103012,0.101928,0.102735,0.0917998,31520.8,22723.1,33290,25600.5,38211.8,31459,48673.5,40032.3,1.7489,2.56343,0.226825,0,33.5436,999.9,55.836,38.179,37.1923,28.8674,-100,3,0.539863,0,20.244,5.20501,11.956,4.96925,3.2941,7158.8,9999,9999,118.6,4.97383,1.87307,1.87102,1.87241,1.87293,1.87363,1.87332,1.87772,0,0,0,0,11111111,oooooooo,on,on,on,on,0,100,100,-13.949,0.5125,-9.618116613,-0.010281863,2.60765E-06,-1.39012E-10,-1.061312389,-0.176615401,0.01337041,-8.0725E-05,6,2428,1,22,154.6,154.7,0.153809,4.99756,2.64526,2.74048,2.8479,2.24121,40.7323,14.5173,2,390.946,1178.62,34.8718,34.3591,30.0002,34.2464,34.1466,-1,40,10,-999.9,400,20,101.109,93.9243
77,1784654165,9442,20260722 01:16:05,01:16:05,15,,1784654157,0.002248372,2.248372249,2.114475356,454.1255975,361.1454201,36.48114092,45.87354289,0.053108959,1.382490549,0.052001021,0.032598257,287.42864,38.98058727,37.27033333,6.39850848,35.50338132,2.217168993,6.244951637,4.181339486,-99.15321618,-33.18151924,-5.717829795,149.3760748,-0.489331337,2.233689837,2.114475356,461.0123939,461.2627576,-0.590156689,60.78950786,2.248372249,18.81735553,21.87435879,-0.015482866,69.65,41,9,1.003303052,0.330305192,24907.52563,1499.996,1261.21134,0.840809802,0.191619604,6,0.5,0: Broadleaf,2,TRUE,1784654157,454.1765333,454.8860667,21.94888667,19.01615333,468.0503333,21.44496667,445.4498,100.9151333,0.0999672,36.82514,37.27033333,999.9,0,0,4994.416667,0,71.9552,-0.709412467,464.3692667,463.7048,2.932742,454.8860667,19.01615333,2.214976667,1.919018667,19.07103333,16.79072667,1499.996,0.973004667,0.026995093,0,2.067266667,0,12532.56,12843.87333,47.25,49.187,48.187,47.979,47.333,1459.506,40.49,0,1784654163,0,1784644771,22:39:31,1784644771,1784644765,1,-0.189,0.525,-13.682,-0.661,428,16,0.7,0.03,-2.55070435,39.85861096,4.016014966,0,2.8583245,2.059208571,0.203938369,0,0,2,0/2,3.01862,2.7594,0.10081,0.098988,0.102305,0.090614,31597.4,22797,33289.1,25600.1,38228.7,31499.3,48671.8,40031.6,1.74805,2.56512,0.224143,0,33.638,999.9,55.36,38.24,36.9985,28.8374,-100,3,0.540102,0,20.2439,5.20486,11.956,4.96935,3.2942,7158.8,9999,9999,118.6,4.97384,1.87304,1.87101,1.87241,1.87289,1.87363,1.87332,1.87775,0,0,0,0,11111111,oooooooo,on,on,on,on,0,100,100,-13.841,0.4799,-9.618116613,-0.010281863,2.60765E-06,-1.39012E-10,-1.061312389,-0.176615401,0.01337041,-8.0725E-05,6,2428,1,22,156.6,156.7,0.153809,4.99756,2.64526,2.73926,2.8479,2.27173,40.7837,14.4735,2,390.522,1181.2,34.9008,34.3622,30.0003,34.2526,34.1558,-1,40,10,-999.9,400,20,101.106,93.9226
78,1784654388,9665.1,20260722 01:19:48,01:19:48,15,,1784654380,0.000474511,0.474511116,1.956153587,456.78239,151.0390589,15.25616305,46.13870525,0.011033178,1.38397189,0.010984545,0.006869692,287.4331333,39.2280147,36.26538,6.056426618,30.92951054,1.8641503,6.02709279,4.192276318,-20.92594023,-6.599741361,-1.126985818,258.7804659,17.84501788,0.400527324,1.956153587,501.4753269,483.4321091,2.878722348,60.7323214,0.474511116,18.03647064,18.56731879,0.015527372,69.65,37,8,1.002968514,0.296851351,25002.30155,1500.013333,1261.2265,0.840810193,0.191620386,6,0.5,0: Broadleaf,2,TRUE,1784654380,456.8293333,480.9879333,18.45546,17.92868,470.7238,18.67725333,446.4292,100.9080667,0.099998147,36.17692667,36.26538,999.9,0,0,5002.083333,0,30.00873333,-24.15840667,465.4197333,489.7701333,0.5267698,480.9879333,17.92868,1.862304667,1.809149333,16.3197,15.86585333,1500.013333,0.972993333,0.027006833,0,1.945886667,0,234.4702,12843.98667,47.43286667,49.25,48.3204,48.0124,47.4538,1459.503333,40.51,0,1784654387,0,1784644771,22:39:31,1784644771,1784644765,1,-0.189,0.525,-13.682,-0.661,428,16,0.7,0.03,-24.41077143,-15.4104,4.176253852,0,0.509518667,0.077215013,0.054411077,1,1,2,1/2,3.01986,2.75937,0.105218,0.108734,0.0924428,0.0893677,31442,22550.2,33289,25599.7,38658,31543.6,48671.7,40030.7,1.76033,2.56075,0.137016,0,34.054,999.9,53.363,38.34,35.8621,29.3056,-100,3,0.541227,0,20.2442,5.19992,11.956,4.9692,3.29428,7158.8,9999,9999,118.7,4.97385,1.87306,1.87101,1.87241,1.87292,1.87363,1.87332,1.87773,0,0,0,0,11111111,oooooooo,on,on,on,on,0,100,100,-14.06,-0.1949,-9.618116613,-0.010281863,2.60765E-06,-1.39012E-10,-1.061312389,-0.176615401,0.01337041,-8.0725E-05,6,2428,1,22,160.3,160.4,0.153809,4.99756,2.64526,2.73926,2.8479,2.26685,40.8093,14.4472,2,397.32,1175.41,34.8998,34.3716,29.9999,34.2682,34.1743,-1,40,10,-999.9,400,20,101.106,93.9209
79,1784654780,10057.1,20260722 01:26:20,01:26:20,15,,1784654772,0.001991511,1.991511019,2.59008215,470.3756475,344.5744124,34.80680451,47.51447763,0.043915329,1.383434442,0.043155327,0.027039267,287.4269063,39.24344158,37.5989625,6.51395249,32.58564374,2.050015187,6.29116062,4.463937303,-87.82563595,-47.64874031,-8.223636171,143.7288938,3.211154684,2.017896576,2.59008215,486.5210774,481.5881939,0.258544185,60.77731307,1.991511019,17.64383674,20.27420242,-0.000301792,69.65,39,9,1.003139389,0.313938858,24923.60226,1499.986875,1261.203675,0.840809807,0.191619614,6,0.5,0: Broadleaf,2,TRUE,1784654772,470.438,476.0293125,20.2943875,17.63960625,484.4408125,20.14703125,445.3766875,100.913875,0.100022894,36.9601,37.5989625,999.9,0,0,4999.140625,0,25.8229875,-5.591411563,480.1829375,484.5770625,2.654773125,476.0293125,17.63960625,2.04798375,1.78008,17.820275,15.61295,1499.986875,0.973004063,0.026995475,0,1.94789375,0,22235.3625,12843.8125,47.375,49.187,48.312,47.8631875,47.425375,1459.496875,40.49,0,1784654778,0,1784644771,22:39:31,1784644771,1784644765,1,-0.189,0.525,-13.682,-0.661,428,16,0.7,0.03,-5.34637175,-14.75015481,3.026917544,0,2.6534695,-0.070160752,0.018364397,1,1,2,1/2,3.01937,2.75948,0.104397,0.104326,0.0976523,0.0875072,31478.4,22667.5,33296.3,25606,38439.3,31616.1,48682,40040.1,1.755,2.56647,0.249349,0,33.6017,999.9,52.497,38.31,35.2169,29.3256,-100,3,0.530831,0,20.2446,5.20202,11.956,4.96885,3.29445,7158.8,9999,9999,118.8,4.97385,1.87305,1.871,1.87241,1.8729,1.87363,1.87332,1.87773,0,0,0,0,11111111,oooooooo,on,on,on,on,0,100,100,-14.017,0.1427,-9.618116613,-0.010281863,2.60765E-06,-1.39012E-10,-1.061312389,-0.176615401,0.01337041,-8.0725E-05,6,2428,1,22,166.8,166.9,0.153809,4.99756,2.64526,2.73926,2.8479,2.27417,40.6554,14.386,2,393.873,1181.85,34.9202,34.2752,30.0002,34.1814,34.0913,-1,40,10,-999.9,400,20,101.128,93.9433
80,1784654903,10180.1,20260722 01:28:23,01:28:23,15,,1784654895,0.001929726,1.92972613,5.025940241,475.6451854,257.2235403,25.98295751,48.04641376,0.042610071,1.385213842,0.041895081,0.026247665,287.4339125,39.28588367,37.6303875,6.525085868,32.88306179,2.070282615,6.295893698,4.454803253,-85.10092233,-49.02812285,-8.452679692,144.8521876,9.521671226,1.889614864,5.025940241,502.8588939,490.5834182,1.008397162,60.77731307,1.92972613,18.0298696,20.54054485,0.005639868,69.65,39,9,1.003133136,0.313313571,24973.18723,1500.02375,1261.23465,0.840809787,0.191619574,6,0.5,0: Broadleaf,2,TRUE,1784654895,475.7659375,489.7583125,20.49518125,18.0107375,489.8110625,20.30574375,445.5689375,100.913125,0.100015106,36.973875,37.6303875,999.9,0,0,5007.96875,0,26.72243125,-13.99221813,485.721125,498.7418125,2.484440625,489.7583125,18.0107375,2.06823,1.817518125,17.9765625,15.9381375,1500.02375,0.973005,0.0269945,0,2.03715625,0,21820.0125,12844.1125,47.562,49.312,48.4566875,48.062,47.562,1459.53375,40.49,0,1784654901,0,1784644771,22:39:31,1784644771,1784644765,1,-0.189,0.525,-13.682,-0.661,428,16,0.7,0.03,-8.4259695,-162.3884783,17.66178172,0,2.5424135,-1.040667519,0.134760522,0,0,2,0/2,3.0191,2.75951,0.106555,0.110292,0.0984972,0.0895436,31400.2,22514.2,33293.9,25603.3,38400.7,31543.2,48678.9,40036.7,1.75435,2.56645,0.251129,0,33.6078,999.9,53.241,38.31,35.7164,28.8756,-100,3,0.533107,0,20.2448,5.20441,11.956,4.96925,3.29445,7158.8,9999,9999,118.8,4.97381,1.87305,1.87093,1.87241,1.87288,1.87363,1.87332,1.87773,0,0,0,0,11111111,oooooooo,on,on,on,on,0,100,100,-14.124,0.2015,-9.618116613,-0.010281863,2.60765E-06,-1.39012E-10,-1.061312389,-0.176615401,0.01337041,-8.0725E-05,6,2428,1,22,168.9,169,0.153809,4.99756,2.64526,2.73926,2.8479,2.24609,40.6298,14.3597,2,393.574,1181.88,34.9446,34.2969,30.0001,34.1907,34.0959,-1,40,10,-999.9,400,20,101.121,93.9347
81,1784655023,10300.1,20260722 01:30:23,01:30:23,15,,1784655015,0.001867677,1.867677365,1.711268787,566.9323439,460.9930068,46.56551136,57.26658347,0.04090955,1.383868378,0.040249384,0.025214291,287.4342133,39.40774719,37.77596667,6.576877992,33.04794708,2.09078816,6.326529617,4.486089832,-82.36457181,-53.20581323,-9.192266742,142.6715615,17.72901825,1.845970182,1.711268787,605.9514293,595.1594667,1.584218819,60.77731307,1.867677365,18.26633253,20.72086606,0.000984059,69.65,39,9,1.003138858,0.313885833,24927.79943,1500.025333,1261.23598,0.840809786,0.191619573,6,0.5,0: Broadleaf,2,TRUE,1784655015,566.9735333,592.158,20.69855333,18.27432,581.7174667,20.46614667,445.993,100.9112,0.100118333,37.06282,37.77596667,999.9,0,0,5001.416667,0,26.22956,-25.18434927,578.9574667,603.1807333,2.424236667,592.158,18.27432,2.088715333,1.844084,18.13338667,16.16553333,1500.025333,0.973004,0.026995527,0,1.96976,0,21522.72667,12844.13333,47.4958,49.312,48.437,48.02066667,47.562,1459.535333,40.49,0,1784655021,0,1784644771,22:39:31,1784644771,1784644765,1,-0.189,0.525,-13.682,-0.661,428,16,0.7,0.03,-31.03629695,152.9913978,16.74231499,0,2.4263155,0.12714,0.035849757,0,0,2,0/2,3.02025,2.75943,0.121086,0.118899,0.0989806,0.0894733,30889.2,22296.3,33293.8,25603.2,38382.9,31547.1,48678.8,40036.8,1.75633,2.56553,0.248224,0,33.7754,999.9,53.504,38.31,35.8982,28.6956,-100,3,0.534111,0,20.2449,5.20441,11.956,4.9691,3.29408,7158.8,9999,9999,118.9,4.97385,1.87304,1.871,1.87241,1.87289,1.87363,1.87331,1.87774,0,0,0,0,11111111,oooooooo,on,on,on,on,0,100,100,-14.856,0.236,-9.618116613,-0.010281863,2.60765E-06,-1.39012E-10,-1.061312389,-0.176615401,0.01337041,-8.0725E-05,6,2428,1,22,170.9,171,0.153809,4.99756,2.64526,2.73926,2.8479,2.25952,40.6298,14.3422,2,394.691,1180.65,34.9926,34.3092,30.0001,34.1969,34.0997,-1,40,10,-999.9,400,20,101.121,93.9347
82,1784655143,10420.1,20260722 01:32:23,01:32:23,15,,1784655135,0.001794385,1.794384625,-0.087731187,496.6321771,464.6272758,46.93148637,50.164266,0.03925112,1.384148597,0.038643087,0.024205774,287.4272467,39.37122357,37.68501333,6.544478241,32.59295969,2.053778114,6.301293694,4.490700127,-79.13236195,-51.89477861,-8.956835907,147.4432702,-15.29307701,1.865284089,-0.087731187,460.9245162,484.6396848,-4.416966283,60.77731307,1.794384625,17.64181049,20.18408606,-0.028274195,69.65,39,9,1.003137096,0.313709632,24941.75678,1499.988667,1261.20518,0.840809806,0.191619612,6,0.5,0: Broadleaf,2,TRUE,1784655135,496.6300667,477.3348667,20.33264667,17.87808,510.8382,20.17728,445.2577333,100.9088667,0.100025447,36.98958,37.68501333,999.9,0,0,5002.916667,0,25.53146,19.29506913,506.9382667,486.0295333,2.454578667,477.3348667,17.87808,2.051744,1.804056,17.84933333,15.82096667,1499.988667,0.973003667,0.026995887,0,1.965973333,0,21265.86,12843.79333,47.437,49.187,48.375,47.8708,47.4496,1459.498667,40.49,0,1784655141,0,1784644771,22:39:31,1784644771,1784644765,1,-0.189,0.525,-13.682,-0.661,428,16,0.7,0.03,2.34300685,323.167573,33.52064917,0,2.3239035,2.693055789,0.274917084,0,0,2,0/2,3.01854,2.75936,0.104327,0.0991644,0.0973134,0.0877462,31479.8,22797.4,33295.3,25605.2,38453.5,31606.2,48681.3,40039.4,1.7535,2.5657,0.248365,0,33.7024,999.9,52.863,38.31,35.4661,28.8456,-100,3,0.531796,0,20.2448,5.20351,11.956,4.9678,3.29438,7158.8,9999,9999,118.9,4.97383,1.87305,1.87101,1.87241,1.87294,1.87363,1.87332,1.87773,0,0,0,0,11111111,oooooooo,on,on,on,on,0,100,100,-14.014,0.1198,-9.618116613,-0.010281863,2.60765E-06,-1.39012E-10,-1.061312389,-0.176615401,0.01337041,-8.0725E-05,6,2428,1,22,172.9,173,0.153809,4.99756,2.64526,2.73926,2.8479,2.24731,40.5787,14.3509,2,393.055,1180.56,34.975,34.2921,30,34.1814,34.0821,-1,40,10,-999.9,400,20,101.126,93.9412
83,1784655263,10540.1,20260722 01:34:23,01:34:23,15,,1784655255,0.001700955,1.700954864,0.576542986,559.2795432,494.628762,49.96276772,56.4931845,0.036912655,1.385195342,0.036374777,0.022781909,287.4340533,39.50490833,37.84306,6.600867368,32.85647765,2.080390895,6.331752652,4.520476473,-75.01210951,-57.13763183,-9.866023661,145.4182883,14.7680696,1.656303575,0.576542986,586.5277097,582.4408,0.616386803,60.77731307,1.700954864,18.3981116,20.63294909,0.001954595,69.65,39,9,1.003134245,0.313424534,24964.37346,1500.021333,1261.23292,0.840809988,0.191619977,6,0.5,0: Broadleaf,2,TRUE,1784655255,559.2934,580.3988667,20.59576,18.41482667,573.9798667,20.3851,444.8597333,100.9106667,0.099973147,37.07794667,37.84306,999.9,0,0,5007.999333,0,24.92295333,-21.105476,571.0548667,591.2873333,2.180924667,580.3988667,18.41482667,2.078332667,1.858253333,18.05404667,16.28559333,1500.021333,0.973002333,0.026997287,0,2.038293333,0,21060.94667,12844.09333,47.333,49.125,48.312,47.7458,47.3874,1459.521333,40.5,0,1784655261,0,1784644771,22:39:31,1784644771,1784644765,1,-0.189,0.525,-13.682,-0.661,428,16,0.7,0.03,-20.20473475,68.13066789,16.49539651,0,2.165903,0.562616842,0.063463297,0,0,2,0/2,3.01836,2.75944,0.119147,0.119832,0.0987336,0.0901038,30960.7,22274.8,33297.1,25605.5,38397.2,31528.5,48684.1,40040.5,1.75335,2.5664,0.24838,0,33.8531,999.9,53.87,38.3,36.121,29.0256,-100,3,0.529578,0,20.2445,5.20456,11.956,4.96935,3.29417,7158.8,9999,9999,118.9,4.97385,1.87304,1.871,1.87241,1.87292,1.87363,1.87331,1.87773,0,0,0,0,11111111,oooooooo,on,on,on,on,0,100,100,-14.757,0.2179,-9.618116613,-0.010281863,2.60765E-06,-1.39012E-10,-1.061312389,-0.176615401,0.01337041,-8.0725E-05,6,2428,1,22,174.9,175,0.153809,4.99756,2.64526,2.73926,2.8479,2.26929,40.5531,14.2984,2,392.86,1181.25,35.0029,34.269,29.9999,34.1629,34.0667,-1,40,10,-999.9,400,20,101.131,93.9432
84,1784655383,10660.1,20260722 01:36:23,01:36:23,15,,1784655375,0.001635286,1.635285902,3.463773686,478.8552442,291.6048601,29.45472441,48.36870428,0.035405722,1.3817886,0.034909345,0.021862358,287.4322018,39.47746541,37.76826,6.574127306,32.40348466,2.044342657,6.309021015,4.529784649,-72.11610829,-56.33509569,-9.744802953,149.2361949,8.96481964,1.591828555,3.463773686,506.8922019,495.9026121,1.163308913,60.77731307,1.635285902,18.1142386,20.26685333,0.001738286,69.65,38,9,1.003064916,0.306491603,24872.76417,1500.014667,1261.227028,0.840809797,0.191619594,6,0.5,0: Broadleaf,2,TRUE,1784655375,478.9388,492.0358667,20.23920667,18.13992667,493.0088667,20.10334667,444.3658667,100.9090667,0.0999645,37.01203333,37.76826,999.9,0,0,4991.250667,0,25.49083333,-13.09676,488.8326,501.1260667,2.099276,492.0358667,18.13992667,2.04232,1.830484667,17.7763,16.04955333,1500.014667,0.9730034,0.02699622,0,2.015473333,0,20834.59333,12844.02,47.375,49.125,48.312,47.7164,47.39153333,1459.515333,40.49,0,1784655381,0,1784644771,22:39:31,1784644771,1784644765,1,-0.189,0.525,-13.682,-0.661,428,16,0.7,0.03,-10.0082681,-62.77585832,6.942588215,0,2.117024,-0.079907368,0.05170529,1,1,2,1/2,3.01759,2.75968,0.106859,0.107351,0.0976469,0.0892983,31391.2,22590.4,33295.5,25605.2,38439.9,31554,48681.8,40039.9,1.75198,2.56857,0.24794,0,33.7625,999.9,53.479,38.27,35.7999,29.1156,-100,3,0.530259,0,20.2444,5.20411,11.956,4.96765,3.2941,7158.8,9999,9999,119,4.97385,1.87307,1.87101,1.87241,1.87294,1.87363,1.87331,1.87773,0,0,0,0,11111111,oooooooo,on,on,on,on,0,100,100,-14.139,0.1421,-9.618116613,-0.010281863,2.60765E-06,-1.39012E-10,-1.061312389,-0.176615401,0.01337041,-8.0725E-05,6,2428,1,22,176.9,177,0.153809,4.99756,2.64526,2.73926,2.8479,2.26562,40.5275,14.2984,2,392.074,1184.19,35.0043,34.2659,30.0002,34.1567,34.0606,-1,40,10,-999.9,400,20,101.126,93.9419
85,1784655503,10780.1,20260722 01:38:23,01:38:23,15,,1784655495,0.001683972,1.68397206,1.063840378,471.2970039,392.0961234,39.60533575,47.60535738,0.036632499,1.384118875,0.036102286,0.022610927,287.42598,39.46806518,37.75120667,6.568044129,32.58158994,2.057692449,6.315506558,4.51035168,-74.26316785,-53.75271259,-9.282528409,150.1275712,3.131074943,1.688368145,1.063840378,483.6724509,483.0852,-0.163516267,60.77731307,1.68397206,18.01673354,20.32055394,-0.012828567,69.65,39,9,1.003137624,0.313762411,24937.57436,1499.982,1261.19958,0.84080981,0.191619619,6,0.5,0: Broadleaf,2,TRUE,1784655495,471.3226,476.606,20.37132667,18.14753333,485.3323333,20.20788667,444.8326,100.9092667,0.099984367,37.03086,37.75120667,999.9,0,0,5002.75,0,26.55276667,-5.283498867,481.1235333,485.4154667,2.223813333,476.606,18.14753333,2.055658,1.831253333,17.87965333,16.05576,1499.982,0.973003333,0.026996233,0,2.062946667,0,20642.62667,12843.75333,47.40806667,49.14566667,48.312,47.8414,47.437,1459.492,40.49,0,1784655501,0,1784644771,22:39:31,1784644771,1784644765,1,-0.189,0.525,-13.682,-0.661,428,16,0.7,0.03,-15.8703811,117.2268932,17.01023832,0,2.146297143,1.29633974,0.160518253,0,0,2,0/2,3.01823,2.7595,0.104359,0.100457,0.0977809,0.0885994,31478.1,22764.6,33294.6,25605.1,38432.4,31576.7,48680.3,40039.4,1.75325,2.566,0.250779,0,33.7161,999.9,53.351,38.25,35.6748,28.9956,-100,3,0.53123,0,20.2445,5.20501,11.956,4.9693,3.29405,7158.8,9999,9999,119,4.97383,1.87304,1.87102,1.87241,1.87292,1.87363,1.87332,1.8777,0,0,0,0,11111111,oooooooo,on,on,on,on,0,100,100,-14.015,0.1515,-9.618116613,-0.010281863,2.60765E-06,-1.39012E-10,-1.061312389,-0.176615401,0.01337041,-8.0725E-05,6,2428,1,22,178.9,179,0.153809,4.99756,2.64526,2.74048,2.8479,2.24731,40.5275,14.2984,2,392.806,1180.69,35.0089,34.2814,30.0001,34.1629,34.0667,-1,40,10,-999.9,400,20,101.123,93.941
86,1784655623,10900.1,20260722 01:40:23,01:40:23,15,,1784655615,0.001635854,1.63585398,1.416696018,470.3404692,372.1573686,37.59249704,47.51020452,0.034725674,1.383247304,0.03424854,0.02144766,287.4296533,39.59256495,37.89536667,6.619622376,31.50847632,2.000719648,6.349782284,4.618902729,-72.1411605,-57.07020368,-9.873239183,148.34505,-3.16004892,1.691886378,1.416696018,473.3367658,475.1487394,-0.703504194,60.77731307,1.63585398,17.55122211,19.7557103,-0.007387284,69.65,39,9,1.003141782,0.314178183,24904.67612,1500.001333,1261.21582,0.840809799,0.191619599,6,0.5,0: Broadleaf,2,TRUE,1784655615,470.3746,467.2042667,19.80668,17.58065333,484.3770667,19.76013333,445.5679333,100.9123333,0.100034593,37.13008,37.89536667,999.9,0,0,4998.292667,0,25.9821,3.170363333,479.8796,475.5652,2.226024,467.2042667,17.58065333,1.99874,1.774106,17.43435333,15.56046667,1500.001333,0.973003667,0.0269959,0,2.042193333,0,20496.65333,12843.91333,47.3998,49.187,48.3246,47.854,47.437,1459.511333,40.49,0,1784655621,0,1784644771,22:39:31,1784644771,1784644765,1,-0.189,0.525,-13.682,-0.661,428,16,0.7,0.03,2.45037975,18.76778937,2.191833857,0,2.23281,-0.09397985,0.017419221,1,1,2,1/2,3.01924,2.75951,0.103133,0.101206,0.096051,0.0870132,31520.3,22745.3,33293.9,25604.7,38506.7,31631.7,48679.3,40039,1.75485,2.5633,0.252672,0,33.8302,999.9,52.607,38.24,35.1607,28.9656,-100,3,0.532622,0,20.2447,5.20501,11.956,4.96935,3.2941,7158.8,9999,9999,119,4.9738,1.87308,1.87101,1.87241,1.87293,1.87363,1.87331,1.87771,0,0,0,0,11111111,oooooooo,on,on,on,on,0,100,100,-13.955,0.0344,-9.618116613,-0.010281863,2.60765E-06,-1.39012E-10,-1.061312389,-0.176615401,0.01337041,-8.0725E-05,6,2428,1,22,180.9,181,0.153809,4.99756,2.64526,2.73804,2.8479,2.27905,40.5275,14.2809,2,393.753,1177.13,35.0486,34.2969,30.0003,34.1752,34.079,-1,40,10,-999.9,400,20,101.121,93.9399
87,1784655743,11020.1,20260722 01:42:23,01:42:23,15,,1784655735,0.001537683,1.537683098,2.401873928,501.7918233,349.5427734,35.30804294,50.68703631,0.032479012,1.381700373,0.032060757,0.020075103,287.4309319,39.69071797,37.95288667,6.640300039,31.46275612,2.002875623,6.365861961,4.637424415,-67.81182464,-57.83570476,-10.02190352,151.761499,-10.87088063,1.615632612,2.401873928,498.0825963,499.9593273,-0.968707735,60.77731307,1.537683098,17.73383851,19.78459394,-0.003229787,69.65,39,9,1.003147833,0.31478328,24856.9527,1500.008,1261.221426,0.8408098,0.191619599,6,0.5,0: Broadleaf,2,TRUE,1784655735,501.8498,488.3400667,19.82808,17.70105333,516.0986667,19.77714,445.2773333,100.9120667,0.100014353,37.17646667,37.95288667,999.9,0,0,4990.666667,0,27.46879333,13.50963978,512.0022,497.1402,2.127018,488.3400667,17.70105333,2.000894,1.786250667,17.45137333,15.66696667,1500.008,0.973003333,0.026996247,0,2.088006667,0,20283.16667,12843.96,47.375,49.187,48.3414,47.812,47.437,1459.510667,40.49,0,1784655741,0,1784644771,22:39:31,1784644771,1784644765,1,-0.189,0.525,-13.682,-0.661,428,16,0.7,0.03,14.17765484,-60.76327489,8.813872461,0,2.165326,-0.908890827,0.089401751,0,0,2,0/2,3.01873,2.75936,0.107149,0.105867,0.0961645,0.0879885,31377.3,22626.6,33291.9,25604,38500.8,31597.6,48676.9,40038.2,1.75375,2.56553,0.248894,0,33.9579,999.9,52.9,38.24,35.3539,29.0256,-100,3,0.533882,0,20.2445,5.20486,11.956,4.9693,3.29402,7158.8,9999,9999,119.1,4.97383,1.87308,1.87099,1.87242,1.87296,1.87363,1.87332,1.87771,0,0,0,0,11111111,oooooooo,on,on,on,on,0,100,100,-14.154,0.0422,-9.618116613,-0.010281863,2.60765E-06,-1.39012E-10,-1.061312389,-0.176615401,0.01337041,-8.0725E-05,6,2428,1,22,182.9,183,0.153809,4.99756,2.64526,2.73926,2.8479,2.24487,40.502,14.2634,2,393.247,1180.49,35.0883,34.3181,30.0001,34.1907,34.0913,-1,40,10,-999.9,400,20,101.116,93.9377
88,1784655863,11140.1,20260722 01:44:23,01:44:23,15,,1784655855,0.001493757,1.493757363,1.457827069,469.8688262,362.4332718,36.60978394,47.46196762,0.031301537,1.383850306,0.030913459,0.019355378,287.4306667,39.74793156,38.03211333,6.668872707,31.30983588,1.997332238,6.379248507,4.671540469,-65.8746997,-60.96117249,-10.55308253,150.0417119,-7.347193201,1.572261725,1.457827069,464.6750075,469.5855758,-1.294465852,60.77731307,1.493757363,17.65474307,19.70411394,-0.012415353,69.65,39,9,1.003140468,0.314046816,24915.06125,1500.006667,1261.2203,0.840809796,0.191619593,6,0.5,0: Broadleaf,2,TRUE,1784655855,469.9039333,461.0290667,19.77339333,17.70304667,483.9026667,19.73364667,445.2154667,100.9110667,0.100034667,37.21500667,38.03211333,999.9,0,0,5001.334,0,31.69525333,8.875090667,479.3832667,469.3382,2.070359333,461.0290667,17.70304667,1.995353333,1.786432667,17.40750667,15.66837333,1500.006667,0.973004333,0.026995173,0,2.00894,0,20062.52,12843.96,47.4122,49.187,48.3246,47.75413333,47.437,1459.516667,40.49,0,1784655861,0,1784644771,22:39:31,1784644771,1784644765,1,-0.189,0.525,-13.682,-0.661,428,16,0.7,0.03,5.475208,50.39099188,7.073984301,0,2.029617,0.719425263,0.105475449,0,0,2,0/2,3.01902,2.75953,0.10226,0.100007,0.0959114,0.0878601,31547.5,22773.3,33290.3,25602.3,38509.1,31598.9,48674.8,40035.6,1.75405,2.56535,0.247091,0,34.0355,999.9,52.826,38.229,35.2797,28.9056,-100,3,0.536362,0,20.2442,5.20501,11.956,4.9679,3.29413,7158.8,9999,9999,119.1,4.97379,1.87304,1.87094,1.87241,1.87294,1.87363,1.8733,1.87767,0,0,0,0,11111111,oooooooo,on,on,on,on,0,100,100,-13.913,0.0257,-9.618116613,-0.010281863,2.60765E-06,-1.39012E-10,-1.061312389,-0.176615401,0.01337041,-8.0725E-05,6,2428,1,22,184.9,185,0.153809,4.99756,2.64526,2.73926,2.8479,2.25342,40.502,14.2371,2,393.529,1180.67,35.1304,34.3375,30.0004,34.2102,34.1128,-1,40,10,-999.9,400,20,101.111,93.9317
89,1784655984,11261,20260722 01:46:24,01:46:24,15,,1784655976,0.001579275,1.579275129,2.30306444,467.7308336,323.7650734,32.70351603,47.24550011,0.032909525,1.383869918,0.032480851,0.020338581,287.4282125,39.80676365,38.13033125,6.704442521,31.25356272,2.0048923,6.414924014,4.69955022,-69.64603318,-60.65238549,-10.50965234,146.6201415,28.93779131,1.353825508,2.30306444,530.9860182,509.5327455,3.438498704,60.77731307,1.579275129,18.17616529,20.06432303,0.031451379,69.65,39,9,1.003141432,0.314143198,24907.44103,1499.99375,1261.20945,0.840809803,0.191619607,6,0.5,0: Broadleaf,2,TRUE,1784655976,467.7863125,507.4086875,19.84845,18.07069375,481.7670625,19.793275,446.4215625,100.91,0.100018425,37.317375,38.13033125,999.9,0,0,5001.48375,0,30.27875,-39.62245063,477.2618125,516.750875,1.777764375,507.4086875,18.07069375,2.0029075,1.823513125,17.46704375,15.98913125,1499.99375,0.973004438,0.026995138,0,2.0230625,0,19839.71875,12843.85,47.4488125,49.312,48.375,47.937,47.519375,1459.50375,40.49,0,1784655983,0,1784644771,22:39:31,1784644771,1784644765,1,-0.189,0.525,-13.682,-0.661,428,16,0.7,0.03,-31.21184048,-125.7757395,23.0055421,0,1.834612381,-1.076908052,0.163914051,0,0,2,0/2,3.0201,2.75945,0.109016,0.109075,0.097005,0.0887797,31304.8,22539.7,33285.1,25597.9,38458,31562.6,48668,40029.2,1.75493,2.56327,0.247858,0,34.155,999.9,53.327,38.229,35.621,28.8556,-100,3,0.543237,0,20.2442,5.20501,11.956,4.96955,3.29405,7158.8,9999,9999,119.1,4.9738,1.87303,1.87099,1.8724,1.87296,1.87363,1.87332,1.87772,0,0,0,0,11111111,oooooooo,on,on,on,on,0,100,100,-14.248,0.1003,-9.618116613,-0.010281863,2.60765E-06,-1.39012E-10,-1.061312389,-0.176615401,0.01337041,-8.0725E-05,6,2428,1,22,186.9,187,0.153809,4.99756,2.64526,2.73926,2.8479,2.25342,40.5275,14.2283,2,394.422,1179.01,35.1955,34.4162,30.0004,34.2784,34.1781,-1,40,10,-999.9,400,20,101.096,93.9162
90,1784656104,11381,20260722 01:48:24,01:48:24,15,,1784656096,0.001493797,1.49379674,2.096854467,451.3067403,311.7264389,31.4864272,45.58495863,0.030893318,1.383694973,0.030515189,0.019105581,287.4209133,39.88084903,38.18639333,6.724819217,31.02655677,1.993683725,6.425733091,4.731135492,-65.87643622,-62.52038551,-10.83925434,148.1848373,3.300656405,1.512573826,2.096854467,467.7351688,462.2634303,0.493312553,60.77731307,1.49379674,17.76611631,19.72854242,-0.000405306,69.65,39,9,1.003142359,0.314235872,24900.11832,1499.955333,1261.17718,0.840809824,0.191619648,6,0.5,0: Broadleaf,2,TRUE,1784656096,451.3572667,456.6750667,19.73815333,17.75991333,465.2083333,19.7056,448.2712667,100.9065333,0.10006498,37.34829333,38.18639333,999.9,0,0,5000.791333,0,32.44414,-5.317784667,460.4456,464.9322667,1.978233333,456.6750667,17.75991333,1.991709333,1.792092667,17.37857333,15.71798,1499.955333,0.973005933,0.026993813,0,2.004806667,0,19629.02,12843.52667,47.5914,49.4664,48.4958,48.125,47.62913333,1459.465333,40.49,0,1784656103,0,1784644771,22:39:31,1784644771,1784644765,1,-0.189,0.525,-13.682,-0.661,428,16,0.7,0.03,-1.652248286,-53.03054992,5.515594449,0,2.022692381,-0.55813013,0.062692229,0,0,2,0/2,3.02206,2.75948,0.101349,0.10207,0.0959398,0.0880596,31566.2,22712.1,33277.2,25593,38494.6,31579.8,48657.5,40021.9,1.758,2.55767,0.243314,0,34.2658,999.9,52.948,38.24,35.3894,28.9456,-100,3,0.553559,0,20.2444,5.20486,11.956,4.9693,3.29408,7158.8,9999,9999,119.2,4.97382,1.87305,1.87099,1.87241,1.87292,1.87363,1.87332,1.8777,0,0,0,0,11111111,oooooooo,on,on,on,on,0,100,100,-13.87,0.0306,-9.618116613,-0.010281863,2.60765E-06,-1.39012E-10,-1.061312389,-0.176615401,0.01337041,-8.0725E-05,6,2428,1,22,188.9,189,0.153809,4.99756,2.64526,2.73926,2.8479,2.25708,40.6042,14.2108,2,396.707,1173.1,35.279,34.5233,30.0006,34.3766,34.2777,-1,40,10,-999.9,400,20,101.074,93.8987
91,1784656224,11501,20260722 01:50:24,01:50:24,15,,1784656216,0.001483931,1.483930722,1.951384647,460.5050951,326.0031222,32.92798383,46.51337147,0.030470973,1.382414901,0.030102709,0.018846909,287.4257267,39.98684184,38.29915333,6.765966492,31.00342213,2.00299546,6.460562487,4.762971032,-65.44134486,-63.46421362,-11.0243537,147.4958145,-1.810974802,1.530008422,1.951384647,468.3186483,466.7191939,-0.198701024,60.76755731,1.483930722,17.85829989,19.80829758,-0.00198898,69.65,40,9,1.003228954,0.322895444,24855.82185,1499.980667,1261.19846,0.84080981,0.191619621,6,0.5,0: Broadleaf,2,TRUE,1784656216,460.5522,459.0859333,19.83063333,17.83908667,474.4765333,19.77918,450.3262667,100.9050667,0.100051327,37.44761333,38.29915333,999.9,0,0,4994.541333,0,30.82817333,1.466272,469.87,467.4245333,1.991542667,459.0859333,17.83908667,2.001011333,1.800053333,17.45233333,15.78724667,1499.980667,0.9730066,0.02699314,0,1.959046667,0,19410.45333,12843.75333,47.7458,49.562,48.63326667,48.312,47.812,1459.490667,40.49,0,1784656223,0,1784644771,22:39:31,1784644771,1784644765,1,-0.189,0.525,-13.682,-0.661,428,16,0.7,0.03,2.9422255,-39.35292586,3.968956318,0,2.0070225,-0.399669023,0.046754182,0,0,2,0/2,3.02387,2.75939,0.101918,0.101033,0.0961606,0.0884478,31532.9,22729.5,33264,25583.8,38471.8,31554.2,48640,40008.7,1.7601,2.55508,0.249989,0,34.3016,999.9,53.089,38.25,35.5007,29.1556,-100,3,0.568994,0,20.2444,5.20486,11.956,4.9679,3.29413,7158.8,9999,9999,119.2,4.97388,1.87305,1.87101,1.8724,1.87294,1.87363,1.87331,1.87772,0,0,0,0,11111111,oooooooo,on,on,on,on,0,100,100,-13.9,0.0476,-9.618116613,-0.010281863,2.60765E-06,-1.39012E-10,-1.061312389,-0.176615401,0.01337041,-8.0725E-05,6,2428,1,22,190.9,191,0.153809,4.99756,2.64526,2.73926,2.8479,2.27905,40.7323,14.1846,2,398.74,1172.05,35.3586,34.6815,30.0006,34.5195,34.4119,-1,40,10,-999.9,400,20,101.036,93.8667
92,1784656344,11621,20260722 01:52:24,01:52:24,15,,1784656336,0.001473549,1.473549157,0.87138558,547.2782311,460.6449725,46.52589201,55.27599214,0.030116968,1.382709778,0.029757232,0.018630233,287.4330733,40.11257368,38.45622667,6.823648121,31.39387467,2.041646229,6.503326685,4.782001892,-64.98351782,-66.14346755,-11.50275501,144.803333,-0.674525252,1.391673021,0.87138558,559.4308041,559.0728,-0.156374735,60.76755731,1.473549157,18.51142394,20.3195897,0.018597998,69.65,40,9,1.003229111,0.32291108,24854.62217,1500.019333,1261.23094,0.84080979,0.191619579,6,0.5,0: Broadleaf,2,TRUE,1784656336,547.2992667,547.4180667,20.21399333,18.40612,561.8959333,20.08338,451.0478667,100.9016667,0.09996102,37.56892667,38.45622667,999.9,0,0,4996.166,0,28.49608667,-0.118754267,558.5908,557.6836,1.807880667,547.4180667,18.40612,2.039626,1.857208,17.75530667,16.27653333,1500.019333,0.9730066,0.02699314,0,1.99146,0,19193.56667,12844.08,47.75,49.5788,48.7164,48.312,47.8204,1459.529333,40.49,0,1784656343,0,1784644771,22:39:31,1784644771,1784644765,1,-0.189,0.525,-13.682,-0.661,428,16,0.7,0.03,5.840675524,-103.0291794,15.96948934,0,1.88216,-1.278067792,0.141185712,0,0,2,0/2,3.02439,2.75954,0.115811,0.111814,0.0976833,0.0899213,31034.8,22449.3,33253.7,25575.7,38399.3,31494.6,48626.7,39997.4,1.75968,2.5543,0.246037,0,34.5108,999.9,53.895,38.3,36.1434,28.9156,-100,3,0.581725,0,20.2444,5.19932,11.9562,4.9694,3.29438,7158.8,9999,9999,119.2,4.97383,1.87308,1.87101,1.87241,1.87296,1.87363,1.87332,1.87775,0,0,0,0,11111111,oooooooo,on,on,on,on,0,100,100,-14.595,0.1539,-9.618116613,-0.010281863,2.60765E-06,-1.39012E-10,-1.061312389,-0.176615401,0.01337041,-8.0725E-05,6,2428,1,22,192.9,193,0.153809,4.99756,2.64526,2.73926,2.8479,2.23389,40.835,14.1846,2,399.354,1173.49,35.464,34.8253,30.0005,34.6578,34.5438,-1,40,10,-999.9,400,20,101.007,93.8389
93,1784656464,11741,20260722 01:54:24,01:54:24,15,,1784656456,0.001461604,1.461604277,-0.530641914,489.1093852,479.360614,48.41274445,49.39731589,0.029362177,1.384677997,0.029020616,0.018168242,287.4335232,40.21797938,38.58379333,6.870807532,30.70252234,2.007874664,6.539771037,4.862932868,-64.4567486,-68.08348395,-11.83645064,143.05684,-10.59909311,1.592344642,-0.530641914,470.5098137,485.3746242,-2.698992337,60.76755731,1.461604277,17.68266607,19.73402485,-0.025289323,69.65,40,9,1.003222872,0.322287158,24902.58385,1500.02,1261.231662,0.840809897,0.191619794,6,0.5,0: Broadleaf,2,TRUE,1784656456,489.0966,476.123,19.88104667,17.81882667,503.2462667,19.81923333,452.5914,100.8944,0.1000143,37.67176667,38.58379333,999.9,0,0,5006.25,0,28.10724,12.97355847,499.018,484.7628,2.062222,476.123,17.81882667,2.005889333,1.797821333,17.49079333,15.76720667,1500.02,0.973003867,0.026996027,0,1.929906667,0,18930.06667,12844.08,47.8372,49.5956,48.7624,48.25,47.875,1459.522667,40.49533333,0,1784656463,0,1784644771,22:39:31,1784644771,1784644765,1,-0.189,0.525,-13.682,-0.661,428,16,0.7,0.03,0.51960385,219.7200436,23.88555322,0,1.9715935,1.651836541,0.201874359,0,0,2,0/2,3.02587,2.75953,0.104358,0.100449,0.0957973,0.0876849,31425.7,22730.3,33242.6,25569.4,38466.5,31561.5,48611.7,39987.8,1.76147,2.54813,0.249628,0,34.5535,999.9,52.887,38.34,35.5436,29.1856,-100,3,0.594296,0,20.2436,5.20172,11.9562,4.96765,3.2943,7158.8,9999,9999,119.3,4.97385,1.87308,1.87101,1.8724,1.87288,1.87363,1.8733,1.87772,0,0,0,0,11111111,oooooooo,on,on,on,on,0,100,100,-14.024,0.0285,-9.618116613,-0.010281863,2.60765E-06,-1.39012E-10,-1.061312389,-0.176615401,0.01337041,-8.0725E-05,6,2428,1,22,194.9,195,0.153809,4.99756,2.64526,2.73926,2.8479,2.23877,40.9122,14.1758,2,401.134,1167.3,35.5543,34.9608,30.0005,34.7853,34.6706,-1,40,10,-999.9,400,20,100.975,93.816
94,1784656584,11861,20260722 01:56:24,01:56:24,15,,1784656576,0.001459905,1.459905073,1.562705151,452.6517097,336.1130543,33.94410257,45.71335705,0.029658893,1.383572678,0.029310164,0.018349843,287.4305546,40.14984001,38.4127,6.80762137,30.64937748,1.996686722,6.514607754,4.810934648,-64.38181373,-60.55957656,-10.5245194,151.9646449,5.210521826,1.439270032,1.562705151,471.3650715,465.9264788,0.639616315,60.76755731,1.459905073,17.99053682,19.82060303,0.009773045,69.65,40,9,1.003226193,0.322619272,24877.03074,1500.004,1261.218257,0.840809929,0.191619859,6,0.5,0: Broadleaf,2,TRUE,1784656576,452.6894,460.4038,19.77110667,17.91528,466.5509333,19.73183333,454.6283333,100.8901333,0.100001193,37.60081333,38.4127,999.9,0,0,5001,0,26.66239333,-7.714438,461.82,468.8027333,1.855823333,460.4038,17.91528,1.99471,1.807476667,17.40238667,15.8515,1500.004,0.973003667,0.026996527,0,1.93286,0,18680.44667,12843.93333,48,49.6746,48.875,48.375,48,1459.510667,40.49666667,0,1784656583,0,1784644771,22:39:31,1784644771,1784644765,1,-0.189,0.525,-13.682,-0.661,428,16,0.7,0.03,-6.29423895,-27.80975454,3.101201413,0,1.88445,-0.651256241,0.071805138,0,0,2,0/2,3.02757,2.75955,0.101744,0.102951,0.0960835,0.0884658,31508.9,22661.4,33234.2,25563.6,38444.8,31527,48600.1,39979.3,1.7635,2.54697,0.253204,0,34.34,999.9,53.04,38.35,35.6695,29.2756,-100,3,0.605231,0,20.2439,5.20426,11.9563,4.969,3.29445,7158.8,9999,9999,119.3,4.97381,1.87304,1.87101,1.87239,1.87291,1.87363,1.8733,1.87769,0,0,0,0,11111111,oooooooo,on,on,on,on,0,100,100,-13.897,0.0501,-9.618116613,-0.010281863,2.60765E-06,-1.39012E-10,-1.061312389,-0.176615401,0.01337041,-8.0725E-05,6,2428,1,22,196.9,197,0.153809,4.99756,2.64526,2.73926,2.8479,2.28271,40.9896,14.1583,2,403.055,1168.12,35.6018,35.0864,30.0006,34.914,34.7977,-1,40,10,-999.9,400,20,100.95,93.7956
95,1784656704,11981,20260722 01:58:24,01:58:24,15,,1784656696,0.001451891,1.451890633,1.304410471,439.4077131,336.0021287,33.93239109,44.37517831,0.029182419,1.385091746,0.028845101,0.01805817,287.4272944,40.29135791,38.56042,6.86214568,30.4984366,2.002065717,6.564486381,4.860079963,-64.0283769,-61.17167803,-10.6340005,151.593239,-3.532941514,1.499225283,1.304410471,439.8398863,442.2839636,-0.804903026,60.75564547,1.451890633,17.92541897,19.80644242,-0.000676645,69.65,40,9,1.00322204,0.322203984,24908.99156,1499.989333,1261.205701,0.840809779,0.191619559,6,0.5,0: Broadleaf,2,TRUE,1784656696,439.4391333,435.6634,19.82466667,17.89288,453.1942667,19.77441333,454.9224667,100.8886,0.100019413,37.74122667,38.56042,999.9,0,0,5008.582667,0,26.54484,3.775817533,448.3271333,443.6006667,1.931780667,435.6634,17.89288,2.00008,1.805184667,17.44496,15.83170667,1499.989333,0.973005133,0.026994987,0,1.97816,0,18440.09333,12843.81333,48.05373333,49.687,48.937,48.437,48.062,1459.5,40.48866667,0,1784656703,0,1784644771,22:39:31,1784644771,1784644765,1,-0.189,0.525,-13.682,-0.661,428,16,0.7,0.03,4.46532915,-21.77609662,3.304906983,0,1.9559715,-0.615447068,0.065304854,0,0,2,0/2,3.02797,2.75945,0.0978641,0.0979583,0.0960348,0.0888229,31639.3,22784.2,33228.7,25560.3,38440.8,31509.3,48593.2,39974.8,1.76353,2.54223,0.255886,0,34.4435,999.9,53.089,38.381,35.7619,28.9756,-100,3,0.612589,0,20.2437,5.20441,11.956,4.9692,3.29425,7158.8,9999,9999,119.3,4.97381,1.87308,1.87097,1.8724,1.87291,1.87363,1.87332,1.87765,0,0,0,0,11111111,oooooooo,on,on,on,on,0,100,100,-13.707,0.0485,-9.618116613,-0.010281863,2.60765E-06,-1.39012E-10,-1.061312389,-0.176615401,0.01337041,-8.0725E-05,6,2428,1,22,198.9,199,0.153809,4.99756,2.64526,2.73926,2.8479,2.24243,41.0412,14.1408,2,403.696,1163.47,35.6709,35.182,30.0003,35.0155,34.9015,-1,40,10,-999.9,400,20,100.935,93.7845
96,1784656824,12101,20260722 02:00:24,02:00:24,15,,1784656816,0.001440607,1.440606808,5.385469029,501.8362813,172.625524,17.43348724,50.68054945,0.028817769,1.382704547,0.028488216,0.01783443,287.4306744,40.39809394,38.68580667,6.908723462,30.72649245,2.027750704,6.599356263,4.880972758,-63.53076025,-63.1365945,-11.00635301,149.7569667,11.89795995,1.410362917,5.385469029,536.3426197,521.4389939,1.470847067,60.75564547,1.440606808,18.2455144,20.10859879,-0.000136672,69.65,40,9,1.003231888,0.323188803,24833.33279,1500.007333,1261.220801,0.840809756,0.191619513,6,0.5,0: Broadleaf,2,TRUE,1784656816,501.9664,518.5458667,20.07868667,18.26145333,516.2163333,19.97616,454.8126667,100.8902,0.100006053,37.83884,38.68580667,999.9,0,0,4996.708,0,25.27319333,-16.57948667,512.2520667,528.192,1.817236667,518.5458667,18.26145333,2.025741333,1.842399333,17.64696,16.15113333,1500.007333,0.973005533,0.026994647,0,1.883633333,0,18178.07333,12843.97333,48.062,49.75,48.958,48.50413333,48.1124,1459.518667,40.488,0,1784656823,0,1784644771,22:39:31,1784644771,1784644765,1,-0.189,0.525,-13.682,-0.661,428,16,0.7,0.03,-17.5808845,60.76313549,19.17784302,0,1.793243,0.555222857,0.102312305,0,0,2,0/2,3.02819,2.7596,0.110595,0.104675,0.0969647,0.089691,31188.3,22611.9,33224.2,25557.5,38399.3,31476.7,48587.2,39970.8,1.76343,2.54255,0.257064,0,34.5626,999.9,53.467,38.411,36.0736,29.0656,-100,3,0.617439,0,20.244,5.20097,11.9562,4.9693,3.29433,7158.8,9999,9999,119.4,4.97383,1.87308,1.87097,1.87239,1.87292,1.87363,1.8733,1.87769,0,0,0,0,11111111,oooooooo,on,on,on,on,0,100,100,-14.339,0.1127,-9.618116613,-0.010281863,2.60765E-06,-1.39012E-10,-1.061312389,-0.176615401,0.01337041,-8.0725E-05,6,2428,1,22,200.9,201,0.153809,4.99756,2.64526,2.74048,2.8479,2.26562,41.0928,14.1233,2,404.096,1165.34,35.7427,35.2441,30.0002,35.0892,34.9762,-1,40,10,-999.9,400,20,100.922,93.7747
97,1784656944,12221,20260722 02:02:24,02:02:24,15,,1784656936,0.001352119,1.352119249,6.208733794,494.8624559,95.60275841,9.655093721,49.97704533,0.026723753,1.384019555,0.026440366,0.01655044,287.4274011,40.49418639,38.75257333,6.933637188,30.17885535,1.997434479,6.61865553,4.936202709,-59.62845887,-64.16166402,-11.18091826,152.4563599,38.51553299,1.202846999,6.208733794,606.8174595,553.003703,8.737368246,60.75564547,1.352119249,18.44642929,19.99616727,0.032880814,69.65,40,9,1.00322759,0.322758974,24866.29764,1499.992,1261.207741,0.840809645,0.191619289,6,0.5,0: Broadleaf,2,TRUE,1784656936,495.0122667,546.3822667,19.77818667,18.22974,509.2069333,19.73738667,455.3674667,100.8918,0.099990213,37.89267333,38.75257333,999.9,0,0,5003.125333,0,23.37244,-51.36994667,505.0030667,556.5344,1.54846,546.3822667,18.22974,1.995458667,1.839231333,17.4081,16.12354667,1499.992,0.973009333,0.026990967,0,2.06832,0,17907.44667,12843.84667,48.1082,49.75826667,49,48.55786667,48.125,1459.509333,40.482,0,1784656943,0,1784644771,22:39:31,1784644771,1784644765,1,-0.189,0.525,-13.682,-0.661,428,16,0.7,0.03,-42.3072695,-197.4990853,25.70699829,0,1.639592,-1.684746767,0.18527153,0,0,2,0/2,3.02849,2.75956,0.115414,0.115647,0.0966722,0.0900014,31017,22333.3,33222,25555.9,38410.6,31465.9,48584.1,39968.8,1.76367,2.54055,0.257757,0,34.6115,999.9,53.351,38.421,36.0154,28.5556,-100,3,0.620501,0,20.244,5.20501,11.956,4.9695,3.29433,7158.8,9999,9999,119.4,4.9738,1.87302,1.87098,1.87238,1.87288,1.87363,1.87332,1.87773,0,0,0,0,11111111,oooooooo,on,on,on,on,0,100,100,-14.582,0.0934,-9.618116613,-0.010281863,2.60765E-06,-1.39012E-10,-1.061312389,-0.176615401,0.01337041,-8.0725E-05,6,2428,1,22,202.9,203,0.153809,4.99756,2.64526,2.74048,2.8479,2.25708,41.0928,14.1233,2,404.553,1163.59,35.8022,35.2846,30,35.1406,35.0305,-1,40,10,-999.9,400,20,100.915,93.7696
98,1784657064,12341,20260722 02:04:24,02:04:24,15,,1784657056,0.001349506,1.349506481,2.081045661,506.9508764,346.6096662,35.00549419,51.19899324,0.026757106,1.383392191,0.026472888,0.016570839,287.4263933,40.5401669,38.80462,6.953112215,30.65552001,2.033811644,6.63440595,4.919300571,-59.51323582,-64.74514229,-11.29292851,151.8750867,13.19021589,1.340727089,2.081045661,553.6746232,533.4187455,3.358295515,60.75564547,1.349506481,18.58193094,20.22861515,0.015775561,69.65,40,9,1.003230378,0.323037823,24844.90188,1499.987333,1261.20376,0.840809607,0.191619214,6,0.5,0: Broadleaf,2,TRUE,1784657056,507.0011333,525.2055333,20.13794667,18.41406,521.29,20.02314667,455.7412667,100.894,0.099992953,37.93650667,38.80462,999.9,0,0,4999.916667,0,26.71897333,-18.20450007,517.4211333,535.0604667,1.723890667,525.2055333,18.41406,2.0318,1.857868667,17.69432667,16.28198,1499.987333,0.973010667,0.026989733,0,2.052333333,0,17656.32667,12843.82,48.062,49.75,49,48.4916,48.125,1459.507333,40.48,0,1784657063,0,1784644771,22:39:31,1784644771,1784644765,1,-0.189,0.525,-13.682,-0.661,428,16,0.7,0.03,-18.51242855,-56.61205583,17.28054128,0,1.7198855,-0.386759549,0.096446495,0,0,2,0/2,3.0288,2.7594,0.112084,0.115322,0.0973311,0.090873,31133.2,22341,33221.4,25555.3,38381.3,31435.2,48583.6,39968.3,1.76395,2.53822,0.256516,0,34.6826,999.9,53.748,38.431,36.3034,29.3056,-100,3,0.620821,0,20.2442,5.20516,11.956,4.9694,3.29458,7158.8,9999,9999,119.4,4.97386,1.87304,1.87099,1.87239,1.87295,1.87363,1.87332,1.87773,0,0,0,0,11111111,oooooooo,on,on,on,on,0,100,100,-14.414,0.1387,-9.618116613,-0.010281863,2.60765E-06,-1.39012E-10,-1.061312389,-0.176615401,0.01337041,-8.0725E-05,6,2428,1,22,204.9,205,0.153809,4.99756,2.64526,2.73926,2.8479,2.26074,41.0928,14.097,2,404.811,1160.73,35.8373,35.2926,30,35.1576,35.0497,-1,40,10,-999.9,400,20,100.914,93.7681
99,1784657184,12461,20260722 02:06:24,02:06:24,15,,1784657176,0.001376335,1.376335203,1.205593683,461.9004279,356.2968817,35.98381033,46.64912392,0.02704582,1.383626332,0.02675552,0.016748022,287.4349067,40.50897907,38.78940667,6.947414729,29.90039038,1.981836219,6.62812824,4.96557851,-60.69638246,-64.92368853,-11.32037257,150.4944631,0.779090539,1.400519091,1.205593683,471.5846305,470.6611939,-0.133288297,60.75564547,1.376335203,17.86378663,19.63877091,0.00044218,69.65,40,9,1.003229329,0.322932871,24852.95041,1500.022667,1261.23434,0.840810188,0.191620376,6,0.5,0: Broadleaf,2,TRUE,1784657176,461.9295333,463.8049333,19.62332667,17.82038,475.8648667,19.61413333,455.4304667,100.8938,0.10009632,37.91904667,38.78940667,999.9,0,0,5001.083333,0,28.98596,-1.875338667,471.1756667,472.2200667,1.802950667,463.8049333,17.82038,1.979871333,1.797966,17.28426667,15.76908,1500.022667,0.972993667,0.027006107,0,1.977286667,0,17392.18,12844.06,48.187,49.8246,49.062,48.55373333,48.1912,1459.512667,40.51,0,1784657183,0,1784644771,22:39:31,1784644771,1784644765,1,-0.189,0.525,-13.682,-0.661,428,16,0.7,0.03,-3.052265,23.98607711,2.47298573,0,1.803928,-0.163035789,0.027233225,0,0,2,0/2,3.02896,2.75953,0.102307,0.101067,0.0954771,0.0882498,31476,22701.5,33221.4,25556.1,38458.7,31524,48584,39968.9,1.7645,2.54005,0.253033,0,34.6899,999.9,52.643,38.461,35.6125,29.2156,-100,3,0.621232,0,20.2442,5.20516,11.956,4.96955,3.2945,7158.8,9999,9999,119.5,4.97382,1.87304,1.87097,1.87241,1.8729,1.87363,1.87329,1.87773,0,0,0,0,11111111,oooooooo,on,on,on,on,0,100,100,-13.927,0.0136,-9.618116613,-0.010281863,2.60765E-06,-1.39012E-10,-1.061312389,-0.176615401,0.01337041,-8.0725E-05,6,2428,1,22,206.9,207,0.153809,4.99756,2.64526,2.73926,2.8479,2.2583,41.0928,14.097,2,405.195,1163.56,35.8885,35.2991,30.0003,35.1697,35.0657,-1,40,10,-999.9,400,20,100.914,93.7702
100,1784657304,12581,20260722 02:08:24,02:08:24,15,,1784657296,0.001441571,1.44157106,1.357557232,455.1707811,345.9495414,34.94019195,45.97131245,0.028625041,1.382334369,0.028299769,0.017716272,287.43402,40.44192964,38.69748,6.913073712,30.16136784,1.995197524,6.615076396,4.917876187,-63.57328376,-60.72099918,-10.59091884,152.5488182,0.887122418,1.440451997,1.357557232,466.0997666,464.1705273,0.0206433,60.75564547,1.44157106,17.8855331,19.74901273,-0.000190487,69.65,40,9,1.003233757,0.323375693,24819.02699,1500.018,1261.23042,0.84081019,0.191620381,6,0.5,0: Broadleaf,2,TRUE,1784657296,455.2036,457.2331333,19.75483333,17.90006667,469.0852667,19.71888,455.2658,100.8978667,0.100076,37.8827,38.69748,999.9,0,0,4994.5,0,29.8331,-2.029612067,464.3770667,465.5668667,1.854775333,457.2331333,17.90006667,1.993222667,1.806078667,17.3906,15.83949333,1500.018,0.972993333,0.027006453,0,2.00794,0,17129.66667,12844.02,48.2458,49.875,49.125,48.625,48.25,1459.508,40.51,0,1784657303,0,1784644771,22:39:31,1784644771,1784644765,1,-0.189,0.525,-13.682,-0.661,428,16,0.7,0.03,-2.57439105,5.963417098,1.223475133,0,1.854854,0.058440902,0.013285761,1,1,2,1/2,3.0285,2.75946,0.101311,0.100307,0.0957771,0.0880845,31507.5,22719,33217.9,25554.3,38441.8,31527.4,48579,39966.4,1.76327,2.54045,0.254404,0,34.5865,999.9,52.668,38.481,35.6681,29.2456,-100,3,0.624042,0,20.2441,5.20471,11.956,4.9695,3.29445,7158.8,9999,9999,119.5,4.97385,1.87309,1.87101,1.87241,1.87298,1.87363,1.87332,1.87774,0,0,0,0,11111111,oooooooo,on,on,on,on,0,100,100,-13.878,0.0338,-9.618116613,-0.010281863,2.60765E-06,-1.39012E-10,-1.061312389,-0.176615401,0.01337041,-8.0725E-05,6,2428,1,22,208.9,209,0.153809,4.99756,2.64526,2.73926,2.8479,2.24609,41.0928,14.0707,2,404.667,1164.54,35.8924,35.3282,30.0001,35.1954,35.0881,-1,40,10,-999.9,400,20,100.904,93.7639
101,1784657424,12701,20260722 02:10:24,02:10:24,15,,1784657416,0.001358938,1.358938499,1.23152169,445.4388,340.3748324,34.3765998,44.98767214,0.027136554,1.383246239,0.026844234,0.016803648,287.42718,40.40280585,38.55731333,6.860995104,29.93689125,1.971820853,6.586591897,4.889174251,-59.92918781,-56.23990734,-9.792486108,161.4655987,-0.080692353,1.353892342,1.23152169,454.9584271,453.5404848,-0.045157335,60.75564547,1.358938499,17.84381536,19.56085273,0.006659162,69.65,40,9,1.00322954,0.322953994,24851.3301,1499.982,1261.20018,0.84081021,0.191620419,6,0.5,0: Broadleaf,2,TRUE,1784657416,445.4685333,446.1577333,19.52369333,17.77908,459.2721333,19.53471333,455.0352667,100.8962667,0.100036613,37.80316,38.55731333,999.9,0,0,4999.083333,0,28.15876667,-0.689227827,454.3388667,454.2335333,1.744618,446.1577333,17.77908,1.96987,1.793844667,17.2042,15.73318667,1499.982,0.972992333,0.02700746,0,1.90684,0,16867.58667,12843.69333,48.187,49.812,49.0872,48.562,48.1912,1459.472,40.51,0,1784657423,0,1784644771,22:39:31,1784644771,1784644765,1,-0.189,0.525,-13.682,-0.661,428,16,0.7,0.03,-0.69006687,1.569813447,1.196323893,0,1.7667995,-0.517243759,0.050965743,0,0,2,0/2,3.02825,2.75948,0.0995641,0.097687,0.0952393,0.088099,31570.4,22786.5,33219.6,25555.9,38466.3,31528.4,48581.5,39968.8,1.7629,2.54207,0.254001,0,34.4531,999.9,52.472,38.481,35.5342,28.7056,-100,3,0.621992,0,20.2439,5.20471,11.9565,4.9694,3.29448,7158.8,9999,9999,119.5,4.97386,1.87304,1.87103,1.8724,1.87298,1.87363,1.87332,1.87771,0,0,0,0,11111111,oooooooo,on,on,on,on,0,100,100,-13.793,-0.002,-9.618116613,-0.010281863,2.60765E-06,-1.39012E-10,-1.061312389,-0.176615401,0.01337041,-8.0725E-05,6,2428,1,22,210.9,211,0.153809,4.99756,2.64526,2.73926,2.8479,2.24976,41.067,14.0707,2,404.417,1166.7,35.8508,35.3153,29.9999,35.189,35.0826,-1,40,10,-999.9,400,20,100.909,93.7696
102,1784657544,12821.1,20260722 02:12:24,02:12:24,15,,1784657536,0.001435541,1.435541306,0.678272353,460.6380618,387.4979509,39.13619023,46.52313328,0.02843005,1.383519851,0.028109439,0.017596904,287.4279875,40.45623774,38.69164375,6.910898445,29.91057262,1.980030268,6.61983404,4.930868177,-63.30737157,-59.34899562,-10.34311394,154.4285064,-5.537873474,1.423008505,0.678272353,454.2791476,461.0488061,-1.476017245,60.75564547,1.435541306,17.65661713,19.56101576,-0.008550649,69.65,40,9,1.003229499,0.322949908,24851.64351,1499.98625,1261.20375,0.840810207,0.191620415,6,0.5,0: Broadleaf,2,TRUE,1784657536,460.6544375,454.248625,19.6048125,17.77370625,474.5795,19.5993875,455.636,100.8971875,0.099966531,37.89595625,38.69164375,999.9,0,0,5000.389375,0,27.84439375,6.4058925,469.8661875,462.468875,1.8311175,454.248625,17.77370625,1.97807125,1.793316875,17.26988125,15.72849375,1499.98625,0.972992938,0.02700685,0,1.9867875,0,16614.88125,12843.75,48.187,49.812,49.062,48.5895625,48.2224375,1459.47625,40.51,0,1784657543,0,1784644771,22:39:31,1784644771,1784644765,1,-0.189,0.525,-13.682,-0.661,428,16,0.7,0.03,4.779970286,33.78712223,3.954077813,0,1.809985238,0.508205455,0.067896503,0,0,2,0/2,3.02836,2.75934,0.100761,0.0988016,0.0951748,0.0873066,31530.7,22760.3,33221.9,25558,38472,31558.8,48584.9,39972,1.76348,2.5402,0.260264,0,34.5204,999.9,52.307,38.491,35.4425,29.2129,-100,3,0.619479,0,20.2442,5.20516,11.9562,4.9693,3.29458,7158.8,9999,9999,119.6,4.97383,1.87308,1.87098,1.87239,1.87293,1.87363,1.87332,1.87768,0,0,0,0,11111111,oooooooo,on,on,on,on,0,100,100,-13.851,-0.0066,-9.618116613,-0.010281863,2.60765E-06,-1.39012E-10,-1.061312389,-0.176615401,0.01337041,-8.0725E-05,6,2428,1,22,212.9,213,0.152588,4.99756,2.64526,2.73926,2.8479,2.28027,41.0412,14.062,2,404.64,1163.83,35.8666,35.2926,30.0001,35.1729,35.0689,-1,40,10,-999.9,400,20,100.916,93.7771
103,1784657664,12941.1,20260722 02:14:24,02:14:24,15,,1784657656,0.001341849,1.341848777,2.336169037,453.5121269,282.3915972,28.52016775,45.80250284,0.026702782,1.383327448,0.026419697,0.016537494,287.4335133,40.45671708,38.65565333,6.897497337,30.19556839,1.993777944,6.602882642,4.903719393,-59.17553108,-60.18191923,-10.48552405,157.590539,10.11351183,1.312944583,2.336169037,483.1421081,471.6218182,1.608957659,60.75564547,1.341848777,18.14240722,19.80366242,0.012239946,69.65,40,9,1.003229708,0.322970822,24850.03943,1500.015333,1261.22818,0.840810192,0.191620383,6,0.5,0: Broadleaf,2,TRUE,1784657656,453.5685333,467.6468667,19.74133333,18.04979333,467.4373333,19.70811333,455.0168,100.8951333,0.09996718,37.84868667,38.65565333,999.9,0,0,4999.540667,0,27.2167,-14.07811047,462.7031333,476.2440667,1.691529333,467.6468667,18.04979333,1.991802667,1.821134,17.3793,15.96918,1500.015333,0.972994333,0.027005413,0,2.071586667,0,16351.95333,12844,48.2624,49.92046667,49.125,48.68286667,48.29546667,1459.505333,40.51,0,1784657663,0,1784644771,22:39:31,1784644771,1784644765,1,-0.189,0.525,-13.682,-0.661,428,16,0.7,0.03,-8.17349835,-130.5533978,13.14962501,0,1.7266405,-0.898185113,0.097321552,0,0,2,0/2,3.02774,2.75942,0.102929,0.108624,0.0959912,0.0894628,31454.1,22511.2,33221.3,25556.6,38437.2,31484.7,48584.4,39970.6,1.76205,2.54087,0.261746,0,34.4577,999.9,53.003,38.491,35.9151,29.0329,-100,3,0.619817,0,20.2443,5.20291,11.956,4.96885,3.29453,7158.8,9999,9999,119.6,4.97381,1.87306,1.871,1.87239,1.87296,1.87363,1.87332,1.87769,0,0,0,0,11111111,oooooooo,on,on,on,on,0,100,100,-13.958,0.0477,-9.618116613,-0.010281863,2.60765E-06,-1.39012E-10,-1.061312389,-0.176615401,0.01337041,-8.0725E-05,6,2428,1,22,214.9,215,0.152588,4.99756,2.64526,2.73926,2.8479,2.24976,41.067,14.0445,2,403.843,1164.82,35.8824,35.2926,30.0001,35.1729,35.0721,-1,40,10,-999.9,400,20,100.915,93.7731
104,1784657784,13061.1,20260722 02:16:24,02:16:24,15,,1784657776,0.001384234,1.3842345,1.785176137,495.7918857,356.4248456,35.99694869,50.07225307,0.027523893,1.384561157,0.027223501,0.017041404,287.4327533,40.47339887,38.71132667,6.918236969,30.37427497,2.009951447,6.617282054,4.908285523,-61.04474143,-61.39357635,-10.69203767,154.3023979,12.65258598,1.366143322,1.785176137,528.4467685,518.3041515,1.485544282,60.75564547,1.3842345,18.04421754,19.87483091,-0.006780803,69.65,40,9,1.003225563,0.322556278,24881.87346,1500.011333,1261.22482,0.840810194,0.191620388,6,0.5,0: Broadleaf,2,TRUE,1784657776,495.8349333,513.3691333,19.90159333,18.14074,510.0370667,19.83558667,454.744,100.8945333,0.099965593,37.88884667,38.71132667,999.9,0,0,5005.666,0,26.47983333,-17.53430533,505.9031333,522.8539333,1.760870667,513.3691333,18.14074,2.007962,1.830300667,17.50726,16.04786667,1500.011333,0.972993,0.027006773,0,2.012646667,0,16104.69333,12843.96667,48.1996,49.8288,49.125,48.562,48.25,1459.501333,40.51,0,1784657783,0,1784644771,22:39:31,1784644771,1784644765,1,-0.189,0.525,-13.682,-0.661,428,16,0.7,0.03,-17.769144,41.65963398,7.191258738,0,1.707357,1.220514586,0.119002721,0,0,2,0/2,3.02778,2.75942,0.109819,0.106685,0.0961453,0.0885236,31213.2,22560.5,33221.9,25557,38432.6,31517.3,48585,39971,1.7624,2.54245,0.262432,0,34.4765,999.9,52.9,38.501,35.8618,28.9129,-100,3,0.619131,0,20.2443,5.20516,11.9569,4.96935,3.29448,7158.8,9999,9999,119.6,4.97382,1.87305,1.871,1.87241,1.87299,1.87363,1.87332,1.87769,0,0,0,0,11111111,oooooooo,on,on,on,on,0,100,100,-14.301,0.0581,-9.618116613,-0.010281863,2.60765E-06,-1.39012E-10,-1.061312389,-0.176615401,0.01337041,-8.0725E-05,6,2428,1,22,216.9,217,0.153809,4.99756,2.64526,2.73926,2.8479,2.27173,41.0154,14.027,2,403.979,1166.84,35.8782,35.2829,30.0001,35.1632,35.0625,-1,40,10,-999.9,400,20,100.916,93.7744
105,1784657904,13181.1,20260722 02:18:24,02:18:24,15,,1784657896,0.001290713,1.2907127,4.749484693,504.5146433,177.3098505,17.90740558,50.95344852,0.025599315,1.383908911,0.025339128,0.015860111,287.4312333,40.54630337,38.7531,6.933834021,30.44536126,2.017374813,6.626214073,4.916459208,-56.92043007,-62.62555188,-10.91523883,156.9700126,27.9706172,1.241316681,4.749484693,570.3409896,540.9995455,4.403182445,60.75564547,1.2907127,18.53814441,20.08737152,0.020069154,69.65,39,9,1.003147275,0.31472745,24861.34825,1500.003333,1261.2181,0.840810198,0.191620396,6,0.5,0: Broadleaf,2,TRUE,1784657896,504.6292667,542.2538,19.975,18.37466,518.8994,19.89387333,454.6384667,100.8950667,0.0999177,37.91372,38.7531,999.9,0,0,5002.416667,0,27.97850667,-37.62464,514.9154,552.4081333,1.600339333,542.2538,18.37466,2.015378667,1.853912,17.56562,16.24849333,1500.003333,0.972992,0.0270078,0,1.980406667,0,15847.86,12843.88667,48.187,49.812,49.1082,48.562,48.2458,1459.493333,40.51,0,1784657903,0,1784644771,22:39:31,1784644771,1784644765,1,-0.189,0.525,-13.682,-0.661,428,16,0.7,0.03,-30.607121,-180.0521955,18.03637101,0,1.645511,-1.164328421,0.115921136,0,0,2,0/2,3.02702,2.75943,0.114218,0.121452,0.0968972,0.0907208,31060.2,22187.6,33223.2,25556.9,38402.6,31444,48586.5,39971.3,1.7612,2.54105,0.266157,0,34.4859,999.9,53.54,38.501,36.2994,29.0929,-100,3,0.617751,0,20.2444,5.20531,11.956,4.9693,3.29435,7158.8,9999,9999,119.7,4.97381,1.87307,1.871,1.8724,1.87292,1.87363,1.87331,1.87772,0,0,0,0,11111111,oooooooo,on,on,on,on,0,100,100,-14.522,0.1088,-9.618116613,-0.010281863,2.60765E-06,-1.39012E-10,-1.061312389,-0.176615401,0.01337041,-8.0725E-05,6,2428,1,22,218.9,219,0.152588,4.99756,2.64526,2.73804,2.8479,2.24731,40.9896,14.0182,2,403.228,1164.62,35.8731,35.27,30,35.1503,35.0481,-1,40,10,-999.9,400,20,100.92,93.7746
106,1784658024,13301.1,20260722 02:20:24,02:20:24,15,,1784658016,0.001384656,1.384655933,1.634467664,490.5716156,359.2788999,36.28512855,49.54494723,0.027342836,1.385368659,0.027046531,0.016930436,287.4344,40.52919662,38.78938667,6.947407241,30.22263236,2.006160619,6.637941379,4.941246622,-61.06332666,-62.96596328,-10.96664645,152.4384636,-1.201654191,1.408207753,1.634467664,493.984017,496.353703,-0.87546063,60.75564547,1.384655933,17.95022835,19.80797939,-0.010790766,69.65,39,9,1.003142348,0.314234824,24900.20113,1500.02,1261.2321,0.840810189,0.191620378,6,0.5,0: Broadleaf,2,TRUE,1784658016,490.611,489.9411333,19.86409333,18.04633333,504.7724,19.80577333,454.1272,100.8943333,0.0999877,37.94633333,38.78938667,999.9,0,0,5009.666667,0,27.44748,0.66996,500.5540667,498.9458667,1.817768667,489.9411333,18.04633333,2.004175333,1.820772,17.47735333,15.96612,1500.02,0.972994333,0.027005433,0,2.017686667,0,15615.41333,12844.02,48.187,49.812,49.062,48.562,48.2248,1459.51,40.51,0,1784658023,0,1784644771,22:39:31,1784644771,1784644765,1,-0.189,0.525,-13.682,-0.661,428,16,0.7,0.03,-1.0402295,77.86427594,11.87885363,0,1.8277885,0.197798346,0.061463458,0,0,2,0/2,3.02708,2.7595,0.106184,0.102141,0.0959505,0.0882497,31344.2,22677.8,33225.5,25559.7,38444,31529.6,48590,39975.1,1.76152,2.54223,0.261474,0,34.5692,999.9,52.838,38.491,35.8,28.7929,-100,3,0.614695,0,20.2444,5.20531,11.9571,4.9694,3.2945,7158.8,9999,9999,119.7,4.97381,1.87307,1.87102,1.87238,1.8729,1.87363,1.87332,1.87769,0,0,0,0,11111111,oooooooo,on,on,on,on,0,100,100,-14.118,0.0443,-9.618116613,-0.010281863,2.60765E-06,-1.39012E-10,-1.061312389,-0.176615401,0.01337041,-8.0725E-05,6,2428,1,22,220.9,221,0.153809,4.99756,2.64526,2.73804,2.8479,2.26074,40.9638,13.9919,2,403.251,1165.81,35.8926,35.2432,30,35.1245,35.0242,-1,40,10,-999.9,400,20,100.927,93.7841
107,1784658144,13421.1,20260722 02:22:24,02:22:24,15,,1784658136,0.001352135,1.352135158,0.410491726,475.3548192,414.2415561,41.83699183,48.00922408,0.026736347,1.38331666,0.026452551,0.016558091,287.4262933,40.53542902,38.77726667,6.94287113,30.28998209,2.00917399,6.633130336,4.93369714,-59.62916047,-62.9661688,-10.98160138,153.8493627,-5.389092255,1.395812645,0.410491726,472.4733342,478.0031333,-1.166131866,60.75564547,1.352135158,18.10285079,19.8630703,-0.001761014,69.65,40,9,1.003230634,0.323063362,24842.94421,1499.977333,1261.19626,0.840810212,0.191620424,6,0.5,0: Broadleaf,2,TRUE,1784658136,475.3647333,469.1487333,19.89348,18.09326,489.4064667,19.82910667,454.4612,100.8965333,0.10007412,37.93296,38.77726667,999.9,0,0,4999.418,0,26.69646,6.216006333,485.0134,477.7936,1.800207333,469.1487333,18.09326,2.007182,1.825546,17.50108,16.00724,1499.977333,0.972993667,0.0270061,0,1.99864,0,15379,12843.66667,48.25,49.875,49.125,48.625,48.2624,1459.467333,40.51,0,1784658143,0,1784644771,22:39:31,1784644771,1784644765,1,-0.189,0.525,-13.682,-0.661,428,16,0.7,0.03,2.65157425,41.94493015,7.690268193,0,1.7764395,0.178398947,0.057300461,0,0,2,0/2,3.02791,2.7594,0.103482,0.101952,0.0961471,0.0888511,31439.3,22682.7,33225.8,25559.8,38435.4,31509.1,48590.6,39975.4,1.76315,2.54165,0.266068,0,34.5023,999.9,52.979,38.491,35.8957,28.8829,-100,3,0.613554,0,20.2445,5.20516,11.956,4.9694,3.29463,7158.8,9999,9999,119.7,4.97384,1.87306,1.871,1.87241,1.87288,1.87363,1.87332,1.87771,0,0,0,0,11111111,oooooooo,on,on,on,on,0,100,100,-13.985,0.0572,-9.618116613,-0.010281863,2.60765E-06,-1.39012E-10,-1.061312389,-0.176615401,0.01337041,-8.0725E-05,6,2428,1,22,222.9,223,0.153809,4.99756,2.64526,2.73804,2.8479,2.24365,40.9638,13.9657,2,404.081,1164.76,35.9019,35.228,30,35.1117,35.0113,-1,40,10,-999.9,400,20,100.928,93.7845
108,1784658264,13541.1,20260722 02:24:24,02:24:24,15,,1784658256,0.001352077,1.35207742,3.071736163,544.3591461,323.2435077,32.6440385,54.97428565,0.026714314,1.383560639,0.026431033,0.016544597,287.4232533,40.62289138,38.85696,6.97274483,30.56469349,2.037109707,6.664911288,4.935635124,-59.62661421,-62.34375213,-10.87992596,154.572961,29.27358594,1.171272516,3.071736163,609.3557441,586.0317152,3.673903324,60.75564547,1.35207742,18.62086966,20.29651212,0.012702206,69.65,40,9,1.003230611,0.323061135,24843.11488,1499.961333,1261.18282,0.840810221,0.191620442,6,0.5,0: Broadleaf,2,TRUE,1784658256,544.4333333,583.863,20.1716,18.65895333,559.0074,20.04976667,453.7243333,100.8889333,0.10006638,38.02114667,38.85696,999.9,0,0,5001,0,25.83527333,-39.42957533,555.6439333,594.9646667,1.512652,583.863,18.65895333,2.035092667,1.882484,17.71985333,16.48903333,1499.961333,0.972993,0.02700678,0,1.850213333,0,15136,12843.52667,48.25,49.92046667,49.12913333,48.7374,48.312,1459.451333,40.51,0,1784658263,0,1784644771,22:39:31,1784644771,1784644765,1,-0.189,0.525,-13.682,-0.661,428,16,0.7,0.03,-44.7568865,201.6220236,24.21131463,0,1.4750805,1.284498496,0.136936912,0,0,2,0/2,3.02709,2.75937,0.119538,0.11394,0.0974992,0.0905149,30878.4,22380.5,33228.1,25560.3,38383.7,31454.6,48594,39976.6,1.76162,2.54165,0.263885,0,34.6367,999.9,53.663,38.501,36.3842,29.3029,-100,3,0.611583,0,20.2445,5.20037,11.9562,4.96775,3.29478,7158.8,9999,9999,119.8,4.97379,1.87303,1.87101,1.87238,1.87289,1.87363,1.87332,1.87767,0,0,0,0,11111111,oooooooo,on,on,on,on,0,100,100,-14.791,0.1494,-9.618116613,-0.010281863,2.60765E-06,-1.39012E-10,-1.061312389,-0.176615401,0.01337041,-8.0725E-05,6,2428,1,22,224.9,225,0.153809,4.99756,2.64526,2.73926,2.8479,2.28027,40.9638,13.9657,2,403.109,1164.35,35.9305,35.2086,29.9999,35.0924,34.9899,-1,40,10,-999.9,400,20,100.935,93.7871
109,1784658384,13661.1,20260722 02:26:24,02:26:24,15,,1784658376,0.001325664,1.325663806,-0.461120771,535.4699398,520.4113456,52.55068035,54.07128395,0.025590729,1.383545973,0.025330648,0.015854802,287.4350333,40.71913649,39.02662667,7.036717324,29.69679992,1.988194074,6.694977504,5.04852325,-58.46177383,-68.80057289,-12.02149349,148.1511931,-36.00261577,1.580520477,-0.461120771,473.8896854,504.6749212,-5.778412721,60.75564547,1.325663806,17.58820272,19.47549939,-0.028127742,69.65,39,9,1.003150441,0.31504405,24836.44251,1500.023333,1261.2349,0.840810187,0.191620375,6,0.5,0: Broadleaf,2,TRUE,1784658376,535.4588,489.1162,19.68916,17.64673333,549.9646667,19.66651333,453.7066667,100.8790667,0.10005454,38.10424,39.02662667,999.9,0,0,5001.416667,0,24.67879333,46.34271333,546.2172667,497.9044667,2.042424,489.1162,17.64673333,1.986224667,1.780188,17.33456667,15.6138,1500.023333,0.972993333,0.02700644,0,2.002986667,0,14931.83333,12844.06,48.187,49.875,49.125,48.5662,48.25,1459.513333,40.51,0,1784658383,0,1784644771,22:39:31,1784644771,1784644765,1,-0.189,0.525,-13.682,-0.661,428,16,0.7,0.03,40.677135,80.27813684,15.99161915,0,2.0432045,-0.481423308,0.08773375,0,0,2,0/2,3.02674,2.75932,0.107052,0.104099,0.0949174,0.0873872,31319.1,22632.1,33230.8,25563.6,38494.1,31564.9,48597.5,39980.7,1.7615,2.54352,0.260606,0,34.8539,999.9,52.454,38.491,35.5479,29.2429,-100,3,0.607907,0,20.2446,5.20471,11.9563,4.96915,3.29453,7158.8,9999,9999,119.8,4.97378,1.87302,1.87096,1.87238,1.87288,1.87363,1.8733,1.87768,0,0,0,0,11111111,oooooooo,on,on,on,on,0,100,100,-14.162,-0.0241,-9.618116613,-0.010281863,2.60765E-06,-1.39012E-10,-1.061312389,-0.176615401,0.01337041,-8.0725E-05,6,2428,1,22,226.9,227,0.153809,4.99756,2.64526,2.73926,2.8479,2.26929,40.938,13.9306,2,402.822,1166.34,35.967,35.1731,29.9998,35.0571,34.9572,-1,40,10,-999.9,400,20,100.943,93.7977
110,1784658504,13781.1,20260722 02:28:24,02:28:24,15,,1784658496,0.001318877,1.31887729,0.071010838,520.3141507,474.1703371,47.87868294,52.53798962,0.025421783,1.383423664,0.025165084,0.015751025,287.4364267,40.77019597,39.09814,7.063833392,29.9403554,2.009673396,6.712256313,5.054159996,-58.16248848,-70.5775249,-12.34014547,146.3562678,-25.13620447,1.542727079,0.071010838,482.2717189,503.0589697,-4.001511306,60.75564547,1.31887729,17.80681931,19.69136667,-0.029230452,69.65,39,9,1.003151339,0.315133898,24829.38364,1500.030667,1261.24106,0.840810183,0.191620367,6,0.5,0: Broadleaf,2,TRUE,1784658496,520.3158667,488.243,19.90296,17.90995333,534.7068,19.8366,453.7393333,100.8736,0.099993653,38.15184667,39.09814,999.9,0,0,5001.083333,0,22.16534667,32.07292,530.8843333,497.1483333,1.993009333,488.243,17.90995333,2.007683333,1.806640667,17.50473333,15.84416,1500.030667,0.972993667,0.027006107,0,1.974,0,14708.19333,12844.13333,48.125,49.8162,49.062,48.437,48.187,1459.520667,40.51,0,1784658503,0,1784644771,22:39:31,1784644771,1784644765,1,-0.189,0.525,-13.682,-0.661,428,16,0.7,0.03,30.1386,16.02491729,7.571709322,0,1.9616365,0.205352932,0.074433401,0,0,2,0/2,3.02687,2.75949,0.107091,0.101961,0.0955728,0.0878756,31320.6,22688.1,33233.7,25565.8,38469.2,31550.8,48601.6,39984.2,1.76222,2.54538,0.254251,0,34.9786,999.9,52.753,38.501,35.7713,28.8529,-100,3,0.604319,0,20.2449,5.20366,11.9563,4.9686,3.29463,7158.8,9999,9999,119.8,4.97379,1.87302,1.87098,1.87238,1.87288,1.87363,1.87331,1.87769,0,0,0,0,11111111,oooooooo,on,on,on,on,0,100,100,-14.164,0.0187,-9.618116613,-0.010281863,2.60765E-06,-1.39012E-10,-1.061312389,-0.176615401,0.01337041,-8.0725E-05,6,2428,1,22,228.9,229,0.152588,4.99756,2.64526,2.73926,2.8479,2.2522,40.9122,13.9306,2,402.99,1168.21,35.9974,35.1328,30,35.0186,34.919,-1,40,10,-999.9,400,20,100.951,93.8058
111,1784658624,13901.1,20260722 02:30:24,02:30:24,15,,1784658616,0.001156496,1.156496451,3.188947256,505.3529557,246.0138189,24.84006826,51.02559674,0.022527887,1.383313863,0.022326038,0.013971758,287.4269267,40.74887622,38.91271333,6.993710645,29.90780796,1.996260586,6.674713804,4.997450059,-51.00149347,-64.46752944,-11.257058,160.7008458,30.39528252,1.18189264,3.188947256,587.7114702,550.288,6.330243078,60.75564547,1.156496451,18.4551118,19.85731455,0.016677294,69.65,39,9,1.003150666,0.315066645,24834.66696,1499.980667,1261.19906,0.84081021,0.191620421,6,0.5,0: Broadleaf,2,TRUE,1784658616,505.43,546.3769333,19.77078667,18.24035333,519.7061333,19.73158,452.7398667,100.8702,0.100015287,38.04827333,38.91271333,999.9,0,0,5000.709333,0,18.67292,-40.94716667,515.6246667,556.5337333,1.530416,546.3769333,18.24035333,1.994286,1.839912667,17.39902667,16.12941333,1499.980667,0.972992667,0.027007127,0,1.932506667,0,14477.42,12843.71333,48.1622,49.812,49.062,48.5,48.187,1459.470667,40.51,0,1784658623,0,1784644771,22:39:31,1784644771,1784644765,1,-0.189,0.525,-13.682,-0.661,428,16,0.7,0.03,-37.24436,-155.0332782,20.83967443,0,1.526626,-0.687625263,0.134430185,0,0,2,0/2,3.02598,2.75939,0.11517,0.124103,0.0962427,0.0907116,31039.3,22129.4,33235.8,25566.3,38444.4,31457.7,48604.4,39985.8,1.7606,2.54408,0.259385,0,34.7405,999.9,53.363,38.491,36.1676,28.9429,-100,3,0.601296,0,20.2446,5.20441,11.956,4.9692,3.29445,7158.8,9999,9999,119.9,4.97378,1.87303,1.87099,1.87241,1.87287,1.87363,1.87329,1.87766,0,0,0,0,11111111,oooooooo,on,on,on,on,0,100,100,-14.57,0.0632,-9.618116613,-0.010281863,2.60765E-06,-1.39012E-10,-1.061312389,-0.176615401,0.01337041,-8.0725E-05,6,2428,1,22,230.9,231,0.152588,4.99756,2.64526,2.73926,2.8479,2.26562,40.9122,13.9219,2,401.887,1165.79,35.9769,35.1046,29.9998,34.9866,34.8873,-1,40,10,-999.9,400,20,100.957,93.8088
112,1784658744,14021.1,20260722 02:32:24,02:32:24,15,,1784658736,0.001266167,1.266166826,1.592787637,463.4179546,326.1018597,32.92478383,46.78886527,0.024589239,1.38260087,0.024348851,0.015239434,287.4254067,40.6915413,38.92789333,6.999428483,29.70976039,1.982692722,6.673539927,5.016735761,-55.83795703,-65.80780255,-11.49767855,154.2819685,3.823572903,1.327770984,1.592787637,481.2643992,475.7530727,0.643049031,60.75564547,1.266166826,17.90059769,19.58708303,-0.007007693,69.65,39,9,1.003153183,0.315318291,24814.90937,1499.972667,1261.19234,0.840810215,0.19162043,6,0.5,0: Broadleaf,2,TRUE,1784658736,463.4564667,469.3209333,19.63748,17.91861333,477.4040667,19.62544,452.9228667,100.8647333,0.099989333,38.04502667,38.92789333,999.9,0,0,4997.457333,0,13.74253333,-5.864452667,472.7399333,477.8839333,1.718864,469.3209333,17.91861333,1.980726,1.807355333,17.29108667,15.85051333,1499.972667,0.972993667,0.0270061,0,1.86736,0,14275.82667,12843.62,48.17873333,49.812,49.062,48.5,48.187,1459.462667,40.51,0,1784658743,0,1784644771,22:39:31,1784644771,1784644765,1,-0.189,0.525,-13.682,-0.661,428,16,0.7,0.03,-6.064204,-5.051485714,2.297354188,0,1.708484,0.092708571,0.026405527,1,1,2,1/2,3.02588,2.75948,0.10329,0.103873,0.0953126,0.0882951,31459.4,22643.3,33239,25569.3,38485,31541.6,48608.7,39989.7,1.76112,2.54645,0.260912,0,34.7121,999.9,52.619,38.481,35.6438,29.0929,-100,3,0.597246,0,20.2449,5.20471,11.9563,4.9682,3.29448,7158.8,9999,9999,119.9,4.97379,1.87304,1.87099,1.87241,1.87288,1.87362,1.87329,1.87771,0,0,0,0,11111111,oooooooo,on,on,on,on,0,100,100,-13.975,0.0008,-9.618116613,-0.010281863,2.60765E-06,-1.39012E-10,-1.061312389,-0.176615401,0.01337041,-8.0725E-05,6,2428,1,22,232.9,233,0.152588,4.99756,2.64526,2.73926,2.8479,2.24976,40.8865,13.8869,2,401.904,1168.26,35.9722,35.0565,30.0001,34.9418,34.8429,-1,40,10,-999.9,400,20,100.967,93.8187
113,1784658864,14141.1,20260722 02:34:24,02:34:24,15,,1784658856,0.001270696,1.27069638,-0.626411064,507.3453942,506.1986306,51.10674604,51.22252541,0.024683123,1.383591798,0.024441077,0.015297222,287.42718,40.66163081,38.87137333,6.978159674,29.43416775,1.961521662,6.664097583,5.016638012,-56.03771036,-63.58835952,-11.09752955,156.7035806,-5.875980063,1.299770663,-0.626411064,498.1252625,509.3168909,-1.974710721,60.75564547,1.27069638,17.61740961,19.36003939,-0.014819861,69.65,39,9,1.003149324,0.314932381,24845.2214,1499.982,1261.20018,0.84081021,0.191620419,6,0.5,0: Broadleaf,2,TRUE,1784658856,507.3302667,500.4321333,19.42834667,17.74242,521.6217333,19.45858,452.1327333,100.8618,0.100041767,38.01889333,38.87137333,999.9,0,0,5002.499333,0,11.21561333,6.898073,517.3823333,509.4735333,1.685932667,500.4321333,17.74242,1.959576667,1.789530667,17.12142,15.69526,1499.982,0.972993333,0.02700644,0,1.867813333,0,14070.72667,12843.7,48.17046667,49.875,49.0662,48.5746,48.2122,1459.472,40.51,0,1784658863,0,1784644771,22:39:31,1784644771,1784644765,1,-0.189,0.525,-13.682,-0.661,428,16,0.7,0.03,-4.87592025,250.2811464,24.55042403,0,1.629672,1.372370526,0.148389148,0,0,2,0/2,3.02531,2.75938,0.107905,0.102075,0.0945965,0.0870966,31300.1,22689.9,33241.7,25570.5,38519.4,31584.4,48612.2,39991.2,1.76055,2.54907,0.26498,0,34.6116,999.9,52.136,38.461,35.2799,29.3929,-100,3,0.593905,0,20.2446,5.20501,11.956,4.96935,3.29465,7158.8,9999,9999,119.9,4.97377,1.87303,1.871,1.8724,1.87286,1.87363,1.8733,1.87771,0,0,0,0,11111111,oooooooo,on,on,on,on,0,100,100,-14.204,-0.0465,-9.618116613,-0.010281863,2.60765E-06,-1.39012E-10,-1.061312389,-0.176615401,0.01337041,-8.0725E-05,6,2428,1,22,234.9,235,0.152588,4.99756,2.64526,2.73926,2.8479,2.24365,40.8608,13.8694,2,401.354,1171.19,35.9531,35.022,29.9999,34.9043,34.8049,-1,40,10,-999.9,400,20,100.974,93.8225
114,1784658984,14261.1,20260722 02:36:24,02:36:24,15,,1784658976,0.00121203,1.212030111,0.620623176,485.2124708,405.9993987,40.98919818,48.98645217,0.023635316,1.382962323,0.023413183,0.014653023,287.4268,40.63950667,38.7802,6.943968743,29.31198908,1.947786698,6.64501714,4.996182045,-53.45052788,-60.70633328,-10.59202134,162.6779175,5.979513101,1.177566508,0.620623176,502.9962426,499.7377576,0.460727154,60.75564547,1.212030111,17.75481968,19.32464121,0.001728123,69.65,39,9,1.003151044,0.315104359,24831.70392,1499.98,1261.1985,0.840810211,0.191620422,6,0.5,0: Broadleaf,2,TRUE,1784658976,485.2274667,493.9117333,19.29289333,17.76247333,499.347,19.3503,451.3070667,100.8587333,0.1000324,37.96598667,38.7802,999.9,0,0,4999.540667,0,8.63623,-8.6842028,494.7733333,502.8434,1.530403333,493.9117333,17.76247333,1.945855333,1.791500667,17.01049333,15.71283333,1499.98,0.972992667,0.02700712,0,1.992873333,0,13871.86667,12843.68,48.125,49.8666,49.03306667,48.625,48.187,1459.47,40.51,0,1784658983,0,1784644771,22:39:31,1784644771,1784644765,1,-0.189,0.525,-13.682,-0.661,428,16,0.7,0.03,-11.6266421,39.37822241,7.719057243,0,1.528008,0.197423459,0.04836625,0,0,2,0/2,3.02483,2.75948,0.107132,0.106662,0.0945381,0.0877924,31331.8,22577.3,33246.3,25573.9,38526.9,31565.7,48618.8,39996.4,1.75957,2.55055,0.263557,0,34.5527,999.9,52.21,38.451,35.3137,29.3029,-100,3,0.588224,0,20.2446,5.20396,11.9562,4.96765,3.29455,7158.8,9999,9999,120,4.97385,1.87302,1.87098,1.8724,1.87291,1.87363,1.8733,1.87771,0,0,0,0,11111111,oooooooo,on,on,on,on,0,100,100,-14.164,-0.0509,-9.618116613,-0.010281863,2.60765E-06,-1.39012E-10,-1.061312389,-0.176615401,0.01337041,-8.0725E-05,6,2428,1,22,236.9,237,0.152588,4.99756,2.64526,2.74048,2.8479,2.25952,40.8093,13.8869,2,400.485,1172.23,35.9265,34.9646,29.9998,34.851,34.7512,-1,40,10,-999.9,400,20,100.988,93.8349
115,1784659105,14382,20260722 02:38:25,02:38:25,15,,1784659097,0.001160467,1.16046719,3.001818599,576.2412873,325.8013016,32.89185773,58.17547797,0.022697549,1.382229647,0.022492504,0.014076083,287.4307188,40.6465325,38.77655,6.942602986,29.58309076,1.963639469,6.637708971,4.978963517,-51.17660308,-61.91484717,-10.80736252,163.531906,11.48972866,1.156029548,3.001818599,615.6520736,598.9552242,2.397906739,60.75564547,1.16046719,17.97833291,19.48706606,0.001347319,69.65,39,9,1.003153476,0.315347632,24812.60782,1500.000625,1261.215825,0.8408102,0.191620399,6,0.5,0: Broadleaf,2,TRUE,1784659097,576.313875,592.47075,19.45029375,17.94401875,591.127375,19.4761,450.0813125,100.8568125,0.099990238,37.9456875,38.77655,999.9,0,0,4996.015625,0,5.0835675,-16.156915,587.745875,603.2964375,1.50629,592.47075,17.94401875,1.961694375,1.809775625,17.1384875,15.8713875,1500.000625,0.972992313,0.027007488,0,1.98796875,0,13675.28125,12843.86875,48.125,49.812,49.05425,48.5816875,48.187,1459.490625,40.51,0,1784659104,0,1784644771,22:39:31,1784644771,1784644765,1,-0.189,0.525,-13.682,-0.661,428,16,0.7,0.03,-16.52329857,10.40292857,16.16256622,0,1.555620476,-0.493166494,0.087939887,0,0,2,0/2,3.02321,2.75954,0.121685,0.122171,0.0951052,0.0889178,30826.7,22188.2,33252.1,25576.8,38511.8,31533.7,48626.6,40001.3,1.75715,2.5494,0.26866,0,34.4295,999.9,52.57,38.431,35.5184,29.2829,-100,3,0.582091,0,20.2448,5.20471,11.956,4.9692,3.29435,7158.8,9999,9999,120,4.97383,1.87302,1.871,1.87237,1.87287,1.87363,1.8733,1.87771,0,0,0,0,11111111,oooooooo,on,on,on,on,0,100,100,-14.899,-0.0149,-9.618116613,-0.010281863,2.60765E-06,-1.39012E-10,-1.061312389,-0.176615401,0.01337041,-8.0725E-05,6,2428,1,22,238.9,239,0.152588,4.99756,2.64526,2.73804,2.8479,2.26318,40.7837,13.8694,2,398.733,1169.38,35.8908,34.8936,29.9997,34.7842,34.6858,-1,40,10,-999.9,400,20,101.005,93.8461
116,1784659225,14502,20260722 02:40:25,02:40:25,15,,1784659217,0.001165043,1.165042559,5.770041116,588.9702819,150.4176205,15.18569259,59.46059786,0.022799995,1.382252929,0.022593107,0.014139124,287.4308533,40.63298452,38.76512667,6.938330109,29.57391379,1.961833663,6.633662615,4.976496446,-51.37837687,-61.90278693,-10.80389531,163.3457942,20.87613367,1.079572264,5.770041116,657.0181369,624.7705697,4.627169395,60.76564903,1.165042559,18.08387067,19.52570788,0.013807318,69.65,39,9,1.003153278,0.315327826,24814.16138,1500.001333,1261.21642,0.840810199,0.191620399,6,0.5,0: Broadleaf,2,TRUE,1784659217,589.1098,617.7471333,19.43239333,18.02339333,604.0174,19.46179333,449.34,100.8569333,0.09993952,37.93444,38.76512667,999.9,0,0,4996.124667,0,4.062374,-28.63741,600.7851333,629.0862,1.409013333,617.7471333,18.02339333,1.959893333,1.817784667,17.12392,15.94046,1500.001333,0.972992,0.0270078,0,1.969966667,0,13489.76,12843.87333,48.00826667,49.6912,48.937,48.4916,48.0872,1459.491333,40.51,0,1784659224,0,1784644771,22:39:31,1784644771,1784644765,1,-0.189,0.525,-13.682,-0.661,428,16,0.7,0.03,-26.1472025,-49.3733788,14.72958923,0,1.4180675,-0.144248571,0.033248589,0,0,2,0/2,3.02228,2.75935,0.125514,0.12389,0.0952315,0.0888125,30700,22150.1,33260,25582.6,38515.6,31545.1,48637.6,40009.6,1.75622,2.55473,0.26923,0,34.4271,999.9,52.582,38.421,35.5095,29.2229,-100,3,0.572543,0,20.245,5.20501,11.956,4.9695,3.2943,7158.8,9999,9999,120,4.97383,1.87302,1.871,1.87239,1.87288,1.87363,1.8733,1.87773,0,0,0,0,11111111,oooooooo,on,on,on,on,0,100,100,-15.093,-0.008,-9.618116613,-0.010281863,2.60765E-06,-1.39012E-10,-1.061312389,-0.176615401,0.01337041,-8.0725E-05,6,2428,1,22,240.9,241,0.152588,4.99756,2.64526,2.73926,2.8479,2.23267,40.7323,13.8606,2,397.681,1175.16,35.8531,34.7974,29.9997,34.6956,34.5994,-1,40,10,-999.9,400,20,101.028,93.8661