obs,time,elapsed,date,hhmmss,averaging,TIME,E,Emm,A,Ca,Ci,Pci,Pca,gsw,gbw,gtw,gtc,Rabs,TleafEB,TleafCnd,SVPleaf,RHcham,VPcham,SVPcham,VPDleaf,LatHFlux,SenHFlux,NetTherm,EBSum,Asty,Esty,Adyn,Crd,Csd,dCsd/dt,αVc,Edyn,Hr,Hs,dHs/dt,αVh,Leak,LeakPct,CorrFact,CorrFactPct,Fan,Qin,Qabs,alpha,convert,S,K,Geometry,Custom,UseDynamic,TIME,CO2_s,CO2_r,H2O_s,H2O_r,CO2_a,H2O_a,Flow,Pa,ΔPcham,Tair,Tleaf,Tleaf2,Offset,Offset2,Fan_speed,Qamb_in,Qamb_out,ΔCO2,CO2_s_d,CO2_r_d,ΔH2O,CO2_b,H2O_b,e_s,e_r,Td_s,Td_r,Q,f_red,f_blue,Tled,Pc,time,hhmmss,co2_t,h2o_t,count,co2_adj,h2o_adj,co2_match,h2o_match,co2_at,h2o_at,co2_cv,h2o_cv,ΔCO2:MN,ΔCO2:SLP,ΔCO2:SD,ΔCO2:OK,ΔH2O:MN,ΔH2O:SLP,ΔH2O:SD,ΔH2O:OK,Stable,Total,State,Vflow,VPchamber,abs_c_a,abs_c_b,abs_h_a,abs_h_b,Wc_s,Wc_r,Wco_s,Wco_r,Ww_s,Ww_r,Wwo_s,Wwo_r,Flow_s_v,Flow_r_v,Tleaf_mv,Tleaf2_mv,Tleaf_j,Tleaf2_j,Console_RH,Console_T,Console_H2O,Fan_%,Flow_%,Pump,Tchp_pwm,Txchg_pwm,diag_20v,diag_5_4v,diag_12v,diag_5va,diag_3_3vf,AccCO2_soda,AccH2O_des,AccH2O_hum,CO2_hrs,ADC_CH1,ADC_CH2,ADC_CH3,ADC_CH4,ADC_CH5,ADC_CH6,ADC_CH7,ADC_CH8,DAC_1,DAC_2,DAC_3,DAC_4,GPIO,GPIO_dir,excit_5v,power_12v,power_5v,ch1_pullup,AuxPower,MatchValveR,MatchValveS,MatchCO2,MatchH2O,cf_co2_a,cf_co2_b,cf_co2_c,cf_co2_d,cf_h2o_a,cf_h2o_b,cf_h2o_c,cf_h2o_d,co2_fit_low,co2_fit_high,h2o_fit_low,h2o_fit_high,co2_elapsed,h2o_elapsed,CO2_f,CO2_f_s,Pump_f,Pump_f_s,Pump_p,Pump_p_s,Tboard,V_system,DIAG,Flow_s,Flow_r,Txchg,Tirga,Tchopper,Ts,Tr,CO2_%,Desiccant_%,Humidifier_%,Txchg_sp,CO2_r_sp,H2O_r_sp,SS_s,SS_r
1,1786545216,0,20260812 10:33:35,10:33:35,15,1786545208,0.000493403,0.493403308,1.490291917,492.3782,402.9751521,40.95159957,50.03701786,0.030767339,3.126809789,0.030600134,0.019140031,261.4499532,28.00398001,27.05790333,3.591349803,56.89967282,1.997816387,3.511121046,1.593533416,-21.75908589,-64.78019077,-4.465116376,170.4455602,-0.431966615,0.48101572,1.490291917,498.1033209,499.2820545,-0.479876782,92.54718382,0.493403308,18.52922154,19.68987902,-2.11184E-05,95.33069015,0,0,1,0,53749.77193,1500.000333,1273.860319,0.849240024,0.17429993,9,0.5,0: Broadleaf,2,TRUE,1786545208,492.3782,491.9100667,19.65907,18.52773,494.9962,19.46507,375.1334333,101.5231333,0.10000485,26.67361667,27.05790333,999.9,0,0,10001.69633,690.0037333,0.218638,0.424699637,502.2232667,501.1962,1.161549333,491.9100667,18.52773,1.998916333,1.880992333,17.43576,16.47661,1500.000333,0.692001133,0.307998933,29,28282.54,1786545246,10:34:05,1786545246,1786545235,2,0.027,0.001,-2.618,0.194,485,19,0.44,0.07,-0.5504354,22.51630811,2.383699144,0,1.1609675,0.010979212,0.001797577,1,1,2,1/2,2.6378,2.71275,0.110854,0.110392,0.103207,0.0993311,25019.3,24756.6,25592.4,25578.6,31697.6,31386.9,39306.8,38479.1,1.71435,2.18045,0.0878349,0,25.634,999.9,76.3,27.2,27.2181,62.8518,20.5048,1,-0.00458841,0,20.4083,5.22238,11.9797,4.9695,3.2957,9114.1,9999,9999,258.8,4.97,1.87515,1.87119,1.87424,1.87424,1.87239,1.87362,1.87485,0,0,0,0,11111111,oooooooo,on,on,on,on,0,100,100,-2.618,0.194,-1.439926566,-0.002774575,7.27494E-07,-2.16226E-10,-0.061573495,-0.001584374,0.000939206,-5.31953E-06,23,2146,2,22,1.2,1.1,0.15625,4.99756,1.4978,2.28271,1.4978,2.34863,30.9985,16.0233,3,348.615,679.751,26.4206,27.1602,30.0004,27.0336,27.0641,-1,40,10,-999.9,400,20,101.042,107.548
2,1786545368,152.5,20260812 10:36:08,10:36:08,15,1786545360,0.00039514,0.395139663,0.85604838,484.7117333,414.7798313,42.15219952,49.25906265,0.02373715,3.12917949,0.023637568,0.014782392,261.4497075,28.2212714,27.24989667,3.632028928,55.75400046,1.980104731,3.551502519,1.651924197,-17.42565915,-64.428341,-4.44608311,175.1496242,0.318401663,0.393447497,0.85604838,492.4971478,493.2495212,-0.283303731,92.55503228,0.395139663,18.55089526,19.48122238,-7.92363E-05,95.41517292,0,0,1,0,53770.83796,1499.998667,1273.858766,0.849239932,0.17429996,9,0.5,0: Broadleaf,2,TRUE,1786545360,484.7117333,485.9331333,19.48433333,18.55881,487.4087333,19.29233333,375.1426667,101.5255,0.099980177,26.86798667,27.24989667,999.9,0,0,10012.30833,690.5664333,0.218638,-1.14197943,494.4388667,495.1221,0.953408067,485.9331333,18.55881,1.980989,1.884193,17.29318,16.50333333,1499.998667,0.692000333,0.3079996,29,28282.51333,1786545397,10:36:37,1786545397,1786545388,3,-0.122,-0.002,-2.697,0.192,463,19,0.25,0.11,-0.315597707,-5.277180251,2.062360331,0,0.961343268,-0.128310606,0.013150533,0,0,2,0/2,2.63753,2.71267,0.109868,0.10922,0.102406,0.0993837,25041.4,24781.9,25587.2,25571.4,31720,31376.3,39298.5,38468.5,1.71335,2.1781,0.0935085,0,25.7271,999.9,76.5,27.4,27.6078,63.0018,20.4928,1,0.00392785,0,20.4122,5.22208,11.9798,4.96925,3.29548,9114.1,9999,9999,258.8,4.96999,1.87515,1.87119,1.87424,1.87425,1.87237,1.87363,1.87485,0,0,0,0,11111111,oooooooo,on,on,on,on,0,100,100,-2.697,0.192,-1.412937722,-0.002774575,7.27494E-07,-2.16226E-10,-0.0609234,-0.001584374,0.000939206,-5.31953E-06,23,2146,2,22,2,2.2,0.15625,4.99756,1.49902,2.28271,1.49902,2.32666,31.1504,15.997,3,348.835,679.273,26.6085,27.2798,30.0002,27.1584,27.1922,-1,40,10,-999.9,400,20,101.021,107.518
3,1786545488,272.5,20260812 10:38:08,10:38:08,15,1786545480,0.000302186,0.302186352,0.54412823,482.003871,420.320282,42.71891982,48.98808266,0.017697962,3.124843207,0.017642465,0.011031512,261.4503483,28.37592411,27.38257419,3.660374798,54.98365384,1.967748465,3.578788107,1.692626334,-13.3264181,-64.74875872,-4.480278535,178.8948929,-0.708215151,0.287768805,0.54412823,480.5198866,488.413503,-0.918110889,92.6300704,0.302186352,18.69810826,19.40806485,8.94362E-05,96.69787233,0,0,1,0,53645.51855,1500.00129,1273.861145,0.849240033,0.174300082,9,0.5,0: Broadleaf,2,TRUE,1786545480,482.003871,480.6375806,19.36108387,18.68407419,484.737,19.16708387,375.146129,101.5341935,0.10001649,26.99823226,27.38257419,999.9,0,0,9991.610323,691.0297419,0.218638,1.366398065,491.5305484,489.7885806,0.697475742,480.6375806,18.68407419,1.96789,1.897071613,17.18830645,16.61044516,1500.00129,0.691998903,0.308001097,29,28282.53548,1786545506,10:38:26,1786545397,1786545506,4,-0.122,-0.001,-2.697,0.194,463,19,0.25,0.13,-2.161769756,71.29316816,7.52575771,0,0.696306049,0.008467443,0.002594534,1,1,2,1/2,2.63721,2.71255,0.109014,0.106454,0.10214,0.0999159,25062.5,24854.5,25584.6,25567.2,31726.4,31352.7,39294.4,38462.9,1.71157,2.17578,0.0974312,0,25.8001,999.9,76.3,27.5,27.6974,62.0418,21.0337,1,0.00947408,0,20.412,5.21984,11.98,4.96895,3.29563,9114.1,9999,9999,258.9,4.96999,1.87516,1.87119,1.87429,1.87424,1.87234,1.87363,1.87485,0,0,0,0,11111111,oooooooo,on,on,on,on,0,100,100,-2.725,0.194,-1.534398513,-0.002774575,7.27494E-07,-2.16226E-10,-0.062758093,-0.001584374,0.000939206,-5.31953E-06,23,2146,2,22,1.5,1.7,0.15625,4.99756,1.49902,2.28149,1.49902,2.24976,31.2809,15.9795,3,348.47,678.306,26.7402,27.3614,30.0003,27.2436,27.2793,-1,40,10,-999.9,400,20,101.011,107.502
4,1786545608,392.5,20260812 10:40:08,10:40:08,15,1786545600,0.000302316,0.302315746,1.378004026,507.1977419,370.3565981,37.64470003,51.55384553,0.017710743,3.125831554,0.017655183,0.011039467,261.4501436,28.48002621,27.48607742,3.682621597,55.28435536,1.990701694,3.600840927,1.691919903,-13.3321244,-64.57842998,-4.471727301,179.0678619,4.909135533,0.251601068,1.378004026,530.7307744,521.549897,0.578988382,92.55626934,0.302315746,19.02484419,19.65632308,0.007687958,95.42900837,0,0,1,0,53650.31278,1500.000323,1273.860497,0.849240149,0.174300058,9,0.5,0: Broadleaf,2,TRUE,1786545600,507.1977419,519.2814516,19.58494839,18.99315161,509.9865484,19.38094839,375.139129,101.5444839,0.099985874,27.10286774,27.48607742,999.9,0,0,9995.118387,691.4994839,0.218638,-12.08372581,517.338,529.3353871,0.607666677,519.2814516,18.99315161,1.990355806,1.928649355,17.3678,16.87039677,1500.000323,0.69199971,0.308000452,29,28282.51935,1786545626,10:40:26,1786545397,1786545626,5,-0.122,0,-2.697,0.204,463,19,0.25,0.14,-11.93096341,0.823794564,1.598043186,0,0.614478805,-0.137656787,0.013981334,0,0,2,0/2,2.63718,2.71272,0.114488,0.116466,0.103058,0.101215,24904.9,24572.8,25581.1,25564.1,31690,31303.9,39289.4,38458.1,1.71102,2.17405,0.0962317,0,25.916,999.9,76.9,27.6,28.0738,62.1918,21.0777,1,0.0144868,0,20.4134,5.22118,11.9798,4.96915,3.29523,9114.1,9999,9999,258.9,4.96999,1.87515,1.8712,1.87426,1.87424,1.8724,1.87362,1.87485,0,0,0,0,11111111,oooooooo,on,on,on,on,0,100,100,-2.799,0.204,-1.534398513,-0.002774575,7.27494E-07,-2.16226E-10,-0.063479253,-0.001584374,0.000939206,-5.31953E-06,23,2146,2,22,3.5,1.7,0.15625,4.99756,1.49902,2.28271,1.49902,2.26318,31.368,15.9533,3,348.65,677.783,26.8475,27.4375,30.0004,27.3233,27.3598,-1,40,10,-999.9,400,20,100.997,107.488
5,1786545728,512.5,20260812 10:42:08,10:42:08,15,1786545720,0.00035853,0.358529539,1.645338474,472.6950323,334.5631003,34.00796778,48.04892533,0.020799929,3.129779412,0.020723438,0.012958998,261.4498023,28.54325776,27.52493226,3.691003397,54.77478399,1.981477554,3.61749953,1.709525844,-15.81115267,-57.94170947,-4.009459846,183.6874803,1.446766401,0.351400398,1.645338474,484.1180881,481.7061576,-0.160502296,92.55548962,0.358529539,18.66226418,19.50622727,-5.77779E-05,95.42116958,0,0,1,0,53729.30836,1499.998387,1273.858664,0.849240022,0.174300056,9,0.5,0: Broadleaf,2,TRUE,1786545720,472.6950323,476.5644516,19.49335161,18.66674516,475.3840323,19.30035161,375.1427097,101.5489032,0.099986758,27.18153871,27.52493226,999.9,0,0,10012.74645,691.6654516,0.218638,-3.892632581,482.0809032,485.6295484,0.850693903,476.5644516,18.66674516,1.981976129,1.895589032,17.30107097,16.59814516,1499.998387,0.691999258,0.308000742,29,28282.51613,1786545764,10:42:43,1786545764,1786545752,6,0.009,-0.001,-2.689,0.193,462,19,0.47,0.13,-4.879721951,16.19406,1.852770075,0,0.846767415,0.043290481,0.011105296,1,1,2,1/2,2.63718,2.71261,0.107955,0.107555,0.102476,0.0997943,25084,24814.7,25576.8,25558.3,31704.8,31346.8,39282.3,38450.1,1.71,2.17245,0.092499,0,26.0046,999.9,76.2,27.7,27.9828,62.6719,20.0761,1,0.0213872,0,20.4139,5.21909,11.98,4.9692,3.2955,9114.1,9999,9999,258.9,4.97001,1.87515,1.87119,1.87424,1.87424,1.87232,1.87362,1.87485,0,0,0,0,11111111,oooooooo,on,on,on,on,0,100,100,-2.689,0.193,-1.534398513,-0.002774575,7.27494E-07,-2.16226E-10,-0.0639313,-0.001584374,0.000939206,-5.31953E-06,23,2146,2,22,5.5,1.7,0.15625,4.99756,1.49902,2.28271,1.49902,2.37671,31.477,15.9708,3,348.633,677.421,26.9378,27.5255,30.0004,27.408,27.4447,-1,40,10,-999.9,400,20,100.98,107.465
6,1786545848,632.5,20260812 10:44:08,10:44:08,15,1786545840,0.000414713,0.414713134,1.926868908,457.017,316.9400374,32.21676901,46.45551014,0.023929141,3.126735462,0.023827866,0.014901479,261.4499211,28.59061621,27.56287,3.699203419,54.52706252,1.979459017,3.630232265,1.719744402,-18.28884919,-54.18018348,-3.754653222,185.2262352,-2.473627371,0.452625903,1.926868908,458.4065241,460.2945152,-0.657607588,92.55907731,0.414713134,18.35724036,19.43122448,-0.009505002,95.46055258,0,0,1,0,53646.93446,1499.999333,1273.859332,0.849239932,0.174300025,9,0.5,0: Broadleaf,2,TRUE,1786545840,457.017,451.5786333,19.47339333,18.40861333,459.505,19.28039333,375.1296667,101.5494333,0.099980457,27.24145667,27.56287,999.9,0,0,9998.766,691.6109667,0.218638,5.2586105,465.9209667,460.0475667,1.087440667,451.5786333,18.40861333,1.979814333,1.869387,17.2838,16.37928333,1499.999333,0.691999367,0.308000533,29,28282.51,1786545876,10:44:36,1786545870,1786545876,7,0.217,0.003,-2.488,0.193,478,19,0.46,0.09,5.209389775,-8.513646946,3.043505762,0,1.0635667,0.500619962,0.049294,0,0,2,0/2,2.63699,2.71279,0.104349,0.104207,0.102163,0.0984349,25180.1,24901,25571.7,25551.7,31709.5,31386.6,39274.4,38440.5,1.7104,2.17057,0.093393,0,26.0335,999.9,75.2,27.9,27.9375,62.4919,20.6811,1,0.0284781,0,20.4112,5.21879,11.98,4.9693,3.2955,9114.1,9999,9999,259,4.97,1.87515,1.87119,1.87426,1.87424,1.87239,1.87362,1.87485,0,0,0,0,11111111,oooooooo,on,on,on,on,0,100,100,-2.488,0.193,-1.52542982,-0.002774575,7.27494E-07,-2.16226E-10,-0.064803373,-0.001584374,0.000939206,-5.31953E-06,23,2146,2,22,1.4,1.6,0.15625,4.99756,1.4978,2.28149,1.49902,2.30347,31.608,15.962,3,349.31,676.844,27.0033,27.6144,30.0004,27.4965,27.5318,-1,40,10,-999.9,400,20,100.959,107.438
7,1786545968,752.5,20260812 10:46:08,10:46:08,15,1786545960,0.000457415,0.457414706,2.24041182,470.8263226,323.7424824,32.9104897,47.86250086,0.026454356,3.126940373,0.026330646,0.01646772,261.4499801,28.66989027,27.64421613,3.716839518,54.81798477,2.000530716,3.649405801,1.716308802,-20.17198853,-52.74475315,-3.658065049,184.8751733,-2.706116557,0.467118987,2.24041182,466.9735495,472.8161333,-1.128491247,92.56455343,0.457414706,18.52851503,19.67075175,-0.006424583,95.49244938,0,0,1,0,53635.85186,1499.999677,1273.859741,0.84924001,0.174300024,9,0.5,0: Broadleaf,2,TRUE,1786545960,470.8263226,464.8619355,19.67934194,18.58077097,473.4143226,19.49634194,375.1544194,101.5563871,0.099995665,27.33133871,27.64421613,999.9,0,0,9999.01871,692.0879677,0.218638,6.07027,480.4063226,473.6635484,1.140357742,464.8619355,18.58077097,2.002804516,1.886994516,17.46652903,16.5265,1499.999677,0.691999677,0.308000323,29,28282.54194,1786545993,10:46:33,1786545988,1786545993,8,-0.138,-0.003,-2.588,0.183,458,18,0.53,0.08,4.370835075,37.66857151,4.22732104,0,1.10478425,0.867102552,0.085135908,0,0,2,0/2,2.63686,2.71266,0.106338,0.104945,0.103013,0.0987163,25118.2,24874.4,25566.1,25545.8,31672.4,31370,39265.8,38432.2,1.7096,2.16855,0.0935271,0,26.1184,999.9,75.1,28,28.061,62.8218,19.9599,1,0.0363237,0,20.412,5.22148,11.98,4.969,3.2954,9114.1,9999,9999,259,4.97,1.87515,1.87121,1.87425,1.87424,1.87236,1.87362,1.87485,0,0,0,0,11111111,oooooooo,on,on,on,on,0,100,100,-2.588,0.183,-1.308681367,-0.002774575,7.27494E-07,-2.16226E-10,-0.061903156,-0.001584374,0.000939206,-5.31953E-06,23,2146,2,22,1.6,1.5,0.15625,4.99756,1.4978,2.28149,1.49902,2.38525,31.6955,15.9533,3,349.49,676.275,27.0964,27.7202,30.0003,27.598,27.6305,-1,40,10,-999.9,400,20,100.937,107.414
8,1786546088,872.5,20260812 10:48:08,10:48:08,15,1786546080,0.000521549,0.521548716,2.571807758,457.2903226,306.3662842,31.14549026,46.48857274,0.029507489,3.130853463,0.029353857,0.018359897,261.449942,28.7109901,27.69085161,3.726983291,53.83343457,1.97133094,3.661908172,1.755652351,-23.00029838,-50.82719709,-3.522514862,184.0999317,0.79207494,0.493835399,2.571807758,470.4951987,464.5799576,-0.036847122,92.56466711,0.521548716,18.17285064,19.40266503,-0.000270896,95.4940857,0,0,1,0,53717.60959,1499.999355,1273.859474,0.849240015,0.174300036,9,0.5,0: Broadleaf,2,TRUE,1786546080,457.2903226,459.7324516,19.39122903,18.22940323,459.8973226,19.20422903,375.128,101.561,0.099959019,27.38972581,27.69085161,999.9,0,0,10016.46935,692.1767742,0.218638,-2.42482911,466.3631935,468.2688387,1.187947742,459.7324516,18.22940323,1.972047742,1.851398387,17.22167097,16.22759355,1499.999355,0.691999516,0.308000484,29,28282.51613,1786546125,10:48:45,1786546125,1786546111,9,0.025,0,-2.607,0.187,477,19,0.65,0.06,-3.677205912,4.530881544,3.528080481,0,1.171813171,0.436542439,0.050735153,0,0,2,0/2,2.63694,2.71295,0.105049,0.105077,0.102039,0.0980363,25148.9,24864.2,25560.9,25539.4,31701.3,31386.5,39258,38423.1,1.70895,2.16625,0.0932813,0,26.1759,999.9,73.8,28.1,27.7371,62.4618,20.0641,1,0.0436001,0,20.4129,5.22118,11.9797,4.969,3.29533,9114.1,9999,9999,259,4.97001,1.87516,1.8712,1.87427,1.87424,1.87237,1.87363,1.87486,0,0,0,0,11111111,oooooooo,on,on,on,on,0,100,100,-2.607,0.187,-1.446412858,-0.002774575,7.27494E-07,-2.16226E-10,-0.065146174,-0.001584374,0.000939206,-5.31953E-06,23,2146,2,22,1.7,1.6,0.15625,4.99756,1.49902,2.28149,1.49902,2.37183,31.8049,15.9445,3,349.716,675.454,27.167,27.8185,30.0003,27.6951,27.7286,-1,40,10,-999.9,400,20,100.917,107.388
9,1786546208,992.5,20260812 10:50:08,10:50:08,15,1786546200,0.000504754,0.504753982,2.700729084,470.0631613,310.3242139,31.54819484,47.78758324,0.029152752,3.1290649,0.029002696,0.018140103,261.4498113,28.81809469,27.82661613,3.756651344,55.31548108,2.037778676,3.683921095,1.718872668,-22.25965059,-56.42982466,-3.917686352,178.8426497,1.820506042,0.481251557,2.700729084,484.3150947,478.6454485,-0.093233071,92.55868154,0.504753982,18.9111313,20.09603706,0.000167891,95.45507975,0,0,1,0,53657.25532,1499.999355,1273.859422,0.84923998,0.174299949,9,0.5,0: Broadleaf,2,TRUE,1786546200,470.0631613,474.9735484,20.04463548,18.9131871,472.7001613,19.85063548,375.1338065,101.5620645,0.099982574,27.49210645,27.82661613,999.9,0,0,10008.17935,692.6913871,0.218638,-4.866486774,479.7416129,484.1300968,1.169681935,474.9735484,18.9131871,2.039659032,1.920863871,17.75561935,16.80667419,1499.999355,0.692000677,0.307999323,29,28282.52258,1786546233,10:50:33,1786546233,1786546226,10,-0.032,-0.006,-2.637,0.194,476,19,0.82,0.06,-5.722442683,7.617402021,1.868900817,0,1.161042927,0.193806063,0.019336158,0,0,2,0/2,2.63669,2.71263,0.107316,0.107652,0.104569,0.100602,25081.9,24789.6,25557.8,25536.4,31606.9,31292.7,39253.4,38418.5,1.7087,2.1641,0.0940189,0,26.2964,999.9,74.8,28.2,28.2772,62.0418,21.0016,1,0.047998,0,20.4114,5.22313,11.98,4.96955,3.2955,9114.1,9999,9999,259.1,4.97,1.87516,1.8712,1.87424,1.87424,1.87236,1.87363,1.87485,0,0,0,0,11111111,oooooooo,on,on,on,on,0,100,100,-2.637,0.194,-1.421296907,-0.002774575,7.27494E-07,-2.16226E-10,-0.06478418,-0.001584374,0.000939206,-5.31953E-06,23,2146,2,22,1.4,1.6,0.15625,4.99756,1.49902,2.28027,1.49902,2.27173,31.9146,15.9182,3,350.022,674.49,27.2528,27.8933,30.0002,27.7723,27.8042,-1,40,10,-999.9,400,20,100.905,107.375
10,1786546328,1112.5,20260812 10:52:08,10:52:08,15,1786546320,0.000534548,0.534548357,2.883295611,474.352871,312.4921265,31.76736715,48.22182876,0.030723072,3.130295972,0.03055653,0.019112719,261.4499964,28.97384516,28.01394194,3.797925094,55.67846628,2.070876581,3.719349183,1.727048513,-23.57358254,-60.44620626,-4.20222651,173.2279811,7.385458047,0.480341796,2.883295611,508.9341055,491.7010909,1.015939586,92.56443375,0.534548357,19.26531135,20.4503979,0.006882254,95.48913076,0,0,1,0,53656.90736,1500,1273.859999,0.849239999,0.174299998,9,0.5,0: Broadleaf,2,TRUE,1786546320,474.352871,492.6182258,20.3709871,19.24205806,476.988,20.1629871,375.1352581,101.5581613,0.099974897,27.65576452,28.01394194,999.9,0,0,10014.19774,692.8341613,0.218638,-18.2653871,484.230871,502.2834194,1.156725484,492.6182258,19.24205806,2.071661935,1.954187742,18.00293871,17.07792258,1500,0.692000032,0.307999968,30,28282.52581,1786546353,10:52:33,1786546233,1786546353,11,-0.032,0.003,-2.637,0.208,476,19,0.82,0.08,-16.51385024,-38.10251352,5.630726341,0,1.158614878,-0.049262718,0.005842402,1,1,2,1/2,2.6367,2.71264,0.10945,0.110545,0.105863,0.102029,25020.3,24706.4,25556.4,25533.7,31558.7,31239.4,39250.9,38414.5,1.70805,2.16245,0.0866428,0,26.6065,999.9,75.4,28.3,28.6695,62.3118,20.3085,1,0.0512246,0,20.4119,5.21729,11.98,4.96975,3.29555,9114.1,9999,9999,259.1,4.97,1.87515,1.87124,1.87429,1.87425,1.87239,1.87363,1.87486,0,0,0,0,11111111,oooooooo,on,on,on,on,0,100,100,-2.652,0.208,-1.453646446,-0.002774575,7.27494E-07,-2.16226E-10,-0.07048549,-0.001584374,0.000939206,-5.31953E-06,23,2146,2,22,1.6,1.7,0.15625,4.99756,1.49902,2.28149,1.49902,2.37061,32.0244,15.927,3,350.041,673.822,27.3865,27.9488,30.0004,27.8319,27.8683,-1,40,10,-999.9,400,20,100.899,107.364
11,1786546448,1232.5,20260812 10:54:08,10:54:08,15,1786546440,0.000602559,0.602559039,2.360467128,440.9252581,317.2497708,32.24853939,44.82019172,0.03366396,3.130126863,0.03346411,0.020932925,261.4497388,28.9960545,28.05522581,3.807074242,54.43681552,2.029290833,3.727791226,1.77778341,-26.57285363,-60.86264182,-4.23309556,169.7811477,0.622492971,0.709092853,2.360467128,452.1319185,447.8710727,-0.150524932,92.55953993,0.602559039,18.27297551,19.87005245,-0.017434843,95.4647728,0,0,1,0,53645.83889,1499.999355,1273.859393,0.84923996,0.174299901,9,0.5,0: Broadleaf,2,TRUE,1786546440,440.9252581,443.168871,19.96344839,18.29615484,443.4852258,19.76544839,375.1248387,101.5503548,0.099960939,27.69456129,28.05522581,999.9,0,0,10014.19355,694.5152903,0.218638,-2.243572484,449.9204516,451.4280323,1.696286452,443.168871,18.29615484,2.030238065,1.857979677,17.68201935,16.28322258,1499.999355,0.692001323,0.307998677,29,28282.54194,1786546471,10:54:31,1786546233,1786546471,12,-0.032,0.001,-2.637,0.198,476,19,0.82,0.05,0.092584075,-55.11607028,6.647793631,0,1.71864475,-0.690042439,0.090517076,0,0,2,0/2,2.63661,2.71265,0.102123,0.103917,0.103686,0.0985022,25217.6,24881.4,25548.2,25524.8,31626.3,31353.1,39238.1,38402.3,1.70712,2.16045,0.0777617,0,26.8071,999.9,73.8,28.4,28.2281,62.1618,19.8998,1,0.0620427,0,20.413,5.22193,11.98,4.96945,3.2955,9114.1,9999,9999,259.1,4.97001,1.87516,1.87122,1.87426,1.87424,1.8724,1.87363,1.87485,0,0,0,0,11111111,oooooooo,on,on,on,on,0,100,100,-2.556,0.198,-1.453646446,-0.002774575,7.27494E-07,-2.16226E-10,-0.06754772,-0.001584374,0.000939206,-5.31953E-06,23,2146,2,22,3.6,1.6,0.15625,4.99756,1.4978,2.28027,1.4978,2.40601,32.1124,15.9358,3,350.192,673.38,27.4379,28.0596,30.0006,27.9396,27.9765,-1,40,10,-999.9,400,20,100.866,107.329
12,1786546568,1352.5,20260812 10:56:08,10:56:08,15,1786546560,0.000606507,0.606506648,2.665159312,441.2809032,302.2503941,30.72416885,44.85681159,0.033435422,3.125871562,0.033238001,0.020791391,261.4499583,29.10105177,28.19004194,3.837085656,54.27935557,2.035796071,3.750589979,1.801289585,-26.74694317,-65.90677489,-4.595639934,164.2006003,4.022390422,0.626503009,2.665159312,461.2558317,452.1142848,0.262256926,92.56541097,0.606506648,18.61576178,20.04649161,-0.00046337,95.50115465,0,0,1,0,53527.2475,1499.999677,1273.859732,0.849240004,0.17430001,9,0.5,0: Broadleaf,2,TRUE,1786546560,441.2809032,451.5945806,20.02723548,18.55425161,443.8417419,19.83623548,375.1299032,101.5513871,0.099990216,27.79895484,28.19004194,999.9,0,0,9994.621935,695.0807419,0.218638,-10.31364903,450.3169677,460.1321935,1.511661935,451.5945806,18.55425161,2.037722258,1.884210968,17.74051935,16.50330968,1499.999677,0.691999871,0.308000129,29,28282.51613,1786546585,10:56:25,1786546233,1786546585,13,-0.032,-0.007,-2.637,0.191,476,19,0.82,0.09,-8.126545122,-33.80912697,3.525152311,0,1.552046585,-0.899101463,0.108674292,0,0,2,0/2,2.63657,2.71263,0.102839,0.10462,0.104314,0.0998158,25187,24851.3,25538.2,25514.4,31592.3,31294.7,39223.3,38387.3,1.70607,2.1567,0.0718087,0,27.0178,999.9,73.6,28.5,28.3175,61.9818,19.8958,1,0.0752846,0,20.4124,5.22283,11.98,4.9696,3.29563,9114.1,9999,9999,259.2,4.97002,1.87516,1.87123,1.87431,1.87427,1.87241,1.87363,1.87485,0,0,0,0,11111111,oooooooo,on,on,on,on,0,100,100,-2.565,0.191,-1.453646446,-0.002774575,7.27494E-07,-2.16226E-10,-0.066917565,-0.001584374,0.000939206,-5.31953E-06,23,2146,2,22,5.6,1.6,0.15625,4.99756,1.4978,2.28027,1.49902,2.38525,32.2225,15.9182,3,350.527,671.844,27.5529,28.2304,30.0004,28.0922,28.1213,-1,40,10,-999.9,400,20,100.828,107.286
13,1786546688,1472.6,20260812 10:58:08,10:58:08,15,1786546680,0.000563286,0.563285652,3.027222342,474.7632258,310.9966784,31.61399136,48.26148176,0.031892118,3.12533506,0.031712418,0.019836322,261.4495556,29.14260842,28.22546452,3.84500523,55.68110247,2.092128148,3.757339664,1.752877082,-24.84089726,-66.6743359,-4.651494379,165.2828281,5.570539846,0.541408906,3.027222342,499.8121486,488.1163879,0.428418647,92.56775652,0.563285652,19.31867453,20.6400993,0.000198438,95.53078977,0,0,1,0,53509.21286,1499.997742,1273.858062,0.849239986,0.174299966,9,0.5,0: Broadleaf,2,TRUE,1786546680,474.7632258,488.7440645,20.58091613,19.30876452,477.3990645,20.37691613,375.1436452,101.5537742,0.100016868,27.82975484,28.22546452,999.9,0,0,9991.933226,695.3955806,0.218638,-13.98093226,484.7570645,498.3669032,1.307380323,488.7440645,19.30876452,2.093645806,1.960877419,18.17092581,17.1319,1499.997742,0.692000452,0.307999548,29,28282.49032,1786546709,10:58:29,1786546233,1786546709,14,-0.032,0,-2.637,0.204,476,19,0.82,0.06,-14.69234146,13.37424042,1.47236893,0,1.315975366,-0.124706551,0.015483129,0,0,2,0/2,2.63653,2.71255,0.108762,0.110055,0.106463,0.102069,25018.4,24698.1,25536.2,25512.3,31513.2,31213.4,39219.9,38384.1,1.7054,2.15505,0.0789203,0,26.9393,999.9,74.4,28.6,28.7887,61.8155,19.9239,1,0.0789914,0,20.4123,5.22223,11.9798,4.96935,3.2955,9114.1,9999,9999,259.2,4.96999,1.87517,1.87122,1.87434,1.87425,1.8724,1.87363,1.87485,0,0,0,0,11111111,oooooooo,on,on,on,on,0,100,100,-2.644,0.204,-1.453646446,-0.002774575,7.27494E-07,-2.16226E-10,-0.07344949,-0.001584374,0.000939206,-5.31953E-06,23,2146,2,22,7.6,1.7,0.15625,4.99756,1.49902,2.28027,1.49902,2.28516,32.3549,15.9007,3,350.681,671.415,27.6114,28.3106,30.0002,28.179,28.2054,-1,40,10,-999.9,400,20,100.82,107.277
14,1786546808,1592.6,20260812 11:00:08,11:00:08,15,1786546800,0.000589894,0.589894032,2.910232949,459.4448387,308.2393991,31.33411241,46.70491917,0.033359281,3.12799093,0.033162888,0.020744354,261.4500381,29.18131749,28.20588387,3.840625743,55.34459284,2.085110096,3.767504628,1.755515646,-26.0143268,-55.62221814,-3.87767096,175.9358222,0.702038127,0.620062386,2.910232949,470.7685436,466.1942303,-0.253985738,92.56767783,0.589894032,19.01887308,20.48956294,-0.008179706,95.53021922,0,0,1,0,53563.40194,1500.000323,1273.860267,0.849239995,0.174299988,9,0.5,0: Broadleaf,2,TRUE,1786546800,459.4448387,461.8124839,20.51160968,19.05458065,461.8478387,20.31360968,375.1534839,101.5550968,0.100020948,27.87604839,28.20588387,999.9,0,0,10003.95194,695.0733548,0.218638,-2.56583571,468.882871,470.7830968,1.49665129,461.8124839,19.05458065,2.087081613,1.935089032,18.12090645,16.92295484,1500.000323,0.692000161,0.307999839,29.15592903,28282.53871,1786546834,11:00:33,1786546834,1786546826,15,0.258,-0.002,-2.403,0.198,492,19,0.36,0.06,-1.395056466,-20.14383866,2.176061159,0,1.513560488,-0.211472613,0.026962609,0,0,2,0/2,2.63641,2.71232,0.105096,0.105778,0.10589,0.100968,25121.4,24816.1,25536.3,25511.6,31533.6,31250.9,39220.1,38383.1,1.70503,2.15475,0.0908412,0,26.7234,999.9,73.9,28.8,28.929,62.1455,19.8878,1,0.0797307,0,20.4129,5.21744,11.98,4.96885,3.29528,9114.1,9999,9999,259.2,4.97001,1.87519,1.87123,1.87434,1.87427,1.8724,1.87363,1.87485,0,0,0,0,11111111,oooooooo,on,on,on,on,0,100,100,-2.403,0.198,-1.453646446,-0.002774575,7.27494E-07,-2.16226E-10,-0.073159069,-0.001584374,0.000939206,-5.31953E-06,23,2146,2,22,9.6,1.6,0.15625,4.99756,1.49902,2.28027,1.49902,2.28516,32.4433,15.892,3,350.699,671.679,27.6628,28.3324,30.0003,28.215,28.2493,-1,40,10,-999.9,400,20,100.82,107.274
15,1786546928,1712.6,20260812 11:02:08,11:02:08,15,1786546920,0.000590396,0.590395787,2.628300163,457.8165333,318.6054474,32.38720783,46.53843597,0.033006962,3.128348652,0.032814704,0.02052637,261.4500468,29.21141122,28.21873,3.843498469,54.78671475,2.06775402,3.774188742,1.775744449,-26.03645422,-52.67112281,-3.672307921,179.0701619,-0.027158344,0.624363787,2.628300163,463.4311977,463.381697,-0.637010199,92.5663737,0.590395787,18.87723689,20.33364755,-0.006654842,95.51319858,0,0,1,0,53566.35316,1500.000333,1273.860279,0.849239997,0.174299993,9,0.5,0: Broadleaf,2,TRUE,1786546920,457.8165333,458.4371667,20.34129333,18.87380333,460.1985333,20.16629333,375.1283333,101.5530667,0.099959337,27.90643,28.21873,999.9,0,0,10005.78867,694.8779667,0.218638,-0.57784873,467.3932333,467.2560667,1.523966667,458.4371667,18.87380333,2.071456,1.916692667,18.00135,16.77239333,1500.000333,0.6920001,0.3079999,30,28282.52,1786546969,11:02:48,1786546969,1786546954,16,-0.044,0,-2.382,0.175,462,18,0.41,0.04,-0.153307339,-0.769852292,1.530284672,0,1.540830976,-0.292623554,0.036732331,0,0,2,0/2,2.63619,2.71259,0.104556,0.104375,0.105317,0.0999636,25134.7,24852.9,25534.6,25509.5,31552.1,31283.9,39217.4,38380.3,1.70473,2.15377,0.0929944,0,26.7041,999.9,73,28.9,28.7433,62.4155,19.9159,1,0.0819334,0,20.4122,5.22148,11.98,4.96915,3.29542,9114.1,9999,9999,259.3,4.97,1.87517,1.87129,1.87433,1.87425,1.87239,1.87363,1.87485,0,0,0,0,11111111,oooooooo,on,on,on,on,0,100,100,-2.382,0.175,-1.195387052,-0.002774575,7.27494E-07,-2.16226E-10,-0.074897972,-0.001584374,0.000939206,-5.31953E-06,23,2146,2,22,1.6,1.7,0.15625,4.99756,1.49902,2.27905,1.49902,2.27295,32.5318,15.8832,3,350.753,671.305,27.706,28.36,30.0003,28.2511,28.2892,-1,40,10,-999.9,400,20,100.813,107.266
16,1786547048,1832.6,20260812 11:04:08,11:04:08,15,1786547040,0.00056213,0.562130096,2.658224256,462.7160667,311.8986835,31.70511345,47.03599651,0.030652732,3.125598145,0.030486703,0.019069031,261.4493923,29.31159471,28.32545333,3.867437129,53.96304929,2.047656813,3.79455357,1.819780316,-24.78993725,-55.05918133,-3.845995827,177.7542779,5.386869872,0.494446212,2.658224256,483.7534162,475.0536,0.219572603,92.63499126,0.562130096,19.06281666,20.24380788,0.013396186,96.86863491,0,0,1,0,53485.3171,1499.997333,1273.857444,0.849239806,0.174299905,9,0.5,0: Broadleaf,2,TRUE,1786547040,462.7160667,476.1884667,20.1438,18.98148,465.1103,19.9358,375.1441667,101.5519667,0.099996377,27.99870667,28.32545333,999.9,0,0,9993.314333,694.8123,0.218638,-13.47251733,472.2364667,485.4020667,1.178542667,476.1884667,18.98148,2.04729,1.927606333,17.81486667,16.86169667,1499.997333,0.692000667,0.307999133,30,28282.48667,1786547071,11:04:31,1786546969,1786547071,17,-0.044,0.005,-2.382,0.208,462,20,0.41,0.06,-12.08895659,-5.572175749,3.342061996,0,1.185457805,-0.265952613,0.058120177,0,0,2,0/2,2.63607,2.71258,0.106573,0.108308,0.105017,0.10129,25073.4,24738,25530.1,25503.8,31557.6,31230.7,39210.5,38371.9,1.7037,2.15142,0.0912398,0,26.8382,999.9,72,29,28.5146,62.7155,20.2764,1,0.0877337,0,20.413,5.22088,11.98,4.96835,3.2953,9114.1,9999,9999,259.3,4.97,1.87521,1.87133,1.87437,1.87431,1.87241,1.87363,1.87486,0,0,0,0,11111111,oooooooo,on,on,on,on,0,100,100,-2.401,0.208,-1.239537047,-0.002774575,7.27494E-07,-2.16226E-10,-0.075312843,-0.001584374,0.000939206,-5.31953E-06,23,2146,2,22,1.3,1.6,0.15625,4.99756,1.49902,2.27905,1.4978,2.30225,32.6204,15.8832,3,350.634,670.05,27.7787,28.4296,30.0003,28.319,28.356,-1,40,10,-999.9,400,20,100.795,107.242
17,1786547168,1952.6,20260812 11:06:08,11:06:08,15,1786547160,0.000574793,0.574792704,2.857133357,477.2880968,321.4666709,32.67755925,48.51703606,0.031848129,3.127715094,0.031669059,0.019809166,261.4502195,29.41554193,28.47460323,3.901110158,55.27548887,2.11069536,3.818501479,1.790414798,-25.34835825,-62.04178762,-4.33636057,169.7237131,4.70156397,0.523776096,2.857133357,502.9967919,490.6634061,0.533950188,92.57478991,0.574792704,19.44414148,20.8062042,-0.00114038,95.62565966,0,0,1,0,53515.82413,1500.000968,1273.860842,0.849240014,0.174300034,9,0.5,0: Broadleaf,2,TRUE,1786547160,477.2880968,489.1672258,20.76404194,19.53355806,479.8600968,20.56304194,375.1453871,101.5514839,0.099984897,28.10666774,28.47460323,999.9,0,0,10003.04581,695.3142903,0.218638,-11.73449645,487.5798387,498.9126129,1.277412903,489.1672258,19.53355806,2.113385484,1.983662258,18.3204129,17.31439032,1500.000968,0.691999548,0.308000452,30,28282.53226,1786547190,11:06:30,1786547190,1786547186,18,-0.171,-0.009,-2.572,0.201,464,19,0.3,0.06,-13.61136805,15.16124341,3.530230986,0,1.222965366,1.099445436,0.12085206,0,0,2,0/2,2.63588,2.7126,0.109063,0.109524,0.106978,0.102644,24998.2,24698.7,25525,25498.4,31481.4,31176.9,39202.7,38364.1,1.70322,2.14982,0.0796542,0,27.1855,999.9,73,29.1,29.0775,61.8155,20.9655,1,0.0948679,0,20.4117,5.22103,11.98,4.96915,3.29525,9114.1,9999,9999,259.3,4.97,1.87524,1.87132,1.87439,1.87433,1.87241,1.87363,1.87492,0,0,0,0,11111111,oooooooo,on,on,on,on,0,100,100,-2.572,0.201,-1.239537047,-0.002774575,7.27494E-07,-2.16226E-10,-0.07037522,-0.001584374,0.000939206,-5.31953E-06,23,2146,2,22,3.3,1.6,0.15625,4.99756,1.4978,2.27905,1.4978,2.38647,32.7091,15.8745,3,350.865,669.637,27.8815,28.5202,30.0003,28.403,28.4385,-1,40,10,-999.9,400,20,100.775,107.22
18,1786547288,2072.6,20260812 11:08:08,11:08:08,15,1786547280,0.000566229,0.566229242,2.724217524,465.6563226,309.2016423,31.43094269,47.33486239,0.030241371,3.127130846,0.030079834,0.018814337,261.4497025,29.56798189,28.63756129,3.938192672,54.03180041,2.081331398,3.852048945,1.856861274,-24.97070959,-64.17292137,-4.493151557,167.81292,6.043341969,0.481503149,2.724217524,492.4367061,479.6812424,0.609070973,92.57495571,0.566229242,19.37471883,20.58623497,0.011513891,95.62795861,0,0,1,0,53475.43515,1499.99871,1273.858875,0.849239981,0.174299952,9,0.5,0: Broadleaf,2,TRUE,1786547280,465.6563226,480.6926129,20.47508065,19.34357419,468.2282903,20.27408065,375.1458065,101.5519355,0.099991252,28.25691613,28.63756129,999.9,0,0,10000.32839,695.6276452,0.218638,-15.03626452,475.4043226,490.1743548,1.160896452,480.6926129,19.34357419,2.08226871,1.964377097,18.08414194,17.16002903,1499.99871,0.692000645,0.307999355,30,28282.50645,1786547305,11:08:25,1786547190,1786547305,19,-0.171,-0.001,-2.572,0.201,464,19,0.3,0.06,-15.10188537,1.207097561,1.120916391,0,1.175845122,-0.209806202,0.026585407,0,0,2,0/2,2.63584,2.71251,0.107323,0.109801,0.10622,0.102413,25041.3,24685.9,25519.7,25493.4,31502.3,31179.6,39194.6,38357.2,1.70282,2.14757,0.0795648,0,27.3326,999.9,72.1,29.2,28.8875,62.6855,20.012,1,0.102157,0,20.4113,5.21744,11.98,4.9682,3.29533,9114.1,9999,9999,259.4,4.97002,1.87522,1.87133,1.87439,1.87427,1.87241,1.87363,1.8749,0,0,0,0,11111111,oooooooo,on,on,on,on,0,100,100,-2.582,0.201,-1.410163729,-0.002774575,7.27494E-07,-2.16226E-10,-0.07921005,-0.001584374,0.000939206,-5.31953E-06,23,2146,2,22,1.6,1.7,0.15625,4.99756,1.49902,2.27905,1.4978,2.28882,32.8202,15.8394,3,351.185,668.766,28.0119,28.6243,30.0003,28.4971,28.5303,-1,40,10,-999.9,400,20,100.754,107.2
19,1786547408,2192.6,20260812 11:10:08,11:10:08,15,1786547400,0.000587923,0.587923327,2.60743266,446.3510968,298.8514609,30.37870122,45.37226141,0.030804067,3.124849815,0.030636359,0.019162716,261.4499547,29.62535938,28.64822581,3.940630156,52.95890804,2.047355122,3.865931527,1.893275034,-25.92741874,-55.50441019,-3.890454055,176.1276717,2.88305064,0.612335348,2.60743266,464.5042581,455.9852303,0.214465468,92.57417806,0.587923327,18.74213356,20.13777133,-0.001312379,95.6168137,0,0,1,0,53410.94242,1500.000323,1273.860271,0.849239998,0.174299932,9,0.5,0: Broadleaf,2,TRUE,1786547400,446.3510968,453.9235484,20.14092258,18.70145484,448.8795161,19.94192258,375.140129,101.5514839,0.100022616,28.31875806,28.64822581,999.9,0,0,9989.939355,695.5559355,0.218638,-7.572447742,455.5353226,462.5746129,1.460077742,453.9235484,18.70145484,2.047433226,1.89916,17.81598387,16.62758065,1500.000323,0.692001,0.307999032,30,28282.53226,1786547428,11:10:28,1786547190,1786547428,20,-0.171,0.005,-2.572,0.199,464,19,0.3,0.08,-6.465428293,-30.60073672,3.145721836,0,1.511006829,-1.409928502,0.141780996,0,0,2,0/2,2.63584,2.71258,0.103355,0.105126,0.104579,0.100444,25151,24812.9,25518.3,25490.9,31559.4,31245.5,39192.7,38353.8,1.7022,2.14683,0.0877529,0,27.2188,999.9,70.6,29.3,28.4491,61.6055,20.8293,1,0.105414,0,20.4114,5.22088,11.98,4.96795,3.29538,9114.1,9999,9999,259.4,4.96997,1.8752,1.87133,1.87439,1.87429,1.87241,1.87363,1.87485,0,0,0,0,11111111,oooooooo,on,on,on,on,0,100,100,-2.53,0.199,-1.410163729,-0.002774575,7.27494E-07,-2.16226E-10,-0.080116262,-0.001584374,0.000939206,-5.31953E-06,23,2146,2,22,3.6,1.7,0.15625,4.99756,1.4978,2.27905,1.49902,2.41089,32.8869,15.8482,3,351.208,668.817,28.0847,28.683,30.0003,28.5562,28.5897,-1,40,10,-999.9,400,20,100.749,107.19
20,1786547528,2312.6,20260812 11:12:08,11:12:08,15,1786547520,0.000574152,0.574152365,2.592441727,456.1463871,307.863331,31.29519875,46.36860063,0.030480073,3.128071525,0.030316032,0.018962185,261.4495303,29.76965357,28.79294516,3.973837558,54.03269569,2.106218137,3.898043787,1.867619421,-25.32011929,-55.96800449,-3.924507458,176.236899,-0.018412851,0.580925979,2.592441727,462.7950144,461.8168788,-0.536750592,92.57335797,0.574152365,19.37639089,20.73204266,-0.000656846,95.60471719,0,0,1,0,53461.29854,1499.997097,1273.857549,0.84924001,0.174300024,9,0.5,0: Broadleaf,2,TRUE,1786547520,456.1463871,456.7379355,20.71970645,19.35490323,458.5673871,20.52170645,375.1459677,101.5529032,0.099991423,28.46106774,28.79294516,999.9,0,0,10004.53677,695.4312258,0.218638,-0.720902452,465.6863226,465.7525484,1.408521613,456.7379355,19.35490323,2.108588065,1.965548065,18.28419677,17.1695,1499.997097,0.691999677,0.308000323,30,28282.46452,1786547548,11:12:28,1786547548,1786547547,21,0.148,-0.004,-2.421,0.198,464,19,0.64,0.05,0.424164707,-14.03470595,2.15524733,0,1.427137073,-0.379681672,0.041429908,0,0,2,0/2,2.63571,2.71254,0.104242,0.105225,0.106682,0.102,25125.3,24809,25517.6,25489.8,31482.8,31189.8,39191.1,38352.5,1.7017,2.14605,0.0902861,0,27.3219,999.9,71.2,29.4,28.8568,62.4455,20.1002,1,0.106895,0,20.4135,5.22133,11.98,4.96795,3.2954,9114.1,9999,9999,259.4,4.96997,1.87519,1.87132,1.87439,1.87433,1.87241,1.87363,1.8749,0,0,0,0,11111111,oooooooo,on,on,on,on,0,100,100,-2.421,0.198,-1.410163729,-0.002774575,7.27494E-07,-2.16226E-10,-0.075322377,-0.001584374,0.000939206,-5.31953E-06,23,2146,2,22,5.6,1.7,0.15625,4.99756,1.49902,2.27905,1.49902,2.33032,32.9537,15.8219,3,351.184,668.632,28.1948,28.7198,30.0001,28.5959,28.631,-1,40,10,-999.9,400,20,100.746,107.186
21,1786547648,2432.6,20260812 11:14:08,11:14:08,15,1786547640,0.000547567,0.547566774,2.755125847,472.6048065,307.7893977,31.28819369,48.04243042,0.02894731,3.127445095,0.02879928,0.018012787,261.4499964,29.86353465,28.86308065,3.990018499,53.99100327,2.115279753,3.917837464,1.874738746,-24.14769471,-53.07797081,-3.725515704,180.4988151,4.698867632,0.555442294,2.755125847,497.9162386,485.7548727,0.542255017,92.61757299,0.547566774,19.56511311,20.84082587,0.001015064,96.36745124,0,0,1,0,53431.18862,1500,1273.859999,0.849239999,0.174299998,9,0.5,0: Broadleaf,2,TRUE,1786547640,472.6048065,484.5074516,20.80850968,19.50369677,475.0435806,20.59450968,375.1464516,101.5545484,0.100004761,28.54827742,28.86308065,999.9,0,0,10001.50871,695.3255806,0.218638,-11.90261484,482.6606452,494.1455161,1.330639032,484.5074516,19.50369677,2.115823226,1.980690645,18.33879677,17.29067742,1500,0.692000032,0.307999968,30.12769032,28282.51613,1786547665,11:14:25,1786547548,1786547665,22,0.148,0.003,-2.421,0.214,464,20,0.64,0.06,-7.087747146,-75.47775406,7.754390026,0,1.363110488,-0.715308084,0.086352199,0,0,2,0/2,2.63602,2.71265,0.108236,0.110646,0.107093,0.103209,25009.8,24655.2,25514.3,25486.4,31464.3,31143.8,39185.7,38347.5,1.702,2.144,0.0920966,0,27.3677,999.9,71,29.5,28.9412,61.3655,20.2284,1,0.111293,0,20.413,5.22193,11.98,4.9693,3.2953,9114.1,9999,9999,259.5,4.96997,1.87524,1.87132,1.87439,1.87434,1.87241,1.87363,1.87493,0,0,0,0,11111111,oooooooo,on,on,on,on,0,100,100,-2.446,0.214,-1.261746214,-0.002774575,7.27494E-07,-2.16226E-10,-0.079426556,-0.001584374,0.000939206,-5.31953E-06,23,2146,2,22,1.7,1.7,0.15625,4.99756,1.49902,2.27783,1.4978,2.34253,33.0429,15.7957,3,351.617,667.499,28.288,28.7715,30.0004,28.6491,28.6863,-1,40,10,-999.9,400,20,100.732,107.172
22,1786547768,2552.6,20260812 11:16:08,11:16:08,15,1786547760,0.000533988,0.533988156,2.777462789,482.3907097,316.5605371,32.1790486,49.03603662,0.028983473,3.127264613,0.028835065,0.018035186,261.4496844,29.89745803,28.90430645,3.999556483,55.39796038,2.174256138,3.924794566,1.825300344,-23.54887766,-54.87291412,-3.853099078,179.1747935,3.949568517,0.473509843,2.777462789,497.2973639,493.5805758,-0.308666218,92.60374023,0.533988156,20.30072916,21.47344196,0.007798547,96.08323561,0,0,1,0,53421.49181,1499.99871,1273.858868,0.849239976,0.17429994,9,0.5,0: Broadleaf,2,TRUE,1786547760,482.3907097,492.4140323,21.3891871,20.27749677,485.0187097,21.1651871,375.1437419,101.552129,0.099987461,28.57883871,28.90430645,999.9,0,0,10000.92129,695.8608387,0.218638,-9.856370645,493.1229355,502.6057097,1.147615161,492.4140323,20.27749677,2.175768065,2.059224194,18.78498065,17.90719355,1499.99871,0.692000806,0.307999194,30,28282.50968,1786547801,11:16:41,1786547801,1786547787,23,-0.173,-0.003,-2.628,0.224,474,20,0.72,0.11,-11.15217829,34.53650634,5.184580988,0,1.136562683,0.230899233,0.042901865,0,0,2,0/2,2.63558,2.71263,0.109391,0.110028,0.109309,0.105076,24976.3,24670.7,25513.3,25484.9,31384.2,31075.8,39184.7,38344.5,1.70122,2.1434,0.0928938,0,27.3951,999.9,72,29.6,29.5196,62.1155,20.016,1,0.113021,0,20.4134,5.22178,11.98,4.96925,3.29542,9114.1,9999,9999,259.5,4.97002,1.87517,1.87132,1.87439,1.87435,1.87241,1.87363,1.87488,0,0,0,0,11111111,oooooooo,on,on,on,on,0,100,100,-2.628,0.224,-1.261746214,-0.002774575,7.27494E-07,-2.16226E-10,-0.076837766,-0.001584374,0.000939206,-5.31953E-06,23,2146,2,22,3.7,1.7,0.15625,4.99756,1.49902,2.27905,1.4978,2.27905,33.1322,15.7606,3,351.46,667.399,28.333,28.8108,30.0001,28.6886,28.7221,-1,40,10,-999.9,400,20,100.729,107.165
23,1786547888,2672.6,20260812 11:18:08,11:18:08,15,1786547880,0.000537612,0.537611982,2.856804744,481.5446774,310.1446337,31.52598463,48.94867894,0.02877994,3.126603146,0.028633573,0.017909071,261.4497696,29.99877136,28.99047419,4.019556441,54.94113044,2.169129806,3.948098245,1.850426634,-23.70868841,-52.1882496,-3.668791031,181.8840406,2.804090225,0.515969973,2.856804744,501.0389997,492.4121939,0.163380406,92.60562688,0.537611982,20.12671177,21.38860699,3.1492E-05,96.11894604,0,0,1,0,53387.86671,1499.999032,1273.859153,0.849239984,0.174299959,9,0.5,0: Broadleaf,2,TRUE,1786547880,481.5446774,488.8681935,21.33934839,20.12787742,483.9756774,21.12234839,375.1336774,101.5493226,0.099976503,28.68086452,28.99047419,999.9,0,0,9998.171613,695.3323871,0.218638,-7.523722903,491.8591935,498.9100645,1.24991871,488.8681935,20.12787742,2.1709,2.043971613,18.74916774,17.78914194,1499.999032,0.692000548,0.307999452,31,28282.51613,1786547918,11:18:38,1786547918,1786547912,24,0.182,0.003,-2.431,0.217,476,20,0.54,0.07,-9.075365854,15.33544976,2.574295418,0,1.243586098,0.110065087,0.011630236,0,0,2,0/2,2.63561,2.71258,0.109201,0.108543,0.109011,0.104872,24979.6,24709.3,25511.4,25482.3,31392.6,31080,39181.6,38341,1.70105,2.14267,0.0949949,0,27.4479,999.9,71.4,29.7,29.4426,62.4155,21.0136,1,0.115607,0,20.4133,5.22268,11.98,4.96935,3.2954,9114.1,9999,9999,259.5,4.97,1.87524,1.87133,1.87439,1.8743,1.8724,1.87363,1.87488,0,0,0,0,11111111,oooooooo,on,on,on,on,0,100,100,-2.431,0.217,-1.434314614,-0.002774575,7.27494E-07,-2.16226E-10,-0.079987103,-0.001584374,0.000939206,-5.31953E-06,23,2146,2,22,1.4,1.7,0.15625,4.99756,1.4978,2.27905,1.4978,2.41089,33.1992,15.7694,3,351.581,667.258,28.419,28.8479,30.0002,28.7263,28.7636,-1,40,10,-999.9,400,20,100.721,107.154
24,1786548008,2792.6,20260812 11:20:08,11:20:08,15,1786548000,0.00056916,0.569160341,2.642052287,468.4164516,317.0616001,32.22974023,47.61516547,0.030432841,3.126176812,0.030269208,0.018932883,261.4500472,30.02207837,29.00257097,4.022371131,54.8446938,2.169203448,3.95517469,1.853167683,-25.09997103,-49.01587265,-3.4469814,183.8872221,-1.640211255,0.667354055,2.642052287,470.9495266,472.6457758,-0.817208828,92.6042351,0.569160341,19.65814477,21.22335455,-0.022076186,96.09257975,0,0,1,0,53372.45799,1499.999355,1273.859478,0.849240017,0.174300106,9,0.5,0: Broadleaf,2,TRUE,1786548000,468.4164516,465.2315806,21.33964194,19.77285806,470.7804516,21.12364194,375.1644839,101.5513226,0.100029139,28.71174194,29.00257097,999.9,0,0,9996.024516,695.693,0.218638,3.129480903,478.5946452,474.6168065,1.609140323,465.2315806,19.77285806,2.171371935,2.007960968,18.75252581,17.5068,1499.999355,0.691998484,0.308001484,31,28282.5,1786548040,11:20:40,1786548040,1786548039,25,0.055,0.006,-2.364,0.216,474,20,2,0.11,0.899121659,31.78046584,3.636275094,0,1.562231463,0.88538885,0.088657575,0,0,2,0/2,2.63539,2.71253,0.105885,0.104573,0.108365,0.1026,25072,24818.2,25510.9,25481.2,31414.6,31158.5,39180.5,38339.9,1.70063,2.1429,0.0962615,0,27.4146,999.9,70.5,29.7,29.0708,62.3255,20.4728,1,0.116987,0,20.4134,5.22238,11.98,4.9678,3.29535,9114.1,9999,9999,259.6,4.96994,1.87523,1.87134,1.87439,1.87433,1.87241,1.87363,1.87488,0,0,0,0,11111111,oooooooo,on,on,on,on,0,100,100,-2.364,0.216,-1.251890579,-0.002774575,7.27494E-07,-2.16226E-10,-0.077116853,-0.001584374,0.000939206,-5.31953E-06,23,2146,2,22,1.5,1.6,0.15625,4.99756,1.4978,2.27783,1.49902,2.35962,33.2887,15.7344,3,351.518,667.743,28.4787,28.875,30.0002,28.7524,28.788,-1,40,10,-999.9,400,20,100.719,107.151
25,1786548128,2912.6,20260812 11:22:08,11:22:08,15,1786548120,0.000532286,0.532285893,2.777885251,473.3434194,306.6638128,31.17460126,48.11879243,0.028783793,3.127517317,0.028637429,0.017911481,261.4497788,30.04757517,29.06230323,4.036294904,55.68933656,2.204786149,3.959081371,1.831508755,-23.47380789,-56.23765594,-3.954657709,177.7836572,0.758220965,0.490704229,2.777885251,485.1055166,481.5318121,-0.323359333,92.61844617,0.532285893,20.52353518,21.77143706,0.000123669,96.38778549,0,0,1,0,53400.97698,1499.99871,1273.858943,0.849240026,0.174300002,9,0.5,0: Broadleaf,2,TRUE,1786548120,473.3434194,475.7196774,21.68842903,20.53672903,475.8644194,21.48142903,375.1458387,101.5572581,0.099996403,28.72876774,29.06230323,999.9,0,0,10001.57226,696.2965484,0.218638,-2.230848871,484.0194839,485.6941613,1.220240968,475.7196774,20.53672903,2.209575806,2.085651935,19.03189677,18.10999677,1499.99871,0.692000065,0.307999968,30.96774194,28282.52903,1786548161,11:22:40,1786548161,1786548150,26,-0.21,-0.016,-2.521,0.207,439,20,1.84,0.17,-1.590107976,-11.44899274,3.326337799,0,1.185976585,0.530638328,0.063980052,0,0,2,0/2,2.63562,2.71257,0.107352,0.106809,0.110334,0.106588,25029.8,24754.7,25509.9,25479.7,31342.9,31016.5,39179,38337.2,1.7009,2.14107,0.0936873,0,27.5423,999.9,71.2,29.8,29.5267,61.6655,20.8253,1,0.11828,0,20.4135,5.22193,11.98,4.96945,3.29528,9114.1,9999,9999,259.6,4.96999,1.87517,1.87131,1.87439,1.8743,1.87239,1.87363,1.87487,0,0,0,0,11111111,oooooooo,on,on,on,on,0,100,100,-2.521,0.207,-1.196782069,-0.002774575,7.27494E-07,-2.16226E-10,-0.071113868,-0.001584374,0.000939206,-5.31953E-06,23,2146,2,22,1.5,1.5,0.15625,4.99756,1.4978,2.27783,1.4978,2.38647,33.3335,15.7169,3,351.759,666.412,28.489,28.8899,30.0001,28.7725,28.8101,-1,40,10,-999.9,400,20,100.715,107.144
26,1786548248,3032.6,20260812 11:24:08,11:24:08,15,1786548240,0.000539837,0.539837294,2.6881555,458.5817333,296.6694833,30.15961203,46.61971636,0.028703284,3.127524027,0.028557736,0.0178616,261.4503488,30.13954511,29.17675,4.063090241,55.28101331,2.200564017,3.980686831,1.862526224,-23.80682467,-59.70293364,-4.202676265,173.7379142,1.82470586,0.477109315,2.6881555,476.4982904,468.4298545,0.148536351,92.63728372,0.539837294,20.55808238,21.73636303,0.008486902,96.96693201,0,0,1,0,53384.59536,1500.001333,1273.861257,0.849240083,0.174300078,9,0.5,0: Broadleaf,2,TRUE,1786548240,458.5817333,463.4845,21.64617333,20.52627,460.9837333,21.41017333,375.1248333,101.5607,0.099948403,28.82266333,29.17675,999.9,0,0,10001.264,696.6457,0.218638,-5.052823,468.5848333,473.1974667,1.141471333,463.4845,20.52627,2.200589333,2.084661,18.96657333,18.10240667,1500.001333,0.691999167,0.3080009,31,28282.51333,1786548278,11:24:37,1786548278,1786548267,27,0.132,0.007,-2.402,0.236,449,21,0.97,0.09,-3.594433683,-28.80030661,3.983367407,0,1.149450488,-0.163807526,0.016743227,0,0,2,0/2,2.63557,2.71272,0.105211,0.104769,0.110267,0.106615,25085.7,24807.1,25505.9,25475.6,31340.4,31010.5,39172.9,38331.1,1.69993,2.13967,0.0882447,0,27.7442,999.9,70.6,29.9,29.4466,62.5955,20.2564,1,0.123529,0,20.4138,5.22208,11.98,4.9689,3.29533,9114.1,9999,9999,259.6,4.96997,1.87523,1.87131,1.87439,1.8743,1.87241,1.87365,1.87488,0,0,0,0,11111111,oooooooo,on,on,on,on,0,100,100,-2.402,0.236,-1.406527026,-0.002774575,7.27494E-07,-2.16226E-10,-0.086846935,-0.001584374,0.000939206,-5.31953E-06,23,2146,2,22,1.5,1.6,0.15625,4.99756,1.49902,2.27783,1.49902,2.35474,33.4008,15.6818,3,351.575,665.809,28.5586,28.946,30.0003,28.8249,28.8625,-1,40,10,-999.9,400,20,100.699,107.127
27,1786548369,3153,20260812 11:26:08,11:26:08,15,1786548361,0.000550224,0.55022358,2.767028093,461.5993871,296.1424042,30.10792226,46.9294443,0.028900112,3.124708485,0.028752434,0.017983477,261.4502812,30.13899089,29.17923871,4.063674639,54.70723672,2.177834633,3.980889482,1.885840007,-24.26485987,-59.92042385,-4.221857353,173.0431401,10.45105886,0.400113711,2.767028093,502.449962,482.460297,1.322499562,92.63816452,0.55022358,20.54161348,21.6142,0.020929707,97.00862445,0,0,1,0,53318.63787,1500.000968,1273.860867,0.84924003,0.174300075,9,0.5,0: Broadleaf,2,TRUE,1786548361,461.5993871,487.1163548,21.42124516,20.48186774,464.0268387,21.19324516,375.1298387,101.5670645,0.099977542,28.82354194,29.17923871,999.9,0,0,9987.760645,697.6001935,0.218638,-25.51697742,471.7190645,497.3024839,0.969261194,487.1163548,20.48186774,2.178725484,2.080281935,18.80658065,18.0689,1500.000968,0.691999,0.308001,30.03494516,28282.53226,1786548390,11:26:29,1786548278,1786548390,28,0.132,-0.002,-2.402,0.228,449,20,0.97,0.1,-24.51504634,-5.642042509,2.755740803,0,0.978375561,0.054624544,0.039953593,1,1,2,1/2,2.63557,2.71266,0.10762,0.109971,0.109811,0.106415,25010.3,24654.7,25498.4,25467.4,31348.1,31008.6,39161.4,38319.4,1.69928,2.1378,0.0836551,0,27.7992,999.9,69.7,30,29.234,62.7755,20.653,1,0.132716,0,20.4133,5.21744,11.98,4.9688,3.29528,9114.1,9999,9999,259.7,4.97001,1.87524,1.87132,1.87439,1.8743,1.87241,1.87363,1.8749,0,0,0,0,11111111,oooooooo,on,on,on,on,0,100,100,-2.452,0.228,-1.274972174,-0.002774575,7.27494E-07,-2.16226E-10,-0.079753809,-0.001584374,0.000939206,-5.31953E-06,23,2146,2,22,1.5,1.7,0.15625,4.99756,1.49902,2.27661,1.4978,2.30713,33.4681,15.6643,3,351.766,665.192,28.6057,29.0508,30.0003,28.9178,28.9489,-1,40,10,-999.9,400,20,100.669,107.093
28,1786548489,3273,20260812 11:28:08,11:28:08,15,1786548481,0.00057093,0.570930302,2.864476665,450.603,286.516981,29.12788805,45.8092002,0.030120562,3.128358918,0.029960372,0.018739553,261.4498641,30.21583704,29.2367129,4.077191127,54.99037635,2.199708478,4.000169891,1.877482649,-25.1780263,-55.61570448,-3.916723399,176.7394099,-0.930100761,0.616755779,2.864476665,462.65505,456.3611333,-0.072058962,92.63835938,0.570930302,20.15541106,21.61362303,-0.011296115,97.01887433,0,0,1,0,53389.26556,1499.999032,1273.859267,0.849240059,0.174300022,9,0.5,0: Broadleaf,2,TRUE,1786548481,450.603,449.0383871,21.63747097,20.18987742,452.923,21.42047097,375.1534194,101.5619677,0.100027842,28.90695484,29.2367129,999.9,0,0,10004.95871,697.8953548,0.218638,1.482206226,460.5061935,458.2913226,1.493655161,449.0383871,20.18987742,2.202222903,2.050522581,18.97845161,17.83989677,1499.999032,0.691999903,0.308000161,30.93817097,28282.49032,1786548523,11:28:43,1786548523,1786548507,29,0.128,-0.003,-2.32,0.217,472,20,0.52,0.08,4.028179825,-69.74446486,7.160313429,0,1.463459,0.318826942,0.086981317,0,0,2,0/2,2.63539,2.71251,0.103181,0.10395,0.10976,0.105389,25133,24819.9,25496.7,25466,31347.5,31042.6,39158.7,38317.6,1.6991,2.13715,0.0906438,0,27.7637,999.9,69.1,30.1,29.1546,62.3255,20.7412,1,0.13513,0,20.4144,5.22193,11.98,4.96925,3.29538,9114.1,9999,9999,259.7,4.96999,1.87526,1.87134,1.87439,1.87435,1.87241,1.87363,1.87491,0,0,0,0,11111111,oooooooo,on,on,on,on,0,100,100,-2.32,0.217,-1.274972174,-0.002774575,7.27494E-07,-2.16226E-10,-0.081671795,-0.001584374,0.000939206,-5.31953E-06,23,2146,2,22,3.5,1.6,0.15625,4.99756,1.49902,2.27783,1.49902,2.32422,33.5355,15.6205,3,351.957,665.22,28.6467,29.1049,30.0002,28.9687,28.9995,-1,40,10,-999.9,400,20,100.663,107.088
29,1786548609,3393,20260812 11:30:08,11:30:08,15,1786548601,0.000588922,0.588921683,2.25076129,453.7864,325.1640451,33.05544533,46.13090459,0.030996954,3.129382367,0.030827389,0.019282276,261.4501219,30.21550589,29.21618333,4.072358595,54.73660508,2.190123385,4.00120428,1.88223521,-25.97144623,-51.41700663,-3.619557904,180.4421111,2.928549804,0.58908099,2.25076129,462.7974298,463.1986667,-0.592385734,92.58205182,0.588921683,20.27732353,21.58510769,0.00722862,95.72741091,0,0,1,0,53412.34849,1500.000333,1273.860309,0.849240017,0.174300043,9,0.5,0: Broadleaf,2,TRUE,1786548601,453.7864,461.4535667,21.54408667,20.16127667,456.0694,21.33308667,375.1425,101.5578,0.0999504,28.91142,29.21618333,999.9,0,0,10010.05233,697.3862333,0.218638,-7.666125133,463.8008,470.9485333,1.428659667,461.4535667,20.16127667,2.192625667,2.047534667,18.90852333,17.81658,1500.000333,0.691999433,0.308000567,31,28282.54,1786548637,11:30:37,1786548632,1786548637,30,0.014,0.005,-2.283,0.211,464,20,0.59,0.08,-5.517443561,-5.706518948,6.752891202,0,1.46263,-0.35937324,0.115829304,0,0,2,0/2,2.63517,2.71276,0.10425,0.104924,0.109628,0.103857,25100.2,24789.6,25494.1,25462.8,31349.4,31092.8,39154.8,38313.1,1.69823,2.13707,0.0947937,0,27.6717,999.9,68.3,30.2,28.9833,61.9655,20.2284,1,0.138847,0,20.414,5.21744,11.98,4.9684,3.2954,9114.1,9999,9999,259.7,4.96994,1.87526,1.87134,1.87439,1.8743,1.87241,1.87363,1.87488,0,0,0,0,11111111,oooooooo,on,on,on,on,0,100,100,-2.283,0.211,-1.147461919,-0.002774575,7.27494E-07,-2.16226E-10,-0.085132702,-0.001584374,0.000939206,-5.31953E-06,23,2146,2,22,1.4,1.7,0.15625,4.99756,1.49902,2.27661,1.49902,2.3877,33.6029,15.6205,3,351.811,665.735,28.6824,29.1511,30.0003,29.0195,29.0489,-1,40,10,-999.9,400,20,100.653,107.075
30,1786548729,3513,20260812 11:32:08,11:32:08,15,1786548721,0.000554177,0.554177258,2.100012983,481.1547333,354.8608261,36.07551892,48.91468827,0.029672736,3.128794332,0.029517282,0.0184622,261.4499062,30.25381532,29.27580333,4.086406596,55.81524459,2.237115125,4.008071884,1.849291471,-24.43921707,-56.46773178,-3.97761884,176.5653385,9.821713308,0.457912433,2.100012983,509.4239689,501.0063758,0.327818714,92.5802001,0.554177258,20.99794623,22.14538881,0.014801319,95.69939213,0,0,1,0,53393.41275,1499.999333,1273.859365,0.849239954,0.174300015,9,0.5,0: Broadleaf,2,TRUE,1786548721,481.1547333,505.2475,22.00563,20.93118667,483.7087333,21.77463,375.1265333,101.5610667,0.099968507,28.94104,29.27580333,999.9,0,0,10007.03967,697.5480333,0.218638,-23.86833633,492.2335667,516.0489333,1.119175,505.2475,20.93118667,2.239456667,2.125793,19.24735667,18.41368333,1499.999333,0.6919996,0.308000333,31,28282.51,1786548750,11:32:29,1786548746,1786548750,31,-0.244,-0.006,-2.554,0.231,463,21,0.53,0.09,-21.73456561,21.45776279,12.02231035,0,1.097794146,0.20274899,0.04386592,0,0,2,0/2,2.63522,2.71271,0.110446,0.111109,0.111621,0.107965,24924.5,24616.4,25492.1,25460.9,31276.3,30946.5,39151.7,38309.6,1.69792,2.13535,0.0905208,0,27.813,999.9,69.1,30.2,29.3217,62.2054,20.625,1,0.141001,0,20.4131,5.22103,11.98,4.968,3.29533,9114.1,9999,9999,259.8,4.97,1.87523,1.87131,1.87439,1.87435,1.87241,1.87363,1.87488,0,0,0,0,11111111,oooooooo,on,on,on,on,0,100,100,-2.554,0.231,-1.13318484,-0.002774575,7.27494E-07,-2.16226E-10,-0.080147618,-0.001584374,0.000939206,-5.31953E-06,23,2146,2,22,1.6,1.5,0.15625,4.99756,1.49902,2.27661,1.4978,2.30591,33.6479,15.5768,3,351.868,664.697,28.7127,29.1836,30.0002,29.0568,29.0885,-1,40,10,-999.9,400,20,100.645,107.066
31,1786548849,3633,20260812 11:34:08,11:34:08,15,1786548841,0.000571454,0.571453788,2.7211479,466.1069677,311.567844,31.67654537,47.38826164,0.030615495,3.126166023,0.030449897,0.019045989,261.4500072,30.29983505,29.33263226,4.099836259,56.01234217,2.251424171,4.019514421,1.848412087,-25.20111204,-57.69703443,-4.069771473,174.4820892,0.490160827,0.558204779,2.7211479,472.3990381,472.8511455,-0.713462538,92.58103478,0.571453788,20.75027819,22.15624545,-0.006333322,95.71158909,0,0,1,0,53323.33717,1500.000645,1273.860468,0.849239947,0.17429993,9,0.5,0: Broadleaf,2,TRUE,1786548841,466.1069677,467.9071613,22.14481935,20.83525484,468.3519677,21.90781935,375.1316452,101.5682258,0.09998539,28.99029355,29.33263226,999.9,0,0,9994.311613,698.1163548,0.218638,-2.094267258,476.3796129,477.8641935,1.346134839,467.9071613,20.83525484,2.252923871,2.1162,19.34370645,18.3414,1500.000645,0.692000839,0.307999129,31,28282.55806,1786548869,11:34:28,1786548869,1786548868,32,0.318,0,-2.245,0.237,482,21,0.6,0.07,-4.097649146,42.68015392,4.442067926,0,1.301530976,1.317105157,0.138627889,0,0,2,0/2,2.63505,2.71263,0.105822,0.105445,0.111637,0.106687,25051.8,24770.5,25489.9,25458.2,31272.6,30988,39148.2,38306.1,1.69797,2.13473,0.0928268,0,27.8072,999.9,68.8,30.3,29.3608,61.5154,20.9054,1,0.14358,0,20.4123,5.21729,11.98,4.96915,3.29525,9114.1,9999,9999,259.8,4.97,1.87528,1.87133,1.87439,1.87436,1.87241,1.87363,1.87489,0,0,0,0,11111111,oooooooo,on,on,on,on,0,100,100,-2.245,0.237,-1.376952628,-0.002774575,7.27494E-07,-2.16226E-10,-0.086565088,-0.001584374,0.000939206,-5.31953E-06,23,2146,2,22,1.7,1.6,0.155029,4.99756,1.49902,2.27661,1.49902,2.28638,33.7155,15.5505,3,352.108,664.601,28.7745,29.2244,30.0001,29.0967,29.1269,-1,40,10,-999.9,400,20,100.636,107.055
32,1786548969,3753,20260812 11:36:08,11:36:08,15,1786548961,0.000557371,0.557371124,2.858005419,479.264871,316.6142184,32.19091579,48.727992,0.030436449,3.125333879,0.030272734,0.018935094,261.4500054,30.32958825,29.3564129,4.105467448,56.94622253,2.292408739,4.025567698,1.813058709,-24.58006655,-57.30664342,-4.044310157,175.5189853,2.867647694,0.487365701,2.858005419,493.3401885,489.4295152,-0.310129654,92.62118166,0.557371124,21.36001909,22.62796294,0.003747458,96.45346536,0,0,1,0,53299.35758,1500.000323,1273.860254,0.849239986,0.174299966,9,0.5,0: Broadleaf,2,TRUE,1786548961,479.264871,486.7048387,22.54701935,21.40417097,481.661871,22.29901935,375.1498065,101.5723548,0.100008294,29.0163,29.3564129,999.9,0,0,9990.1,698.3996774,0.218638,-7.294007555,490.4885484,497.3503871,1.180979677,486.7048387,21.40417097,2.29402871,2.174073548,19.63449032,18.77243871,1500.000323,0.692000452,0.307999548,30.99865484,28282.52581,1786548995,11:36:34,1786548995,1786548988,33,-0.129,0,-2.397,0.248,487,21,0.8,0.07,-8.294717907,37.70116751,5.367916545,0,1.163691951,0.849123972,0.105391921,0,0,2,0/2,2.63497,2.7125,0.108498,0.108851,0.113295,0.108807,24978.9,24678.2,25492,25460.2,31215.8,30916.2,39151.2,38308.9,1.69818,2.13493,0.0976399,0,27.7695,999.9,69.5,30.4,29.8276,62.5354,20.3325,1,0.141047,0,20.4103,5.22178,11.98,4.96875,3.29533,9114.1,9999,9999,259.8,4.96996,1.87531,1.87134,1.87439,1.87433,1.87241,1.87363,1.87488,0,0,0,0,11111111,oooooooo,on,on,on,on,0,100,100,-2.397,0.248,-1.0593028,-0.002774575,7.27494E-07,-2.16226E-10,-0.086588607,-0.001584374,0.000939206,-5.31953E-06,23,2146,2,22,1.7,1.7,0.155029,4.99756,1.49902,2.27661,1.4978,2.323,33.7606,15.533,3,352.177,664.762,28.7885,29.2086,30,29.0917,29.1257,-1,40,10,-999.9,400,20,100.644,107.063
33,1786549089,3873,20260812 11:38:08,11:38:08,15,1786549081,0.000534361,0.534361039,2.906526997,479.6885161,309.7645754,31.49649936,48.77416671,0.029485358,3.13014681,0.029331921,0.01834617,261.4502994,30.36150025,29.38320645,4.111820162,57.48884148,2.318031309,4.03214128,1.793788853,-23.56532183,-57.15700759,-4.028647155,176.6993228,4.510344401,0.477202099,2.906526997,508.3457083,493.8642242,0.736783505,92.60980696,0.534361039,21.72674705,22.89284336,0.008348196,96.20107172,0,0,1,0,53407.16135,1500.002258,1273.861993,0.84924005,0.174299937,9,0.5,0: Broadleaf,2,TRUE,1786549081,479.6885161,491.0585806,22.79758065,21.6788129,482.0696452,22.53958065,375.1366129,101.578871,0.099958252,29.04450323,29.38320645,999.9,0,0,10011.47355,698.5622581,0.218638,-11.37021935,490.8971613,501.9404194,1.154214516,491.0585806,21.6788129,2.31935129,2.202108065,19.8114129,18.97758065,1500.002258,0.692001129,0.307998968,31,28282.57419,1786549107,11:38:26,1786548995,1786549107,34,-0.129,-0.003,-2.397,0.258,487,22,0.8,0.08,-12.7047878,-6.697310801,5.255203366,0,1.196606829,-0.784138328,0.085760483,0,0,2,0/2,2.63503,2.71263,0.109313,0.111277,0.114242,0.110673,24957.3,24611.5,25493.2,25460.7,31183.1,30851.4,39152.6,38309.5,1.69848,2.13433,0.0989549,0,27.7662,999.9,70,30.5,30.2123,62.0855,19.98,1,0.139835,0,20.4116,5.22178,11.98,4.9688,3.29525,9114.1,9999,9999,259.9,4.97002,1.8753,1.87134,1.87439,1.87431,1.87241,1.87363,1.87488,0,0,0,0,11111111,oooooooo,on,on,on,on,0,100,100,-2.389,0.258,-1.188461675,-0.002774575,7.27494E-07,-2.16226E-10,-0.08708141,-0.001584374,0.000939206,-5.31953E-06,23,2146,2,22,1.6,1.7,0.155029,4.99756,1.4978,2.27661,1.49902,2.39868,33.8283,15.5155,3,352.268,664.204,28.8131,29.1936,30.0001,29.0817,29.1226,-1,40,10,-999.9,400,20,100.648,107.065
34,1786549209,3993,20260812 11:40:08,11:40:08,15,1786549201,0.000546953,0.546953229,3.030370843,478.3280323,306.934187,31.20878793,48.63595765,0.030434133,3.127190965,0.030270539,0.018933712,261.4501777,30.39246358,29.43974194,4.125252773,58.08420768,2.346499132,4.039822916,1.778753641,-24.12063741,-61.08672562,-4.311612306,171.9312024,0.656690756,0.527116165,3.030370843,489.5471146,486.2008,-0.409444746,92.60951811,0.546953229,21.83300537,23.11552028,-6.32853E-05,96.19443123,0,0,1,0,53332.17623,1500.00129,1273.861077,0.849239987,0.174299969,9,0.5,0: Broadleaf,2,TRUE,1786549201,478.3280323,480.5083871,23.0775,21.84208387,480.6680323,22.8215,375.142,101.5790968,0.099990313,29.07740968,29.43974194,999.9,0,0,9997.929355,698.6767742,0.218638,-2.218361871,489.6102258,491.2379355,1.278657742,480.5083871,21.84208387,2.348585806,2.218700968,20.01356452,19.09797097,1500.00129,0.692000419,0.307999581,31,28282.55806,1786549230,11:40:30,1786549230,1786549229,35,0.049,-0.001,-2.34,0.256,484,22,0.72,0.06,-2.043577622,-1.110968471,2.249292733,0,1.271687073,0.206674704,0.022249926,0,0,2,0/2,2.63502,2.71251,0.107968,0.108197,0.115006,0.110776,24994.3,24696.8,25492.5,25460.7,31154.7,30847.5,39151.6,38309.5,1.6985,2.1345,0.0916906,0,27.9439,999.9,70.2,30.5,30.3,62.2955,20.3165,1,0.139266,0,20.4108,5.22088,11.98,4.96795,3.29523,9114.1,9999,9999,259.9,4.97001,1.8753,1.87134,1.87439,1.87436,1.87241,1.87363,1.87486,0,0,0,0,11111111,oooooooo,on,on,on,on,0,100,100,-2.34,0.256,-1.188461675,-0.002774575,7.27494E-07,-2.16226E-10,-0.090537945,-0.001584374,0.000939206,-5.31953E-06,23,2146,2,22,3.6,1.7,0.15625,4.99756,1.4978,2.27661,1.4978,2.35474,33.8735,15.4804,3,352.253,664.277,28.8453,29.1886,30.0001,29.0768,29.1158,-1,40,10,-999.9,400,20,100.645,107.065
35,1786549329,4113,20260812 11:42:08,11:42:08,15,1786549321,0.000519117,0.519116544,2.778034329,484.9586333,320.7090793,32.60858146,49.30890367,0.029227992,3.127287311,0.029077078,0.018186668,261.4499213,30.4319683,29.44260667,4.125934439,58.52191308,2.368665918,4.047485452,1.757268521,-22.8930396,-56.04657537,-3.956446819,178.5538595,2.620928362,0.49537152,2.778034329,501.0530289,496.1495455,-0.191622005,92.60894991,0.519116544,22.14660961,23.35848112,0.000427413,96.18334215,0,0,1,0,53328.59063,1500,1273.860008,0.849240005,0.174299948,9,0.5,0: Broadleaf,2,TRUE,1786549321,484.9586333,491.8227333,23.29609667,22.13535667,487.3126333,23.03709667,375.1470333,101.5765333,0.099981487,29.11018,29.44260667,999.9,0,0,9998.622333,698.913,0.218638,-6.853889,496.5595,502.9557667,1.206945667,491.8227333,22.13535667,2.371030333,2.248431333,20.16726333,19.31164667,1500,0.6920008,0.307999233,31,28282.54333,1786549348,11:42:27,1786549348,1786549348,36,-0.019,-0.003,-2.354,0.259,480,22,0.24,0.08,-6.081533902,-8.144821882,2.39070451,0,1.182859268,0.343990871,0.043157107,0,0,2,0/2,2.63514,2.7127,0.109578,0.110227,0.115846,0.112024,24949.6,24639.9,25492.9,25459.9,31125,30803,39151.8,38308.4,1.6988,2.13403,0.0998043,0,27.8198,999.9,70.4,30.6,30.561,62.4155,20.7933,1,0.139207,0,20.4112,5.21894,11.98,4.9698,3.2952,9114.1,9999,9999,259.9,4.97002,1.87531,1.87134,1.87439,1.87432,1.87241,1.87365,1.87491,0,0,0,0,11111111,oooooooo,on,on,on,on,0,100,100,-2.354,0.259,-1.139598966,-0.002774575,7.27494E-07,-2.16226E-10,-0.091695318,-0.001584374,0.000939206,-5.31953E-06,23,2146,2,22,1.6,1.7,0.15625,4.99756,1.49902,2.27661,1.4978,2.29248,33.9413,15.4367,3,352.397,663.863,28.8625,29.1886,30.0001,29.0768,29.1158,-1,40,10,-999.9,400,20,100.646,107.062
36,1786549449,4233,20260812 11:44:08,11:44:08,15,1786549441,0.000569635,0.569635192,2.826016403,452.9313226,293.9209917,29.88350371,46.05038511,0.030719162,3.129912624,0.030552642,0.019110287,261.4497315,30.47930381,29.48792258,4.136730483,56.6541353,2.301135698,4.06172592,1.835594785,-25.12091197,-53.48781064,-3.774637183,179.0663718,5.380479045,0.513281652,2.826016403,483.6839898,468.1031879,0.867316542,92.61101202,0.569635192,21.44627757,22.72426783,0.005553169,96.22498707,0,0,1,0,53379.18509,1499.99871,1273.858887,0.849239988,0.174299971,9,0.5,0: Broadleaf,2,TRUE,1786549441,452.9313226,466.3973226,22.63295806,21.42941935,455.2227742,22.39095806,375.1421613,101.5719032,0.0999901,29.17093871,29.48792258,999.9,0,0,10011.08871,698.139871,0.218638,-13.46600355,463.4384516,476.611,1.242549032,466.3973226,21.42941935,2.302835806,2.176629677,19.69623548,18.7913,1499.99871,0.692000387,0.307999613,31,28282.50645,1786549483,11:44:42,1786549348,1786549483,37,-0.019,0.008,-2.354,0.242,480,21,0.24,0.06,-12.72129951,-22.58569589,3.188661707,0,1.267933171,-0.373348641,0.049369538,0,0,2,0/2,2.6352,2.71268,0.105054,0.106055,0.113673,0.109693,25073.5,24752.5,25490.2,25457.1,31199.4,30881.4,39147.9,38304.7,1.69845,2.1334,0.0965074,0,27.9166,999.9,68.6,30.7,29.9526,62.5655,20.3806,1,0.142449,0,20.4117,5.22193,11.98,4.96965,3.29513,9114.1,9999,9999,260,4.96999,1.87531,1.87134,1.87439,1.87436,1.87241,1.87364,1.87487,0,0,0,0,11111111,oooooooo,on,on,on,on,0,100,100,-2.302,0.242,-1.158726657,-0.002774575,7.27494E-07,-2.16226E-10,-0.094666997,-0.001584374,0.000939206,-5.31953E-06,23,2146,2,22,1.7,1.7,0.155029,4.99756,1.4978,2.27539,1.4978,2.32544,34.0092,15.4279,3,352.363,663.608,28.9179,29.2237,30.0003,29.1017,29.1406,-1,40,10,-999.9,400,20,100.636,107.051
37,1786549569,4353,20260812 11:46:08,11:46:08,15,1786549561,0.000569064,0.569064171,2.6899962,453.0054194,298.8799306,30.38742798,46.05752393,0.030285026,3.126173786,0.030122974,0.018841346,261.4500852,30.52280655,29.5239129,4.14532234,56.12955799,2.285359919,4.071580111,1.859962421,-25.09572996,-52.4219295,-3.705274481,180.2271513,7.690488926,0.394340367,2.6899962,486.6208779,470.7276727,0.932101875,92.60803065,0.569064171,21.64765843,22.69501399,0.027702182,96.16484806,0,0,1,0,53284.30592,1500.000323,1273.860248,0.849239983,0.174300019,9,0.5,0: Broadleaf,2,TRUE,1786549561,453.0054194,471.8846452,22.4779871,21.55317097,455.2969032,22.2099871,375.1326774,101.5710323,0.09998969,29.21287419,29.5239129,999.9,0,0,9994.070968,698.1189355,0.218638,-18.87933871,463.4297742,482.2798065,0.939530581,471.8846452,21.55317097,2.284606774,2.189177419,19.56806452,18.88313871,1500.000323,0.691999645,0.308000323,31,28282.52581,1786549590,11:46:30,1786549348,1786549590,38,-0.019,0,-2.354,0.268,480,22,0.24,0.14,-19.4841878,10.42735819,2.008022608,0,0.938672268,0.06296262,0.016854672,1,1,2,1/2,2.63507,2.71263,0.105492,0.107213,0.113553,0.110472,25056.1,24714.5,25485.2,25451.2,31197.6,30847.5,39139.9,38296.3,1.69745,2.13155,0.0961274,0,27.9547,999.9,67.5,30.8,29.6423,62.2355,19.9399,1,0.149627,0,20.4114,5.21939,11.98,4.96775,3.2953,9114.1,9999,9999,260,4.97001,1.8753,1.87134,1.87439,1.87434,1.87241,1.87365,1.87485,0,0,0,0,11111111,oooooooo,on,on,on,on,0,100,100,-2.308,0.268,-1.158726657,-0.002774575,7.27494E-07,-2.16226E-10,-0.087103866,-0.001584374,0.000939206,-5.31953E-06,23,2146,2,22,3.7,1.4,0.155029,4.99756,1.4978,2.27661,1.4978,2.39502,34.0545,15.4104,3,352.235,662.717,28.964,29.2985,30.0004,29.1674,29.2021,-1,40,10,-999.9,400,20,100.615,107.027
38,1786549689,4473,20260812 11:48:08,11:48:08,15,1786549681,0.000571116,0.57111565,2.938846378,474.7972333,314.8077219,32.0066196,48.27281345,0.031798335,3.127023417,0.031619783,0.019778323,261.450135,30.57521325,29.56414,4.154944036,58.21486332,2.377571582,4.084131519,1.777372454,-25.18620016,-50.23468609,-3.551358413,182.4778903,1.580072917,0.579684972,2.938846378,492.6922952,485.192297,0.029167993,92.61056887,0.57111565,21.99563606,23.40315804,-0.006705489,96.2164359,0,0,1,0,53294.76759,1500.000667,1273.860574,0.849240005,0.174300013,9,0.5,0: Broadleaf,2,TRUE,1786549681,474.7972333,479.2481333,23.38509667,22.02694667,477.2092333,23.13009667,375.1545,101.5703667,0.10000979,29.26616,29.56414,999.9,0,0,9998.022333,698.1234,0.218638,-4.37964424,486.2679667,490.0423333,1.415772667,479.2481333,22.02694667,2.381086,2.237285,20.23569667,19.23180667,1500.000667,0.691999833,0.308000167,31,28282.53,1786549710,11:48:29,1786549710,1786549708,39,-0.083,-0.009,-2.412,0.255,468,22,0.26,0.07,-4.577796273,-9.369596444,2.882536136,0,1.431014146,-0.183417282,0.033607533,0,0,2,0/2,2.63487,2.71254,0.107741,0.107622,0.115924,0.111453,24988.4,24699,25480.7,25447.2,31107.8,30808.4,39133.1,38290.3,1.69718,2.13083,0.0971816,0,27.9714,999.9,68.7,30.9,30.3383,62.5655,20.5489,1,0.154571,0,20.4117,5.22178,11.98,4.9694,3.2953,9114.1,9999,9999,260,4.96998,1.8753,1.87134,1.87439,1.87434,1.87241,1.87364,1.8749,0,0,0,0,11111111,oooooooo,on,on,on,on,0,100,100,-2.412,0.255,-1.158726657,-0.002774575,7.27494E-07,-2.16226E-10,-0.087366505,-0.001584374,0.000939206,-5.31953E-06,23,2146,2,22,5.7,1.6,0.15625,4.99756,1.4978,2.27661,1.4978,2.30835,34.1225,15.3666,3,352.448,662.784,29.0204,29.371,30.0003,29.2313,29.262,-1,40,10,-999.9,400,20,100.598,107.01
39,1786550186,4970.1,20260812 11:56:25,11:56:25,15,1786550178,0.000327069,0.327069298,1.284185367,463.4288,314.5184277,31.98369741,47.12654396,0.015200185,3.130777585,0.015159305,0.00947823,261.4488792,32.08526023,31.21404,4.566728851,55.14719602,2.448373496,4.439706228,2.118355355,-14.42375606,-83.48516931,-5.986138574,157.5538152,-0.969714501,0.237233738,1.284185367,467.9176853,471.1186788,-0.640219579,92.61874129,0.327069298,23.50207476,24.1895965,0.007564623,96.39512281,0,0,1,0,53127.58172,1499.993333,1273.854316,0.849239985,0.174300027,9,0.5,0: Broadleaf,2,TRUE,1786550178,463.4288,461.3661333,24.07659667,23.52115667,465.7648,23.79859667,375.1436,101.5910333,0.09997931,30.71942,31.21404,999.9,0,0,10013.161,693.9612333,0.218638,2.171821833,474.9999667,472.4794333,0.609629767,461.3661333,23.52115667,2.451471,2.389538,20.70780667,20.29299,1499.993333,0.691999533,0.308000433,34,28282.39667,1786550203,11:56:42,1786550202,1786550203,41,-0.134,-0.026,-2.336,0.278,455,23,0.54,0.28,1.143442375,29.38306193,3.804944769,0,0.6165501,0.428148653,0.093238758,0,0,2,0/2,2.63389,2.71276,0.105082,0.104032,0.118344,0.116067,25002.6,24733.6,25424.1,25384.4,30957.9,30578.1,39047.9,38203.1,1.68967,2.10938,0.0712648,0,30.1028,999.9,68,31.6,31.247,62.7473,21.5905,1,0.24638,0,20.4098,5.21834,11.98,4.9686,3.29505,9114.1,9999,9999,260.2,4.97,1.87537,1.87137,1.87453,1.87439,1.87244,1.87374,1.87495,0,0,0,0,11111111,oooooooo,on,on,on,on,0,100,100,-2.336,0.278,-1.0705,-0.00277457,7.27494E-07,-2.16226E-10,-0.090351582,-0.001584374,0.000939206,-5.31953E-06,23,2146,2,22,1.4,1.4,0.158691,4.99756,1.4978,2.27661,1.49902,2.39136,35.7777,15.2791,3,354.248,655.516,30.2576,30.5094,30.0012,30.2466,30.2501,-1,40,10,-999.9,400,20,100.377,106.759
40,1786550347,5131.1,20260812 11:59:06,11:59:06,15,1786550339,0.000355116,0.355115722,2.641230386,436.6857419,146.5598991,14.90271347,44.40370475,0.01517203,3.127186499,0.015131255,0.009460689,261.448529,32.91560631,32.02438065,4.781676604,53.27086591,2.480483998,4.656361325,2.301192606,-15.66060336,-78.98195666,-5.715948654,161.0900203,3.300236384,0.40731348,2.641230386,456.1784834,448.6528364,0.104709905,92.63068796,0.355115722,23.58960022,24.57462667,-0.014893937,96.71883663,0,0,1,0,52898.1448,1499.99129,1273.852547,0.849239962,0.174300031,9,0.5,0: Broadleaf,2,TRUE,1786550339,436.6857419,445.0302903,24.39418065,23.44080645,438.8977419,24.11618065,375.1304194,101.5834516,0.099979945,31.55590323,32.02438065,999.9,0,0,9997.480323,693.8644516,0.218638,-8.432625484,447.5357419,455.7127419,0.999840742,445.0302903,23.44080645,2.482765806,2.381197419,20.91390323,20.23592581,1499.99129,0.691999387,0.308000548,35.80645161,28282.36129,1786550377,11:59:37,1786550373,1786550377,42,0.085,0,-2.212,0.278,434,23,0.2,0.17,-6.448538625,-29.00927954,3.520120282,0,1.0976794,-1.87432782,0.199771182,0,0,2,0/2,2.63316,2.71254,0.101233,0.101942,0.11975,0.116846,25084.4,24765,25400.1,25359.2,30881.3,30522.8,39012.2,38167.4,1.68655,2.10022,0.0664964,0,30.982,999.9,66,32.1,31.1989,62.7873,22.1474,1,0.286118,0,20.409,5.21549,11.98,4.96745,3.2948,9114.1,9999,9999,260.2,4.97001,1.87541,1.87146,1.87454,1.87439,1.87243,1.87378,1.87499,0,0,0,0,11111111,oooooooo,on,on,on,on,0,100,100,-2.212,0.278,-1.204238409,-0.002774575,7.27494E-07,-2.16226E-10,0.27762,0,0,0,23,2146,2,22,2.4,2.4,0.158691,4.99756,1.49902,2.27661,1.4978,2.41577,36.5759,15.2528,3,355.315,653.011,31.0232,31.028,30.0012,30.7353,30.7312,-1,40,10,-999.9,400,20,100.284,106.656
41,1786550467,5251.1,20260812 12:01:06,12:01:06,15,1786550459,0.0008305,0.830499512,3.856936861,422.5234667,232.8218195,23.67396446,42.96335093,0.035011193,3.127088757,0.034794874,0.02176612,261.4488584,33.35365748,32.53817,4.922478664,53.79962689,2.585066153,4.804988999,2.337412511,-36.62502849,-72.12515092,-5.247372408,147.4513065,3.194343426,0.825056352,3.856936861,443.2853141,432.9008061,0.091940406,92.63316595,0.830499512,23.48930925,25.4299703,0.000108905,96.80280845,0,0,1,0,52799.73845,1499.993667,1273.85445,0.849239886,0.174299975,9,0.5,0: Broadleaf,2,TRUE,1786550459,422.5234667,431.0233667,25.42285667,23.49378333,424.7069667,25.11885667,375.1402,101.5827333,0.100023533,32.11035,32.53817,999.9,0,0,9997.104,694.2698667,0.218638,-8.499910333,433.5336667,441.3938,1.902756333,431.0233667,23.49378333,2.579847667,2.386561667,21.53921667,20.27267,1499.993667,0.691999933,0.307999933,36,28282.40667,1786550494,12:01:33,1786550373,1786550494,43,0.085,0.027,-2.212,0.304,434,24,0.2,0.19,-7.66560875,-31.863737,3.530425363,0,1.897748,-0.432379812,0.105056234,0,0,2,0/2,2.63261,2.71255,0.0984238,0.100829,0.122606,0.117486,25149.7,24781.7,25388.3,25345.9,30767.1,30486.1,38994.5,38148.8,1.68347,2.09398,0.0537001,0,31.6878,999.9,64.8,32.5,31.3341,62.1573,22.1314,1,0.30873,0,20.4093,5.21714,11.98,4.9678,3.29503,9114.1,9999,9999,260.2,4.97,1.87546,1.87145,1.87454,1.8744,1.87246,1.87378,1.875,0,0,0,0,11111111,oooooooo,on,on,on,on,0,100,100,-2.182,0.304,-1.119717677,-0.002774575,7.27494E-07,-2.16226E-10,0.277685714,0,0,0,23,2146,2,22,1.6,1.5,0.158691,4.99756,1.49902,2.27661,1.4978,2.42065,37.1463,15.2353,3,355.453,651.046,31.5708,31.3543,30.0009,31.0474,31.0399,-1,40,10,-999.9,400,20,100.238,106.603
42,1786550587,5371.1,20260812 12:03:06,12:03:06,15,1786550579,0.001060183,1.060182694,4.578847889,426.0592581,247.3635775,25.15103519,43.32016663,0.044493207,3.12688918,0.044144459,0.027621392,261.4503155,33.80061813,32.93653871,5.034120247,54.31272582,2.684929687,4.943463336,2.34919056,-46.7540568,-54.4323771,-3.977978725,156.2859029,4.405889146,0.553347859,4.578847889,440.1424812,435.5725939,-0.678866517,92.63431318,1.060182694,25.75406299,27.08447152,0.110921368,96.84536151,0,0,1,0,52708.03535,1500.00129,1273.861057,0.849239974,0.17430006,9,0.5,0: Broadleaf,2,TRUE,1786550579,426.0592581,437.1950323,26.40661935,25.11413871,428.3182581,26.15061935,375.1408065,101.5763871,0.100001358,32.61364516,32.93653871,999.9,0,0,9996.815806,695.8424516,0.218638,-11.06835223,437.7061935,448.4522903,1.34089671,437.1950323,25.11413871,2.68721,2.551007097,22.20576452,21.35044839,1500.00129,0.691999,0.308000935,37,28282.52258,1786550616,12:03:36,1786550604,1786550616,44,-0.106,-0.048,-2.259,0.256,406,23,0.28,0.21,-10.71745273,42.65851665,8.649928312,0,1.6401182,-5.180551385,0.720624197,0,0,2,0/2,2.63242,2.71254,0.0986281,0.0990635,0.128013,0.121352,25128.3,24814.7,25373.7,25330.9,30559.7,30334.7,38972.6,38127.2,1.68143,2.08765,0.0616387,0,31.9628,999.9,64.8,33,32.2303,62.5773,21.1739,1,0.332812,0,20.4091,5.21699,11.98,4.96785,3.29505,9114.1,9999,9999,260.3,4.97,1.87546,1.87149,1.87458,1.87441,1.8725,1.87378,1.875,0,0,0,0,11111111,oooooooo,on,on,on,on,0,100,100,-2.259,0.256,-1.119717677,-0.002774575,7.27494E-07,-2.16226E-10,0.30441,0,0,0,23,2146,2,22,3.6,1.6,0.158691,4.99756,1.49902,2.27661,1.4978,2.33521,37.6987,15.1827,3,356.049,648.908,32.0635,31.6616,30.001,31.3527,31.3406,-1,40,10,-999.9,400,20,100.181,106.541
43,1786550707,5491.1,20260812 12:05:06,12:05:06,15,1786550699,0.000932376,0.932376442,4.277132209,416.1633333,239.9847572,24.40128108,42.31484779,0.041886595,3.127904353,0.041577459,0.026013496,261.4493496,34.13061297,33.22836,5.117294177,58.22688057,2.927350721,5.027490211,2.189943456,-41.11780111,-53.16335385,-3.895252549,163.2729421,10.52828417,0.551215202,4.277132209,455.6416446,436.4187697,0.87966826,92.63409857,0.932376442,27.87994034,29.3051703,0.072405559,96.83642116,0,0,1,0,52679.94304,1499.997,1273.857401,0.849239966,0.174299915,9,0.5,0: Broadleaf,2,TRUE,1786550699,416.1633333,441.9724,28.79027333,27.50591,418.4384,28.53389667,375.1360667,101.5784667,0.099995607,32.91309667,33.22836,999.9,0,0,10001.25433,699.4490667,0.218638,-25.80912,428.5014,454.4748667,1.284356267,441.9724,27.50591,2.924472667,2.794008333,23.60334667,22.84653333,1499.997,0.692001133,0.307998867,37,28282.48333,1786550616,12:03:36,1786550604,1786550616,44,-0.106,-0.048,-2.259,0.256,406,23,0.28,0.21,-26.40530244,10.38825993,3.720384367,0,1.227971244,0.002511366,0.224396117,1,1,2,1/2,2.63197,2.71266,0.0986767,0.10244,0.135387,0.131745,25114.7,24709,25362.3,25318.7,30286.9,29960.3,38955.9,38109.6,1.67892,2.079,0.0719465,0,32.1029,999.9,67.2,33.5,34.3762,61.8873,21.867,1,0.351143,0,20.4091,5.21684,11.98,4.96775,3.2951,9114.1,9999,9999,260.3,4.97,1.87546,1.87149,1.87464,1.8744,1.87249,1.87378,1.875,0,0,0,0,11111111,oooooooo,on,on,on,on,0,100,100,-2.293,0.2564,-1.225667002,-0.002774575,7.27494E-07,-2.16226E-10,0.25637619,0,0,0,23,2146,2,22,1.7,1.5,0.158691,4.99756,1.49902,2.27661,1.4978,2.3877,38.208,15.1915,3,356.13,644.189,32.4188,31.9116,30.0007,31.6036,31.5898,-1,40,10,-999.9,400,20,100.138,106.491
44,1786550827,5611.1,20260812 12:07:06,12:07:06,15,1786550819,0.001356444,1.356443694,4.837883129,396.0267667,244.0915965,24.81928511,40.26808532,0.055990907,3.129270162,0.055440246,0.034699177,261.4491716,34.41249392,33.5829,5.219950459,55.09648844,2.830650321,5.137623833,2.389300138,-59.81916689,-47.88528764,-3.519742321,150.2249748,6.922984238,1.205087565,4.837883129,425.9662812,410.1890182,0.39343519,92.63007811,1.356443694,25.01231472,27.94995576,0.021947575,96.70038895,0,0,1,0,52645.12111,1499.994667,1273.855511,0.849240027,0.174300068,9,0.5,0: Broadleaf,2,TRUE,1786550819,396.0267667,413.7801333,27.83875333,25.02819667,398.2556333,27.51575333,375.1518333,101.5802333,0.09997797,33.29906,33.5829,999.9,0,0,10007.32833,702.1219333,0.218638,-17.75343667,407.3397333,424.4020333,2.743926,413.7801333,25.02819667,2.821099667,2.542372333,23.00788667,21.30014667,1499.994667,0.6919991,0.3080009,37,28282.42,1786550861,12:07:40,1786550604,1786550861,45,-0.106,0.066,-2.259,0.323,406,25,0.28,0.06,-16.53843171,-17.04641394,2.108101842,0,2.765170732,0.449459164,0.200633499,0,0,2,0/2,2.63155,2.71262,0.0941574,0.0968788,0.130812,0.120123,25231.7,24852,25354.1,25309.1,30439.8,30353.2,38943.6,38096.1,1.67763,2.07875,0.0618175,0,32.627,999.9,61.8,33.9,32.324,62.4273,21.5425,1,0.365783,0,20.4109,5.21729,11.98,4.96775,3.2951,9114.1,9999,9999,260.4,4.97001,1.87548,1.87149,1.87469,1.87447,1.87252,1.87378,1.875,0,0,0,0,11111111,oooooooo,on,on,on,on,0,100,100,-2.236,0.323,-1.225667002,-0.002774575,7.27494E-07,-2.16226E-10,0.25637619,0,0,0,23,2146,2,22,3.7,3.5,0.158691,4.99756,1.49902,2.27539,1.4978,2.2998,38.7717,15.139,3,356.537,646.157,32.8018,32.1168,30.0008,31.8047,31.7909,-1,40,10,-999.9,400,20,100.106,106.452
45,1786550947,5731.1,20260812 12:09:06,12:09:06,15,1786550939,0.001442728,1.442727748,5.266497403,420.4517097,264.5688518,26.90294821,42.75405246,0.05966447,3.125649595,0.0590389,0.036954971,261.4489263,34.73737144,33.9087871,5.315885566,55.97296802,2.931768432,5.237829144,2.384117135,-63.62429369,-44.61493058,-3.293950652,149.9157514,4.917860168,1.429718007,5.266497403,445.311413,432.3107697,0.003600126,92.6375014,1.442727748,25.47885946,28.83843455,0.00017416,96.97791779,0,0,1,0,52502.55348,1499.993548,1273.854541,0.849240014,0.174300034,9,0.5,0: Broadleaf,2,TRUE,1786550939,420.4517097,433.6920645,28.83158387,25.50050323,422.7367742,28.50758387,375.1477097,101.586,0.099999797,33.64402581,33.9087871,999.9,0,0,9990.201613,701.8817097,0.218638,-13.24028387,432.9333226,445.0409032,3.329618387,433.6920645,25.50050323,2.928737097,2.590494194,23.6282129,21.60650968,1499.993548,0.691999548,0.308000452,38,28282.39677,1786550974,12:09:33,1786550604,1786550974,46,-0.106,0.001,-2.259,0.324,406,26,0.28,0.04,-11.815672,-20.90154484,2.225604677,0,3.3260025,0.177952795,0.025260372,0,0,2,0/2,2.63146,2.71277,0.0978618,0.100434,0.133418,0.122795,25116.5,24742.2,25343,25297.7,30336.2,30248.2,38926.7,38079.7,1.67623,2.07253,0.0610948,0,32.9435,999.9,61,34.4,32.8076,61.6473,21.6546,1,0.383346,0,20.4097,5.21729,11.98,4.96775,3.29505,9114.1,9999,9999,260.4,4.97,1.87555,1.87149,1.87469,1.87444,1.87251,1.87378,1.875,0,0,0,0,11111111,oooooooo,on,on,on,on,0,100,100,-2.284,0.324,-1.225667002,-0.002774575,7.27494E-07,-2.16226E-10,0.32253,0,0,0,23,2146,2,22,5.7,1.4,0.158691,4.99756,1.49902,2.27539,1.4978,2.31689,39.3169,15.1215,3,357.017,643.211,33.1704,32.3524,30.0004,32.0302,32.0135,-1,40,10,-999.9,400,20,100.062,106.406
46,1786551067,5851.1,20260812 12:11:06,12:11:06,15,1786551059,0.001441954,1.441953685,5.664578882,442.3953226,277.5206149,28.21983965,44.98521694,0.060560099,3.128642729,0.059916326,0.037504974,261.4491965,34.92761145,34.0678871,5.363276078,56.98694464,3.016938456,5.29408705,2.346337622,-63.59015753,-39.24928761,-2.899990136,155.7097613,4.843757881,1.450386523,5.664578882,464.6705722,454.0041636,-0.334736058,92.6384413,1.441953685,26.18698159,29.63062727,-0.008440091,97.02478974,0,0,1,0,52538.79189,1499.995161,1273.855907,0.849240011,0.174300027,9,0.5,0: Broadleaf,2,TRUE,1786551059,442.3953226,455.554871,29.66929032,26.29302903,444.4263226,29.33029032,375.1543548,101.5855484,0.100013471,33.83519032,34.0678871,999.9,0,0,10003.93452,701.9230968,0.218638,-13.46273226,455.6028065,467.8567097,3.361284839,455.554871,26.29302903,3.01245129,2.670992581,24.0968871,22.10760968,1499.995161,0.691999645,0.308000355,38,28282.44516,1786551091,12:11:31,1786551091,1786551087,47,0.343,0.015,-2.031,0.339,465,26,0.44,0.05,-15.38270244,40.28232962,4.232551653,0,3.28523878,1.53166892,0.16027608,0,0,2,0/2,2.63112,2.71258,0.1014,0.102419,0.135902,0.124968,25014,24683.1,25339.5,25293.4,30245.5,30168.8,38921.3,38073.9,1.67515,2.0691,0.0533909,0,33.2098,999.9,60.4,34.9,33.3998,62.7273,21.9311,1,0.391082,0,20.4095,5.21729,11.98,4.9677,3.295,9114.1,9999,9999,260.4,4.97001,1.87558,1.87151,1.87469,1.87441,1.87255,1.87378,1.875,0,0,0,0,11111111,oooooooo,on,on,on,on,0,100,100,-2.031,0.339,-1.225667002,-0.002774575,7.27494E-07,-2.16226E-10,0.32401,0,0,0,23,2146,2,22,7.7,1.6,0.158691,4.99756,1.49902,2.27539,1.4978,2.33154,39.8177,15.1127,3,357.223,641.813,33.4231,32.488,30.0002,32.1724,32.1569,-1,40,10,-999.9,400,20,100.048,106.389
47,1786551187,5971.1,20260812 12:13:06,12:13:06,15,1786551179,0.00140131,1.401309906,5.893912713,461.2466,290.5383802,29.54376387,46.90244583,0.06073426,3.128811241,0.060086835,0.037611865,261.4492484,35.12597915,34.19243667,5.400631137,58.47753422,3.128620756,5.350124279,2.272010381,-61.79776684,-28.4361539,-2.104150234,169.1111775,1.835400584,1.643109779,5.893912713,480.798047,471.1362788,-0.495821118,92.63306709,1.401309906,26.82673216,30.51460364,-0.041747389,96.79948569,0,0,1,0,52510.40272,1499.995667,1273.856321,0.849240001,0.174300003,9,0.5,0: Broadleaf,2,TRUE,1786551179,461.2466,467.4682667,30.76738667,26.94660667,463.3616,30.43738667,375.1328333,101.5863,0.09996897,34.02385667,34.19243667,999.9,0,0,10004.63133,702.9140667,0.218638,-6.140083667,475.9776667,480.4139,3.829724333,467.4682667,26.94660667,3.126452667,2.737406,24.71687333,22.51071667,1499.995667,0.691999967,0.308000033,38,28282.45333,1786551221,12:13:41,1786551209,1786551221,48,-0.075,-0.009,-2.115,0.33,462,26,0.62,0.22,-8.773035122,26.12267749,5.25511575,0,3.613619268,2.500980418,0.445503506,0,0,2,0/2,2.63127,2.71268,0.104075,0.103984,0.138625,0.128151,24935.3,24635.6,25335.6,25289.1,30145.8,30053.9,38915.6,38067.7,1.67453,2.06575,0.0665598,0,33.1388,999.9,60.5,35.4,34.3892,62.0973,21.6106,1,0.398247,0,20.4084,5.21729,11.9803,4.9677,3.295,9114.1,9999,9999,260.4,4.97002,1.8756,1.87155,1.8747,1.87449,1.87254,1.87381,1.875,0,0,0,0,11111111,oooooooo,on,on,on,on,0,100,100,-2.115,0.33,-0.882378718,-0.002774575,7.27494E-07,-2.16226E-10,0.33894,0,0,0,23,2146,2,22,1.6,1.7,0.158691,4.99756,1.49902,2.27417,1.4978,2.38159,40.2474,15.0952,3,357.447,640.15,33.5832,32.5766,30.0006,32.2756,32.2699,-1,40,10,-999.9,400,20,100.033,106.371
48,1786551307,6091.1,20260812 12:15:06,12:15:06,15,1786551299,0.00150486,1.504860122,5.52075046,427.2655333,270.985199,27.55760525,43.45039857,0.062488479,3.126541184,0.06180285,0.038687755,261.4497826,35.38685767,34.4615,5.482101996,57.22169188,3.110526963,5.435922743,2.371575032,-66.36433136,-25.63431407,-1.903350381,167.5477868,5.582174887,1.501235837,5.52075046,458.3193056,441.2766667,0.349383445,92.63942364,1.504860122,27.1940943,30.60001879,0.009128548,97.07750878,0,0,1,0,52409.55352,1499.998667,1273.858874,0.849240004,0.17430001,9,0.5,0: Broadleaf,2,TRUE,1786551299,427.2655333,442.1964667,30.58708333,27.09565667,429.2975,30.22908333,375.1434,101.5941333,0.100001063,34.30942,34.4615,999.9,0,0,9993.478333,703.1549333,0.218638,-14.930937,440.7340667,454.5124333,3.463853333,442.1964667,27.09565667,3.104665,2.752758667,24.60015,22.60325333,1499.998667,0.691999867,0.308000133,38.92499667,28282.48,1786551325,12:15:24,1786551209,1786551325,49,-0.075,0.027,-2.115,0.358,462,27,0.62,0.05,-9.772334817,-90.14697805,8.945328531,0,3.689594878,-3.528109547,0.375069237,0,0,2,0/2,2.63106,2.71267,0.099191,0.103288,0.138915,0.128319,25063.4,24646.9,25328.2,25281.6,30127.1,30039.7,38904.3,38056.8,1.67353,2.06175,0.0752211,0,33.2545,999.9,58.8,35.8,34.1681,62.7574,21.6506,1,0.409045,0,20.408,5.21654,11.98,4.96775,3.29505,9114.1,9999,9999,260.5,4.97002,1.87561,1.87155,1.87469,1.87453,1.87255,1.8738,1.87501,0,0,0,0,11111111,oooooooo,on,on,on,on,0,100,100,-2.034,0.358,-0.957794247,-0.002774575,7.27494E-07,-2.16226E-10,0.330419048,0,0,0,23,2146,2,22,1.6,1.4,0.157471,4.99756,1.49902,2.27417,1.4978,2.30591,40.681,15.0514,3,357.605,638.036,33.8466,32.7092,30.0004,32.4021,32.3929,-1,40,10,-999.9,400,20,100.004,106.34
49,1786551427,6211.1,20260812 12:17:06,12:17:06,15,1786551419,0.001503881,1.503880869,5.844763807,455.645129,291.6811585,29.66084906,46.33422832,0.063117502,3.12978624,0.0624188,0.039073881,261.4491384,35.59499031,34.66964194,5.545857146,58.20873694,3.20118991,5.499500724,2.344667237,-66.32114631,-25.50100471,-1.895342709,167.7316446,5.718259924,1.483418411,5.844763807,484.5683121,470.4902727,-0.035508853,92.62664604,1.503880869,28.08353956,31.51926434,0.005713478,96.59730048,0,0,1,0,52448.41533,1499.995806,1273.856349,0.84923994,0.174299913,9,0.5,0: Broadleaf,2,TRUE,1786551419,455.645129,470.985,31.48010968,28.03336129,457.766129,31.14310968,375.1501613,101.5892903,0.099996739,34.51850968,34.66964194,999.9,0,0,10008.7971,703.3590645,0.218638,-15.31499645,470.4908065,484.5692258,3.467418387,470.985,28.03336129,3.200143226,2.84789,25.10765161,23.16428387,1499.995806,0.692001065,0.307998903,39,28282.47419,1786551461,12:17:41,1786551444,1786551461,50,-0.03,-0.02,-2.121,0.337,453,27,0.26,0.13,-17.58903225,41.6789391,4.960299966,0,3.424753,0.926880901,0.105503415,0,0,2,0/2,2.63078,2.71244,0.103889,0.104616,0.141645,0.130095,24929.2,24606.7,25325.1,25278.1,30028.1,29974.6,38899.3,38051.8,1.6728,2.05938,0.0721551,0,33.5315,999.9,58.1,36.2,34.5158,62.5774,22.1194,1,0.414873,0,20.409,5.21714,11.9803,4.9678,3.29503,9114.1,9999,9999,260.5,4.97001,1.87561,1.87153,1.87471,1.87449,1.87256,1.87381,1.875,0,0,0,0,11111111,oooooooo,on,on,on,on,0,100,100,-2.121,0.337,-0.957794247,-0.002774575,7.27494E-07,-2.16226E-10,0.35766,0,0,0,23,2146,2,22,3.6,1.7,0.157471,4.99756,1.49902,2.27417,1.4978,2.33643,41.067,15.0426,3,357.737,637.027,34.0623,32.803,30.0005,32.4976,32.4892,-1,40,10,-999.9,400,20,99.9916,106.326
50,1786551547,6331.5,20260812 12:19:07,12:19:07,15,1786551539,0.001474528,1.474527895,5.873952022,445.2333667,279.9808581,28.47020054,45.27410668,0.062639971,3.127811851,0.06195131,0.038780811,261.4494996,35.75330703,34.78640333,5.581903299,58.90926788,3.26693584,5.545707759,2.314967459,-65.02668015,-19.77090588,-1.472303291,175.1796103,6.912460229,1.50354401,5.873952022,479.3190963,461.9455939,0.292417701,92.62876078,1.474527895,28.61481907,32.05890629,-0.001955102,96.66005758,0,0,1,0,52377.30479,1499.997,1273.857461,0.849240006,0.174300015,9,0.5,0: Broadleaf,2,TRUE,1786551539,445.2333667,463.4228667,32.12761,28.63638667,447.3360333,31.72461,375.1449667,101.5862667,0.099972663,34.66915667,34.78640333,999.9,0,0,10000.06333,704.0938,0.218638,-18.18958667,459.9811,477.0848,3.425508333,463.4228667,28.63638667,3.257049667,2.909064333,25.40386667,23.51625667,1499.997,0.6919998,0.3080002,39,28282.47,1786551569,12:19:29,1786551444,1786551569,51,-0.03,0.066,-2.121,0.403,453,29,0.26,0.05,-19.37232439,12.47851359,2.220919374,0,3.342940732,1.048132683,0.175729849,0,0,2,0/2,2.63062,2.71269,0.102439,0.104074,0.143357,0.133045,24961.8,24613.1,25317.7,25269.8,29960.2,29863.7,38888.5,38040.2,1.67153,2.0544,0.0774488,0,33.5462,999.9,57.4,36.7,35.0492,62.9274,22.4519,1,0.425554,0,20.408,5.21699,11.98,4.9677,3.29503,9114.1,9999,9999,260.5,4.96999,1.87561,1.87159,1.87471,1.87453,1.87256,1.87381,1.875,0,0,0,0,11111111,oooooooo,on,on,on,on,0,100,100,-2.107,0.403,-0.987783714,-0.002774575,7.27494E-07,-2.16226E-10,0.337285714,0,0,0,23,2146,2,22,1.7,1.4,0.157471,4.99756,1.4978,2.27295,1.4978,2.36084,41.4562,15.0251,3,357.712,634.022,34.2106,32.9274,30.0004,32.616,32.6064,-1,40,10,-999.9,400,20,99.9633,106.293
51,1786551667,6451.5,20260812 12:21:07,12:21:07,15,1786551659,0.001586361,1.586360674,5.458981818,421.4895161,271.4708623,27.6045098,42.85915393,0.064714056,3.128774792,0.063979547,0.040052515,261.4495104,36.01633511,35.07280968,5.671185291,57.85568645,3.260657207,5.635845684,2.410528084,-69.95850571,-19.04271514,-1.421631882,171.0266576,7.588328025,1.518238606,5.458981818,455.7266594,438.5846788,0.373805851,92.64317408,1.586360674,28.65236572,32.1727703,0.015813507,97.46960672,0,0,1,0,52349.92991,1499.996129,1273.856787,0.849240049,0.174300123,9,0.5,0: Broadleaf,2,TRUE,1786551659,421.4895161,441.2296129,32.06626129,28.54070645,423.5383548,31.66126129,375.1463226,101.5849677,0.100014426,34.95991613,35.07280968,999.9,0,0,10004.59581,704.0995484,0.218638,-19.7402129,435.4520645,454.1928387,3.523481935,441.2296129,28.54070645,3.25723871,2.899305484,25.40481935,23.46051935,1499.996129,0.691998355,0.308001645,39,28282.43871,1786551691,12:21:31,1786551444,1786551691,52,-0.03,0.002,-2.121,0.405,453,29,0.26,0.09,-19.0902075,-8.978864916,1.302541984,0,3.52207125,-0.217078537,0.07692887,0,0,2,0/2,2.63048,2.71263,0.0985045,0.101296,0.143476,0.13269,25063.6,24682.4,25310.5,25263,29948,29868.2,38877.5,38030.2,1.67075,2.05098,0.0750944,0,33.8639,999.9,55.8,37.1,34.8213,61.9374,22.5681,1,0.436065,0,20.4081,5.21684,11.9801,4.9675,3.295,9114.1,9999,9999,260.6,4.96999,1.87561,1.87162,1.8748,1.87454,1.87256,1.87381,1.875,0,0,0,0,11111111,oooooooo,on,on,on,on,0,100,100,-2.056,0.405,-0.987783714,-0.002774575,7.27494E-07,-2.16226E-10,0.402925,0,0,0,23,2146,2,22,3.7,1.6,0.157471,4.99756,1.4978,2.27295,1.4978,2.40845,41.8486,15.0076,3,357.969,632.406,34.4604,33.0636,30.0005,32.7407,32.7302,-1,40,10,-999.9,400,20,99.9349,106.265
52,1786551787,6571.5,20260812 12:23:07,12:23:07,15,1786551779,0.001589755,1.589754814,6.022787831,459.8853871,299.1770596,30.42161231,46.7631274,0.066637251,3.128871342,0.065858744,0.041230903,261.4494341,36.11436278,35.16222258,5.699311155,59.18737262,3.354036895,5.666811595,2.345274261,-70.10818728,-17.43373368,-1.302667614,172.6048455,4.026750796,1.638318237,6.022787831,482.1034774,472.0920424,-0.497667359,92.63856334,1.589754814,29.00885276,32.88239394,-0.018046117,97.03308843,0,0,1,0,52335.31536,1499.997419,1273.857762,0.849239969,0.174299923,9,0.5,0: Broadleaf,2,TRUE,1786551779,459.8853871,471.3533226,32.98480323,29.18403226,462.0210323,32.58003548,375.1477742,101.5842903,0.100017803,35.05887097,35.16222258,999.9,0,0,10005.10419,704.4658387,0.218638,-11.46796871,475.5720323,485.5233226,3.80077129,471.3533226,29.18403226,3.35074129,2.964642258,25.88183548,23.83046129,1499.997419,0.692001032,0.307998968,39.19086129,28282.5,1786551691,12:21:31,1786551444,1786551691,52,-0.03,0.002,-2.121,0.405,453,29,0.26,0.09,-13.05954463,29.05691561,3.656388107,0,3.783779756,0.747981115,0.101227102,0,0,2,0/2,2.63053,2.71244,0.103977,0.10584,0.145568,0.133966,24908.4,24554,25307.9,25259.7,29872.5,29821.2,38873.4,38025.6,1.67013,2.04827,0.0661798,0,34.1001,999.9,55.3,37.6,35.4646,61.9673,22.4559,1,0.441606,0,20.4079,5.21564,11.9803,4.96775,3.295,9114.1,9999,9999,260.6,4.97004,1.87563,1.87164,1.87484,1.87454,1.87256,1.8739,1.875,0,0,0,0,11111111,oooooooo,on,on,on,on,0,100,100,-2.128,0.4047,-0.987783714,-0.002774575,7.27494E-07,-2.16226E-10,0.404765,0,0,0,23,2146,2,22,5.7,1.6,0.157471,4.99756,1.4978,2.27295,1.4978,2.44019,42.271,14.9901,3,358.122,631.005,34.6092,33.1589,30.0004,32.8309,32.8158,-1,40,10,-999.9,400,20,99.9244,106.251
53,1786551907,6691.5,20260812 12:25:07,12:25:07,15,1786551899,0.001685107,1.685107208,5.285355717,413.6585333,271.4086415,27.59481373,42.05772563,0.066608718,3.126543382,0.065830301,0.041213118,261.4500318,36.3305869,35.35901667,5.76164237,57.02911265,3.274709066,5.74217082,2.486933305,-74.31322786,-10.32868505,-0.773984537,176.0341344,4.065668453,1.643277468,5.285355717,437.1417265,425.6938,-0.163922013,92.63961955,1.685107208,28.24450707,32.23094667,-0.007197579,97.09149268,0,0,1,0,52241.14177,1500.000333,1273.860273,0.849239993,0.174299983,9,0.5,0: Broadleaf,2,TRUE,1786551899,413.6585333,425.0439,32.20838333,28.39276667,415.6895667,31.80361,375.1202667,101.5726,0.099968653,35.29774,35.35901667,999.9,0,0,9995.607,705.8934667,0.218638,-11.38528867,427.4252,437.4649,3.815617333,425.0439,28.39276667,3.271488333,2.883928,25.47830333,23.37227,1500.000333,0.692000233,0.307999767,40,28282.54667,1786551691,12:21:31,1786551444,1786551691,52,-0.03,0.002,-2.121,0.405,453,29,0.26,0.09,-10.48171725,-13.6451812,1.659698806,0,3.83561325,0.25798773,0.103813587,0,0,2,0/2,2.63044,2.71267,0.0962118,0.0978793,0.143563,0.133656,25116.1,24763.1,25300.1,25250.4,29934.2,29821,38861.7,38012.2,1.6695,2.04395,0.0737421,0,34.128,999.9,52.5,38,34.4064,62.1473,22.3317,1,0.454164,0,20.41,5.21609,11.9803,4.9677,3.29503,9114.1,9999,9999,260.6,4.97002,1.87568,1.87164,1.87485,1.87454,1.87256,1.87387,1.87501,0,0,0,0,11111111,oooooooo,on,on,on,on,0,100,100,-2.027,0.4048,-0.987783714,-0.002774575,7.27494E-07,-2.16226E-10,0.404765,0,0,0,23,2146,2,22,7.7,3.6,0.157471,4.99756,1.4978,2.27173,1.4978,2.44141,42.6439,14.9638,3,358.46,628.698,34.81,33.2895,30.0008,32.9575,32.9468,-1,40,10,-999.9,400,20,99.8942,106.213
54,1786552027,6811.5,20260812 12:27:07,12:27:07,15,1786552019,0.001722405,1.72240488,4.799586135,389.6799,263.0396301,26.74224257,39.617279,0.068445719,3.127066961,0.067624195,0.042338111,261.4501969,36.11508005,35.12471333,5.687497462,56.56794208,3.211362128,5.6770001,2.476135333,-75.95805519,-5.628539076,-0.420802899,179.4427997,4.324321742,1.775757183,4.799586135,412.7107354,401.7691636,-0.091729733,92.64070225,1.72240488,27.39749801,31.49220061,-0.009040015,97.16408247,0,0,1,0,52288.02036,1500.001667,1273.861456,0.849240027,0.174299938,9,0.5,0: Broadleaf,2,TRUE,1786552019,389.6799,401.7139667,31.58731,27.46184333,391.6556333,31.13731,375.1573667,101.5662,0.10001116,35.09132667,35.12471333,999.9,0,0,9998.631667,710.7026333,0.218638,-12.03407667,402.3715333,413.0572333,4.08023,401.7139667,27.46184333,3.203607667,2.789194,25.12580667,22.82023,1500.001667,0.692001033,0.307999033,38,28282.59,1786552060,12:27:39,1786551444,1786552060,53,-0.03,0.045,-2.121,0.45,453,30,0.26,0.37,-11.9700675,-0.195470544,0.199175716,0,4.09519325,-0.129887617,0.058235047,0,0,2,0/2,2.63013,2.71251,0.0920459,0.0935353,0.141208,0.128934,25225,24875.6,25293.6,25243.9,30009.7,29976.3,38852,38002.5,1.66815,2.04145,0.0744313,0,33.943,999.9,49.5,38.4,33.1542,62.3273,21.6306,1,0.463046,0,20.4099,5.21579,11.9806,4.96775,3.295,9114.1,9999,9999,260.7,4.97002,1.87567,1.87164,1.87485,1.87454,1.87256,1.87391,1.87501,0,0,0,0,11111111,oooooooo,on,on,on,on,0,100,100,-1.975,0.45,-0.987783714,-0.002774575,7.27494E-07,-2.16226E-10,0.404765,0,0,0,23,2146,2,22,9.7,5.6,0.15625,4.99756,1.49902,2.27051,1.4978,2.38159,42.9929,14.9201,3,358.303,627.507,34.7118,33.3921,30.0002,33.0586,33.0362,-1,40,10,-999.9,400,20,99.869,106.186
55,1786552147,6931.5,20260812 12:29:07,12:29:07,15,1786552139,0.001482862,1.482861988,5.764222306,455.3636,290.1777184,29.50075408,46.29428357,0.061761114,3.127319684,0.061091426,0.038241705,261.4497301,36.45858655,35.53199333,5.816918127,60.02528585,3.461845181,5.767311445,2.355072946,-65.39421366,-26.16167113,-1.962354127,167.9314912,7.043503464,1.124900782,5.764222306,486.3125164,472.6528727,-0.063279306,92.63595705,1.482861988,31.72694502,34.48791091,0.065889614,96.91165803,0,0,1,0,52245.36843,1499.998667,1273.858853,0.84923999,0.174299975,9,0.5,0: Broadleaf,2,TRUE,1786552139,455.3636,473.4911667,34.05168333,31.44474667,457.4892,33.60169667,375.1285667,101.5644667,0.099969337,35.37682333,35.53199333,999.9,0,0,9999.958333,711.1645,0.218638,-18.12741,471.4164333,488.8629333,2.606939,473.4911667,31.44474667,3.458442333,3.193669,26.41671333,25.07207667,1499.998667,0.692000333,0.307999667,39,28282.5,1786552060,12:27:39,1786551444,1786552060,53,-0.03,0.045,-2.121,0.45,453,30,0.26,0.37,-18.4720875,11.63561538,2.214809442,0,2.8524005,-3.874524653,0.386010443,0,0,2,0/2,2.63031,2.71255,0.103892,0.105178,0.150282,0.143734,24891.4,24550.6,25289.4,25238.4,29687.6,29460.6,38845.3,37994.8,1.66723,2.03503,0.0778586,0,34.2962,999.9,53.8,38.8,36.8216,61.8773,21.863,1,0.469291,0,20.4133,5.21549,11.9812,4.9676,3.295,9114.1,9999,9999,260.7,4.96997,1.87574,1.87164,1.87485,1.87454,1.87256,1.87393,1.87503,0,0,0,0,11111111,oooooooo,on,on,on,on,0,100,100,-2.128,0.45,-0.987783714,-0.002774575,7.27494E-07,-2.16226E-10,0.449990476,0,0,0,23,2146,2,22,11.7,1.5,0.15625,4.99756,1.49902,2.27051,1.4978,2.40479,43.3448,14.9026,3,358.323,623.151,34.8921,33.474,30.0003,33.1531,33.1398,-1,40,10,-999.9,400,20,99.852,106.164
56,1786552267,7051.5,20260812 12:31:07,12:31:07,15,1786552259,0.001581686,1.581686012,5.44680139,423.7864,272.2178933,27.67561796,43.08515639,0.063923565,3.1273324,0.063206457,0.039567794,261.4498444,36.45601113,35.54605,5.821430196,58.75461779,3.392585421,5.77415963,2.428844775,-69.75235312,-24.90851197,-1.868671608,164.9203077,2.387026669,1.653939226,5.44680139,446.2187769,434.6320485,-0.192106989,92.641458,1.581686012,29.67312778,33.36544061,-0.002368918,97.2262606,0,0,1,0,52242.07606,1499.999667,1273.859678,0.849239974,0.174299935,9,0.5,0: Broadleaf,2,TRUE,1786552259,423.7864,431.1946667,33.36953333,29.53398667,425.8404,32.92853333,375.1416333,101.5671667,0.099985437,35.39831333,35.54605,999.9,0,0,9999.750667,710.9471667,0.218638,-7.4082422,438.4203333,444.3180333,3.844543,431.1946667,29.53398667,3.390162667,2.999683667,26.07947,24.02537667,1499.999667,0.692000867,0.307999133,39,28282.52333,1786552291,12:31:31,1786551444,1786552291,54,-0.03,-0.009,-2.121,0.441,453,31,0.26,0.04,-4.734950915,-47.5638185,5.005495832,0,3.95078525,-2.163650094,0.274287733,0,0,2,0/2,2.62989,2.7126,0.0976086,0.100308,0.146827,0.137153,25063.5,24681.5,25287.2,25235.9,29806.4,29684.6,38842.2,37991,1.66677,2.03463,0.0609085,0,34.5594,999.9,50.7,39.2,35.4552,62.5073,22.7284,1,0.473369,0,20.4104,5.21714,11.9816,4.96775,3.295,9114.1,9999,9999,260.8,4.97003,1.87575,1.87164,1.87485,1.87454,1.87256,1.8739,1.87501,0,0,0,0,11111111,oooooooo,on,on,on,on,0,100,100,-2.046,0.441,-0.987783714,-0.002774575,7.27494E-07,-2.16226E-10,0.449990476,0,0,0,23,2146,2,22,13.7,3.5,0.15625,4.99756,1.4978,2.27051,1.4978,2.44995,43.6995,14.885,3,358.424,623.466,35.0151,33.542,30.0002,33.2169,33.2036,-1,40,10,-999.9,400,20,99.8436,106.153
57,1786552387,7171.5,20260812 12:33:07,12:33:07,15,1786552379,0.001554442,1.554442211,5.448649197,430.0574516,280.5501748,28.52247995,43.72232186,0.064854185,3.126956278,0.064116087,0.04013817,261.4495138,36.57681972,35.64815806,5.854297379,60.28430404,3.502911432,5.81065252,2.351385947,-68.55090151,-22.87636935,-1.718229395,168.3040135,6.602347828,1.478906902,5.448649197,461.9200418,446.878497,0.158726346,92.63848403,1.554442211,30.86709689,34.48946364,-0.002127627,97.02943016,0,0,1,0,52214.11042,1499.998065,1273.858259,0.849239935,0.174299901,9,0.5,0: Broadleaf,2,TRUE,1786552379,430.0574516,447.4227419,34.4550129,31.02926774,432.1257419,34.0070129,375.1464194,101.5662581,0.099976748,35.51245806,35.64815806,999.9,0,0,9998.119677,709.5652258,0.218638,-17.36536774,445.4009032,461.7505806,3.419156129,447.4227419,31.02926774,3.498796774,3.151527419,26.6138871,24.85082258,1499.998065,0.692001226,0.307998742,39,28282.50645,1786552410,12:33:30,1786551444,1786552410,55,-0.03,0.007,-2.121,0.448,453,31,0.26,0.1,-17.38668,2.26512045,0.658389857,0,3.3375575,2.128216435,0.216619072,0,0,2,0/2,2.62988,2.71266,0.0995999,0.101795,0.150187,0.139767,25007.6,24640.1,25286.7,25235.3,29688.4,29594.6,38841.5,37990.9,1.66667,2.03255,0.0603683,0,34.6784,999.9,50.8,39.6,36.2954,62.2674,22.8566,1,0.474761,0,20.4095,5.21714,11.9803,4.9677,3.295,9114.1,9999,9999,260.8,4.97002,1.87574,1.87164,1.87485,1.87454,1.87256,1.87391,1.87501,0,0,0,0,11111111,oooooooo,on,on,on,on,0,100,100,-2.072,0.448,-0.987783714,-0.002774575,7.27494E-07,-2.16226E-10,0.441415,0,0,0,23,2146,2,22,15.7,1.6,0.15625,4.99756,1.4978,2.26929,1.4978,2.43042,44.0019,14.8588,3,358.585,622.149,35.0934,33.5751,30.0002,33.258,33.2456,-1,40,10,-999.9,400,20,99.8419,106.152
58,1786552507,7291.5,20260812 12:35:07,12:35:07,15,1786552499,0.00156459,1.564590469,5.646756641,451.5928387,298.8845521,30.38534945,45.91005497,0.065970075,3.127101344,0.065206555,0.04082196,261.449541,36.61943016,35.66220645,5.858831954,60.63659452,3.532169617,5.825145104,2.326662337,-68.99843969,-17.63270339,-1.324700729,173.4936972,5.795817239,1.507470637,5.646756641,478.0910798,467.2818606,-0.324893128,92.63868726,1.564590469,31.28066992,34.81258061,0.00888702,97.03972468,0,0,1,0,52209.71349,1499.997742,1273.858018,0.849239957,0.174299956,9,0.5,0: Broadleaf,2,TRUE,1786552499,451.5928387,467.1305484,34.74407742,31.25321613,453.7099355,34.33207742,375.1468065,101.5625161,0.099979448,35.55761613,35.66220645,999.9,0,0,9999.151613,709.4312903,0.218638,-15.53763548,467.8653871,482.2009355,3.52713,467.1305484,31.25321613,3.53238129,3.174155806,26.77617742,24.97082581,1499.997742,0.692000484,0.307999484,39,28282.5,1786552539,12:35:39,1786551444,1786552539,56,-0.03,-0.036,-2.121,0.412,453,30,0.26,0.11,-16.81609,38.32042627,3.799680765,0,3.546095,-0.04534469,0.073842422,1,1,2,1/2,2.62975,2.7127,0.102912,0.10448,0.151103,0.140016,24913.1,24563.6,25284.4,25232.6,29654,29583.2,38837.7,37986.9,1.6663,2.03015,0.0623241,0,34.6725,999.9,49.8,40,36.3515,62.4774,22.9928,1,0.479311,0,20.4114,5.21714,11.981,4.9677,3.295,9114.1,9999,9999,260.8,4.97002,1.87574,1.87164,1.87485,1.87454,1.87256,1.87391,1.875,0,0,0,0,11111111,oooooooo,on,on,on,on,0,100,100,-2.116,0.412,-0.987783714,-0.002774575,7.27494E-07,-2.16226E-10,0.44827,0,0,0,23,2146,2,22,17.7,1.6,0.15625,4.99756,1.4978,2.26929,1.4978,2.40723,44.3064,14.8238,3,358.642,620.651,35.1525,33.6173,30.0004,33.306,33.2966,-1,40,10,-999.9,400,20,99.8323,106.141
59,1786552627,7411.5,20260812 12:37:07,12:37:07,15,1786552619,0.00155007,1.550069848,5.317888396,414.4881613,265.1064981,26.95094707,42.13721119,0.063201938,3.126545703,0.062500659,0.039125271,261.4490913,36.73913669,35.72842581,5.880247529,59.27427802,3.474980714,5.862544141,2.405266816,-68.35808031,-9.224490651,-0.693750324,183.17277,4.636574941,1.654497259,5.317888396,444.0194973,428.7680424,0.214392185,92.63936884,1.550069848,30.53627668,34.12491939,0.000310895,97.07720828,0,0,1,0,52177.31958,1499.994516,1273.855324,0.849239987,0.174300031,9,0.5,0: Broadleaf,2,TRUE,1786552619,414.4881613,427.2568387,34.1821,30.34852258,416.5210323,33.7151,375.1453548,101.5608387,0.099992942,35.6737,35.72842581,999.9,0,0,9996.775161,710.9588387,0.218638,-12.76870613,429.1331935,440.6302581,3.778371613,427.2568387,30.34852258,3.465954516,3.082222903,26.45385161,24.47761935,1499.994516,0.691999484,0.308000484,39,28282.41935,1786552653,12:37:32,1786551444,1786552653,57,-0.03,0.055,-2.121,0.467,453,32,0.26,0.31,-12.22750975,-17.37127148,2.586436807,0,3.861128,-2.244030169,0.352093271,0,0,2,0/2,2.62949,2.71268,0.0965033,0.0986394,0.149178,0.14017,25079.5,24710.8,25273.3,25219.7,29709.3,29563.6,38821.1,37968.5,1.66507,2.026,0.0891834,0,34.308,999.9,47.9,40.4,35.7177,61.7274,22.9447,1,0.495818,0,20.4109,5.21579,11.9815,4.9677,3.295,9114.1,9999,9999,260.8,4.97003,1.87576,1.87165,1.87488,1.87454,1.87256,1.87393,1.87502,0,0,0,0,11111111,oooooooo,on,on,on,on,0,100,100,-2.032,0.467,-0.987783714,-0.002774575,7.27494E-07,-2.16226E-10,0.4118,0,0,0,23,2146,2,22,19.7,1.5,0.15625,4.99756,1.49902,2.26807,1.4978,2.40112,44.6132,14.7975,3,358.668,618.44,35.2416,33.7523,30.0007,33.4318,33.4219,-1,40,10,-999.9,400,20,99.7892,106.088
60,1786552747,7531.5,20260812 12:39:07,12:39:07,15,1786552739,0.001491361,1.49136148,5.639361671,450.1860333,292.0469596,29.69015852,45.76693664,0.063259582,3.126921677,0.062557114,0.03916066,261.4497846,36.87524933,35.90163,5.936584265,61.45206918,3.626953163,5.902084684,2.309631102,-65.76904126,-17.85191197,-1.344361942,176.4844695,9.017089486,1.509463849,5.639361671,493.5750538,472.2999212,0.747256236,92.64060544,1.49136148,32.46683759,35.73001333,0.018241803,97.15478593,0,0,1,0,52165.33581,1499.999,1273.859251,0.849240067,0.174299973,9,0.5,0: Broadleaf,2,TRUE,1786552739,450.1860333,473.4484333,35.67649,32.18445,452.2280333,35.20549,375.1533,101.5622667,0.10000905,35.79573333,35.90163,999.9,0,0,9998.354333,710.6620667,0.218638,-23.33403333,466.7649333,489.194,3.488149333,473.4484333,32.18445,3.622991,3.268726667,27.20739,25.46325667,1499.999,0.692000667,0.307999433,39.46249667,28282.51333,1786552774,12:39:33,1786552771,1786552774,58,0.114,0.003,-2.042,0.471,467,32,0.19,0.12,-24.54265,5.891002627,4.31815139,0,3.44110275,-0.40580364,0.325261025,0,0,2,0/2,2.62986,2.71253,0.103664,0.106157,0.153742,0.1447,24875.5,24500,25268.5,25215.3,29545.3,29403.1,38813.8,37961.5,1.66418,2.02225,0.0796467,0,34.6085,999.9,49.3,40.8,37.5567,61.9674,21.9712,1,0.503128,0,20.4102,5.21579,11.9845,4.9678,3.295,9114.1,9999,9999,260.9,4.97004,1.87576,1.87164,1.8749,1.87454,1.87256,1.87393,1.875,0,0,0,0,11111111,oooooooo,on,on,on,on,0,100,100,-2.042,0.471,-0.987783714,-0.002774575,7.27494E-07,-2.16226E-10,0.467104762,0,0,0,23,2146,2,22,21.7,1.6,0.15625,4.99756,1.49902,2.26807,1.4978,2.33887,44.894,14.7537,3,358.722,616.224,35.4099,33.8642,30,33.5312,33.5133,-1,40,10,-999.9,400,20,99.7702,106.069
61,1786552867,7651.5,20260812 12:41:07,12:41:07,15,1786552859,0.001720296,1.720296158,4.662336209,393.5016,272.3679695,27.68711548,40.00075436,0.069882653,3.125714921,0.06902614,0.043217417,261.4503336,36.9760075,36.04062333,5.982132035,59.9306462,3.567690217,5.953031451,2.414441818,-75.86506056,-14.94658954,-1.127622391,169.5110611,2.89555207,1.919978366,4.662336209,414.8517956,405.5644667,-0.230645426,92.64057757,1.720296158,29.96695236,34.77028485,-0.080141307,97.15581394,0,0,1,0,52111.16786,1500.002667,1273.862251,0.849239991,0.174299913,9,0.5,0: Broadleaf,2,TRUE,1786552859,393.5016,402.2599333,35.09663333,30.65255333,395.3716667,34.71363333,375.1809667,101.5533667,0.099979487,35.95192667,36.04062333,999.9,0,0,9993.710667,712.2824333,0.218638,-8.758281,407.8518333,414.9804,4.531632333,402.2599333,30.65255333,3.573071333,3.112869667,26.97081,24.63963667,1500.002667,0.692001267,0.307998767,39.24167,28282.59333,1786552902,12:41:41,1786552771,1786552902,59,0.114,-0.087,-2.042,0.383,467,29,0.19,0.07,-8.220316341,-13.59770822,1.497853787,0,4.265913902,5.959635889,0.679145132,0,0,2,0/2,2.62961,2.71263,0.0923443,0.0936254,0.150704,0.135508,25191.7,24845.5,25270.6,25217.4,29653,29721.2,38816.8,37964.8,1.6641,2.02375,0.0646636,0,34.961,999.9,45.8,41.2,35.6387,62.0874,21.9111,1,0.501486,0,20.4104,5.21684,11.9845,4.96765,3.295,9114.1,9999,9999,260.9,4.97005,1.87576,1.87173,1.87492,1.87454,1.87256,1.87393,1.87504,0,0,0,0,11111111,oooooooo,on,on,on,on,0,100,100,-1.866,0.383,-0.873417701,-0.002774575,7.27494E-07,-2.16226E-10,0.470538095,0,0,0,23,2146,2,22,1.6,1.6,0.15625,4.99756,1.49902,2.26685,1.4978,2.39014,45.1484,14.7362,3,358.771,617.644,35.5192,33.8783,30.0002,33.5481,33.5298,-1,40,10,-999.9,400,20,99.7782,106.078
62,1786552987,7771.5,20260812 12:43:07,12:43:07,15,1786552979,0.001600094,1.600094247,4.633567937,382.8260333,254.5354634,25.87160843,38.91137643,0.064779092,3.129625569,0.064043312,0.04009248,261.4508341,36.79178581,35.80183667,5.90406832,59.17607127,3.481827219,5.883843155,2.422241102,-70.56415631,-10.51377814,-0.790470746,179.5824289,4.33429626,1.45030129,4.633567937,407.9603741,396.269,0.022654234,92.64113568,1.600094247,31.57437771,34.50135455,0.076059443,97.19892383,0,0,1,0,52236.3212,1500.005,1273.86427,0.849240016,0.174299975,9,0.5,0: Broadleaf,2,TRUE,1786552979,382.8260333,394.5558333,34.25564,30.89559,384.6714333,33.84764,375.1605667,101.5424667,0.099984577,35.73952333,35.80183667,999.9,0,0,10012.677,715.4960667,0.218638,-11.72980667,396.3949,407.1347,3.335168,394.5558333,30.89559,3.475876667,3.137215333,26.50227,24.77309,1500.005,0.692000433,0.3079996,38.44443667,28282.63333,1786553007,12:43:27,1786552771,1786553007,60,0.114,0.025,-2.042,0.408,467,30,0.19,0.06,-11.46758293,-5.64593101,0.603124035,0,3.412727561,-2.490263206,0.387129935,0,0,2,0/2,2.62967,2.7127,0.0907276,0.0923311,0.15026,0.138125,25235.2,24878.7,25269.1,25215,29666.6,29628.1,38814.4,37961.2,1.66363,2.01968,0.0689775,0,34.6956,999.9,44.8,41.5,35.4213,62.4774,22.4319,1,0.50389,0,20.4104,5.21639,11.9813,4.96765,3.295,9114.1,9999,9999,260.9,4.97004,1.87576,1.87173,1.87495,1.87455,1.87256,1.87393,1.87501,0,0,0,0,11111111,oooooooo,on,on,on,on,0,100,100,-1.845,0.408,-0.873417701,-0.002774575,7.27494E-07,-2.16226E-10,0.383119048,0,0,0,23,2146,2,22,3.6,1.4,0.155029,4.99756,1.49902,2.26685,1.4978,2.44507,45.3758,14.7274,3,358.64,614.449,35.3913,33.8844,30.0003,33.5692,33.5504,-1,40,10,-999.9,400,20,99.7722,106.068
63,1786553107,7891.6,20260812 12:45:07,12:45:07,15,1786553099,0.001684513,1.684512505,4.621446746,385.3197742,262.8317731,26.71246668,39.16132936,0.068198636,3.12557022,0.067382609,0.042186634,261.4502378,36.69209011,35.75244839,5.888033311,59.13774494,3.464178725,5.857813362,2.423854586,-74.28700147,-15.73789271,-1.184029966,170.2413137,4.51416748,1.759701711,4.621446746,410.6474703,398.9008606,0.032446888,92.64158881,1.684512505,30.09412774,33.98036364,0.0017132,97.24109821,0,0,1,0,52156.88124,1500.001613,1273.861503,0.849240089,0.174299971,9,0.5,0: Broadleaf,2,TRUE,1786553099,385.3197742,397.7758065,34.08506774,30.00746452,387.1709355,33.67665484,375.1590968,101.5333226,0.100001165,35.65905161,35.75244839,999.9,0,0,9995.021613,716.3142903,0.218638,-12.456,398.916871,410.0812903,4.077604194,397.7758065,30.00746452,3.460771935,3.046758387,26.42848387,24.2853,1500.001613,0.692000774,0.307999355,38,28282.55806,1786553007,12:43:27,1786552771,1786553007,60,0.114,0.025,-2.042,0.408,467,30,0.19,0.06,-12.10395366,-7.355803484,0.76365499,0,3.868388293,3.309847526,0.418919985,0,0,2,0/2,2.62975,2.71266,0.0912241,0.0929187,0.148547,0.134945,25220.9,24862.6,25268.7,25215.1,29726.2,29737.7,38813.8,37961.1,1.66402,2.0183,0.0732578,0,34.5664,999.9,43.2,41.9,34.8901,62.0846,22.6162,1,0.503361,0,20.4115,5.21639,11.9818,4.9677,3.295,9114.1,9999,9999,261,4.97003,1.87576,1.87174,1.87494,1.87454,1.87256,1.87393,1.875,0,0,0,0,11111111,oooooooo,on,on,on,on,0,100,100,-1.851,0.4084,-0.873417701,-0.002774575,7.27494E-07,-2.16226E-10,0.40841,0,0,0,23,2146,2,22,5.6,1.7,0.153809,4.99756,1.49902,2.26685,1.4978,2.34741,45.5758,14.6749,3,358.841,613.349,35.2984,33.8779,30.0002,33.5692,33.5551,-1,40,10,-999.9,400,20,99.7706,106.068
64,1786553227,8011.6,20260812 12:47:07,12:47:07,15,1786553219,0.001626556,1.626556267,4.539322525,384.7068333,263.3742876,26.76616514,39.09693207,0.067494964,3.129135872,0.066696483,0.041756255,261.4505922,36.69615062,35.76662,5.892630566,60.27528027,3.529073159,5.854926172,2.363557407,-71.73113137,-19.65556317,-1.477125786,168.5867719,4.58557987,1.981300487,4.539322525,410.3529597,398.6276848,0.050876899,92.64307334,1.626556267,30.19008061,34.35947879,-0.039009608,97.5890075,0,0,1,0,52239.93111,1500.002667,1273.862277,0.849240008,0.174300085,9,0.5,0: Broadleaf,2,TRUE,1786553219,384.7068333,397.5364333,34.72545,30.13728333,386.5565,34.31704333,375.1496333,101.5279,0.099959667,35.65010667,35.76662,999.9,0,0,10011.872,716.6934667,0.218638,-12.82970667,398.5465333,409.8895667,4.588171667,397.5364333,30.13728333,3.525603333,3.059776,26.74304,24.35670667,1500.002667,0.691998767,0.3080012,38,28282.55333,1786553007,12:43:27,1786552771,1786553007,60,0.114,0.025,-2.042,0.408,467,30,0.19,0.06,-12.42127561,-6.761818118,0.821646053,0,4.540766585,-0.157967247,0.445846676,0,0,2,0/2,2.62968,2.71269,0.0911495,0.0931406,0.149694,0.137861,25221.4,24855.1,25267.1,25213.6,29684.2,29635.3,38811.3,37958.5,1.6642,2.01573,0.0619888,0,34.7536,999.9,43.6,42.2,35.7769,61.7846,22.3918,1,0.505135,0,20.411,5.21564,11.9833,4.96765,3.295,9114.1,9999,9999,261,4.97008,1.87576,1.87177,1.875,1.87457,1.87256,1.87393,1.875,0,0,0,0,11111111,oooooooo,on,on,on,on,0,100,100,-1.85,0.4084,-0.873417701,-0.002774575,7.27494E-07,-2.16226E-10,0.40841,0,0,0,23,2146,2,22,7.6,3.7,0.153809,4.99756,1.4978,2.26685,1.4978,2.44995,45.7768,14.6837,3,359.004,611.413,35.2919,33.8875,30.0003,33.5839,33.5758,-1,40,10,-999.9,400,20,99.7643,106.061
65,1786553347,8131.6,20260812 12:49:07,12:49:07,15,1786553339,0.001640218,1.640217971,4.463824154,384.9239667,261.7357738,26.60015927,39.119753,0.065511273,3.127183069,0.06475829,0.040540863,261.4503972,36.70868248,35.78513333,5.898640969,58.75286841,3.442831391,5.859852437,2.455809578,-72.33361252,-20.19178494,-1.518619887,167.4063799,4.863451211,1.67044198,4.463824154,410.0818646,398.8016727,0.024593836,92.64309745,1.640217971,29.98312749,33.86786364,-0.008078134,97.59010615,0,0,1,0,52192.67236,1500.002667,1273.862199,0.849239956,0.174299955,9,0.5,0: Broadleaf,2,TRUE,1786553339,384.9239667,398.134,33.87619333,30.00453667,386.7742667,33.46779,375.1542333,101.5298333,0.0999855,35.66536667,35.78513333,999.9,0,0,10002.74433,716.7726,0.218638,-13.20996667,398.421,410.4493,3.871665667,398.134,30.00453667,3.439440667,3.046351667,26.32371667,24.28313,1500.002667,0.6920005,0.307999467,38,28282.56,1786553007,12:43:27,1786552771,1786553007,60,0.114,0.025,-2.042,0.408,467,30,0.19,0.06,-13.376565,4.500995122,0.482026377,0,4.04593975,-2.999272908,0.311770739,0,0,2,0/2,2.62932,2.71259,0.0911882,0.0929505,0.148264,0.138132,25215.8,24854.9,25262.9,25208.3,29729.9,29620.5,38805,37951.3,1.66335,2.01323,0.0595115,0,34.8196,999.9,42.2,42.5,35.1747,61.6946,23.0008,1,0.511695,0,20.4114,5.21594,11.9849,4.9677,3.295,9114.1,9999,9999,261.1,4.97005,1.87579,1.87176,1.87497,1.87454,1.87256,1.87393,1.875,0,0,0,0,11111111,oooooooo,on,on,on,on,0,100,100,-1.851,0.4085,-0.873417701,-0.002774575,7.27494E-07,-2.16226E-10,0.40841,0,0,0,23,2146,2,22,9.6,5.7,0.153809,4.99756,1.49902,2.26562,1.4978,2.43774,45.9788,14.6486,3,358.87,609.878,35.3104,33.9527,30.0003,33.6416,33.63,-1,40,10,-999.9,400,20,99.7479,106.04
66,1786553467,8251.6,20260812 12:51:07,12:51:07,15,1786553459,0.001556287,1.556286976,4.798375576,401.8719333,268.696557,27.30835533,40.84332778,0.064544509,3.129051315,0.063813884,0.039948632,261.4497901,36.72063699,35.8,5.903471327,60.43758394,3.54001618,5.857309226,2.363455147,-68.63225565,-24.0404985,-1.80706268,166.9699733,10.5673529,1.370911951,4.798375576,447.3891658,424.2748424,1.149549796,92.64272207,1.556286976,31.82971079,35.03437333,0.038683401,97.63436968,0,0,1,0,52236.84677,1499.998667,1273.858877,0.849240006,0.174300015,9,0.5,0: Broadleaf,2,TRUE,1786553459,401.8719333,428.5452,34.83147,31.65714667,403.7612,34.34247,375.1492333,101.5327,0.09999538,35.65749,35.8,999.9,0,0,10011.01167,717.1972333,0.218638,-26.67321,416.3409,442.5582,3.093730667,428.5452,31.65714667,3.528351,3.214236333,26.75662,25.18040333,1499.998667,0.6919998,0.3080002,38,28282.50333,1786553492,12:51:32,1786552771,1786553492,61,0.114,0.081,-2.042,0.489,467,33,0.19,0.06,-20.24404866,-104.8039599,11.46018614,0,3.404238293,-4.914880767,0.565229431,0,0,2,0/2,2.62971,2.71257,0.0956782,0.101447,0.151777,0.142982,25091,24622.4,25262.6,25208.7,29607.1,29455,38804.5,37952.1,1.66357,2.01067,0.0631995,0,34.816,999.9,43.5,42.8,36.8329,62.5946,22.3197,1,0.511169,0,20.4128,5.21609,11.9822,4.96775,3.29503,9114.1,9999,9999,261.1,4.97002,1.87578,1.87178,1.87499,1.87454,1.87256,1.87393,1.875,0,0,0,0,11111111,oooooooo,on,on,on,on,0,100,100,-1.908,0.489,-0.873417701,-0.002774575,7.27494E-07,-2.16226E-10,0.40841,0,0,0,23,2146,2,22,11.6,7.7,0.153809,4.99756,1.4978,2.26562,1.4978,2.47437,46.1818,14.6311,3,359.065,607.917,35.3096,33.9639,30,33.6578,33.6452,-1,40,10,-999.9,400,20,99.7467,106.042
67,1786553587,8371.6,20260812 12:53:07,12:53:07,15,1786553579,0.001465749,1.465748641,5.365130908,444.4763871,295.6777208,30.05093277,45.17394813,0.064142443,3.125726865,0.063420079,0.039701773,261.4498114,36.65026583,35.69102903,5.868144937,62.27624443,3.628951334,5.827183972,2.239193603,-64.63951507,-21.41271719,-1.609666198,173.787913,4.433910955,1.37140909,5.365130908,474.2807926,459.9993818,0.100076293,92.6430688,1.465748641,32.60066642,35.82113333,0.016532981,97.45994523,0,0,1,0,52176.55804,1499.998065,1273.858416,0.84924004,0.174300099,9,0.5,0: Broadleaf,2,TRUE,1786553579,444.4763871,456.5756774,35.70604839,32.53350968,446.4626452,35.20704839,375.156129,101.5340645,0.100014239,35.56396129,35.69102903,999.9,0,0,9995.665161,714.9733871,0.218638,-12.09935097,460.9297742,471.9296129,3.162851613,456.5756774,32.53350968,3.624397419,3.303260645,27.21399677,25.64096452,1499.998065,0.691998677,0.308001323,38,28282.47097,1786553605,12:53:25,1786552771,1786553605,62,0.114,0.009,-2.042,0.499,467,33,0.19,0.05,-10.63414175,-39.64932326,4.088850838,0,3.2634965,-1.70125531,0.185692313,0,0,2,0/2,2.62959,2.71258,0.101548,0.104369,0.153844,0.145,24930.4,24544.2,25264.9,25210.7,29537.6,29387.7,38807.7,37954.8,1.6633,2.01003,0.0632368,0,34.6632,999.9,43.8,43.1,37.6729,62.5346,22.5401,1,0.508486,0,20.4122,5.21534,11.9806,4.9675,3.295,9114.1,9999,9999,261.1,4.97004,1.87582,1.87175,1.875,1.87455,1.87256,1.87393,1.875,0,0,0,0,11111111,oooooooo,on,on,on,on,0,100,100,-1.985,0.499,-0.873417701,-0.002774575,7.27494E-07,-2.16226E-10,0.48931,0,0,0,23,2146,2,22,13.6,1.6,0.153809,4.99756,1.49902,2.26562,1.4978,2.37427,46.3566,14.5873,3,358.906,607.348,35.2744,33.9512,29.9999,33.6536,33.642,-1,40,10,-999.9,400,20,99.7552,106.05
68,1786553707,8491.6,20260812 12:55:07,12:55:07,15,1786553699,0.001476799,1.47679854,5.231363705,442.5270323,300.2447024,30.51287233,44.97255316,0.06564459,3.124704268,0.064887967,0.040622232,261.4493996,36.68563074,35.75649355,5.889345239,63.11272196,3.685359112,5.839328424,2.203986126,-65.12681563,-26.07365803,-1.961670116,168.2872558,4.873684452,1.461282297,5.231363705,468.5248609,458.3489333,-0.286761392,92.64311136,1.47679854,32.8502589,36.26571333,-0.000108721,97.46950941,0,0,1,0,52146.60086,1499.997097,1273.857459,0.84923995,0.174299937,9,0.5,0: Broadleaf,2,TRUE,1786553699,442.5270323,455.7702581,36.26369677,32.88522581,444.4240323,35.77769677,375.1583871,101.5267097,0.099970455,35.60171613,35.75649355,999.9,0,0,9991.71129,713.4196452,0.218638,-13.32796742,459.0965806,471.2681613,3.391042903,455.7702581,32.88522581,3.683013226,3.338731613,27.48789355,25.82122903,1499.997097,0.692000742,0.307999226,39,28282.48387,1786553732,12:55:32,1786553732,1786553727,63,0.093,-0.013,-1.897,0.486,445,33,0.68,0.07,-14.16145171,16.78244132,2.149455038,0,3.375486829,0.332572056,0.03978146,0,0,2,0/2,2.62926,2.71269,0.101197,0.102102,0.1551,0.144792,24944.4,24611.5,25268.9,25215.7,29497.2,29400,38813.2,37962,1.66395,2.01145,0.0708364,0,34.6454,999.9,43.3,43.4,37.8343,62.4746,23.4535,1,0.500506,0,20.412,5.21534,11.9827,4.9677,3.295,9114.1,9999,9999,261.1,4.97004,1.87578,1.87171,1.875,1.87455,1.87256,1.87393,1.875,0,0,0,0,11111111,oooooooo,on,on,on,on,0,100,100,-1.897,0.486,-0.873417701,-0.002774575,7.27494E-07,-2.16226E-10,0.498565,0,0,0,23,2146,2,22,15.6,1.7,0.155029,4.99756,1.49902,2.26562,1.4978,2.42554,46.5028,14.5698,3,358.936,607.994,35.2543,33.8809,29.9997,33.5952,33.588,-1,40,10,-999.9,400,20,99.7701,106.071
69,1786553827,8611.6,20260812 12:57:07,12:57:07,15,1786553819,0.001463895,1.463895445,5.251167702,438.1394839,292.8445369,29.7584811,44.52316472,0.064341773,3.125180238,0.063614814,0.039823889,261.4493361,36.91588866,35.98139032,5.962684544,63.18059242,3.735839405,5.91295406,2.226845138,-64.55778914,-25.64935242,-1.933697488,169.3084971,3.424312573,1.471145937,5.251167702,460.0126176,451.8532788,-0.499311931,92.6427388,1.463895445,33.08839922,36.69054485,-0.021312613,97.64241809,0,0,1,0,52118.92263,1499.996129,1273.856679,0.849239978,0.174300007,9,0.5,0: Broadleaf,2,TRUE,1786553819,438.1394839,447.9004516,36.76330645,33.36387097,439.9024839,36.24830645,375.166871,101.5187097,0.09999021,35.82915484,35.98139032,999.9,0,0,9994.676129,712.4766129,0.218638,-9.876151613,454.7282581,463.3606129,3.370130323,447.9004516,33.36387097,3.729185484,3.387054839,27.70095161,26.06369355,1499.996129,0.691999806,0.308000161,39,28282.44839,1786553853,12:57:33,1786553843,1786553853,64,0.123,0.029,-1.763,0.515,443,34,0.22,0.07,-11.09267805,28.3813593,2.924862855,0,3.301829268,2.069654216,0.232263243,0,0,2,0/2,2.62936,2.71262,0.100057,0.100703,0.156366,0.145916,24974.9,24648.5,25267.7,25214.3,29451.4,29359.9,38811.5,37960.4,1.66422,2.01012,0.0715628,0,34.8598,999.9,43,43.6,37.9709,62.7446,22.7324,1,0.501453,0,20.4091,5.21549,11.9815,4.9678,3.295,9114.1,9999,9999,261.2,4.97002,1.87579,1.87173,1.875,1.87456,1.87256,1.87393,1.875,0,0,0,0,11111111,oooooooo,on,on,on,on,0,100,100,-1.763,0.515,-0.780103695,-0.002774575,7.27494E-07,-2.16226E-10,0.485690476,0,0,0,23,2146,2,22,1.6,1.7,0.155029,4.99756,1.4978,2.26562,1.4978,2.4646,46.6496,14.5523,3,359.034,606.857,35.4062,33.8813,30.0002,33.5873,33.5838,-1,40,10,-999.9,400,20,99.7655,106.065
70,1786553947,8731.6,20260812 12:59:07,12:59:07,15,1786553939,0.001576311,1.57631073,4.568418313,404.6254194,283.3761712,28.79605898,41.11713907,0.068139144,3.124922826,0.067324365,0.042150121,261.4505367,37.10066702,36.20497419,6.036380817,63.05121238,3.771959758,5.98237467,2.264421058,-69.51530317,-27.56400314,-2.08261455,162.2886159,-2.04875483,1.970415591,4.568418313,413.2573616,411.4642364,-0.97776538,92.64315875,1.57631073,31.96556309,36.59877212,-0.096470041,97.49622924,0,0,1,0,52077.229,1500.002581,1273.862113,0.849239948,0.174300058,9,0.5,0: Broadleaf,2,TRUE,1786553939,404.6254194,401.6231613,37.11909032,32.56757097,406.4544194,36.67409032,375.16,101.5178065,0.099979042,36.04136129,36.20497419,999.9,0,0,9993.587419,713.1932581,0.222164419,3.152017206,420.4116774,415.1444516,4.62139129,401.6231613,32.56757097,3.775344194,3.306190968,27.91110323,25.65323548,1500.002581,0.691998935,0.308000968,39.00134516,28282.55806,1786553976,12:59:36,1786553966,1786553976,65,-0.174,-0.07,-1.829,0.445,394,32,0.79,0.25,5.141771546,-49.72426833,4.999326696,0,4.418713902,3.986284181,0.524664633,0,0,2,0/2,2.62957,2.71268,0.0931142,0.0929211,0.155928,0.143505,25164.8,24859.3,25265.2,25211.9,29463.8,29439.3,38808,37956.5,1.66448,2.0093,0.0691228,0,35.0439,999.9,42,43.9,37.6671,62.5046,22.6923,1,0.504893,0,20.4101,5.21729,11.983,4.9677,3.29503,9114.1,9999,9999,261.2,4.97004,1.87581,1.87172,1.875,1.87455,1.87256,1.87393,1.875,0,0,0,0,11111111,oooooooo,on,on,on,on,0,100,100,-1.829,0.445,-0.657200087,-0.002774575,7.27494E-07,-2.16226E-10,0.51487,0,0,0,23,2146,2,22,1.7,1.6,0.153809,4.99756,1.4978,2.26562,1.4978,2.37671,46.7674,14.5173,3,359.252,606.295,35.591,33.9241,30.0002,33.6053,33.596,-1,40,10,-999.9,400,20,99.7562,106.055
71,1786554067,8851.6,20260812 13:01:07,13:01:07,15,1786554059,0.001438851,1.438850715,4.066782705,382.3510968,259.8229496,26.40182635,38.85248504,0.059674645,3.124855907,0.059048705,0.036961132,261.4515725,36.55713206,35.5317129,5.816828143,59.59704273,3.453712912,5.795107867,2.363115231,-63.45331653,-11.42207831,-0.857793239,185.7183844,4.204906423,1.58889273,4.066782705,406.6143742,396.0658545,0.049864495,92.64319224,1.438850715,30.28568279,33.82661576,-0.020017228,97.49881077,0,0,1,0,52173.1202,1500.009355,1273.867921,0.849239985,0.174299961,9,0.5,0: Broadleaf,2,TRUE,1786554059,382.3510968,393.8963226,33.98832581,30.30605484,384.1534839,33.5437,375.1489355,101.5147097,0.099972126,35.4639129,35.5317129,999.9,0,0,9993.586129,717.6286129,0.218638,-11.54523226,395.8038387,406.2070323,3.68226871,393.8963226,30.30605484,3.450318065,3.076513871,26.37715806,24.4479129,1500.009355,0.692000516,0.307999484,38,28282.69355,1786553976,12:59:36,1786553966,1786553976,65,-0.174,-0.07,-1.829,0.445,394,32,0.79,0.25,-11.50588049,-0.488797213,0.186107533,0,3.729163902,-1.320436098,0.135748712,0,0,2,0/2,2.62955,2.71274,0.0906942,0.0921238,0.147968,0.137569,25230.6,24878.5,25263.7,25209.1,29740.2,29640.2,38805.5,37952,1.66485,2.00807,0.0730157,0,34.335,999.9,38.5,44.1,34.8915,62.0546,23.3694,1,0.506872,0,20.4115,5.21609,11.9819,4.96755,3.29503,9114.1,9999,9999,261.2,4.97001,1.87582,1.87171,1.87499,1.87454,1.87256,1.87392,1.875,0,0,0,0,11111111,oooooooo,on,on,on,on,0,100,100,-1.803,0.4446,-0.831635462,-0.002774575,7.27494E-07,-2.16226E-10,0.44462,0,0,0,23,2146,2,22,1.7,1.5,0.153809,4.99756,1.49902,2.26318,1.4978,2.33276,46.856,14.4735,3,359.441,605.267,35.1794,33.9023,30.0001,33.6053,33.5941,-1,40,10,-999.9,400,20,99.7499,106.043
72,1786554187,8971.6,20260812 13:03:07,13:03:07,15,1786554179,0.001051524,1.051523752,3.978346177,418.2295333,261.2415034,26.54542293,42.49738155,0.044486828,3.124281141,0.044137891,0.027617304,261.4495595,36.72649843,35.79767,5.902714055,61.78039186,3.595071678,5.819114399,2.307642377,-46.37219748,-43.59691472,-3.280143367,168.2003039,5.550528966,0.966104835,3.978346177,448.109374,435.4359394,0.286893469,92.64312841,1.051523752,33.28611265,35.51702848,0.01964945,97.5441117,0,0,1,0,52147.24057,1499.997667,1273.857966,0.849239965,0.174299977,9,0.5,0: Broadleaf,2,TRUE,1786554179,418.2295333,432.5145,35.38018333,33.14451,420.1144667,34.93555667,375.1583333,101.5125667,0.100012457,35.53883667,35.79767,999.9,0,0,9991.167667,715.6925,0.218638,-14.28486,433.5694,447.3417,2.235671333,432.5145,33.14451,3.591535667,3.364586667,27.05876,25.95116667,1499.997667,0.6920002,0.307999767,38,28282.47667,1786553976,12:59:36,1786553966,1786553976,65,-0.174,-0.07,-1.829,0.445,394,32,0.79,0.25,-13.69625122,-3.806908014,1.442034951,0,2.324871951,-1.467290383,0.168879814,0,0,2,0/2,2.62977,2.71237,0.0974352,0.0996399,0.153067,0.146907,25039.7,24668.9,25259.9,25205.5,29558.1,29315.2,38799.8,37946.6,1.66418,2.00462,0.0934862,0,34.2919,999.9,40.9,44.3,37.4549,61.2446,22.9367,1,0.510142,0,20.4112,5.21459,11.9839,4.9676,3.29508,9114.1,9999,9999,261.3,4.97003,1.87577,1.87176,1.87499,1.87454,1.87256,1.87391,1.875,0,0,0,0,11111111,oooooooo,on,on,on,on,0,100,100,-1.889,0.4446,-0.831635462,-0.002774575,7.27494E-07,-2.16226E-10,0.44462,0,0,0,23,2146,2,22,3.7,3.5,0.152588,4.99756,1.49902,2.26318,1.4978,2.46582,46.9151,14.4648,3,359.239,602.723,35.1208,33.9237,30.0002,33.6325,33.624,-1,40,10,-999.9,400,20,99.7352,106.028
73,1786554307,9091.6,20260812 13:05:07,13:05:07,15,1786554299,0.001037925,1.037925025,4.419201049,436.0124667,268.4936894,27.28026589,44.30098915,0.046020408,3.126150415,0.045647329,0.028562848,261.4496307,36.7309199,35.8192,5.909714721,63.7282799,3.708784281,5.819683642,2.20093044,-45.77249362,-46.95272873,-3.5309156,165.1934928,7.620637299,0.933907144,4.419201049,475.1143218,457.0795879,0.722437296,92.64309816,1.037925025,34.49332097,36.60147091,0.028262181,97.56783503,0,0,1,0,52189.59694,1499.997667,1273.857994,0.849239984,0.174300025,9,0.5,0: Broadleaf,2,TRUE,1786554299,436.0124667,455.2713333,36.50203333,34.34336,437.9377333,35.96903333,375.1544333,101.5049,0.099968063,35.54061,35.8192,999.9,0,0,10000.47533,713.2175,0.218638,-19.25884,452.4894333,471.4636333,2.070307,455.2713333,34.34336,3.696162667,3.486016,27.54875667,26.55162333,1499.997667,0.691999567,0.3080004,39,28282.48333,1786554326,13:05:26,1786553966,1786554326,66,-0.174,0.088,-1.829,0.533,394,34,0.79,0.14,-17.4022561,-33.37211143,3.557379876,0,2.148195366,-1.355031429,0.145518808,0,0,2,0/2,2.6294,2.71271,0.101019,0.104246,0.156238,0.149838,24941.6,24543.8,25261.3,25206.7,29448.7,29215.9,38801.4,37948.3,1.66378,2.00417,0.089407,0,34.3848,999.9,41.8,44.5,38.6833,62.6846,22.6603,1,0.507447,0,20.4131,5.21564,11.9846,4.9678,3.29503,9114.1,9999,9999,261.3,4.97003,1.87577,1.8717,1.875,1.87454,1.87256,1.87393,1.875,0,0,0,0,11111111,oooooooo,on,on,on,on,0,100,100,-1.936,0.533,-0.831635462,-0.002774575,7.27494E-07,-2.16226E-10,0.44462,0,0,0,23,2146,2,22,5.7,5.5,0.152588,4.99756,1.4978,2.26318,1.4978,2.4585,46.8855,14.4472,3,359.007,602.239,35.1588,33.9211,29.9997,33.6265,33.6122,-1,40,10,-999.9,400,20,99.7399,106.032
74,1786554427,9211.6,20260812 13:07:07,13:07:07,15,1786554419,0.001201764,1.201764396,5.007789851,462.0174194,301.5681669,30.63733858,46.93792536,0.054969074,3.123949566,0.054437331,0.034070678,261.450069,36.842746,35.96750968,5.958135175,65.15143033,3.823316271,5.868353544,2.134818904,-52.99780984,-46.4557623,-3.501092574,158.4954043,0.951250282,1.610435356,5.007789851,482.6146989,475.0823152,-0.502277617,92.64316405,1.201764396,33.62146974,37.17295939,-0.075480665,97.55021188,0,0,1,0,52113.43103,1500,1273.860065,0.849240044,0.174300046,9,0.5,0: Broadleaf,2,TRUE,1786554419,462.0174194,466.0842581,37.63350645,33.91563548,463.8894194,37.17650645,375.1733548,101.4934194,0.09999119,35.69167419,35.96750968,999.9,0,0,9991.535484,713.6423548,0.218638,-4.178592484,480.0075806,482.4474194,3.793751935,466.0842581,33.91563548,3.827252581,3.442211935,28.14537742,26.33665161,1500,0.691999484,0.308000548,39,28282.51613,1786554463,13:07:42,1786554456,1786554463,67,0.054,-0.076,-1.872,0.457,430,32,0.66,0.15,-6.58151822,27.27880629,5.031853599,0,3.633639024,1.972454843,0.326471983,0,0,2,0/2,2.62947,2.7125,0.103822,0.103015,0.157535,0.14735,24866.2,24579.6,25263.5,25208.6,29405.3,29303.5,38804.2,37951.1,1.6649,2.00627,0.0855364,0,34.5639,999.9,41.6,44.6,38.6988,62.6846,23.6699,1,0.503328,0,20.4134,5.2134,11.9827,4.96775,3.295,9114.1,9999,9999,261.3,4.97002,1.87576,1.87175,1.875,1.87454,1.87256,1.87391,1.875,0,0,0,0,11111111,oooooooo,on,on,on,on,0,100,100,-1.872,0.457,-0.831635462,-0.002774575,7.27494E-07,-2.16226E-10,0.532875,0,0,0,23,2146,2,22,7.7,1.7,0.152588,4.99756,1.49902,2.26318,1.4978,2.40845,46.7969,14.4035,3,359.328,603.551,35.2907,33.8783,30.0001,33.5782,33.5701,-1,40,10,-999.9,400,20,99.7477,106.04
75,1786554547,9331.6,20260812 13:09:07,13:09:07,15,1786554539,0.001244433,1.244432599,4.679311543,433.1362667,279.658104,28.41152993,44.00395993,0.053842335,3.12641711,0.053332457,0.033378194,261.4492915,36.8853912,36.01167667,5.97262134,63.11971982,3.715107196,5.885810657,2.257514144,-54.8794776,-44.84871815,-3.378920801,158.3421749,6.201140695,1.181253036,4.679311543,467.0733093,452.1253333,0.341154403,92.64315222,1.244432599,34.00799822,36.63645212,0.02408506,97.55521412,0,0,1,0,52160.81839,1499.996,1273.85656,0.849239971,0.174299992,9,0.5,0: Broadleaf,2,TRUE,1786554539,433.1362667,449.2399333,36.56824667,33.8381,434.8562667,36.05224667,375.1633667,101.4938,0.100001577,35.74559333,36.01167667,999.9,0,0,10002.78967,712.0631,0.218638,-16.248632,449.3985333,464.9741667,2.670842333,449.2399333,33.8381,3.705434667,3.43436,27.59161333,26.29861333,1499.996,0.692,0.307999967,39,28282.46,1786554573,13:09:33,1786554572,1786554573,68,0.173,0.059,-1.72,0.516,447,34,0.54,0.03,-15.34512,-12.15951895,2.617307524,0,2.7098155,-0.70343955,0.116349794,0,0,2,0/2,2.62961,2.71262,0.10013,0.101127,0.156289,0.147066,24970.5,24634.1,25265.2,25211.4,29450.2,29315.9,38806.8,37954.9,1.66505,2.00625,0.0843629,0,34.663,999.9,40.4,44.6,37.5799,61.8746,22.8526,1,0.499616,0,20.4121,5.21504,11.9831,4.9678,3.295,9114.1,9999,9999,261.4,4.97003,1.87576,1.8717,1.875,1.87454,1.87256,1.87391,1.875,0,0,0,0,11111111,oooooooo,on,on,on,on,0,100,100,-1.72,0.516,-0.778015467,-0.002774575,7.27494E-07,-2.16226E-10,0.456709524,0,0,0,23,2146,2,22,1.5,1.4,0.152588,4.99756,1.49902,2.26196,1.4978,2.3877,46.6496,14.386,3,359.243,603.13,35.3187,33.8418,29.9997,33.5467,33.5292,-1,40,10,-999.9,400,20,99.7543,106.051
76,1786554667,9451.6,20260812 13:11:07,13:11:07,15,1786554659,0.0012306,1.230600414,5.442994262,452.0756452,284.4701841,28.90010589,45.92760418,0.056771906,3.128669924,0.056205752,0.035178991,261.4499202,36.88628999,36.01083548,5.972345158,65.51294906,3.855605779,5.885257548,2.116739379,-54.26947826,-45.02694604,-3.389863954,158.7636319,7.080728766,1.055343577,5.442994262,488.7525761,471.7083576,0.359368411,92.64101285,1.230600414,35.40178611,38.08430182,0.015247486,97.76672564,0,0,1,0,52212.65212,1500,1273.859968,0.849239979,0.174299947,9,0.5,0: Broadleaf,2,TRUE,1786554659,452.0756452,470.2053226,37.9515871,35.51610968,453.8099677,37.4565871,375.1882258,101.4927419,0.09999961,35.7438871,36.01083548,999.9,0,0,10013.20677,712.6534194,0.218638,-18.12976871,469.9199032,487.52,2.456480968,470.2053226,35.51610968,3.853945484,3.604630323,28.26527419,27.12007742,1500,0.69200071,0.30799929,39,28282.53871,1786554684,13:11:24,1786554572,1786554684,69,0.173,-0.021,-1.72,0.495,447,33,0.54,0.02,-18.30451293,17.14423923,8.823928864,0,2.276177317,3.241308502,0.378520699,0,0,2,0/2,2.62971,2.71266,0.103285,0.104588,0.160289,0.150007,24886.8,24542.7,25268.8,25214.7,29313.5,29218.4,38811.8,37959.9,1.66555,2.00677,0.0849701,0,34.6558,999.9,41.6,44.6,38.6973,62.1446,23.2812,1,0.493255,0,20.4129,5.21654,11.9809,4.9675,3.295,9114.1,9999,9999,261.4,4.97001,1.87576,1.87164,1.87498,1.87454,1.87256,1.87388,1.875,0,0,0,0,11111111,oooooooo,on,on,on,on,0,100,100,-1.739,0.495,-0.604915717,-0.002774575,7.27494E-07,-2.16226E-10,0.516015,0,0,0,23,2146,2,22,1.6,1.6,0.151367,4.99756,1.49902,2.26196,1.4978,2.36084,46.5028,14.3422,3,359.188,602.935,35.3129,33.7695,29.9999,33.4866,33.4653,-1,40,10,-999.9,400,20,99.7678,106.065
77,1786555383,10167,20260812 13:23:02,13:23:02,15,1786555379,0.002952884,2.952884458,10.8517387,424.2715385,269.355205,27.36459385,43.10300346,0.124984407,3.12657702,0.122273664,0.076659693,261.4504454,35.54249633,34.90785385,5.61961297,58.54307217,3.273547266,5.591690263,2.346065703,-130.2222046,-15.14706275,-1.129906939,114.9512711,0.70569325,0.364812275,10.8517387,441.3477875,433.1443394,-1.909337672,92.53387957,2.952884458,31.5052724,33.17136061,0.496970238,98.6824264,0,0,1,0,52321.69702,1500.002308,1273.861887,0.849239952,0.174300029,9,0.5,0: Broadleaf,2,TRUE,1786555379,424.2715385,426.3345385,32.22218462,31.37572308,425.8405385,31.77718462,375.388,101.4948462,0.098118608,34.81799231,34.90785385,999.9,0,0,10003.41846,716.8388462,0.231356923,-2.366824077,438.1055385,440.1445385,0.898715785,426.3345385,31.37572308,3.275690769,3.184473846,25.4976,25.02513077,1500.002308,0.691999385,0.308000538,36,28282.55385,1786555419,13:23:39,1786555419,1786555401,71,0.359,-0.021,-1.569,0.445,458,31,0.57,0.14,-0.70641883,-10.32981137,1.335510025,0,0.266186225,3.452674786,0.502926559,0,0,2,0/2,2.62924,2.71253,0.09726,0.0971991,0.145812,0.139539,25048.8,24738.7,25263.4,25207.8,29812.8,29569.6,38802.6,37948.7,1.6628,2.0034,0.0958517,0,33.3599,999.9,37.5,44.2,34.1677,62.1046,22.0954,1,0.49581,0,20.4127,5.21594,11.9825,4.9677,3.295,9114.1,9999,9999,261.6,4.97002,1.87575,1.87165,1.87486,1.87454,1.87256,1.87389,1.875,0,0,0,0,11111111,oooooooo,on,on,on,on,0,100,100,-1.569,0.445,-0.806637515,-0.002774575,7.27494E-07,-2.16226E-10,0.465975,0,0,0,23,2146,2,22,0.3,0.1,0.150146,4.99756,1.4978,2.25952,1.4978,2.45728,45.3188,14.2371,3,357.534,599.667,34.5769,33.708,30,33.4333,33.4138,-1,40,10,-999.9,400,20,99.7449,106.035
78,1786555545,10329,20260812 13:25:44,13:25:44,15,1786555537,0.000742333,0.742332863,2.832411413,450.5560333,304.4841156,30.93422143,45.77447356,0.034272178,3.127346468,0.034064883,0.021309072,261.4503261,35.96605645,34.84453333,5.599924787,62.72106755,3.484970094,5.556299072,2.114954693,-32.73687927,-23.77281189,-1.771379908,203.169255,-1.022090685,0.782353756,2.832411413,463.7138266,461.7429939,-0.515932604,92.64307078,0.742332863,32.45015955,34.22517091,-0.00534537,97.58463382,0,0,1,0,52358.8465,1500.002,1273.861689,0.849239994,0.174299985,9,0.5,0: Broadleaf,2,TRUE,1786555537,450.5560333,448.9497,34.3024,32.48994667,452.3370333,33.8044,375.163,101.4955333,0.099984597,34.70353333,34.84453333,999.9,0,0,10006.87267,717.0645,0.218638,1.813466767,466.7488667,464.0258667,1.759177667,448.9497,32.48994667,3.476133,3.297584333,26.50361333,25.61210667,1500.002,0.6920002,0.3079998,36,28282.56,1786555566,13:26:05,1786555562,1786555566,72,-0.217,0.054,-1.781,0.498,449,33,0.82,0.09,1.072870861,1.539437791,2.61762877,0,1.742443902,0.312782509,0.050999233,0,0,2,0/2,2.63,2.71266,0.101854,0.101504,0.149245,0.14378,24928.3,24628.9,25270,25215.8,29699.4,29432.4,38812.1,37960.2,1.66747,2.00875,0.0745803,0,33.6439,999.9,39.5,44,35.6175,62.3446,22.1074,1,0.483361,0,20.4129,5.21609,11.9827,4.96765,3.295,9114.1,9999,9999,261.7,4.97003,1.87576,1.87164,1.87486,1.87454,1.87256,1.87388,1.875,0,0,0,0,11111111,oooooooo,on,on,on,on,0,100,100,-1.781,0.498,-0.447723306,-0.002774575,7.27494E-07,-2.16226E-10,0.444728571,0,0,0,23,2146,2,22,2.1,2.4,0.150146,4.99756,1.4978,2.25952,1.4978,2.40601,45.0917,14.2021,3,359.413,603.229,34.4344,33.6004,29.9996,33.3411,33.3302,-1,40,10,-999.9,400,20,99.77,106.068
79,1786555665,10449,20260812 13:27:44,13:27:44,15,1786555657,0.000705098,0.705097851,3.343209249,447.722,280.5041361,28.49823115,45.4869765,0.034627116,3.123647316,0.03441527,0.021528469,261.4504733,35.87669184,34.72626774,5.563313107,64.70702842,3.575428009,5.525563601,1.987885098,-31.09481521,-20.65478601,-1.539231588,208.1616405,14.25721375,0.602211936,3.343209249,521.5912322,483.4535515,3.046076453,92.64317057,0.705097851,34.01973716,35.40096424,0.024273876,97.54060303,0,0,1,0,52290.88678,1500.002903,1273.862377,0.849239941,0.174299978,9,0.5,0: Broadleaf,2,TRUE,1786555657,447.722,482.570129,35.19244194,33.79864839,449.5064194,34.70644194,375.1751935,101.4964516,0.100022306,34.60361613,34.72626774,999.9,0,0,9989.854194,716.0275161,0.218638,-34.84809645,464.059871,499.4575484,1.40605129,482.570129,33.79864839,3.573153871,3.430443226,26.97136129,26.27879032,1500.002903,0.692000097,0.307999839,36,28282.6,1786555692,13:28:12,1786555562,1786555692,73,-0.217,-0.012,-1.781,0.486,449,32,0.82,0.4,-31.5253078,-112.0476985,17.04335241,0,1.428142927,-1.452187735,0.20190642,0,0,2,0/2,2.63021,2.71257,0.10562,0.110254,0.152685,0.148608,24829.3,24393.1,25275.2,25219.7,29584.4,29270.5,38820.1,37965.6,1.66863,2.0095,0.0655279,0,33.6548,999.9,41.4,43.9,37.1402,62.0146,23.0329,1,0.47514,0,20.4134,5.21714,11.9824,4.96765,3.295,9114.1,9999,9999,261.7,4.97003,1.87576,1.87164,1.87485,1.87454,1.87256,1.87386,1.875,0,0,0,0,11111111,oooooooo,on,on,on,on,0,100,100,-1.829,0.486,-0.664546339,-0.002774575,7.27494E-07,-2.16226E-10,0.498255,0,0,0,23,2146,2,22,1.7,1.6,0.150146,4.99756,1.49902,2.25952,1.4978,2.40601,44.8659,14.1846,3,359.581,603.158,34.3682,33.5026,30,33.261,33.2604,-1,40,10,-999.9,400,20,99.7905,106.083
80,1786555785,10569,20260812 13:29:44,13:29:44,15,1786555777,0.000909161,0.909160535,3.588217766,454.8431333,309.8161779,31.47735963,46.21211513,0.043710334,3.125624967,0.043373565,0.027138519,261.4505417,35.69062993,34.63475667,5.53512683,63.82443315,3.500164976,5.484051802,2.034961853,-40.0939796,-28.11736055,-2.091711271,191.1474902,1.608397116,0.99464055,3.588217766,474.3850441,468.4857273,-0.305522179,92.64320274,0.909160535,32.14586054,34.37208485,-0.011658479,97.5385015,0,0,1,0,52359.5005,1500.003667,1273.863114,0.84924,0.174299935,9,0.5,0: Broadleaf,2,TRUE,1786555777,454.8431333,459.7866,34.45040333,32.14665,456.7671333,33.98240333,375.1865667,101.5001,0.100016043,34.46789667,34.63475667,999.9,0,0,9998.543667,716.6484667,0.218638,-4.820182667,471.2082333,475.0581,2.321697667,459.7866,32.14665,3.498538333,3.262886667,26.61262,25.43396,1500.003667,0.692000967,0.307999067,36,28282.62,1786555808,13:30:07,1786555806,1786555808,74,-0.13,-0.018,-1.924,0.468,449,32,1.08,0.21,-6.040457073,10.40438195,2.857658758,0,2.256070976,0.481462787,0.146655646,0,0,2,0/2,2.63008,2.71255,0.103043,0.103744,0.149609,0.143281,24900.9,24572.1,25275.1,25220.1,29691.6,29453.9,38819.9,37966.2,1.66877,2.01155,0.066936,0,33.5421,999.9,40.2,43.7,35.6869,61.9846,23.117,1,0.473011,0,20.4135,5.21654,11.9813,4.96775,3.295,9114.1,9999,9999,261.7,4.97001,1.87572,1.87164,1.87485,1.87454,1.87256,1.87383,1.875,0,0,0,0,11111111,oooooooo,on,on,on,on,0,100,100,-1.924,0.468,-0.664546339,-0.002774575,7.27494E-07,-2.16226E-10,0.485942857,0,0,0,23,2146,2,22,3.7,1.5,0.150146,4.99756,1.49902,2.25952,1.4978,2.37183,44.6412,14.1495,3,359.412,604.326,34.258,33.4621,29.9997,33.2135,33.2083,-1,40,10,-999.9,400,20,99.79,106.085
81,1786555905,10689,20260812 13:31:44,13:31:44,15,1786555897,0.000930928,0.930927835,4.005454159,457.3923226,306.2928473,31.11945349,46.47120961,0.046504745,3.124926661,0.046123659,0.028861265,261.45068,35.45785266,34.39003871,5.460360397,64.63875793,3.500156506,5.41495013,1.96020389,-41.05391752,-25.28043911,-1.876753932,193.2395695,0.991691359,1.03863415,4.005454159,478.4747633,470.1294,-0.161244521,92.64320497,0.930927835,32.04122528,34.31615697,-0.011466364,97.52060038,0,0,1,0,52382.28464,1500.004839,1273.864006,0.849239931,0.174299891,9,0.5,0: Broadleaf,2,TRUE,1786555897,457.3923226,460.9109032,34.45024839,32.04451613,459.3282258,33.94924839,375.1737742,101.5003548,0.09997231,34.23998065,34.39003871,999.9,0,0,9995.323226,717.4076774,0.218638,-3.518600684,473.695871,476.1696774,2.372776774,460.9109032,32.04451613,3.493367419,3.252529032,26.58749677,25.38043871,1500.004839,0.692001355,0.307998613,35.07795484,28282.63548,1786555945,13:32:25,1786555806,1786555945,75,-0.13,0.033,-1.924,0.501,449,32,1.08,0.26,-4.839244663,2.082369458,5.065928204,0,2.311250732,0.653011986,0.153409088,0,0,2,0/2,2.6301,2.71262,0.103378,0.104641,0.14953,0.143104,24899.2,24556,25282.3,25228.4,29701.3,29469,38830.2,37978.2,1.66985,2.01375,0.0636354,0,33.3351,999.9,40.5,43.6,35.7657,61.4446,22.5361,1,0.460904,0,20.4139,5.21564,11.98,4.96765,3.295,9114.1,9999,9999,261.8,4.97,1.87568,1.87164,1.87485,1.87453,1.87256,1.87384,1.875,0,0,0,0,11111111,oooooooo,on,on,on,on,0,100,100,-1.928,0.501,-0.794023175,-0.002774575,7.27494E-07,-2.16226E-10,0.468045,0,0,0,23,2146,2,22,1.6,1.6,0.150146,4.99756,1.4978,2.25952,1.4978,2.44507,44.3899,14.1583,3,359.385,605.094,34.0677,33.3362,29.9995,33.103,33.1032,-1,40,10,-999.9,400,20,99.8174,106.119
82,1786556025,10809,20260812 13:33:44,13:33:44,15,1786556017,0.000985729,0.985728884,4.37877048,481.6935333,334.3543438,33.9708147,48.94065852,0.052331195,3.12582177,0.051849307,0.032448743,261.4501856,35.24914549,34.18792667,5.399274556,66.32819647,3.552786613,5.356374517,1.846487942,-43.47064377,-24.12072961,-1.786678106,192.0721341,-12.07594786,1.236157507,4.37877048,460.6893166,476.8974788,-2.757469158,92.64321184,0.985728884,32.03649141,34.69354121,-0.03625073,97.50635437,0,0,1,0,52436.20554,1500.001,1273.860854,0.849240003,0.174300008,9,0.5,0: Broadleaf,2,TRUE,1786556017,481.6935333,454.153,34.96794667,32.10622667,483.6837667,34.47694667,375.1724333,101.5012667,0.099969663,34.04479333,34.18792667,999.9,0,0,9999.329333,717.7268,0.218638,27.54053333,499.1555667,469.2191333,2.871616333,454.153,32.10622667,3.550298,3.258825667,26.86199,25.41293,1500.001,0.6919999,0.3080001,35,28282.54667,1786556054,13:34:13,1786555806,1786556054,76,-0.13,-0.01,-1.924,0.491,449,32,1.08,0.09,26.58081,-5.456949343,4.692552721,0,2.8464095,0.003458612,0.089396351,1,1,2,1/2,2.63034,2.71268,0.104307,0.100766,0.150572,0.142355,24881,24670.3,25289.4,25236.1,29671.5,29502.4,38840.6,37989.2,1.67208,2.01755,0.0759885,0,32.9675,999.9,41.2,43.4,36.0102,62.7646,22.504,1,0.448064,0,20.4139,5.21669,11.9822,4.9677,3.295,9114.1,9999,9999,261.8,4.97,1.87565,1.87163,1.87485,1.87454,1.87256,1.87381,1.875,0,0,0,0,11111111,oooooooo,on,on,on,on,0,100,100,-1.94,0.491,-0.794023175,-0.002774575,7.27494E-07,-2.16226E-10,0.500904762,0,0,0,23,2146,2,22,3.6,1.3,0.150146,4.99756,1.49902,2.25952,1.4978,2.35474,44.1677,14.1058,3,359.805,606.949,33.8269,33.1779,29.9997,32.9675,32.9752,-1,40,10,-999.9,400,20,99.8445,106.15
83,1786556145,10929,20260812 13:35:44,13:35:44,15,1786556137,0.000950672,0.950672239,4.389177777,463.8498387,312.7619415,31.77776762,47.12885562,0.050779206,3.125870419,0.05032535,0.031493783,261.4505314,35.02100061,33.97332258,5.335064423,66.19632256,3.499159008,5.286032324,1.835905415,-41.92464575,-27.87243933,-2.059994761,189.5934516,2.506820369,1.000719817,4.389177777,485.0119453,477.5895818,-0.351915666,92.64315151,0.950672239,32.08375384,34.38469273,-0.00955747,97.48200579,0,0,1,0,52477.85998,1500.003548,1273.862979,0.849239977,0.174299942,9,0.5,0: Broadleaf,2,TRUE,1786556137,463.8498387,470.9770323,34.43929032,32.12132258,465.6368387,33.95129032,375.1692258,101.5037097,0.099981187,33.80792903,33.97332258,999.9,0,0,9999.31129,717.5039355,0.218638,-7.290387419,480.2269355,486.6076129,2.321193871,470.9770323,32.12132258,3.496042581,3.260432258,26.60052903,25.42131613,1500.003548,0.692000774,0.307999226,35,28282.59355,1786556179,13:36:19,1786556179,1786556179,77,0.166,-0.003,-1.787,0.488,463,32,0.41,0.11,-8.391129268,17.86283017,2.445754682,0,2.29089439,0.461130314,0.062589922,0,0,2,0/2,2.63054,2.71263,0.104641,0.105401,0.149751,0.142923,24877.7,24549.2,25294.9,25241.9,29705.4,29488.9,38848.3,37997.1,1.67288,2.0193,0.0751689,0,32.7292,999.9,41.4,43.2,35.8046,61.4746,22.2516,1,0.438875,0,20.4138,5.21684,11.9804,4.96775,3.295,9114.1,9999,9999,261.8,4.97002,1.87567,1.87164,1.87485,1.87454,1.87255,1.87384,1.875,0,0,0,0,11111111,oooooooo,on,on,on,on,0,100,100,-1.787,0.488,-0.794023175,-0.002774575,7.27494E-07,-2.16226E-10,0.491225,0,0,0,23,2146,2,22,5.6,1.5,0.150146,4.99756,1.4978,2.25952,1.4978,2.37183,43.9192,14.1058,3,359.628,607.301,33.6495,33.0575,29.9997,32.8554,32.866,-1,40,10,-999.9,400,20,99.8653,106.173
84,1786556265,11049,20260812 13:37:44,13:37:44,15,1786556257,0.001044755,1.044755359,4.132004156,431.3199333,296.8689466,30.16385661,43.8249698,0.054140353,3.128604867,0.053625201,0.033561626,261.4502118,34.86131909,33.84733667,5.297679292,64.86565107,3.402877884,5.24603982,1.894801407,-46.07371133,-29.56773628,-2.180587204,183.628177,0.737605312,1.133481219,4.132004156,449.5202406,441.9239394,-0.267861124,92.64278153,1.044755359,31.09211319,33.45138121,0.006110217,97.64383599,0,0,1,0,52564.19399,1500.001,1273.860864,0.84924001,0.174300025,9,0.5,0: Broadleaf,2,TRUE,1786556257,431.3199333,434.2623333,33.49070333,30.86252333,433.0304667,32.97370333,375.1524333,101.5066667,0.099974753,33.67203667,33.84733667,999.9,0,0,10011.53533,716.7128667,0.218638,-2.942300033,446.2525667,448.0923667,2.599226333,434.2623333,30.86252333,3.396589667,3.132751667,26.11147667,24.74989667,1500.001,0.691999667,0.308000333,35,28282.55,1786556289,13:38:08,1786556179,1786556289,78,0.166,0.029,-1.787,0.517,463,33,0.41,0.16,1.136112171,-61.52072063,6.35841346,0,2.933241463,-5.394446969,0.548480241,0,0,2,0/2,2.63076,2.71263,0.0988301,0.101557,0.147014,0.141082,25041.5,24656.2,25297,25243.2,29802.9,29553.2,38851.4,37998.8,1.67377,2.02067,0.081677,0,32.5232,999.9,40.8,43,34.916,61.6546,22.3077,1,0.434527,0,20.4135,5.21699,11.98,4.96775,3.295,9114.1,9999,9999,261.9,4.97002,1.87564,1.87164,1.87485,1.87454,1.87255,1.87388,1.875,0,0,0,0,11111111,oooooooo,on,on,on,on,0,100,100,-1.701,0.517,-0.62794157,-0.002774575,7.27494E-07,-2.16226E-10,0.48805,0,0,0,23,2146,2,22,1.4,1.4,0.150146,4.99756,1.4978,2.25952,1.4978,2.3645,43.6995,14.0883,3,359.665,607.701,33.4781,32.9742,30,32.7755,32.7929,-1,40,10,-999.9,400,20,99.8734,106.178
85,1786556385,11169.1,20260812 13:39:44,13:39:44,15,1786556377,0.000937861,0.937861419,5.830436848,465.9744,273.5023854,27.78964788,47.34607517,0.05175457,3.126183882,0.051283246,0.032094018,261.4503672,34.82708672,33.81451,5.287975786,67.14190084,3.510257791,5.228117981,1.777717995,-41.35968857,-34.32517899,-2.532239225,183.2332604,12.35943651,0.753490425,5.830436848,531.4102547,492.6639212,2.471063848,92.64322135,0.937861419,32.64463015,34.71610242,0.009688451,97.52485686,0,0,1,0,52518.87792,1500.002,1273.861628,0.849239953,0.174300012,9,0.5,0: Broadleaf,2,TRUE,1786556377,465.9744,496.4654,34.54753667,32.80245333,467.7630667,34.04553667,375.1759333,101.5066,0.100001493,33.61084667,33.81451,999.9,0,0,10000.461,716.8960333,0.218638,-30.491082,482.6569667,513.304,1.760545667,496.4654,32.80245333,3.508371333,3.329665667,26.66018333,25.77504,1500.002,0.691999633,0.3080003,34.60834,28282.56,1786556402,13:40:01,1786556179,1786556402,79,0.166,-0.015,-1.787,0.502,463,32,0.41,0.15,-28.81146122,-63.91772383,17.47334667,0,1.78117878,0.72063324,0.36459162,0,0,2,0/2,2.63058,2.71245,0.107362,0.114102,0.150753,0.14525,24805.8,24314.2,25298.2,25245.5,29673.1,29412.2,38853.2,38001.5,1.67397,2.0215,0.0726879,0,32.6444,999.9,42.9,42.8,36.3329,61.8837,23.2412,1,0.430531,0,20.4141,5.21639,11.98,4.9678,3.295,9114.1,9999,9999,261.9,4.97,1.87563,1.87161,1.87481,1.87451,1.87254,1.87383,1.875,0,0,0,0,11111111,oooooooo,on,on,on,on,0,100,100,-1.814,0.502,-0.62794157,-0.002774575,7.27494E-07,-2.16226E-10,0.517465,0,0,0,23,2146,2,22,3.4,1.6,0.150146,4.99756,1.4978,2.25952,1.4978,2.43652,43.4808,14.0795,3,359.474,607.764,33.3876,32.9214,29.9999,32.7192,32.7312,-1,40,10,-999.9,400,20,99.8779,106.187
86,1786556505,11289.1,20260812 13:41:44,13:41:44,15,1786556497,0.001007397,1.007397382,4.468678277,469.5075161,327.4464149,33.27011712,47.70420239,0.055312292,3.125183151,0.054774134,0.034281748,261.4504916,34.72446377,33.7695871,5.274721705,67.01130486,3.486590895,5.202989111,1.78813081,-44.42622454,-41.25270616,-3.042321495,172.7292394,0.263874138,1.077024091,4.468678277,483.3998029,480.3118424,-0.81218989,92.64305668,1.007397382,31.82162575,34.26119576,-0.010218999,97.45325393,0,0,1,0,52510.51919,1500.002258,1273.861995,0.849240051,0.174300065,9,0.5,0: Broadleaf,2,TRUE,1786556497,469.5075161,471.3536129,34.31522903,31.82016774,471.4145161,33.85922903,375.1648065,101.5047742,0.099994103,33.52474194,33.7695871,999.9,0,0,9996.061613,716.737129,0.218638,-1.736001484,486.3287097,486.8451935,2.541193226,471.3536129,31.82016774,3.48784,3.229897097,26.56064516,25.26309677,1500.002258,0.691999226,0.308000806,34,28282.56452,1786556539,13:42:19,1786556539,1786556534,80,-0.169,-0.046,-1.907,0.456,439,31,2.36,0.13,-2.8834559,20.0275596,2.43518853,0,2.52067025,0.05126758,0.062204651,1,1,2,1/2,2.63078,2.71262,0.105067,0.104467,0.149408,0.141987,24873.3,24582.1,25301.8,25248.8,29723.6,29527.9,38858.3,38006.7,1.67482,2.0244,0.0574589,0,32.826,999.9,42.6,42.6,35.7066,62.2737,22.0873,1,0.424378,0,20.4148,5.21594,11.98,4.9678,3.295,9114.1,9999,9999,261.9,4.97003,1.87563,1.87164,1.87484,1.87454,1.87256,1.87382,1.875,0,0,0,0,11111111,oooooooo,on,on,on,on,0,100,100,-1.907,0.456,-0.62794157,-0.002774575,7.27494E-07,-2.16226E-10,0.502125,0,0,0,23,2146,2,22,5.4,1.7,0.150146,4.99756,1.49902,2.25952,1.4978,2.36816,43.2904,14.0445,3,359.535,609.431,33.3284,32.8574,29.9999,32.6488,32.6592,-1,40,10,-999.9,400,20,99.8915,106.201
87,1786556625,11409.1,20260812 13:43:44,13:43:44,15,1786556617,0.001050107,1.050106601,3.765517358,403.1173667,284.0401321,28.85591574,40.95308885,0.055915217,3.126411011,0.055365539,0.034652398,261.4504385,34.62466555,33.58723667,5.221217139,65.20792257,3.375892013,5.177119404,1.845325126,-46.30970108,-25.53829636,-1.880170842,187.7222703,-3.615345118,1.182917073,3.765517358,405.8886786,407.2837152,-1.089510747,92.64297348,1.050106601,30.46262504,33.09467455,-0.018953797,97.61686375,0,0,1,0,52553.79925,1500.002667,1273.862254,0.849239993,0.174299983,9,0.5,0: Broadleaf,2,TRUE,1786556617,403.1173667,395.5885667,33.23023333,30.48687667,404.6153667,32.77423333,375.1782,101.4909667,0.10001462,33.43572,33.58723667,999.9,0,0,10003.041,716.6489667,0.218638,7.211951,416.6463667,408.0281,2.743497667,395.5885667,30.48687667,3.372584,3.094142333,25.99155333,24.54322333,1500.002667,0.692000233,0.307999767,34,28282.58667,1786556665,13:44:25,1786556665,1786556534,81,0.355,-0.046,-1.498,0.456,426,31,4.78,0.13,10.92771415,-65.74445686,6.55440203,0,2.635719024,1.307173589,0.209190973,0,0,2,0/2,2.63081,2.71237,0.0928393,0.0921042,0.146003,0.137533,25213.1,24921.7,25301.5,25248.9,29841.5,29680.7,38857.6,38006.7,1.67495,2.0262,0.0566915,0,32.627,999.9,41.3,42.4,34.2563,62.0336,22.2676,1,0.423524,0,20.4226,5.21699,11.98,4.96775,3.295,9114.1,9999,9999,262,4.97002,1.87563,1.87164,1.87485,1.87454,1.87255,1.87388,1.875,0,0,0,0,11111111,oooooooo,on,on,on,on,0,100,100,-1.498,0.456,-0.797064972,-0.002774575,7.27494E-07,-2.16226E-10,0.456133333,0,0,0,23,2146,2,22,1.4,1.5,0.151367,4.99756,1.49902,2.2583,1.4978,2.41943,43.1279,14.0445,3,359.422,610.577,33.2383,32.8249,30.0001,32.6151,32.6253,-1,40,10,-999.9,400,20,99.8898,106.201
88,1786556745,11529.1,20260812 13:45:44,13:45:44,15,1786556737,0.000951596,0.951595763,4.864700598,480.8491667,321.6240364,32.6731548,48.84852338,0.053146634,3.125616478,0.052649656,0.032950299,261.4503693,34.55873753,33.53456,5.205849105,66.93738293,3.447940336,5.150993637,1.75790877,-41.96537314,-31.87108598,-2.345355868,185.2685543,3.846180098,0.975006043,4.864700598,508.5993816,495.7426182,0.081772815,92.64285273,0.951595763,31.69591161,33.9240697,-0.002187885,97.63020179,0,0,1,0,52550.89941,1500.001667,1273.861447,0.849240021,0.174300053,9,0.5,0: Broadleaf,2,TRUE,1786556737,480.8491667,491.2011,33.94041667,31.68071667,482.4845333,33.48429667,375.1482667,101.4880667,0.09997126,33.34542333,33.53456,999.9,0,0,9999.690333,717.4587,0.218638,-10.351994,497.7428667,507.2727667,2.259703333,491.2011,31.68071667,3.44455,3.215217,26.34887,25.18640333,1500.001667,0.6919993,0.3080007,34,28282.55,1786556665,13:44:25,1786556665,1786556534,81,0.355,-0.046,-1.498,0.456,426,31,4.78,0.13,-14.86699805,49.01794683,10.54127531,0,2.244593902,-0.23817993,0.138309225,0,0,2,0/2,2.63099,2.71265,0.10771,0.112362,0.148565,0.143038,24798.9,24364.3,25300.6,25247.6,29751.7,29490.5,38856.3,38004.6,1.67505,2.0248,0.0593588,0,32.5732,999.9,43.4,42.2,35.6265,61.6736,22.2115,1,0.423504,0,20.4228,5.21624,11.98,4.9678,3.295,9114.1,9999,9999,262,4.97002,1.87564,1.87164,1.87484,1.87453,1.87255,1.8738,1.875,0,0,0,0,11111111,oooooooo,on,on,on,on,0,100,100,-1.632,0.4562,-0.44175965,-0.002774575,7.27494E-07,-2.16226E-10,0.456133333,0,0,0,23,2146,2,22,1.3,3.5,0.151367,4.99756,1.49902,2.25952,1.4978,2.3999,42.966,14.0182,3,359.4,609.219,33.1511,32.8165,29.9998,32.6011,32.6053,-1,40,10,-999.9,400,20,99.8865,106.195
89,1786556865,11649.1,20260812 13:47:44,13:47:44,15,1786556857,0.001003575,1.003574772,4.546697499,466.2543333,324.5405683,32.97072894,47.3677153,0.056291971,3.124848915,0.055734625,0.034883756,261.4500339,34.53073127,33.53342667,5.205518896,67.11738204,3.454186615,5.146485918,1.751332281,-44.25764745,-34.30378251,-2.524788201,180.3638158,1.980677301,1.065956642,4.546697499,483.6528901,478.8907333,-0.660869741,92.6423959,1.003574772,31.3771849,33.88927455,-0.017999075,97.43776784,0,0,1,0,52535.95545,1500,1273.860131,0.849240087,0.174300023,9,0.5,0: Broadleaf,2,TRUE,1786556857,466.2543333,472.1980667,34.00057333,31.53038667,468.2513333,33.53257333,375.1709,101.4920333,0.099977527,33.32980333,33.53342667,999.9,0,0,9995.787,717.2075,0.218638,-5.550435,483.0665667,487.5720333,2.458319,472.1980667,31.53038667,3.449586333,3.200086333,26.37361667,25.10713,1500,0.692,0.3080001,34,28282.52333,1786556903,13:48:22,1786556903,1786556892,82,-0.424,0.012,-1.997,0.468,443,31,2.17,0.17,-4.0297391,-14.89312958,3.56470784,0,2.43511925,0.785145704,0.121195201,0,0,2,0/2,2.63105,2.7127,0.104891,0.105417,0.148423,0.140612,24879.5,24556.8,25302.7,25249.3,29758.4,29575.9,38859.2,38007.5,1.67563,2.02715,0.0587404,0,32.5899,999.9,43.6,42.1,35.5985,62.7536,22.4479,1,0.420287,0,20.4209,5.21699,11.9801,4.9678,3.295,9114.1,9999,9999,262,4.97,1.87563,1.87162,1.87478,1.87454,1.87255,1.87382,1.875,0,0,0,0,11111111,oooooooo,on,on,on,on,0,100,100,-1.997,0.468,-0.44175965,-0.002774575,7.27494E-07,-2.16226E-10,0.456133333,0,0,0,23,2146,2,22,3.3,5.5,0.151367,4.99756,1.49902,2.25952,1.4978,2.42188,42.8315,14.0182,3,359.494,610.819,33.1098,32.7753,30,32.5638,32.5716,-1,40,10,-999.9,400,20,99.8943,106.203
90,1786556985,11769.1,20260812 13:49:44,13:49:44,15,1786556977,0.000985184,0.985184443,4.695877014,464.7253226,314.3959288,31.93889544,47.2105779,0.054512763,3.124663462,0.053989885,0.033790239,261.450662,34.49761612,33.5046,5.197126058,66.63320431,3.422028376,5.135620314,1.775097682,-43.44663392,-35.79653861,-2.633954804,179.5735346,7.673412864,1.023485356,4.695877014,503.6778371,486.6940485,0.544383104,92.64311269,0.985184443,31.11932262,33.60879576,-0.019839784,97.58261923,0,0,1,0,52538.06064,1500.003548,1273.862993,0.849239986,0.174300029,9,0.5,0: Broadleaf,2,TRUE,1786556977,464.7253226,484.2739677,33.68531613,31.31279677,466.5353226,33.20731613,375.1741935,101.488129,0.100004003,33.29210323,33.5046,999.9,0,0,9995.322903,716.6796452,0.218638,-19.76296323,480.6986452,499.9264839,2.362762903,484.2739677,31.31279677,3.417665806,3.177874194,26.21617097,24.9899871,1500.003548,0.691999516,0.308000452,34,28282.5871,1786557022,13:50:21,1786557016,1786557022,83,0.339,0.01,-1.81,0.478,527,31,2.87,0.14,-25.2960535,70.64324375,13.4158272,0,2.0870855,4.766225516,0.509537216,0,0,2,0/2,2.63063,2.7125,0.106238,0.105423,0.147551,0.140176,24839.7,24554.5,25300.3,25247.1,29786.5,29588.4,38855.5,38004.1,1.67523,2.02758,0.0616312,0,32.5089,999.9,43.6,41.9,35.2286,61.8836,22.3277,1,0.422337,0,20.4213,5.21714,11.98,4.9677,3.295,9114.1,9999,9999,262.1,4.97007,1.87561,1.87164,1.87483,1.87451,1.87255,1.87385,1.875,0,0,0,0,11111111,oooooooo,on,on,on,on,0,100,100,-1.81,0.478,-0.866156255,-0.002774575,7.27494E-07,-2.16226E-10,0.46824,0,0,0,23,2146,2,22,1.4,1.6,0.151367,4.99756,1.49902,2.25952,1.4978,2.33521,42.6706,13.9744,3,359.354,611.278,33.0697,32.7928,30,32.5754,32.5822,-1,40,10,-999.9,400,20,99.8849,106.194
91,1786557105,11889.1,20260812 13:51:44,13:51:44,15,1786557097,0.001075451,1.075451355,4.063331612,455.3878387,330.0443163,33.52562958,46.25792126,0.057762484,3.124738789,0.057175782,0.03578708,261.4498277,34.44333648,33.49209355,5.193488488,65.6083053,3.363303545,5.12633809,1.830184943,-47.42740476,-39.12531982,-2.878190533,172.0189126,5.823783291,0.97446271,4.063331612,471.1392553,470.5729758,-0.964925589,92.64207586,1.075451355,30.97595328,33.23229273,0.02302088,97.29071894,0,0,1,0,52545.14446,1499.999677,1273.859717,0.849239994,0.174299923,9,0.5,0: Broadleaf,2,TRUE,1786557097,455.3878387,470.4229355,33.11016774,30.84994516,457.2078387,32.68016774,375.1746774,101.4791935,0.099982103,33.25984194,33.49209355,999.9,0,0,9996.547742,716.7035484,0.218638,-14.87911639,471.1672258,485.3976774,2.308701935,470.4229355,30.84994516,3.364909032,3.130624839,25.95309355,24.73921613,1499.999677,0.692001129,0.307998903,34,28282.52903,1786557134,13:52:14,1786557134,1786557132,84,-0.239,-0.048,-1.82,0.43,414,30,0.61,0.24,-15.93399951,78.99311279,12.6942949,0,2.346273902,-0.358764878,0.183906179,0,0,2,0/2,2.63085,2.71267,0.10353,0.103015,0.146351,0.138042,24915.7,24621,25301.1,25247.5,29829.5,29662.3,38856.9,38004.5,1.6753,2.02877,0.0581816,0,32.5434,999.9,43.3,41.7,34.6214,62.2736,22.1595,1,0.421489,0,20.4213,5.21699,11.98,4.9678,3.295,9114.1,9999,9999,262.1,4.97003,1.87561,1.87164,1.87481,1.87454,1.87253,1.8738,1.875,0,0,0,0,11111111,oooooooo,on,on,on,on,0,100,100,-1.82,0.43,-0.526781794,-0.002774575,7.27494E-07,-2.16226E-10,0.478495,0,0,0,23,2146,2,22,1.5,1.4,0.151367,4.99756,1.49902,2.25952,1.4978,2.43042,42.537,13.9832,3,359.346,612.14,33.046,32.784,30,32.5667,32.5693,-1,40,10,-999.9,400,20,99.8883,106.195
92,1786557225,12009.1,20260812 13:53:44,13:53:44,15,1786557217,0.001029078,1.029077637,4.040962259,423.4189667,293.5357185,29.81443315,43.00667919,0.054776396,3.12704489,0.054248872,0.033952518,261.4492016,34.3754318,33.38154667,5.161431498,64.95302467,3.315089857,5.103826764,1.846341641,-45.38232379,-33.74346051,-2.478157581,179.8452597,7.298890885,1.007694158,4.040962259,459.5457069,441.8894545,0.778521823,92.64325373,1.029077637,30.26327022,32.64650242,0.000468241,97.55513279,0,0,1,0,52611.63861,1499.994667,1273.855484,0.849240009,0.174300087,9,0.5,0: Broadleaf,2,TRUE,1786557217,423.4189667,441.952,32.63846333,30.29998333,425.2498333,32.19146333,375.1685333,101.4700333,0.100001483,33.18139,33.38154667,999.9,0,0,10008.00667,716.6544,0.218638,-18.53295,437.6975,455.7617333,2.321873333,441.952,30.29998333,3.310139333,3.074539667,25.67617,24.43718,1499.994667,0.691998733,0.308001233,34,28282.42333,1786557244,13:54:04,1786557134,1786557244,85,-0.239,0.017,-1.82,0.447,414,30,0.61,0.11,-20.00650732,10.68026551,4.648317689,0,2.307274146,0.291325714,0.045917588,0,0,2,0/2,2.63078,2.71256,0.0989896,0.103881,0.144723,0.138195,25038.6,24594,25297.8,25244.3,29882.7,29653.6,38851.9,37999.9,1.67498,2.02835,0.058867,0,32.4224,999.9,43.2,41.6,34.3628,61.9136,22.8686,1,0.425165,0,20.4205,5.21729,11.98,4.96775,3.295,9114.1,9999,9999,262.1,4.97002,1.87561,1.8716,1.87472,1.8745,1.87254,1.87382,1.875,0,0,0,0,11111111,oooooooo,on,on,on,on,0,100,100,-1.841,0.447,-0.765866719,-0.002774575,7.27494E-07,-2.16226E-10,0.430385714,0,0,0,23,2146,2,22,1.5,1.5,0.151367,4.99756,1.4978,2.25952,1.4978,2.41089,42.3772,13.9657,3,359.288,612.036,32.988,32.8015,30.0001,32.5869,32.594,-1,40,10,-999.9,400,20,99.8754,106.182
93,1786557345,12129.1,20260812 13:55:44,13:55:44,15,1786557337,0.000978123,0.978122501,4.548492391,453.3041333,305.2966024,31.0079269,46.04054327,0.053615253,3.121533631,0.053108862,0.033238137,261.4501293,34.28407514,33.25831667,5.125899601,65.69733654,3.333213528,5.073590048,1.792686073,-43.13520229,-30.75914181,-2.260436305,185.2953489,11.30622936,0.872308744,4.548492391,507.6139367,479.0449636,1.758964397,92.64271449,0.978122501,30.93232847,32.9574903,0.023518372,97.64705964,0,0,1,0,52502.52185,1500.001,1273.860831,0.849239988,0.17429997,9,0.5,0: Broadleaf,2,TRUE,1786557337,453.3041333,481.3756333,32.81802,30.79408333,455.2026333,32.36602,375.1664667,101.4665667,0.099997323,33.07554,33.25831667,999.9,0,0,9983.125333,716.4519,0.218638,-28.07151,468.6836,496.6711667,2.019346,481.3756333,30.79408333,3.329467333,3.124571333,25.77430333,24.70694667,1500.001,0.6920004,0.3079996,34,28282.55,1786557365,13:56:05,1786557134,1786557365,86,-0.239,0.004,-1.82,0.452,414,31,0.61,0.2,-23.0560239,-78.80658627,9.111795815,0,2.113644634,-1.419471638,0.166309052,0,0,2,0/2,2.63079,2.71259,0.105126,0.108721,0.145641,0.139309,24870.9,24465.1,25300.5,25248.3,29853.6,29619.4,38855.8,38005.2,1.67512,2.02992,0.0620633,0,32.2585,999.9,44,41.4,34.6343,62.0036,21.9271,1,0.419423,0,20.4214,5.21669,11.98,4.9677,3.295,9114.1,9999,9999,262.2,4.97005,1.87561,1.87161,1.87473,1.87451,1.87253,1.87383,1.875,0,0,0,0,11111111,oooooooo,on,on,on,on,0,100,100,-1.922,0.452,-0.765866719,-0.002774575,7.27494E-07,-2.16226E-10,0.447409524,0,0,0,23,2146,2,22,3.5,1.7,0.151367,4.99756,1.49902,2.25952,1.4978,2.39136,42.218,13.9394,3,359.174,612.945,32.8868,32.7574,29.9998,32.5504,32.5548,-1,40,10,-999.9,400,20,99.8855,106.198
94,1786557465,12249.1,20260812 13:57:44,13:57:44,15,1786557457,0.000962892,0.962892171,4.900656843,471.5896,316.3684526,32.13272378,47.89813342,0.054880373,3.123200973,0.054350211,0.034016088,261.4506109,34.17813493,33.13554333,5.090711185,66.75580917,3.366211708,5.042574946,1.724499477,-42.46354472,-28.48114053,-2.089536493,188.4163892,5.718245865,0.984614851,4.900656843,500.538474,487.9748182,0.043986773,92.64232352,0.962892171,30.62484691,33.05799697,-0.01922864,97.68650325,0,0,1,0,52559.77527,1500.003333,1273.862804,0.849239982,0.17430002,9,0.5,0: Broadleaf,2,TRUE,1786557457,471.5896,486.4211,33.14263667,30.85891,473.5292333,32.67263667,375.1692,101.4674333,0.099974903,32.96639333,33.13554333,999.9,0,0,9990.668667,716.1817333,0.218638,-14.83145633,487.7458667,501.9098,2.265305,486.4211,30.85891,3.361030667,3.131176,25.93363333,24.74214,1500.003333,0.691999633,0.308000333,34,28282.57667,1786557494,13:58:13,1786557134,1786557494,87,-0.239,0.019,-1.82,0.47,414,31,0.61,0.1,-15.82141475,17.47509242,5.69396391,0,2.2030305,1.800726304,0.199217067,0,0,2,0/2,2.63094,2.71275,0.106558,0.109306,0.145921,0.139047,24836.6,24454.1,25305.8,25253.2,29849.1,29634.2,38863.4,38012.8,1.67577,2.03225,0.0650063,0,32.0667,999.9,44.7,41.2,34.8121,62.6336,22.0232,1,0.411916,0,20.4153,5.21639,11.9801,4.9677,3.295,9114.1,9999,9999,262.2,4.97002,1.87561,1.87157,1.87471,1.87448,1.87255,1.87383,1.875,0,0,0,0,11111111,oooooooo,on,on,on,on,0,100,100,-1.941,0.47,-0.765866719,-0.002774575,7.27494E-07,-2.16226E-10,0.45157619,0,0,0,23,2146,2,22,5.5,1.7,0.151367,4.99756,1.49902,2.26074,1.4978,2.31323,42.0329,13.9044,3,359.14,614.249,32.8065,32.6724,29.9999,32.4813,32.4936,-1,40,10,-999.9,400,20,99.9056,106.219
95,1786557585,12369.1,20260812 13:59:44,13:59:44,15,1786557577,0.001024265,1.024265119,4.247561005,450.4068065,321.9115282,32.69621092,45.74733943,0.058327803,3.125514942,0.057729771,0.036134327,261.4496118,34.08284939,33.05467419,5.067648025,66.53599849,3.340157974,5.020076424,1.727490051,-45.17009176,-28.27856829,-2.071509203,185.9294426,-4.49869421,1.211079386,4.247561005,448.6815085,452.7522606,-1.480180362,92.64260432,1.024265119,29.84784367,32.61192364,-0.037289524,97.66391459,0,0,1,0,52626.93068,1499.997419,1273.857795,0.849239991,0.174300041,9,0.5,0: Broadleaf,2,TRUE,1786557577,450.4068065,440.9234839,32.88562581,30.07592258,451.7148065,32.38762581,375.1738065,101.4689677,0.099966765,32.88685161,33.05467419,999.9,0,0,10001.10774,715.7066452,0.221988097,8.900678065,465.1078387,454.5975161,2.782109677,440.9234839,30.07592258,3.334069677,3.051772258,25.79752903,24.31265161,1499.997419,0.691999355,0.308000613,34,28282.4871,1786557625,14:00:25,1786557625,1786557616,88,0.816,0.028,-1.308,0.498,585,32,5.76,0.17,7.508090732,13.82864864,3.72472351,0,2.641343171,2.332709686,0.273378048,0,0,2,0/2,2.631,2.71274,0.100664,0.0997752,0.144503,0.136706,25004.9,24720.5,25309.9,25257.7,29902.6,29718.9,38869.5,38019,1.67665,2.0352,0.0689924,0,31.9566,999.9,44.5,41.1,34.4711,61.5236,21.7508,1,0.404982,0,20.4141,5.21669,11.98,4.9678,3.29503,9114.1,9999,9999,262.2,4.97,1.87561,1.87153,1.87469,1.87445,1.87252,1.87384,1.875,0,0,0,0,11111111,oooooooo,on,on,on,on,0,100,100,-1.308,0.498,-0.765866719,-0.002774575,7.27494E-07,-2.16226E-10,0.470405,0,0,0,23,2146,2,22,7.5,1.5,0.151367,4.99756,1.49902,2.26074,1.4978,2.33765,41.8749,13.8956,3,359.171,615.971,32.6948,32.5848,30,32.403,32.4222,-1,40,10,-999.9,400,20,99.9216,106.237
96,1786557705,12489.1,20260812 14:01:44,14:01:44,15,1786557697,0.001000684,1.000684244,4.301622384,477.1077,343.4534814,34.88437898,48.45956358,0.056898997,3.123070339,0.056329311,0.035256528,261.4497226,34.12158626,33.12005,5.086285566,66.74901017,3.356911413,5.029155345,1.729374153,-44.13017516,-33.85322809,-2.483001363,180.983318,-1.971766492,1.075154317,4.301622384,483.1573699,485.1009818,-1.27840601,92.64325847,1.000684244,30.52117017,32.99175333,-0.014399258,97.52383655,0,0,1,0,52564.94487,1499.998,1273.85833,0.849240019,0.174300048,9,0.5,0: Broadleaf,2,TRUE,1786557697,477.1077,473.6082,33.05040667,30.55647667,478.8207,32.59940667,375.1741333,101.4694333,0.100010173,32.91898667,33.12005,999.9,0,0,9989.874,715.2285,0.218638,4.077215,494.0372,488.5363,2.541081,473.6082,30.55647667,3.358388667,3.100547333,25.92031,24.57795667,1499.998,0.691999367,0.308000633,34,28282.48667,1786557730,14:02:10,1786557728,1786557730,89,-0.633,-0.047,-1.713,0.451,453,30,1.66,0.13,2.179919275,27.75451444,3.831419179,0,2.524246,-0.017637298,0.056281912,1,1,2,1/2,2.63089,2.71232,0.105855,0.104628,0.145627,0.138386,24864.3,24590.7,25313.5,25261,29866.8,29664.7,38874.4,38023.7,1.6773,2.03688,0.0596344,0,32.1538,999.9,45.6,40.9,34.9523,62.1536,22.8606,1,0.399184,0,20.4131,5.21714,11.98,4.96765,3.295,9114.1,9999,9999,262.3,4.97,1.87558,1.8715,1.87469,1.87444,1.87251,1.87381,1.87499,0,0,0,0,11111111,oooooooo,on,on,on,on,0,100,100,-1.713,0.451,0.050233883,-0.002774575,7.27494E-07,-2.16226E-10,0.498152381,0,0,0,23,2146,2,22,1.3,1.5,0.151367,4.99756,1.4978,2.26074,1.4978,2.43408,41.7174,13.8956,3,359.16,616.694,32.7048,32.5203,29.9997,32.3386,32.3567,-1,40,10,-999.9,400,20,99.9348,106.25
97,1786557825,12609.1,20260812 14:03:44,14:03:44,15,1786557817,0.000957869,0.957869101,4.328324504,443.8028667,302.861027,30.76124607,45.07654657,0.053629603,3.124807511,0.053123468,0.033247243,261.4506673,33.94400383,32.88259333,5.018874429,65.55273848,3.262144295,4.97636616,1.756730134,-42.24202736,-25.46623544,-1.862923512,191.8794809,7.061045592,0.936999456,4.328324504,484.2152524,463.3717515,1.029065593,92.64081575,0.957869101,30.08566434,32.17237333,0.013286007,97.17117978,0,0,1,0,52637.33144,1500.003333,1273.862865,0.849240023,0.174300058,9,0.5,0: Broadleaf,2,TRUE,1786557817,443.8028667,461.7400667,32.11756667,29.94188333,445.4962333,31.65856667,375.1533,101.4688667,0.099982833,32.73142667,32.88259333,999.9,0,0,9997.879667,715.4051667,0.218638,-17.93724033,458.526,475.9937333,2.167487333,461.7400667,29.94188333,3.258100667,3.038168,25.4093,24.23836667,1500.003333,0.691999233,0.308000767,33.48194,28282.58333,1786557859,14:04:19,1786557728,1786557859,90,-0.633,0.008,-1.713,0.459,453,30,1.66,0.08,-15.90320244,-54.25939171,6.216932892,0,2.263233902,-1.884382787,0.190560423,0,0,2,0/2,2.63108,2.71254,0.102645,0.106239,0.143308,0.137348,24953.9,24546.5,25313.6,25260.9,29948.2,29700.5,38874.8,38023.5,1.67752,2.03787,0.0702031,0,31.7139,999.9,45,40.7,34.1288,62.1536,22.4239,1,0.39716,0,20.4148,5.21639,11.98,4.96775,3.295,9114.1,9999,9999,262.3,4.97,1.87561,1.87153,1.87469,1.87443,1.87253,1.87379,1.875,0,0,0,0,11111111,oooooooo,on,on,on,on,0,100,100,-1.705,0.459,-0.582477887,-0.002774575,7.27494E-07,-2.16226E-10,0.450814286,0,0,0,23,2146,2,22,1.6,1.6,0.151367,4.99756,1.4978,2.26074,1.4978,2.35596,41.5866,13.8694,3,359.068,617.147,32.6015,32.4746,30,32.2993,32.3197,-1,40,10,-999.9,400,20,99.9355,106.25
98,1786557945,12729.5,20260812 14:05:45,14:05:45,15,1786557937,0.000922694,0.922693804,4.69868262,512.0726,363.4120065,36.91204149,52.01161414,0.055380784,3.123836719,0.054841069,0.034323721,261.4500188,33.87558457,32.79587667,4.994451118,67.72900382,3.355781813,4.954718988,1.638669305,-40.69079675,-23.89152815,-1.746865474,195.1208284,1.693352806,0.954392505,4.69868262,527.9144602,525.3075333,-0.915596594,92.64083372,0.922693804,30.82489186,32.98146606,-0.001557574,97.17254312,0,0,1,0,52628.26017,1500,1273.860008,0.849240005,0.174300013,9,0.5,0: Broadleaf,2,TRUE,1786557937,512.0726,517.3072333,33.03885,30.82497333,513.9756,32.56885,375.1674333,101.4708,0.09998145,32.65401333,32.79587667,999.9,0,0,9993.246333,714.6711333,0.218638,-5.1773331,529.6223,533.7606333,2.203173,517.3072333,30.82497333,3.351391667,3.127833667,25.88513,24.72452667,1500,0.691999833,0.308000167,33.15416667,28282.53333,1786557975,14:06:14,1786557975,1786557963,91,-0.015,0.011,-1.903,0.47,536,31,1.26,0.05,-7.656855825,42.49143509,5.303700777,0,2.1560405,0.578701914,0.073863029,0,0,2,0/2,2.6316,2.71259,0.112367,0.111496,0.14574,0.138732,24683.4,24402.7,25313.4,25261.4,29862.7,29653.3,38874.2,38024,1.6782,2.03915,0.0834838,0,31.4385,999.9,46.4,40.6,35.0011,61.4536,21.7468,1,0.395404,0,20.415,5.21624,11.98,4.9677,3.295,9114.1,9999,9999,262.3,4.97,1.87559,1.87153,1.87469,1.87442,1.87248,1.8738,1.875,0,0,0,0,11111111,oooooooo,on,on,on,on,0,100,100,-1.903,0.47,-0.582477887,-0.002774575,7.27494E-07,-2.16226E-10,0.459295238,0,0,0,23,2146,2,22,3.6,1.4,0.151367,4.99756,1.49902,2.26074,1.4978,2.37183,41.4562,13.8518,3,359.213,617.781,32.4836,32.4398,29.9998,32.2626,32.278,-1,40,10,-999.9,400,20,99.9344,106.251
99,1786558065,12849.5,20260812 14:07:45,14:07:45,15,1786558057,0.000972163,0.972163119,4.379979295,475.3128667,340.1059003,34.54376794,48.27642611,0.05701216,3.123982775,0.056440383,0.035326133,261.4499344,33.8438121,32.79993333,4.995591347,67.035132,3.317725262,4.949233578,1.677866085,-42.87239353,-27.88757139,-2.038790848,188.6511786,1.00553982,0.978496708,4.379979295,484.0565475,485.5728242,-1.253373957,92.64319103,0.972163119,30.30038762,32.62297091,-0.006422884,97.48052172,0,0,1,0,52634.95674,1499.999667,1273.859714,0.849239998,0.174299995,9,0.5,0: Broadleaf,2,TRUE,1786558057,475.3128667,478.8406667,32.66516667,30.39459,477.0908667,32.18816667,375.1824667,101.4676667,0.100015373,32.63435,32.79993333,999.9,0,0,9994.223333,714.1637333,0.218638,-3.528501833,491.3594333,493.853,2.263956333,478.8406667,30.39459,3.313785333,3.084066333,25.69473333,24.48857,1499.999667,0.692000067,0.307999933,33.89167667,28282.52333,1786558099,14:08:18,1786558099,1786558098,92,0.08,0.007,-1.778,0.477,518,31,2.12,0.04,-2.39125,17.98140371,6.704942796,0,2.28182875,0.731506829,0.17780295,0,0,2,0/2,2.63164,2.71256,0.106096,0.105107,0.144612,0.136613,24863.6,24583.7,25318.9,25266.9,29907.5,29731.7,38882.2,38031.5,1.67883,2.04195,0.0728667,0,31.6206,999.9,46.2,40.4,34.4841,62.3236,21.8229,1,0.387335,0,20.4136,5.21669,11.98,4.9677,3.29503,9114.1,9999,9999,262.4,4.97001,1.87559,1.87151,1.87469,1.87446,1.87247,1.87379,1.875,0,0,0,0,11111111,oooooooo,on,on,on,on,0,100,100,-1.778,0.477,-0.596848452,-0.002774575,7.27494E-07,-2.16226E-10,0.470375,0,0,0,23,2146,2,22,1.5,1.7,0.151367,4.99756,1.49902,2.26074,1.4978,2.4231,41.3001,13.8343,3,359.128,619.338,32.4498,32.3602,29.9998,32.1865,32.2025,-1,40,10,-999.9,400,20,99.9555,106.273
100,1786558185,12969.5,20260812 14:09:45,14:09:45,15,1786558177,0.000894852,0.894851924,6.001406902,561.6277667,372.922965,37.87390688,57.03869091,0.054885108,3.123249409,0.054354863,0.034019003,261.4496872,33.84162251,32.78089,4.990240697,68.52141905,3.387209999,4.943286415,1.603030698,-39.46296983,-28.26773884,-2.066659656,191.6523189,-9.527331258,0.906654124,6.001406902,546.2763977,559.4643758,-2.84600674,92.64324991,0.894851924,31.14854238,33.31603939,-0.008898538,97.53468076,0,0,1,0,52621.50537,1499.998333,1273.858693,0.849240072,0.174299985,9,0.5,0: Broadleaf,2,TRUE,1786558177,561.6277667,539.9939333,33.35194333,31.24948667,563.5152667,32.88094333,375.1677333,101.4596,0.099999253,32.61301,32.78089,999.9,0,0,9991.661667,713.8961333,0.218638,21.63392967,581.0092,557.4136,2.108624333,539.9939333,31.24948667,3.384500333,3.170560667,26.05123,24.95174,1499.998333,0.6920005,0.3079996,33.95137333,28282.49333,1786558203,14:10:03,1786558099,1786558203,93,0.08,-0.007,-1.778,0.471,518,31,2.12,0.05,18.732923,49.69573553,9.522677405,0,2.17808075,-0.696705704,0.153717894,0,0,2,0/2,2.63141,2.71246,0.117546,0.114371,0.146731,0.139907,24547.8,24331.5,25321.5,25269,29836.1,29620.9,38885.8,38034.9,1.67938,2.04295,0.071153,0,31.6247,999.9,47.9,40.2,35.3769,61.6636,21.9912,1,0.382393,0,20.4144,5.21699,11.98,4.96765,3.29503,9114.1,9999,9999,262.4,4.97,1.8756,1.87152,1.87469,1.87446,1.87246,1.8738,1.875,0,0,0,0,11111111,oooooooo,on,on,on,on,0,100,100,-1.84,0.471,-0.516336029,-0.002774575,7.27494E-07,-2.16226E-10,0.47719,0,0,0,23,2146,2,22,1.4,1.4,0.151367,4.99756,1.49902,2.26196,1.4978,2.28271,41.1705,13.7993,3,359.087,619.58,32.4122,32.2966,29.9997,32.1262,32.1452,-1,40,10,-999.9,400,20,99.965,106.282
101,1786558305,13089.5,20260812 14:11:45,14:11:45,15,1786558297,0.000854526,0.854526346,4.567752683,509.6400323,355.6336646,36.1167125,51.75697454,0.051699808,3.122805963,0.051228972,0.032060053,261.4502194,33.78562172,32.72512258,4.974600269,68.02195237,3.350022974,4.924914469,1.624577295,-37.68461186,-29.99736503,-2.192113409,191.5761291,11.4944096,0.789721268,4.567752683,568.071453,538.1551636,1.887626027,92.64003474,0.854526346,31.34227271,33.08644303,0.023025558,97.11626487,0,0,1,0,52622.55086,1500.001613,1273.861345,0.849239984,0.174299959,9,0.5,0: Broadleaf,2,TRUE,1786558297,509.6400323,538.1794839,32.98697097,31.155,511.4139032,32.49097097,375.1717097,101.4559355,0.100008452,32.54694516,32.72512258,999.9,0,0,9989.993226,713.8045806,0.218638,-28.53953548,527.0115161,555.4886452,1.80656,538.1794839,31.155,3.344146774,3.160860323,25.84857419,24.90014194,1500.001613,0.692000548,0.307999452,33.04169032,28282.55806,1786558346,14:12:25,1786558099,1786558346,94,0.08,0.025,-1.778,0.496,518,32,2.12,0.24,-22.6957025,-117.525998,11.86883039,0,1.92534275,-2.261863902,0.21987963,0,0,2,0/2,2.63149,2.71247,0.114622,0.119476,0.146119,0.141253,24633.5,24195.4,25325.7,25273.2,29861.5,29579.1,38891.9,38041,1.6799,2.04413,0.0654906,0,31.6681,999.9,48.4,40.1,35.5553,62.2336,21.8269,1,0.375714,0,20.4138,5.21774,11.98,4.96785,3.29503,9114.1,9999,9999,262.4,4.97,1.8756,1.87153,1.87469,1.87445,1.8725,1.87378,1.875,0,0,0,0,11111111,oooooooo,on,on,on,on,0,100,100,-1.8,0.496,-0.516336029,-0.002774575,7.27494E-07,-2.16226E-10,0.470595,0,0,0,23,2146,2,22,3.4,1.7,0.151367,4.99756,1.49902,2.26196,1.4978,2.32544,41.0412,13.7818,3,358.957,619.811,32.363,32.2189,29.9998,32.0512,32.0727,-1,40,10,-999.9,400,20,99.981,106.3
102,1786558425,13209.5,20260812 14:13:45,14:13:45,15,1786558417,0.000877208,0.877207909,5.17101686,515.4091667,348.1546942,35.3540496,52.33823224,0.053522907,3.125018527,0.053018807,0.03318165,261.450388,33.80463254,32.75482667,4.982925705,68.36878871,3.37192525,4.93196576,1.611000454,-38.68486879,-30.74686978,-2.245901114,189.7727483,10.67597314,0.854704514,5.17101686,560.0775507,540.0440788,0.733426933,92.64312483,0.877207909,31.17910788,33.22187333,-0.000798259,97.5883798,0,0,1,0,52669.15285,1500.002333,1273.862013,0.849240021,0.174299988,9,0.5,0: Broadleaf,2,TRUE,1786558417,515.4091667,542.0772333,33.20557667,31.22325667,517.1959667,32.72657667,375.1620333,101.4469667,0.09998986,32.57232667,32.75482667,999.9,0,0,10001.004,713.6906333,0.218638,-26.66801333,533.1206,559.5482667,1.998835667,542.0772333,31.22325667,3.370277,3.167502667,25.98005333,24.93565,1500.002333,0.692000267,0.307999767,33.88611667,28282.57,1786558456,14:14:16,1786558099,1786558456,95,0.08,-0.016,-1.778,0.479,518,31,2.12,0.11,-25.3202675,4.777914822,6.400664542,0,1.96215625,0.735956961,0.090095532,0,0,2,0/2,2.63143,2.71263,0.11484,0.117475,0.146436,0.140598,24629.9,24253.7,25327.9,25276.4,29852.3,29604.9,38895,38045.4,1.68043,2.04595,0.0659749,0,31.6904,999.9,48.9,39.9,35.5443,62.6236,22.7764,1,0.370971,0,20.4207,5.21684,11.98,4.96775,3.295,9114.1,9999,9999,262.5,4.97002,1.87558,1.87152,1.87469,1.87445,1.87253,1.87383,1.875,0,0,0,0,11111111,oooooooo,on,on,on,on,0,100,100,-1.802,0.479,-0.516336029,-0.002774575,7.27494E-07,-2.16226E-10,0.495509524,0,0,0,23,2146,2,22,5.4,1.3,0.151367,4.99756,1.4978,2.26196,1.4978,2.44751,40.938,13.7906,3,358.879,620.665,32.3514,32.1557,30.0001,31.9863,32.0081,-1,40,10,-999.9,400,20,99.9893,106.313
103,1786558545,13329.5,20260812 14:15:45,14:15:45,15,1786558537,0.000866371,0.866371169,4.553721814,501.2686774,349.8523384,35.52218063,50.89620548,0.052429701,3.123409381,0.051945636,0.032509141,261.450078,33.73472054,32.67065806,4.959366443,67.90171859,3.335095926,4.911651716,1.624270517,-38.20696855,-28.88527408,-2.109378172,192.2484573,15.07355822,0.728083816,4.553721814,568.8713362,534.8950121,2.303116161,92.63935548,0.866371169,31.16315293,32.98454727,0.018243246,97.07584834,0,0,1,0,52644.29827,1499.999677,1273.85978,0.849240036,0.17430009,9,0.5,0: Broadleaf,2,TRUE,1786558537,501.2686774,538.3048387,32.84683226,31.15757097,503.0240645,32.36683226,375.165,101.4347742,0.100006997,32.49911935,32.67065806,999.9,0,0,9994.839355,713.5489032,0.218638,-37.03619032,518.2934839,555.6165806,1.688369355,538.3048387,31.15757097,3.33172,3.160459677,25.78569032,24.89831613,1499.999677,0.691998806,0.308001194,33.01076129,28282.50968,1786558573,14:16:12,1786558099,1786558573,96,0.08,0.001,-1.778,0.48,518,31,2.12,0.08,-36.75872,-29.72364203,6.411158776,0,1.67853025,0.444704128,0.100192577,0,0,2,0/2,2.63203,2.7126,0.114085,0.116111,0.145769,0.139924,24653.8,24294.1,25330.7,25279.3,29878.4,29631.2,38899,38049.6,1.68102,2.0477,0.0649318,0,31.6224,999.9,49,39.8,35.4328,62.7436,21.7268,1,0.36593,0,20.421,5.21684,11.98,4.9677,3.29508,9114.1,9999,9999,262.5,4.97,1.87558,1.87149,1.87469,1.87448,1.87251,1.87378,1.875,0,0,0,0,11111111,oooooooo,on,on,on,on,0,100,100,-1.792,0.48,-0.516336029,-0.002774575,7.27494E-07,-2.16226E-10,0.479115,0,0,0,23,2146,2,22,7.4,1.5,0.151367,4.99756,1.49902,2.26196,1.4978,2.33765,40.7837,13.7468,3,358.857,621.458,32.2881,32.0947,29.9999,31.9251,31.9438,-1,40,10,-999.9,400,20,99.9998,106.324
104,1786558665,13449.5,20260812 14:17:45,14:17:45,15,1786558657,0.000817685,0.817685249,4.517128745,509.9051667,354.5111992,35.99145467,51.76769798,0.050534557,3.125359951,0.05008497,0.031343167,261.4501218,33.73803242,32.67348333,4.960155677,68.65661132,3.370680563,4.909477031,1.589475114,-36.05991948,-30.70248896,-2.240627662,192.4470857,3.09376468,0.78848112,4.517128745,533.311711,525.6700667,-0.359729563,92.64237177,0.817685249,31.48118868,33.2654303,0.010782593,97.68435584,0,0,1,0,52690.54029,1500.001,1273.860828,0.849239986,0.174299965,9,0.5,0: Broadleaf,2,TRUE,1786558657,509.9051667,518.2913,33.20077,31.37207667,511.7811667,32.73077,375.1709667,101.4241667,0.100001687,32.49126667,32.67348333,999.9,0,0,10004.81567,713.2422333,0.218638,-8.284945333,527.5260333,535.0777333,1.838968,518.2913,31.37207667,3.368402,3.181886,25.97064667,25.01155,1500.001,0.692000467,0.307999533,33.24721,28282.55,1786558706,14:18:25,1786558697,1786558706,97,-0.25,-0.01,-1.876,0.47,440,31,0.73,0.34,-5.08038145,-41.46215534,6.875109383,0,1.86828125,-0.773921989,0.086312059,0,0,2,0/2,2.63193,2.71259,0.112501,0.113041,0.146631,0.141264,24699.6,24380,25332.2,25280.6,29849.1,29585.8,38901.1,38051.6,1.6812,2.04868,0.0640005,0,31.6338,999.9,50,39.6,35.7746,61.8736,21.6426,1,0.362848,0,20.4201,5.21759,11.98,4.9677,3.295,9114.1,9999,9999,262.5,4.97,1.87552,1.8715,1.87469,1.87441,1.87252,1.87379,1.87499,0,0,0,0,11111111,oooooooo,on,on,on,on,0,100,100,-1.876,0.47,-0.516336029,-0.002774575,7.27494E-07,-2.16226E-10,0.480271429,0,0,0,23,2146,2,22,9.4,1.5,0.152588,4.99756,1.49902,2.26196,1.4978,2.36572,40.7067,13.7293,3,358.682,621.762,32.2623,32.0489,29.9999,31.8753,31.8948,-1,40,10,-999.9,400,20,100.005,106.33
105,1786558785,13569.5,20260812 14:19:45,14:19:45,15,1786558777,0.000921583,0.921583072,4.997271533,442.8835,280.9989622,28.52696168,44.96144945,0.053113864,3.12189797,0.052616911,0.032929831,261.4505735,33.65467722,32.5881,4.93635221,66.00657119,3.229751284,4.89307538,1.706600926,-40.64181347,-26.2823793,-1.918817155,192.6075636,11.02620077,1.033405312,4.997271533,510.788337,469.7366606,2.911205228,92.64323992,0.921583072,29.7142154,31.80059576,0.005226941,97.55985301,0,0,1,0,52620.59833,1500.003333,1273.862828,0.849239998,0.174299995,9,0.5,0: Broadleaf,2,TRUE,1786558777,442.8835,470.4342667,31.814,29.41365,444.7584667,31.348,375.1435,101.4198,0.10001154,32.43194333,32.5881,999.9,0,0,9989.396333,713.6356667,0.218638,-27.550788,457.4382333,484.7068,2.404246,470.4342667,29.41365,3.226965667,2.983126667,25.24774667,23.93185667,1500.003333,0.692000067,0.307999933,33,28282.58333,1786558809,14:20:09,1786558697,1786558809,98,-0.25,-0.004,-1.876,0.466,440,30,0.73,0.07,-7.160456,-357.5881286,35.10140699,0,2.59994575,-4.27998,0.503152169,0,0,2,0/2,2.63153,2.71257,0.104076,0.114724,0.142217,0.138101,24935.3,24334.2,25333.3,25281,30005.4,29696.1,38902.9,38052.2,1.6816,2.04995,0.0667498,0,31.5182,999.9,48.5,39.5,34.5143,62.2036,22.8205,1,0.361202,0,20.4208,5.21714,11.98,4.9677,3.295,9114.1,9999,9999,262.6,4.97,1.87554,1.87149,1.87469,1.8744,1.87246,1.87378,1.875,0,0,0,0,11111111,oooooooo,on,on,on,on,0,100,100,-1.906,0.466,-0.765933516,-0.002774575,7.27494E-07,-2.16226E-10,0.469909524,0,0,0,23,2146,2,22,1.5,1.3,0.151367,4.99756,1.4978,2.26318,1.4978,2.39746,40.6042,13.7205,3,358.69,622.527,32.2215,32.0164,30.0002,31.8388,31.866,-1,40,10,-999.9,400,20,100.01,106.332
106,1786558905,13689.5,20260812 14:21:45,14:21:45,15,1786558897,0.000903865,0.90386463,4.235596612,465.1250968,325.5891906,33.05267816,47.2178763,0.053091068,3.122618647,0.052594652,0.032915871,261.4500435,33.55691287,32.49157419,4.90956218,66.49388932,3.234935243,4.865011321,1.674626937,-39.8604302,-27.19449521,-1.983017211,192.4121009,3.020371975,0.909131815,4.235596612,484.7694302,478.3296182,-0.408970994,92.64326291,0.90386463,29.78205586,31.87363636,0.000734238,97.52742727,0,0,1,0,52654.76767,1500,1273.860017,0.849240012,0.174300029,9,0.5,0: Broadleaf,2,TRUE,1786558897,465.1250968,473.3851935,31.8661,29.75464839,466.8200968,31.4091,375.1661613,101.4165161,0.099993365,32.33003548,32.49157419,999.9,0,0,9993.01871,713.496871,0.218638,-8.489733226,480.2017097,487.9024194,2.120147419,473.3851935,29.75464839,3.232632903,3.017613226,25.27731613,24.12539032,1500,0.691999613,0.308000387,33,28282.51613,1786558934,14:22:14,1786558921,1786558934,99,0.248,-0.009,-1.695,0.457,479,30,0.48,0.09,-10.50155146,37.76059735,4.205891862,0,2.094824146,0.138528502,0.074498902,0,0,2,0/2,2.63151,2.71251,0.105097,0.105259,0.142398,0.136379,24905.4,24593.4,25331.8,25280,29996.8,29753.4,38899.9,38050.2,1.68145,2.051,0.0656247,0,31.429,999.9,48.4,39.4,34.2632,61.9036,22.7244,1,0.361847,0,20.4205,5.21714,11.98,4.9678,3.295,9114.1,9999,9999,262.6,4.97,1.87557,1.87149,1.87469,1.87444,1.8725,1.87379,1.87499,0,0,0,0,11111111,oooooooo,on,on,on,on,0,100,100,-1.695,0.457,-0.765933516,-0.002774575,7.27494E-07,-2.16226E-10,0.465675,0,0,0,23,2146,2,22,3.5,1.6,0.151367,4.99756,1.4978,2.26196,1.4978,2.38403,40.502,13.6855,3,358.586,623.248,32.1491,32.0156,30.0001,31.8333,31.8509,-1,40,10,-999.9,400,20,100.003,106.327
107,1786559025,13809.5,20260812 14:23:45,14:23:45,15,1786559017,0.000873933,0.873932668,4.435979945,482.812,336.0470574,34.11311464,49.01165103,0.052679874,3.123919515,0.052191282,0.032663071,261.4503428,33.50524694,32.43401935,4.89364855,67.27470589,3.26211834,4.848952214,1.63153021,-38.54043066,-27.37261121,-1.994036753,193.5432642,1.462075954,0.910472228,4.435979945,501.3862578,494.7688848,-0.44145463,92.64326268,0.873932668,30.07456348,32.10086727,0.000282588,97.52381092,0,0,1,0,52694.89697,1500.002258,1273.861935,0.849240012,0.174299966,9,0.5,0: Broadleaf,2,TRUE,1786559017,482.812,487.3740323,32.13500968,30.02100323,484.507,31.65500968,375.161,101.4129355,0.099974361,32.27149032,32.43401935,999.9,0,0,9999.327419,712.9029032,0.218638,-4.583187097,498.8084516,502.4582258,2.090520968,487.3740323,30.02100323,3.256526129,3.044519355,25.40116129,24.2733871,1500.002258,0.692000548,0.307999484,33,28282.58387,1786559066,14:24:25,1786558921,1786559066,100,0.248,0.024,-1.695,0.48,479,31,0.48,0.29,-3.118315575,-23.92675413,2.830808847,0,2.17505775,-1.452430356,0.145318257,0,0,2,0/2,2.63164,2.71264,0.107699,0.108127,0.143115,0.137079,24830.1,24511.4,25328.9,25276.8,29968.8,29725.9,38895.9,38045.7,1.68115,2.0515,0.0736713,0,31.2339,999.9,49.2,39.2,34.4547,62.3536,21.9952,1,0.364444,0,20.4211,5.21729,11.98,4.96775,3.295,9114.1,9999,9999,262.6,4.97,1.8755,1.87149,1.87469,1.8744,1.87247,1.87378,1.875,0,0,0,0,11111111,oooooooo,on,on,on,on,0,100,100,-1.695,0.48,-0.518035316,-0.002774575,7.27494E-07,-2.16226E-10,0.456515,0,0,0,23,2146,2,22,1.7,1.5,0.152588,4.99756,1.49902,2.26196,1.4978,2.4353,40.4,13.6767,3,358.51,623.805,32.079,32.0325,30.0002,31.8473,31.8642,-1,40,10,-999.9,400,20,99.9922,106.313
108,1786559145,13929.5,20260812 14:25:45,14:25:45,15,1786559137,0.000868151,0.868151361,4.681643922,523.0024667,370.8827178,37.64948242,53.09164119,0.053759028,3.123962912,0.053250323,0.033326756,261.4499681,33.48410491,32.41492333,4.888378522,68.14553884,3.300137165,4.842778003,1.588241357,-38.28547504,-27.9553231,-2.03604117,193.1731288,1.147259934,0.958405763,4.681643922,543.6790741,536.389497,-0.435178365,92.64322189,0.868151361,30.2124543,32.40376788,-0.016960777,97.5588673,0,0,1,0,52699.79976,1499.999667,1273.859727,0.849240007,0.174300018,9,0.5,0: Broadleaf,2,TRUE,1786559137,523.0024667,526.9571333,32.50944667,30.28503667,524.9654667,32.03744667,375.1663,101.4131667,0.10000884,32.24893667,32.41492333,999.9,0,0,9999.503333,712.3918,0.218638,-3.796932067,540.7439667,543.4147,2.232555333,526.9571333,30.28503667,3.297711667,3.071302,25.61274333,24.41949333,1499.999667,0.691999767,0.308000233,33,28282.51,1786559184,14:26:24,1786559160,1786559184,101,-0.177,-0.009,-1.963,0.472,512,31,0.97,0.05,-6.13822739,24.12581806,4.435426392,0,2.177820488,0.891958118,0.101695917,0,0,2,0/2,2.63172,2.71265,0.114204,0.113608,0.143946,0.137182,24647.9,24360.2,25327.9,25276.2,29938.8,29722.1,38894.1,38044.8,1.68175,2.05198,0.0688285,0,31.3005,999.9,50,39.1,34.8315,62.3536,22.5841,1,0.365219,0,20.4207,5.21699,11.98,4.96775,3.295,9114.1,9999,9999,262.7,4.96999,1.87548,1.87149,1.87469,1.87441,1.87247,1.87378,1.87498,0,0,0,0,11111111,oooooooo,on,on,on,on,0,100,100,-1.963,0.472,-0.518035316,-0.002774575,7.27494E-07,-2.16226E-10,0.480152381,0,0,0,23,2146,2,22,3.7,1.3,0.151367,4.99756,1.49902,2.26196,1.4978,2.3584,40.3237,13.6329,3,358.853,624.262,32.0582,32.0439,29.9999,31.8556,31.8697,-1,40,10,-999.9,400,20,99.9878,106.311
109,1786559265,14049.5,20260812 14:27:45,14:27:45,15,1786559257,0.000915294,0.915293589,3.840685476,454.8223871,329.2924629,33.4264449,46.16897493,0.053966864,3.122674376,0.05345403,0.033454438,261.4500504,33.44177761,32.37656774,4.877808254,66.37866478,3.208888056,4.834216033,1.668920198,-40.36444729,-26.75890072,-1.949040283,192.3776621,-0.092261476,1.037647925,3.840685476,465.0193199,463.9719879,-0.856025973,92.64140773,0.915293589,29.17882838,31.48294727,-0.017150062,97.21706912,0,0,1,0,52675.31133,1500.000645,1273.860297,0.849239833,0.174299959,9,0.5,0: Broadleaf,2,TRUE,1786559257,454.8223871,455.7332258,31.61157742,29.2010129,456.6603871,31.15557742,375.1659032,101.4099032,0.099996548,32.21761935,32.37656774,999.9,0,0,9993.925484,712.3245161,0.218638,-0.903792532,469.6844516,469.4412258,2.42614129,455.7332258,29.2010129,3.207307742,2.961273226,25.14512258,23.81164516,1500.000645,0.691999968,0.307999839,33,28282.53548,1786559290,14:28:10,1786559290,1786559290,102,0.092,-0.016,-1.838,0.456,502,30,1.5,0.08,-1.321377113,6.80018288,3.550556315,0,2.30697525,1.507918311,0.26241725,0,0,2,0/2,2.6313,2.71269,0.102718,0.103026,0.141143,0.134877,24970.3,24653.9,25330.5,25279,30039.4,29804,38897.9,38048.6,1.68145,2.05338,0.0700131,0,31.2327,999.9,48.9,39,33.8837,62.5036,22.7764,1,0.361812,0,20.4214,5.21729,11.98,4.96775,3.29503,9114.1,9999,9999,262.7,4.97,1.87547,1.87149,1.87469,1.87446,1.87252,1.87378,1.87499,0,0,0,0,11111111,oooooooo,on,on,on,on,0,100,100,-1.838,0.456,-0.69515317,-0.002774575,7.27494E-07,-2.16226E-10,0.47159,0,0,0,23,2146,2,22,1.8,1.4,0.152588,4.99756,1.4978,2.26318,1.4978,2.38892,40.2474,13.6154,3,358.571,625.202,32.0159,32.0101,30.0001,31.8304,31.8474,-1,40,10,-999.9,400,20,99.9978,106.322
110,1786559385,14169.5,20260812 14:29:45,14:29:45,15,1786559377,0.000829811,0.82981098,4.278157535,494.7014839,346.2229826,35.14598294,50.21841641,0.050242201,3.124886488,0.04979771,0.031163176,261.4502086,33.33093887,32.23476774,4.838902668,66.98767319,3.214433021,4.798544072,1.624469648,-36.59466421,-24.9583929,-1.814175862,198.0829756,8.763929665,0.753971004,4.278157535,533.6991864,516.7932242,0.641173042,92.63763486,0.82981098,30.05959593,31.7882297,0.019235504,96.98561878,0,0,1,0,52749.21316,1500.000968,1273.860838,0.849240011,0.174300027,9,0.5,0: Broadleaf,2,TRUE,1786559377,494.7014839,516.6199355,31.66537097,29.91395161,496.5297097,31.22637097,375.1737742,101.4125484,0.100016361,32.08661935,32.23476774,999.9,0,0,10003.79355,712.4352258,0.218638,-21.91842903,510.8879032,532.5509355,1.768335806,516.6199355,29.91395161,3.212981935,3.03365,25.17487097,24.21360645,1500.000968,0.691999645,0.308000355,33,28282.52258,1786559408,14:30:08,1786559290,1786559408,103,0.092,-0.017,-1.838,0.439,502,30,1.5,0.1,-19.3751,-24.70566711,5.182134385,0,1.830624878,-1.229334146,0.142186434,0,0,2,0/2,2.63201,2.71261,0.111308,0.113833,0.142173,0.136778,24730.9,24355.9,25330.1,25278.1,30003.3,29738.4,38897.3,38047.7,1.68163,2.05385,0.0721738,0,31.0607,999.9,49.8,38.9,34.3215,61.9636,21.5425,1,0.361227,0,20.4215,5.21684,11.98,4.9679,3.295,9114.1,9999,9999,262.7,4.96999,1.87547,1.87149,1.87468,1.8744,1.87248,1.87378,1.87498,0,0,0,0,11111111,oooooooo,on,on,on,on,0,100,100,-1.841,0.439,-0.60351139,-0.002774575,7.27494E-07,-2.16226E-10,0.45591,0,0,0,23,2146,2,22,1.6,1.6,0.152588,4.99756,1.49902,2.26196,1.4978,2.38037,40.1713,13.5804,3,358.6,625.487,31.9257,31.9911,30.0001,31.8193,31.8366,-1,40,10,-999.9,400,20,99.9963,106.319
111,1786559505,14289.5,20260812 14:31:45,14:31:45,15,1786559497,0.000920362,0.920361697,3.568133002,417.3955484,300.4976612,30.50350122,42.36979938,0.053796184,3.12352154,0.053286709,0.033349565,261.4503591,33.26349605,32.17906452,4.823693464,65.58972027,3.139192773,4.786104836,1.684500691,-40.58795085,-23.29341475,-1.693046124,195.8759474,-2.060676837,1.041886547,3.568133002,421.7369826,422.859703,-1.006569516,92.63752466,0.920361697,28.53081784,30.82199939,-0.014650218,96.9811568,0,0,1,0,52725.47735,1500.001935,1273.861652,0.849240006,0.174300015,9,0.5,0: Broadleaf,2,TRUE,1786559497,417.3955484,413.4953871,30.92497742,28.50286774,419.0085484,30.52397742,375.1686452,101.4099355,0.100010048,32.04073871,32.17906452,999.9,0,0,9997.800968,712.763871,0.218638,3.859052065,430.6903871,425.626871,2.459986129,413.4953871,28.50286774,3.139942903,2.890475161,24.78916129,23.41007742,1500.001935,0.691999806,0.308000194,33,28282.55161,1786559545,14:32:25,1786559535,1786559545,104,0.031,-0.038,-1.613,0.401,413,28,0.82,0.07,5.4325205,-24.49243587,3.012114034,0,2.450345,-0.230827767,0.097407761,0,0,2,0/2,2.63177,2.71267,0.0958059,0.0952752,0.13918,0.131791,25165.1,24869,25332.6,25280.9,30110.2,29912.5,38901.2,38051.5,1.6824,2.05613,0.069268,0,31.0294,999.9,48.4,38.7,32.9988,62.2936,22.1835,1,0.357269,0,20.4212,5.21759,11.98,4.9681,3.295,9114.1,9999,9999,262.8,4.97,1.87548,1.87149,1.87464,1.87439,1.87246,1.87378,1.87498,0,0,0,0,11111111,oooooooo,on,on,on,on,0,100,100,-1.613,0.401,-0.60351139,-0.002774575,7.27494E-07,-2.16226E-10,0.43889,0,0,0,23,2146,2,22,3.6,1.6,0.151367,4.99756,1.4978,2.26196,1.4978,2.44019,40.07,13.5629,3,358.762,626.96,31.8682,31.946,29.9999,31.7768,31.7949,-1,40,10,-999.9,400,20,100.006,106.33
112,1786559625,14409.6,20260812 14:33:45,14:33:45,15,1786559617,0.000921591,0.921591337,3.428122044,398.0175484,283.4424321,28.77076797,40.40069248,0.052676296,3.125272059,0.052187978,0.032660982,261.4505061,33.12177604,32.00391935,4.776142624,64.295204,3.052787702,4.748079969,1.723354922,-40.64217796,-17.53596976,-1.271882896,202.0004755,4.121625792,0.949748837,3.428122044,421.5934855,411.4819212,0.167310472,92.63657546,0.921591337,28.05256812,30.08316485,0.011012297,96.93790243,0,0,1,0,52790.29597,1500.002258,1273.861963,0.84924003,0.174300075,9,0.5,0: Broadleaf,2,TRUE,1786559617,398.0175484,408.8120968,30.07530323,27.8654,399.5964194,29.67439032,375.1595806,101.4048065,0.099995635,31.89984194,32.00391935,999.9,0,0,10006.32323,713.481129,0.218638,-10.79453226,410.3592903,420.5305161,2.209901613,408.8120968,27.8654,3.049779032,2.825683871,24.3022,23.03456774,1500.002258,0.691999,0.308001,33,28282.55806,1786559545,14:32:25,1786559535,1786559545,104,0.031,-0.038,-1.613,0.401,413,28,0.82,0.07,-9.761732195,-17.25606836,1.997112037,0,2.277301707,-1.815522021,0.234866192,0,0,2,0/2,2.6323,2.71274,0.0939573,0.095503,0.136996,0.130216,25218.3,24864,25334.2,25282,30188.6,29968.2,38903.4,38053,1.68268,2.05665,0.0761002,0,30.7687,999.9,47.6,38.6,32.2831,61.9636,21.5304,1,0.35392,0,20.4202,5.21714,11.98,4.96795,3.295,9114.1,9999,9999,262.8,4.97,1.87546,1.87149,1.87463,1.8744,1.87245,1.87378,1.87498,0,0,0,0,11111111,oooooooo,on,on,on,on,0,100,100,-1.582,0.4009,-0.572554329,-0.002774575,7.27494E-07,-2.16226E-10,0.40091,0,0,0,23,2146,2,22,1.5,1.3,0.151367,4.99756,1.4978,2.26196,1.4978,2.43896,39.9437,13.4841,3,358.667,626.989,31.7533,31.8891,30.0001,31.7327,31.7558,-1,40,10,-999.9,400,20,100.012,106.335
113,1786559745,14529.6,20260812 14:35:45,14:35:45,15,1786559737,0.000931388,0.931387822,3.841063625,425.3774,296.5592449,30.10087754,43.17596988,0.052297157,3.123479934,0.051815536,0.032427612,261.4501669,33.08449272,32.00555667,4.776585247,63.77940113,3.022200693,4.73852159,1.754384555,-41.07420297,-23.79169275,-1.726312074,194.8579591,5.853505724,0.880301507,3.841063625,457.4013768,441.5635697,0.644074524,92.64318152,0.931387822,27.84890014,29.85507515,0.01553743,97.56619061,0,0,1,0,52754.83113,1500.000333,1273.860366,0.849240055,0.174300073,9,0.5,0: Broadleaf,2,TRUE,1786559737,425.3774,440.3187333,29.77526333,27.72624,427.0189667,29.37426333,375.1452,101.4004333,0.09995169,31.86427,32.00555667,999.9,0,0,9998.547333,712.6852667,0.218638,-14.941438,438.4319,452.8762,2.048939,440.3187333,27.72624,3.019213667,2.811449333,24.13424333,22.95119333,1500.000333,0.691999133,0.3080009,33,28282.53,1786559773,14:36:12,1786559535,1786559773,105,0.031,0,-1.613,0.401,413,28,0.82,0.24,-11.48114698,-66.1416096,6.716533998,0,2.137508293,-1.934952544,0.191488272,0,0,2,0/2,2.63187,2.71261,0.0992076,0.102378,0.136305,0.130685,25073.3,24676.4,25335.1,25283.4,30214.4,29953.9,38904.8,38054.8,1.6827,2.0575,0.0734925,0,30.8211,999.9,47.8,38.5,32.2436,62.5336,21.6667,1,0.351402,0,20.4223,5.21744,11.98,4.9679,3.29503,9114.1,9999,9999,262.8,4.97,1.87546,1.87149,1.87463,1.87439,1.87242,1.87378,1.87497,0,0,0,0,11111111,oooooooo,on,on,on,on,0,100,100,-1.649,0.401,-0.572554329,-0.002774575,7.27494E-07,-2.16226E-10,0.40091,0,0,0,23,2146,2,22,3.5,3.3,0.151367,4.99756,1.49902,2.26318,1.4978,2.35596,39.8177,13.4403,3,358.533,627.412,31.6975,31.8596,30,31.7048,31.7281,-1,40,10,-999.9,400,20,100.016,106.34
114,1786559865,14649.6,20260812 14:37:45,14:37:45,15,1786559857,0.000850514,0.850514402,4.271684193,473.3830333,324.6689872,32.95091845,48.04402743,0.049987453,3.123139565,0.049547192,0.031006228,261.4498894,33.05785674,31.97064667,4.767155566,65.43424552,3.09244832,4.726039546,1.674707246,-37.50768512,-25.7484204,-1.867746189,196.3260377,3.457209219,0.896717582,4.271684193,499.1218629,487.8157879,0.076857682,92.64312808,0.850514402,28.47086639,30.44034182,0.000846295,97.46258965,0,0,1,0,52754.79428,1499.999667,1273.859696,0.849239986,0.174299965,9,0.5,0: Broadleaf,2,TRUE,1786559857,473.3830333,482.6952,30.47023,28.38456,475.1329,30.03623,375.1576,101.3908333,0.09997654,31.81772333,31.97064667,999.9,0,0,9997.935333,711.9830333,0.218638,-9.312154667,488.2436333,496.797,2.052308,482.6952,28.38456,3.086020667,2.877934667,24.49946333,23.33786333,1499.999667,0.692000467,0.307999533,33,28282.53333,1786559884,14:38:03,1786559535,1786559884,106,0.031,0.034,-1.613,0.434,413,29,0.82,0.23,-5.991508775,-58.08481753,7.577707891,0,2.0698555,-0.882443527,0.154079013,0,0,2,0/2,2.63175,2.71275,0.106772,0.108459,0.138146,0.132621,24864.5,24511.2,25336.8,25285.4,30151.9,29889.5,38907.4,38057.7,1.68333,2.0586,0.0732429,0,30.7863,999.9,49,38.4,32.875,62.2636,22.2636,1,0.348295,0,20.4202,5.21744,11.98,4.9677,3.295,9114.1,9999,9999,262.9,4.97,1.87546,1.87149,1.87463,1.87439,1.87243,1.87378,1.87496,0,0,0,0,11111111,oooooooo,on,on,on,on,0,100,100,-1.749,0.434,-0.572554329,-0.002774575,7.27494E-07,-2.16226E-10,0.400647619,0,0,0,23,2146,2,22,5.5,1.5,0.152588,4.99756,1.49902,2.2644,1.4978,2.2937,39.7171,13.3703,3,358.668,628.016,31.6513,31.826,30,31.6714,31.6976,-1,40,10,-999.9,400,20,100.023,106.348