obs,time,elapsed,date,hhmmss,averaging,TIME,E,Emm,A,Ca,Ci,Pci,Pca,gsw,gbw,gtw,gtc,Rabs,TleafEB,TleafCnd,SVPleaf,RHcham,VPcham,SVPcham,VPDleaf,LatHFlux,SenHFlux,NetTherm,EBSum,Asty,Esty,Adyn,Crd,Csd,dCsd/dt,αVc,Edyn,Hr,Hs,dHs/dt,αVh,Leak,LeakPct,CorrFact,CorrFactPct,Fan,Qin,Qabs,alpha,convert,S,K,Geometry,Custom,UseDynamic,TIME,CO2_s,CO2_r,H2O_s,H2O_r,CO2_a,H2O_a,Flow,Pa,ΔPcham,Tair,Tleaf,Tleaf2,Offset,Offset2,Fan_speed,Qamb_in,Qamb_out,ΔCO2,CO2_s_d,CO2_r_d,ΔH2O,CO2_b,H2O_b,e_s,e_r,Td_s,Td_r,Q,f_red,f_blue,Tled,Pc,time,hhmmss,co2_t,h2o_t,count,co2_adj,h2o_adj,co2_match,h2o_match,co2_at,h2o_at,co2_cv,h2o_cv,ΔCO2:MN,ΔCO2:SLP,ΔCO2:SD,ΔCO2:OK,ΔH2O:MN,ΔH2O:SLP,ΔH2O:SD,ΔH2O:OK,Stable,Total,State,Vflow,VPchamber,abs_c_a,abs_c_b,abs_h_a,abs_h_b,Wc_s,Wc_r,Wco_s,Wco_r,Ww_s,Ww_r,Wwo_s,Wwo_r,Flow_s_v,Flow_r_v,Tleaf_mv,Tleaf2_mv,Tleaf_j,Tleaf2_j,Console_RH,Console_T,Console_H2O,Fan_%,Flow_%,Pump,Tchp_pwm,Txchg_pwm,diag_20v,diag_5_4v,diag_12v,diag_5va,diag_3_3vf,AccCO2_soda,AccH2O_des,AccH2O_hum,CO2_hrs,ADC_CH1,ADC_CH2,ADC_CH3,ADC_CH4,ADC_CH5,ADC_CH6,ADC_CH7,ADC_CH8,DAC_1,DAC_2,DAC_3,DAC_4,GPIO,GPIO_dir,excit_5v,power_12v,power_5v,ch1_pullup,AuxPower,MatchValveR,MatchValveS,MatchCO2,MatchH2O,cf_co2_a,cf_co2_b,cf_co2_c,cf_co2_d,cf_h2o_a,cf_h2o_b,cf_h2o_c,cf_h2o_d,co2_fit_low,co2_fit_high,h2o_fit_low,h2o_fit_high,co2_elapsed,h2o_elapsed,CO2_f,CO2_f_s,Pump_f,Pump_f_s,Pump_p,Pump_p_s,Tboard,V_system,DIAG,Flow_s,Flow_r,Txchg,Tirga,Tchopper,Ts,Tr,CO2_%,Desiccant_%,Humidifier_%,Txchg_sp,CO2_r_sp,H2O_r_sp,SS_s,SS_r
1,1785336335,0,20260729 10:45:34,10:45:34,15,1785336327,0.000820621,0.820620694,2.849191623,422.2075,308.3728658,31.05852569,42.52365867,0.044561907,3.106786451,0.044209841,0.02766255,261.4502343,27.7140689,26.90052,3.558300964,50.1367981,1.737943555,3.466403163,1.820357409,-36.18937261,-74.44006224,-5.154335314,145.6664641,2.603482964,0.80211179,2.849191623,434.3419657,428.9915273,-0.159754097,92.56997248,0.820620694,15.35215608,17.28834895,-0.000121168,95.56026885,0,0,1,0,53297.30756,1500.001,1273.860873,0.849240016,0.17430004,9,0.5,0: Broadleaf,2,TRUE,1785336327,422.2075,429.2668333,17.25563667,15.36427,425.2665,17.12863667,375.0958333,100.6174667,0.099973613,26.45608333,26.90052,999.9,0,0,9999.413333,690.635,0.218638,-7.113858667,429.5864667,435.9650667,1.939638667,429.2668333,15.36427,1.741074,1.545913,15.26755667,13.42992,1500.001,0.691999467,0.308000533,28,28282.53333,1785336357,10:45:57,1785336352,1785336357,2,0.075,-0.003,-3.059,0.127,434,15,0.61,0.04,-7.43741125,10.9324272,1.242406497,0,1.934692,0.282766829,0.04138675,0,0,2,0/2,2.63741,2.71259,0.0984848,0.0988749,0.0932523,0.0857392,25414.4,25117,25640.1,25619.3,32125.9,31920.8,39393.3,38545.7,1.7182,2.1684,0.0838079,0,25.5279,999.9,66.9,27.1,23.9373,63.0099,21.5465,1,0.00200711,0,20.4207,5.21879,11.98,4.9686,3.29513,9108.2,9999,9999,236.8,4.97,1.87512,1.87119,1.87424,1.87424,1.87226,1.87363,1.87485,0,0,0,0,11111111,oooooooo,on,on,on,on,0,100,100,-3.059,0.127,-2.048545299,-0.002774575,7.27494E-07,-2.16226E-10,-0.046405259,-0.001584374,0.000939206,-5.31953E-06,23,2146,2,22,0.9,0.6,0.15625,4.99756,1.4978,2.29126,1.49902,2.38159,30.9119,15.9708,3,350.496,669.224,26.24,27.1829,30.0005,27.0454,27.0647,-1,40,10,-999.9,400,20,101.251,107.728
2,1785336479,144.5,20260729 10:47:59,10:47:59,15,1785336471,0.000834271,0.834270914,3.113525136,427.6269355,306.4750706,30.86781009,43.070084,0.045477342,3.107303014,0.045110787,0.028226929,261.4499128,27.85195063,27.07497419,3.594950559,50.980469,1.781994516,3.495445512,1.812956044,-36.79134731,-79.96367946,-5.544639369,139.1502467,3.329062491,0.705949096,3.113525136,445.5620552,436.1493758,0.182736692,92.57028497,0.834270914,16.11303945,17.87907762,0.019427206,95.56410647,0,0,1,0,53284.30535,1499.999355,1273.859387,0.849239956,0.174300017,9,0.5,0: Broadleaf,2,TRUE,1785336471,427.6269355,436.3386129,17.69276452,16.02895806,430.7549355,17.55276452,375.1115484,100.6188387,0.099989839,26.59763871,27.07497419,999.9,0,0,10001.65484,691.460129,0.218638,-8.634279032,435.4269032,443.4467742,1.706707742,436.3386129,16.02895806,1.78454129,1.612813548,15.65189677,14.08120968,1499.999355,0.691999581,0.308000355,28,28282.50323,1785336506,10:48:26,1785336506,1785336500,3,-0.064,-0.004,-3.128,0.14,433,16,0.45,0.05,-9.113992439,0.650297561,1.193889955,0,1.753319268,-0.826039652,0.082162559,0,0,2,0/2,2.63744,2.71259,0.0996214,0.0998837,0.0955331,0.0898365,25370.1,25076.9,25628.4,25607.8,32029.6,31761.7,39375.6,38528.3,1.72455,2.16182,0.0807047,0,25.7634,999.9,67.7,27.3,24.5094,62.7599,20.5128,1,0.0165727,0,20.4216,5.22178,11.98,4.96935,3.29575,9108.2,9999,9999,236.9,4.97,1.87514,1.87119,1.87424,1.87424,1.87227,1.87361,1.87485,0,0,0,0,11111111,oooooooo,on,on,on,on,0,100,100,-3.128,0.14,-1.973182314,-0.002774575,7.27494E-07,-2.16226E-10,-0.049893669,-0.001584374,0.000939206,-5.31953E-06,23,2146,2,22,2.1,2,0.15625,4.99756,1.4978,2.29126,1.4978,2.33765,30.9985,15.962,3,354.668,666.092,26.3824,27.3824,30.0007,27.2512,27.2759,-1,40,10,-999.9,400,20,101.205,107.68
3,1785336599,264.5,20260729 10:49:59,10:49:59,15,1785336591,0.00076883,0.768829606,2.663613691,420.6315161,302.2852901,30.4491107,42.37009216,0.040011783,3.106519556,0.039727673,0.024855153,261.4499946,27.97160433,27.19556774,3.620477239,48.98827008,1.722808886,3.516778371,1.897668353,-33.90538563,-82.83549651,-5.751656726,138.9574557,2.630934876,0.764547622,2.663613691,431.6070375,427.3525091,-0.224399993,92.57706941,0.768829606,15.46065958,17.16928531,0.010135835,95.65490668,0,0,1,0,53247.74801,1499.999677,1273.859746,0.849240014,0.174300034,9,0.5,0: Broadleaf,2,TRUE,1785336591,420.6315161,427.7154194,17.10328387,15.30030323,423.6445161,16.99028387,375.1145161,100.6297097,0.100003942,26.70096452,27.19556774,999.9,0,0,9996.968387,692.5960968,0.218638,-7.169270968,427.8861613,434.361129,1.854020323,427.7154194,15.30030323,1.726232903,1.539662581,15.13433548,13.36739355,1499.999677,0.691999548,0.308000452,28,28282.5129,1785336634,10:50:33,1785336634,1785336622,4,0.11,-0.005,-3.013,0.113,433,15,0.8,0.1,-6.865864146,2.810606969,1.8581937,0,1.935391707,-1.661131359,0.178201078,0,0,2,0/2,2.63688,2.71243,0.098116,0.098432,0.0927572,0.0858289,25403.1,25106,25619.7,25596.8,32118.7,31889.9,39361.9,38512.6,1.7229,2.15985,0.0774786,0,25.9486,999.9,66.4,27.4,24.1772,62.6099,21.3061,1,0.0294436,0,20.422,5.22253,11.98,4.96955,3.2958,9108.2,9999,9999,236.9,4.97,1.87515,1.87119,1.87425,1.87424,1.87237,1.87363,1.87485,0,0,0,0,11111111,oooooooo,on,on,on,on,0,100,100,-3.013,0.113,-2.037156216,-0.002774575,7.27494E-07,-2.16226E-10,-0.054073112,-0.001584374,0.000939206,-5.31953E-06,23,2146,2,22,1.6,1.6,0.15625,4.99756,1.49902,2.29004,1.4978,2.30469,31.0636,15.9445,3,354.819,666.39,26.5019,27.5496,30.0006,27.418,27.4418,-1,40,10,-999.9,400,20,101.17,107.635
4,1785336719,384.5,20260729 10:51:59,10:51:59,15,1785336711,0.000641919,0.641918703,2.612055237,420.9443333,280.807208,28.28621876,42.40248527,0.032555908,3.10558501,0.03236749,0.020246519,261.4496177,28.11063639,27.31252667,3.645385541,48.05363209,1.700663569,3.539094747,1.944721972,-28.3086148,-84.39335034,-5.86817152,142.879481,3.546024939,0.610344266,2.612055237,434.6390432,428.8287394,-0.055668352,92.63825254,0.641918703,15.39862718,16.92303818,-0.000997506,97.01303053,0,0,1,0,53206.73268,1499.998,1273.858288,0.849239991,0.174299978,9,0.5,0: Broadleaf,2,TRUE,1785336711,420.9443333,430.0682,16.88308333,15.44349333,423.9543333,16.76308333,375.1316667,100.6318,0.100011567,26.80847,27.31252667,999.9,0,0,9992.46,693.3723333,0.218638,-9.102730333,428.2093333,436.8141333,1.473156333,430.0682,15.44349333,1.702351333,1.554105667,14.91787333,13.51101667,1499.998,0.6920003,0.3079997,28,28282.49,1785336742,10:52:22,1785336740,1785336742,5,-0.003,0.005,-3.01,0.12,429,15,0.7,0.05,-10.05766512,27.18675889,3.706049528,0,1.494419512,0.037581324,0.072643936,1,1,2,1/2,2.63717,2.7127,0.0983479,0.0988048,0.0917888,0.0859587,25388.8,25087.3,25612.5,25588.8,32144.5,31876.3,39350.6,38501.7,1.72138,2.15712,0.0773519,0,26.0577,999.9,66.1,27.5,24.2123,62.8199,21.1298,1,0.040188,0,20.4219,5.22328,11.98,4.9695,3.29583,9108.2,9999,9999,236.9,4.97001,1.87514,1.87119,1.87424,1.87424,1.87235,1.87363,1.87485,0,0,0,0,11111111,oooooooo,on,on,on,on,0,100,100,-3.01,0.12,-1.926790499,-0.002774575,7.27494E-07,-2.16226E-10,-0.058735345,-0.001584374,0.000939206,-5.31953E-06,23,2146,2,22,1.4,1.6,0.15625,4.99756,1.49902,2.29004,1.49902,2.39624,31.107,15.9445,3,354.958,665.904,26.6017,27.7032,30.0004,27.5728,27.5973,-1,40,10,-999.9,400,20,101.142,107.603
5,1785336839,504.5,20260729 10:53:59,10:53:59,15,1785336831,0.000490857,0.490857247,2.319342081,422.4757742,263.4255596,26.53623322,42.55819249,0.025121604,3.10678953,0.025009296,0.015640859,261.4497443,28.25970823,27.45664194,3.676282812,49.19001016,1.752428007,3.562568906,1.923854805,-21.6468046,-89.73044956,-6.244863176,143.8276269,1.472513278,0.533845459,2.319342081,433.7747179,429.1501636,-0.103525352,92.63915024,0.490857247,16.1102486,17.36593455,-0.00943476,97.05898342,0,0,1,0,53215.16054,1499.998387,1273.85864,0.849240007,0.174300017,9,0.5,0: Broadleaf,2,TRUE,1785336831,422.4757742,426.5497419,17.39637742,16.13785484,425.5077742,17.26837742,375.1244839,100.6352258,0.099999961,26.92091613,27.45664194,999.9,0,0,9997.662903,693.7501613,0.218638,-4.0370523,430.0122581,433.5462903,1.302402581,426.5497419,16.13785484,1.755105484,1.624037742,15.39253871,14.18860968,1499.998387,0.691999774,0.308000226,28,28282.47742,1785336867,10:54:26,1785336867,1785336862,6,-0.032,-0.001,-3.032,0.128,424,16,0.48,0.13,-2.857003007,-21.42481706,2.760013382,0,1.189591122,1.586810509,0.184263273,0,0,2,0/2,2.63677,2.7127,0.0983314,0.0980777,0.0934328,0.0885342,25382.5,25099.7,25606.2,25581.3,32077.9,31776.3,39341.2,38490.8,1.71998,2.1543,0.0789538,0,26.173,999.9,67.5,27.6,24.8662,63.0599,20.9816,1,0.050343,0,20.4232,5.22223,11.98,4.9697,3.29558,9108.2,9999,9999,237,4.97,1.87514,1.87119,1.87425,1.87424,1.8723,1.87363,1.87485,0,0,0,0,11111111,oooooooo,on,on,on,on,0,100,100,-3.032,0.128,-1.92951088,-0.002774575,7.27494E-07,-2.16226E-10,-0.053431889,-0.001584374,0.000939206,-5.31953E-06,23,2146,2,22,1.7,1.6,0.15625,4.99756,1.49902,2.28882,1.49902,2.28271,31.1722,15.9095,3,355.115,665.238,26.7186,27.8449,30.0005,27.7205,27.7456,-1,40,10,-999.9,400,20,101.117,107.572
6,1785336959,624.5,20260729 10:55:59,10:55:59,15,1785336951,0.00039849,0.398489732,1.971124749,427.6672333,260.266653,26.21744927,43.0802174,0.020212261,3.106661536,0.020139488,0.012593696,261.4498388,28.33861346,27.50709333,3.687153104,48.89762377,1.747769156,3.574343743,1.939383948,-17.57339717,-88.77054991,-6.181604536,148.9242872,1.933928904,0.419525647,1.971124749,435.2683743,434.5460182,-0.410280596,92.62103014,0.398489732,16.48565975,17.36345594,0.005949049,96.44962764,0,0,1,0,53202.14431,1499.999333,1273.859416,0.849239988,0.17429997,9,0.5,0: Broadleaf,2,TRUE,1785336951,427.6672333,432.7377333,17.35050667,16.36141333,430.6592333,17.20650667,375.1132333,100.6330667,0.099966043,26.97707667,27.50709333,999.9,0,0,9997.288333,694.1500333,0.218638,-5.116980603,435.1821667,439.9354667,1.014024567,432.7377333,16.36141333,1.748542667,1.646498,15.33418667,14.40075667,1499.999333,0.6920004,0.3079996,28,28282.54667,1785336982,10:56:21,1785336982,1785336976,7,0.046,-0.001,-2.992,0.144,426,16,0.99,0.12,-4.169574126,4.396184664,4.110597601,0,1.049933098,-0.908404557,0.133471401,0,0,2,0/2,2.63654,2.71262,0.0992093,0.0986454,0.0934067,0.089788,25351.2,25077.3,25600.1,25575,32071.3,31724.4,39331.6,38481.4,1.71868,2.15167,0.0785924,0,26.221,999.9,68.1,27.7,25.2365,62.8499,20.9575,1,0.0589304,0,20.4222,5.22328,11.98,4.96965,3.29583,9108.2,9999,9999,237,4.97002,1.87515,1.87119,1.87425,1.87425,1.87235,1.87363,1.87485,0,0,0,0,11111111,oooooooo,on,on,on,on,0,100,100,-2.992,0.144,-1.961266541,-0.002774575,7.27494E-07,-2.16226E-10,-0.054777417,-0.001584374,0.000939206,-5.31953E-06,23,2146,2,22,1.5,1.6,0.15625,4.99756,1.49902,2.28882,1.49902,2.39258,31.2156,15.927,3,355.219,664.529,26.8037,27.9698,30.0003,27.8506,27.8762,-1,40,10,-999.9,400,20,101.093,107.546
7,1785337079,744.5,20260729 10:57:59,10:57:59,15,1785337071,0.000393582,0.39358211,1.8704936,426.3996667,258.3537034,26.02427456,42.95174348,0.019148342,3.106096275,0.019083004,0.011932729,261.4500974,28.44016634,27.61638333,3.71079704,46.97415392,1.688925857,3.595436461,2.021871183,-17.35697107,-90.27657179,-6.294204673,147.5223499,1.314124145,0.397112684,1.8704936,435.1670701,432.7464727,-0.214950063,92.60844354,0.39358211,15.81594998,16.74887273,-0.000427758,96.17331927,0,0,1,0,53171.06429,1500.001333,1273.861078,0.849239964,0.17429991,9,0.5,0: Broadleaf,2,TRUE,1785337071,426.3996667,429.9589,16.76666333,15.82985,429.3456667,16.63666333,375.111,100.6312,0.09998447,27.07727667,27.61638333,999.9,0,0,9994.872333,694.5794667,0.218638,-3.602538333,433.637,436.8747667,0.959798667,429.9589,15.82985,1.689565333,1.592978333,14.80089,13.89070333,1500.001333,0.6920012,0.3079988,28,28282.56333,1785337113,10:58:33,1785337113,1785337100,8,0.055,0.004,-2.946,0.13,433,16,0.5,0.06,-4.350857805,14.04903512,1.497398764,0,0.953803854,0.145457833,0.077385977,0,0,2,0/2,2.63681,2.71262,0.0989276,0.0985213,0.0909957,0.0867178,25356.3,25076.3,25597.6,25570.7,32154.8,31827.9,39327.6,38475.9,1.71802,2.15085,0.0825301,0,26.2785,999.9,67.1,27.7,24.8652,62.3399,20.9095,1,0.0638643,0,20.4215,5.22313,11.98,4.9697,3.29583,9108.2,9999,9999,237,4.97002,1.87515,1.87119,1.87428,1.87424,1.87232,1.87363,1.87485,0,0,0,0,11111111,oooooooo,on,on,on,on,0,100,100,-2.946,0.13,-1.915093487,-0.002774575,7.27494E-07,-2.16226E-10,-0.056112372,-0.001584374,0.000939206,-5.31953E-06,23,2146,2,22,1.6,1.7,0.15625,4.99756,1.4978,2.28882,1.4978,2.39502,31.2591,15.9007,3,355.4,664.943,26.8753,28.0478,30.0004,27.9389,27.9706,-1,40,10,-999.9,400,20,101.083,107.529
8,1785337199,864.5,20260729 10:59:59,10:59:59,15,1785337191,0.000337053,0.337052707,1.569929899,423.7282903,251.950526,25.37982033,42.68356985,0.015721281,3.105162461,0.015677195,0.009802198,261.4500453,28.58236182,27.74752581,3.739343113,45.03345111,1.63135482,3.622540088,2.107988293,-14.86402439,-90.77483244,-6.339044581,149.4721439,1.761288852,0.307690114,1.569929899,434.5258628,430.6853515,0.001456377,92.5791988,0.337052707,15.50615027,16.24132797,0.005875585,95.68591953,0,0,1,0,53126.51856,1500.000323,1273.86027,0.849239997,0.174299993,9,0.5,0: Broadleaf,2,TRUE,1785337191,423.7282903,428.2670968,16.19478387,15.46847742,426.6602903,16.06678387,375.0984516,100.6333548,0.099994406,27.20528065,27.74752581,999.9,0,0,9990.36129,695.1057419,0.218638,-4.535113871,430.7136452,434.9959032,0.740798516,428.2670968,15.46847742,1.631194194,1.556645161,14.25667419,13.53607097,1500.000323,0.692000097,0.307999903,28,28282.53871,1785337232,11:00:31,1785337232,1785337216,9,0.048,-0.004,-2.932,0.128,449,16,0.38,0.23,-4.106433659,-9.25474662,1.35600344,0,0.788555293,-0.908490293,0.09782097,0,0,2,0/2,2.63653,2.71266,0.0986052,0.0993107,0.0890242,0.086863,25359.9,25048,25592.5,25564.6,32219.4,31815.5,39319.9,38466.9,1.71695,2.14805,0.0817254,0,26.4222,999.9,65.9,27.8,24.5616,62.9999,20.7131,1,0.0717175,0,20.4223,5.22148,11.98,4.9691,3.2958,9108.2,9999,9999,237.1,4.97,1.87515,1.87119,1.8743,1.87424,1.87234,1.87363,1.87485,0,0,0,0,11111111,oooooooo,on,on,on,on,0,100,100,-2.932,0.128,-1.860006144,-0.002774575,7.27494E-07,-2.16226E-10,-0.052427639,-0.001584374,0.000939206,-5.31953E-06,23,2146,2,22,1.4,1.6,0.15625,4.99756,1.4978,2.28882,1.4978,2.37305,31.3462,15.9095,3,355.464,663.795,27.0019,28.1489,30.0004,28.0431,28.0779,-1,40,10,-999.9,400,20,101.063,107.504
9,1785337319,984.5,20260729 11:01:59,11:01:59,15,1785337311,0.000316937,0.316936754,1.4599407,430.8472,259.2335176,26.11324409,43.40032186,0.014663822,3.106033646,0.01462547,0.009144356,261.4500713,28.73050723,27.88930667,3.770420248,45.06262974,1.64621709,3.653175813,2.124203157,-13.97691087,-90.48183441,-6.325817553,150.6655085,1.192597757,0.348283651,1.4599407,438.9759884,437.888897,-0.248541884,92.58237997,0.316936754,15.57579347,16.33336154,-0.000934722,95.73117309,0,0,1,0,53121.52582,1500,1273.860068,0.849240045,0.174300048,9,0.5,0: Broadleaf,2,TRUE,1785337311,430.8472,434.0684333,16.34246,15.52053,433.8102,16.22146,375.1325,100.6325,0.10001459,27.34896333,27.88930667,999.9,0,0,9994.455,695.3502667,0.218638,-3.154154283,438.0829,440.9116667,0.843109867,434.0684333,15.52053,1.646713333,1.561870667,14.403,13.58761667,1500,0.691999467,0.308000567,28,28282.53,1785337345,11:02:24,1785337337,1785337345,10,-0.074,0.002,-2.963,0.121,427,15,0.42,0.13,-2.193091261,-1.894904433,4.060635704,0,0.87782461,-0.776313596,0.0849215,0,0,2,0/2,2.63655,2.71248,0.0997394,0.0983243,0.0893634,0.0862997,25322,25068.5,25586.9,25557.8,32200.4,31827.1,39311.3,38457.2,1.71592,2.1464,0.0790097,0,26.604,999.9,66,27.9,24.7444,61.7999,20.5329,1,0.0795579,0,20.4214,5.21729,11.98,4.9695,3.2959,9108.2,9999,9999,237.1,4.97001,1.87515,1.87119,1.87427,1.87424,1.87237,1.87363,1.87485,0,0,0,0,11111111,oooooooo,on,on,on,on,0,100,100,-2.963,0.121,-1.811490514,-0.002774575,7.27494E-07,-2.16226E-10,-0.0565406,-0.001584374,0.000939206,-5.31953E-06,23,2146,2,22,1.5,1.7,0.15625,4.99756,1.4978,2.28882,1.49902,2.36328,31.4333,15.892,3,355.559,663.612,27.1392,28.2595,30.0003,28.1491,28.1827,-1,40,10,-999.9,400,20,101.041,107.476
10,1785337439,1104.5,20260729 11:03:59,11:03:59,15,1785337431,0.000276406,0.276406136,1.934388263,427.7161667,179.9872223,18.13036674,43.08445268,0.013062087,3.106907289,0.013031655,0.008147513,261.4495728,28.83387534,28.00738667,3.79647411,46.78102931,1.718410706,3.673306746,2.078063404,-12.18951058,-94.56691612,-6.616549147,148.0765969,5.429868873,0.173677867,1.934388263,457.886994,441.1981697,1.203558918,92.63940565,0.276406136,16.73649866,17.19771091,0.018287747,97.07566704,0,0,1,0,53125.40244,1499.997333,1273.857789,0.849240036,0.174300025,9,0.5,0: Broadleaf,2,TRUE,1785337431,427.7161667,440.9225,17.05933333,16.64973,430.6787,16.91533333,375.1032333,100.6314333,0.099976983,27.44280667,28.00738667,999.9,0,0,9998.581667,695.4921333,0.218638,-13.206359,435.1472333,448.3889333,0.426938,440.9225,16.64973,1.718449,1.675486667,15.06401,14.67077,1499.997333,0.691999767,0.308000267,28.66944667,28282.47333,1785337456,11:04:16,1785337337,1785337456,11,-0.074,-0.007,-2.963,0.144,427,16,0.42,0.28,-11.46448175,-46.03411396,4.833779104,0,0.503723,-1.35002346,0.135835407,0,0,2,0/2,2.63632,2.71286,0.100362,0.1016,0.0927275,0.0918337,25298.9,24972.8,25581.7,25553.5,32073.6,31627.5,39303.6,38451,1.71502,2.14287,0.0817813,0,26.6842,999.9,68.1,28,25.6803,62.5499,20.5288,1,0.0868572,0,20.4223,5.22028,11.98,4.9693,3.29585,9108.2,9999,9999,237.1,4.97002,1.87515,1.87119,1.87425,1.87424,1.87226,1.87363,1.87485,0,0,0,0,11111111,oooooooo,on,on,on,on,0,100,100,-2.977,0.144,-1.885171952,-0.002774575,7.27494E-07,-2.16226E-10,-0.054840542,-0.001584374,0.000939206,-5.31953E-06,23,2146,2,22,1.7,1.6,0.15625,4.99756,1.4978,2.28882,1.49902,2.36206,31.4988,15.8832,3,355.72,661.807,27.244,28.3663,30.0002,28.256,28.2879,-1,40,10,-999.9,400,20,101.02,107.459
11,1785337559,1224.5,20260729 11:05:59,11:05:59,15,1785337551,0.000293502,0.293501576,1.473238621,426.6907742,243.4286947,24.52014101,42.9798055,0.013749804,3.107890424,0.013716099,0.008575583,261.4500454,28.95596831,28.1295129,3.823585858,46.68248527,1.727562866,3.700666012,2.096022992,-12.94341949,-93.80999185,-6.569664224,148.1269698,0.64002044,0.309105346,1.473238621,434.8072467,432.7444121,-0.154014276,92.63954015,0.293501576,16.35766425,17.11320545,-0.006086495,97.08258852,0,0,1,0,53125.96897,1500.000323,1273.860307,0.849240022,0.174299993,9,0.5,0: Broadleaf,2,TRUE,1785337551,426.6907742,428.5428065,17.15073226,16.42182258,429.5237742,16.98773226,375.1130968,100.6282581,0.099969729,27.56962903,28.1295129,999.9,0,0,10003.42258,695.9815161,0.218638,-1.978992258,434.0042581,435.698,0.721823452,428.5428065,16.42182258,1.725134839,1.652498387,15.12447419,14.45699355,1500.000323,0.692000194,0.307999839,29,28282.52581,1785337593,11:06:32,1785337588,1785337593,12,0.147,0.015,-2.833,0.163,441,17,0.81,0.23,-2.64706561,10.90949854,1.351795307,0,0.701213732,0.837851854,0.095022953,0,0,2,0/2,2.63605,2.71275,0.0987947,0.0984281,0.0923445,0.0891503,25338.5,25055.3,25577.5,25548,32081.5,31715,39296.6,38443,1.71413,2.14197,0.0819974,0,26.8158,999.9,67.4,28.1,25.5672,62.1899,21.246,1,0.0934223,0,20.4236,5.21999,11.98,4.9693,3.29588,9108.2,9999,9999,237.2,4.96999,1.87515,1.87119,1.87424,1.87424,1.8723,1.87363,1.87485,0,0,0,0,11111111,oooooooo,on,on,on,on,0,100,100,-2.833,0.163,-1.885171952,-0.002774575,7.27494E-07,-2.16226E-10,-0.062123406,-0.001584374,0.000939206,-5.31953E-06,23,2146,2,22,3.7,1.7,0.15625,4.99756,1.4978,2.28882,1.49902,2.38159,31.5861,15.8657,3,355.805,662.155,27.3572,28.4548,30.0005,28.3495,28.3833,-1,40,10,-999.9,400,20,101.003,107.436
12,1785337679,1344.5,20260729 11:07:59,11:07:59,15,1785337671,0.000317221,0.317220692,1.410466252,422.7834,250.5732457,25.23753315,42.58239958,0.014127388,3.106082297,0.014091787,0.008810558,261.4500093,29.04358794,28.21595,3.842876631,44.00310546,1.63726556,3.720795481,2.205611071,-13.98943252,-92.69198455,-6.500952781,148.2676394,1.688406677,0.31287504,1.410466252,433.3676619,429.9987091,-0.006898301,92.64031102,0.317220692,15.56750898,16.30636303,0.000945295,97.13023871,0,0,1,0,53066.99879,1500.001,1273.860783,0.849239956,0.17429989,9,0.5,0: Broadleaf,2,TRUE,1785337671,422.7834,427.1518,16.25574667,15.51726333,425.6594,16.14274667,375.1068,100.6192,0.099985237,27.66241667,28.21595,999.9,0,0,9996,696.6517667,0.218638,-4.296221667,429.8591333,433.8845667,0.7753264,427.1518,15.51726333,1.639348,1.561336,14.33371,13.58229,1500.001,0.692001467,0.307998533,29,28282.57,1785337701,11:08:20,1785337701,1785337696,13,-0.065,-0.018,-2.876,0.113,426,15,0.48,0.08,-3.868269268,-3.959498258,0.719697108,0,0.842418244,-1.077929603,0.108735369,0,0,2,0/2,2.63589,2.71247,0.0983349,0.098464,0.0891567,0.0868534,25345.6,25046,25572.1,25539.9,32189.4,31786.4,39288.5,38431.8,1.71327,2.13985,0.079982,0,26.9218,999.9,65.5,28.2,24.9926,62.5499,21.1979,1,0.101913,0,20.4234,5.22283,11.98,4.96945,3.29575,9108.2,9999,9999,237.2,4.97001,1.87515,1.87119,1.87424,1.87425,1.87233,1.87363,1.87486,0,0,0,0,11111111,oooooooo,on,on,on,on,0,100,100,-2.876,0.113,-1.737877722,-0.002774575,7.27494E-07,-2.16226E-10,-0.046961122,-0.001584374,0.000939206,-5.31953E-06,23,2146,2,22,1.5,1.4,0.15625,4.99756,1.49902,2.2876,1.49902,2.37305,31.6736,15.8745,3,355.985,661.565,27.4649,28.5674,30.0005,28.456,28.4893,-1,40,10,-999.9,400,20,100.982,107.404
13,1785337799,1464.5,20260729 11:09:59,11:09:59,15,1785337791,0.000310831,0.310831282,1.53797153,427.0637333,240.8261073,24.25610987,43.01404425,0.014135247,3.109358158,0.014099645,0.008815469,261.4502511,29.1652109,28.33615667,3.869845109,45.65805181,1.710945386,3.747302651,2.158899723,-13.70765952,-92.56958677,-6.493345655,148.6796591,1.226962605,0.360264372,1.53797153,436.0322131,433.815497,-0.154437135,92.64048879,0.310831282,16.13606566,16.94370848,-0.007151691,97.14298985,0,0,1,0,53122.33657,1500.001333,1273.861101,0.849239979,0.174300012,9,0.5,0: Broadleaf,2,TRUE,1785337791,427.0637333,430.3768,16.98707333,16.13735667,429.9597333,16.86407333,375.1016,100.6204667,0.099966593,27.78393667,28.33615667,999.9,0,0,10010.955,696.8180667,0.218638,-3.295834333,434.4733333,437.4360667,0.877015933,430.3768,16.13735667,1.711994,1.623748333,15.00556667,14.18596,1500.001333,0.691999733,0.308000233,29,28282.53,1785337830,11:10:30,1785337830,1785337823,14,-0.016,0.002,-2.896,0.123,428,16,0.73,0.17,-3.657582439,9.709368711,1.070400552,0,0.904986512,-0.378506655,0.057744209,0,0,2,0/2,2.63599,2.71282,0.0989222,0.0987335,0.0916493,0.0882387,25323.7,25034.5,25567.1,25536.2,32093.8,31733.1,39280.6,38426.2,1.71233,2.13825,0.0803173,0,27.0297,999.9,66.3,28.3,25.4438,63.1799,20.3966,1,0.107983,0,20.4218,5.21834,11.98,4.96905,3.29593,9108.2,9999,9999,237.2,4.97,1.87515,1.87119,1.87427,1.87425,1.87235,1.87363,1.87485,0,0,0,0,11111111,oooooooo,on,on,on,on,0,100,100,-2.896,0.123,-1.803061611,-0.002774575,7.27494E-07,-2.16226E-10,-0.064573983,-0.001584374,0.000939206,-5.31953E-06,23,2146,2,22,1.6,1.7,0.15625,4.99756,1.49902,2.2876,1.4978,2.28149,31.7611,15.8307,3,356.04,661.251,27.5774,28.6615,30.0004,28.5491,28.5802,-1,40,10,-999.9,400,20,100.962,107.388
14,1785337920,1584.9,20260729 11:11:59,11:11:59,15,1785337912,0.000323533,0.323533419,1.537222696,419.6660333,233.6421034,23.53268712,42.26921994,0.014161346,3.106474558,0.014125579,0.008831693,261.450165,29.17322054,28.34302,3.871389874,43.40438609,1.6274386,3.749479596,2.243951274,-14.26782379,-91.96735316,-6.457630669,148.7573574,1.180871588,0.377947317,1.537222696,429.3621664,426.1568909,-0.054417621,92.58827083,0.323533419,15.25984929,16.11582448,-0.008977799,95.82071989,0,0,1,0,53053.03565,1500.001333,1273.861183,0.849240034,0.174299955,9,0.5,0: Broadleaf,2,TRUE,1785337912,419.6660333,422.8798667,16.15787333,15.26571333,422.4540333,16.04587333,375.1081,100.6211,0.099989117,27.79388333,28.34302,999.9,0,0,9997.616667,697.9387,0.218638,-3.303727333,426.4756,429.4355333,0.912179067,422.8798667,15.26571333,1.627838667,1.536052667,14.22481667,13.33183333,1500.001333,0.6920008,0.307999267,29,28282.56,1785337944,11:12:23,1785337944,1785337940,15,0.094,0.001,-2.788,0.112,421,15,0.35,0.12,-2.775171951,-6.904044251,0.978545199,0,0.893929293,0.098618634,0.073587509,1,1,2,1/2,2.63558,2.71261,0.0976442,0.0973138,0.0884124,0.0854989,25354.9,25067.2,25562.7,25529.6,32204.3,31821.6,39274,38417.1,1.71105,2.13668,0.0789762,0,27.0523,999.9,64.2,28.4,24.7825,63.1499,20.2764,1,0.114924,0,20.4223,5.21849,11.98,4.9694,3.29583,9108.2,9999,9999,237.3,4.97,1.87515,1.87121,1.87429,1.87425,1.87234,1.87363,1.87485,0,0,0,0,11111111,oooooooo,on,on,on,on,0,100,100,-2.788,0.112,-1.819389233,-0.002774575,7.27494E-07,-2.16226E-10,-0.062403508,-0.001584374,0.000939206,-5.31953E-06,23,2146,2,22,1.5,1.6,0.15625,4.99756,1.4978,2.2876,1.4978,2.31445,31.8049,15.8394,3,355.911,660.934,27.6331,28.7465,30.0003,28.6374,28.6692,-1,40,10,-999.9,400,20,100.945,107.362
15,1785338040,1704.9,20260729 11:13:59,11:13:59,15,1785338032,0.000306602,0.306602095,1.394861847,421.6226129,243.8697489,24.56415821,42.46859077,0.013501686,3.106167312,0.013469167,0.008421144,261.4498041,29.24639644,28.4173,3.888142889,44.05269086,1.658407392,3.764599527,2.229735497,-13.52115237,-92.85153756,-6.525014001,148.5521002,2.534430252,0.309658988,1.394861847,433.7816761,429.998497,0.0385762,92.64087055,0.306602095,15.77598545,16.4965303,0.000281715,97.16887512,0,0,1,0,53033.79869,1499.999355,1273.859419,0.849239978,0.174299944,9,0.5,0: Broadleaf,2,TRUE,1785338032,421.6226129,428.0165806,16.46445161,15.73373548,424.4656129,16.36045161,375.1177097,100.6265484,0.100000594,27.86282903,28.4173,999.9,0,0,9995.66129,698.1878387,0.218638,-6.339606129,428.7517097,434.8585484,0.767089484,428.0165806,15.73373548,1.660419677,1.583230968,14.53126774,13.79651613,1499.999355,0.692000742,0.307999258,29,28282.51935,1785338063,11:14:22,1785338056,1785338063,16,-0.05,-0.008,-2.843,0.104,421,15,0.42,0.21,-5.797773,2.58187182,2.029912597,0,0.777410375,-0.415763944,0.051612134,0,0,2,0/2,2.63554,2.71252,0.0982559,0.098172,0.0898974,0.0873995,25334,25039.4,25559.2,25525.7,32146.8,31750.2,39268.5,38411.4,1.7106,2.13482,0.0802241,0,27.1052,999.9,64.6,28.5,25.0827,62.3698,20.4207,1,0.120409,0,20.4222,5.22058,11.98,4.9689,3.29578,9108.2,9999,9999,237.3,4.97,1.87515,1.8712,1.87432,1.87424,1.87235,1.87363,1.87486,0,0,0,0,11111111,oooooooo,on,on,on,on,0,100,100,-2.843,0.104,-1.725419826,-0.002774575,7.27494E-07,-2.16226E-10,-0.061798612,-0.001584374,0.000939206,-5.31953E-06,23,2146,2,22,1.6,1.7,0.15625,4.99756,1.4978,2.2876,1.4978,2.35718,31.8927,15.8307,3,356.129,660.283,27.6897,28.8216,30.0003,28.7164,28.7503,-1,40,10,-999.9,400,20,100.931,107.345
16,1785338160,1824.9,20260729 11:15:59,11:15:59,15,1785338152,0.000316287,0.316286735,1.49475649,416.9865484,227.9226133,22.95749955,42.0009597,0.013540847,3.107664291,0.013508154,0.008445527,261.4502323,29.30102554,28.47129032,3.900359448,42.52792156,1.606403167,3.777290562,2.293956281,-13.94824501,-92.27746764,-6.485154326,148.7393653,1.832413121,0.297031005,1.49475649,429.4083526,424.3125939,0.146515415,92.58703575,0.316286735,15.23473317,15.97835524,0.000304751,95.80158152,0,0,1,0,53058.65613,1500.00129,1273.861174,0.849240052,0.174300005,9,0.5,0: Broadleaf,2,TRUE,1785338152,416.9865484,421.6802903,15.94840968,15.2471,419.7635484,15.83940968,375.1045484,100.625,0.099975084,27.9205129,28.47129032,999.9,0,0,10002.70548,698.6175806,0.218638,-4.744529032,423.6977097,428.2092903,0.711965,421.6802903,15.2471,1.60588,1.53424,14.01534194,13.31370323,1500.00129,0.692000129,0.307999935,29,28282.55484,1785338183,11:16:22,1785338179,1785338183,17,0.064,0.007,-2.777,0.109,424,15,0.42,0.33,-4.4721285,-7.338014859,0.907723595,0,0.70160295,0.193654334,0.032831912,0,0,2,0/2,2.63575,2.71265,0.0973168,0.0976084,0.0878904,0.0856214,25356.3,25049.5,25555.4,25520.4,32213.7,31806.4,39262.5,38404,1.7102,2.1328,0.0805035,0,27.1542,999.9,63,28.5,24.4593,63.3298,20.9455,1,0.125861,0,20.4226,5.22014,11.98,4.96895,3.29585,9108.2,9999,9999,237.3,4.97,1.87515,1.87119,1.87433,1.87426,1.87237,1.87363,1.87489,0,0,0,0,11111111,oooooooo,on,on,on,on,0,100,100,-2.777,0.109,-1.775206757,-0.002774575,7.27494E-07,-2.16226E-10,-0.069748867,-0.001584374,0.000939206,-5.31953E-06,23,2146,2,22,1.7,1.6,0.15625,4.99756,1.4978,2.28638,1.49902,2.37915,31.9365,15.8394,3,356.356,659.426,27.7523,28.897,30.0003,28.7927,28.8268,-1,40,10,-999.9,400,20,100.916,107.324
17,1785338280,1944.9,20260729 11:17:59,11:17:59,15,1785338272,0.000308107,0.308107256,1.358184544,418.6013548,240.3120751,24.20519413,42.16320404,0.013125863,3.107099455,0.013095135,0.008187214,261.4502884,29.31562606,28.4738871,3.900947872,42.21516381,1.595739834,3.780015734,2.305208037,-13.58752998,-90.62450174,-6.370618055,150.8676387,1.136739127,0.313931262,1.358184544,426.4744982,424.8745333,-0.172212681,92.59006061,0.308107256,15.1497671,15.87093776,0.000619396,95.84834372,0,0,1,0,53043.22812,1500.001613,1273.86141,0.849240027,0.174300005,9,0.5,0: Broadleaf,2,TRUE,1785338272,418.6013548,421.644129,15.84269677,15.10139032,421.4103548,15.73469677,375.0971935,100.6240323,0.099970539,27.93287742,28.4738871,999.9,0,0,10000.20161,699.1417742,0.218638,-3.000819581,425.3895484,428.109129,0.757591548,421.644129,15.10139032,1.595795484,1.519563548,13.91826129,13.16629677,1500.001613,0.692000032,0.308,29,28282.55484,1785338302,11:18:21,1785338300,1785338302,18,-0.036,0.002,-2.809,0.108,420,15,0.36,0.18,-3.31012139,9.133042118,1.322589954,0,0.765004805,0.040374794,0.067045994,1,1,2,1/2,2.63563,2.71251,0.0973547,0.096788,0.0873885,0.0837974,25351.3,25068,25551.8,25516.2,32227.5,31865.1,39257.3,38397.7,1.7096,2.13197,0.0804663,0,27.1614,999.9,62.2,28.6,24.2901,62.6098,20.3886,1,0.130892,0,20.4162,5.21984,11.98,4.9691,3.29568,9108.2,9999,9999,237.4,4.97,1.87515,1.8712,1.8743,1.87425,1.87235,1.87363,1.87488,0,0,0,0,11111111,oooooooo,on,on,on,on,0,100,100,-2.809,0.108,-1.710852103,-0.002774575,7.27494E-07,-2.16226E-10,-0.062591153,-0.001584374,0.000939206,-5.31953E-06,23,2146,2,22,1.7,1.6,0.15625,4.99756,1.49902,2.28638,1.4978,2.29004,31.9805,15.7957,3,356.458,659.535,27.7913,28.9645,30.0003,28.8642,28.8974,-1,40,10,-999.9,400,20,100.902,107.307
18,1785338400,2064.9,20260729 11:19:59,11:19:59,15,1785338392,0.000309196,0.309195591,1.487090235,415.2218387,221.8099993,22.34150866,41.82265153,0.013143044,3.10829482,0.013112248,0.008197916,261.450098,29.36765143,28.53975161,3.915898533,42.35249111,1.6058713,3.791680862,2.310027233,-13.63552557,-92.84215843,-6.527860087,148.4445539,0.819010734,0.348115509,1.487090235,424.3854936,421.198303,-0.043885405,92.62655968,0.309195591,15.07296791,15.9049972,-0.009853751,96.59540462,0,0,1,0,53061.89563,1500,1273.860039,0.849240026,0.174300065,9,0.5,0: Broadleaf,2,TRUE,1785338392,415.2218387,417.5336774,15.94334194,15.12143226,417.9278387,15.83734194,375.1128065,100.6236452,0.099986468,27.98571613,28.53975161,999.9,0,0,10005.7429,699.260871,0.218638,-2.401058387,421.868129,423.9442258,0.844428645,417.5336774,15.12143226,1.606542581,1.521572581,14.02166452,13.18657419,1500,0.691999129,0.308000871,29,28282.5129,1785338428,11:20:27,1785338428,1785338419,19,0.1,-0.004,-2.706,0.106,421,15,1.22,0.19,-2.334715122,-4.230107666,0.771554648,0,0.782784463,0.92475253,0.11783973,0,0,2,0/2,2.63526,2.71262,0.0967236,0.0964566,0.087518,0.0847795,25365.5,25073.5,25548.4,25512.6,32218.4,31826.4,39251.9,38392.6,1.7089,2.13048,0.0827014,0,27.1988,999.9,62.1,28.7,24.3944,62.8198,20.4848,1,0.135539,0,20.416,5.22163,11.98,4.96915,3.29563,9108.2,9999,9999,237.4,4.97,1.87515,1.8712,1.87434,1.87427,1.87239,1.87363,1.8749,0,0,0,0,11111111,oooooooo,on,on,on,on,0,100,100,-2.706,0.106,-1.746922151,-0.002774575,7.27494E-07,-2.16226E-10,-0.060836057,-0.001584374,0.000939206,-5.31953E-06,23,2146,2,22,1.7,1.6,0.15625,4.99756,1.49902,2.28638,1.49902,2.26685,32.0244,15.7781,3,356.468,659.006,27.8303,29.0247,30.0003,28.9277,28.9633,-1,40,10,-999.9,400,20,100.888,107.292
19,1785338520,2184.9,20260729 11:21:59,11:21:59,15,1785338512,0.000266547,0.26654689,1.550761244,424.9912903,200.8109875,20.22719781,42.80832938,0.011684073,3.107141029,0.011659718,0.007289508,261.4499038,29.39065279,28.55483871,3.919330196,44.29377989,1.680658261,3.794343733,2.238671935,-11.75471787,-93.31779729,-6.564626062,149.8127626,1.228797285,0.348765906,1.550761244,440.1965001,433.038897,0.340335501,92.61852503,0.26654689,15.75489021,16.5916951,-0.020134462,96.39018836,0,0,1,0,53032.84366,1499.999677,1273.859672,0.849239964,0.174299973,9,0.5,0: Broadleaf,2,TRUE,1785338512,424.9912903,428.2949677,16.68519032,15.86240968,427.8712903,16.55019032,375.1328065,100.6275484,0.099996752,27.99775806,28.55483871,999.9,0,0,10000.04355,699.1322903,0.218638,-3.141600871,432.3703548,435.197871,0.829604226,428.2949677,15.86240968,1.679676129,1.596195161,14.70975806,13.9214129,1499.999677,0.692000258,0.30799971,29,28282.5129,1785338542,11:22:21,1785338542,1785338536,20,-0.154,0.002,-2.88,0.135,425,16,0.57,0.21,-2.7691643,-28.82892014,4.306614099,0,0.7470534,0.994948931,0.217888243,0,0,2,0/2,2.6357,2.71274,0.0987191,0.0985393,0.0902375,0.0886935,25306.9,25013.6,25546,25510.7,32118.3,31686.9,39248.2,38389.8,1.70903,2.12825,0.0859052,0,27.124,999.9,64.1,28.8,25.3215,62.7598,20.6651,1,0.138051,0,20.4184,5.22088,11.98,4.96895,3.29573,9108.2,9999,9999,237.4,4.97001,1.87515,1.87122,1.87436,1.87429,1.87236,1.87363,1.87488,0,0,0,0,11111111,oooooooo,on,on,on,on,0,100,100,-2.88,0.135,-1.64706247,-0.002774575,7.27494E-07,-2.16226E-10,-0.065104197,-0.001584374,0.000939206,-5.31953E-06,23,2146,2,22,1.5,1.7,0.15625,4.99756,1.4978,2.28638,1.49902,2.38403,32.0684,15.7957,3,356.815,657.7,27.8673,29.0761,30.0001,28.9797,29.0163,-1,40,10,-999.9,400,20,100.879,107.284
20,1785338640,2304.9,20260729 11:23:59,11:23:59,15,1785338632,0.000291301,0.291300649,1.350765229,417.9130968,231.8546334,23.35391748,42.09494471,0.012453376,3.106524625,0.012425708,0.007768548,261.4513638,29.34465847,28.5160129,3.910504306,42.63388358,1.613888234,3.785459118,2.296616072,-12.84635861,-93.53051364,-6.578306425,148.4961851,1.365220806,0.244965836,1.350765229,427.1688483,424.5817939,-0.071010525,92.61226583,0.291300649,15.5579249,16.10804126,0.013336267,96.25193243,0,0,1,0,53025.47429,1500.008387,1273.867046,0.849239949,0.174299935,9,0.5,0: Broadleaf,2,TRUE,1785338632,417.9130968,421.4343548,16.02247097,15.44413226,420.6670968,15.90747097,375.1033548,100.6265806,0.099970016,27.95755161,28.5160129,999.9,0,0,9997.302581,699.6610323,0.218638,-3.622650323,424.6207742,428.045129,0.591318806,421.4343548,15.44413226,1.613591935,1.554089677,14.0891871,13.51042258,1500.008387,0.692000774,0.307999194,28.72312258,28282.69032,1785338662,11:24:22,1785338662,1785338658,21,0.099,-0.002,-2.754,0.115,415,15,0.3,0.32,-3.31728575,0.669143527,1.096473856,0,0.625564575,-1.14433343,0.121567925,0,0,2,0/2,2.63543,2.71265,0.0972936,0.0968488,0.0883553,0.0868769,25349.5,25062.7,25548.5,25512.7,32188,31752.9,39251.2,38392.7,1.70905,2.1291,0.0900403,0,27.0478,999.9,62.8,28.8,24.8103,62.7598,20.7532,1,0.13497,0,20.4184,5.22178,11.98,4.9694,3.29565,9108.2,9999,9999,237.5,4.97001,1.87515,1.87119,1.87432,1.87429,1.87231,1.87363,1.87486,0,0,0,0,11111111,oooooooo,on,on,on,on,0,100,100,-2.754,0.115,-1.800807036,-0.002774575,7.27494E-07,-2.16226E-10,-0.063064449,-0.001584374,0.000939206,-5.31953E-06,23,2146,2,22,1.6,1.7,0.15625,4.99756,1.49902,2.28638,1.49902,2.38647,32.0904,15.7781,3,356.772,658.383,27.8283,29.0437,30.0001,28.9698,29.0118,-1,40,10,-999.9,400,20,100.887,107.292
21,1785338760,2424.9,20260729 11:25:59,11:25:59,15,1785338752,0.000269788,0.269787686,1.358431033,420.6474,224.8990611,22.65348572,42.37069653,0.011836665,3.107977055,0.011811678,0.007384539,261.4499212,29.40172985,28.58084667,3.925252043,44.47336001,1.688676174,3.797051028,2.236575869,-11.89763697,-95.65061982,-6.728204332,147.1734601,1.220560395,0.126402525,1.358431033,429.1559323,427.2987152,-0.146801828,92.61490705,0.269787686,16.45138789,16.90997483,0.017229252,96.30834065,0,0,1,0,53050.257,1499.999333,1273.85941,0.849239984,0.174300025,9,0.5,0: Broadleaf,2,TRUE,1785338752,420.6474,423.7035333,16.76482333,16.46662333,423.4334,16.63082333,375.1008333,100.6273667,0.09998011,28.00999333,28.58084667,999.9,0,0,10003.91,699.4139333,0.218638,-3.032479,427.8481333,430.7973333,0.308442233,423.7035333,16.46662333,1.68803,1.656993333,14.78649667,14.49913,1499.999333,0.691999567,0.3080004,29,28282.50333,1785338788,11:26:27,1785338788,1785338783,22,-0.008,0.004,-2.786,0.134,426,16,0.53,0.28,-4.430037805,25.23731645,2.642127015,0,0.264422024,1.1849197,0.151793918,0,0,2,0/2,2.6353,2.71259,0.0976974,0.0975181,0.091464,0.0894434,25338.9,25045.2,25549.1,25513.9,32077.6,31664.1,39252.3,38394.2,1.70898,2.12873,0.0879727,0,27.1597,999.9,64.1,28.9,25.4724,62.2198,20.4808,1,0.133872,0,20.4161,5.22118,11.98,4.96895,3.2957,9108.2,9999,9999,237.5,4.97001,1.87515,1.87119,1.87438,1.87432,1.87238,1.87363,1.87488,0,0,0,0,11111111,oooooooo,on,on,on,on,0,100,100,-2.786,0.134,-1.701626188,-0.002774575,7.27494E-07,-2.16226E-10,-0.064725445,-0.001584374,0.000939206,-5.31953E-06,23,2146,2,22,1.6,1.7,0.15625,4.99756,1.49902,2.28638,1.4978,2.26685,32.1124,15.7256,3,356.709,658.036,27.8612,29.0313,30.0002,28.9649,29.0098,-1,40,10,-999.9,400,20,100.89,107.297
22,1785338880,2544.9,20260729 11:27:59,11:27:59,15,1785338872,0.000261275,0.261274786,1.49468397,429.6389677,210.7044882,21.22432061,43.27765051,0.01155509,3.10571885,0.011531259,0.007209174,261.4498694,29.45096057,28.6179129,3.933705275,45.05457733,1.715361164,3.807296096,2.218344111,-11.52221804,-94.04636813,-6.622914621,149.2583686,2.741901347,0.23442626,1.49468397,445.1982009,438.7708364,0.280308082,92.61659806,0.261274786,16.45710549,17.06508182,0.000794382,96.34605111,0,0,1,0,52989.31292,1499.999355,1273.859445,0.849239995,0.174299988,9,0.5,0: Broadleaf,2,TRUE,1785338872,429.6389677,436.4592258,17.02925161,16.47637419,432.3759677,16.88125161,375.1116129,100.6302903,0.099982671,28.05622581,28.6179129,999.9,0,0,9993.225806,698.7544194,0.218638,-6.873873226,437.0305806,443.7710323,0.559451516,436.4592258,16.47637419,1.714318387,1.658020968,15.0266871,14.50887097,1499.999355,0.692000161,0.307999839,29,28282.5,1785338911,11:28:30,1785338911,1785338898,23,0.092,0.001,-2.737,0.148,449,17,0.32,0.38,-7.3003295,5.115626792,1.702577467,0,0.564942075,0.06708591,0.037707554,1,1,2,1/2,2.63544,2.7127,0.0997078,0.100593,0.0920596,0.0905434,25285,24962.6,25551.7,25516.6,32059.2,31629.1,39255.6,38398.1,1.70968,2.129,0.094045,0,27.0812,999.9,65,28.9,25.829,62.9699,20.7732,1,0.129909,0,20.4191,5.22268,11.98,4.96845,3.2956,9108.2,9999,9999,237.5,4.97,1.87515,1.87124,1.87439,1.87431,1.87238,1.87363,1.87486,0,0,0,0,11111111,oooooooo,on,on,on,on,0,100,100,-2.737,0.148,-1.709340838,-0.002774575,7.27494E-07,-2.16226E-10,-0.060750469,-0.001584374,0.000939206,-5.31953E-06,23,2146,2,22,1.5,1.6,0.15625,4.99756,1.49902,2.28638,1.49902,2.30957,32.1564,15.7169,3,356.912,658.01,27.9047,29.0064,29.9999,28.94,28.9872,-1,40,10,-999.9,400,20,100.899,107.308
23,1785339000,2664.9,20260729 11:29:59,11:29:59,15,1785338992,0.000274267,0.274267257,1.462973581,435.5493871,232.0468532,23.37541033,43.87538767,0.012245039,3.109280041,0.012218311,0.007638841,261.4502721,29.44275663,28.58705484,3.926666757,45.41961635,1.728904349,3.806514648,2.197762408,-12.09518601,-89.57202797,-6.299520165,153.4835379,0.53203159,0.352289749,1.462973581,443.5470345,441.7885697,-0.182400296,92.6172829,0.274267257,16.25507344,17.08011888,-0.017268319,96.36179576,0,0,1,0,53073.41387,1500.00129,1273.861115,0.849240013,0.174300031,9,0.5,0: Broadleaf,2,TRUE,1785338992,435.5493871,437.1939677,17.16277097,16.33206452,438.3793871,17.03177097,375.1254516,100.6357419,0.099993142,28.05270323,28.58705484,999.9,0,0,10009.07581,698.6060645,0.218638,-1.526933723,443.2874516,444.4529355,0.858707484,437.1939677,16.33206452,1.730005484,1.643589677,15.1682129,14.37357419,1500.00129,0.691999581,0.308000419,29,28282.54194,1785339020,11:30:19,1785339016,1785339020,24,-0.119,-0.004,-2.83,0.131,434,16,0.27,0.09,-1.091429351,-2.100256282,1.89713999,0,0.858151829,0.019107491,0.037014164,1,1,2,1/2,2.63514,2.71254,0.100168,0.0997996,0.0921042,0.0894717,25275.8,24987.8,25555.2,25519.6,32061.9,31670.3,39261,38402.6,1.7098,2.1304,0.096038,0,27.0158,999.9,65.2,29,26.0542,62.9399,21.3261,1,0.12503,0,20.4172,5.22103,11.98,4.96905,3.2958,9108.2,9999,9999,237.6,4.97,1.87515,1.87121,1.87436,1.8743,1.87236,1.87363,1.87485,0,0,0,0,11111111,oooooooo,on,on,on,on,0,100,100,-2.83,0.131,-1.617677265,-0.002774575,7.27494E-07,-2.16226E-10,-0.06018828,-0.001584374,0.000939206,-5.31953E-06,23,2146,2,22,1.5,1.7,0.15625,4.99756,1.4978,2.28516,1.49902,2.38159,32.2005,15.7169,3,356.7,658.703,27.901,28.949,29.9999,28.8905,28.9427,-1,40,10,-999.9,400,20,100.913,107.32
24,1785339120,2784.9,20260729 11:31:59,11:31:59,15,1785339112,0.000291097,0.291096894,1.331146909,417.432129,231.9984717,23.37082188,42.05084569,0.01232449,3.107826563,0.012297402,0.007688305,261.4496155,29.46018933,28.62566452,3.935475094,42.41743113,1.616601464,3.811172486,2.31887363,-12.83737303,-92.48280457,-6.509205486,149.6202324,0.785089963,0.338516984,1.331146909,425.8853072,423.3565091,-0.072001654,92.62925525,0.291096894,15.11815849,15.97867832,-0.016728747,96.6737435,0,0,1,0,53035.71865,1499.997419,1273.857835,0.849240017,0.174300044,9,0.5,0: Broadleaf,2,TRUE,1785339112,417.432129,419.6548387,16.04774839,15.24857742,420.120129,15.93374839,375.1088387,100.637,0.099964794,28.07369032,28.62566452,999.9,0,0,10002.25968,699.1997097,0.218638,-2.324753065,424.1423226,426.1531613,0.812514677,419.6548387,15.24857742,1.616339032,1.534570323,14.11542581,13.31640323,1499.997419,0.691999419,0.308000581,29,28282.47742,1785339141,11:32:21,1785339141,1785339138,25,0.113,0.003,-2.688,0.114,423,15,0.54,0.16,-2.451697195,1.732273338,0.888106855,0,0.798952073,0.713758098,0.111902879,0,0,2,0/2,2.63515,2.7125,0.0971156,0.0969171,0.0878199,0.084574,25359.8,25064.9,25553.4,25516.6,32212.5,31838.5,39257.9,38398.5,1.70963,2.13055,0.0903942,0,27.1507,999.9,62.2,29.1,25.0002,62.3699,21.3021,1,0.127071,0,20.4186,5.22178,11.98,4.9694,3.29578,9108.2,9999,9999,237.6,4.96999,1.87517,1.87121,1.87436,1.87426,1.87233,1.87363,1.87486,0,0,0,0,11111111,oooooooo,on,on,on,on,0,100,100,-2.688,0.114,-1.736657574,-0.002774575,7.27494E-07,-2.16226E-10,-0.064350095,-0.001584374,0.000939206,-5.31953E-06,23,2146,2,22,1.7,1.7,0.15625,4.99756,1.49902,2.28516,1.49902,2.34985,32.2446,15.6556,3,356.59,658.791,27.9205,28.9484,30.0002,28.8859,28.9392,-1,40,10,-999.9,400,20,100.905,107.309
25,1785339240,2904.9,20260729 11:33:59,11:33:59,15,1785339232,0.000272235,0.272235252,1.166670285,417.4521,241.0331648,24.2811272,42.05316537,0.011413714,3.106618861,0.011390469,0.007121128,261.4495952,29.46867008,28.6262,3.935597379,41.81676033,1.594019003,3.811914146,2.341578377,-12.0055746,-91.97720807,-6.476261645,150.9905509,0.362445376,0.324705069,1.166670285,423.9174629,422.9430121,-0.188196245,92.62991427,0.272235252,15.05512107,15.77787343,-0.007714115,96.69369276,0,0,1,0,53006.87654,1499.996667,1273.85724,0.849240047,0.174300118,9,0.5,0: Broadleaf,2,TRUE,1785339232,417.4521,418.6469,15.82346,15.05674667,420.1061,15.70946,375.1211667,100.6377,0.100002287,28.07703,28.6262,999.9,0,0,9996.631667,699.8764667,0.218638,-1.217522667,424.1456333,425.0466333,0.7779276,418.6469,15.05674667,1.593565333,1.515277,13.89667667,13.12317333,1499.996667,0.691998433,0.308001567,29,28282.42,1785339259,11:34:18,1785339258,1785339259,26,0.03,0,-2.654,0.114,420,15,0.68,0.22,-1.301836341,2.696453226,0.347879593,0,0.779746341,-0.177062362,0.036091139,0,0,2,0/2,2.6353,2.71267,0.097011,0.0965557,0.0870226,0.0846576,25357.6,25068.9,25548.5,25510.7,32234.9,31828,39250.4,38389.5,1.70882,2.12878,0.085067,0,27.2389,999.9,61.3,29.1,24.6403,62.6699,20.5288,1,0.133704,0,20.4185,5.21819,11.98,4.9683,3.29575,9108.2,9999,9999,237.6,4.96999,1.87515,1.87123,1.87437,1.87434,1.87238,1.87363,1.87485,0,0,0,0,11111111,oooooooo,on,on,on,on,0,100,100,-2.654,0.114,-1.623458508,-0.002774575,7.27494E-07,-2.16226E-10,-0.061061859,-0.001584374,0.000939206,-5.31953E-06,23,2146,2,22,1.6,1.7,0.15625,4.99756,1.49902,2.28516,1.4978,2.2583,32.2887,15.6381,3,356.491,657.788,27.9367,29.0154,30.0004,28.9385,28.9849,-1,40,10,-999.9,400,20,100.886,107.283
26,1785339360,3024.9,20260729 11:35:59,11:35:59,15,1785339352,0.000237411,0.237410916,1.39992041,418.4035484,190.7888859,19.22140434,42.15289449,0.010365385,3.106933005,0.010346212,0.006468102,261.4505369,29.52255867,28.69090645,3.950398429,44.5695537,1.70346116,3.822028759,2.246937269,-10.46982139,-95.20539128,-6.706563013,149.0687612,0.742816689,0.352227303,1.39992041,429.9969639,425.1244061,0.147039023,92.62812373,0.237410916,15.80990664,16.73105664,-0.034880269,96.64001958,0,0,1,0,53006.42029,1500.003226,1273.862729,0.849239993,0.174299983,9,0.5,0: Broadleaf,2,TRUE,1785339352,418.4035484,420.5393226,16.90830968,16.07752258,421.0285484,16.76030968,375.1196452,100.6469677,0.100013629,28.12251935,28.69090645,999.9,0,0,9997.156774,699.8218065,0.218638,-2.160196774,425.5763548,427.411,0.834034194,420.5393226,16.07752258,1.702097419,1.618153226,14.91533871,14.13163226,1500.003226,0.692000226,0.307999774,29,28282.59032,1785339381,11:36:20,1785339376,1785339381,27,0.039,0.004,-2.625,0.148,429,17,0.62,0.26,-2.087484875,-13.35999272,2.426363089,0,0.7402395,1.691339144,0.233673013,0,0,2,0/2,2.63539,2.71257,0.0973497,0.0973563,0.0907453,0.0892327,25341.9,25040.7,25542.7,25504.9,32094.4,31660.9,39241.2,38381.4,1.70852,2.12595,0.0867695,0,27.2805,999.9,63.2,29.2,25.5489,62.5198,20.8293,1,0.140714,0,20.4163,5.22253,11.98,4.96935,3.29558,9108.2,9999,9999,237.7,4.97,1.87516,1.87124,1.87438,1.87432,1.87236,1.87363,1.87485,0,0,0,0,11111111,oooooooo,on,on,on,on,0,100,100,-2.625,0.148,-1.59407959,-0.002774575,7.27494E-07,-2.16226E-10,-0.061003396,-0.001584374,0.000939206,-5.31953E-06,23,2146,2,22,1.7,1.7,0.15625,4.99756,1.4978,2.28516,1.4978,2.38281,32.3328,15.6468,3,356.754,656.146,27.9795,29.1013,30.0003,29.0129,29.0535,-1,40,10,-999.9,400,20,100.863,107.26
27,1785339480,3145,20260729 11:37:59,11:37:59,15,1785339472,0.000239759,0.239759131,0.988150472,447.4571935,284.640756,28.67611262,45.07904299,0.010590175,3.105586893,0.010570153,0.006608141,261.4493708,29.56624958,28.72135161,3.957379279,45.32611922,1.73679642,3.831778344,2.220582858,-10.57337767,-92.93680471,-6.552012797,151.3871756,8.439427381,0.081586836,0.988150472,477.4156344,465.2111758,0.987211399,92.61828376,0.239759131,17.16516795,17.44841259,0.027313855,96.38490633,0,0,1,0,52967.17722,1499.996452,1273.857095,0.849240073,0.174299993,9,0.5,0: Broadleaf,2,TRUE,1785339472,447.4571935,467.7929032,17.23954194,17.04717097,450.3891935,17.09754194,375.1204516,100.6449355,0.099993058,28.16626774,28.72135161,999.9,0,0,9991.164516,699.2686774,0.218638,-20.08044613,455.5773548,475.9060323,0.21472329,467.7929032,17.04717097,1.73732129,1.71571129,15.23370968,15.03889355,1499.996452,0.692000387,0.30799971,29,28282.46452,1785339506,11:38:25,1785339501,1785339506,28,-0.237,-0.009,-2.932,0.142,451,17,0.38,0.29,-18.80673317,1.039573603,5.740146493,0,0.288686317,-1.183874345,0.139627842,0,0,2,0/2,2.63534,2.71265,0.104089,0.104671,0.0935311,0.0927529,25151.2,24837,25541.2,25504.2,31994,31537.3,39239.5,38380.4,1.70807,2.12538,0.09818,0,27.1236,999.9,65.3,29.2,26.3971,63.1171,20.5248,1,0.141479,0,20.417,5.22148,11.98,4.96865,3.2955,9108.2,9999,9999,237.7,4.96998,1.87515,1.87119,1.87437,1.87424,1.87237,1.87363,1.87486,0,0,0,0,11111111,oooooooo,on,on,on,on,0,100,100,-2.932,0.142,-1.554988572,-0.002774575,7.27494E-07,-2.16226E-10,-0.056537827,-0.001584374,0.000939206,-5.31953E-06,23,2146,2,22,1.7,1.7,0.15625,4.99756,1.49902,2.28516,1.49902,2.33887,32.3991,15.5855,3,356.736,656.035,28.0126,29.1385,29.9999,29.0493,29.0865,-1,40,10,-999.9,400,20,100.858,107.257
28,1785339600,3265,20260729 11:39:59,11:39:59,15,1785339592,0.000236954,0.236954368,1.328416908,437.1613871,219.8468497,22.14840975,44.04170242,0.010370143,3.1078708,0.010350957,0.006471069,261.4502648,29.58716687,28.7384129,3.961296008,44.83433653,1.720074436,3.836511408,2.241221572,-10.44968761,-92.31116453,-6.504361093,152.1850516,2.003906278,0.255483587,1.328416908,451.3579793,445.8573818,0.227827364,92.62139824,0.236954368,16.42888955,17.06176014,-0.007167176,96.45902012,0,0,1,0,53016.88513,1500.00129,1273.861112,0.849240011,0.174300027,9,0.5,0: Broadleaf,2,TRUE,1785339592,437.1613871,442.2373871,17.07359355,16.47107097,439.9683871,16.95059355,375.1052903,100.6447419,0.099980071,28.18747097,28.7384129,999.9,0,0,10001.69387,699.4538065,0.218638,-5.159413871,444.682871,449.6434516,0.630772806,442.2373871,16.47107097,1.721210323,1.657728065,15.08905161,14.50610968,1500.00129,0.691999645,0.308000355,29,28282.52903,1785339635,11:40:34,1785339624,1785339635,29,0.064,0.003,-2.807,0.123,427,16,0.65,0.17,-5.47220325,0.955190657,0.979098616,0,0.6046198,0.476238326,0.058702715,0,0,2,0/2,2.63559,2.71269,0.100893,0.10097,0.0920461,0.090248,25243,24941.5,25543.3,25506,32048.6,31626.9,39241.7,38382.9,1.70875,2.12567,0.0938401,0,27.2011,999.9,64.5,29.3,26.2244,62.7571,20.7612,1,0.139035,0,20.4194,5.22088,11.98,4.96885,3.29542,9108.2,9999,9999,237.7,4.97,1.87515,1.87122,1.87438,1.87426,1.87232,1.87363,1.87485,0,0,0,0,11111111,oooooooo,on,on,on,on,0,100,100,-2.807,0.123,-1.792024871,-0.002774575,7.27494E-07,-2.16226E-10,-0.065847029,-0.001584374,0.000939206,-5.31953E-06,23,2146,2,22,1.6,1.6,0.15625,4.99756,1.4978,2.28516,1.4978,2.39136,32.4433,15.5592,3,357.009,656.259,28.0373,29.1186,30.0002,29.0394,29.0836,-1,40,10,-999.9,400,20,100.864,107.265
29,1785339720,3385,20260729 11:41:59,11:41:59,15,1785339712,0.000242663,0.242663255,1.148443942,415.551871,219.157248,22.080014,41.86670171,0.009998876,3.109704121,0.009981049,0.006239754,261.4503119,29.61264828,28.77114194,3.968819015,41.29623746,1.586889716,3.842698061,2.381929299,-10.70144956,-93.21198251,-6.565935117,150.9709447,0.999338581,0.247650711,1.148443942,425.5481039,422.0809152,0.067480325,92.6195017,0.242663255,15.20656886,15.77492098,0.000453447,96.41344553,0,0,1,0,53055.01522,1500.001935,1273.861596,0.849239968,0.174299983,9,0.5,0: Broadleaf,2,TRUE,1785339712,415.551871,418.1964839,15.75082258,15.16599677,418.203871,15.63482258,375.1117097,100.6496774,0.099963323,28.21515161,28.77114194,999.9,0,0,10009.64226,699.7267097,0.218638,-2.76928129,422.0778065,424.6366129,0.590637387,418.1964839,15.16599677,1.585900968,1.526454194,13.8224871,13.23559032,1500.001935,0.692000129,0.307999839,29,28282.55484,1785339737,11:42:17,1785339737,1785339737,30,0.137,0,-2.652,0.116,420,15,0.35,0.38,-2.597698,-6.267373959,1.039052966,0,0.64181075,-0.941625951,0.094496092,0,0,2,0/2,2.63516,2.7126,0.096892,0.0969992,0.0870256,0.0856838,25354,25047.7,25542,25502.1,32226,31782,39239.5,38377.4,1.70835,2.12545,0.0899471,0,27.311,999.9,61.4,29.3,24.963,62.9671,20.9455,1,0.141667,0,20.4183,5.21939,11.98,4.969,3.29545,9108.2,9999,9999,237.8,4.96999,1.87515,1.87123,1.87437,1.87425,1.8723,1.87363,1.87485,0,0,0,0,11111111,oooooooo,on,on,on,on,0,100,100,-2.652,0.116,-1.727676426,-0.002774575,7.27494E-07,-2.16226E-10,-0.062680135,-0.001584374,0.000939206,-5.31953E-06,23,2146,2,22,1.6,1.4,0.15625,4.99756,1.49902,2.28394,1.49902,2.29492,32.4875,15.5067,3,356.925,656.323,28.0644,29.1407,30.0002,29.0596,29.1059,-1,40,10,-999.9,400,20,100.859,107.249
30,1785339840,3505,20260729 11:43:59,11:43:59,15,1785339832,0.000208781,0.208780502,0.918802746,431.9466333,255.411713,25.73309262,43.51923642,0.008990128,3.106596184,0.0089757,0.005611107,261.4495277,29.63632783,28.80020333,3.975509431,44.15030393,1.697951245,3.84584271,2.277558185,-9.207220143,-95.63212821,-6.744598578,149.8655807,3.845133617,0.070970543,0.918802746,450.7957043,443.8915515,0.470075874,92.61952449,0.208780502,16.86449135,17.03812168,0.030873491,96.413383,0,0,1,0,52979.86245,1499.998,1273.858252,0.849239967,0.174299918,9,0.5,0: Broadleaf,2,TRUE,1785339832,431.9466333,441.2456333,16.85287667,16.68547,434.7786333,16.69887667,375.1167,100.6514333,0.099986073,28.22920667,28.80020333,999.9,0,0,9995.163333,699.5775,0.218638,-9.144575667,439.5055667,448.7336333,0.16131839,441.2456333,16.68547,1.695652,1.679414333,14.85643,14.70651333,1499.998,0.6920011,0.3079989,29,28282.49667,1785339880,11:44:40,1785339880,1785339869,31,-0.134,-0.003,-2.832,0.154,437,17,1.87,0.21,-7.160906146,-27.69354031,4.957925218,0,0.277963993,-2.002329466,0.210350823,0,0,2,0/2,2.63509,2.71258,0.100508,0.0999956,0.0919891,0.0915567,25250.1,24964.1,25539.7,25501.7,32046.1,31575.7,39236.2,38376.6,1.70795,2.12392,0.0968575,0,27.2311,999.9,64.1,29.4,26.2132,62.1271,21.274,1,0.14298,0,20.4255,5.22058,11.98,4.9679,3.29525,9108.2,9999,9999,237.8,4.97,1.87516,1.8712,1.87439,1.87427,1.87235,1.87364,1.87485,0,0,0,0,11111111,oooooooo,on,on,on,on,0,100,100,-2.832,0.154,-1.5909684,-0.002774575,7.27494E-07,-2.16226E-10,-0.062766041,-0.001584374,0.000939206,-5.31953E-06,23,2146,2,22,1.7,1.7,0.15625,4.99756,1.4978,2.28394,1.4978,2.35718,32.5097,15.498,3,356.866,655.238,28.0778,29.1685,29.9999,29.0843,29.1257,-1,40,10,-999.9,400,20,100.85,107.247
31,1785339960,3625,20260729 11:45:59,11:45:59,15,1785339952,0.00016396,0.163959647,1.108218465,453.5428667,202.2147209,20.37310841,45.69438836,0.007405737,3.109154002,0.007395951,0.004623348,261.450268,29.63160851,28.78054,3.97098153,46.88171313,1.801457853,3.84255978,2.169523677,-7.23062043,-94.87443964,-6.684514733,152.6606932,1.395619708,0.054623514,1.108218465,468.3989437,462.7304182,0.298568687,92.62017987,0.163959647,17.79816911,18.01942308,0.015982682,96.42950218,0,0,1,0,53042.25715,1500.001667,1273.861406,0.849239994,0.174299985,9,0.5,0: Broadleaf,2,TRUE,1785339952,453.5428667,456.9508667,17.88049667,17.75178,456.2868667,17.71549667,375.104,100.6499,0.09997773,28.21453333,28.78054,999.9,0,0,10007.08767,699.3416667,0.218638,-3.5244349,461.6846333,465.2093333,0.13540865,456.9508667,17.75178,1.800344667,1.786714333,15.78964,15.67085,1500.001667,0.6920002,0.3079998,29,28282.56,1785339980,11:46:19,1785339976,1785339980,32,0.125,-0.004,-2.744,0.165,458,18,0.78,0.13,-1.906177425,-31.92130923,3.472014833,0,0.092704335,0.589433449,0.083514146,0,0,2,0/2,2.63539,2.71277,0.103621,0.103339,0.0957266,0.0957147,25164.4,24872.9,25541.4,25503.2,31915,31431.7,39239.1,38378.6,1.70833,2.1233,0.094343,0,27.227,999.9,66.4,29.5,27.3093,63.1472,20.9655,1,0.14091,0,20.4169,5.22088,11.98,4.96925,3.29545,9108.2,9999,9999,237.8,4.96999,1.87517,1.8712,1.87437,1.87424,1.87238,1.87363,1.87485,0,0,0,0,11111111,oooooooo,on,on,on,on,0,100,100,-2.744,0.165,-1.725367756,-0.002774575,7.27494E-07,-2.16226E-10,-0.065427184,-0.001584374,0.000939206,-5.31953E-06,23,2146,2,22,1.3,1.5,0.15625,4.99756,1.49902,2.28394,1.49902,2.30103,32.5761,15.4454,3,357.008,654.641,28.0876,29.1545,30,29.0768,29.1206,-1,40,10,-999.9,400,20,100.857,107.253
32,1785340080,3745,20260729 11:47:59,11:47:59,15,1785340072,0.000207212,0.207211976,1.00721704,423.0054839,228.3078684,23.00191464,42.61761148,0.008843674,3.108272371,0.008829719,0.005519826,261.4498059,29.64066286,28.79013226,3.973189789,43.5448175,1.675119517,3.846886065,2.298070273,-9.138048155,-93.21501394,-6.570405639,152.5263382,0.044766842,0.274974124,1.00721704,431.3621063,429.1602364,-0.025607345,92.62081185,0.207211976,16.01329164,16.56765734,-0.006336443,96.44439528,0,0,1,0,53018.21882,1499.999032,1273.859168,0.849239993,0.174299983,9,0.5,0: Broadleaf,2,TRUE,1785340072,423.0054839,423.3919677,16.62657097,15.97779677,425.7094839,16.47857097,375.1105161,100.6495806,0.099967771,28.23386774,28.79013226,999.9,0,0,10003.06129,699.1362258,0.218638,-0.348798787,430.1906774,430.2667742,0.636782161,423.3919677,15.97779677,1.672253548,1.608160645,14.64117419,14.0369129,1499.999032,0.692000226,0.307999774,29,28282.49677,1785340102,11:48:21,1785340098,1785340102,33,-0.026,0.009,-2.704,0.148,429,17,0.43,0.16,0.46711169,-18.68049968,1.949392218,0,0.7000046,-1.234683715,0.136142006,0,0,2,0/2,2.63536,2.71261,0.0980303,0.0979172,0.0901688,0.0891635,25324.2,25025.2,25544.2,25505.1,32115.9,31663.4,39242.2,38381.4,1.70858,2.12468,0.0949763,0,27.2407,999.9,63.6,29.5,26.1591,62.8172,20.8173,1,0.137886,0,20.422,5.22163,11.98,4.9685,3.29558,9108.2,9999,9999,237.9,4.96999,1.87517,1.87129,1.87439,1.87428,1.87236,1.87363,1.87485,0,0,0,0,11111111,oooooooo,on,on,on,on,0,100,100,-2.704,0.148,-1.600370774,-0.002774575,7.27494E-07,-2.16226E-10,-0.069120541,-0.001584374,0.000939206,-5.31953E-06,23,2146,2,22,1.7,1.7,0.15625,4.99756,1.49902,2.28394,1.49902,2.29614,32.6204,15.4279,3,356.965,655.569,28.0746,29.1232,30,29.0468,29.0984,-1,40,10,-999.9,400,20,100.867,107.26
33,1785340200,3865,20260729 11:49:59,11:49:59,15,1785340192,0.000204916,0.204915818,0.869317392,423.5807097,251.0309263,25.29120435,42.67548404,0.008713431,3.108566048,0.008699885,0.005438643,261.4501307,29.67792596,28.83575161,3.983706606,43.50915023,1.677340616,3.855144509,2.30636599,-9.036787552,-94.69265772,-6.676667984,151.0440174,-0.293972001,0.39745714,0.869317392,429.3865978,429.2206,-0.196940424,92.62052509,0.204915818,15.74392099,16.47997972,-0.024455515,96.43805625,0,0,1,0,53018.59895,1500.000645,1273.860593,0.84924003,0.174300012,9,0.5,0: Broadleaf,2,TRUE,1785340192,423.5807097,423.2793226,16.64864839,15.71092258,426.1907097,16.54464839,375.1160645,100.6493871,0.099969661,28.27072258,28.83575161,999.9,0,0,10004.43226,699.5310968,0.218638,0.21813578,430.6861613,430.0354839,0.980165484,423.2793226,15.71092258,1.679946452,1.581293226,14.71173548,13.77763226,1500.000645,0.691999935,0.308000097,29,28282.54194,1785340217,11:50:16,1785340217,1785340217,34,0.076,-0.011,-2.61,0.104,419,15,0.6,0.05,0.887828029,-9.376300204,1.375753016,0,0.98166639,-0.741348753,0.16608525,0,0,2,0/2,2.63483,2.7125,0.0980207,0.0969884,0.0897462,0.0870503,25321.9,25047.8,25541.6,25501.8,32127.8,31733.9,39238.3,38377.1,1.70825,2.12525,0.089258,0,27.391,999.9,62.8,29.6,25.9783,61.9772,21.3822,1,0.140363,0,20.4213,5.21759,11.98,4.96935,3.29565,9108.2,9999,9999,237.9,4.97,1.87515,1.87121,1.87438,1.87424,1.87234,1.87363,1.87485,0,0,0,0,11111111,oooooooo,on,on,on,on,0,100,100,-2.61,0.104,-1.626268078,-0.002774575,7.27494E-07,-2.16226E-10,-0.060350966,-0.001584374,0.000939206,-5.31953E-06,23,2146,2,22,1.7,1.6,0.15625,4.99756,1.49902,2.28394,1.49902,2.30225,32.6648,15.4104,3,356.867,656.179,28.0926,29.132,30.0004,29.0578,29.1084,-1,40,10,-999.9,400,20,100.856,107.248
34,1785340320,3985,20260729 11:51:59,11:51:59,15,1785340312,0.000189265,0.18926543,0.868250044,417.7151935,228.879001,23.060207,42.08598773,0.007884594,3.108099866,0.007873499,0.004921933,261.4499274,29.7805276,28.96571935,4.013801812,42.81485814,1.660071548,3.877325816,2.353730264,-8.346605449,-99.92644956,-7.05477053,146.1221019,0.405218789,0.229051256,0.868250044,426.3390562,424.2375939,-0.001549387,92.62005448,0.18926543,15.89406154,16.42584196,-0.008251034,96.42561124,0,0,1,0,52990.41655,1499.999355,1273.85943,0.849239985,0.174300027,9,0.5,0: Broadleaf,2,TRUE,1785340312,417.7151935,418.9169355,16.47667419,15.93619355,420.3311935,16.35367419,375.1281935,100.6528387,0.099990916,28.36937097,28.96571935,999.9,0,0,10001.94355,699.6135161,0.218638,-1.190316243,424.7279355,425.701,0.547796677,418.9169355,15.93619355,1.659160645,1.604023548,14.51949677,13.99712903,1499.999355,0.691999548,0.308000419,29,28282.50968,1785340342,11:52:21,1785340342,1785340340,35,0.004,0.013,-2.616,0.123,425,16,0.29,0.16,-0.761603159,-10.09507999,1.038050775,0,0.448728785,1.751886291,0.180418316,0,0,2,0/2,2.6351,2.71256,0.097168,0.0968461,0.0895653,0.0870249,25339.6,25044.3,25535.7,25494.6,32126.7,31725.7,39229.1,38366.2,1.70755,2.1231,0.086166,0,27.57,999.9,61.8,29.6,25.5648,62.7572,20.7772,1,0.147927,0,20.4234,5.22253,11.98,4.9697,3.29565,9108.2,9999,9999,237.9,4.97,1.87516,1.87121,1.87438,1.87425,1.87237,1.87363,1.87485,0,0,0,0,11111111,oooooooo,on,on,on,on,0,100,100,-2.616,0.123,-1.550740476,-0.002774575,7.27494E-07,-2.16226E-10,-0.071686187,-0.001584374,0.000939206,-5.31953E-06,23,2146,2,22,1.7,1.7,0.15625,4.99756,1.4978,2.28516,1.4978,2.38403,32.7313,15.4104,3,356.899,655.03,28.1759,29.2136,30.0003,29.1257,29.1694,-1,40,10,-999.9,400,20,100.833,107.217
35,1785340440,4105,20260729 11:53:59,11:53:59,15,1785340432,0.000191872,0.191871845,0.802735555,419.0984839,239.5031967,24.13160946,42.22708122,0.007723523,3.107732003,0.007712875,0.004821502,261.449893,29.86667856,29.03293871,4.029444702,40.87500312,1.592864531,3.896915985,2.436580171,-8.461548376,-96.64805419,-6.829348943,149.5109415,0.505611301,0.222143461,0.802735555,427.0520118,425.5330545,-0.044083613,92.62013925,0.191871845,15.37921187,15.82015245,0.001175825,96.42772614,0,0,1,0,52966.66198,1499.999677,1273.859743,0.849240012,0.174299966,9,0.5,0: Broadleaf,2,TRUE,1785340432,419.0984839,420.5349677,15.80898065,15.28441935,421.7234839,15.69098065,375.1104839,100.6569677,0.099973287,28.4560871,29.03293871,999.9,0,0,9999.840323,699.8002258,0.218638,-1.415023165,425.856129,427.0624516,0.53332471,420.5349677,15.28441935,1.592167097,1.538483871,13.88316452,13.35585161,1499.999677,0.692000548,0.307999484,29,28282.52258,1785340457,11:54:16,1785340457,1785340457,36,-0.018,-0.003,-2.625,0.118,420,16,0.41,0.18,-0.796252954,-9.149232734,1.219061726,0,0.588245439,-1.254976432,0.128682427,0,0,2,0/2,2.63509,2.71256,0.0974003,0.0968317,0.0871569,0.0857018,25325.6,25036.9,25528.6,25487,32204.1,31763.2,39218.3,38355.5,1.7063,2.12105,0.0836328,0,27.6789,999.9,60.4,29.7,25.127,61.9172,20.4367,1,0.15719,0,20.4235,5.22148,11.98,4.9692,3.2956,9108.2,9999,9999,238,4.96995,1.87517,1.87123,1.87438,1.87425,1.87232,1.87363,1.87485,0,0,0,0,11111111,oooooooo,on,on,on,on,0,100,100,-2.625,0.118,-1.54655906,-0.002774575,7.27494E-07,-2.16226E-10,-0.05906548,-0.001584374,0.000939206,-5.31953E-06,23,2146,2,22,1.6,1.7,0.15625,4.99756,1.4978,2.28394,1.49902,2.39014,32.798,15.3929,3,356.82,654.319,28.2712,29.3277,30.0005,29.2224,29.261,-1,40,10,-999.9,400,20,100.805,107.187
36,1785340560,4225,20260729 11:55:59,11:55:59,15,1785340552,0.00020023,0.200230249,0.80160847,414.1699032,238.1126836,23.99228001,41.73183949,0.007887964,3.108676754,0.007876861,0.004924034,261.4498386,29.90674194,29.07040323,4.038186271,39.62193313,1.547855337,3.906561882,2.490330935,-8.830153975,-95.82378206,-6.771739371,150.0241632,0.729202823,0.216142169,0.80160847,423.3719164,420.7278303,0.069818044,92.62043715,0.200230249,14.89867785,15.36659091,0.000493535,96.43518358,0,0,1,0,52981.33966,1499.999677,1273.859759,0.849240022,0.17429993,9,0.5,0: Broadleaf,2,TRUE,1785340552,414.1699032,416.1341613,15.36177419,14.85117742,416.7699032,15.25977419,375.129,100.6601935,0.09999971,28.49864516,29.07040323,999.9,0,0,10003.86774,700.4992581,0.218638,-1.974521774,420.6259677,422.4074194,0.522062323,416.1341613,14.85117742,1.547472581,1.494920645,13.44545484,12.91623871,1499.999677,0.692001129,0.307998935,29,28282.53548,1785340578,11:56:17,1785340578,1785340577,37,0.018,-0.002,-2.6,0.102,418,15,0.18,0.16,-1.910098341,-4.909739603,0.819035779,0,0.531392195,-0.435731624,0.059163626,0,0,2,0/2,2.63504,2.7126,0.0965949,0.0962216,0.0853404,0.0838259,25341.2,25046.3,25522,25479.7,32261,31819.7,39208.6,38344.7,1.70515,2.1192,0.0827014,0,27.7257,999.9,58.9,29.7,24.5021,62.0672,20.5008,1,0.166748,0,20.4232,5.22208,11.98,4.9696,3.29548,9108.2,9999,9999,238,4.96995,1.87515,1.87122,1.87437,1.87427,1.87235,1.87363,1.87485,0,0,0,0,11111111,oooooooo,on,on,on,on,0,100,100,-2.6,0.102,-1.564732952,-0.002774575,7.27494E-07,-2.16226E-10,-0.06216017,-0.001584374,0.000939206,-5.31953E-06,23,2146,2,22,1.7,1.7,0.15625,4.99756,1.49902,2.28271,1.4978,2.40723,32.8424,15.3579,3,356.829,653.862,28.3339,29.4404,30.0003,29.3264,29.36,-1,40,10,-999.9,400,20,100.78,107.156
37,1785340680,4345,20260729 11:57:59,11:57:59,15,1785340672,0.000186372,0.186371865,1.112277634,415.2801935,154.6043799,15.57788794,41.84349967,0.007160836,3.107010968,0.00715168,0.004470621,261.4502267,29.97481768,29.14464839,4.05555871,38.31034621,1.5021913,3.921111262,2.55336741,-8.218999234,-97.48531033,-6.897589216,148.8483279,2.3290733,0.120256849,1.112277634,434.2073134,424.5197455,0.704297328,92.63106784,0.186371865,14.76213503,15.01494485,0.01813289,96.73046853,0,0,1,0,52931.14955,1500.000968,1273.860807,0.84923999,0.174300039,9,0.5,0: Broadleaf,2,TRUE,1785340672,415.2801935,420.9881935,14.90865484,14.62442258,417.8971935,14.80765484,375.1072581,100.6596774,0.100003197,28.56266452,29.14464839,999.9,0,0,9996.253226,700.8826129,0.218638,-5.685796774,421.5877742,427.2369355,0.284356452,420.9881935,14.62442258,1.500712581,1.47208871,12.97536774,12.68046774,1500.000968,0.691999387,0.308000581,29,28282.53548,1785340703,11:58:23,1785340703,1785340698,38,-0.001,0.002,-2.617,0.101,427,15,1.17,0.18,-5.368309,-20.78530334,3.07966784,0,0.3046434,-1.012928623,0.114105888,0,0,2,0/2,2.6349,2.71253,0.0972817,0.0971981,0.0839536,0.0836846,25316.5,25013.5,25516.9,25474.1,32304.1,31818.3,39200.7,38336.9,1.70465,2.11707,0.0835583,0,27.7798,999.9,57.8,29.8,24.1845,62.6972,20.8053,1,0.17373,0,20.4236,5.21759,11.98,4.96775,3.2957,9108.2,9999,9999,238,4.96999,1.87516,1.87122,1.87439,1.87435,1.87233,1.87363,1.87485,0,0,0,0,11111111,oooooooo,on,on,on,on,0,100,100,-2.617,0.101,-1.546563667,-0.002774575,7.27494E-07,-2.16226E-10,-0.064077875,-0.001584374,0.000939206,-5.31953E-06,23,2146,2,22,1.7,1.7,0.15625,4.99756,1.4978,2.28271,1.4978,2.39746,32.8647,15.3228,3,357.079,653.053,28.3922,29.5314,30.0003,29.4167,29.449,-1,40,10,-999.9,400,20,100.759,107.134
38,1785340800,4465,20260729 11:59:59,11:59:59,15,1785340792,0.000217385,0.217384907,0.635209326,417.7033,282.893251,28.5045809,42.08816387,0.008453722,3.108167754,0.008440969,0.00527675,261.4504255,30.02969106,29.20475333,4.069670209,39.31012748,1.54704436,3.935485481,2.522625849,-9.586674385,-97.02886688,-6.866938972,147.9679452,0.42420604,0.201311223,0.635209326,423.6456044,423.7645576,-0.168153103,92.63374864,0.217384907,14.80098869,15.33691455,-0.002159283,96.82265123,0,0,1,0,52947.14269,1500.002333,1273.861989,0.849240005,0.174300013,9,0.5,0: Broadleaf,2,TRUE,1785340792,417.7033,418.9228333,15.35361667,14.87803333,420.3663,15.26161667,375.1147667,100.6609333,0.09997487,28.62571,29.20475333,999.9,0,0,10001.45167,700.7435333,0.218638,-1.15844784,424.2879,425.2500667,0.4970976,418.9228333,14.87803333,1.547676,1.497638333,13.44747333,12.94315333,1500.002333,0.691999833,0.308000167,29,28282.56667,1785340840,12:00:40,1785340829,1785340840,39,-0.049,-0.009,-2.663,0.092,422,15,1.38,0.39,-1.084499837,3.960610242,1.124066806,0,0.470665463,0.885116592,0.139705027,0,0,2,0/2,2.63473,2.71254,0.0970512,0.0963777,0.0851347,0.0822141,25318.4,25031.5,25512.7,25469.6,32256.6,31864.1,39194.1,38330.4,1.70357,2.11635,0.0846386,0,27.8331,999.9,57.9,29.8,24.2262,62.1272,20.4848,1,0.180104,0,20.4246,5.22043,11.98,4.96835,3.29553,9108.2,9999,9999,238.1,4.97,1.87517,1.8712,1.87439,1.8743,1.87227,1.87363,1.87485,0,0,0,0,11111111,oooooooo,on,on,on,on,0,100,100,-2.663,0.092,-1.547991698,-0.002774575,7.27494E-07,-2.16226E-10,-0.062142615,-0.001584374,0.000939206,-5.31953E-06,23,2146,2,22,1.6,1.7,0.15625,4.99756,1.4978,2.28271,1.49902,2.41089,32.9092,15.3228,3,357.017,653.379,28.4559,29.6148,30.0003,29.5016,29.5321,-1,40,10,-999.9,400,20,100.743,107.115
39,1785341260,4924.9,20260729 12:07:39,12:07:39,15,1785341252,0.000525725,0.525724572,1.635537075,427.726129,298.2153609,30.05138829,43.1022867,0.022641347,3.108266989,0.022550121,0.014101991,261.4498059,30.06998291,29.04164194,4.031473947,44.15661581,1.749532509,3.962107324,2.281941438,-23.18445362,-50.22105455,-3.553307146,184.4909905,4.246330131,0.383646996,1.635537075,447.6565846,438.7407636,0.497320496,92.63152479,0.525724572,16.54542143,17.56113818,0.021607577,96.74661458,0,0,1,0,52929.27629,1499.999032,1273.85913,0.849239968,0.174299983,9,0.5,0: Broadleaf,2,TRUE,1785341252,427.726129,438.3082903,17.36150968,16.4569871,430.3051935,17.22850968,375.1013871,100.6707742,0.09998489,28.74194516,29.04164194,999.9,0,0,10000.93065,699.0040645,0.218638,-10.58218581,435.2958065,445.6424839,0.932117161,438.3082903,16.4569871,1.750575161,1.656737742,15.35207419,14.49650968,1499.999032,0.692000129,0.307999839,30,28282.5,1785341284,12:08:04,1785341149,1785341284,41,0.095,-0.002,-2.543,0.133,412,16,0.71,0.17,-10.170677,-4.97521621,1.645928918,0,1.02637625,-1.440203842,0.179586416,0,0,2,0/2,2.63411,2.7126,0.0994948,0.100845,0.0938662,0.0904277,25245.3,24902.4,25508.6,25464.6,31939.8,31571.8,39187.2,38323.9,1.69827,2.11278,0.087969,0,27.5969,999.9,60.8,30,25.7298,63.0172,22.508,1,0.187813,0,20.427,5.21999,11.98,4.9679,3.29573,9108.2,9999,9999,238.2,4.97,1.87518,1.87127,1.87439,1.87425,1.87232,1.87363,1.87485,0,0,0,0,11111111,oooooooo,on,on,on,on,0,100,100,-2.587,0.133,-1.502449087,-0.002774575,7.27494E-07,-2.16226E-10,-0.063698553,-0.001584374,0.000939206,-5.31953E-06,23,2146,2,22,1.8,1.9,0.155029,4.99756,1.49902,2.28271,1.4978,2.29858,33.1099,15.174,3,355.371,652.358,28.6521,29.7588,29.9998,29.6742,29.7124,-1,40,10,-999.9,400,20,100.726,107.096
40,1785341408,5072.9,20260729 12:10:07,12:10:07,15,1785341400,0.000632614,0.632613972,1.756390346,426.5512333,304.6551152,30.69877883,42.98172366,0.026194643,3.108653313,0.026072635,0.016306311,261.449301,30.09975867,29.10405667,4.046052699,42.02400235,1.670473906,3.975047147,2.375578792,-27.89827619,-51.26021441,-3.628519071,178.6622913,-1.648901799,0.643099521,1.756390346,429.6253193,429.447897,-0.414185427,92.6248307,0.632613972,14.6903106,16.48491958,-0.029233013,96.54805145,0,0,1,0,52928.3246,1499.996333,1273.856901,0.84924001,0.17429996,9,0.5,0: Broadleaf,2,TRUE,1785341400,426.5512333,423.2530333,16.57780667,15.06032667,429.0882333,16.46780667,375.0919333,100.6657333,0.09994333,28.79819667,29.10405667,999.9,0,0,10003.20933,699.4071333,0.218638,3.258952033,433.7148333,429.7252,1.546848333,423.2530333,15.06032667,1.671774,1.516058333,14.63673,13.12801333,1499.996333,0.692000633,0.3079994,30,28282.47667,1785341426,12:10:25,1785341426,1785341425,42,0.02,0.001,-2.537,0.11,418,15,0.26,0.04,1.07803978,23.51573218,4.580267225,0,1.405421902,2.904445087,0.336861868,0,0,2,0/2,2.63501,2.71285,0.0979218,0.0972784,0.089673,0.0834856,25293.3,25004.5,25512.2,25467.8,32093.4,31817.2,39192.4,38327.4,1.70365,2.11408,0.0852495,0,27.7264,999.9,58.1,30.1,24.7317,62.2572,20.4247,1,0.181214,0,20.4267,5.22088,11.98,4.96905,3.29558,9108.2,9999,9999,238.2,4.96999,1.8752,1.87126,1.87439,1.87425,1.87228,1.87363,1.87485,0,0,0,0,11111111,oooooooo,on,on,on,on,0,100,100,-2.537,0.11,-1.502449087,-0.002774575,7.27494E-07,-2.16226E-10,-0.06548879,-0.001584374,0.000939206,-5.31953E-06,23,2146,2,22,4.3,2.1,0.155029,4.99756,1.4978,2.28271,1.49902,2.38159,33.1099,15.1915,3,357.638,652.857,28.6476,29.677,30.0001,29.6087,29.6581,-1,40,10,-999.9,400,20,100.739,107.107
41,1785341528,5192.9,20260729 12:12:07,12:12:07,15,1785341520,0.000613281,0.613280942,1.61681063,413.6863226,294.3032955,29.65504966,41.68450923,0.024671277,3.10773512,0.024562983,0.015361555,261.4497279,30.23110012,29.26314194,4.083419718,40.93218923,1.639024396,4.004243182,2.444395321,-27.04568953,-56.73209286,-4.022738019,173.6492075,0.288052101,0.657133713,1.61681063,422.6873382,419.1466,-0.040054238,92.63309624,0.613280942,14.60108717,16.2250097,-0.017047344,96.79911854,0,0,1,0,52884.69729,1499.99871,1273.858885,0.849239987,0.174299969,9,0.5,0: Broadleaf,2,TRUE,1785341520,413.6863226,415.0297097,16.26604194,14.71500323,416.2003226,16.16304194,375.1036452,100.6635806,0.099985735,28.92453226,29.26314194,999.9,0,0,9999.197742,699.5786129,0.218638,-1.356465239,420.526129,421.2280323,1.580944194,415.0297097,14.71500323,1.640408065,1.481265806,14.34368387,12.77518065,1499.99871,0.692000419,0.307999581,30,28282.49032,1785341551,12:12:30,1785341548,1785341551,43,0.013,0.002,-2.514,0.103,413,15,0.46,0.06,-2.003378107,-0.080151788,2.136888384,1,1.511626098,1.398929686,0.211056988,0,1,2,1/2,2.63456,2.71265,0.0961565,0.0957272,0.088674,0.0826396,25337.6,25042.3,25507.2,25462.6,32122.7,31840.4,39184.8,38320,1.70215,2.11357,0.0728518,0,28.0823,999.9,57.1,30.1,24.3041,62.4672,20.8253,1,0.186801,0,20.4269,5.21744,11.98,4.9688,3.29575,9108.2,9999,9999,238.3,4.96997,1.8752,1.87124,1.87439,1.87425,1.87231,1.87363,1.87485,0,0,0,0,11111111,oooooooo,on,on,on,on,0,100,100,-2.514,0.103,-1.482786554,-0.002774575,7.27494E-07,-2.16226E-10,-0.06439171,-0.001584374,0.000939206,-5.31953E-06,23,2146,2,22,1.7,1.7,0.155029,4.99756,1.49902,2.28271,1.49902,2.32788,33.1545,15.1477,3,357.107,652.831,28.7448,29.7279,30.0005,29.646,29.6935,-1,40,10,-999.9,400,20,100.72,107.086
42,1785341648,5312.9,20260729 12:14:07,12:14:07,15,1785341640,0.000657299,0.657299217,1.427554973,410.7855161,308.8998397,31.12279581,41.38815272,0.02623744,3.10690657,0.026114964,0.016332809,261.4497279,30.31268855,29.36546452,4.107612615,40.84005144,1.644081661,4.025660113,2.463530954,-28.98689546,-58.41843878,-4.147420123,169.8969735,2.217467348,0.608498944,1.427554973,423.6487694,418.900103,0.128558563,92.62508334,0.657299217,15.16785979,16.44523217,0.026541876,96.55449901,0,0,1,0,52849.01164,1499.998065,1273.858307,0.849239967,0.174300043,9,0.5,0: Broadleaf,2,TRUE,1785341640,410.7855161,416.7055161,16.31783226,14.88170968,413.3005161,16.22483226,375.1160323,100.6536774,0.100003268,29.01669677,29.36546452,999.9,0,0,9996.36871,699.5823548,0.218638,-5.912730645,417.6258387,423.001,1.479871935,416.7055161,14.88170968,1.646854516,1.497900323,14.40429032,12.94471613,1499.998065,0.691999226,0.30800071,30,28282.47742,1785341672,12:14:31,1785341667,1785341672,44,0.014,-0.004,-2.515,0.093,418,15,0.29,0.06,-4.952097805,-15.66418348,2.463860992,0,1.594452439,-2.78102885,0.309299395,0,0,2,0/2,2.63439,2.71266,0.0960857,0.0961431,0.0895217,0.0840513,25334.7,25024.8,25502.7,25456.9,32086.6,31784.2,39177.5,38311.8,1.7015,2.11125,0.0720322,0,28.1725,999.9,57.5,30.2,24.6206,63.2472,21.23,1,0.194149,0,20.427,5.22043,11.98,4.96875,3.29542,9108.2,9999,9999,238.3,4.96999,1.87519,1.87126,1.87439,1.87426,1.87234,1.87363,1.87485,0,0,0,0,11111111,oooooooo,on,on,on,on,0,100,100,-2.515,0.093,-1.469973851,-0.002774575,7.27494E-07,-2.16226E-10,-0.062058311,-0.001584374,0.000939206,-5.31953E-06,23,2146,2,22,1.7,1.6,0.15625,4.99756,1.49902,2.28149,1.4978,2.32178,33.2216,15.1215,3,357.172,651.554,28.8343,29.8184,30.0002,29.7163,29.7571,-1,40,10,-999.9,400,20,100.701,107.063
43,1785341768,5432.9,20260729 12:16:07,12:16:07,15,1785341760,0.000648381,0.648381406,1.603319018,410.6202903,295.2439476,29.74453161,41.36819164,0.025506873,3.107124073,0.025391115,0.015879803,261.450702,30.26012898,29.30440323,4.093160446,39.70031521,1.593146879,4.012932569,2.500013567,-28.59362001,-57.36018276,-4.069664311,171.4272349,1.335207845,0.6956009,1.603319018,421.3518476,417.0460121,0.040793445,92.62481678,0.648381406,14.18620011,15.78368112,-0.006433136,96.54733368,0,0,1,0,52863.4921,1500.003548,1273.863085,0.849240047,0.174300056,9,0.5,0: Broadleaf,2,TRUE,1785341760,410.6202903,414.5092258,15.81356129,14.17097097,413.1002903,15.70956129,375.1031935,100.6456129,0.099997139,28.96197742,29.30440323,999.9,0,0,9998.170645,700.9716774,0.218638,-3.902731935,417.2106774,420.4677097,1.658292581,414.5092258,14.17097097,1.593145806,1.426245161,13.8926129,12.19939032,1500.003548,0.691999355,0.308000677,30,28282.57742,1785341790,12:16:29,1785341784,1785341790,45,0.03,0.007,-2.48,0.104,420,15,0.25,0.08,-4.115842927,-0.264137352,0.873005549,0,1.670168293,-0.339194425,0.079089756,0,0,2,0/2,2.63448,2.71254,0.0957844,0.0958683,0.0869247,0.081402,25339.8,25028.4,25499.5,25453,32175.2,31871.6,39172.6,38305.5,1.70107,2.11068,0.073798,0,28.1054,999.9,55.4,30.2,23.7222,62.7072,20.4647,1,0.198384,0,20.4272,5.22118,11.98,4.96935,3.29563,9108.2,9999,9999,238.4,4.96995,1.87518,1.87124,1.87438,1.8743,1.87232,1.87363,1.87485,0,0,0,0,11111111,oooooooo,on,on,on,on,0,100,100,-2.48,0.104,-1.456498394,-0.002774575,7.27494E-07,-2.16226E-10,-0.066563578,-0.001584374,0.000939206,-5.31953E-06,23,2146,2,22,1.7,1.6,0.15625,4.99756,1.4978,2.28271,1.4978,2.41089,33.244,15.1215,3,357.199,651.494,28.8285,29.8645,30.0002,29.7596,29.7954,-1,40,10,-999.9,400,20,100.689,107.046
44,1785341888,5552.9,20260729 12:18:07,12:18:07,15,1785341880,0.000637115,0.637115288,1.523023078,414.612,303.8516147,30.61085886,41.76916891,0.02540559,3.106680421,0.025290731,0.015816983,261.4505115,30.2499663,29.30268387,4.092754146,40.57273814,1.62692096,4.009887019,2.465833186,-28.09678422,-59.26080811,-4.204803139,169.8881161,1.788460908,0.615533679,1.523023078,426.6491231,421.8207697,0.11314206,92.62537107,0.637115288,14.70787563,16.21007902,0.000164955,96.56229995,0,0,1,0,52855.37343,1500.001935,1273.861713,0.849240046,0.174300116,9,0.5,0: Broadleaf,2,TRUE,1785341880,414.612,419.5155484,16.14925484,14.69620323,417.095,16.05425484,375.0960645,100.6428065,0.099981765,28.94886129,29.30268387,999.9,0,0,9996.407742,701.7673226,0.218638,-4.893240323,421.4450323,425.772871,1.492739032,419.5155484,14.69620323,1.629299677,1.479065484,14.23873226,12.75335484,1500.001935,0.691998452,0.308001548,30,28282.53226,1785341912,12:18:31,1785341912,1785341905,46,-0.004,-0.01,-2.483,0.095,417,15,0.41,0.12,-4.653506829,-5.294652753,0.691549295,0,1.515386829,-0.366843345,0.042253322,0,0,2,0/2,2.63416,2.71268,0.0965845,0.097053,0.0885769,0.0835351,25316.6,24994.4,25498.8,25451.8,32115.4,31795.6,39171.4,38303.7,1.70107,2.10935,0.0724718,0,28.1171,999.9,56.1,30.3,24.1594,62.6172,21.3341,1,0.199484,0,20.4232,5.22088,11.98,4.9692,3.2955,9108.2,9999,9999,238.4,4.96997,1.87517,1.87124,1.87439,1.87427,1.87229,1.87363,1.87485,0,0,0,0,11111111,oooooooo,on,on,on,on,0,100,100,-2.483,0.095,-1.426309753,-0.002774575,7.27494E-07,-2.16226E-10,-0.059937134,-0.001584374,0.000939206,-5.31953E-06,23,2146,2,22,1.7,1.6,0.155029,4.99756,1.49902,2.28149,1.4978,2.28638,33.2663,15.0602,3,357.325,650.616,28.8234,29.8799,30,29.7827,29.8184,-1,40,10,-999.9,400,20,100.686,107.04
45,1785342008,5672.9,20260729 12:20:07,12:20:07,15,1785342000,0.000621927,0.621927269,1.383677437,418.4752581,317.4381842,31.97673185,42.15457302,0.025635701,3.106592089,0.025518754,0.015959684,261.4499093,30.27107209,29.31302581,4.095198572,42.62494996,1.710930208,4.013917224,2.384268364,-27.42699256,-58.08458394,-4.122028991,171.8163038,2.430746764,0.63815611,1.383677437,427.1439248,426.5283636,-0.278622183,92.62578049,0.621927269,15.23086057,16.92878741,-0.022408476,96.57393211,0,0,1,0,52850.07931,1499.999355,1273.859461,0.849240006,0.174300015,9,0.5,0: Broadleaf,2,TRUE,1785342000,418.4752581,424.9475484,16.98468065,15.47968387,421.0272581,16.89168065,375.1406774,100.6337097,0.10001879,28.96621613,29.31302581,999.9,0,0,9996.904839,701.7066129,0.218638,-6.406004871,425.7960645,431.6297097,1.557940645,424.9475484,15.47968387,1.714561613,1.557780323,15.02884839,13.54524839,1499.999355,0.691999806,0.308000194,30,28282.51613,1785342029,12:20:29,1785342025,1785342029,47,-0.062,0,-2.552,0.093,419,15,0.3,0.05,-6.334648525,17.83099257,4.151687362,0,1.412881875,3.379039711,0.328512897,0,0,2,0/2,2.63435,2.71247,0.0973091,0.0968745,0.0913265,0.084548,25295.1,24998.6,25497.6,25451.1,32015.9,31759.6,39169.4,38302.9,1.7008,2.1095,0.071682,0,28.1389,999.9,57.4,30.3,24.7238,62.1672,20.4046,1,0.200239,0,20.4225,5.21879,11.98,4.9691,3.29548,9108.2,9999,9999,238.4,4.96998,1.87516,1.87125,1.87439,1.87429,1.87234,1.87363,1.87485,0,0,0,0,11111111,oooooooo,on,on,on,on,0,100,100,-2.552,0.093,-1.430368308,-0.002774575,7.27494E-07,-2.16226E-10,-0.069642838,-0.001584374,0.000939206,-5.31953E-06,23,2146,2,22,1.6,1.7,0.155029,4.99756,1.49902,2.28149,1.4978,2.38159,33.2887,15.0777,3,357.288,650.962,28.8124,29.8929,30.0002,29.8007,29.8377,-1,40,10,-999.9,400,20,100.681,107.038
46,1785342128,5792.9,20260729 12:22:07,12:22:07,15,1785342120,0.000570495,0.570495295,1.232422788,418.3630333,320.2898677,32.26395374,42.1432175,0.023628753,3.106629003,0.023529363,0.014714747,261.450013,30.21943094,29.23827,4.077557862,42.64235685,1.705266185,3.998996094,2.372291677,-25.15884249,-56.33902225,-3.995345859,175.9568024,0.96329586,0.547336188,1.232422788,424.1842271,424.6159939,-0.34720801,92.62502964,0.570495295,15.69950969,16.98055874,0.006258398,96.55341476,0,0,1,0,52862.2014,1499.999667,1273.859628,0.849239941,0.174300047,9,0.5,0: Broadleaf,2,TRUE,1785342120,418.3630333,421.2238,16.92847333,15.63742333,420.8520333,16.82547333,375.0928,100.6336667,0.09994061,28.90188667,29.23827,999.9,0,0,9997.079,701.7504667,0.218638,-2.918865067,425.5258,427.9155667,1.331942333,421.2238,15.63742333,1.707689,1.573651333,14.9665,13.70262,1499.999667,0.691999067,0.308000833,29.40833667,28282.52333,1785342149,12:22:28,1785342145,1785342149,48,0.056,0.005,-2.489,0.103,418,15,0.43,0.06,-2.627559196,11.47599715,2.894854842,0,1.345231951,0.384910662,0.139333815,0,0,2,0/2,2.63435,2.71271,0.096967,0.0961761,0.0915327,0.0850194,25303.3,25016.5,25496.2,25449.7,32006.6,31741.5,39167.1,38301.1,1.7006,2.10922,0.0757575,0,27.9936,999.9,57.6,30.4,24.9502,62.9172,20.597,1,0.200742,0,20.4218,5.21609,11.98,4.9677,3.29498,9108.2,9999,9999,238.4,4.96992,1.87517,1.87126,1.87439,1.87426,1.87233,1.87363,1.87485,0,0,0,0,11111111,oooooooo,on,on,on,on,0,100,100,-2.489,0.103,-1.492246371,-0.002774575,7.27494E-07,-2.16226E-10,-0.070003126,-0.001584374,0.000939206,-5.31953E-06,23,2146,2,22,1.7,1.6,0.155029,4.99756,1.4978,2.28149,1.49902,2.38647,33.3111,15.0602,3,357.246,650.833,28.7871,29.8997,30,29.811,29.847,-1,40,10,-999.9,400,20,100.675,107.033
47,1785342248,5912.9,20260729 12:24:07,12:24:07,15,1785342240,0.000572425,0.572425192,1.242289495,414.5942581,313.4159304,31.57305429,41.76560841,0.023020988,3.107633978,0.022926665,0.014337608,261.4502975,30.19993481,29.2332129,4.076366896,40.8650765,1.632429557,3.994681271,2.443937338,-25.24395097,-58.63316259,-4.156203729,173.4169803,1.309603835,0.551275298,1.242289495,421.9523841,421.1067455,-0.22029458,92.62545918,0.572425192,15.00196005,16.24096643,0.010868538,96.56505649,0,0,1,0,52889.03114,1500.00129,1273.861163,0.849240045,0.174300048,9,0.5,0: Broadleaf,2,TRUE,1785342240,414.5942581,418.2848387,16.20462258,14.90335484,417.0132581,16.09062258,375.1018065,100.6385484,0.099963061,28.88324516,29.2332129,999.9,0,0,10001.21935,701.6191935,0.218638,-3.753915452,421.3660645,424.6130323,1.31806871,418.2848387,14.90335484,1.632498065,1.499850645,14.26902581,12.96608065,1500.00129,0.691999452,0.308000581,29.11154839,28282.52581,1785342288,12:24:48,1785342269,1785342288,49,0.101,-0.007,-2.419,0.114,438,15,1.11,0.23,-3.11138839,-1.287157672,2.220967024,0,1.368110488,-0.966204669,0.162697551,0,0,2,0/2,2.6343,2.71253,0.096429,0.0963065,0.0886726,0.0831979,25321.1,25015.7,25498.8,25452.4,32111.2,31808.5,39170.5,38305.1,1.70117,2.10955,0.0779629,0,27.9633,999.9,56.3,30.4,24.3889,62.7672,21.0337,1,0.196517,0,20.4228,5.22073,11.98,4.96915,3.2956,9108.2,9999,9999,238.5,4.96997,1.87522,1.87124,1.87439,1.87428,1.87229,1.87363,1.87485,0,0,0,0,11111111,oooooooo,on,on,on,on,0,100,100,-2.419,0.114,-1.43615056,-0.002774575,7.27494E-07,-2.16226E-10,-0.064719539,-0.001584374,0.000939206,-5.31953E-06,23,2146,2,22,1.7,1.6,0.155029,4.99756,1.49902,2.28271,1.49902,2.31079,33.3335,15.0076,3,357.373,650.852,28.754,29.8619,29.9999,29.7827,29.824,-1,40,10,-999.9,400,20,100.684,107.044
48,1785342368,6032.9,20260729 12:26:07,12:26:07,15,1785342360,0.00051254,0.512539717,1.255776445,415.8108667,303.1694831,30.53821766,41.88456774,0.020518991,3.105286859,0.020443964,0.012784195,261.4505249,30.24052036,29.28983667,4.089719345,40.89908688,1.636149976,4.000456003,2.453569369,-22.60300153,-63.89231768,-4.534257903,170.4209478,0.964274811,0.50057397,1.255776445,424.8343826,422.2634848,-0.049328155,92.62552841,0.512539717,14.98462148,16.25416014,-0.005799839,96.56620453,0,0,1,0,52829.68829,1500.002,1273.861808,0.849240073,0.174300118,9,0.5,0: Broadleaf,2,TRUE,1785342360,415.8108667,418.6237667,16.24295,15.06146667,418.3178667,16.14395,375.1207,100.6298667,0.09998697,28.90819,29.28983667,999.9,0,0,9991.28,701.8053333,0.218638,-2.690382667,422.8122667,425.0254,1.207772,418.6237667,15.06146667,1.637169333,1.515632667,14.31318333,13.12666333,1500.002,0.691998533,0.3080015,29.13334,28282.55,1785342389,12:26:28,1785342384,1785342389,50,-0.117,0.006,-2.507,0.099,419,15,0.46,0.08,-2.595572927,-0.510149268,0.788021975,0,1.261392439,-0.468860279,0.11474903,0,0,2,0/2,2.63452,2.71257,0.0966164,0.0966598,0.0887578,0.0842772,25314.9,25004.8,25497.9,25451.3,32107,31769.4,39169,38303.4,1.70112,2.10865,0.0700131,0,28.1524,999.9,56.5,30.5,24.6172,62.4972,20.6971,1,0.198379,0,20.4247,5.22118,11.98,4.96915,3.2953,9108.2,9999,9999,238.5,4.96995,1.87519,1.87123,1.87439,1.87429,1.8723,1.87363,1.87485,0,0,0,0,11111111,oooooooo,on,on,on,on,0,100,100,-2.507,0.099,-1.335254786,-0.002774575,7.27494E-07,-2.16226E-10,-0.071535293,-0.001584374,0.000939206,-5.31953E-06,23,2146,2,22,1.6,1.3,0.155029,4.99756,1.4978,2.28149,1.4978,2.39014,33.4232,15.0164,3,357.377,650.159,28.7765,29.8738,30.0002,29.7878,29.8311,-1,40,10,-999.9,400,20,100.681,107.039
49,1785342488,6152.9,20260729 12:28:07,12:28:07,15,1785342480,0.000474244,0.474244035,1.315408643,410.7142581,281.9777735,28.40260674,41.36976972,0.018441864,3.107073202,0.018381269,0.011493721,261.449766,30.29859892,29.35099355,4.104183567,39.35055998,1.578712852,4.011919659,2.525470715,-20.91416195,-65.89407344,-4.676195078,169.9653356,2.122387646,0.479735231,1.315408643,424.6775841,418.6683152,0.2837208,92.62489159,0.474244035,14.56999397,15.68971748,2.52546E-05,96.5495865,0,0,1,0,52862.65651,1499.998387,1273.858649,0.849240013,0.174300031,9,0.5,0: Broadleaf,2,TRUE,1785342480,410.7142581,416.2791613,15.67327742,14.54030645,413.2172581,15.55927742,375.1151613,100.6264194,0.099983265,28.95761613,29.35099355,999.9,0,0,9999.843548,701.8872903,0.218638,-5.551614516,417.2684516,422.4213226,1.135636903,416.2791613,14.54030645,1.577414516,1.46314,13.73991935,12.58782903,1499.998387,0.691999581,0.308000419,29.89380968,28282.48387,1785342510,12:28:29,1785342509,1785342510,51,-0.001,0.004,-2.503,0.114,417,16,0.59,0.35,-4.924599512,-15.72725101,1.606202844,0,1.154936683,-0.868826613,0.116050791,0,0,2,0/2,2.6344,2.71264,0.0960632,0.0965493,0.0865389,0.0834963,25325.1,25002.2,25492.8,25445.7,32179.5,31789.8,39161.1,38295.1,1.70028,2.10743,0.0669211,0,28.2678,999.9,55.2,30.5,24.0511,61.6572,20.5369,1,0.204456,0,20.4249,5.22028,11.98,4.9687,3.2954,9108.2,9999,9999,238.5,4.96997,1.8752,1.87123,1.87439,1.87428,1.87231,1.87363,1.87485,0,0,0,0,11111111,oooooooo,on,on,on,on,0,100,100,-2.503,0.114,-1.452397144,-0.002774575,7.27494E-07,-2.16226E-10,-0.066013545,-0.001584374,0.000939206,-5.31953E-06,23,2146,2,22,1.7,1.6,0.15625,4.99756,1.4978,2.28149,1.4978,2.42188,33.4906,14.9901,3,357.227,649.622,28.8111,29.937,30.0002,29.8369,29.8767,-1,40,10,-999.9,400,20,100.66,107.016
50,1785342608,6272.9,20260729 12:30:07,12:30:07,15,1785342600,0.000490945,0.490945439,1.247357706,418.2139677,300.8533442,30.30397241,42.12532381,0.019469739,3.106683841,0.019402205,0.012132426,261.4495211,30.40096724,29.45540323,4.128980594,40.95897918,1.653390219,4.036697819,2.475590375,-21.65069386,-65.55030059,-4.657252981,169.5912737,0.146818331,0.497668666,1.247357706,423.6993794,423.4033091,-0.277372684,92.62686688,0.490945439,15.07324891,16.35596294,-0.012025918,96.60430815,0,0,1,0,52834.95692,1499.998065,1273.8583,0.849239962,0.174299906,9,0.5,0: Broadleaf,2,TRUE,1785342600,418.2139677,419.0656129,16.4146129,15.24013871,420.7729677,16.2716129,375.1037419,100.6267419,0.099984232,29.06402903,29.45540323,999.9,0,0,9998.019355,701.3572581,0.218638,-0.800745271,425.2429355,425.5511935,1.169734581,419.0656129,15.24013871,1.651271613,1.533565484,14.44577097,13.30622903,1499.998065,0.692001258,0.307998742,30,28282.5129,1785342638,12:30:37,1785342638,1785342630,52,-0.036,0.009,-2.559,0.143,424,17,0.78,0.21,0.106125941,-10.97660628,2.095874271,0,1.147760707,1.036489233,0.147561612,0,0,2,0/2,2.63429,2.71264,0.0967889,0.0966642,0.0890695,0.0844882,25301.6,24995.6,25489.9,25442.5,32086.1,31751.4,39156.9,38290.6,1.69977,2.10632,0.070475,0,28.3262,999.9,56.7,30.6,24.8456,62.1372,20.6611,1,0.208844,0,20.424,5.22073,11.98,4.96875,3.29535,9108.2,9999,9999,238.6,4.96995,1.87521,1.87127,1.87439,1.87435,1.87238,1.87363,1.87485,0,0,0,0,11111111,oooooooo,on,on,on,on,0,100,100,-2.559,0.143,-1.453354039,-0.002774575,7.27494E-07,-2.16226E-10,-0.061712102,-0.001584374,0.000939206,-5.31953E-06,23,2146,2,22,1.6,1.6,0.15625,4.99756,1.49902,2.28149,1.49902,2.39868,33.6029,14.9638,3,357.311,649.308,28.8976,30.0101,30.0003,29.8975,29.9325,-1,40,10,-999.9,400,20,100.649,107.003
51,1785342728,6392.9,20260729 12:32:07,12:32:07,15,1785342720,0.000379359,0.379358571,1.155898205,442.9404839,313.6979337,31.59962873,44.61857518,0.01612625,3.107872684,0.016079907,0.010054095,261.4501596,30.49840103,29.4871871,4.136555065,45.16059899,1.830448342,4.05319766,2.306106724,-16.72971299,-59.08086744,-4.198134366,181.4414448,5.114031157,0.311524812,1.155898205,468.7817078,457.3647818,0.86920742,92.62778309,0.379358571,17.57857033,18.31249091,0.015472427,96.63083471,0,0,1,0,52850.47739,1500.00129,1273.86107,0.849239983,0.174299956,9,0.5,0: Broadleaf,2,TRUE,1785342720,442.9404839,455.5415161,18.17134839,17.43749677,445.5694839,18.03134839,375.1134194,100.6326774,0.099987142,29.13457419,29.4871871,999.9,0,0,10002.90161,700.7258065,0.218638,-12.5720429,451.1922903,463.6267097,0.786999581,455.5415161,17.43749677,1.833979032,1.754782581,16.07941935,15.38922903,1500.00129,0.692000581,0.307999419,30,28282.56774,1785342755,12:32:34,1785342750,1785342755,53,-0.001,-0.021,-2.629,0.14,454,17,0.75,0.33,-11.831795,-19.78995332,3.270715087,0,0.799181825,-0.750907621,0.103763053,0,0,2,0/2,2.63436,2.71257,0.102472,0.10287,0.0965532,0.0943511,25140.3,24822.8,25488,25441.6,31818.1,31405.8,39154.4,38288.7,1.69945,2.1038,0.0848174,0,28.116,999.9,61.4,30.7,27.059,62.1972,20.649,1,0.211441,0,20.4248,5.21729,11.98,4.96775,3.29558,9108.2,9999,9999,238.6,4.96996,1.87521,1.8713,1.87439,1.87433,1.87238,1.87363,1.87485,0,0,0,0,11111111,oooooooo,on,on,on,on,0,100,100,-2.629,0.14,-1.489104142,-0.002774575,7.27494E-07,-2.16226E-10,-0.052467432,-0.001584374,0.000939206,-5.31953E-06,23,2146,2,22,1.5,1.6,0.15625,4.99756,1.4978,2.28149,1.4978,2.38647,33.7155,14.9376,3,357.409,647.649,28.9855,30.0585,29.9999,29.945,29.9773,-1,40,10,-999.9,400,20,100.642,106.998
52,1785342848,6513,20260729 12:34:07,12:34:07,15,1785342840,0.000433435,0.433435234,1.031208458,416.0991,304.8598333,30.71160378,41.91785633,0.017124374,3.108324811,0.017072135,0.010674764,261.4494844,30.54332734,29.54453667,4.150252794,40.97592535,1.666455824,4.066914437,2.483796971,-19.11449382,-58.90408371,-4.187368883,179.243538,-0.278072012,0.48213762,1.031208458,422.1080622,421.3999455,-0.182550627,92.62574698,0.433435234,15.46979875,16.50844406,-0.001542213,96.57311918,0,0,1,0,52850.95777,1499.997667,1273.857897,0.849239919,0.174299927,9,0.5,0: Broadleaf,2,TRUE,1785342840,416.0991,415.9132667,16.54213333,15.40450333,418.4731,16.42513333,375.1183,100.6401,0.0999793,29.19303,29.54453667,999.9,0,0,10004.245,701.1569667,0.218638,0.020178033,422.9354667,422.4204,1.151142667,415.9132667,15.40450333,1.666162333,1.550311,14.58466,13.47343,1499.997667,0.692000767,0.307999167,30,28282.49333,1785342876,12:34:35,1785342876,1785342873,54,0.174,0.003,-2.374,0.117,422,16,0.6,0.21,-0.053490825,-2.291258528,1.465265861,0,1.117353925,0.041599036,0.122216564,1,1,2,1/2,2.63359,2.7126,0.0964255,0.0958179,0.089738,0.0861903,25310.1,25016.5,25488.4,25440.1,32060.3,31689.1,39154.4,38287.4,1.69905,2.10468,0.0768527,0,28.2907,999.9,57.6,30.8,25.5258,63.0345,21.4303,1,0.211484,0,20.4247,5.21789,11.98,4.9682,3.2956,9108.2,9999,9999,238.7,4.96995,1.87522,1.87128,1.87439,1.87431,1.87236,1.87363,1.87485,0,0,0,0,11111111,oooooooo,on,on,on,on,0,100,100,-2.374,0.117,-1.490196511,-0.002774575,7.27494E-07,-2.16226E-10,-0.073277752,-0.001584374,0.000939206,-5.31953E-06,23,2146,2,22,1.6,1.6,0.155029,4.99756,1.4978,2.28027,1.4978,2.3938,33.8283,14.9551,3,357.255,648.559,29.0477,30.0533,30.0003,29.9528,29.9917,-1,40,10,-999.9,400,20,100.643,106.993
53,1785342968,6633,20260729 12:36:07,12:36:07,15,1785342960,0.000403024,0.403024058,1.112496792,440.6040968,317.2568593,31.96153859,44.38796019,0.016453046,3.109707939,0.016404837,0.010257343,261.4503775,30.5588197,29.52945161,4.146645959,42.86141372,1.744002034,4.068932595,2.402643926,-17.77336096,-54.96180719,-3.905256759,184.8099526,-1.928061561,0.550045973,1.112496792,441.4814313,444.3052485,-0.559990824,92.62717982,0.403024058,15.98667826,17.1504958,-0.02069267,96.61275095,0,0,1,0,52881.78443,1500.00129,1273.86127,0.849240116,0.174300102,9,0.5,0: Broadleaf,2,TRUE,1785342960,440.6040968,436.5594194,17.31132581,16.01439677,443.2250968,17.17732581,375.0949677,100.6434516,0.099960713,29.20161613,29.52945161,999.9,0,0,10010.27903,701.1557742,0.218638,4.244064968,448.5775806,443.6644194,1.315337742,436.5594194,16.01439677,1.744125806,1.611745161,15.29446129,14.07152903,1500.00129,0.691998935,0.308001161,30,28282.52258,1785342992,12:36:31,1785342992,1785342984,55,-0.214,-0.003,-2.621,0.134,434,17,0.84,0.28,4.47045835,-10.3993134,1.429535714,0,1.340588,-1.043884503,0.111775113,0,0,2,0/2,2.63394,2.71278,0.100258,0.0995659,0.0921787,0.0885035,25202.1,24913.4,25487.8,25440.7,31973.1,31608.7,39153.6,38287.4,1.69937,2.10405,0.0839978,0,28.143,999.9,58.9,30.8,26.1026,62.6145,21.5425,1,0.210988,0,20.4251,5.22058,11.98,4.96905,3.29553,9108.2,9999,9999,238.7,4.96999,1.87526,1.87131,1.87439,1.87432,1.87241,1.87363,1.87485,0,0,0,0,11111111,oooooooo,on,on,on,on,0,100,100,-2.621,0.134,-1.315931023,-0.002774575,7.27494E-07,-2.16226E-10,-0.070542234,-0.001584374,0.000939206,-5.31953E-06,23,2146,2,22,1.5,1.6,0.155029,4.99756,1.4978,2.28149,1.4978,2.40967,33.8735,14.9376,3,357.448,648.066,29.064,30.0612,29.9999,29.959,29.9954,-1,40,10,-999.9,400,20,100.641,106.995
54,1785343088,6753,20260729 12:38:07,12:38:07,15,1785343080,0.000419806,0.419806473,1.089390794,417.1782581,295.9808326,29.81761889,42.02725629,0.016398969,3.107078084,0.016351036,0.010223692,261.4504716,30.51170027,29.49608065,4.138676671,40.06769747,1.626177434,4.058574703,2.512499237,-18.51346544,-56.71361437,-4.031590593,182.1918012,-0.285455847,0.477644725,1.089390794,422.8720866,422.0080364,-0.180987001,92.62827203,0.419806473,14.95836714,16.0944021,-0.014053196,96.64502549,0,0,1,0,52828.12744,1500.002581,1273.8622,0.849240006,0.174300015,9,0.5,0: Broadleaf,2,TRUE,1785343080,417.1782581,416.9714516,16.14204516,15.01450968,419.6012581,16.05104516,375.1022581,100.6417419,0.099980523,29.15750968,29.49608065,999.9,0,0,9998.343548,701.5999355,0.218638,0.047554271,423.8741613,423.3275484,1.157786774,416.9714516,15.01450968,1.627607742,1.511084839,14.22262581,13.08068387,1500.002581,0.691999806,0.308000194,30,28282.58065,1785343107,12:38:27,1785343103,1785343107,56,0.156,0.002,-2.423,0.091,417,15,0.57,0.11,1.23931606,-17.2793135,2.218076622,0,1.29530475,-1.988293621,0.225115025,0,0,2,0/2,2.6344,2.7126,0.0965794,0.096075,0.0881193,0.0844026,25308.7,25012,25491.2,25442.6,32121.1,31754.4,39158.3,38290.7,1.69965,2.10535,0.0852272,0,28.1153,999.9,56.8,30.9,25.3161,62.1045,20.605,1,0.206827,0,20.4248,5.21744,11.98,4.96915,3.29563,9108.2,9999,9999,238.7,4.96996,1.87523,1.87131,1.87439,1.87434,1.87237,1.87363,1.87485,0,0,0,0,11111111,oooooooo,on,on,on,on,0,100,100,-2.423,0.091,-1.530111958,-0.002774575,7.27494E-07,-2.16226E-10,-0.073288206,-0.001584374,0.000939206,-5.31953E-06,23,2146,2,22,1.6,1.7,0.155029,4.99756,1.49902,2.28149,1.49902,2.32788,33.9187,14.885,3,357.395,648.861,29.0302,30.0103,30.0001,29.9243,29.9671,-1,40,10,-999.9,400,20,100.654,107.003
55,1785343208,6873,20260729 12:40:07,12:40:07,15,1785343200,0.000392577,0.392577287,1.039404764,412.5441333,286.1959192,28.83183935,41.56036261,0.014933329,3.106250965,0.01489356,0.009312039,261.4502062,30.41456776,29.39807,4.115347983,38.03431469,1.534373724,4.034182649,2.580974259,-17.31265834,-57.74444792,-4.101843183,182.2912568,1.177978516,0.376071959,1.039404764,422.4739742,419.2036182,0.074835896,92.62809441,0.392577287,14.33275904,15.25954406,7.29325E-05,96.63980185,0,0,1,0,52827.06121,1500.001333,1273.861161,0.849240019,0.174299983,9,0.5,0: Broadleaf,2,TRUE,1785343200,412.5441333,415.7427,15.23078333,14.34221667,414.9781333,15.13878333,375.1093667,100.6416333,0.099982533,29.05325333,29.39807,999.9,0,0,9994.548,702.8743667,0.218638,-3.179953333,418.9475,421.7921667,0.8978441,415.7427,14.34221667,1.533784333,1.443424667,13.30918333,12.38165,1500.001333,0.692000333,0.3079997,29.77639333,28282.55667,1785343230,12:40:29,1785343226,1785343230,57,-0.009,0.008,-2.434,0.092,418,14,0.55,0.16,-3.370549,1.766115422,0.522372884,0,0.911923175,-0.236268552,0.041071271,0,0,2,0/2,2.6341,2.71267,0.0961409,0.0959562,0.0848206,0.081589,25319.3,25013.2,25489.4,25440.4,32235.9,31849.7,39155.1,38287.2,1.6996,2.1051,0.0787973,0,28.1022,999.9,54,30.9,24.0663,62.6445,21.262,1,0.207325,0,20.4237,5.21714,11.98,4.96575,3.29515,9108.2,9999,9999,238.8,4.96999,1.87525,1.87128,1.87439,1.87434,1.87237,1.87363,1.87485,0,0,0,0,11111111,oooooooo,on,on,on,on,0,100,100,-2.434,0.092,-1.373833619,-0.002774575,7.27494E-07,-2.16226E-10,-0.071535426,-0.001584374,0.000939206,-5.31953E-06,23,2146,2,22,1.8,1.7,0.155029,4.99756,1.4978,2.28027,1.4978,2.39746,33.9187,14.885,3,357.296,648.502,28.9495,29.9896,29.9999,29.9105,29.9541,-1,40,10,-999.9,400,20,100.646,106.994
56,1785343328,6993,20260729 12:42:07,12:42:07,15,1785343320,0.000358174,0.358173601,0.990587566,414.6696774,286.5410089,28.86654347,41.7744054,0.013967862,3.106288141,0.013933063,0.008711283,261.4492492,30.4213681,29.41337742,4.118983914,39.73412499,1.602795084,4.033799874,2.51618883,-15.79545581,-60.58333108,-4.303742146,180.7667201,1.821978819,0.344459532,0.990587566,426.8779515,422.7735697,0.170974619,92.62821332,0.358173601,15.18425559,15.96204266,0.006576912,96.64292419,0,0,1,0,52828.21091,1499.994839,1273.855676,0.84924004,0.174300099,9,0.5,0: Broadleaf,2,TRUE,1785343320,414.6696774,419.3839355,15.90999355,15.09666774,417.1386774,15.81599355,375.1033871,100.6414194,0.099984406,29.0516129,29.41337742,999.9,0,0,9994.740323,702.4567419,0.218638,-4.674830323,421.4273871,425.8124516,0.845049097,419.3839355,15.09666774,1.604396129,1.519349677,14.00109032,13.16402258,1499.994839,0.691998677,0.308001323,30,28282.3871,1785343347,12:42:26,1785343345,1785343347,58,-0.029,-0.006,-2.469,0.094,418,15,0.28,0.2,-3.7230331,-16.67218729,2.133377985,0,0.856332575,-0.69360224,0.101833799,0,0,2,0/2,2.63432,2.71265,0.0967247,0.0967085,0.0875813,0.0848338,25304,24993.8,25490.3,25441.7,32138.8,31738,39156.6,38289,1.69993,2.10488,0.0801608,0,28.1228,999.9,55.2,31,24.7456,62.4645,21.1899,1,0.204942,0,20.4247,5.21804,11.98,4.96875,3.29523,9108.2,9999,9999,238.8,4.97,1.87527,1.8713,1.8744,1.87433,1.87236,1.87363,1.87485,0,0,0,0,11111111,oooooooo,on,on,on,on,0,100,100,-2.469,0.094,-1.383027296,-0.002774575,7.27494E-07,-2.16226E-10,-0.063108591,-0.001584374,0.000939206,-5.31953E-06,23,2146,2,22,1.7,1.6,0.155029,4.99756,1.49902,2.28027,1.49902,2.37549,33.8961,14.8588,3,357.334,648.079,28.9126,29.9652,29.9999,29.8882,29.9337,-1,40,10,-999.9,400,20,100.649,106.999
57,1785343448,7113,20260729 12:44:07,12:44:07,15,1785343440,0.000297945,0.297945368,0.94458088,426.7082581,285.8900215,28.80012354,42.98593733,0.011960521,3.107364086,0.011935004,0.007461665,261.4498421,30.43845716,29.42744194,4.122327089,41.63942785,1.679916037,4.034435926,2.442411053,-13.13939072,-62.50382413,-4.439003426,181.3676238,2.941871198,0.090794152,0.94458088,442.6755663,436.6979455,0.371385987,92.62794065,0.297945368,16.55817159,16.92723566,0.032338659,96.63470636,0,0,1,0,52852.77465,1500.000323,1273.860188,0.849239943,0.174299857,9,0.5,0: Broadleaf,2,TRUE,1785343440,426.7082581,433.8596452,16.6760129,16.46180323,429.1932581,16.5500129,375.1093871,100.6384839,0.099986787,29.05433871,29.42744194,999.9,0,0,9999.983548,702.1736452,0.218638,-7.152574516,433.9488387,441.1216452,0.225714739,433.8596452,16.46180323,1.679405806,1.656689677,14.70682903,14.49613871,1500.000323,0.692001903,0.307998097,30,28282.55484,1785343467,12:44:26,1785343466,1785343467,59,0.015,-0.001,-2.485,0.126,433,16,0.3,0.39,-7.522769024,2.798043972,1.130914956,0,0.186377276,0.694627516,0.075865867,0,0,2,0/2,2.63427,2.71259,0.099078,0.0996679,0.0914099,0.0907264,25238.1,24913.2,25490.4,25443,32002.7,31533.7,39156.6,38290.6,1.69982,2.1033,0.0782236,0,28.1387,999.9,57.2,31,25.641,61.9545,20.7212,1,0.204271,0,20.4206,5.22088,11.98,4.96885,3.29548,9108.2,9999,9999,238.8,4.97001,1.87528,1.87128,1.87439,1.87435,1.87239,1.87363,1.87485,0,0,0,0,11111111,oooooooo,on,on,on,on,0,100,100,-2.485,0.126,-1.412148317,-0.002774575,7.27494E-07,-2.16226E-10,-0.069435199,-0.001584374,0.000939206,-5.31953E-06,23,2146,2,22,1.7,1.7,0.155029,4.99756,1.49902,2.28027,1.49902,2.31323,33.8961,14.8062,3,357.265,646.674,28.9171,29.96,29.9999,29.8845,29.9286,-1,40,10,-999.9,400,20,100.65,107.004
58,1785343568,7233,20260729 12:46:07,12:46:07,15,1785343560,0.000329152,0.32915194,0.723659772,438.240129,338.6380517,34.11819865,44.15323,0.013707362,3.10858858,0.013673871,0.008549172,261.450245,30.32020086,29.26544839,4.083963678,43.1221911,1.728680424,4.008795426,2.355283253,-14.51560056,-53.84511827,-3.817396837,189.2721293,1.044932069,0.326159272,0.723659772,443.0266034,445.5420303,-0.43253554,92.63646852,0.32915194,16.27127939,17.12098182,-0.007098048,96.93205614,0,0,1,0,52900.91614,1500.000968,1273.860928,0.849240071,0.174300051,9,0.5,0: Broadleaf,2,TRUE,1785343560,438.240129,441.090129,17.15790968,16.38879677,440.766129,17.04190968,375.1162581,100.6512581,0.099967284,28.94415806,29.26544839,999.9,0,0,10004.35,701.5868387,0.218638,-2.821029065,445.9349677,448.4405161,0.801831839,441.090129,16.38879677,1.730256774,1.64955129,15.17056129,14.42786452,1500.000968,0.691999516,0.308000548,30,28282.54839,1785343590,12:46:30,1785343590,1785343585,60,-0.041,-0.002,-2.526,0.116,434,16,0.83,0.08,-3.187351775,31.26117898,4.273145528,0,0.717523525,2.693851441,0.272732522,0,0,2,0/2,2.6343,2.71246,0.100516,0.0994333,0.0920554,0.0872969,25203.1,24925.4,25495.4,25448.6,31985.8,31660,39164,38298.4,1.70042,2.10615,0.0910386,0,27.7661,999.9,57.7,31,25.862,62.7345,20.617,1,0.196573,0,20.4186,5.21744,11.98,4.96935,3.29565,9108.2,9999,9999,238.8,4.97,1.87519,1.87133,1.87439,1.87436,1.87236,1.87363,1.87485,0,0,0,0,11111111,oooooooo,on,on,on,on,0,100,100,-2.526,0.116,-1.397042127,-0.002774575,7.27494E-07,-2.16226E-10,-0.070733189,-0.001584374,0.000939206,-5.31953E-06,23,2146,2,22,1.7,1.7,0.155029,4.99756,1.49902,2.28027,1.4978,2.27295,33.8961,14.78,3,357.238,648.413,28.854,29.8944,29.9996,29.8252,29.8662,-1,40,10,-999.9,400,20,100.669,107.026
59,1785343688,7353,20260729 12:48:07,12:48:07,15,1785343680,0.000289509,0.289509452,1.185431225,427.4824333,255.6720558,25.75976095,43.07019497,0.011982288,3.108336777,0.011956685,0.007475224,261.4500014,30.15170738,29.06085667,4.035957211,41.97613315,1.665427143,3.967557318,2.370530068,-12.76736685,-49.46862776,-3.500738385,195.7132684,-1.24122467,0.353738582,1.185431225,431.576007,431.5155636,-0.28571533,92.6281881,0.289509452,15.61606431,16.44792937,-0.014389276,96.64275539,0,0,1,0,52926.36844,1500.001,1273.860507,0.849239772,0.174299885,9,0.5,0: Broadleaf,2,TRUE,1785343680,427.4824333,424.8671333,16.52978,15.69507,429.9954333,16.40178,375.103,100.6531667,0.099967533,28.76565667,29.06085667,999.9,0,0,10003.00133,701.2663333,0.218638,2.614844367,434.6683333,431.6419,0.837536333,424.8671333,15.69507,1.66406,1.579759333,14.5651,13.76267333,1500.001,0.692000833,0.307998933,29,28282.55,1785343713,12:48:33,1785343713,1785343707,61,0.001,0.007,-2.513,0.128,426,16,0.65,0.08,2.190882501,3.338749683,2.648219199,0,0.8812266,-0.551669291,0.06889455,0,0,2,0/2,2.63447,2.71264,0.0982602,0.0981744,0.0895644,0.0877402,25275.6,24968.5,25504.2,25456.5,32084.8,31653.9,39176.9,38309.8,1.7019,2.10765,0.0983477,0,27.445,999.9,57,31,25.5466,62.8545,21.1218,1,0.183681,0,20.4255,5.22118,11.98,4.969,3.29542,9108.2,9999,9999,238.9,4.96996,1.8752,1.87132,1.8744,1.8743,1.87235,1.87363,1.87486,0,0,0,0,11111111,oooooooo,on,on,on,on,0,100,100,-2.513,0.128,-1.437731044,-0.002774575,7.27494E-07,-2.16226E-10,-0.072377997,-0.001584374,0.000939206,-5.31953E-06,23,2146,2,22,1.6,1.7,0.155029,4.99756,1.49902,2.28027,1.49902,2.34741,33.8283,14.7712,3,357.278,648.421,28.6885,29.7452,29.9996,29.6996,29.7529,-1,40,10,-999.9,400,20,100.703,107.059
60,1785343808,7473,20260729 12:50:07,12:50:07,15,1785343800,0.000251662,0.251662445,0.99865769,440.8952667,276.7920426,27.88566962,44.41840029,0.01063465,3.107486841,0.010614472,0.006635855,261.4503766,30.07473792,28.96379333,4.013354381,42.87025832,1.692371645,3.947659079,2.320982737,-11.09831381,-47.72059865,-3.374876211,199.256588,3.062758067,0.147769345,0.99865769,455.7026027,450.7097879,0.258127585,92.62758183,0.251662445,16.48909109,16.91976783,0.015771165,96.62440626,0,0,1,0,52921.56937,1500.002333,1273.861931,0.849239966,0.17429998,9,0.5,0: Broadleaf,2,TRUE,1785343800,440.8952667,448.4003333,16.79841333,16.44981333,443.3802667,16.65541333,375.0956667,100.6459333,0.099988993,28.67894667,28.96379333,999.9,0,0,9999.808333,700.7853333,0.218638,-7.562589,448.3704333,455.8998,0.3501697,448.4003333,16.44981333,1.690849667,1.655605,14.81253667,14.48615333,1500.002333,0.692000167,0.3079998,29,28282.55333,1785343833,12:50:32,1785343833,1785343826,62,0.094,-0.002,-2.485,0.143,459,17,0.28,0.32,-8.03583575,12.54782645,2.818530108,0,0.449237725,-1.325327178,0.160394867,0,0,2,0/2,2.63465,2.71252,0.101546,0.10235,0.0914223,0.0906298,25191.8,24862.5,25511.9,25465.9,32027.7,31564.2,39188,38323.1,1.70355,2.10928,0.106253,0,27.2085,999.9,58.2,31,26.0882,63.0944,21.6426,1,0.169499,0,20.4214,5.21729,11.98,4.96915,3.29548,9108.2,9999,9999,238.9,4.97001,1.87518,1.87134,1.87439,1.87433,1.87237,1.87363,1.87485,0,0,0,0,11111111,oooooooo,on,on,on,on,0,100,100,-2.485,0.143,-1.436707344,-0.002774575,7.27494E-07,-2.16226E-10,-0.064998675,-0.001584374,0.000939206,-5.31953E-06,23,2146,2,22,1.6,1.7,0.155029,4.99756,1.49902,2.28027,1.49902,2.40356,33.7832,14.7625,3,357.272,648.186,28.5927,29.5804,29.9995,29.5504,29.609,-1,40,10,-999.9,400,20,100.732,107.097
61,1785343928,7593,20260729 12:52:07,12:52:07,15,1785343920,0.000223643,0.223643045,0.875211254,445.7121613,286.543418,28.86653572,44.90127923,0.009635119,3.104359461,0.009618536,0.006013072,261.4504552,29.89022676,28.73629032,3.960808547,43.14081935,1.684090159,3.903704623,2.276718388,-9.862658281,-41.88104768,-2.958687368,206.7480619,-0.209587562,0.233481285,0.875211254,453.2186713,451.8307939,-0.075339969,92.62774677,0.223643045,16.27367525,16.74729301,0.005224414,96.62962604,0,0,1,0,52882.21188,1500.002258,1273.861905,0.849239991,0.174300041,9,0.5,0: Broadleaf,2,TRUE,1785343920,445.7121613,445.4589677,16.71710645,16.16624839,448.2281613,16.58610645,375.0881613,100.6405806,0.099949065,28.48604839,28.73629032,999.9,0,0,9985.949677,700.2772581,0.218638,0.309169581,453.3514516,452.7789355,0.560855387,445.4589677,16.16624839,1.683423871,1.626979677,14.74440968,14.21585806,1500.002258,0.691999355,0.308000613,29,28282.56129,1785343953,12:52:32,1785343953,1785343951,63,-0.068,0.002,-2.516,0.131,439,16,0.76,0.3,1.727796175,-31.9385913,3.320537266,0,0.633650425,-2.251789497,0.221719086,0,0,2,0/2,2.63491,2.71243,0.101747,0.101618,0.0908022,0.0904523,25198.8,24894.8,25523.8,25477.4,32063.8,31584.1,39205.5,38339.7,1.7053,2.11285,0.108168,0,26.9561,999.9,58.4,31,26.1785,61.9244,20.8654,1,0.151608,0,20.422,5.21879,11.98,4.96875,3.29525,9108.2,9999,9999,238.9,4.97,1.87517,1.87131,1.87439,1.87433,1.87239,1.87363,1.87485,0,0,0,0,11111111,oooooooo,on,on,on,on,0,100,100,-2.516,0.131,-1.343025913,-0.002774575,7.27494E-07,-2.16226E-10,-0.066819894,-0.001584374,0.000939206,-5.31953E-06,23,2146,2,22,1.6,1.7,0.155029,4.99756,1.49902,2.28027,1.49902,2.32056,33.693,14.7012,3,357.073,649.142,28.429,29.3694,29.9994,29.3573,29.4235,-1,40,10,-999.9,400,20,100.778,107.144
62,1785344048,7713,20260729 12:54:07,12:54:07,15,1785344040,0.000245395,0.245394767,0.785525934,416.9847097,279.9818014,28.20362208,42.00444138,0.010188396,3.108247096,0.010169879,0.006357835,261.4495594,29.762818,28.62941935,3.936332635,40.55580355,1.57212886,3.876458416,2.364203775,-10.82190924,-44.22166207,-3.116605527,203.2893825,0.068514642,0.295959364,0.785525934,425.4352444,422.9678061,0.055909065,92.62544481,0.245394767,14.98303642,15.5703014,-0.00074117,96.56467982,0,0,1,0,52994.1259,1499.997742,1273.858139,0.849240038,0.174299969,9,0.5,0: Broadleaf,2,TRUE,1785344040,416.9847097,417.4451935,15.60677097,14.90776129,419.3667097,15.48477097,375.1111935,100.6338065,0.099962439,28.36552258,28.62941935,999.9,0,0,10004.5129,699.5697742,0.218638,-0.541042903,423.5113871,423.7625806,0.693184548,417.4451935,14.90776129,1.569982581,1.500223548,13.66723226,12.97025161,1499.997742,0.692000613,0.307999452,29,28282.48387,1785344065,12:54:24,1785344064,1785344065,64,0.1,0.009,-2.382,0.122,428,16,0.32,0.18,0.48839975,-23.08814839,2.326555625,0,0.77607255,-1.634634867,0.15795301,0,0,2,0/2,2.63522,2.71264,0.0969464,0.0967028,0.0861715,0.0843803,25342.1,25039.4,25531.8,25485.4,32238.2,31805.8,39217.1,38351,1.70695,2.11698,0.10559,0,26.9071,999.9,55.8,31,25.015,62.2844,21.1378,1,0.138943,0,20.4223,5.22193,11.98,4.96785,3.29588,9108.2,9999,9999,239,4.96994,1.87518,1.8713,1.87439,1.8743,1.87234,1.87363,1.87485,0,0,0,0,11111111,oooooooo,on,on,on,on,0,100,100,-2.382,0.122,-1.411006283,-0.002774575,7.27494E-07,-2.16226E-10,-0.064740208,-0.001584374,0.000939206,-5.31953E-06,23,2146,2,22,1.6,1.6,0.155029,4.99756,1.49902,2.28027,1.49902,2.36572,33.6254,14.6924,3,356.895,650.704,28.2722,29.1813,29.9998,29.1781,29.2507,-1,40,10,-999.9,400,20,100.808,107.176
63,1785344168,7833,20260729 12:56:07,12:56:07,15,1785344160,0.000192803,0.192802923,0.606517997,444.9218387,316.7991187,31.91170683,44.81772342,0.00850227,3.107975332,0.00848937,0.005307014,261.4500834,29.75837314,28.65300323,3.941722511,44.37085693,1.718267642,3.872513989,2.223454869,-8.502608909,-51.10331413,-3.602027022,198.2421334,-4.203064106,0.338869168,0.606517997,438.8705465,445.9508121,-0.863370468,92.63396308,0.192802923,16.26787265,16.91221939,-0.018293166,96.83127091,0,0,1,0,52990.80434,1500.000645,1273.860536,0.849239992,0.174299981,9,0.5,0: Broadleaf,2,TRUE,1785344160,444.9218387,435.1991613,17.05786774,16.2586871,447.3548387,16.91786774,375.1090645,100.6317097,0.099968381,28.3480129,28.65300323,999.9,0,0,10003.47032,698.4749032,0.218638,9.729856774,452.6600323,442.392,0.81939829,435.1991613,16.2586871,1.718596774,1.636139032,15.06509355,14.30337097,1500.000645,0.692000258,0.307999742,29,28282.53226,1785344192,12:56:31,1785344188,1785344192,65,-0.043,0,-2.433,0.14,430,16,0.29,0.15,9.53242675,-0.32923531,0.948648695,0,0.80161385,-0.302461824,0.097431564,0,0,2,0/2,2.63533,2.71267,0.100719,0.0985476,0.0913827,0.0890446,25238.1,24990.7,25533.4,25487.7,32054,31645.2,39219.4,38354.2,1.70767,2.1177,0.0966787,0,27.0659,999.9,58.5,31,26.227,62.7944,21.3902,1,0.134192,0,20.4226,5.21939,11.98,4.96805,3.29573,9108.2,9999,9999,239,4.96995,1.87515,1.87129,1.87439,1.87429,1.87235,1.87363,1.87485,0,0,0,0,11111111,oooooooo,on,on,on,on,0,100,100,-2.433,0.14,-1.310748347,-0.002774575,7.27494E-07,-2.16226E-10,-0.056041505,-0.001584374,0.000939206,-5.31953E-06,23,2146,2,22,1.7,1.7,0.155029,4.99756,1.49902,2.28027,1.49902,2.37061,33.5804,14.6749,3,356.713,650.169,28.2178,29.1006,29.9999,29.0806,29.1496,-1,40,10,-999.9,400,20,100.814,107.186
64,1785344288,7953,20260729 12:58:07,12:58:07,15,1785344280,0.000238215,0.238215276,0.672804503,437.0239677,317.8420805,32.01496582,44.01968225,0.010255416,3.10655477,0.010236645,0.006399587,261.4497387,29.80163382,28.72794194,3.958891806,43.26064793,1.680530362,3.884662949,2.278361445,-10.50529365,-54.60677323,-3.853197635,192.4844742,-3.524880641,0.442029745,0.672804503,431.6429278,438.0133576,-0.808269307,92.62547586,0.238215276,15.15068563,16.35316224,-0.061973361,96.56452588,0,0,1,0,52947.99449,1499.99871,1273.858852,0.849239965,0.174299976,9,0.5,0: Broadleaf,2,TRUE,1785344280,437.0239677,429.0305806,16.68417419,15.64135484,439.4139677,16.58217419,375.1266774,100.6260323,0.099981645,28.40189355,28.72794194,999.9,0,0,9997.495806,697.8603548,0.218638,7.932228387,444.3997742,435.8500968,1.092158419,429.0305806,15.64135484,1.68382871,1.573929032,14.74744839,13.69753871,1499.99871,0.692000226,0.307999742,29.02553548,28282.49677,1785344323,12:58:42,1785344323,1785344304,66,0.028,-0.014,-2.39,0.102,424,15,1.22,0.26,4.577585625,53.62854039,6.661242477,0,0.882210025,4.683265902,0.468121621,0,0,2,0/2,2.63519,2.71279,0.09945,0.0985182,0.0891185,0.0845413,25272.2,24989.4,25531.8,25485.5,32132.5,31800.2,39216.5,38350.8,1.7077,2.11895,0.0906661,0,27.2614,999.9,57.2,30.9,25.4972,62.8544,20.8694,1,0.135076,0,20.4215,5.22133,11.98,4.9689,3.2958,9108.2,9999,9999,239.1,4.96997,1.87519,1.87129,1.87439,1.87428,1.87237,1.87363,1.87485,0,0,0,0,11111111,oooooooo,on,on,on,on,0,100,100,-2.39,0.102,-1.354069223,-0.002774575,7.27494E-07,-2.16226E-10,-0.056413319,-0.001584374,0.000939206,-5.31953E-06,23,2146,2,22,1.7,1.6,0.155029,4.99756,1.49902,2.28027,1.49902,2.32788,33.5804,14.6311,3,356.54,650.792,28.2181,29.0903,30.0004,29.0468,29.1106,-1,40,10,-999.9,400,20,100.807,107.176
65,1785344408,8073,20260729 13:00:07,13:00:07,15,1785344400,0.000161032,0.161032318,0.349149923,442.6904516,349.3598573,35.1885145,44.58903635,0.007086564,3.107012576,0.007077596,0.004424302,261.4491858,29.88205106,28.80960645,3.977676289,44.91757296,1.751162298,3.898612909,2.226513991,-7.101525213,-57.96114336,-4.092204854,192.2943123,-0.58726728,0.280485286,0.349149923,444.2246061,448.8101455,-0.548763382,92.62800744,0.161032318,16.7514119,17.24988322,-0.011489987,96.63663502,0,0,1,0,52947.79307,1499.995161,1273.855978,0.849240058,0.174300019,9,0.5,0: Broadleaf,2,TRUE,1785344400,442.6904516,441.5793548,17.38595161,16.72469355,445.2264516,17.23395161,375.115129,100.6228387,0.099994119,28.46358065,28.80960645,999.9,0,0,9999.920323,697.5445806,0.218638,1.210729355,450.6256774,449.0905161,0.663445,441.5793548,16.72469355,1.749642903,1.682885806,15.34384194,14.73902903,1499.995161,0.691999935,0.308000129,30,28282.43548,1785344431,13:00:30,1785344424,1785344431,67,-0.095,0.007,-2.536,0.152,447,17,0.71,0.15,0.310909875,21.09098875,3.415722106,0,0.539986575,1.594426683,0.210155802,0,0,2,0/2,2.63521,2.71266,0.101186,0.0995091,0.0927003,0.0900906,25217.5,24956,25526.1,25479.7,31998.1,31598.7,39208.4,38342.1,1.70702,2.11615,0.0899211,0,27.3393,999.9,59.4,30.9,26.4803,62.9744,21.0737,1,0.142218,0,20.4241,5.22088,11.98,4.96915,3.2956,9108.2,9999,9999,239.1,4.96999,1.87517,1.87131,1.87439,1.87433,1.87237,1.87363,1.87485,0,0,0,0,11111111,oooooooo,on,on,on,on,0,100,100,-2.536,0.152,-1.326155227,-0.002774575,7.27494E-07,-2.16226E-10,-0.070232451,-0.001584374,0.000939206,-5.31953E-06,23,2146,2,22,1.4,1.7,0.155029,4.99756,1.49902,2.28027,1.49902,2.30957,33.6029,14.6136,3,356.526,648.884,28.2928,29.1834,30.0001,29.1042,29.1531,-1,40,10,-999.9,400,20,100.786,107.152
66,1785344528,8193.4,20260729 13:02:08,13:02:08,15,1785344520,0.00021796,0.217959735,0.420587506,452.4496667,363.8439353,36.64758144,45.57224788,0.009214139,3.106430715,0.009198982,0.005750724,261.4496964,30.03016901,28.99228667,4.019978059,43.22818766,1.70122819,3.935460361,2.318749869,-9.612024303,-61.41044347,-4.343984276,186.0832443,-5.6042538,0.342267436,0.420587506,438.3703643,451.5654727,-1.435916019,92.62896046,0.217959735,16.00299487,16.74073706,-0.021629876,96.66511567,0,0,1,0,52905.76904,1499.998667,1273.858839,0.849239981,0.174299953,9,0.5,0: Broadleaf,2,TRUE,1785344520,452.4496667,439.3749667,16.89010667,16.08277667,455.0027,16.78610667,375.1103667,100.6233667,0.099987187,28.6256,28.99228667,999.9,0,0,9997.189667,697.4389667,0.218638,13.07473333,460.2446667,446.5583333,0.852815267,439.3749667,16.08277667,1.704115,1.618301333,14.93369667,14.13295333,1499.998667,0.692000633,0.307999367,30,28282.53,1785344549,13:02:28,1785344424,1785344549,68,-0.095,-0.009,-2.536,0.104,447,15,0.71,0.12,13.2133122,10.08743352,2.73462057,0,0.868103927,0.063882042,0.129149431,1,1,2,1/2,2.63504,2.71256,0.101627,0.0984702,0.0906761,0.086723,25202.2,24981.3,25523.4,25476.3,32066.9,31712.8,39203.9,38337.6,1.70632,2.1161,0.082776,0,27.6564,999.9,58.6,31,26.2744,62.8744,21.4062,1,0.1467,0,20.4236,5.22118,11.98,4.9681,3.2955,9108.2,9999,9999,239.1,4.96997,1.87521,1.87132,1.87439,1.87433,1.87239,1.87363,1.87485,0,0,0,0,11111111,oooooooo,on,on,on,on,0,100,100,-2.533,0.104,-1.420964458,-0.002774575,7.27494E-07,-2.16226E-10,-0.063405485,-0.001584374,0.000939206,-5.31953E-06,23,2146,2,22,1.7,1.6,0.155029,4.99756,1.49902,2.28027,1.4978,2.31934,33.6479,14.5873,3,356.436,649.301,28.3962,29.2495,30.0004,29.1499,29.1935,-1,40,10,-999.9,400,20,100.775,107.139
67,1785344648,8313.4,20260729 13:04:08,13:04:08,15,1785344640,0.000206925,0.206925,0.577111892,411.0672,280.3656357,28.24105165,41.40653684,0.007950185,3.107916555,0.007938904,0.004962827,261.4484425,30.18741436,29.19181,4.066627748,38.12265418,1.513876021,3.971066689,2.552751727,-9.125392509,-68.84793749,-4.87635119,178.5987614,-0.245488955,0.335768833,0.577111892,416.7343605,416.3728848,-0.105381961,92.62773366,0.206925,14.18828293,14.88347343,-0.019960817,96.62910798,0,0,1,0,52913.36733,1499.991,1273.852361,0.849240003,0.174300008,9,0.5,0: Broadleaf,2,TRUE,1785344640,411.0672,410.8093667,15.02914333,14.23566667,413.3532,14.94014333,375.1216333,100.6293667,0.099995453,28.78091,29.19181,999.9,0,0,10003.43267,698.701,0.218638,0.084879502,417.1668667,416.7421,0.800026967,410.8093667,14.23566667,1.513030667,1.432525,13.10021,12.26616667,1499.991,0.6919999,0.3080001,30,28282.35333,1785344668,13:04:28,1785344668,1785344667,69,0.181,0.01,-2.286,0.089,418,14,1.14,0.2,0.351344367,-4.478530907,0.931297881,0,0.774524878,0.242873519,0.064329758,0,0,2,0/2,2.63508,2.71264,0.0958053,0.0950133,0.0833735,0.0803521,25353.4,25063.4,25512,25463,32312.9,31919.3,39186.5,38318.4,1.70485,2.1132,0.0694618,0,28.0658,999.9,54.3,31,24.3449,61.7344,20.7212,1,0.163008,0,20.4243,5.22043,11.98,4.96895,3.29555,9108.2,9999,9999,239.1,4.96998,1.87527,1.87132,1.87439,1.87429,1.87234,1.87363,1.87485,0,0,0,0,11111111,oooooooo,on,on,on,on,0,100,100,-2.286,0.089,-1.420964458,-0.002774575,7.27494E-07,-2.16226E-10,-0.072691138,-0.001584374,0.000939206,-5.31953E-06,23,2146,2,22,3.7,1.7,0.155029,4.99756,1.49902,2.28027,1.49902,2.38403,33.7155,14.5786,3,356.504,648.392,28.5443,29.4173,30.0008,29.2937,29.3314,-1,40,10,-999.9,400,20,100.73,107.084
68,1785344768,8433.4,20260729 13:06:08,13:06:08,15,1785344760,0.000169262,0.169262377,0.414116901,414.1890968,296.1291128,29.82651801,41.71767658,0.006433329,3.10585357,0.006425935,0.004016873,261.4498586,30.22712456,29.19949032,4.068432846,37.42114351,1.488569304,3.977882996,2.579863541,-7.464470835,-65.13307996,-4.617154555,184.2351533,1.292689697,0.035536423,0.414116901,424.7360675,422.0338667,0.171148307,92.62656126,0.169262377,14.93429057,14.97887063,0.034438612,96.59553396,0,0,1,0,52859.83703,1499.99871,1273.858975,0.849240047,0.174300056,9,0.5,0: Broadleaf,2,TRUE,1785344760,414.1890968,417.325871,14.7790871,14.6950871,416.6010968,14.6890871,375.1202903,100.6213226,0.100007142,28.81050323,29.19949032,999.9,0,0,9994.736452,700.036,0.218638,-3.010072871,420.5352903,423.5503548,0.09436183,417.325871,14.6950871,1.488133226,1.478637742,12.84651613,12.74723226,1499.99871,0.691999355,0.308000677,30,28282.49677,1785344787,13:06:27,1785344787,1785344785,70,-0.118,-0.006,-2.412,0.09,417,14,0.61,0.32,-2.100205498,-18.15650326,2.287662444,0,0.215465216,-2.428394521,0.244424677,0,0,2,0/2,2.6347,2.71259,0.0967217,0.0963252,0.0837651,0.0838755,25316.3,25015.7,25501.1,25452,32285.7,31783,39170.2,38302.7,1.70282,2.10915,0.0685528,0,28.0897,999.9,54.2,31,24.3014,62.4544,21.6026,1,0.178054,0,20.4233,5.21789,11.98,4.9679,3.29528,9108.2,9999,9999,239.2,4.96998,1.87527,1.87131,1.87439,1.87425,1.8724,1.87363,1.87485,0,0,0,0,11111111,oooooooo,on,on,on,on,0,100,100,-2.412,0.09,-1.240066927,-0.002774575,7.27494E-07,-2.16226E-10,-0.062167584,-0.001584374,0.000939206,-5.31953E-06,23,2146,2,22,1.7,1.7,0.155029,4.99756,1.49902,2.27905,1.4978,2.27539,33.7381,14.5173,3,356.399,646.635,28.6097,29.5931,30.0006,29.4552,29.4815,-1,40,10,-999.9,400,20,100.687,107.039
69,1785344888,8553.4,20260729 13:08:08,13:08:08,15,1785344880,0.00016443,0.164429701,0.363410317,413.6009677,304.5916578,30.6766242,41.65538068,0.006206557,3.107127696,0.006199678,0.003875416,261.4502049,30.29455837,29.30158065,4.092493462,37.4483254,1.49543071,3.993317977,2.597062752,-7.251349817,-71.06322812,-5.039692014,178.095935,0.203971705,0.205030498,0.363410317,419.4502873,419.5132485,-0.095770811,92.62916161,0.164429701,14.40361981,14.80745035,-0.001468487,96.67064643,0,0,1,0,52877.71574,1500.000968,1273.860799,0.849239985,0.174300024,9,0.5,0: Broadleaf,2,TRUE,1785344880,413.6009677,414.2938065,14.8483,14.36368387,415.9469677,14.7603,375.1165484,100.6139355,0.099998777,28.87735161,29.30158065,999.9,0,0,10001.33516,700.7383548,0.218638,-0.748974516,419.7813871,420.3313226,0.49295271,414.2938065,14.36368387,1.494783548,1.445185806,12.91486129,12.40019032,1500.000968,0.691999581,0.308000387,30,28282.54516,1785344914,13:08:34,1785344905,1785344914,71,0.052,0.006,-2.346,0.088,412,14,0.33,0.2,-0.978681,7.471699024,0.885760893,0,0.483373875,-0.021740432,0.046791213,1,1,2,1/2,2.63463,2.71264,0.096256,0.0954691,0.0829967,0.0813143,25320.2,25029.9,25492.5,25442.8,32302.7,31861.3,39157.6,38289.4,1.70212,2.10783,0.0683442,0,28.1924,999.9,53.2,31,23.8538,62.7844,21.0056,1,0.189893,0,20.4237,5.21969,11.98,4.9687,3.2953,9108.2,9999,9999,239.2,4.96995,1.87528,1.87129,1.87439,1.87432,1.87238,1.87363,1.87485,0,0,0,0,11111111,oooooooo,on,on,on,on,0,100,100,-2.346,0.088,-1.358324516,-0.002774575,7.27494E-07,-2.16226E-10,-0.067796593,-0.001584374,0.000939206,-5.31953E-06,23,2146,2,22,1.7,1.7,0.155029,4.99756,1.4978,2.27905,1.4978,2.34741,33.7381,14.5173,3,356.79,646.996,28.6755,29.7298,30.0006,29.5898,29.6135,-1,40,10,-999.9,400,20,100.654,107.001
70,1785345008,8673.4,20260729 13:10:08,13:10:08,15,1785345000,0.000108509,0.108509062,0.284068128,422.6345484,302.5903465,30.47569016,42.56606232,0.004313458,3.105471789,0.004310133,0.002694131,261.451014,30.44848336,29.44171935,4.125723292,41.31016525,1.663030434,4.025717216,2.462692857,-4.785249647,-71.11716798,-5.053218945,180.4953774,0.888182385,0.128945545,0.284068128,433.4369158,431.0625939,0.170031436,92.62923347,0.108509062,16.26568957,16.52274196,-9.86992E-05,96.67420875,0,0,1,0,52814.68387,1500.005484,1273.864718,0.849240041,0.174300039,9,0.5,0: Broadleaf,2,TRUE,1785345000,422.6345484,424.8962258,16.51207742,16.20781935,424.9595484,16.40407742,375.1248065,100.616,0.100002716,29.01694194,29.44171935,999.9,0,0,9993.508065,700.4376774,0.218638,-2.307772871,429.6979677,431.8964839,0.337430097,424.8962258,16.20781935,1.664716774,1.630766452,14.57125806,14.25255484,1500.005484,0.691999581,0.308000452,30,28282.64194,1785345039,13:10:39,1785345039,1785345027,72,0.044,-0.009,-2.325,0.108,425,15,1.19,0.33,-1.129748512,-18.79332508,3.041559178,0,0.273695662,0.668298348,0.125698397,0,0,2,0/2,2.63459,2.71253,0.0981004,0.0968207,0.0897709,0.0885555,25260.2,24984.1,25484.7,25434.7,32051.9,31599,39145.7,38278,1.70077,2.1046,0.0705644,0,28.2979,999.9,56.9,31.1,25.6563,61.9444,20.7171,1,0.20112,0,20.4237,5.21879,11.98,4.9677,3.2951,9108.2,9999,9999,239.2,4.96999,1.87528,1.8713,1.87439,1.87432,1.87236,1.87363,1.87485,0,0,0,0,11111111,oooooooo,on,on,on,on,0,100,100,-2.325,0.108,-1.306641056,-0.002774575,7.27494E-07,-2.16226E-10,-0.062092765,-0.001584374,0.000939206,-5.31953E-06,23,2146,2,22,1.7,1.6,0.155029,4.99756,1.49902,2.28027,1.4978,2.38647,33.7832,14.491,3,356.914,645.86,28.8013,29.8744,30.0004,29.7342,29.7571,-1,40,10,-999.9,400,20,100.624,106.969
71,1785345128,8793.4,20260729 13:12:08,13:12:08,15,1785345120,0.000145151,0.145151364,0.228261669,431.0249355,351.977765,35.45141665,43.4130962,0.005775604,3.106514242,0.005769646,0.003606563,261.4500508,30.46161124,29.42413548,4.121540924,41.19005047,1.660365678,4.030987238,2.461175246,-6.401175161,-64.40894951,-4.575145586,186.0647805,-0.242490086,0.275712093,0.228261669,434.8620519,437.3480242,-0.307631016,92.63026722,0.145151364,15.7776799,16.31951636,-0.019298356,96.70588982,0,0,1,0,52835.15046,1500.000645,1273.860523,0.849239984,0.174299959,9,0.5,0: Broadleaf,2,TRUE,1785345120,431.0249355,430.7282581,16.48486452,15.83425161,433.4489355,16.34886452,375.1083226,100.6206452,0.099968961,29.03955484,29.42413548,999.9,0,0,9997.844516,700.4380645,0.218638,0.374395574,438.3260645,437.6585161,0.645432645,430.7282581,15.83425161,1.658196774,1.593253548,14.51030968,13.89314194,1500.000645,0.692000548,0.307999452,30,28282.54194,1785345153,13:12:32,1785345153,1785345151,73,-0.072,0.015,-2.424,0.136,437,16,1.15,0.28,0.295105702,11.1452786,2.270707749,0,0.638464976,0.155917233,0.097454805,0,0,2,0/2,2.63419,2.7127,0.0991349,0.0976976,0.08894,0.0860681,25227.2,24955.1,25481,25430.2,32077.1,31680.4,39140,38271.5,1.69993,2.10407,0.0755116,0,28.1918,999.9,56.8,31.1,25.6136,62.8144,20.7131,1,0.206723,0,20.424,5.21819,11.98,4.96905,3.29533,9108.2,9999,9999,239.3,4.97,1.87525,1.87127,1.87439,1.8743,1.87238,1.87363,1.87485,0,0,0,0,11111111,oooooooo,on,on,on,on,0,100,100,-2.424,0.136,-1.262935114,-0.002774575,7.27494E-07,-2.16226E-10,-0.071082742,-0.001584374,0.000939206,-5.31953E-06,23,2146,2,22,1.5,1.7,0.155029,4.99756,1.49902,2.28027,1.49902,2.39868,33.8283,14.4735,3,357.027,646.502,28.8699,29.9652,30.0002,29.8316,29.8542,-1,40,10,-999.9,400,20,100.609,106.95
72,1785345248,8913.4,20260729 13:14:08,13:14:08,15,1785345240,0.000109879,0.109879454,0.569886579,430.7332,210.5797569,21.20976243,43.38379424,0.00440077,3.106699968,0.004397309,0.002748629,261.4500896,30.43650464,29.35021,4.103997968,41.24162275,1.65920335,4.023128187,2.444794618,-4.845683903,-57.68077477,-4.094790813,194.8288402,1.034901478,0.120592341,0.569886579,443.5367767,438.8353879,0.334821721,92.63045214,0.109879454,16.09039021,16.45686242,-0.010379874,96.71136242,0,0,1,0,52845.38873,1500.000667,1273.860361,0.849239863,0.174299982,9,0.5,0: Broadleaf,2,TRUE,1785345240,430.7332,433.3407667,16.47329333,16.18873333,433.2122,16.33829333,375.1237333,100.6208,0.10000405,29.00582333,29.35021,999.9,0,0,9998.684,700.4543667,0.218638,-2.54665289,438.0140667,440.4715,0.294731717,433.3407667,16.18873333,1.658579667,1.628923333,14.51408333,14.23477333,1500.000667,0.691999733,0.3080001,30,28282.53667,1785345269,13:14:28,1785345269,1785345262,74,-0.047,-0.011,-2.479,0.135,435,17,0.48,0.75,-2.890147163,-7.958533664,3.601991165,0,0.244556794,0.926409115,0.151412169,0,0,2,0/2,2.63414,2.71262,0.0994789,0.100455,0.0894848,0.0894769,25220.7,24883.2,25484.1,25434.5,32061.3,31567.1,39144.4,38278,1.70007,2.10348,0.0885949,0,27.9035,999.9,57.7,31.1,26.0182,61.8844,21.5825,1,0.203054,0,20.4245,5.22133,11.98,4.9693,3.29558,9108.2,9999,9999,239.3,4.97001,1.87526,1.87126,1.87439,1.87433,1.8724,1.87363,1.87485,0,0,0,0,11111111,oooooooo,on,on,on,on,0,100,100,-2.479,0.135,-1.33509249,-0.002774575,7.27494E-07,-2.16226E-10,-0.056465744,-0.001584374,0.000939206,-5.31953E-06,23,2146,2,22,1.6,1.6,0.155029,4.99756,1.49902,2.28027,1.4978,2.25464,33.8283,14.4035,3,357.128,646.154,28.844,29.945,29.9999,29.8367,29.8689,-1,40,10,-999.9,400,20,100.621,106.968
73,1785345368,9033.4,20260729 13:16:08,13:16:08,15,1785345360,0.000119983,0.119982676,0.230194748,426.9685333,333.445167,33.58855075,43.00933308,0.004722026,3.107533302,0.004718043,0.002949134,261.4503637,30.41370645,29.32437667,4.097882933,40.03436557,1.608773036,4.018480157,2.489109897,-5.291235995,-56.71506003,-4.024239189,195.4198285,1.421738051,0.085260429,0.230194748,438.8984196,435.8688788,0.249525964,92.62857601,0.119982676,15.8823718,16.04697622,0.011493935,96.65420753,0,0,1,0,52868.56874,1500.002667,1273.862302,0.849240025,0.174299933,9,0.5,0: Broadleaf,2,TRUE,1785345360,426.9685333,430.4669667,15.97084667,15.76955333,429.3885333,15.87484667,375.1186,100.6318667,0.09998994,28.98584667,29.32437667,999.9,0,0,10001.42,700.3077667,0.218638,-3.535130467,433.8725333,437.3641667,0.2276568,430.4669667,15.76955333,1.609826667,1.586917333,14.05318,13.83215667,1500.002667,0.6920011,0.307998967,30,28282.6,1785345385,13:16:25,1785345384,1785345385,75,0.03,-0.009,-2.42,0.096,421,15,0.43,0.21,-3.647765951,-1.245025652,2.165499551,0,0.209022683,-0.069489847,0.074604831,1,1,2,1/2,2.63427,2.71256,0.0989749,0.0983353,0.0879448,0.087268,25239.3,24945.5,25488.3,25438.1,32121,31647.9,39150.5,38282.7,1.70047,2.10477,0.0889972,0,27.8863,999.9,56.8,31.1,25.6105,62.9644,20.6651,1,0.196923,0,20.4248,5.21834,11.98,4.96815,3.29565,9108.2,9999,9999,239.4,4.97,1.87523,1.87123,1.87439,1.87433,1.87239,1.87363,1.87485,0,0,0,0,11111111,oooooooo,on,on,on,on,0,100,100,-2.42,0.096,-1.382444113,-0.002774575,7.27494E-07,-2.16226E-10,-0.067900915,-0.001584374,0.000939206,-5.31953E-06,23,2146,2,22,1.7,1.8,0.155029,4.99756,1.49902,2.27905,1.4978,2.39746,33.8509,14.421,3,357.128,646.957,28.8339,29.8837,29.9999,29.8006,29.8414,-1,40,10,-999.9,400,20,100.637,106.982
74,1785345488,9153.4,20260729 13:18:08,13:18:08,15,1785345480,0.000124726,0.124725855,0.277365565,416.6304516,307.8610834,31.0111755,41.96763004,0.004748123,3.106528824,0.004744095,0.002965421,261.449971,30.42519803,29.34278065,4.102238544,37.99624492,1.527953491,4.021327618,2.574285053,-5.500410217,-57.72899352,-4.098131141,194.1224361,-0.706023494,0.180373631,0.277365565,422.8454911,421.9055939,0.026737029,92.62778766,0.124725855,14.86897883,15.1472986,0.001588647,96.63025264,0,0,1,0,52842.96889,1500,1273.859988,0.849239992,0.174299981,9,0.5,0: Broadleaf,2,TRUE,1785345480,416.6304516,415.1168387,15.16864194,14.74244839,418.9024516,15.07064194,375.1202903,100.6310645,0.100002735,28.9980871,29.34278065,999.9,0,0,9996.876452,700.671,0.218638,1.38304721,422.9134194,421.3284516,0.422779613,415.1168387,14.74244839,1.526092903,1.483547742,13.23205484,12.79900645,1500,0.692000258,0.307999742,30,28282.52903,1785345514,13:18:33,1785345514,1785345504,76,0.15,0.01,-2.272,0.098,431,15,0.54,0.15,1.854142768,-16.35067941,2.097441392,0,0.562823927,-2.775280746,0.276658798,0,0,2,0/2,2.63439,2.7126,0.0966347,0.096296,0.0844072,0.0839905,25304.8,25001.2,25488.2,25437.3,32246.4,31761.6,39150,38281.9,1.70075,2.1055,0.0837818,0,27.9696,999.9,54.9,31.1,24.7532,62.9644,20.7933,1,0.196156,0,20.4249,5.22073,11.98,4.969,3.29563,9108.2,9999,9999,239.4,4.96998,1.87526,1.87127,1.8744,1.8743,1.87239,1.87363,1.87485,0,0,0,0,11111111,oooooooo,on,on,on,on,0,100,100,-2.272,0.098,-1.352126337,-0.002774575,7.27494E-07,-2.16226E-10,-0.076653809,-0.001584374,0.000939206,-5.31953E-06,23,2146,2,22,1.7,1.7,0.155029,4.99756,1.49902,2.28027,1.49902,2.37671,33.8283,14.386,3,357.166,647.461,28.8283,29.8593,30.0001,29.7827,29.8311,-1,40,10,-999.9,400,20,100.636,106.98
75,1785345608,9273.4,20260729 13:20:08,13:20:08,15,1785345600,0.00012175,0.121749992,0.269774053,422.6364667,317.5049955,31.9845874,42.57524511,0.004794928,3.108671654,0.004790823,0.002994633,261.4505436,30.331278,29.21989667,4.07323232,39.63141357,1.585076813,3.999546497,2.488155507,-5.369174643,-52.89847577,-3.74859272,199.4343004,-0.213983639,0.157475361,0.269774053,429.440668,428.8946545,-0.011253902,92.62819537,0.121749992,15.40361108,15.70315385,-0.001163128,96.64266099,0,0,1,0,52909.5451,1500.003333,1273.862855,0.849240016,0.174299975,9,0.5,0: Broadleaf,2,TRUE,1785345600,422.6364667,422.2827333,15.73476,15.36286667,424.9884667,15.61676,375.1015667,100.6373,0.09997296,28.90426333,29.21989667,999.9,0,0,10006.12,700.669,0.218638,0.439439408,429.4796333,428.8714667,0.3708994,422.2827333,15.36286667,1.583403667,1.546078333,13.79818667,13.43146,1500.003333,0.692000433,0.3079996,30,28282.57667,1785345636,13:20:35,1785345623,1785345636,77,-0.084,0.005,-2.352,0.118,425,16,0.29,0.71,1.12765225,-13.56033587,1.410683954,0,0.463297829,-1.638299833,0.162405646,0,0,2,0/2,2.63441,2.71262,0.0977932,0.0974924,0.0865955,0.0863396,25274.5,24970.1,25490.3,25439.3,32171.4,31681.8,39153.6,38284.5,1.7008,2.10585,0.0888482,0,27.7613,999.9,56,31.1,25.2457,62.1544,21.4704,1,0.192609,0,20.4249,5.21924,11.98,4.96785,3.29548,9108.2,9999,9999,239.4,4.97,1.87523,1.87127,1.87439,1.87432,1.87237,1.87363,1.87485,0,0,0,0,11111111,oooooooo,on,on,on,on,0,100,100,-2.352,0.118,-1.201895683,-0.002774575,7.27494E-07,-2.16226E-10,-0.067055584,-0.001584374,0.000939206,-5.31953E-06,23,2146,2,22,1.6,1.7,0.155029,4.99756,1.49902,2.28027,1.4978,2.28027,33.8057,14.3247,3,357.04,647.416,28.7775,29.8283,29.9998,29.755,29.8005,-1,40,10,-999.9,400,20,100.645,106.987
76,1785345728,9393.4,20260729 13:22:08,13:22:08,15,1785345720,0.000144346,0.144346155,0.209517945,414.9830667,339.3237406,34.18221262,41.80385196,0.005586818,3.107836503,0.005581244,0.003488778,261.4497882,30.21254366,29.08823333,4.042352362,37.974008,1.50882235,3.97330287,2.533530013,-6.365665426,-49.86446072,-3.530236183,201.6894259,-2.381205888,0.3449115,0.209517945,413.516979,417.6858727,-0.472587546,92.6358875,0.144346155,14.14377296,14.74409455,-0.025016063,96.90743044,0,0,1,0,52909.94417,1499.999,1273.859136,0.84923999,0.174299975,9,0.5,0: Broadleaf,2,TRUE,1785345720,414.9830667,409.6131333,14.97794333,14.16277333,417.1630667,14.84294333,375.1007667,100.6363,0.09998375,28.79062333,29.08823333,999.9,0,0,10002.375,700.4837,0.218638,5.217468667,421.1253,415.4977,0.7842585,409.6131333,14.16277333,1.504213667,1.425288,13.01046,12.18933333,1499.999,0.692000333,0.307999667,30,28282.5,1785345760,13:22:40,1785345759,1785345760,78,0.166,0.017,-2.18,0.135,428,16,0.99,0.24,5.769590976,-7.107089268,0.946150769,0,0.877294341,-1.626053226,0.162828813,0,0,2,0/2,2.63462,2.71262,0.0959012,0.0943479,0.0826883,0.0804031,25333.8,25063.9,25496.2,25445.8,32316.9,31896.6,39161.6,38293.7,1.702,2.1086,0.0938624,0,27.5484,999.9,53.8,31.1,24.2556,61.9744,21.1899,1,0.183458,0,20.4243,5.21699,11.98,4.96825,3.29483,9108.2,9999,9999,239.5,4.96999,1.87525,1.87126,1.87439,1.87428,1.87238,1.87363,1.87485,0,0,0,0,11111111,oooooooo,on,on,on,on,0,100,100,-2.18,0.135,-1.286008576,-0.002774575,7.27494E-07,-2.16226E-10,-0.061931618,-0.001584374,0.000939206,-5.31953E-06,23,2146,2,22,1.8,1.5,0.155029,4.99756,1.49902,2.27905,1.49902,2.33276,33.7606,14.3247,3,357.147,648.836,28.6709,29.7235,29.9998,29.6666,29.7176,-1,40,10,-999.9,400,20,100.666,107.014
77,1785346373,10038.5,20260729 13:32:53,13:32:53,15,1785346365,0.001266226,1.266226447,3.355911208,423.0979333,312.9149708,31.52519517,42.62578069,0.055974412,3.105111875,0.055419837,0.034686767,261.4496699,29.92959268,29.17108667,4.061760651,46.00810509,1.827182677,3.971436496,2.234577974,-55.84058629,-65.04770266,-4.610912082,135.9504688,1.277752733,1.413072104,3.355911208,444.4630426,430.525503,0.582227557,92.63731496,1.266226447,14.89489707,18.05503758,-0.017078469,96.9691221,0,0,1,0,52847.96439,1499.998667,1273.858673,0.84923987,0.174299935,9,0.5,0: Broadleaf,2,TRUE,1785346365,423.0979333,427.598,18.13637667,14.80756333,425.4529333,17.99637667,375.1185667,100.6468333,0.100008793,28.78251667,29.17108667,999.9,0,0,9988.790667,698.7879333,0.218638,-4.467478333,430.9659,434.0259,3.372699667,427.598,14.80756333,1.829786667,1.490334333,16.04321667,12.86777667,1499.998667,0.692000467,0.3079994,30,28282.52333,1785346414,13:33:33,1785346295,1785346396,80,-0.136,0.006,-2.355,0.14,439,16,0.28,0.02,-1.289430488,-80.17235364,8.774647659,0,3.401192927,-2.004991568,0.290092721,0,0,2,0/2,2.63504,2.7126,0.0980269,0.0982369,0.0957551,0.0853895,25290.9,24971.9,25511.9,25460.9,31869.4,31742.9,39184.3,38317.8,1.70467,2.1134,0.101179,0,27.5221,999.9,55.3,31.1,24.929,62.5963,22.0633,1,0.159007,0,20.4304,5.22118,11.98,4.9688,3.29523,9108.2,9999,9999,239.6,4.96999,1.87521,1.87129,1.87439,1.87427,1.87236,1.87363,1.87485,0,0,0,0,11111111,oooooooo,on,on,on,on,0,100,100,-2.355,0.14,-1.257041082,-0.002774575,7.27494E-07,-2.16226E-10,-0.060789491,-0.001584374,0.000939206,-5.31953E-06,23,2146,2,22,1.3,1.2,0.155029,4.99756,1.49902,2.28027,1.49902,2.34009,33.8283,14.1758,3,357.047,650.042,28.7063,29.4642,29.9998,29.4085,29.4614,-1,40,10,-999.9,400,20,100.726,107.08
78,1785346549,10214.5,20260729 13:35:49,13:35:49,15,1785346541,0.001249522,1.249522025,2.888572367,425.0642333,330.2940995,33.27827999,42.82670078,0.057231395,3.109567894,0.056652594,0.035459386,261.4498032,29.92427836,29.16757667,4.060936793,47.97733353,1.904518182,3.96962074,2.15641861,-55.10392129,-65.8753264,-4.66262275,135.8079328,-0.234096482,1.370586202,2.888572367,427.091848,428.0883697,-0.811757962,92.62571957,1.249522025,15.27079665,18.73168112,-0.050294664,96.57237754,0,0,1,0,52953.55493,1499.998333,1273.858583,0.849239999,0.174300062,9,0.5,0: Broadleaf,2,TRUE,1785346541,425.0642333,425.9003333,18.90275333,15.67659667,427.3262333,18.79475333,375.1245333,100.6535,0.099980123,28.77462667,29.16757667,999.9,0,0,10008.635,699.2253,0.218638,-0.9008695,433.234,432.6863,3.329718333,425.9003333,15.67659667,1.913052333,1.577904,16.74224667,13.73757333,1499.998333,0.691999067,0.3080009,30,28282.48,1785346578,13:36:17,1785346577,1785346578,81,0.049,-0.008,-2.262,0.108,418,15,1.79,0.09,-3.043406125,45.20886364,5.223868611,0,3.18104975,3.933893021,0.410740432,0,0,2,0/2,2.63489,2.7127,0.0975248,0.097179,0.0981435,0.0838974,25304.1,25001.8,25510.7,25461.3,31782.5,31793.6,39182.6,38316.1,1.7102,2.11267,0.0929385,0,27.6693,999.9,56,31.1,25.2429,62.6363,21.4263,1,0.156019,0,20.4267,5.22103,11.98,4.9689,3.29515,9108.2,9999,9999,239.7,4.96996,1.87518,1.87124,1.87439,1.87425,1.87231,1.87363,1.87485,0,0,0,0,11111111,oooooooo,on,on,on,on,0,100,100,-2.262,0.108,-1.257041082,-0.002774575,7.27494E-07,-2.16226E-10,-0.055114372,-0.001584374,0.000939206,-5.31953E-06,23,2146,2,22,4.2,2.5,0.155029,4.99756,1.49902,2.28027,1.4978,2.33765,33.8509,14.1758,3,359.343,648.614,28.6571,29.3924,30.0003,29.335,29.3903,-1,40,10,-999.9,400,20,100.722,107.077
79,1785346669,10334.5,20260729 13:37:49,13:37:49,15,1785346661,0.001242199,1.242198578,2.534157741,414.4736,327.1102063,32.96156015,41.76481271,0.055311074,3.106573734,0.05476975,0.034279288,261.4499157,29.98499437,29.22722667,4.074957505,46.61890436,1.856815918,3.982967733,2.218141587,-54.7809573,-66.10108085,-4.685846464,135.882031,3.972507607,1.068899807,2.534157741,434.9616969,424.7494848,0.407373768,92.62772185,1.242198578,16.35580103,18.7401986,0.052305377,96.62874668,0,0,1,0,52873.74527,1499.999667,1273.859706,0.849239993,0.174299983,9,0.5,0: Broadleaf,2,TRUE,1785346661,414.4736,425.0681667,18.42702333,15.90958333,416.7275667,18.28002333,375.0964667,100.6659333,0.09998446,28.83255,29.22722667,999.9,0,0,9993.620333,698.6247,0.218638,-10.59452067,422.2727667,431.9418667,2.559570667,425.0681667,15.90958333,1.859216,1.601554333,16.29346333,13.96739333,1499.999667,0.692000233,0.307999767,30,28282.53,1785346697,13:38:17,1785346577,1785346697,82,0.049,-0.005,-2.262,0.147,418,17,1.79,0.06,-7.940091951,-45.99300002,5.196525023,0,2.764016829,-4.637658397,0.484354013,0,0,2,0/2,2.63501,2.71265,0.0970181,0.098145,0.0983929,0.0899643,25314.8,24970.9,25507.4,25457.2,31769.2,31576.3,39177.1,38309.9,1.70965,2.10972,0.094533,0,27.6846,999.9,56.6,31.1,25.514,62.8763,21.0176,1,0.160485,0,20.4266,5.22103,11.98,4.9691,3.29535,9108.2,9999,9999,239.7,4.96994,1.87519,1.87125,1.87439,1.87425,1.87231,1.87363,1.87485,0,0,0,0,11111111,oooooooo,on,on,on,on,0,100,100,-2.259,0.147,-1.208419335,-0.002774575,7.27494E-07,-2.16226E-10,-0.063272809,-0.001584374,0.000939206,-5.31953E-06,23,2146,2,22,1.5,1.5,0.155029,4.99756,1.49902,2.28027,1.4978,2.26562,33.8961,14.132,3,359.24,646.352,28.7045,29.448,30.0002,29.3653,29.413,-1,40,10,-999.9,400,20,100.708,107.06
80,1785346789,10454.5,20260729 13:39:49,13:39:49,15,1785346781,0.001230844,1.230844392,2.590004522,420.3395161,328.0525504,33.05540486,42.35447299,0.053319865,3.108684988,0.052816962,0.03305539,261.4500672,30.02452135,29.30735484,4.093858021,45.45855283,1.814536511,3.991628413,2.279321511,-54.2802377,-73.29110128,-5.195046122,128.6836821,-2.515892739,1.395841977,2.590004522,418.3525376,420.8911939,-0.893551273,92.6297911,1.230844392,14.48434633,17.8237993,-0.042482651,96.69052094,0,0,1,0,52916.39804,1500.000323,1273.860316,0.849240028,0.174300007,9,0.5,0: Broadleaf,2,TRUE,1785346781,420.3395161,415.7109677,18.00804839,14.71938387,422.5225161,17.91004839,375.1173226,100.6625484,0.099981339,28.87004516,29.30735484,999.9,0,0,10003.67161,698.6809355,0.218638,4.544477742,427.996,421.9223548,3.36498871,415.7109677,14.71938387,1.820418387,1.481690323,15.96283871,12.77868387,1500.000323,0.692,0.308000032,30,28282.53548,1785346825,13:40:25,1785346813,1785346825,83,0.081,-0.004,-2.183,0.098,425,15,0.73,0.06,4.66819,-4.62795993,1.388967785,0,3.39554439,0.126259443,0.12791302,0,0,2,0/2,2.63499,2.71256,0.0963116,0.0954226,0.0948289,0.0819777,25331,25041.7,25503.9,25452.8,31892.3,31850.4,39171.9,38303.9,1.70933,2.111,0.0904649,0,27.8353,999.9,54.8,31.2,24.8394,62.6063,21.27,1,0.165818,0,20.4263,5.21984,11.98,4.96935,3.29523,9108.2,9999,9999,239.7,4.96996,1.87521,1.87128,1.87439,1.87425,1.87234,1.87363,1.87485,0,0,0,0,11111111,oooooooo,on,on,on,on,0,100,100,-2.183,0.098,-1.208419335,-0.002774575,7.27494E-07,-2.16226E-10,-0.068020766,-0.001584374,0.000939206,-5.31953E-06,23,2146,2,22,3.5,1.5,0.155029,4.99756,1.49902,2.28027,1.4978,2.37183,33.9413,14.1408,3,359.262,647.787,28.7308,29.4932,30.0006,29.3982,29.4438,-1,40,10,-999.9,400,20,100.694,107.043
81,1785346909,10574.5,20260729 13:41:49,13:41:49,15,1785346901,0.00089617,0.896169815,2.252821016,417.4432903,308.109842,31.04585891,42.06254955,0.037944834,3.107057195,0.037689262,0.023578607,261.4494577,30.2302829,29.48489032,4.136007311,45.0429327,1.810796843,4.020157514,2.325210468,-39.52108884,-82.38567434,-5.851474921,133.6912196,1.828935979,0.902921711,2.252821016,430.9234188,424.5139455,0.092706096,92.62962639,0.896169815,15.90002898,18.01506503,-0.000351102,96.68551263,0,0,1,0,52856.84808,1499.997097,1273.85752,0.84923999,0.174299976,9,0.5,0: Broadleaf,2,TRUE,1785346901,417.4432903,422.7357097,17.97097419,15.84356129,419.6229677,17.84697419,375.1156129,100.6622903,0.100018048,28.99305806,29.48489032,999.9,0,0,9996.206452,698.6805484,0.218638,-5.292491613,425.1015161,429.5415806,2.171699032,422.7357097,15.84356129,1.813457097,1.594849677,15.90325806,13.90850645,1499.997097,0.692000323,0.307999677,30,28282.48387,1785346926,13:42:06,1785346813,1785346926,84,0.081,0,-2.183,0.124,425,16,0.73,0.08,-4.719557561,-23.8744361,2.84318077,0,2.209995366,-1.452381115,0.161314625,0,0,2,0/2,2.63451,2.71246,0.0969789,0.0986674,0.0956375,0.0890748,25302.4,24942.2,25494.5,25443.3,31852,31590.8,39157.5,38289.8,1.70732,2.10665,0.0869222,0,28.078,999.9,56.5,31.2,25.6127,62.7563,21.2941,1,0.178377,0,20.4266,5.21969,11.98,4.96815,3.29523,9108.2,9999,9999,239.8,4.97002,1.87523,1.87131,1.87439,1.87427,1.87241,1.87363,1.87485,0,0,0,0,11111111,oooooooo,on,on,on,on,0,100,100,-2.179,0.124,-1.12752297,-0.002774575,7.27494E-07,-2.16226E-10,-0.072343974,-0.001584374,0.000939206,-5.31953E-06,23,2146,2,22,1.6,1.4,0.155029,4.99756,1.49902,2.28027,1.4978,2.31201,33.9865,14.1058,3,358.909,645.31,28.809,29.6257,30.0007,29.5124,29.5529,-1,40,10,-999.9,400,20,100.657,107.003
82,1785347029,10694.5,20260729 13:43:49,13:43:49,15,1785347021,0.000731216,0.731216028,1.990218057,415.9154516,291.8635027,29.40873973,41.90845773,0.029136367,3.107689578,0.028985454,0.018129403,261.4494092,30.38960052,29.63473548,4.171876443,42.09713013,1.704070732,4.047949889,2.467805711,-32.24662682,-87.55245993,-6.225485401,135.424837,1.320813391,0.7682478,1.990218057,426.285909,422.3090182,-0.08809755,92.63034665,0.731216028,15.12271859,16.90042424,-0.005128176,96.70806581,0,0,1,0,52850.75525,1499.996129,1273.85701,0.849240198,0.174300056,9,0.5,0: Broadleaf,2,TRUE,1785347021,415.9154516,419.8510968,16.91184516,15.09977097,418.1754516,16.80384516,375.1114516,100.6619677,0.099996187,29.11216452,29.63473548,999.9,0,0,9999.148387,698.828129,0.218638,-3.852021935,423.1697742,426.2879032,1.845447419,419.8510968,15.09977097,1.705737742,1.519971935,14.94871935,13.17053548,1499.996129,0.691999935,0.30800029,30,28282.46452,1785347052,13:44:12,1785347050,1785347052,85,-0.078,0.007,-2.26,0.108,419,15,0.39,0.06,-3.90255,-0.338696735,0.436119481,0,1.88641525,-0.829930694,0.081943557,0,0,2,0/2,2.63427,2.71265,0.0965933,0.0964883,0.0913202,0.0845599,25302.4,24990.5,25484.4,25431.6,31993.5,31734.7,39142,38273.4,1.70557,2.10505,0.0844449,0,28.2708,999.9,54.9,31.2,24.8849,62.7863,21.4944,1,0.193138,0,20.4259,5.21729,11.98,4.96895,3.2952,9108.2,9999,9999,239.8,4.96999,1.87518,1.87131,1.87439,1.87428,1.87235,1.87363,1.87485,0,0,0,0,11111111,oooooooo,on,on,on,on,0,100,100,-2.26,0.108,-1.12752297,-0.002774575,7.27494E-07,-2.16226E-10,-0.071981929,-0.001584374,0.000939206,-5.31953E-06,23,2146,2,22,3.6,1.7,0.155029,4.99756,1.4978,2.28027,1.4978,2.34131,34.0545,14.097,3,358.861,645.515,28.9199,29.7947,30.0007,29.6603,29.6923,-1,40,10,-999.9,400,20,100.617,106.956
83,1785347149,10814.5,20260729 13:45:49,13:45:49,15,1785347141,0.000578926,0.578926396,1.859917778,416.2664839,271.0167869,27.30362962,41.9368336,0.022758409,3.107178531,0.022666207,0.014174632,261.4498458,30.50065591,29.72282258,4.193088561,41.69836641,1.695113692,4.065180096,2.497974869,-25.53065408,-89.98431011,-6.404587244,139.5302944,3.518714117,0.411418729,1.859917778,433.612032,425.919503,0.319417528,92.63081697,0.578926396,15.92899911,17.04881818,0.023778382,96.72290002,0,0,1,0,52825.62411,1499.999032,1273.859184,0.849240004,0.17430001,9,0.5,0: Broadleaf,2,TRUE,1785347141,416.2664839,425.1196774,16.82575806,15.85526774,418.6264839,16.71575806,375.1162258,100.6451613,0.09999891,29.18564839,29.72282258,999.9,0,0,9998.466129,699.4313226,0.218638,-8.748797097,423.5121613,431.9688387,1.006283839,425.1196774,15.85526774,1.697032581,1.595756129,14.86897419,13.91756129,1499.999032,0.691999871,0.308000129,30,28282.5129,1785347188,13:46:28,1785347188,1785347178,86,-0.081,-0.009,-2.36,0.11,425,16,0.99,0.23,-8.287270732,-8.469437979,0.936358565,0,1.015737049,-0.086554181,0.028288371,1,1,2,1/2,2.63406,2.71252,0.0972097,0.0978905,0.0918685,0.0881353,25276.5,24942.9,25476.2,25423.1,31964.3,31599.9,39129.8,38261.3,1.704,2.10168,0.0863895,0,28.3173,999.9,55.7,31.3,25.3981,62.5163,21.8269,1,0.204916,0,20.4261,5.22103,11.98,4.96935,3.29535,9108.2,9999,9999,239.8,4.97,1.87521,1.87134,1.87439,1.8743,1.8724,1.87363,1.87485,0,0,0,0,11111111,oooooooo,on,on,on,on,0,100,100,-2.36,0.11,-1.205809514,-0.002774575,7.27494E-07,-2.16226E-10,-0.065304663,-0.001584374,0.000939206,-5.31953E-06,23,2146,2,22,1.6,1.6,0.155029,4.99756,1.49902,2.28027,1.4978,2.42188,34.1225,14.0883,3,358.863,644.147,29.004,29.9427,30.0004,29.8022,29.8268,-1,40,10,-999.9,400,20,100.586,106.921
84,1785347269,10934.5,20260729 13:47:49,13:47:49,15,1785347261,0.00051747,0.517469887,1.665354814,412.1313871,263.138956,26.51195629,41.52334373,0.019820076,3.108358859,0.019750132,0.012350096,261.4500055,30.53036263,29.72520968,4.1936647,40.06550254,1.630155039,4.068724802,2.563509661,-22.82042203,-87.89079454,-6.25374853,144.4850404,1.917925046,0.481264008,1.665354814,424.262444,419.2813515,0.093490779,92.63108668,0.517469887,15.12856959,16.25383818,0.009307496,96.7322487,0,0,1,0,52850.67602,1499.999677,1273.859751,0.849240016,0.174300041,9,0.5,0: Broadleaf,2,TRUE,1785347261,412.1313871,417.2089032,16.17976774,15.04376452,414.3853871,16.07576774,375.1129677,100.6527097,0.099975097,29.20073226,29.72520968,999.9,0,0,10003.14839,699.7433226,0.218638,-5.151105161,418.8417742,423.5811935,1.153253548,417.2089032,15.04376452,1.630273871,1.514196774,14.24795484,13.11207742,1499.999677,0.691999452,0.308000548,30,28282.52903,1785347295,13:48:15,1785347295,1785347292,87,0.091,0.009,-2.254,0.104,422,15,0.7,0.06,-5.593574634,4.757924948,0.947173336,0,1.190655122,-0.824418397,0.091010829,0,0,2,0/2,2.63378,2.71263,0.0960931,0.0963319,0.0887906,0.0845631,25303.2,24981.8,25472,25419.1,32068.6,31719.4,39123.4,38255.3,1.70278,2.1013,0.0956468,0,28.1639,999.9,54.3,31.3,24.7589,62.5463,21.7909,1,0.210424,0,20.426,5.22014,11.98,4.96935,3.29528,9108.2,9999,9999,239.9,4.96996,1.87526,1.87128,1.87439,1.87429,1.87239,1.87363,1.87485,0,0,0,0,11111111,oooooooo,on,on,on,on,0,100,100,-2.254,0.104,-1.28740958,-0.002774575,7.27494E-07,-2.16226E-10,-0.073906073,-0.001584374,0.000939206,-5.31953E-06,23,2146,2,22,1.4,1.5,0.155029,4.99756,1.4978,2.28149,1.4978,2.39258,34.1678,14.0707,3,358.717,644.766,29.0536,30.0198,30,29.8856,29.9106,-1,40,10,-999.9,400,20,100.569,106.904
85,1785347389,11054.5,20260729 13:49:49,13:49:49,15,1785347381,0.000480425,0.480424978,1.596219068,412.8450968,258.5585704,26.05161229,41.59707558,0.018276804,3.107049982,0.018217286,0.011391135,261.4500235,30.52462176,29.67532581,4.181639287,39.3771947,1.600726132,4.065109624,2.580913155,-21.18674153,-82.07478411,-5.840487016,152.3480109,3.793299388,0.199256917,1.596219068,431.349731,422.7039091,0.480982493,92.63031309,0.480424978,15.57666859,16.24321212,0.045273023,96.70717404,0,0,1,0,52822.93418,1500.000968,1273.860764,0.849239961,0.174299903,9,0.5,0: Broadleaf,2,TRUE,1785347381,412.8450968,422.1434516,15.88698065,15.4165129,415.0831613,15.79498065,375.1207097,100.6570968,0.100005365,29.18534839,29.67532581,999.9,0,0,9996.689032,700.0357742,0.218638,-9.298285806,419.5236129,428.7539032,0.501747774,422.1434516,15.4165129,1.602284194,1.551780645,13.9796871,13.48711935,1500.000968,0.69200129,0.30799871,30,28282.55161,1785347410,13:50:10,1785347295,1785347410,88,0.091,-0.013,-2.254,0.092,422,15,0.7,0.14,-8.1185885,-23.88694447,2.337796397,0,0.6071999,-1.459325516,0.214448443,0,0,2,0/2,2.63415,2.71248,0.0967211,0.0984896,0.0887608,0.0863829,25288.4,24924.7,25474.7,25421.6,32073.1,31659.4,39127.6,38259.3,1.70298,2.10095,0.107698,0,27.9238,999.9,54.4,31.3,24.8,61.9463,21.2821,1,0.20717,0,20.4262,5.22148,11.98,4.9692,3.2955,9108.2,9999,9999,239.9,4.97,1.87527,1.87132,1.87439,1.87428,1.87238,1.87363,1.87485,0,0,0,0,11111111,oooooooo,on,on,on,on,0,100,100,-2.246,0.092,-1.196157945,-0.002774575,7.27494E-07,-2.16226E-10,-0.06507978,-0.001584374,0.000939206,-5.31953E-06,23,2146,2,22,1.6,1.6,0.155029,4.99756,1.49902,2.28027,1.49902,2.30103,34.1905,14.0357,3,358.857,644.611,29.0507,30.0045,29.9998,29.8934,29.9234,-1,40,10,-999.9,400,20,100.58,106.915
86,1785347509,11174.5,20260729 13:51:49,13:51:49,15,1785347501,0.000416876,0.416876015,1.647070364,432.4359355,257.167456,25.91316572,43.57388074,0.016389021,3.109272365,0.01634118,0.010217524,261.4504245,30.50512032,29.63787097,4.172629886,41.3273258,1.676678794,4.057070623,2.495951092,-18.38423227,-81.5965424,-5.800241451,155.6694084,4.776019847,0.190514289,1.647070364,454.5918935,444.4966788,0.614562178,92.6290363,0.416876015,16.25740246,16.91812448,0.031252328,96.66780996,0,0,1,0,52880.90529,1500.001935,1273.861716,0.849240048,0.174300058,9,0.5,0: Broadleaf,2,TRUE,1785347501,432.4359355,444.0928387,16.63969677,16.19019677,434.7809355,16.55269677,375.1051613,100.6638065,0.099976503,29.15109677,29.63787097,999.9,0,0,10006.25,700.0828387,0.218638,-11.59458,439.8360323,451.4012581,0.491766968,444.0928387,16.19019677,1.67927129,1.629766774,14.70549355,14.24291935,1500.001935,0.691999323,0.30800071,30,28282.55806,1785347539,13:52:19,1785347539,1785347532,89,-0.081,0,-2.345,0.087,422,15,0.39,0.15,-11.41203854,-0.56179547,0.932200964,0,0.517036463,0.176329923,0.120610279,0,0,2,0/2,2.63446,2.71272,0.100403,0.101138,0.0914145,0.0886464,25190,24856.7,25479.2,25426.8,31984.3,31586.3,39134.2,38266.1,1.70345,2.10187,0.108339,0,27.8567,999.9,55.7,31.4,25.5378,62.6363,21.1739,1,0.19987,0,20.4267,5.21729,11.98,4.96915,3.29563,9108.2,9999,9999,239.9,4.97,1.87524,1.87129,1.87439,1.87425,1.87235,1.87363,1.87485,0,0,0,0,11111111,oooooooo,on,on,on,on,0,100,100,-2.345,0.087,-1.196157945,-0.002774575,7.27494E-07,-2.16226E-10,-0.077728853,-0.001584374,0.000939206,-5.31953E-06,23,2146,2,22,3.6,1.6,0.155029,4.99756,1.49902,2.28027,1.4978,2.37305,34.2133,14.0357,3,358.855,645.019,29.0377,29.9404,29.9997,29.85,29.8894,-1,40,10,-999.9,400,20,100.597,106.935
87,1785347629,11294.5,20260729 13:53:49,13:53:49,15,1785347621,0.000413486,0.413486409,1.56653638,410.822,235.2419382,23.70464959,41.39734448,0.01552928,3.108644267,0.015486311,0.009682795,261.4498351,30.56256798,29.71156129,4.190371517,38.74071226,1.576870328,4.070318371,2.613501188,-18.23475064,-84.47563775,-6.009990756,152.7294559,0.102714029,0.568227375,1.56653638,418.376003,415.4309455,-0.087789318,92.6288924,0.413486409,14.24691933,15.47942378,-0.024784342,96.66321259,0,0,1,0,52856.45765,1499.999032,1273.859255,0.849240051,0.174300002,9,0.5,0: Broadleaf,2,TRUE,1785347621,410.822,411.6285484,15.64866129,14.30662581,412.948,15.52766129,375.1032258,100.6671613,0.099945823,29.20750968,29.71156129,999.9,0,0,10003.02581,699.9577419,0.218638,-0.994286757,417.1551613,417.6032258,1.325070516,411.6285484,14.30662581,1.573600645,1.440206774,13.70228065,12.3468871,1499.999032,0.692000161,0.307999903,30,28282.49677,1785347656,13:54:15,1785347654,1785347656,90,0.21,0.025,-2.126,0.121,424,16,0.93,0.27,-0.663332012,-12.13283358,1.708539527,0,1.3291634,-0.65601143,0.183275758,0,0,2,0/2,2.6342,2.71267,0.0954938,0.09557,0.0857704,0.0829135,25328.9,25011.4,25480.5,25427.4,32186.1,31786.7,39135.9,38267,1.7035,2.10325,0.10388,0,28.0235,999.9,53,31.4,24.2991,62.6363,20.8854,1,0.197627,0,20.4268,5.21939,11.98,4.96825,3.2953,9108.2,9999,9999,240,4.96995,1.87519,1.87127,1.87439,1.87431,1.87233,1.87363,1.87485,0,0,0,0,11111111,oooooooo,on,on,on,on,0,100,100,-2.126,0.121,-1.276815275,-0.002774575,7.27494E-07,-2.16226E-10,-0.077916499,-0.001584374,0.000939206,-5.31953E-06,23,2146,2,22,1.5,1.6,0.155029,4.99756,1.49902,2.27905,1.49902,2.35962,34.2133,14.0007,3,358.694,645.912,29.045,29.9006,30,29.8161,29.8644,-1,40,10,-999.9,400,20,100.602,106.938
88,1785347750,11414.9,20260729 13:55:49,13:55:49,15,1785347742,0.000407487,0.407487403,1.289562793,424.0750645,275.1455317,27.72344167,42.72946117,0.015421011,3.109269451,0.015378647,0.009615451,261.4509214,30.66253415,29.81392903,4.215126602,39.63867655,1.622655943,4.093617861,2.592470659,-17.97019449,-85.08580982,-6.058225034,152.336692,6.932902885,0.130504453,1.289562793,452.0028336,439.0935455,0.987921129,92.63000769,0.407487403,16.06215045,16.47151212,0.053514832,96.6974161,0,0,1,0,52853.58299,1500.005161,1273.864392,0.849240006,0.174300015,9,0.5,0: Broadleaf,2,TRUE,1785347742,424.0750645,440.842,16.10429677,15.79621935,426.2094839,15.98029677,375.1086129,100.6592258,0.099966948,29.30633871,29.81392903,999.9,0,0,10006.69194,699.6230968,0.218638,-16.76685806,431.0240968,447.9189677,0.323820677,440.842,15.79621935,1.622628065,1.590032581,14.1743871,13.85981935,1500.005161,0.691999806,0.308000194,30.84139355,28282.63226,1785347773,13:56:12,1785347654,1785347773,91,0.21,-0.012,-2.126,0.124,424,16,0.93,0.26,-14.9673778,-24.21123721,3.891139064,0,0.450967634,-2.372896495,0.260891404,0,0,2,0/2,2.63404,2.71267,0.0995323,0.101045,0.0896402,0.0887011,25213.9,24858.1,25478.7,25425.5,32046.1,31583.1,39132.7,38264.4,1.70335,2.1011,0.102162,0,28.1498,999.9,55.1,31.4,25.2627,62.4863,21.3982,1,0.200178,0,20.4264,5.21729,11.98,4.96915,3.29565,9108.2,9999,9999,240,4.97001,1.87523,1.87133,1.87439,1.8743,1.8724,1.87363,1.87485,0,0,0,0,11111111,oooooooo,on,on,on,on,0,100,100,-2.153,0.124,-1.067240773,-0.002774575,7.27494E-07,-2.16226E-10,-0.05309388,-0.001584374,0.000939206,-5.31953E-06,23,2146,2,22,1.6,1.6,0.155029,4.99756,1.49902,2.27905,1.4978,2.31323,34.2587,13.9832,3,358.733,644.255,29.1248,29.929,30.0002,29.8367,29.8801,-1,40,10,-999.9,400,20,100.594,106.931
89,1785347870,11534.9,20260729 13:57:49,13:57:49,15,1785347862,0.000381727,0.381726541,1.685082387,424.5443226,226.1137184,22.78224808,42.77526435,0.014621286,3.106529586,0.014583162,0.009117893,261.4497877,30.68999835,29.81136452,4.214504884,40.35630799,1.653945271,4.098356249,2.560559614,-16.83414044,-81.22526215,-5.788950665,157.6014345,3.315366062,0.219004373,1.685082387,446.569828,435.0247394,0.752300832,92.63838857,0.381726541,16.06562034,16.66308848,0.029284184,97.02172293,0,0,1,0,52786.13246,1499.999032,1273.859123,0.849239963,0.174299971,9,0.5,0: Broadleaf,2,TRUE,1785347862,424.5443226,432.7222258,16.4154,15.89855161,426.6798065,16.3124,375.0972258,100.6557097,0.099999629,29.32637742,29.81136452,999.9,0,0,9994.432258,699.6146129,0.218638,-8.177871935,431.6440323,439.7142903,0.549245935,432.7222258,15.89855161,1.655565484,1.600281613,14.48563871,13.95994194,1499.999032,0.69200029,0.307999677,31,28282.51613,1785347889,13:58:09,1785347654,1785347889,92,0.21,-0.01,-2.126,0.103,424,15,0.93,0.46,-5.056509585,-57.66178162,5.747114136,0,0.746417415,-3.128833108,0.325793944,0,0,2,0/2,2.63443,2.71265,0.0988202,0.099932,0.0904194,0.0890475,25235.8,24891.5,25480.6,25428.1,32020.5,31573.7,39135.3,38267.9,1.70378,2.10173,0.104815,0,28.1033,999.9,55.8,31.4,25.5841,62.1263,21.1218,1,0.196303,0,20.427,5.21969,11.98,4.96915,3.29565,9108.2,9999,9999,240,4.97002,1.87523,1.87128,1.87439,1.8743,1.87241,1.87363,1.87485,0,0,0,0,11111111,oooooooo,on,on,on,on,0,100,100,-2.143,0.103,-1.067240773,-0.002774575,7.27494E-07,-2.16226E-10,-0.065576028,-0.001584374,0.000939206,-5.31953E-06,23,2146,2,22,3.6,1.6,0.155029,4.99756,1.49902,2.27783,1.4978,2.30957,34.3042,13.9569,3,358.801,644.497,29.1518,29.9033,29.9999,29.811,29.8542,-1,40,10,-999.9,400,20,100.601,106.941
90,1785347990,11654.9,20260729 13:59:49,13:59:49,15,1785347982,0.00043059,0.430590177,1.37793658,441.2326,296.1439339,29.84230979,44.46283862,0.016990276,3.108045339,0.016938846,0.010591386,261.4499382,30.71393794,29.87291333,4.229448287,42.45842353,1.743777184,4.107022915,2.485671103,-18.98902679,-85.44546738,-6.089718723,150.9257253,-3.685987119,0.677717815,1.37793658,430.2589591,441.3211212,-1.459058609,92.62955795,0.430590177,15.33317208,16.94801678,-0.058090762,96.68367772,0,0,1,0,52815.37153,1499.999,1273.859196,0.84924003,0.174300075,9,0.5,0: Broadleaf,2,TRUE,1785347982,441.2326,433.1066,17.30459333,15.70674667,443.4058333,17.19859333,375.1243333,100.6696,0.10001362,29.36297667,29.87291333,999.9,0,0,10000.02733,699.5816667,0.218638,8.125978333,449.0225,440.0224333,1.640272,433.1066,15.70674667,1.746318333,1.581192,15.31361667,13.76933,1499.999,0.691999,0.308001,31,28282.52667,1785348011,14:00:11,1785347654,1785348011,93,0.21,0.01,-2.126,0.106,424,15,0.93,0.16,6.466300618,48.81622681,5.664294138,0,1.46151495,3.890079422,0.390431555,0,0,2,0/2,2.6346,2.71259,0.0997192,0.096912,0.0913562,0.0834291,25212.8,24976.3,25482.5,25429.3,31989.8,31771.3,39138.5,38269.9,1.7045,2.10448,0.10493,0,28.1671,999.9,55.4,31.4,25.3988,62.5763,21.4423,1,0.19344,0,20.4268,5.22014,11.98,4.96855,3.29525,9108.2,9999,9999,240.1,4.96994,1.87525,1.87133,1.87439,1.87427,1.87238,1.87363,1.87485,0,0,0,0,11111111,oooooooo,on,on,on,on,0,100,100,-2.155,0.106,-1.067240773,-0.002774575,7.27494E-07,-2.16226E-10,-0.075085866,-0.001584374,0.000939206,-5.31953E-06,23,2146,2,22,5.6,1.7,0.155029,4.99756,1.4978,2.27783,1.4978,2.31445,34.3497,13.9569,3,358.983,646.471,29.1855,29.867,30.0001,29.7791,29.821,-1,40,10,-999.9,400,20,100.609,106.946
91,1785348110,11774.9,20260729 14:01:49,14:01:49,15,1785348102,0.000384067,0.384067423,1.303588743,439.7577,284.091253,28.62756045,44.31389566,0.014861245,3.107651583,0.014821875,0.0092672,261.44997,30.74537634,29.87927,4.230994246,41.26360878,1.69664951,4.111733219,2.534344736,-16.93737335,-83.17173931,-5.929190956,155.4116664,-3.403567132,0.487847624,1.303588743,435.4866424,441.039703,-0.883358184,92.63082156,0.384067423,15.69857668,16.73060303,-0.012205345,96.7234337,0,0,1,0,52802.70927,1500,1273.859988,0.849239992,0.17429998,9,0.5,0: Broadleaf,2,TRUE,1785348102,439.7577,432.1063333,16.83703667,15.68626333,442.0777,16.70703667,375.1132667,100.6689,0.09999082,29.38284,29.87927,999.9,0,0,9998.285,699.6358333,0.218638,7.800997,447.4485333,438.9925667,1.166792667,432.1063333,15.68626333,1.696578667,1.579118,14.86497667,13.75649,1500,0.692000267,0.307999733,31,28282.51667,1785348127,14:02:06,1785348126,1785348127,94,-0.161,0,-2.32,0.13,433,16,0.33,0.16,8.2948735,-9.96732788,1.081085251,0,1.20796125,-0.865444841,0.090067128,0,0,2,0/2,2.63427,2.7125,0.0997307,0.0983084,0.0905951,0.0865874,25210.7,24936.2,25480.8,25427.9,32014.4,31659.2,39135.5,38267.6,1.7039,2.1029,0.10401,0,28.1726,999.9,55.6,31.5,25.6384,61.8563,21.5545,1,0.194167,0,20.4268,5.21999,11.98,4.96885,3.29538,9108.2,9999,9999,240.1,4.96994,1.87525,1.87131,1.87439,1.8743,1.87239,1.87363,1.87485,0,0,0,0,11111111,oooooooo,on,on,on,on,0,100,100,-2.32,0.13,-1.067240773,-0.002774575,7.27494E-07,-2.16226E-10,-0.064856017,-0.001584374,0.000939206,-5.31953E-06,23,2146,2,22,7.6,1.6,0.155029,4.99756,1.49902,2.27905,1.4978,2.32422,34.3725,13.9394,3,358.695,645.138,29.2114,29.8776,30,29.7801,29.8219,-1,40,10,-999.9,400,20,100.602,106.94
92,1785348230,11894.9,20260729 14:03:49,14:03:49,15,1785348222,0.000401249,0.401248998,1.249768369,422.4211613,277.0752278,27.91794334,42.56291744,0.015338505,3.107084262,0.015296562,0.00956411,261.4499274,30.77934683,29.91717097,4.240222094,40.64175957,1.674747918,4.120756422,2.565474177,-17.69508082,-83.14072347,-5.930292402,154.6838307,1.737006545,0.213061162,1.249768369,434.2666241,430.3411515,0.08881591,92.63785474,0.401248998,16.36900918,16.85748061,0.044267408,96.99478694,0,0,1,0,52782.6516,1500,1273.859971,0.849239981,0.174299952,9,0.5,0: Broadleaf,2,TRUE,1785348222,422.4211613,426.8048065,16.62125161,16.11853871,424.7201613,16.49225161,375.1004516,100.6594516,0.099983152,29.42083548,29.91717097,999.9,0,0,9996.612903,699.5770645,0.218638,-4.37666129,429.5732903,433.7970323,0.514687968,426.8048065,16.11853871,1.674292581,1.622484516,14.65972258,14.173,1500,0.692000645,0.307999355,31,28282.51935,1785348257,14:04:16,1785348257,1785348248,95,0.032,0,-2.299,0.129,442,16,0.62,0.13,-4.013965,-7.424173058,1.001221612,0,0.575715875,-1.234535786,0.177480227,0,0,2,0/2,2.63469,2.71267,0.097988,0.0980866,0.0911341,0.0882852,25260.6,24942.6,25481.9,25428.1,31996.4,31600.2,39137.1,38267.9,1.7043,2.10225,0.109151,0,28.1554,999.9,55.9,31.5,25.7766,61.8263,21.883,1,0.193082,0,20.4261,5.21729,11.98,4.96815,3.29563,9108.2,9999,9999,240.1,4.97,1.87517,1.87133,1.87439,1.8743,1.87237,1.87363,1.87485,0,0,0,0,11111111,oooooooo,on,on,on,on,0,100,100,-2.299,0.129,-1.228416113,-0.002774575,7.27494E-07,-2.16226E-10,-0.064504572,-0.001584374,0.000939206,-5.31953E-06,23,2146,2,22,1.7,1.7,0.155029,4.99756,1.4978,2.27905,1.4978,2.39258,34.418,13.9394,3,358.821,644.458,29.2284,29.8636,30,29.7673,29.8107,-1,40,10,-999.9,400,20,100.606,106.941
93,1785348350,12014.9,20260729 14:05:49,14:05:49,15,1785348342,0.000418956,0.418956431,1.047682655,441.5806774,317.6621979,32.00379522,44.48832019,0.015618157,3.108139994,0.015574688,0.009738075,261.4496717,30.83030762,29.99594516,4.259457586,39.39368959,1.628549944,4.134037612,2.630907642,-18.4759786,-87.019749,-6.209008045,149.744936,-3.100799474,0.462876407,1.047682655,433.7633746,442.5507636,-1.147922815,92.63163627,0.418956431,15.10645232,16.1203303,-0.002412974,96.75053997,0,0,1,0,52797.26673,1499.997742,1273.858071,0.849239992,0.174300044,9,0.5,0: Broadleaf,2,TRUE,1785348342,441.5806774,434.6314516,16.16460645,15.07199677,443.883871,16.06560645,375.1154516,100.6479032,0.099983781,29.47662903,29.99594516,999.9,0,0,10002.61871,700.1289032,0.218638,6.949205806,448.8505161,441.2827742,1.124400968,434.6314516,15.07199677,1.630135161,1.516966129,14.24658387,13.14012903,1499.997742,0.691999323,0.308000645,31,28282.4871,1785348379,14:06:19,1785348257,1785348379,96,0.032,-0.01,-2.299,0.099,442,15,0.62,0.23,4.390545854,49.01392662,5.907630445,0,1.173934146,-0.888237282,0.104020201,0,0,2,0/2,2.63435,2.71267,0.0999615,0.096637,0.0881857,0.0836859,25199.2,24976.6,25475.9,25422.1,32094.1,31753.2,39128,38259,1.70375,2.10175,0.0968799,0,28.4273,999.9,54.3,31.5,25.0406,61.4363,21.5986,1,0.200658,0,20.4268,5.21984,11.98,4.96895,3.29545,9108.2,9999,9999,240.2,4.97002,1.87525,1.87127,1.87439,1.87429,1.87234,1.87363,1.87485,0,0,0,0,11111111,oooooooo,on,on,on,on,0,100,100,-2.288,0.099,-1.196076814,-0.002774575,7.27494E-07,-2.16226E-10,-0.064098908,-0.001584374,0.000939206,-5.31953E-06,23,2146,2,22,1.6,1.7,0.155029,4.99756,1.49902,2.27783,1.4978,2.41333,34.4636,13.9306,3,358.815,644.55,29.2786,29.9241,30.0005,29.8159,29.8571,-1,40,10,-999.9,400,20,100.582,106.916
94,1785348470,12134.9,20260729 14:07:49,14:07:49,15,1785348462,0.000373484,0.373483675,1.181143533,411.2693,257.2389045,25.91578519,41.43372813,0.013594186,3.108226639,0.013561241,0.008478729,261.4497957,30.90146878,30.04023,4.270304646,37.99593388,1.576215836,4.148380301,2.694088809,-16.47063005,-84.37576476,-6.023300705,154.5801002,1.065649784,0.408899309,1.181143533,421.1366285,417.668897,0.059900293,92.63123527,0.373483675,14.62201848,15.60531212,-0.009809725,96.73696881,0,0,1,0,52788.75981,1499.999,1273.859139,0.849239992,0.17429998,9,0.5,0: Broadleaf,2,TRUE,1785348462,411.2693,414.2296,15.64544667,14.67972333,413.4803,15.53444667,375.1092,100.646,0.099978683,29.53670667,30.04023,999.9,0,0,10003.20667,700.1010667,0.218638,-2.983627,417.7812667,420.4011333,0.9628364,414.2296,14.67972333,1.574362,1.477457,13.71012333,12.73669,1499.999,0.692000267,0.307999733,31,28282.50333,1785348504,14:08:24,1785348504,1785348497,97,0.061,0.005,-2.211,0.111,432,15,0.88,0.32,-3.60535975,5.797223302,1.474959323,0,0.9557501,0.134421749,0.064180469,0,0,2,0/2,2.63412,2.71262,0.0958279,0.0959828,0.0862138,0.083459,25309.3,24988.4,25470.7,25416,32157.5,31753.7,39120.1,38250.2,1.70285,2.09963,0.099685,0,28.42,999.9,53,31.6,24.5825,62.4563,21.1739,1,0.207764,0,20.4262,5.21759,11.98,4.96775,3.2953,9108.2,9999,9999,240.2,4.97,1.87521,1.87129,1.87439,1.87429,1.87237,1.87363,1.87485,0,0,0,0,11111111,oooooooo,on,on,on,on,0,100,100,-2.211,0.111,-1.196076814,-0.002774575,7.27494E-07,-2.16226E-10,-0.073971214,-0.001584374,0.000939206,-5.31953E-06,23,2146,2,22,3.5,1.5,0.155029,4.99756,1.49902,2.27783,1.4978,2.25952,34.5092,13.8694,3,358.782,643.482,29.334,30.0168,30,29.8908,29.9234,-1,40,10,-999.9,400,20,100.562,106.891
95,1785348590,12254.9,20260729 14:09:49,14:09:49,15,1785348582,0.000335429,0.33542905,1.104061281,428.5154667,274.0824286,27.61479972,43.17448897,0.012684009,3.108221269,0.012655323,0.007912149,261.4501424,30.84541141,29.93968667,4.245712352,40.0076665,1.653417788,4.132752377,2.592294564,-14.79242109,-78.49836562,-5.599134825,162.5602209,1.231643426,0.337910679,1.104061281,437.6764266,435.6423758,-0.066489934,92.63293749,0.33542905,15.65884611,16.44111394,0.000898129,96.79456128,0,0,1,0,52800.22478,1500,1273.860018,0.849240012,0.174300095,9,0.5,0: Broadleaf,2,TRUE,1785348582,428.5154667,431.8178667,16.41050333,15.61308333,430.8104667,16.28950333,375.1208333,100.6536333,0.09999711,29.47123667,29.93968667,999.9,0,0,10002.42333,700.2280667,0.218638,-3.219429,435.7536333,438.6667,0.807439533,431.8178667,15.61308333,1.652784,1.571514,14.45994333,13.68210333,1500,0.691998633,0.308001333,31,28282.5,1785348618,14:10:18,1785348618,1785348611,98,-0.062,-0.002,-2.295,0.121,439,16,0.64,0.31,-2.625412153,-5.582458475,1.31234907,0,0.855438325,-0.967143141,0.095208459,0,0,2,0/2,2.63407,2.7126,0.0988645,0.0988943,0.0895014,0.0873497,25227.3,24912,25473.6,25420.1,32044.1,31623.2,39124.1,38256.2,1.70303,2.09938,0.112534,0,28.1044,999.9,54.7,31.6,25.3662,61.4963,21.7067,1,0.203615,0,20.4265,5.22014,11.98,4.96905,3.29542,9108.2,9999,9999,240.2,4.96999,1.87521,1.87127,1.87439,1.87427,1.87239,1.87363,1.87485,0,0,0,0,11111111,oooooooo,on,on,on,on,0,100,100,-2.295,0.121,-1.134480191,-0.002774575,7.27494E-07,-2.16226E-10,-0.069408331,-0.001584374,0.000939206,-5.31953E-06,23,2146,2,22,1.4,1.6,0.155029,4.99756,1.4978,2.27905,1.4978,2.3999,34.5092,13.8956,3,358.826,643.155,29.3119,30.0004,29.9997,29.883,29.9131,-1,40,10,-999.9,400,20,100.573,106.908
96,1785348710,12374.9,20260729 14:11:49,14:11:49,15,1785348702,0.000326212,0.326211823,1.277502072,423.7798333,243.2593561,24.51170383,42.7016084,0.012310287,3.107885745,0.012283262,0.007679462,261.4501988,30.74162141,29.80138,4.212085093,39.27987032,1.613416691,4.107489862,2.598668401,-14.38594141,-73.12542464,-5.210136084,168.7286966,-1.021108427,0.673547309,1.277502072,430.5234512,428.0929212,-0.068738541,92.63152494,0.326211823,14.33937783,15.66784424,-0.054062868,96.74638179,0,0,1,0,52811.1801,1500.000667,1273.860638,0.849240048,0.174300055,9,0.5,0: Broadleaf,2,TRUE,1785348702,423.7798333,422.0147667,16.01189,14.42175333,425.9948333,15.92189,375.1163667,100.6636667,0.09999654,29.36494667,29.80138,999.9,0,0,9999.882333,700.3406,0.218638,1.7171488,430.6405667,428.1903667,1.619905233,422.0147667,14.42175333,1.614813,1.451746,14.09898,12.46669667,1500.000667,0.691999367,0.308000667,30.36944,28282.54333,1785348733,14:12:13,1785348733,1785348727,99,0.055,0.001,-2.215,0.09,428,15,0.79,0.12,1.8430076,-18.19888347,3.427883245,0,1.56001535,0.046488698,0.323467285,1,1,2,1/2,2.63432,2.71258,0.0976631,0.0976234,0.0864553,0.0831654,25268.4,24954,25480.7,25426.8,32161,31777,39134.8,38265.6,1.70382,2.10217,0.116497,0,27.8881,999.9,53.2,31.6,24.6731,61.7963,21.1538,1,0.193821,0,20.4247,5.22088,11.98,4.9691,3.29533,9108.2,9999,9999,240.3,4.97002,1.87524,1.87128,1.87439,1.87427,1.87235,1.87363,1.87485,0,0,0,0,11111111,oooooooo,on,on,on,on,0,100,100,-2.215,0.09,-1.196350416,-0.002774575,7.27494E-07,-2.16226E-10,-0.07168291,-0.001584374,0.000939206,-5.31953E-06,23,2146,2,22,1.5,1.6,0.155029,4.99756,1.49902,2.27783,1.4978,2.29004,34.5092,13.8343,3,358.764,644.727,29.2392,29.8945,29.9998,29.7996,29.8404,-1,40,10,-999.9,400,20,100.601,106.935
97,1785348830,12494.9,20260729 14:13:49,14:13:49,15,1785348822,0.000314472,0.314472094,1.258979832,432.4724,253.0170704,25.49441388,43.57662642,0.012208659,3.106752913,0.012182068,0.007616177,261.4501144,30.6657175,29.73348333,4.195662126,40.85087984,1.670279285,4.088722914,2.525382842,-13.86821934,-75.01375369,-5.342725953,167.2254154,2.632629045,0.319763534,1.258979832,446.1851936,441.4486606,0.168660123,92.63100301,0.314472094,15.71783395,16.58311758,-0.01194334,96.72934484,0,0,1,0,52798.58438,1500.000333,1273.860306,0.849240015,0.174300038,9,0.5,0: Broadleaf,2,TRUE,1785348822,432.4724,439.1205667,16.57654,15.82206,434.7644,16.46454,375.1148667,100.6616667,0.099969033,29.28561667,29.73348333,999.9,0,0,9994.868333,700.1789667,0.218638,-6.584166333,439.8372,446.1801,0.7767637,439.1205667,15.82206,1.670864667,1.592674333,14.62836,13.88793333,1500.000333,0.6919995,0.3080005,30,28282.53333,1785348866,14:14:25,1785348854,1785348866,100,-0.078,0.011,-2.292,0.112,424,15,0.28,0.18,-6.3552415,5.511110769,2.138343627,0,0.72451665,1.051088083,0.122490267,0,0,2,0/2,2.63437,2.71253,0.0999127,0.0999725,0.0900944,0.0875258,25213,24897.1,25487.9,25434.5,32040.2,31634.3,39145.3,38276.8,1.70467,2.10348,0.120539,0,27.7758,999.9,54.8,31.6,25.4128,62.2163,21.1939,1,0.182373,0,20.4247,5.22193,11.98,4.96945,3.29553,9108.2,9999,9999,240.3,4.97001,1.87525,1.87129,1.87439,1.87424,1.87233,1.87363,1.87485,0,0,0,0,11111111,oooooooo,on,on,on,on,0,100,100,-2.292,0.112,-1.141475588,-0.002774575,7.27494E-07,-2.16226E-10,-0.070484046,-0.001584374,0.000939206,-5.31953E-06,23,2146,2,22,1.6,1.7,0.155029,4.99756,1.49902,2.27783,1.4978,2.27417,34.4864,13.8168,3,358.581,644.674,29.1629,29.7645,29.9997,29.6895,29.7368,-1,40,10,-999.9,400,20,100.628,106.966
98,1785348950,12614.9,20260729 14:15:49,14:15:49,15,1785348942,0.000345255,0.345254798,1.27155425,418.0916129,247.483729,24.93517042,42.12473143,0.013028375,3.108381005,0.012998114,0.008126534,261.4495049,30.66702454,29.75038065,4.199744053,39.12356608,1.600537245,4.090979952,2.599206808,-15.22573659,-76.28305869,-5.430996745,164.5097129,0.132011312,0.365997347,1.27155425,428.842339,424.1483697,0.161521718,92.63106181,0.345254798,15.28285738,15.94553697,0.014771114,96.73156973,0,0,1,0,52834.726,1499.997742,1273.858117,0.849240023,0.174299932,9,0.5,0: Broadleaf,2,TRUE,1785348942,418.0916129,418.7754839,15.88547097,15.02129032,420.3836129,15.78247097,375.1125161,100.6548065,0.099980616,29.29517419,29.75038065,999.9,0,0,10003.04194,699.8709355,0.218638,-0.665698032,424.8697097,425.1623871,0.889266419,418.7754839,15.02129032,1.601473226,1.511965161,13.97289677,13.08761613,1499.997742,0.692001097,0.307998968,30.11559032,28282.49677,1785348990,14:16:30,1785348854,1785348976,101,-0.078,-0.012,-2.292,0.103,424,15,0.28,0.41,-0.067357725,-24.43204979,3.071777065,0,1.069119975,-4.082118135,0.396414385,0,0,2,0/2,2.63468,2.7127,0.0970069,0.0966528,0.087604,0.0853948,25298.7,24993.1,25491.8,25438.5,32133.1,31713.1,39151,38282.5,1.70592,2.1048,0.114433,0,27.8801,999.9,53.8,31.7,25.0914,62.1563,22.0072,1,0.175152,0,20.4245,5.22178,11.98,4.96945,3.29578,9108.2,9999,9999,240.3,4.97,1.87526,1.87131,1.87439,1.87425,1.87239,1.87363,1.87485,0,0,0,0,11111111,oooooooo,on,on,on,on,0,100,100,-2.292,0.103,-1.220027204,-0.002774575,7.27494E-07,-2.16226E-10,-0.059952712,-0.001584374,0.000939206,-5.31953E-06,23,2146,2,22,1.6,1.4,0.155029,4.99756,1.49902,2.27783,1.4978,2.39868,34.4864,13.8431,3,358.69,644.842,29.1358,29.6696,30,29.5974,29.6513,-1,40,10,-999.9,400,20,100.643,106.983
99,1785349070,12734.9,20260729 14:17:49,14:17:49,15,1785349062,0.000295243,0.2952431,1.25868436,433.4441667,243.9380126,24.577989,43.67169284,0.011491516,3.10701956,0.011467956,0.007169585,261.4501069,30.67495596,29.75920333,4.201876747,41.16799432,1.683694963,4.089815379,2.518181784,-13.02022072,-78.55344424,-5.595196335,164.2812456,3.958540157,0.264928103,1.25868436,454.112236,444.3517576,0.676924128,92.62874289,0.2952431,15.97692828,16.73473636,-0.005942914,96.65990732,0,0,1,0,52803.85186,1500.001,1273.860861,0.849240008,0.174299955,9,0.5,0: Broadleaf,2,TRUE,1785349062,433.4441667,443.2172,16.71077333,16.08576667,435.7530333,16.57277333,375.1173667,100.6550667,0.099992917,29.29024333,29.75920333,999.9,0,0,9996.750667,699.6236333,0.218638,-9.773065,440.8095667,450.4635333,0.623020533,443.2172,16.08576667,1.681824333,1.619115,14.72965667,14.14143333,1500.001,0.6920007,0.307999333,30.51666,28282.53667,1785349086,14:18:05,1785348854,1785349086,102,-0.078,0.006,-2.292,0.138,424,16,0.28,0.12,-10.47293625,1.811181276,3.388682431,0,0.476115772,2.373992231,0.287882753,0,0,2,0/2,2.63462,2.71261,0.100508,0.102989,0.0907367,0.0896691,25202.8,24820.4,25493.8,25441,32023.9,31567.2,39153.5,38285.8,1.7061,2.10448,0.114176,0,27.9048,999.9,55.2,31.7,25.7451,62.1563,21.0777,1,0.171316,0,20.4263,5.21729,11.98,4.96975,3.29568,9108.2,9999,9999,240.4,4.96997,1.87527,1.87129,1.87439,1.87424,1.87232,1.87363,1.87485,0,0,0,0,11111111,oooooooo,on,on,on,on,0,100,100,-2.317,0.138,-1.220027204,-0.002774575,7.27494E-07,-2.16226E-10,-0.071473843,-0.001584374,0.000939206,-5.31953E-06,23,2146,2,22,3.6,1.6,0.155029,4.99756,1.49902,2.27783,1.4978,2.32666,34.5092,13.7993,3,358.48,643.9,29.1198,29.6217,29.9999,29.5433,29.592,-1,40,10,-999.9,400,20,100.65,106.992
100,1785349190,12855,20260729 14:19:49,14:19:49,15,1785349182,0.000376136,0.376136032,1.083417626,416.4939677,278.3443093,28.04377461,41.96264328,0.014091523,3.10873529,0.014056133,0.008788255,261.4499275,30.71455727,29.84292258,4.22216109,39.08398642,1.604031661,4.104063603,2.618129429,-16.58759902,-82.53126967,-5.879479246,156.4515796,0.709362481,0.298866405,1.083417626,423.8249505,422.4678788,-0.129772682,92.63026645,0.376136032,15.2749022,16.00532364,0.015273965,96.70584581,0,0,1,0,52833.26112,1499.999355,1273.859506,0.849240036,0.174300027,9,0.5,0: Broadleaf,2,TRUE,1785349182,416.4939677,418.4945806,15.92057742,15.21492903,418.6959677,15.80157742,375.1123871,100.652129,0.099974306,29.3504871,29.84292258,999.9,0,0,10004.93871,699.187129,0.218638,-2.068694839,423.1645161,424.9602903,0.709358742,418.4945806,15.21492903,1.602813226,1.531415161,13.98579677,13.28496129,1499.999355,0.691999742,0.30800029,31,28282.51935,1785349212,14:20:11,1785349208,1785349212,103,0.083,0.003,-2.202,0.119,424,16,0.48,0.2,-2.082594488,2.154997684,0.989034474,0,0.819731,-1.696046523,0.226932179,0,0,2,0/2,2.63474,2.71262,0.0967265,0.0967396,0.0878467,0.0851128,25307,24991,25492,25438.6,32124.5,31723.1,39151.1,38282.5,1.7064,2.10525,0.107415,0,28.0933,999.9,53.7,31.7,25.0471,62.6036,21.0697,1,0.172393,0,20.4294,5.22163,11.98,4.96935,3.29555,9108.2,9999,9999,240.4,4.96999,1.87523,1.87133,1.87439,1.87427,1.87238,1.87363,1.87485,0,0,0,0,11111111,oooooooo,on,on,on,on,0,100,100,-2.202,0.119,-1.220027204,-0.002774575,7.27494E-07,-2.16226E-10,-0.065777295,-0.001584374,0.000939206,-5.31953E-06,23,2146,2,22,5.6,1.7,0.155029,4.99756,1.4978,2.27783,1.4978,2.37549,34.5092,13.8081,3,358.524,644.359,29.1492,29.6158,30.0003,29.5247,29.5743,-1,40,10,-999.9,400,20,100.643,106.983
101,1785349310,12975,20260729 14:21:49,14:21:49,15,1785349302,0.000328639,0.328639452,1.149051684,429.3171613,267.8717279,26.98845416,43.25430914,0.012547046,3.108330927,0.012518977,0.007826877,261.4496083,30.7481778,29.86867742,4.228418374,40.41785386,1.660863261,4.109231694,2.567555113,-14.49299984,-83.18219082,-5.928018848,157.8463988,5.42431553,0.126060931,1.149051684,458.4954711,443.2874182,1.255320727,92.63898567,0.328639452,16.38367572,16.76089758,0.038444444,97.05387363,0,0,1,0,52820.0106,1499.998065,1273.858372,0.849240011,0.174299964,9,0.5,0: Broadleaf,2,TRUE,1785349302,429.3171613,442.4610968,16.48476452,16.18730323,431.5332581,16.36576452,375.1229677,100.6514194,0.099990174,29.37229355,29.86867742,999.9,0,0,10003.14806,699.1120645,0.218638,-13.14387323,436.5224516,449.7427742,0.317772419,442.4610968,16.18730323,1.66126,1.629274194,14.53858387,14.23717419,1499.998065,0.692000581,0.307999452,31,28282.5,1785349327,14:22:06,1785349208,1785349327,104,0.083,-0.009,-2.202,0.119,424,16,0.48,0.26,-11.7224795,-45.33298874,4.704823167,0,0.398989775,-1.649102983,0.17823785,0,0,2,0/2,2.63467,2.7126,0.100316,0.102967,0.0908325,0.0899138,25203.7,24817.1,25489.3,25437.1,32015.1,31553.8,39146.9,38279.9,1.70588,2.10343,0.104241,0,28.1709,999.9,55.4,31.7,25.8391,62.5735,21.0417,1,0.175318,0,20.4287,5.21999,11.98,4.96775,3.29535,9108.2,9999,9999,240.4,4.96998,1.87527,1.87134,1.87439,1.87427,1.87239,1.87363,1.87485,0,0,0,0,11111111,oooooooo,on,on,on,on,0,100,100,-2.232,0.119,-1.136843195,-0.002774575,7.27494E-07,-2.16226E-10,-0.063005754,-0.001584374,0.000939206,-5.31953E-06,23,2146,2,22,1.7,1.6,0.155029,4.99756,1.4978,2.27905,1.4978,2.39136,34.5777,13.7906,3,358.392,642.989,29.1772,29.652,30.0003,29.5476,29.5905,-1,40,10,-999.9,400,20,100.633,106.976
102,1785349430,13095,20260729 14:23:49,14:23:49,15,1785349422,0.000338342,0.33834232,1.101234342,424.9852581,272.409899,27.44689355,42.81975502,0.012810496,3.107826157,0.012781232,0.007990894,261.4500924,30.80406835,29.95469677,4.249375877,40.27150782,1.660407489,4.123032832,2.588968388,-14.9208963,-87.84384366,-6.265725381,152.4196271,-1.179240982,0.469749327,1.101234342,426.033561,428.9862364,-0.570417862,92.63053823,0.33834232,15.30645928,16.33737636,-0.022526253,96.71391086,0,0,1,0,52798.19297,1500.000968,1273.860754,0.849239955,0.174299949,9,0.5,0: Broadleaf,2,TRUE,1785349422,424.9852581,422.634871,16.4795129,15.37100645,427.1952581,16.3625129,375.105871,100.655871,0.099988684,29.43040968,29.95469677,999.9,0,0,10000.38258,699.2420968,0.218638,2.354153287,432.115871,429.2330323,1.121577613,422.634871,15.37100645,1.660077742,1.547184194,14.52783548,13.44238065,1500.000968,0.692000581,0.307999387,31,28282.53871,1785349450,14:24:10,1785349450,1785349447,105,-0.012,0.009,-2.21,0.117,423,16,0.43,0.09,2.258594533,12.58961477,2.429151566,0,1.13580965,-0.45080051,0.096568175,0,0,2,0/2,2.63477,2.71283,0.0977524,0.0961499,0.0891093,0.0850879,25268.8,24998.1,25482.9,25429.6,32068.1,31712.8,39136.9,38269.2,1.7056,2.10327,0.10024,0,28.3255,999.9,54.1,31.7,25.2355,62.0635,21.0577,1,0.183811,0,20.4285,5.22133,11.98,4.96905,3.29535,9108.2,9999,9999,240.5,4.96994,1.8753,1.87134,1.87439,1.87428,1.87239,1.87365,1.87485,0,0,0,0,11111111,oooooooo,on,on,on,on,0,100,100,-2.21,0.117,-1.136843195,-0.002774575,7.27494E-07,-2.16226E-10,-0.072155536,-0.001584374,0.000939206,-5.31953E-06,23,2146,2,22,3.7,1.7,0.155029,4.99756,1.4978,2.27905,1.4978,2.35962,34.6006,13.7555,3,358.602,643.508,29.2115,29.7286,30.0005,29.6105,29.6481,-1,40,10,-999.9,400,20,100.607,106.945
103,1785349550,13215,20260729 14:25:49,14:25:49,15,1785349542,0.000342152,0.342151829,1.260763151,418.0126667,243.7751924,24.55968962,42.1136427,0.012641488,3.106834326,0.012612982,0.007885669,261.4499213,30.82000916,29.95484333,4.249411662,38.66590954,1.595724548,4.12695464,2.653687114,-15.08889567,-85.07941652,-6.070981674,155.2106274,8.214192013,0.188840374,1.260763151,457.8488349,435.3166848,1.969783571,92.63221517,0.342151829,15.43025419,16.03657758,0.019516529,96.77023071,0,0,1,0,52772.02007,1500,1273.859969,0.849239979,0.174299948,9,0.5,0: Broadleaf,2,TRUE,1785349542,418.0126667,437.91,15.83888333,15.39298333,420.2147667,15.75188333,375.1164333,100.6473,0.09998845,29.44689333,29.95484333,999.9,0,0,9996.669667,699.7073667,0.218638,-19.89738267,424.7566667,444.7575,0.483357133,437.91,15.39298333,1.597911333,1.549261667,13.93840333,13.46286,1500,0.6920007,0.3079993,31,28282.51333,1785349569,14:26:08,1785349450,1785349569,106,-0.012,-0.014,-2.21,0.087,423,15,0.43,0.42,-15.8490555,-117.1219623,11.7443107,0,0.576365575,-1.273215298,0.174748779,0,0,2,0/2,2.63438,2.7126,0.0991108,0.103644,0.0879478,0.0862984,25222.8,24782,25475.3,25420.9,32100.6,31661,39125.8,38256.9,1.70413,2.10055,0.0948794,0,28.4006,999.9,53.6,31.8,25.1436,61.9135,21.6827,1,0.194533,0,20.4284,5.22043,11.98,4.96895,3.29518,9108.2,9999,9999,240.5,4.96999,1.87529,1.87132,1.87439,1.8743,1.8724,1.87363,1.87485,0,0,0,0,11111111,oooooooo,on,on,on,on,0,100,100,-2.228,0.087,-1.14858585,-0.002774575,7.27494E-07,-2.16226E-10,-0.062837847,-0.001584374,0.000939206,-5.31953E-06,23,2146,2,22,1.7,1.7,0.155029,4.99756,1.4978,2.27905,1.4978,2.28638,34.6692,13.6942,3,358.423,642.251,29.239,29.8415,30.0005,29.7101,29.7428,-1,40,10,-999.9,400,20,100.578,106.91
104,1785349670,13335,20260729 14:27:49,14:27:49,15,1785349662,0.000310035,0.310035396,1.670002247,419.2692581,173.8042467,17.51140958,42.24290166,0.011504967,3.107572096,0.011481356,0.007177964,261.4500382,30.78799536,29.91826452,4.240488604,38.82517841,1.598638096,4.117529297,2.641850508,-13.67256095,-85.61222444,-6.105244323,156.0600085,2.631541908,0.422166443,1.670002247,441.6339153,427.7855879,0.989834483,92.6324773,0.310035396,14.74796576,15.74089939,-0.02525919,96.77916761,0,0,1,0,52796.26691,1500.000323,1273.860342,0.849240045,0.174299988,9,0.5,0: Broadleaf,2,TRUE,1785349662,419.2692581,426.0078387,15.86680323,14.86996452,421.4741935,15.75480323,375.1070323,100.6536452,0.099989516,29.40725484,29.91826452,999.9,0,0,9999.434516,700.1493548,0.218638,-6.738734384,426.0281935,432.4396452,0.995115258,426.0078387,14.86996452,1.596879355,1.496718065,13.92851613,12.93412903,1500.000323,0.692000355,0.30799971,31,28282.53548,1785349693,14:28:13,1785349450,1785349693,107,-0.012,0.015,-2.21,0.112,423,15,0.43,0.48,-3.812186778,-80.41664393,11.94517241,0,0.922152659,0.809375373,0.199208198,0,0,2,0/2,2.63441,2.71264,0.0978124,0.102623,0.0867983,0.0849546,25255.2,24806,25471.7,25416.8,32136.7,31702.6,39119.9,38250.6,1.70387,2.09963,0.0984743,0,28.3173,999.9,52.9,31.8,24.8138,62.3635,21.875,1,0.200259,0,20.4287,5.22058,11.98,4.96925,3.29523,9108.2,9999,9999,240.5,4.97001,1.8753,1.87132,1.87439,1.87425,1.87237,1.87363,1.87485,0,0,0,0,11111111,oooooooo,on,on,on,on,0,100,100,-2.212,0.112,-1.14858585,-0.002774575,7.27494E-07,-2.16226E-10,-0.077093033,-0.001584374,0.000939206,-5.31953E-06,23,2146,2,22,3.7,1.7,0.155029,4.99756,1.49902,2.27905,1.4978,2.27905,34.6921,13.6855,3,358.698,642.242,29.2175,29.9152,30.0002,29.7832,29.8123,-1,40,10,-999.9,400,20,100.563,106.893
105,1785349790,13455,20260729 14:29:49,14:29:49,15,1785349782,0.000335321,0.335320865,1.601447721,446.4990333,226.5610388,22.82405687,44.98089956,0.012494946,3.108324869,0.012467109,0.007794439,261.4500881,30.86023148,29.99888333,4.260176513,39.40251687,1.629803397,4.136292618,2.630373116,-14.78765015,-85.93241951,-6.131437002,154.5985814,3.995678425,0.327250397,1.601447721,458.5140898,454.2252606,0.039104485,92.63273377,0.335320865,15.16995046,16.14481333,-0.01776,96.78747624,0,0,1,0,52799.7822,1500.000333,1273.860295,0.849240008,0.17430002,9,0.5,0: Broadleaf,2,TRUE,1785349782,446.4990333,456.4366667,16.17810333,15.40561667,448.7656667,16.06910333,375.1009667,100.6413333,0.099981207,29.48608667,29.99888333,999.9,0,0,10004.12267,700.0635333,0.218638,-9.937638067,453.8526333,463.5795667,0.796793367,456.4366667,15.40561667,1.630631,1.550441667,14.25132333,13.47392667,1500.000333,0.691999733,0.308000267,31,28282.52333,1785349806,14:30:05,1785349450,1785349806,108,-0.012,-0.01,-2.21,0.109,423,15,0.43,0.19,-16.77661855,87.50138627,19.38261542,0,0.7280417,1.770370469,0.210851419,0,0,2,0/2,2.63437,2.71262,0.10222,0.107375,0.0882823,0.0863371,25127.8,24669.9,25467.9,25412.3,32079.7,31649.7,39114.3,38244.5,1.70325,2.09792,0.0980012,0,28.4142,999.9,53.6,31.8,25.1429,62.4835,21.0777,1,0.205902,0,20.4266,5.22028,11.98,4.969,3.2952,9108.2,9999,9999,240.6,4.96997,1.87528,1.87129,1.87439,1.87427,1.8724,1.87363,1.87485,0,0,0,0,11111111,oooooooo,on,on,on,on,0,100,100,-2.27,0.109,-1.14858585,-0.002774575,7.27494E-07,-2.16226E-10,-0.061693149,-0.001584374,0.000939206,-5.31953E-06,23,2146,2,22,5.7,1.6,0.155029,4.99756,1.4978,2.27905,1.4978,2.37427,34.715,13.6767,3,358.794,641.627,29.2726,29.987,30.0002,29.8571,29.8868,-1,40,10,-999.9,400,20,100.549,106.875
106,1785349910,13575,20260729 14:31:49,14:31:49,15,1785349902,0.000285036,0.285036013,0.745580968,431.7401613,305.2485284,30.75303715,43.49675752,0.010777226,3.107946748,0.010756507,0.006724675,261.4494268,30.93187908,30.07483226,4.278796814,40.67416413,1.688153015,4.15043075,2.590643799,-12.57008817,-88.7293515,-6.336014477,153.8139726,-0.419040422,0.376118579,0.745580968,438.3730797,436.8985273,-0.034741986,92.63281506,0.285036013,15.82999563,16.67670545,-0.016885542,96.79097097,0,0,1,0,52780.77641,1499.996774,1273.857218,0.849239972,0.174299993,9,0.5,0: Broadleaf,2,TRUE,1785349902,431.7401613,431.1243871,16.75627097,15.86899677,433.9736129,16.65127097,375.1203548,100.6475161,0.100020042,29.54528065,30.07483226,999.9,0,0,10001.76774,699.8937742,0.218638,0.615846216,439.1128065,438.077,0.920202323,431.1243871,15.86899677,1.689791613,1.597175161,14.80279355,13.93082258,1499.996774,0.692,0.307999968,31,28282.46452,1785349926,14:32:05,1785349450,1785349926,109,-0.012,-0.009,-2.21,0.105,423,15,0.43,0.35,2.564021568,-34.77764577,5.122325247,0,0.879601475,0.583684514,0.189434257,0,0,2,0/2,2.6341,2.71246,0.0991317,0.102406,0.0904113,0.0891748,25211.8,24804.8,25465.7,25409.9,32000.9,31547.2,39110.8,38240.9,1.70282,2.09662,0.0977255,0,28.4945,999.9,54.9,31.9,25.8978,62.5135,21.6627,1,0.209975,0,20.4281,5.21729,11.98,4.9691,3.2951,9108.2,9999,9999,240.6,4.97001,1.87529,1.87129,1.87439,1.87433,1.87237,1.87363,1.87485,0,0,0,0,11111111,oooooooo,on,on,on,on,0,100,100,-2.23,0.105,-1.14858585,-0.002774575,7.27494E-07,-2.16226E-10,-0.071541548,-0.001584374,0.000939206,-5.31953E-06,23,2146,2,22,7.7,1.7,0.155029,4.99756,1.49902,2.27905,1.4978,2.3938,34.7608,13.6855,3,358.926,641.245,29.3381,30.0467,30.0002,29.9197,29.9517,-1,40,10,-999.9,400,20,100.54,106.865
107,1785350030,13695,20260729 14:33:49,14:33:49,15,1785350022,0.000285546,0.285546108,0.265243605,647.4560645,582.3044073,58.66383976,65.22749673,0.010843663,3.108664117,0.010822693,0.006766064,261.449766,31.03871691,30.17912581,4.30448188,41.32956804,1.725997197,4.176180102,2.578484684,-12.59258336,-88.23623638,-6.305954672,154.3149916,4.953625313,0.262127491,0.265243605,640.5878948,659.4843758,-1.979625631,92.63288841,0.285546108,16.59262834,17.18938061,0.007422796,96.7940969,0,0,1,0,52778.68942,1499.998387,1273.858611,0.849239987,0.174300031,9,0.5,0: Broadleaf,2,TRUE,1785350022,647.4560645,659.7483226,17.13245806,16.51431935,649.6660645,17.00245806,375.1147419,100.6442903,0.099992265,29.65263871,30.17912581,999.9,0,0,10005.39032,699.8850323,0.218638,-12.78558073,658.2456774,670.8241935,0.626455484,659.7483226,16.51431935,1.725121935,1.662072581,15.12433871,14.54648065,1499.998387,0.691999484,0.308000484,31,28282.48065,1785350070,14:34:30,1785349450,1785350046,110,-0.012,0.004,-2.21,0.13,423,16,0.43,0.21,-45.49647256,574.41642,56.74667877,0,0.6629026,-0.701596976,0.080442346,0,0,2,0/2,2.63404,2.71266,0.132938,0.128088,0.0923979,0.0905672,24259.2,24089.7,25459.4,25404.7,31926.9,31494.8,39102.4,38233.3,1.70198,2.09503,0.09574,0,28.6234,999.9,56,31.9,26.4209,61.6735,21.7027,1,0.217663,0,20.428,5.22014,11.98,4.9684,3.29523,9108.2,9999,9999,240.6,4.97,1.87529,1.87132,1.87439,1.87434,1.8724,1.87363,1.87486,0,0,0,0,11111111,oooooooo,on,on,on,on,0,100,100,-2.21,0.13,-1.14858585,-0.002774575,7.27494E-07,-2.16226E-10,-0.080106724,-0.001584374,0.000939206,-5.31953E-06,23,2146,2,22,9.7,1.7,0.155029,4.99756,1.49902,2.27905,1.49902,2.37549,34.8066,13.6592,3,358.97,640.826,29.4259,30.1343,30.0003,30.0044,30.0363,-1,40,10,-999.9,400,20,100.517,106.843
108,1785350150,13815,20260729 14:35:49,14:35:49,15,1785350142,0.000303548,0.303548217,1.035051779,441.0178,281.5243023,28.3619836,44.43005278,0.011503714,3.108615006,0.011480116,0.007177189,261.4499063,31.05620092,30.1882,4.306722982,41.19698541,1.722631716,4.181450897,2.584091266,-13.38647639,-86.08456943,-6.153222883,155.8256376,-0.368473687,0.320832115,1.035051779,450.2819498,447.6759939,0.008249225,92.63354501,0.303548217,16.26931016,17.09054424,-0.010217502,96.81752834,0,0,1,0,52773.72792,1500,1273.860002,0.849240001,0.174299938,9,0.5,0: Broadleaf,2,TRUE,1785350142,441.0178,440.4732333,17.09904,16.34247,443.4288,16.99704,375.1293,100.6443667,0.099986007,29.67454333,30.1882,999.9,0,0,10005.15667,699.9509333,0.218638,0.700768687,448.8673667,447.7912,0.7970912,440.4732333,16.34247,1.725001667,1.644779333,15.12324667,14.38472667,1500,0.692000933,0.3079991,31,28282.53667,1785350173,14:36:12,1785350169,1785350173,111,-0.179,-0.005,-2.411,0.102,425,15,1.16,0.42,1.672832265,-26.93747728,2.885047904,0,0.70515975,1.542025418,0.171200041,0,0,2,0/2,2.63379,2.71264,0.10082,0.0999189,0.0919653,0.0889906,25158.5,24868.1,25460.1,25404.8,31939,31547.4,39102.3,38233.7,1.70125,2.09553,0.10198,0,28.5317,999.9,55.6,31.9,26.2281,61.9435,21.4343,1,0.217886,0,20.4276,5.22014,11.98,4.96905,3.29508,9108.2,9999,9999,240.7,4.97001,1.8753,1.87133,1.87439,1.87433,1.8724,1.87363,1.87485,0,0,0,0,11111111,oooooooo,on,on,on,on,0,100,100,-2.411,0.102,-1.14858585,-0.002774575,7.27494E-07,-2.16226E-10,-0.07576075,-0.001584374,0.000939206,-5.31953E-06,23,2146,2,22,11.7,1.7,0.155029,4.99756,1.49902,2.27905,1.4978,2.39258,34.8525,13.6417,3,358.812,641.638,29.4779,30.1679,30.0001,30.0409,30.0711,-1,40,10,-999.9,400,20,100.518,106.844
109,1785350270,13935,20260729 14:37:49,14:37:49,15,1785350262,0.000331073,0.331072939,0.716017185,420.538,309.1898295,31.14973662,42.36765471,0.012046633,3.107668309,0.01202075,0.00751529,261.4498112,31.13979256,30.29110968,4.332210378,39.01132172,1.639715534,4.203178619,2.692494845,-14.60031663,-88.21391639,-6.313375299,152.3222029,1.22824963,0.260574146,0.716017185,432.5485274,428.7507758,0.20797181,92.63205708,0.331072939,15.86354543,16.3894103,0.024780196,96.7634692,0,0,1,0,52736.0379,1499.99871,1273.858805,0.849239934,0.174300024,9,0.5,0: Broadleaf,2,TRUE,1785350262,420.538,423.747871,16.2756871,15.66066452,422.791,16.1656871,375.107871,100.6463226,0.099994535,29.7645871,30.29110968,999.9,0,0,10000.60484,700.3438387,0.218638,-3.344276,427.3619032,430.490129,0.621249065,423.747871,15.66066452,1.638713226,1.576188065,14.32769032,13.72683871,1499.99871,0.691999387,0.308000516,31.12231613,28282.49355,1785350292,14:38:11,1785350292,1785350289,112,0.141,0.007,-2.253,0.11,422,16,0.57,0.23,-1.57931015,-33.71212291,4.192525489,0,0.716905275,-2.288359193,0.238901956,0,0,2,0/2,2.63404,2.71262,0.0976636,0.0971274,0.0893053,0.0872628,25242.2,24939.1,25455.7,25398.7,32027.9,31600.2,39095.7,38225,1.70082,2.09378,0.0960603,0,28.7276,999.9,54.2,32,25.7141,62.2135,21.7428,1,0.225025,0,20.4284,5.21984,11.98,4.9691,3.29518,9108.2,9999,9999,240.7,4.96997,1.8753,1.87133,1.87439,1.87433,1.87239,1.87363,1.87485,0,0,0,0,11111111,oooooooo,on,on,on,on,0,100,100,-2.253,0.11,-1.327991727,-0.002774575,7.27494E-07,-2.16226E-10,-0.081129256,-0.001584374,0.000939206,-5.31953E-06,23,2146,2,22,1.7,1.6,0.155029,4.99756,1.49902,2.27905,1.49902,2.31323,34.9214,13.5804,3,358.954,640.919,29.5441,30.2292,30.0005,30.1058,30.1404,-1,40,10,-999.9,400,20,100.501,106.819
110,1785350390,14055,20260729 14:39:49,14:39:49,15,1785350382,0.000313434,0.313434193,0.693907257,423.0160323,307.7366425,31.00456672,42.61900269,0.011239745,3.107825805,0.01121721,0.007012777,261.449795,31.16750067,30.31012258,4.336933616,38.12803523,1.6047541,4.208856005,2.732179515,-13.8224479,-87.47306377,-6.261352193,153.8929311,0.225090361,0.29212593,0.693907257,431.974026,429.5633636,0.072959365,92.63306398,0.313434193,15.25510007,15.98189515,0.0012807,96.79864051,0,0,1,0,52735.70392,1499.999677,1273.859667,0.84923996,0.174299901,9,0.5,0: Broadleaf,2,TRUE,1785350382,423.0160323,423.8525806,15.92802903,15.23829677,425.3070323,15.82602903,375.1102581,100.6503548,0.099970074,29.78804839,30.31012258,999.9,0,0,10000.92903,700.8772581,0.218638,-0.797421558,429.9082581,430.4115161,0.702348097,423.8525806,15.23829677,1.604431613,1.533739677,14.00141935,13.30869032,1499.999677,0.692001323,0.307998677,31,28282.52258,1785350416,14:40:15,1785350414,1785350416,113,-0.043,0.004,-2.291,0.102,420,15,1.57,0.37,-0.600905808,-12.77368346,1.768332809,0,0.74258245,-0.630524263,0.08503187,0,0,2,0/2,2.63354,2.71264,0.0977849,0.0975385,0.0876472,0.0853676,25231.6,24920.7,25448.7,25391.9,32078.4,31657.9,39085.3,38215,1.6998,2.09247,0.0943318,0,28.7789,999.9,53.3,32,25.288,62.1236,21.9111,1,0.233986,0,20.4282,5.21759,11.98,4.9677,3.29523,9108.2,9999,9999,240.7,4.96995,1.8753,1.87134,1.8744,1.87432,1.87237,1.87363,1.87485,0,0,0,0,11111111,oooooooo,on,on,on,on,0,100,100,-2.291,0.102,-1.186463354,-0.002774575,7.27494E-07,-2.16226E-10,-0.074458647,-0.001584374,0.000939206,-5.31953E-06,23,2146,2,22,1.6,1.7,0.155029,4.99756,1.49902,2.27783,1.4978,2.37915,34.9674,13.5717,3,358.937,640.755,29.5849,30.3269,30.0004,30.1958,30.2254,-1,40,10,-999.9,400,20,100.474,106.791
111,1785350510,14175,20260729 14:41:49,14:41:49,15,1785350502,0.000342339,0.342339339,0.166767042,429.7839355,389.3220117,39.22633277,43.30309401,0.012161343,3.10718334,0.012134961,0.007586716,261.4498276,31.20398342,30.35631935,4.348428645,37.67810583,1.589777109,4.219365794,2.758651536,-15.09716486,-87.93050586,-6.298188488,152.1239684,1.85839553,0.480951636,0.166767042,440.5901179,438.2782606,0.19313164,92.63311583,0.342339339,14.5156299,15.59387939,-0.02615277,96.80079686,0,0,1,0,52713.312,1499.999677,1273.85968,0.849239969,0.174299923,9,0.5,0: Broadleaf,2,TRUE,1785350502,429.7839355,434.7387419,15.77856452,14.64282258,432.0942581,15.68056452,375.1086452,100.6555161,0.099980842,29.83140645,30.35631935,999.9,0,0,9997.459677,701.4539677,0.218638,-4.954778806,436.6818065,441.1983548,1.153343097,434.7387419,14.64282258,1.589970968,1.47388,13.86159355,12.69886129,1499.999677,0.692001032,0.307998968,31,28282.52581,1785350541,14:42:20,1785350414,1785350541,114,-0.043,0.003,-2.291,0.098,420,15,1.57,0.16,-4.58669055,-10.40300907,4.997134382,0,1.0654781,1.610523647,0.169671173,0,0,2,0/2,2.63386,2.71259,0.0993709,0.101579,0.0860207,0.0819832,25182.9,24804.2,25444.7,25387.1,32131.1,31770.7,39078.8,38208.4,1.6993,2.09183,0.0916794,0,28.8655,999.9,51.9,32,24.6218,62.2736,21.7949,1,0.239909,0,20.4274,5.21804,11.98,4.96845,3.2951,9108.2,9999,9999,240.8,4.96997,1.87529,1.87128,1.87439,1.87428,1.87239,1.87363,1.87485,0,0,0,0,11111111,oooooooo,on,on,on,on,0,100,100,-2.315,0.098,-1.229768814,-0.002774575,7.27494E-07,-2.16226E-10,-0.069983848,-0.001584374,0.000939206,-5.31953E-06,23,2146,2,22,1.6,1.6,0.155029,4.99756,1.49902,2.27783,1.4978,2.34741,35.0134,13.5366,3,359.091,641.011,29.6219,30.4013,30.0002,30.2697,30.2987,-1,40,10,-999.9,400,20,100.457,106.772
112,1785350630,14295,20260729 14:43:49,14:43:49,15,1785350622,0.000267246,0.267246476,1.013579954,421.670129,237.0103522,23.88229116,42.48948919,0.009558824,3.108064907,0.009542522,0.005965538,261.4500925,31.2611316,30.40255806,4.359960684,38.34880491,1.621718443,4.228863055,2.738242241,-11.78556961,-89.15162984,-6.38653923,154.1263538,0.019084428,0.246171362,1.013579954,435.091698,428.1840061,0.44972404,92.63305442,0.267246476,15.64362541,16.19315152,0.007883166,96.79959463,0,0,1,0,52727.21914,1500.000968,1273.860791,0.84923998,0.174299949,9,0.5,0: Broadleaf,2,TRUE,1785350622,421.670129,421.9649677,16.09410323,15.51298065,423.962,15.98610323,375.1162258,100.6647742,0.099985429,29.87050645,30.40255806,999.9,0,0,10000.59677,701.5812903,0.218638,-0.294849806,428.5751613,428.6157419,0.598597161,421.9649677,15.51298065,1.62186871,1.561612581,14.16813871,13.58287742,1500.000968,0.692000677,0.307999323,31,28282.53871,1785350655,14:44:14,1785350414,1785350655,115,-0.043,-0.007,-2.291,0.108,420,15,1.57,0.24,2.0484799,-74.95770371,7.687872834,0,0.72281255,-3.314085478,0.332697478,0,0,2,0/2,2.6336,2.71262,0.0975826,0.0987331,0.0884929,0.0883358,25227.7,24878.1,25439.8,25382.5,32037.2,31543.9,39071.5,38202.1,1.69818,2.089,0.091888,0,28.909,999.9,53.5,32.1,25.5231,62.1536,20.9856,1,0.247114,0,20.4278,5.21789,11.98,4.96775,3.29513,9108.2,9999,9999,240.8,4.96999,1.8753,1.87134,1.87439,1.87427,1.87239,1.87363,1.87485,0,0,0,0,11111111,oooooooo,on,on,on,on,0,100,100,-2.292,0.108,-1.229768814,-0.002774575,7.27494E-07,-2.16226E-10,-0.067486505,-0.001584374,0.000939206,-5.31953E-06,23,2146,2,22,3.6,1.5,0.155029,4.99756,1.4978,2.27783,1.4978,2.40112,35.0594,13.5191,3,358.991,639.565,29.6706,30.4851,30.0002,30.3537,30.3852,-1,40,10,-999.9,400,20,100.438,106.754
113,1785350750,14415,20260729 14:45:49,14:45:49,15,1785350742,0.000305715,0.305715156,0.834886545,424.6308387,284.5305922,28.67109034,42.78847152,0.010790508,3.106827323,0.01076973,0.006732945,261.4496132,31.30005583,30.45484194,4.373032493,37.6691098,1.597367931,4.240524768,2.775664562,-13.48203838,-89.84932808,-6.44227696,151.6759698,-0.238136588,0.3311005,0.834886545,427.3666251,428.5965212,-0.330801723,92.63270245,0.305715156,14.78261851,15.78636485,-0.027338367,96.78687575,0,0,1,0,52690.11806,1499.997742,1273.857783,0.849239801,0.174300005,9,0.5,0: Broadleaf,2,TRUE,1785350742,424.6308387,424.3968065,15.85220645,15.07038387,426.7978387,15.75320645,375.1063871,100.6662903,0.099993271,29.9184129,30.45484194,999.9,0,0,9994.751613,701.8821935,0.218638,0.102823742,431.3434839,430.8916774,0.796108774,424.3968065,15.07038387,1.597220968,1.517079355,13.93198065,13.13986774,1499.997742,0.691999161,0.308000581,31,28282.48065,1785350775,14:46:14,1785350775,1785350768,116,0.118,0.001,-2.167,0.099,418,15,0.57,0.36,-2.09129035,49.72807749,8.427500587,0,0.74820205,1.744680158,0.225324122,0,0,2,0/2,2.63356,2.71253,0.097615,0.0982351,0.0868065,0.0842273,25222.7,24886.9,25436,25377.8,32092.4,31681.2,39065.8,38195.4,1.69755,2.08835,0.0929534,0,28.9451,999.9,52.2,32.1,24.9001,62.1836,21.0697,1,0.25283,0,20.4276,5.22133,11.98,4.9688,3.29505,9108.2,9999,9999,240.8,4.96999,1.87531,1.87132,1.87439,1.87427,1.87238,1.87363,1.87485,0,0,0,0,11111111,oooooooo,on,on,on,on,0,100,100,-2.167,0.099,-1.229768814,-0.002774575,7.27494E-07,-2.16226E-10,-0.074052427,-0.001584374,0.000939206,-5.31953E-06,23,2146,2,22,5.6,1.6,0.155029,4.99756,1.49902,2.27783,1.4978,2.32056,35.0825,13.4666,3,359.092,639.816,29.7176,30.5593,30.0003,30.4295,30.4583,-1,40,10,-999.9,400,20,100.423,106.734
114,1785350870,14535,20260729 14:47:49,14:47:49,15,1785350862,0.000336333,0.336332557,-2.01203828,469.7205806,705.8490237,71.12486282,47.33138496,0.01231715,3.106713235,0.012290085,0.00768373,261.4504408,31.28966109,30.41599355,4.363316517,39.82661214,1.688573379,4.239811746,2.674743137,-14.83226576,-83.8293871,-6.00961973,156.7791682,-3.753252084,0.372793689,-2.01203828,462.7082589,475.8892303,-0.838771273,92.63431983,0.336332557,15.88014543,16.66317818,0.001017441,96.8456094,0,0,1,0,52687.94569,1500.001613,1273.861434,0.849240043,0.174300106,9,0.5,0: Broadleaf,2,TRUE,1785350862,469.7205806,461.1354194,16.75754194,15.87807419,472.0026129,16.62454194,375.1040645,100.6650323,0.099947832,29.9154871,30.41599355,999.9,0,0,9994.351613,702.0748387,0.218638,8.585213871,477.7274516,468.5769677,0.882073032,461.1354194,15.87807419,1.687161613,1.59836871,14.77877419,13.94159032,1500.001613,0.691998581,0.308001419,31,28282.54839,1785350895,14:48:14,1785350775,1785350895,117,0.118,0.009,-2.167,0.133,418,16,0.57,0.23,17.22967075,-174.1399323,27.45228397,0,0.777434675,1.835352889,0.203909024,0,0,2,0/2,2.63337,2.71285,0.105263,0.100921,0.0901642,0.0860378,25007.4,24811.7,25434.6,25376.8,31972.7,31617.1,39064,38193.7,1.6971,2.08725,0.099197,0,28.7951,999.9,53.8,32.1,25.6629,62.2136,21.9271,1,0.255379,0,20.4282,5.21744,11.98,4.9688,3.2951,9108.2,9999,9999,240.9,4.96995,1.87526,1.87129,1.87439,1.87428,1.87239,1.87363,1.87485,0,0,0,0,11111111,oooooooo,on,on,on,on,0,100,100,-2.276,0.133,-1.111725168,-0.002774575,7.27494E-07,-2.16226E-10,-0.073186272,-0.001584374,0.000939206,-5.31953E-06,23,2146,2,22,1.6,1.7,0.155029,4.99756,1.49902,2.27783,1.49902,2.36206,35.1516,13.4228,3,359.162,639.459,29.751,30.6106,30.0002,30.4838,30.5107,-1,40,10,-999.9,400,20,100.419,106.73
115,1785351464,15129.4,20260729 14:57:44,14:57:44,15,1785351456,2.17597E-05,0.021759693,0.501028905,2273.656333,1023.80243,103.1667157,229.1122288,0.000687391,3.108814272,0.000687306,0.000429574,261.4501761,30.58755156,29.64941,4.175403684,26.35068549,1.068148839,4.053590329,3.107254845,-0.959602447,-86.00684502,-6.11454617,168.3691825,-0.00831198,0.028585701,0.501028905,2297.56182,2297.203515,-0.086607944,92.62376554,0.021759693,10.54517744,10.59654266,2.81957E-05,96.5197987,0,0,1,0,52872.91287,1500.000667,1273.860551,0.84923999,0.17430004,9,0.5,0: Broadleaf,2,TRUE,1785351456,2273.656333,2273.792333,10.60006,10.5322,2279.299333,10.56406,375.102,100.6682333,0.099954647,29.13625,29.64941,999.9,0,0,10003.70167,707.5316333,0.218638,-0.347273746,2297.760333,2297.996,0.049944963,2273.792333,10.5322,1.065286,1.060257,7.841246667,7.771816,1500.000667,0.691999367,0.3080006,30,28282.53,1785351482,14:58:02,1785351482,1785351482,118,0.21,0.016,-5.643,0.036,2283,11,1.9,0.23,-0.51897725,3.13813648,0.321323418,0,0.052136812,-0.050603295,0.007748301,1,1,2,1/2,2.63549,2.71274,0.287895,0.286534,0.0649635,0.0650521,19982.8,19768.9,25534.9,25478.9,33011.7,32492.2,39214.4,38341.1,1.70767,2.11905,0.117533,0,27.7224,999.9,39.3,32.2,18.8538,61.9035,22.0673,1,0.109548,0,20.4291,5.21939,11.98,4.9692,3.2957,9108.2,9999,9999,241,4.96997,1.87531,1.87134,1.8744,1.87437,1.87241,1.87365,1.87486,0,0,0,0,11111111,oooooooo,on,on,on,on,0,100,100,-5.643,0.036,-5.853797643,0,0,0,-0.063721836,-0.001584374,0.000939206,-5.31953E-06,23,2146,2,22,11.5,9.5,0.153809,4.99756,1.49902,2.27539,1.4978,2.35474,34.8525,13.2302,3,356.519,651.212,29.1467,29.0069,29.9988,29.0449,29.1394,-1,40,10,-999.9,400,20,100.809,107.149