obs,time,elapsed,date,hhmmss,averaging,TIME,E,Emm,A,Ca,Ci,Pci,Pca,gsw,gbw,gtw,gtc,Rabs,TleafEB,TleafCnd,SVPleaf,RHcham,VPcham,SVPcham,VPDleaf,LatHFlux,SenHFlux,NetTherm,EBSum,Asty,Esty,Adyn,Crd,Csd,dCsd/dt,αVc,Edyn,Hr,Hs,dHs/dt,αVh,Leak,LeakPct,CorrFact,CorrFactPct,Fan,Qin,Qabs,alpha,convert,S,K,Geometry,Custom,UseDynamic,TIME,CO2_s,CO2_r,H2O_s,H2O_r,CO2_a,H2O_a,Flow,Pa,ΔPcham,Tair,Tleaf,Tleaf2,Offset,Offset2,Fan_speed,Qamb_in,Qamb_out,ΔCO2,CO2_s_d,CO2_r_d,ΔH2O,CO2_b,H2O_b,e_s,e_r,Td_s,Td_r,Q,f_red,f_blue,f_farred,F,Q_modavg,F_dc,Pc,Tled,TDigital,TPreamp,TPwrSpy,TDrive,Q_red,Q_blue,Q_farred,TSPF,state,time,hhmmss,co2_t,h2o_t,count,co2_adj,h2o_adj,co2_match,h2o_match,co2_at,h2o_at,co2_cv,h2o_cv,ΔCO2:MN,ΔCO2:SLP,ΔCO2:SD,ΔCO2:OK,F:MN,F:SLP,F:SD,F:OK,ΔH2O:MN,ΔH2O:SLP,ΔH2O:SD,ΔH2O:OK,Stable,Total,State,Vflow,VPchamber,abs_c_a,abs_c_b,abs_h_a,abs_h_b,Wc_s,Wc_r,Wco_s,Wco_r,Ww_s,Ww_r,Wwo_s,Wwo_r,Flow_s_v,Flow_r_v,Tleaf_mv,Tleaf2_mv,Tleaf_j,Tleaf2_j,Console_RH,Console_T,Console_H2O,Fan_%,Flow_%,Pump,Tchp_pwm,Txchg_pwm,diag_20v,diag_5_4v,diag_12v,diag_5va,diag_3_3vf,AccCO2_soda,AccH2O_des,AccH2O_hum,CO2_hrs,ADC_CH1,ADC_CH2,ADC_CH3,ADC_CH4,ADC_CH5,ADC_CH6,ADC_CH7,ADC_CH8,DAC_1,DAC_2,DAC_3,DAC_4,GPIO,GPIO_dir,excit_5v,power_12v,power_5v,ch1_pullup,AuxPower,MatchValveR,MatchValveS,MatchCO2,MatchH2O,cf_co2_a,cf_co2_b,cf_co2_c,cf_co2_d,cf_h2o_a,cf_h2o_b,cf_h2o_c,cf_h2o_d,co2_fit_low,co2_fit_high,h2o_fit_low,h2o_fit_high,co2_elapsed,h2o_elapsed,CO2_f,CO2_f_s,Pump_f,Pump_f_s,Pump_p,Pump_p_s,Tboard,V_system,DIAG,Flow_s,Flow_r,Txchg,Tirga,Tchopper,Ts,Tr,CO2_%,Desiccant_%,Humidifier_%,Txchg_sp,CO2_r_sp,H2O_r_sp,SS_s,SS_r
1,1786545955,0,20260812 09:45:54,09:45:54,15,1786545948,0.001239216,1.239216174,1.793205343,456.0301852,380.0972033,38.61088596,46.32428053,0.049085956,2.955263457,0.048637477,0.030438376,266.1458319,31.39530445,30.36898519,4.351584886,42.84514556,1.842331112,4.299976316,2.509253774,-54.64943326,-33.15771878,-2.501302758,175.8373771,-4.664318994,1.281745656,1.793205343,452.9549473,458.3418485,-1.170683724,66.7565269,1.239216174,16.02922895,18.06089455,-0.013811784,78.43,0,0,1,0,53096.90062,1499.983333,1273.845322,0.849239651,0.177432526,6,0.5,0: Broadleaf,2,TRUE,1786545948,456.0301852,449.6022222,18.13646296,16.15362593,497.2591852,22.58746296,380.8177778,101.4816667,0.099943567,30.16087037,30.36898519,999.9,0,0,9999.165926,0,13.0686963,6.427961667,464.4537778,456.984963,1.982831852,449.6022222,16.15362593,1.840518519,1.639298148,16.1352,14.33296667,1499.983333,0.692012074,0.307987926,0,2.542618519,0,25259.95926,13609.47407,42.72433333,44.29362963,43.437,42.937,42.5,1038.005926,461.9774074,0,1786545890,0,0,--:--:--,1786208397,1786459371,0,-2.566,-0.971,-41.229,-4.451,412,17,0.91,0.28,5.372193049,28.67058746,3.900767285,0,2.612888235,-0.387669977,0.202567603,1,1.958769756,0.579423972,0.065149302,0,1,3,1/3,2.95977,2.76466,0.115404,0.105602,0.111768,0.0876871,27582.5,18469.2,31948.6,22483.8,38294.8,27872.7,45986.5,32873.9,1.67477,2.70748,0.133391,0,28.1979,999.9,73.5,28.7,28.63,62.1318,-100,3,0.0560239,0,20.3083,5.22118,12.0281,4.95975,3.301,7720.1,9999,9999,155,4.97289,1.87514,1.88141,1.88092,1.87863,1.87433,1.87439,1.87669,0,0,0,0,11111111,oooooooo,on,on,on,on,0,100,100,-41.229,-4.451,-41.229,0,0,0,-4.451,0,0,0,-1,-1,-1,-1,5626,1443.1,0.157471,4.99878,2.89795,2.90527,2.99805,2.31567,32.2446,16.0496,2,390.611,1366.05,28.9283,28.0532,30.0008,27.7409,27.6035,-1,40,10,-999.9,400,20,100.531,86.3782
2,1786546082,127.5,20260812 09:48:02,09:48:02,15,1786546074,0.000983707,0.983707113,-0.045478812,503.1812333,484.3901731,49.21115339,51.12021306,0.037714368,2.955264189,0.037449009,0.023429316,266.1501259,31.60763715,30.62776,4.416508324,42.19930602,1.829885388,4.336292609,2.586622936,-43.38148369,-51.01826519,-3.85636308,167.8940139,-1.319102182,0.88543646,-0.045478812,499.0797245,508.0852242,-1.27602534,66.7565269,0.983707113,16.64169224,18.07960182,0.008864658,78.43,0,0,1,0,53071.50863,1500.007,1273.86547,0.849239684,0.177432589,6,0.5,0: Broadleaf,2,TRUE,1786546074,503.1812333,501.8148667,18.01174,16.65175333,544.4102333,22.46274,383.6015,101.494,0.10003745,30.30754333,30.62776,999.9,0,0,9997.955,0,31.51483667,1.366306,512.4106,510.3120667,1.359983,501.8148667,16.65175333,1.828084667,1.690053667,16.02897333,14.80534667,1500.007,0.692012267,0.307987733,0,2.565536667,0,22873.2,13609.68,42.75,44.312,43.562,42.875,42.562,1038.020667,461.9863333,0,1786546018,0,0,--:--:--,1786208397,1786459371,0,-2.566,-0.971,-41.229,-4.451,412,17,0.91,0.28,-8.126100488,192.7782209,20.23381002,0,2.550820588,-0.151213145,0.295273615,1,1.352075122,0.21895547,0.038264022,0,1,3,1/3,2.96292,2.76458,0.123578,0.114,0.111824,0.0903432,27318.4,18283.3,31939,22469.1,38282.4,27772.4,45973.7,32851.6,1.68845,2.70452,0.148617,0,28.205,999.9,73.8,28.8,28.9061,62.0818,-100,3,0.0718979,0,20.3083,5.21969,12.0281,4.9596,3.301,7720.1,9999,9999,155,4.97288,1.87515,1.88141,1.88089,1.87866,1.87429,1.8744,1.87669,0,0,0,0,11111111,oooooooo,on,on,on,on,0,100,100,-41.229,-4.451,-41.229,0,0,0,-4.451,0,0,0,-1,-1,-1,-1,5628.1,1445.2,0.157471,4.99878,2.89795,2.90527,2.99805,2.28882,32.3328,16.0408,2,399.139,1366.88,29.0864,28.2863,30.0004,27.9725,27.8229,-1,40,10,-999.9,400,20,100.502,86.3205
3,1786546202,247.5,20260812 09:50:02,09:50:02,15,1786546194,0.0010212,1.021200129,0.05254968,485.9552903,463.7585418,47.1168529,49.37199397,0.038985507,2.95532086,0.038702037,0.02421407,266.1484083,31.67373033,30.71597097,4.438831406,42.26922582,1.840899251,4.355176172,2.597932155,-45.0349257,-52.98967628,-4.008549947,164.1152564,4.740507619,0.917105757,0.05254968,495.6810345,498.4802182,-0.41170411,66.7565269,1.021200129,16.62601891,18.16350303,0.003819976,78.43,0,0,1,0,53059.9597,1499.999355,1273.85879,0.849239559,0.177432349,6,0.5,0: Broadleaf,2,TRUE,1786546194,485.9552903,494.0704194,18.11947742,16.71042903,527.1843548,22.57047742,383.4452903,101.4978387,0.099972765,30.3833871,30.71597097,999.9,0,0,9997.898387,0,33.12679355,-8.115091355,494.9233226,502.4675484,1.409059677,494.0704194,16.71042903,1.839088065,1.696070968,16.12300645,14.86040645,1499.999355,0.692015097,0.307984903,0,2.584877419,0,21942.18065,13609.62258,42.72154839,44.36687097,43.59654839,42.782,42.504,1038.021613,461.9777419,0,1786546138,0,0,--:--:--,1786208397,1786459371,0,-2.566,-0.971,-41.229,-4.451,412,17,0.91,0.28,-12.0482642,108.5379017,13.00983996,0,2.595673529,0.162140571,0.199563691,1,1.376710488,0.761059652,0.085259295,0,1,3,1/3,2.96268,2.76453,0.122008,0.112253,0.112081,0.0898649,27365.9,18323.6,31937.6,22474.7,38270.1,27793.9,45972.2,32859.9,1.68775,2.7068,0.154302,0,28.1918,999.9,73.2,28.9,28.8377,61.9918,-100,3,0.0763567,0,20.3081,5.21729,12.0279,4.9598,3.301,7720.1,9999,9999,155.1,4.97286,1.87515,1.88141,1.88088,1.87864,1.87426,1.87439,1.87668,0,0,0,0,11111111,oooooooo,on,on,on,on,0,100,100,-41.229,-4.451,-41.229,0,0,0,-4.451,0,0,0,-1,-1,-1,-1,5630.1,1447.2,0.157471,4.99878,2.89795,2.90405,2.99805,2.32666,32.3991,16.0321,2,399.354,1372.48,29.1873,28.371,30.0001,28.0717,27.9191,-1,40,10,-999.9,400,20,100.499,86.3421
4,1786546322,367.5,20260812 09:52:02,09:52:02,15,1786546314,0.001012761,1.012761494,0.533679181,488.9270645,446.880539,45.40221082,49.67405765,0.038578448,2.956058421,0.038300913,0.023962839,266.1506302,31.84024146,30.88176129,4.481053179,42.73120682,1.878655592,4.396448712,2.602397587,-44.66278189,-53.1648384,-4.027368628,164.2956413,-0.856067132,0.972308549,0.533679181,498.683146,497.5625394,0.03855254,66.7565269,1.012761494,17.04905566,18.54864,0.006989429,78.43,0,0,1,0,53052.45411,1500.01,1273.868003,0.849239674,0.177432571,6,0.5,0: Broadleaf,2,TRUE,1786546314,488.9270645,488.3307097,18.49105161,16.99604194,530.1560645,22.94205161,383.0060323,101.4980968,0.09999679,30.54816129,30.88176129,999.9,0,0,10002.05806,0,33.07180323,0.596423916,498.1380645,496.7737419,1.495005161,488.3307097,16.99604194,1.876807742,1.725067419,16.4415871,15.1238129,1500.01,0.692011839,0.307988161,0,2.534209677,0,21439.88387,13609.70645,42.75,44.437,43.631,42.82825806,42.562,1038.023226,461.9867742,0,1786546258,0,0,--:--:--,1786208397,1786459371,0,-2.566,-0.971,-41.229,-4.451,412,17,0.91,0.28,0.599341034,-19.25234195,6.105894759,0,2.532982353,0.373133691,0.215041277,1,1.47302878,0.381389268,0.051650201,0,1,3,1/3,2.96209,2.76445,0.121893,0.115015,0.113427,0.0920363,27370,18255.3,31938.4,22460.9,38211.3,27711,45972.2,32840.3,1.68642,2.70732,0.161491,0,28.2638,999.9,73.5,29.1,29.2942,61.7818,-100,3,0.0765498,0,20.3081,5.21954,12.0285,4.9596,3.301,7720.1,9999,9999,155.1,4.97291,1.87515,1.88141,1.88091,1.87865,1.87429,1.8744,1.87668,0,0,0,0,11111111,oooooooo,on,on,on,on,0,100,100,-41.229,-4.451,-41.229,0,0,0,-4.451,0,0,0,-1,-1,-1,-1,5632.1,1449.2,0.157471,4.99878,2.89795,2.90527,2.99805,2.29126,32.4654,16.0146,2,398.93,1374.51,29.3002,28.3953,30,28.1189,27.9753,-1,40,10,-999.9,400,20,100.5,86.29
5,1786546442,487.5,20260812 09:54:02,09:54:02,15,1786546434,0.001236172,1.236171649,4.210279609,428.0237097,267.0899778,27.13538555,43.48567655,0.04647471,2.956666698,0.046072656,0.028831243,266.1511876,31.94370458,31.05983871,4.52679338,42.52497409,1.88691098,4.437183138,2.6398824,-54.51516971,-55.84855325,-4.236890308,151.5505744,-3.592051913,1.46935052,4.210279609,448.8166187,433.0534061,1.292001102,66.7565269,1.236171649,16.36633691,18.41330545,-0.01758574,78.43,0,0,1,0,53041.79226,1500.002258,1273.862429,0.849240341,0.177433858,6,0.5,0: Broadleaf,2,TRUE,1786546434,428.0237097,423.3785806,18.5726129,16.31198065,469.2527097,23.0236129,382.7409355,101.4963871,0.100032832,30.70947097,31.05983871,999.9,0,0,10005.67903,0,32.61100968,4.645159032,436.1245161,430.3997097,2.260630645,423.3785806,16.31198065,1.885053548,1.65560871,16.51025161,14.48628065,1500.002258,0.691989548,0.308010452,0,2.558951613,0,21032.38065,13609.53871,42.804,44.51,43.687,42.933,42.625,1037.984516,462.0177419,0,1786546378,0,0,--:--:--,1786208397,1786459371,0,-2.566,-0.971,-41.229,-4.451,412,17,0.91,0.28,15.83089075,-242.2527281,24.44655862,0,2.550914706,-0.132383501,0.267340408,1,2.3037905,-0.917576735,0.119612006,0,1,3,1/3,2.96212,2.76451,0.111156,0.107796,0.112921,0.0896594,27706.9,18419.3,31941,22479.3,38236.2,27806.4,45975.9,32867.4,1.68705,2.70472,0.159312,0,28.4857,999.9,71.7,29.2,28.7421,62.0218,-100,3,0.0761052,0,20.3083,5.21744,12.0282,4.95975,3.301,7720.1,9999,9999,155.1,4.97294,1.87515,1.88141,1.88095,1.87866,1.8743,1.87441,1.87671,0,0,0,0,11111111,oooooooo,on,on,on,on,0,100,100,-41.229,-4.451,-41.229,0,0,0,-4.451,0,0,0,-1,-1,-1,-1,5634.1,1451.2,0.157471,4.99878,2.89795,2.90405,2.99805,2.2876,32.5761,16.0146,2,399.356,1371.41,29.4371,28.3977,30,28.1351,28.0041,-1,40,10,-999.9,400,20,100.508,86.361
6,1786546562,607.5,20260812 09:56:02,09:56:02,15,1786546554,0.001399811,1.399811324,3.689229226,377.9346452,247.4212126,25.13606303,38.39520857,0.051008056,2.956011892,0.050524076,0.031620648,266.1522444,31.95800453,31.06513548,4.528160091,40.46198154,1.80114368,4.451447041,2.727016411,-61.73167937,-47.72710128,-3.622665945,153.0707978,1.685143815,1.687170984,3.689229226,386.7892289,382.7439939,-0.259926552,66.7565269,1.399811324,15.0538932,17.49092788,-0.034582926,78.43,0,0,1,0,53013.00178,1500.01871,1273.875435,0.849239698,0.177432616,6,0.5,0: Broadleaf,2,TRUE,1786546554,377.9346452,381.5705161,17.72915484,15.13503548,419.1636452,22.18015484,383.3113226,101.4922258,0.099964952,30.76565161,31.06513548,999.9,0,0,10002.37258,0,32.6278871,-3.635914194,384.7563226,387.4344839,2.594123226,381.5705161,15.13503548,1.799369355,1.536087742,15.7809129,13.33100645,1500.01871,0.692008935,0.307991065,0,2.615606452,0,20734.53548,13609.77419,43.08435484,44.7256129,43.913,43.20529032,42.84248387,1038.028065,461.9906452,0,1786546498,0,0,--:--:--,1786208397,1786459371,0,-2.566,-0.971,-41.229,-4.451,412,17,0.91,0.28,-4.41262725,9.080340901,1.692827195,0,2.613355882,0.751537058,0.204576761,1,2.5813015,0.222347617,0.138893102,0,1,3,1/3,2.96193,2.76447,0.102097,0.0952728,0.109645,0.0842698,27987.9,18708.5,31939.8,22516.5,38379.6,28016.1,45976.2,32920.5,1.68703,2.70205,0.149891,0,28.655,999.9,67,29.3,27.0123,62.1418,-100,3,0.084502,0,20.3085,5.21879,12.0294,4.9597,3.301,7720.1,9999,9999,155.2,4.97291,1.87515,1.88141,1.88095,1.87866,1.87436,1.87441,1.87669,0,0,0,0,11111111,oooooooo,on,on,on,on,0,100,100,-41.229,-4.451,-41.229,0,0,0,-4.451,0,0,0,-1,-1,-1,-1,5636.1,1453.2,0.157471,4.99878,2.89795,2.90405,2.99805,2.29248,32.6869,16.0233,2,399.766,1369.27,29.5547,28.4689,30.0006,28.207,28.082,-1,40,10,-999.9,400,20,100.507,86.502
7,1786546682,727.5999999,20260812 09:58:02,09:58:02,15,1786546674,0.001413651,1.413650923,4.269235659,395.6370645,247.7706508,25.17310885,40.19610417,0.051540262,2.955791662,0.051046146,0.031947841,266.1487763,32.13706838,31.2674,4.580619448,41.26447182,1.856122673,4.498113246,2.724496775,-62.34200571,-50.83914663,-3.866506907,149.1011171,15.93944691,1.12108859,4.269235659,432.6335185,415.1456,1.522760234,66.7565269,1.413650923,16.57405696,18.49700727,0.030923013,78.43,0,0,1,0,52974.91832,1499.997097,1273.857271,0.849239824,0.177432861,6,0.5,0: Broadleaf,2,TRUE,1786546674,395.6370645,421.3495484,18.26920645,16.54184516,436.8660645,22.72020645,382.2965806,101.4984839,0.099945035,30.94836452,31.2674,999.9,0,0,10000.50613,0,33.72903548,-25.71241935,403.0007742,428.4370323,1.727360323,421.3495484,16.54184516,1.854297419,1.678972258,16.25177742,14.70310968,1499.997097,0.692005387,0.307994613,0,2.43836129,0,20493.47742,13609.56452,43.36687097,45,44.19106452,43.54,43.125,1038.006774,461.9903226,0,1786546618,0,0,--:--:--,1786208397,1786459371,0,-2.566,-0.971,-41.229,-4.451,412,17,0.91,0.28,-24.2969439,-9.093698209,4.885274163,0,2.471432353,-0.134351418,0.269931076,1,1.771827561,-0.599750491,0.131527803,0,1,3,1/3,2.96154,2.76443,0.107947,0.103224,0.113204,0.0898983,27796.1,18515,31929.6,22481.7,38211.5,27800.4,45960.4,32869.4,1.684,2.69683,0.150718,0,28.8408,999.9,69,29.4,27.9793,61.9972,-100,3,0.0985137,0,20.3081,5.21729,12.029,4.95965,3.301,7720.1,9999,9999,155.2,4.97291,1.87515,1.88141,1.88095,1.87866,1.87437,1.87443,1.87673,0,0,0,0,11111111,oooooooo,on,on,on,on,0,100,100,-41.229,-4.451,-41.229,0,0,0,-4.451,0,0,0,-1,-1,-1,-1,5638.1,1455.2,0.157471,4.99878,2.89795,2.90405,2.99805,2.2876,32.798,16.0058,2,399.075,1364.79,29.691,28.6379,30.0006,28.3628,28.2188,-1,40,10,-999.9,400,20,100.473,86.3678
8,1786546802,847.5999999,20260812 10:00:02,10:00:02,15,1786546794,0.001508267,1.508266722,4.058512243,464.2197097,332.3162789,33.7640829,47.16576874,0.057035034,2.955405265,0.056430533,0.035322861,266.149851,32.28971346,31.43629032,4.624827568,43.96664176,1.997721212,4.543720266,2.627106357,-66.51456244,-49.54396891,-3.774929023,146.3163906,1.683592744,1.445690682,4.058512243,479.0918097,471.1149576,0.210941612,66.7565269,1.508266722,17.45939253,19.72686545,0.006998641,78.43,0,0,1,0,52933.03858,1499.999032,1273.859294,0.849240077,0.177433348,6,0.5,0: Broadleaf,2,TRUE,1786546794,464.2197097,467.922871,19.66217419,17.43329677,505.4487097,24.11317419,381.5190323,101.5022581,0.099995694,31.12534194,31.43629032,999.9,0,0,9997.941935,0,33.94206774,-3.703098935,473.5302258,476.2252581,2.228888065,467.922871,17.43329677,1.995756129,1.76951871,17.41065161,15.52006774,1499.999032,0.691995742,0.308004258,0,2.581964516,0,20241.58387,13609.55484,43.437,45.135,44.312,43.687,43.25,1037.995484,462.0035484,0,1786546738,0,0,--:--:--,1786208397,1786459371,0,-2.566,-0.971,-41.229,-4.451,412,17,0.91,0.28,-5.061493195,-40.31974225,11.44493709,0,2.571491176,0.186409477,0.182927601,1,2.191113902,0.716242787,0.079990402,0,1,3,1/3,2.96044,2.76464,0.117487,0.11615,0.117381,0.0937272,27496.8,18225.1,31927.6,22453.7,38025,27649.8,45954.9,32829.5,1.68113,2.6978,0.15489,0,28.9274,999.9,71.5,29.5,29.1595,62.1172,-100,3,0.103158,0,20.3084,5.21864,12.0299,4.95975,3.301,7720.1,9999,9999,155.2,4.97287,1.87516,1.88141,1.88095,1.87866,1.87434,1.87442,1.8767,0,0,0,0,11111111,oooooooo,on,on,on,on,0,100,100,-41.229,-4.451,-41.229,0,0,0,-4.451,0,0,0,-1,-1,-1,-1,5640.1,1457.2,0.157471,4.99878,2.89795,2.90527,2.99805,2.323,32.9092,15.997,2,398.104,1368.3,29.8521,28.7468,30.0002,28.4577,28.3088,-1,40,10,-999.9,400,20,100.464,86.262
9,1786546922,967.5999999,20260812 10:02:02,10:02:02,15,1786546914,0.001709563,1.709563086,4.018183645,447.1342903,332.2957875,33.76216543,45.43007298,0.065958551,2.955598905,0.065151592,0.040791424,266.1491681,32.24174333,31.39178065,4.613140972,44.7622637,2.034321701,4.544724803,2.578819271,-75.3917321,-41.83659227,-3.186829473,145.7340142,-11.34105231,1.908403384,4.018183645,438.0107972,441.6814485,-1.439004855,66.7565269,1.709563086,17.06686504,19.85631576,-0.018973377,78.43,0,0,1,0,52937.95246,1499.995806,1273.856497,0.849240039,0.177433275,6,0.5,0: Broadleaf,2,TRUE,1786546914,447.1342903,430.6537742,20.02230968,17.08347419,488.3632903,24.47330968,381.8232258,101.5027419,0.100006865,31.12922258,31.39178065,999.9,0,0,9998.992903,0,30.78012581,16.48049645,456.2710968,438.1387419,2.938836774,430.6537742,17.08347419,2.032322258,1.734021935,17.69822258,15.20436452,1499.995806,0.691997,0.308003,0,2.557125806,0,19947.10968,13609.52581,43.387,45.169,44.312,43.562,43.22967742,1037.995161,462.0006452,0,1786546858,0,0,--:--:--,1786208397,1786459371,0,-2.566,-0.971,-41.229,-4.451,412,17,0.91,0.28,20.71101439,-111.8888536,11.26110034,0,2.513941176,0.249793738,0.208750741,1,2.944167317,-0.559711568,0.084100752,0,1,3,1/3,2.96088,2.76459,0.112276,0.104132,0.117773,0.091934,27659.5,18482.3,31928.1,22465.1,38007.7,27718.9,45954.9,32846.8,1.6824,2.69867,0.156142,0,28.8513,999.9,70.8,29.6,29.0402,62.0872,-100,3,0.102924,0,20.3081,5.21774,12.0291,4.9597,3.301,7720.1,9999,9999,155.3,4.97293,1.87515,1.88141,1.88095,1.87865,1.87435,1.87445,1.87672,0,0,0,0,11111111,oooooooo,on,on,on,on,0,100,100,-41.229,-4.451,-41.229,0,0,0,-4.451,0,0,0,-1,-1,-1,-1,5642.1,1459.2,0.157471,4.99878,2.89795,2.90405,2.99805,2.25952,32.976,15.9795,2,398.94,1370.44,29.9309,28.7665,30.0001,28.485,28.3446,-1,40,10,-999.9,400,20,100.464,86.3068
10,1786547042,1087.6,20260812 10:04:02,10:04:02,15,1786547034,0.001728473,1.728472594,3.970215633,430.1872903,317.9936791,32.30883431,43.7079439,0.06654523,2.956049872,0.065724072,0.041150478,266.1499827,32.23595721,31.36372581,4.605788028,44.46885732,2.020898434,4.544525216,2.584889594,-76.22564141,-37.49483905,-2.855262365,149.5742399,-2.145366157,1.844983978,3.970215633,435.6502191,433.0210182,-0.529753802,66.7565269,1.728472594,17.07662849,19.80447333,-0.008154476,78.43,0,0,1,0,52951.06814,1500.001613,1273.861316,0.849239964,0.177433131,6,0.5,0: Broadleaf,2,TRUE,1786547034,430.1872903,428.0645806,19.89031613,17.05053548,471.4162903,24.34131613,382.0619032,101.5021613,0.099966161,31.12845161,31.36372581,999.9,0,0,10001.60903,0,31.82592581,2.122651439,438.917871,435.4900645,2.839785161,428.0645806,17.05053548,2.018908387,1.730666129,17.59333871,15.17421613,1500.001613,0.692001194,0.307998806,0,2.562403226,0,19787.5129,13609.59032,43.387,45.175,44.375,43.5,43.19716129,1038.002903,461.9987097,0,1786546978,0,0,--:--:--,1786208397,1786459371,0,-2.566,-0.971,-41.229,-4.451,412,17,0.91,0.28,6.084187674,-82.99115057,8.42117615,0,2.553258824,-0.193237586,0.214889138,1,2.882722439,-1.1009423,0.112034031,0,1,3,1/3,2.96093,2.76459,0.110827,0.104475,0.117605,0.0918923,27706.7,18476.9,31930.4,22467.2,38017.4,27722.7,45957.7,32849.8,1.68257,2.7006,0.159517,0,28.7516,999.9,69.9,29.7,28.8367,62.2672,-100,3,0.102215,0,20.3082,5.21729,12.0288,4.95975,3.301,7720.1,9999,9999,155.3,4.97291,1.87515,1.88142,1.88095,1.87866,1.87438,1.87444,1.87673,0,0,0,0,11111111,oooooooo,on,on,on,on,0,100,100,-41.229,-4.451,-41.229,0,0,0,-4.451,0,0,0,-1,-1,-1,-1,5644.1,1461.2,0.157471,4.99878,2.89795,2.90405,2.99805,2.26807,33.0652,15.9883,2,399.116,1373.76,29.95,28.764,30.0001,28.4991,28.364,-1,40,10,-999.9,400,20,100.471,86.3146
11,1786547162,1207.6,20260812 10:06:02,10:06:02,15,1786547154,0.001714833,1.714833103,5.139600015,468.3002258,327.7814949,33.30372087,47.58090449,0.067007889,2.955398296,0.066175169,0.041433435,266.147848,32.2322083,31.3615129,4.605208479,45.31877067,2.058645887,4.542589872,2.546562592,-75.62413985,-38.32537729,-2.919012526,149.2793183,1.199574355,1.692139889,5.139600015,484.8137099,475.7785212,0.113201191,66.7565269,1.714833103,17.64595303,20.28919636,0.000303302,78.43,0,0,1,0,52933.62344,1499.999355,1273.8585,0.849239365,0.177431975,6,0.5,0: Broadleaf,2,TRUE,1786547154,468.3002258,471.4372581,20.26158065,17.65077097,509.5292258,24.71258065,380.9977742,101.5034516,0.09996831,31.12097419,31.3615129,999.9,0,0,9997.784839,0,35.11011613,-3.137185926,477.984871,479.9082258,2.61080871,471.4372581,17.65077097,2.056620323,1.791614516,17.88711613,15.71379355,1499.999355,0.692022161,0.307977839,0,2.532467742,0,19831.59032,13609.65161,43.375,45.12296774,44.33232258,43.437,43.187,1038.03129,461.9680645,0,1786547098,0,0,--:--:--,1786208397,1786459371,0,-2.566,-0.971,-41.229,-4.451,412,17,0.91,0.28,-7.366599115,47.3077915,8.822798241,0,2.556911765,-0.739043542,0.191755039,1,2.615839512,0.181629826,0.056398155,0,1,3,1/3,2.95992,2.76426,0.118074,0.111612,0.119256,0.0941685,27479.7,18316.2,31929.1,22450.7,37942.8,27632.9,45954.4,32825.6,1.68043,2.69823,0.159666,0,28.7652,999.9,70.5,29.8,29.2515,62.1772,-100,3,0.10362,0,20.3082,5.21864,12.0296,4.95975,3.301,7720.1,9999,9999,155.3,4.97296,1.87515,1.88141,1.88095,1.87866,1.87439,1.87445,1.87674,0,0,0,0,11111111,oooooooo,on,on,on,on,0,100,100,-41.229,-4.451,-41.229,0,0,0,-4.451,0,0,0,-1,-1,-1,-1,5646.1,1463.2,0.157471,4.99878,2.89795,2.90405,2.99805,2.29492,33.1322,15.9708,2,398.093,1370.73,29.9387,28.7739,30.0002,28.5197,28.3858,-1,40,10,-999.9,400,20,100.465,86.251
12,1786547282,1327.6,20260812 10:08:02,10:08:02,15,1786547274,0.001765906,1.765905652,5.760253034,402.5988387,249.3430267,25.33599774,40.90847619,0.066858229,2.955564427,0.066029246,0.041341903,266.1493584,32.33831881,31.48293871,4.637103373,43.91429618,2.008453789,4.573576179,2.628649583,-77.87643925,-38.65238046,-2.947249354,146.6732894,14.03095855,1.710027375,5.760253034,444.5983965,421.4491515,1.978547321,66.7565269,1.765905652,17.1040495,19.8299503,0.000194151,78.43,0,0,1,0,52917.79708,1499.992903,1273.854397,0.849240282,0.177433745,6,0.5,0: Broadleaf,2,TRUE,1786547274,402.5988387,425.7934516,19.76610323,17.12473226,443.8278387,24.21710323,380.7629032,101.511,0.100013874,31.24036129,31.48293871,999.9,0,0,9997.983871,0,36.06095484,-23.19457742,410.7174516,433.2114839,2.641376774,425.7934516,17.12473226,2.006477419,1.738348387,17.49546452,15.24289677,1499.992903,0.691991065,0.308008935,0,2.567622581,0,19667.97097,13609.46129,43.524,45.20122581,44.413,43.57216129,43.284,1037.980968,462.0119355,0,1786547218,0,0,--:--:--,1786208397,1786459371,0,-2.566,-0.971,-41.229,-4.451,412,17,0.91,0.28,-23.4261439,1.615018118,5.691624567,0,2.589861765,-0.668154307,0.211715151,1,2.584191951,1.455518676,0.177259003,0,1,3,1/3,2.96011,2.7643,0.108918,0.10507,0.117707,0.0925144,27764.2,18463.4,31928.4,22465.8,38011.1,27701,45955.4,32846.6,1.68047,2.6938,0.155173,0,28.9707,999.9,68.1,29.9,28.418,62.2073,-100,3,0.107922,0,20.3085,5.21819,12.0287,4.95975,3.301,7720.1,9999,9999,155.4,4.97296,1.87515,1.88142,1.88095,1.87866,1.87437,1.87441,1.87678,0,0,0,0,11111111,oooooooo,on,on,on,on,0,100,100,-41.229,-4.451,-41.229,0,0,0,-4.451,0,0,0,-1,-1,-1,-1,5648.1,1465.2,0.157471,4.99878,2.89795,2.90283,2.99805,2.29492,33.2216,15.9795,2,398.372,1365.29,30.0157,28.815,30.0004,28.563,28.4328,-1,40,10,-999.9,400,20,100.465,86.3075
13,1786547402,1447.6,20260812 10:10:02,10:10:02,15,1786547394,0.001855709,1.855708977,4.630401346,449.4661935,327.239553,33.25218467,45.67214669,0.070845649,2.95632939,0.069915815,0.043779909,266.1496532,32.4315113,31.61195806,4.671203474,44.8201578,2.063531305,4.604025078,2.607672169,-81.83676587,-40.63666019,-3.101501069,140.5747261,14.94575074,1.804126071,4.630401346,483.5347426,468.9630606,1.014124136,66.7565269,1.855708977,17.5056379,20.36317758,0.001234024,78.43,0,0,1,0,52919.61239,1499.994516,1273.855771,0.849240285,0.177433751,6,0.5,0: Broadleaf,2,TRUE,1786547394,449.4661935,474.3220645,20.30750968,17.51932258,490.6952258,24.75850968,380.3522581,101.5141935,0.100004242,31.35699355,31.61195806,999.9,0,0,10002.00968,0,35.09998387,-24.85592645,458.7833871,482.7800968,2.788180323,474.3220645,17.51932258,2.061499032,1.778459032,17.92471613,15.59864516,1499.994516,0.691990677,0.308009323,0,2.538090323,0,19489.50968,13609.49355,43.562,45.312,44.5,43.70325806,43.375,1037.981935,462.0125806,0,1786547338,0,0,--:--:--,1786208397,1786459371,0,-2.566,-0.971,-41.229,-4.451,412,17,0.91,0.28,-29.87418512,94.4725361,10.8444761,0,2.540082353,0.40651184,0.2421983,1,2.730051951,1.093914983,0.138532079,0,1,3,1/3,2.95982,2.76442,0.11694,0.11177,0.11949,0.0936259,27511.1,18316.8,31925.1,22455.8,37928.3,27655.2,45948.9,32832.6,1.67957,2.69365,0.155486,0,29.0928,999.9,68.7,30,28.8316,62.1472,-100,3,0.113049,0,20.3086,5.21849,12.0305,4.95975,3.301,7720.1,9999,9999,155.4,4.97293,1.87516,1.88141,1.88095,1.87866,1.87437,1.87441,1.87672,0,0,0,0,11111111,oooooooo,on,on,on,on,0,100,100,-41.229,-4.451,-41.229,0,0,0,-4.451,0,0,0,-1,-1,-1,-1,5650.1,1467.2,0.157471,4.99878,2.89795,2.90283,2.99805,2.32056,33.3111,15.9708,2,398.261,1366.41,30.12,28.8916,30.0002,28.6261,28.4905,-1,40,10,-999.9,400,20,100.452,86.27
14,1786547522,1567.6,20260812 10:12:02,10:12:02,15,1786547514,0.001839428,1.839427899,5.130178021,473.6700645,340.1371594,34.56285024,48.13172289,0.071244933,2.956947426,0.070304858,0.044023965,266.1507748,32.46449811,31.62464194,4.674567607,45.63793075,2.104652575,4.611630151,2.569915033,-81.11877036,-38.04000667,-2.903306961,144.0886908,9.886724171,1.751588351,5.130178021,499.9051523,488.6716545,0.424987076,66.7565269,1.839427899,18.0734066,20.8051903,0.013296554,78.43,0,0,1,0,52932.36881,1499.997097,1273.858306,0.849240515,0.177434193,6,0.5,0: Broadleaf,2,TRUE,1786547514,473.6700645,490.5775806,20.71213871,18.00585484,514.8990645,25.16313871,380.2947419,101.5144839,0.099965713,31.38601935,31.62464194,999.9,0,0,10005.48871,0,39.67671613,-16.90731581,483.6885484,499.5726774,2.706291613,490.5775806,18.00585484,2.102580645,1.827853871,18.2387,16.02691935,1499.997097,0.69198271,0.30801729,0,2.652864516,0,19336.97742,13609.46774,43.58029032,45.375,44.562,43.73983871,43.437,1037.972258,462.0248387,0,1786547458,0,0,--:--:--,1786208397,1786459371,0,-2.566,-0.971,-41.229,-4.451,412,17,0.91,0.28,-17.45872902,28.43008118,4.720937251,0,2.590238235,0.796832701,0.192864898,1,2.736456341,-0.5437823,0.063020739,0,1,3,1/3,2.95933,2.76468,0.120221,0.114927,0.120963,0.0959417,27408.6,18237,31924.9,22437.9,37862.3,27562.9,45946.6,32806.9,1.67792,2.69535,0.157028,0,29.0682,999.9,69.6,30.1,29.3809,62.2972,-100,3,0.114388,0,20.3088,5.22133,12.0299,4.95985,3.301,7720.1,9999,9999,155.4,4.97293,1.87521,1.88143,1.88095,1.87866,1.87437,1.87443,1.87677,0,0,0,0,11111111,oooooooo,on,on,on,on,0,100,100,-41.229,-4.451,-41.229,0,0,0,-4.451,0,0,0,-1,-1,-1,-1,5652.1,1469.2,0.157471,4.99878,2.89795,2.90405,2.99805,2.30957,33.4008,15.9533,2,397.613,1369.78,30.1913,28.9312,30.0002,28.6653,28.5291,-1,40,10,-999.9,400,20,100.449,86.202
15,1786547642,1687.6,20260812 10:14:02,10:14:02,15,1786547634,0.001893838,1.89383804,5.555100075,449.7726452,311.5317181,31.65627684,45.70362035,0.073496496,2.956522796,0.072496371,0.045398955,266.1507667,32.57776954,31.75223871,4.708527531,46.14588371,2.143517663,4.645089639,2.565009869,-83.51825755,-38.09624412,-2.911668364,141.6245966,10.40081335,1.914488532,5.555100075,484.2823041,466.1389697,1.307868067,66.7565269,1.89383804,18.17207036,21.09905152,6.15814E-05,78.43,0,0,1,0,52898.04422,1500.000323,1273.860745,0.849240314,0.177433806,6,0.5,0: Broadleaf,2,TRUE,1786547634,449.7726452,467.5564839,21.0945129,18.1350871,491.0016452,25.54551613,379.9595161,101.5149677,0.099972245,31.51322903,31.75223871,999.9,0,0,10003.03097,0,61.94375806,-17.78390903,459.464871,476.1925806,2.959425484,467.5564839,18.1350871,2.141408065,1.840983548,18.53058387,16.13913871,1500.000323,0.691990258,0.308009742,0,2.519119355,0,19263.05161,13609.54194,43.625,45.433,44.562,43.75,43.437,1037.984516,462.0158065,0,1786547578,0,0,--:--:--,1786208397,1786459371,0,-2.566,-0.971,-41.229,-4.451,412,17,0.91,0.28,-14.18905961,-88.58067146,8.92461915,0,2.555958824,-0.615584412,0.21034702,1,2.974182195,-0.317009268,0.045697655,0,1,3,1/3,2.95902,2.76455,0.116538,0.114261,0.121923,0.0965354,27524.4,18247.4,31926.1,22433.8,37820.6,27540.3,45947,32801.5,1.67752,2.69598,0.161767,0,29.1571,999.9,69.6,30.2,29.549,61.8172,-100,3,0.114352,0,20.3087,5.21729,12.0302,4.95965,3.301,7720.1,9999,9999,155.5,4.9729,1.87517,1.88142,1.88095,1.87866,1.87438,1.87448,1.87674,0,0,0,0,11111111,oooooooo,on,on,on,on,0,100,100,-41.229,-4.451,-41.229,0,0,0,-4.451,0,0,0,-1,-1,-1,-1,5654.1,1471.2,0.157471,4.99878,2.89795,2.90405,2.99805,2.32056,33.4681,15.9533,2,397.509,1371.29,30.2612,28.9443,30.0001,28.6842,28.552,-1,40,10,-999.9,400,20,100.451,86.1873
16,1786547762,1807.6,20260812 10:16:02,10:16:02,15,1786547754,0.001807771,1.807771055,6.988947743,473.9243871,296.3308967,30.11183109,48.15809372,0.070018073,2.954825314,0.06910923,0.043273942,266.1482121,32.61190774,31.7840871,4.717037414,46.22861138,2.148758448,4.648113762,2.568278966,-79.72270354,-41.32256068,-3.160741735,141.9422062,25.34550895,1.717646422,6.988947743,544.282771,508.0031394,3.551012308,66.7565269,1.807771055,18.65790887,21.27731818,0.021379247,78.43,0,0,1,0,52847.21964,1499.986774,1273.849161,0.849240262,0.177433706,6,0.5,0: Broadleaf,2,TRUE,1786547754,473.9243871,515.2700645,21.14595806,18.48859032,515.1533871,25.59695806,379.6219355,101.5155484,0.100015265,31.5246871,31.7840871,999.9,0,0,9993.343548,0,267.0640323,-41.34574484,484.1632581,524.9800645,2.657366774,515.2700645,18.48859032,2.146642903,1.876878065,18.5695,16.44174516,1499.986774,0.691990677,0.308009323,0,2.46503871,0,19105.67742,13609.41613,43.675,45.44919355,44.625,43.772,43.5,1037.977742,462.0090323,0,1786547698,0,0,--:--:--,1786208397,1786459371,0,-2.566,-0.971,-41.229,-4.451,412,17,0.91,0.28,-31.11755195,-188.1582393,20.12856906,0,2.499020588,-0.111045069,0.210241683,1,2.722419024,-1.181519582,0.120071209,0,1,3,1/3,2.95949,2.76447,0.123616,0.123255,0.122533,0.0981994,27303.2,18049.9,31925.5,22418.7,37792.1,27471.7,45944.4,32780.1,1.67775,2.6926,0.154771,0,29.2749,999.9,69.9,30.3,29.8446,62.1472,-100,3,0.116126,0,20.3088,5.21879,12.0293,4.95975,3.301,7720.1,9999,9999,155.5,4.973,1.87516,1.88142,1.88095,1.87866,1.87439,1.87449,1.87678,0,0,0,0,11111111,oooooooo,on,on,on,on,0,100,100,-41.229,-4.451,-41.229,0,0,0,-4.451,0,0,0,-1,-1,-1,-1,5656.1,1473.2,0.157471,4.99878,2.89795,2.90405,2.99805,2.27173,33.558,15.9358,2,397.793,1367.04,30.3255,28.9667,30.0002,28.7124,28.5812,-1,40,10,-999.9,400,20,100.447,86.1303
17,1786547882,1927.6,20260812 10:18:02,10:18:02,15,1786547874,0.00191563,1.915630028,3.434163737,491.4523871,399.0885421,40.55416281,49.93989559,0.075162745,2.955589398,0.07411678,0.046415751,266.1500327,32.67781877,31.87599677,4.741670788,47.18705753,2.20504107,4.672978536,2.536629718,-84.47928425,-41.00582466,-3.138574476,137.5263494,1.542303892,1.890512918,3.434163737,506.6935642,501.2570909,-0.013981981,66.7565269,1.915630028,18.76875352,21.72870788,0.000456689,78.43,0,0,1,0,52852.92563,1499.998065,1273.858655,0.849240199,0.177433584,6,0.5,0: Broadleaf,2,TRUE,1786547874,491.4523871,495.3609032,21.69953871,18.77457419,532.6813871,26.15053871,379.3870968,101.5169355,0.1000205,31.61865161,31.87599677,999.9,0,0,9997.540968,0,145.3265806,-3.908576548,502.3532903,504.8391935,2.924953226,495.3609032,18.77457419,2.202870968,1.905938065,18.98320645,16.68381613,1499.998065,0.691994516,0.308005452,0,2.59183871,0,19088.46129,13609.53548,43.69919355,45.5,44.625,43.875,43.562,1037.98871,462.0093548,0,1786547818,0,0,--:--:--,1786208397,1786459371,0,-2.566,-0.971,-41.229,-4.451,412,17,0.91,0.28,-0.222835075,-69.20005814,8.678012732,0,2.646817647,-0.543749419,0.247168392,1,2.92556225,0.07456334,0.026006628,1,2,3,2/3,2.9592,2.76443,0.122096,0.115678,0.123984,0.0980597,27348.8,18205.1,31923.6,22417.8,37724.6,27475.4,45939.3,32779.7,1.67703,2.7001,0.15761,0,29.3188,999.9,70.1,30.4,30.1006,62.0872,-100,3,0.118183,0,20.3088,5.21729,12.0314,4.9598,3.301,7720.1,9999,9999,155.5,4.97291,1.87515,1.88141,1.88094,1.87866,1.87437,1.87445,1.87674,0,0,0,0,11111111,oooooooo,on,on,on,on,0,100,100,-41.229,-4.451,-41.229,0,0,0,-4.451,0,0,0,-1,-1,-1,-1,5658.1,1475.2,0.157471,4.99878,2.89795,2.90405,2.99805,2.31201,33.6479,15.9445,2,397.562,1378.62,30.3948,28.999,30,28.739,28.6047,-1,40,10,-999.9,400,20,100.438,86.1281
18,1786548002,2047.6,20260812 10:20:02,10:20:02,15,1786547994,0.00188084,1.88083962,4.767057688,468.001871,345.9423607,35.15188129,47.55458736,0.073377676,2.955925095,0.07238056,0.045326308,266.1474217,32.68938858,31.88224516,4.743349521,46.9229464,2.193042092,4.673709262,2.550307429,-82.94502722,-41.56721341,-3.181322687,138.4538584,13.75240184,1.817008677,4.767057688,506.028905,488.7950485,1.3551257,66.7565269,1.88083962,18.83326879,21.65564061,0.010554442,78.43,0,0,1,0,52861.9991,1499.983226,1273.846065,0.849240207,0.177433599,6,0.5,0: Broadleaf,2,TRUE,1786547994,468.001871,491.0932903,21.58251935,18.7712871,509.230871,26.03351935,379.4335484,101.5119677,0.099992184,31.62140645,31.88224516,999.9,0,0,9999.934839,0,49.83067742,-23.09124194,478.3256129,500.4882258,2.811234194,491.0932903,18.7712871,2.190883226,1.90551,18.8957871,16.68022903,1499.983226,0.691993161,0.308006839,0,2.552596774,0,18963.33548,13609.37742,43.74593548,45.508,44.687,43.85264516,43.562,1037.978065,462.0051613,0,1786547938,0,0,--:--:--,1786208397,1786459371,0,-2.566,-0.971,-41.229,-4.451,412,17,0.91,0.28,-21.68279024,-5.647227178,3.998837736,0,2.524676471,0.202139041,0.225173653,1,2.828962439,-0.324524111,0.035520296,0,1,3,1/3,2.95839,2.76458,0.120169,0.11532,0.123745,0.0986727,27409.5,18209.1,31924.4,22413.7,37735.8,27451.3,45940.2,32773.2,1.67558,2.69482,0.158541,0,29.3127,999.9,69.6,30.5,30.0629,61.8772,-100,3,0.119266,0,20.3088,5.21819,12.0314,4.95975,3.301,7720.1,9999,9999,155.6,4.97294,1.87516,1.88142,1.88095,1.87866,1.87437,1.87445,1.87681,0,0,0,0,11111111,oooooooo,on,on,on,on,0,100,100,-41.229,-4.451,-41.229,0,0,0,-4.451,0,0,0,-1,-1,-1,-1,5660.1,1477.2,0.157471,4.99878,2.89795,2.90283,2.99805,2.25586,33.7155,15.9182,2,396.892,1371.18,30.4226,29.0139,30.0003,28.7562,28.6234,-1,40,10,-999.9,400,20,100.44,86.1116
19,1786548122,2167.6,20260812 10:22:02,10:22:02,15,1786548114,0.002178087,2.178086783,2.158236668,503.6108065,443.2875769,45.04469628,51.17444522,0.085762583,2.955882737,0.08440381,0.052872668,266.1484145,32.7354541,31.99578387,4.773943843,47.64319314,2.242239352,4.706316275,2.53170449,-96.05362715,-40.13085763,-3.075006483,126.8889232,-19.93029192,2.14262956,2.158236668,460.7425264,488.3310182,-4.40490266,66.7565269,2.178086783,18.35826366,21.94551091,-0.025929861,78.43,0,0,1,0,52839.58782,1499.990968,1273.852442,0.849240075,0.177433345,6,0.5,0: Broadleaf,2,TRUE,1786548114,503.6108065,473.7682258,22.0660129,18.74895484,544.8398065,26.5170129,379.0136129,101.515,0.100065771,31.74395484,31.99578387,999.9,0,0,9999.395806,0,198.0600645,29.84264548,514.9749355,482.8287419,3.317063871,473.7682258,18.74895484,2.240032903,1.903300968,19.25149355,16.65999032,1499.990968,0.691996935,0.308002968,0,2.5675,0,18955.29677,13609.48065,43.788,45.625,44.75,43.937,43.625,1037.99,462.0009677,0,1786548058,0,0,--:--:--,1786208397,1786459371,0,-2.566,-0.971,-41.229,-4.451,412,17,0.91,0.28,18.69639024,218.5032376,22.65287219,0,2.528823529,0.319746367,0.23707415,1,3.190352927,3.368923484,0.338279364,0,1,3,1/3,2.95894,2.76453,0.119642,0.106101,0.12462,0.0964113,27425.2,18412,31923.7,22429.9,37694.9,27541.5,45936.9,32798.8,1.6767,2.69303,0.161268,0,29.3506,999.9,68.8,30.6,29.8832,61.8772,-100,3,0.120981,0,20.3087,5.21819,12.0315,4.9597,3.301,7720.1,9999,9999,155.6,4.9729,1.87523,1.88142,1.88095,1.87866,1.87438,1.87447,1.87682,0,0,0,0,11111111,oooooooo,on,on,on,on,0,100,100,-41.229,-4.451,-41.229,0,0,0,-4.451,0,0,0,-1,-1,-1,-1,5662.1,1479.2,0.157471,4.99878,2.89795,2.90283,2.99805,2.34863,33.8057,15.9182,2,397.617,1369.11,30.4999,29.0412,30.0002,28.7784,28.6463,-1,40,10,-999.9,400,20,100.435,86.1769
20,1786548242,2287.6,20260812 10:24:02,10:24:02,15,1786548234,0.001828959,1.828959485,5.075121952,455.7274839,324.5010712,32.97550218,46.31061026,0.071388844,2.956094745,0.070444725,0.044111738,266.1525377,32.76149886,31.88430968,4.743904301,46.82212501,2.195649494,4.689341831,2.548254807,-80.6571133,-32.52052558,-2.489542854,150.485356,17.80271421,1.734696661,5.075121952,503.901441,480.6381818,2.127607311,66.7565269,1.828959485,19.0729221,21.7375297,0.021116398,78.43,0,0,1,0,52856.82089,1500.016452,1273.873877,0.849239937,0.177433079,6,0.5,0: Broadleaf,2,TRUE,1786548234,455.7274839,485.2418065,21.60666452,18.91256129,496.9564839,26.05766452,377.9845484,101.5190968,0.099988977,31.68025161,31.88430968,999.9,0,0,10000.19516,0,196.6944194,-29.51444839,465.7922581,494.5970968,2.694097742,485.2418065,18.91256129,2.193489032,1.919987419,18.91477742,16.79892581,1500.016452,0.692001516,0.307998484,0,2.534603226,0,18812.60645,13609.73548,43.812,45.625,44.754,43.937,43.625,1038.014516,462.0019355,0,1786548178,0,0,--:--:--,1786208397,1786459371,0,-2.566,-0.971,-41.229,-4.451,412,17,0.91,0.28,-25.52753561,-44.07085463,8.070734092,0,2.528673529,-0.257935828,0.205991769,1,2.772725854,-1.618054286,0.173017317,0,1,3,1/3,2.95706,2.76451,0.118865,0.11472,0.124021,0.099718,27447.9,18213.1,31922,22403.6,37720,27406.8,45935.4,32758.3,1.67218,2.68998,0.162985,0,29.2595,999.9,68.9,30.7,30.0971,61.8172,-100,3,0.124009,0,20.3086,5.21759,12.0296,4.9597,3.301,7720.1,9999,9999,155.6,4.97291,1.87524,1.88143,1.88095,1.87866,1.87439,1.8745,1.87682,0,0,0,0,11111111,oooooooo,on,on,on,on,0,100,100,-41.229,-4.451,-41.229,0,0,0,-4.451,0,0,0,-1,-1,-1,-1,5664.1,1481.2,0.157471,4.99878,2.89795,2.90405,2.99805,2.29004,33.8735,15.9007,2,395.44,1365.5,30.474,29.0736,30.0002,28.817,28.684,-1,40,10,-999.9,400,20,100.431,86.0727
21,1786548363,2408,20260812 10:26:02,10:26:02,15,1786548355,0.001946318,1.946318216,5.790459857,432.9721935,293.6808808,29.84485505,44.00011443,0.075542835,2.955424037,0.074486287,0.046647625,266.1523364,32.75553044,31.90966452,4.750722307,46.55167877,2.18594104,4.695729774,2.564781266,-85.83263333,-32.72953125,-2.506720223,145.0834516,-3.229116562,2.120516079,5.790459857,442.1858197,434.9232848,-0.295431145,66.7565269,1.946318216,18.27430213,21.40054848,-0.01287439,78.43,0,0,1,0,52833.46115,1500.014839,1273.872552,0.849239967,0.177433136,6,0.5,0: Broadleaf,2,TRUE,1786548355,432.9721935,429.3086774,21.51020968,18.22095484,474.2011935,25.96120968,378.4875484,101.5234516,0.099966897,31.70424839,31.90966452,999.9,0,0,9995.96129,0,556.6993548,3.663519729,442.4907742,437.2769032,3.289250323,429.3086774,18.22095484,2.183789677,1.849853226,18.84380968,16.2144129,1500.014839,0.692002387,0.307997645,0,2.614754839,0,18703.15806,13609.7129,43.875,45.687,44.812,44,43.687,1038.011935,462.0029032,0,1786548299,0,0,--:--:--,1786208397,1786459371,0,-2.566,-0.971,-41.229,-4.451,412,17,0.91,0.28,6.94113529,-111.0429291,13.5479681,0,2.595635294,0.321118413,0.230319191,1,3.27635675,-0.107666904,0.108956107,0,1,3,1/3,2.95703,2.76444,0.111113,0.107577,0.122866,0.0972928,27689.3,18378.9,31922.2,22426.9,37772.2,27507.6,45937.6,32790.6,1.67225,2.69065,0.161819,0,29.3045,999.9,67,30.8,29.4375,62.2372,-100,3,0.128084,0,20.3089,5.21729,12.03,4.9596,3.301,7720.1,9999,9999,155.7,4.97297,1.87522,1.88143,1.88095,1.87866,1.87439,1.87451,1.87682,0,0,0,0,11111111,oooooooo,on,on,on,on,0,100,100,-41.229,-4.451,-41.229,0,0,0,-4.451,0,0,0,-1,-1,-1,-1,5666.1,1483.2,0.157471,4.99878,2.89795,2.90405,2.99805,2.27417,33.9413,15.8832,2,395.702,1367.48,30.5023,29.123,30.0001,28.8556,28.7266,-1,40,10,-999.9,400,20,100.434,86.1593
22,1786548483,2528,20260812 10:28:02,10:28:02,15,1786548475,0.001833711,1.833710554,4.704095656,412.3663548,285.1149378,28.97636675,41.9089888,0.067921399,2.956366889,0.067066253,0.041992342,266.1499817,32.88822508,32.04469032,4.787175098,44.51333199,2.102606684,4.72354369,2.684568413,-80.86663544,-37.66030034,-2.886838105,144.7362079,19.59676714,1.576445893,4.704095656,453.5523495,435.6354424,1.458830365,66.7565269,1.833710554,18.32443059,20.94635273,0.027313368,78.43,0,0,1,0,52842.66691,1499.999032,1273.859361,0.849240122,0.177433436,6,0.5,0: Broadleaf,2,TRUE,1786548475,412.3663548,444.494129,20.68874194,18.23898387,453.5953548,25.13974194,378.1184516,101.5305484,0.0999273,31.80840323,32.04469032,999.9,0,0,10000.61129,0,38.48656452,-32.12770323,421.0799355,452.7519677,2.449746774,444.494129,18.23898387,2.100536774,1.851813226,18.2227129,16.23106129,1499.999032,0.691994484,0.308005516,0,2.632358065,0,18517.31613,13609.53548,44.10467742,45.87093548,44.99187097,44.23780645,43.86890323,1037.993226,462.0058065,0,1786548419,0,0,--:--:--,1786208397,1786459371,0,-2.566,-0.971,-41.229,-4.451,412,17,0.91,0.28,-36.12971463,80.25123136,8.332380973,0,2.636297059,-0.46066158,0.233069413,1,2.402177561,1.117115749,0.152542608,0,1,3,1/3,2.95655,2.76461,0.111267,0.10795,0.121403,0.0970499,27681,18375.7,31918.6,22432.6,37835,27521.2,45935.9,32798.1,1.67013,2.69085,0.156023,0,29.5128,999.9,65.2,30.9,28.8035,61.9972,-100,3,0.137264,0,20.3089,5.21774,12.0299,4.95975,3.301,7720.1,9999,9999,155.7,4.9729,1.87521,1.88143,1.88095,1.87866,1.87439,1.87444,1.8768,0,0,0,0,11111111,oooooooo,on,on,on,on,0,100,100,-41.229,-4.451,-41.229,0,0,0,-4.451,0,0,0,-1,-1,-1,-1,5668.1,1485.2,0.15625,4.99878,2.89795,2.90405,2.99805,2.30469,34.0092,15.8832,2,395.095,1369.65,30.5948,29.2151,30.0006,28.9462,28.8078,-1,40,10,-999.9,400,20,100.427,86.18
23,1786548603,2648,20260812 10:30:02,10:30:02,15,1786548595,0.001967164,1.967163978,4.388836052,409.1828387,297.1987238,30.20434909,41.58531082,0.073491421,2.956791645,0.072491522,0.045395905,266.1525556,32.95533023,32.12260645,4.808320638,45.14549476,2.144778627,4.750814313,2.663542011,-86.75193145,-33.88983278,-2.599735337,142.9110561,10.50377783,1.80937694,4.388836052,435.3017537,423.8922303,0.610930602,66.7565269,1.967163978,18.32863956,21.24858909,0.016217195,78.43,0,0,1,0,52837.26063,1500.001935,1273.862894,0.849240833,0.177434808,6,0.5,0: Broadleaf,2,TRUE,1786548595,409.1828387,427.0216129,21.10376452,18.29377742,450.4118387,25.55476452,378.1922581,101.5301613,0.0999827,31.91000645,32.12260645,999.9,0,0,10003.05968,0,36.35680968,-17.83876129,418.0048387,434.9791613,2.809994839,427.0216129,18.29377742,2.142666774,1.857368065,18.53982258,16.27811935,1500.001935,0.691972258,0.308027742,0,2.572890323,0,18472.43548,13609.47097,44.187,46.062,45.141,44.415,44,1037.959677,462.0422581,0,1786548539,0,0,--:--:--,1786208397,1786459371,0,-2.566,-0.971,-41.229,-4.451,412,17,0.91,0.28,-18.03933171,15.04589059,2.408196293,0,2.607255882,-0.600918262,0.231738528,1,2.851023659,-0.249829547,0.124679695,0,1,3,1/3,2.95724,2.76448,0.109111,0.105035,0.122361,0.0968722,27744.2,18436.9,31914.4,22434.2,37787.2,27527.8,45928.3,32799.7,1.67157,2.6885,0.161618,0,29.516,999.9,65.2,31,28.9729,62.0572,-100,3,0.142005,0,20.3089,5.21774,12.0306,4.9597,3.301,7720.1,9999,9999,155.7,4.97292,1.87521,1.88141,1.88095,1.87866,1.87439,1.87447,1.8768,0,0,0,0,11111111,oooooooo,on,on,on,on,0,100,100,-41.229,-4.451,-41.229,0,0,0,-4.451,0,0,0,-1,-1,-1,-1,5670.1,1487.2,0.157471,4.99878,2.89795,2.90405,2.99805,2.29858,34.0998,15.8482,2,396.262,1367.57,30.6789,29.303,30.0003,29.0157,28.8701,-1,40,10,-999.9,400,20,100.412,86.185
24,1786548723,2768,20260812 10:32:02,10:32:02,15,1786548715,0.001989649,1.989649477,4.008364881,451.8276452,350.2598654,35.5946651,45.91634755,0.076646612,2.95648549,0.075559588,0.047321123,266.1517611,32.98394853,32.18571613,4.82550743,47.11276183,2.242594972,4.76005839,2.582912457,-87.74354193,-38.47418623,-2.953127666,136.9809053,0.78132769,2.087926224,4.008364881,463.9059801,458.7494,-0.188758117,66.7565269,1.989649477,18.86991455,22.01265636,-0.00605303,78.43,0,0,1,0,52822.37284,1500,1273.861016,0.849240677,0.177434507,6,0.5,0: Broadleaf,2,TRUE,1786548715,451.8276452,454.5686129,22.06766129,18.82268387,493.0566452,26.51866129,377.5404839,101.5235806,0.100009761,31.94433226,32.18571613,999.9,0,0,10001.97065,0,31.08773548,-2.740934032,462.0235484,463.2889677,3.24496871,454.5686129,18.82268387,2.240387419,1.910945484,19.25404194,16.72510968,1500,0.69197771,0.30802229,0,2.794822581,0,18393.9129,13609.48387,44.19919355,46.187,45.23780645,44.437,44.03,1037.966129,462.033871,0,1786548659,0,0,--:--:--,1786208397,1786459371,0,-2.566,-0.971,-41.229,-4.451,412,17,0.91,0.28,-1.086993537,-54.42942535,6.202822436,0,2.779882353,-0.152941183,0.23237795,1,3.242211463,-0.279889547,0.05870528,0,1,3,1/3,2.9568,2.76463,0.115012,0.110976,0.12482,0.0988625,27559.9,18299.3,31913.9,22415.7,37676.4,27446.6,45923.7,32775.1,1.67005,2.6946,0.158012,0,29.6161,999.9,66.8,31.1,29.8525,61.7872,-100,3,0.143986,0,20.3089,5.21894,12.0302,4.9599,3.301,7720.1,9999,9999,155.8,4.97293,1.87521,1.88147,1.88095,1.87866,1.87439,1.87447,1.8768,0,0,0,0,11111111,oooooooo,on,on,on,on,0,100,100,-41.229,-4.451,-41.229,0,0,0,-4.451,0,0,0,-1,-1,-1,-1,5672.1,1489.2,0.157471,4.99878,2.89795,2.90283,2.99805,2.30835,34.1452,15.8482,2,395.66,1377.54,30.729,29.3394,30.0002,29.0518,28.9097,-1,40,10,-999.9,400,20,100.406,86.1179
25,1786548843,2888,20260812 10:34:02,10:34:02,15,1786548835,0.001847213,1.847212749,5.340304632,439.839129,300.0846782,30.49592374,44.69838519,0.069736359,2.956598686,0.068835297,0.043102047,266.1491288,33.05591331,32.18580323,4.825531186,45.96972723,2.192581062,4.769619473,2.632950124,-81.46208224,-32.84023419,-2.521031348,149.325781,14.02784936,1.847861223,5.340304632,481.7606274,461.9281758,1.579659128,66.7565269,1.847212749,18.98924334,21.67489455,0.022508312,78.43,0,0,1,0,52819.50468,1499.990645,1273.852568,0.849240341,0.177433859,6,0.5,0: Broadleaf,2,TRUE,1786548835,439.839129,463.4309677,21.57534194,18.70120968,481.068129,26.02634194,377.4341935,101.5243871,0.100007458,31.97977419,32.18580323,999.9,0,0,10002.53355,0,32.24393871,-23.59181935,449.5383226,472.2655806,2.874125806,463.4309677,18.70120968,2.190421935,1.898627097,18.8924129,16.62224839,1499.990645,0.691988419,0.308011581,0,2.8011,0,18342.6129,13609.43871,44.254,46.155,45.25,44.48780645,44.062,1037.976452,462.0141935,0,1786548779,0,0,--:--:--,1786208397,1786459371,0,-2.566,-0.971,-41.229,-4.451,412,17,0.91,0.28,-18.31239834,-115.9797262,14.50886048,0,2.810626471,-0.165685249,0.225086339,1,2.9340885,-1.901446604,0.208038638,0,1,3,1/3,2.95674,2.76451,0.115696,0.110918,0.123755,0.0989684,27539.1,18302.7,31914.7,22418.5,37725.7,27445.4,45927,32777.6,1.66998,2.6847,0.158511,0,29.6193,999.9,65.6,31.1,29.316,61.9072,-100,3,0.144733,0,20.3094,5.21849,12.0315,4.9597,3.301,7720.1,9999,9999,155.8,4.97293,1.87518,1.88144,1.88095,1.87866,1.87439,1.87449,1.87681,0,0,0,0,11111111,oooooooo,on,on,on,on,0,100,100,-41.229,-4.451,-41.229,0,0,0,-4.451,0,0,0,-1,-1,-1,-1,5674.1,1491.2,0.157471,4.99878,2.89795,2.90405,2.99805,2.32422,34.2133,15.8307,2,395.773,1363.5,30.759,29.357,30.0001,29.0784,28.9351,-1,40,10,-999.9,400,20,100.411,86.126
26,1786548963,3008,20260812 10:36:02,10:36:02,15,1786548955,0.001909804,1.909803586,3.838078039,481.3163226,379.0788396,38.52590509,48.91633356,0.073788337,2.955515994,0.072779974,0.045576933,266.1482631,33.12921916,32.30992903,4.859490852,47.6953933,2.286388206,4.793729641,2.573102646,-84.22233815,-38.40914244,-2.95271082,140.5640717,18.01818318,1.849842252,3.838078039,530.4909564,509.1370788,2.131007403,66.7565269,1.909803586,19.72130199,22.58102121,0.01376155,78.43,0,0,1,0,52773.10101,1499.985806,1273.848455,0.849240339,0.177433854,6,0.5,0: Broadleaf,2,TRUE,1786548955,481.3163226,511.4455806,22.49710645,19.61584194,522.5453226,26.94810645,376.5484516,101.5303548,0.099968635,32.06887419,32.30992903,999.9,0,0,9995.803226,0,32.53120323,-30.12925065,492.394129,521.6802581,2.881255806,511.4455806,19.61584194,2.284137419,1.991602903,19.56494516,17.37752903,1499.985806,0.691988419,0.308011581,0,2.773180645,0,18214.04839,13609.4,44.312,46.165,45.25,44.5,44.125,1037.973226,462.0125806,0,1786548899,0,0,--:--:--,1786208397,1786459371,0,-2.566,-0.971,-41.229,-4.451,412,17,0.91,0.28,-22.0696653,-137.8035595,17.80856498,0,2.773567647,-0.220527117,0.230150764,1,2.93177,-1.055089981,0.109106661,0,1,3,1/3,2.95562,2.76451,0.123404,0.12046,0.126686,0.10174,27297.4,18083.7,31912.7,22390.7,37591.9,27328.7,45919.5,32738.8,1.66702,2.68502,0.157572,0,29.7589,999.9,67.6,31.2,30.3831,62.4773,-99.9559,3,0.145823,0,20.309,5.21804,12.032,4.95975,3.301,7720.1,9999,9999,155.8,4.97288,1.87527,1.88146,1.88095,1.87866,1.87439,1.87453,1.87683,0,0,0,0,11111111,oooooooo,on,on,on,on,0,100,100,-41.229,-4.451,-41.229,0,0,0,-4.451,0,0,0,-1,-1,-1,-1,5676.1,1493.2,0.15625,4.99878,2.89795,2.90283,2.99805,2.2876,34.2587,15.8132,2,394.352,1364.68,30.8376,29.3772,30,29.1034,28.9618,-1,40,10,-999.9,400,20,100.399,86.0221
27,1786549083,3128,20260812 10:38:02,10:38:02,15,1786549075,0.00189921,1.89920986,5.215627479,462.3816129,329.9603067,33.5361525,46.99504749,0.072955752,2.955211877,0.071969752,0.045068573,266.1564975,33.2596191,32.42107419,4.890075467,47.69411661,2.302885947,4.828448687,2.58718952,-83.75515483,-35.77998498,-2.75410632,143.8672513,11.42028186,2.00541,5.215627479,501.5919159,481.1403818,1.688008963,66.7565269,1.89920986,19.70646016,22.65514788,0.001182771,78.43,0,0,1,0,52742.4406,1500.041613,1273.894984,0.849239763,0.177432743,6,0.5,0: Broadleaf,2,TRUE,1786549075,462.3816129,482.0621935,22.65796452,19.53399355,503.6106129,27.10896774,376.4384839,101.5369355,0.099994235,32.19649677,32.42107419,999.9,0,0,9993.430645,0,31.38117742,-19.6805219,473.1010968,491.6688065,3.123976129,482.0621935,19.53399355,2.300620323,1.983422258,19.68073226,17.3123,1500.041613,0.692006871,0.307993129,0,2.789616129,0,18086.15484,13609.96774,44.312,46.125,45.25,44.5,44.125,1038.040645,462.0009677,0,1786549019,0,0,--:--:--,1786208397,1786459371,0,-2.566,-0.971,-41.229,-4.451,412,17,0.91,0.28,-13.91409844,-118.2176205,14.25568359,0,2.766629412,0.193998468,0.224367562,1,3.167022195,-0.92327331,0.118702976,0,1,3,1/3,2.95555,2.76454,0.118973,0.120107,0.126928,0.102215,27435.8,18087.3,31913.2,22386.1,37579.9,27308.8,45917.9,32732.4,1.6669,2.68275,0.165671,0,29.7326,999.9,67.7,31.3,30.5963,62.0873,-99.984,3,0.144764,0,20.3088,5.21744,12.0315,4.95975,3.301,7720.1,9999,9999,155.9,4.97295,1.87522,1.88145,1.88095,1.87867,1.87439,1.87451,1.87682,0,0,0,0,11111111,oooooooo,on,on,on,on,0,100,100,-41.229,-4.451,-41.229,0,0,0,-4.451,0,0,0,-1,-1,-1,-1,5678.1,1495.2,0.15625,4.99878,2.89795,2.90527,2.99805,2.31689,34.3269,15.7957,2,394.304,1361.55,30.9162,29.3747,30.0001,29.1067,28.9717,-1,40,10,-999.9,400,20,100.397,86.005
28,1786549203,3248,20260812 10:40:02,10:40:02,15,1786549195,0.002162566,2.162565597,2.469783154,476.5740968,410.4069663,41.71370035,48.43891722,0.084033842,2.95638568,0.082729064,0.051821206,266.1517695,33.20510059,32.45031935,4.898150857,48.33867974,2.335800027,4.832155201,2.56235083,-95.36914281,-38.2913945,-2.946867714,129.5443645,-8.890023098,2.159004994,2.469783154,459.9554156,473.5332727,-2.481771081,66.7565269,2.162565597,19.35805517,22.88399576,-0.019244615,78.43,0,0,1,0,52773.86048,1500.01,1273.868594,0.849240067,0.17743333,6,0.5,0: Broadleaf,2,TRUE,1786549195,476.5740968,464.0530323,22.98114516,19.62133548,517.8030968,27.43214516,376.697871,101.5398387,0.100006074,32.21007419,32.45031935,999.9,0,0,9999.802903,0,37.9446129,12.52099935,487.7840645,473.3442258,3.359795806,464.0530323,19.62133548,2.333499032,1.992346129,19.90950968,17.38275161,1500.01,0.691998323,0.308001677,0,2.697167742,0,18025.11935,13609.66129,44.312,46.129,45.266,44.5,44.175,1038.003548,462.0064516,0,1786549139,0,0,--:--:--,1786208397,1786459371,0,-2.566,-0.971,-41.229,-4.451,412,17,0.91,0.28,4.907743171,132.0337307,13.68125815,0,2.707373529,-0.257260509,0.172579201,1,3.257604878,2.004759721,0.207017769,0,1,3,1/3,2.9559,2.76453,0.117203,0.106705,0.127615,0.100229,27491,18374.9,31913.3,22400.8,37547.8,27389.4,45915.3,32756.7,1.66815,2.685,0.163026,0,29.7969,999.9,67,31.4,30.453,62.0873,-100,3,0.144306,0,20.3089,5.21804,12.0297,4.9597,3.301,7720.1,9999,9999,155.9,4.97293,1.87521,1.88151,1.88095,1.87866,1.87439,1.87453,1.87681,0,0,0,0,11111111,oooooooo,on,on,on,on,0,100,100,-41.229,-4.451,-41.229,0,0,0,-4.451,0,0,0,-1,-1,-1,-1,5680.1,1497.2,0.15625,4.99878,2.89795,2.90283,2.99805,2.28149,34.3725,15.7694,2,394.976,1364.85,30.9695,29.3772,30,29.1084,28.9742,-1,40,10,-999.9,400,20,100.394,86.0658
29,1786549323,3368,20260812 10:42:02,10:42:02,15,1786549315,0.002167543,2.167542824,2.590675517,483.6794839,414.9286259,42.17478605,49.16286194,0.084076775,2.957190626,0.082771024,0.051847517,266.1499403,33.29478981,32.53432258,4.92141103,48.48375557,2.354924807,4.857141902,2.566486223,-95.58863852,-37.13953825,-2.859905455,130.5618581,-11.98729728,2.163049644,2.590675517,462.5417606,477.6847333,-2.7287975,66.75096356,2.167542824,19.60327716,23.09029879,-0.013229074,78.43,0,0,1,0,52781.26828,1500.000645,1273.860561,0.849240009,0.177433217,6,0.5,0: Broadleaf,2,TRUE,1786549315,483.6794839,466.2318065,23.16848065,19.79899355,524.9084839,27.61948065,376.2474839,101.5434516,0.100020103,32.30136774,32.53432258,999.9,0,0,10004.01452,0,30.12066129,17.44763452,495.1517097,475.6512581,3.369485161,466.2318065,19.79899355,2.352606452,2.010457419,20.04117742,17.52653871,1500.000645,0.691999323,0.308000677,0,2.695641935,0,17881.8129,13609.57419,44.375,46.125,45.312,44.56,44.187,1038,462.0006452,0,1786549259,0,0,--:--:--,1786208397,1786459371,0,-2.566,-0.971,-41.229,-4.451,412,17,0.91,0.28,13.32024968,89.95502014,9.456463678,0,2.694444118,0.365278838,0.232056714,1,3.291366,1.662380263,0.160330373,0,1,3,1/3,2.95566,2.76447,0.1179,0.107628,0.128289,0.101177,27468.2,18347.6,31912.1,22390.7,37514.6,27349,45910.7,32743,1.66728,2.68715,0.163995,0,29.8846,999.9,67.3,31.4,30.5878,62.0873,-99.992,3,0.145935,0,20.309,5.21744,12.0306,4.95965,3.301,7720.1,9999,9999,155.9,4.97291,1.87524,1.88146,1.88095,1.87866,1.87439,1.87449,1.87682,0,0,0,0,11111111,oooooooo,on,on,on,on,0,100,100,-41.229,-4.451,-41.229,0,0,0,-4.451,0,0,0,-1,-1,-1,-1,5682.1,1499.2,0.15625,4.99878,2.89795,2.90283,2.99805,2.31689,34.4408,15.7431,2,394.591,1368.27,31.0269,29.3898,30.0001,29.1221,28.9866,-1,40,10,-999.9,400,20,100.386,86.0285
30,1786549443,3488,20260812 10:44:02,10:44:02,15,1786549435,0.002050762,2.05076192,3.678689632,490.7672258,397.5065884,40.40317008,49.88232214,0.079747598,2.957401659,0.078571923,0.049211638,266.1517085,33.36526048,32.59216129,4.937482175,48.88975228,2.380089742,4.868279407,2.557392432,-90.43860069,-39.89689066,-3.073499245,132.7427179,-3.126045895,2.037834545,3.678689632,496.2712026,495.5401818,-0.741359351,66.75096356,2.05076192,20.198452,23.40136909,-0.000152338,78.43,0,0,1,0,52780.27479,1500.009032,1273.867829,0.849240106,0.177433404,6,0.5,0: Broadleaf,2,TRUE,1786549435,490.7672258,487.3686774,23.4165129,20.2351,531.9962258,27.8675129,375.3267419,101.5415161,0.099994381,32.34192903,32.59216129,999.9,0,0,10005.4029,0,43.78724194,3.398451645,502.5349355,497.4344516,3.181415484,487.3686774,20.2351,2.37775,2.054703871,20.21303226,17.87228065,1500.009032,0.691995613,0.308004387,0,2.752677419,0,17875.10968,13609.64839,44.375,46.133,45.312,44.504,44.187,1038.000968,462.0080645,0,1786549379,0,0,--:--:--,1786208397,1786459371,0,-2.566,-0.971,-41.229,-4.451,412,17,0.91,0.28,4.311895634,-18.29676159,4.698958052,0,2.741967647,0.353419408,0.172057606,1,3.17827439,0.190230105,0.031064654,0,1,3,1/3,2.95459,2.7645,0.120982,0.115399,0.1293,0.103781,27369.6,18164.8,31909.1,22362.4,37464,27235.7,45902.4,32702,1.66457,2.68565,0.160865,0,29.99,999.9,68.4,31.5,31.2672,62.1173,-99.9639,3,0.147276,0,20.309,5.21729,12.0302,4.95965,3.301,7720.1,9999,9999,156,4.97293,1.87523,1.8815,1.88095,1.87866,1.87439,1.87449,1.87683,0,0,0,0,11111111,oooooooo,on,on,on,on,0,100,100,-41.229,-4.451,-41.229,0,0,0,-4.451,0,0,0,-1,-1,-1,-1,5684.1,1501.2,0.15625,4.99878,2.89795,2.90527,2.99805,2.31934,34.5092,15.7256,2,393.269,1366.56,31.0831,29.4101,30.0002,29.1409,29.004,-1,40,10,-999.9,400,20,100.372,85.9206
31,1786549563,3608,20260812 10:46:02,10:46:02,15,1786549555,0.001934782,1.934782268,3.312096455,471.6057742,381.1892755,38.74293405,47.93259564,0.074081011,2.956926619,0.07306517,0.04575584,266.1519946,33.33204048,32.50576452,4.913492649,47.78186892,2.317865862,4.850931774,2.595626787,-85.32389801,-36.19465251,-2.786692996,141.8467511,10.45199085,1.815444783,3.312096455,502.0212359,490.5455152,0.853653061,66.75096356,1.934782268,20.04085098,22.92269333,0.016855048,78.43,0,0,1,0,52777.46672,1500.012581,1273.870665,0.849239987,0.177433175,6,0.5,0: Broadleaf,2,TRUE,1786549555,471.6057742,489.6869677,22.80533548,19.96872903,512.8347742,27.25633548,375.2461935,101.5370323,0.099966826,32.27871613,32.50576452,999.9,0,0,10003.14871,0,36.70492258,-18.08117616,482.6123226,499.6647097,2.83659871,489.6869677,19.96872903,2.315587097,2.027565484,19.78517742,17.66113871,1500.012581,0.692000226,0.307999774,0,2.741496774,0,17779.19032,13609.69032,44.375,46.139,45.312,44.437,44.187,1038.009355,462.0032258,0,1786549499,0,0,--:--:--,1786208397,1786459371,0,-2.566,-0.971,-41.229,-4.451,412,17,0.91,0.28,-20.16218976,42.05059233,6.100177407,0,2.787011765,-0.489717342,0.244325779,1,2.88516561,-0.815729268,0.09846518,0,1,3,1/3,2.95477,2.76446,0.120182,0.113404,0.127783,0.102743,27395.7,18214.7,31910.6,22373.5,37535.3,27277.9,45908.6,32714.8,1.6647,2.68195,0.158075,0,29.9326,999.9,66.9,31.6,30.7553,62.0873,-99.976,3,0.149393,0,20.3092,5.21729,12.0311,4.95975,3.301,7720.1,9999,9999,156,4.97288,1.87529,1.88147,1.88095,1.87867,1.87439,1.87449,1.87681,0,0,0,0,11111111,oooooooo,on,on,on,on,0,100,100,-41.229,-4.451,-41.229,0,0,0,-4.451,0,0,0,-1,-1,-1,-1,5686.1,1503.2,0.15625,4.99878,2.89795,2.90405,2.99805,2.28882,34.5549,15.6993,2,393.463,1361.62,31.0793,29.4354,30,29.1635,29.0239,-1,40,10,-999.9,400,20,100.382,85.9578
32,1786549683,3728,20260812 10:48:02,10:48:02,15,1786549675,0.001744684,1.744684257,5.006609278,404.2079677,263.1972256,26.74835811,41.07907843,0.064067611,2.95603036,0.063306079,0.039633966,266.1515545,33.33911045,32.45001613,4.898067068,45.35626236,2.194974219,4.839407185,2.703092849,-76.94057573,-34.00911366,-2.617959543,152.5839056,26.08782106,1.594825462,5.006609278,470.7651678,437.225097,3.569824923,66.75096356,1.744684257,19.42780044,21.85094182,0.036436563,78.43,0,0,1,0,52758.83109,1500.009355,1273.867994,0.849240033,0.177433263,6,0.5,0: Broadleaf,2,TRUE,1786549675,404.2079677,446.9336129,21.59800323,19.10409677,445.4369677,26.04900323,375.4063226,101.5286129,0.09995879,32.2366129,32.45001613,999.9,0,0,9998.892581,0,32.50261935,-42.72568387,413.1326774,455.6430645,2.493904194,446.9336129,19.10409677,2.192815161,1.939612258,18.90963226,16.95844516,1500.009355,0.691999258,0.308000742,0,2.813970968,0,17645.6,13609.65161,44.437,46.22967742,45.399,44.5,44.25,1038.004839,462.0045161,0,1786549619,0,0,--:--:--,1786208397,1786459371,0,-2.566,-0.971,-41.229,-4.451,412,17,0.91,0.28,-37.93379756,-93.10496655,10.07667843,0,2.812132353,0.361990831,0.19501145,1,2.594260488,-2.105050871,0.211473347,0,1,3,1/3,2.95425,2.76448,0.111567,0.112197,0.124323,0.101213,27664.8,18256.6,31911.9,22394.7,37694.3,27346.8,45918.4,32741.7,1.66308,2.68845,0.159249,0,29.8679,999.9,64,31.6,29.4251,62.1173,-99.9559,3,0.155836,0,20.3092,5.21729,12.0303,4.9597,3.301,7720.1,9999,9999,156,4.97298,1.8753,1.88153,1.88096,1.87867,1.87439,1.87451,1.87683,0,0,0,0,11111111,oooooooo,on,on,on,on,0,100,100,-41.229,-4.451,-41.229,0,0,0,-4.451,0,0,0,-1,-1,-1,-1,5688.1,1505.2,0.15625,4.99878,2.89795,2.90405,2.99805,2.30469,34.6235,15.6906,2,392.909,1372.29,31.0547,29.4931,30.0004,29.2175,29.0773,-1,40,10,-999.9,400,20,100.396,86.0329
33,1786549803,3848.1,20260812 10:50:02,10:50:02,15,1786549795,0.002156057,2.156057377,2.278489842,484.6476,421.7381613,42.85784342,49.25082162,0.083917411,2.957307193,0.082616615,0.051750576,266.1504352,33.32260785,32.56137,4.928920788,48.76966825,2.372147702,4.863981624,2.556773086,-95.08213033,-37.48035737,-2.886772894,130.7011746,-10.50880035,2.1634231,2.278489842,470.091967,482.1386667,-2.214219648,66.75096356,2.156057377,19.71811607,23.24621939,-0.018568537,78.43,0,0,1,0,52779.84956,1500.008333,1273.86664,0.849239709,0.177432638,6,0.5,0: Broadleaf,2,TRUE,1786549795,484.6476,469.4966667,23.34287333,19.95897,525.8766,27.79387333,374.6423667,101.5219667,0.09995743,32.32628667,32.56137,999.9,0,0,10006.79333,0,30.19467667,15.15100623,496.2314,479.0617,3.383903333,469.4966667,19.95897,2.369813667,2.026273333,20.15893333,17.65031667,1500.008333,0.6920092,0.3079908,0,2.705156667,0,17594.80667,13609.69,44.5,46.2748,45.4454,44.625,44.312,1038.020333,461.988,0,1786549739,0,0,--:--:--,1786208397,1786459371,0,-2.566,-0.971,-41.229,-4.451,412,17,0.91,0.28,7.117066756,145.8694666,14.59735852,0,2.717326471,0.065300224,0.220344967,1,3.283114146,1.993629826,0.206089215,0,1,3,1/3,2.95428,2.76471,0.118488,0.106412,0.128708,0.101158,27442.2,18371.3,31904,22389.7,37486.8,27346.3,45898.1,32739.2,1.6631,2.68465,0.160679,0,29.9519,999.9,65.7,31.7,30.3812,62.0136,-94.5232,3,0.16125,0,20.3093,5.21759,12.0327,4.95975,3.301,7720.1,9999,9999,156.1,4.97296,1.87531,1.88154,1.88096,1.87867,1.87439,1.87454,1.87683,0,0,0,0,11111111,oooooooo,on,on,on,on,0,100,100,-41.229,-4.451,-41.229,0,0,0,-4.451,0,0,0,-1,-1,-1,-1,5690.1,1507.2,0.157471,4.99878,2.89795,2.90283,2.99805,2.27661,34.6921,15.6556,2,393.257,1368,31.0974,29.5694,30.0002,29.2765,29.1335,-1,40,10,-999.9,400,20,100.36,86.0212
34,1786549923,3968.1,20260812 10:52:02,10:52:02,15,1786549915,0.001931706,1.931705892,4.230428039,469.6775161,360.457967,36.63077314,47.7299772,0.074603217,2.955643011,0.07357267,0.046074323,266.1467366,33.38058365,32.5644871,4.929786895,48.4641831,2.357265402,4.863933015,2.572521493,-85.18822983,-37.98416074,-2.927265841,140.0470802,-2.639212849,1.976751442,4.230428039,482.3670975,475.5329515,-0.012418596,66.75096356,1.931705892,20.16058159,23.18778303,-0.000179655,78.43,0,0,1,0,52732.12759,1499.986774,1273.848397,0.849239752,0.177432722,6,0.5,0: Broadleaf,2,TRUE,1786549915,469.6775161,466.9342581,23.19620968,20.09998387,510.9065161,27.64720968,374.1778065,101.5229032,0.099966845,32.32610968,32.5644871,999.9,0,0,9997.257419,0,35.93547742,2.743329848,480.8309677,476.5124516,3.096229355,466.9342581,20.09998387,2.354945484,2.040608065,20.05724839,17.76295484,1499.986774,0.692008387,0.307991613,0,2.7487,0,17508.4,13609.48065,44.558,46.312,45.5,44.625,44.3363871,1038.003226,461.9835484,0,1786549859,0,0,--:--:--,1786208397,1786459371,0,-2.566,-0.971,-41.229,-4.451,412,17,0.91,0.28,5.489520633,-106.2913051,11.28844227,0,2.763094118,-0.778664627,0.197585005,1,3.0836255,-0.000801051,0.054279633,1,2,3,2/3,2.95339,2.7644,0.117691,0.112727,0.128547,0.1036,27466.2,18224.5,31903.2,22369.1,37494.6,27244.3,45898.7,32706.1,1.6605,2.67885,0.161774,0,29.9428,999.9,66.1,31.8,30.7403,61.9236,-88.9303,3,0.165922,0,20.3094,5.21729,12.0318,4.9598,3.301,7720.1,9999,9999,156.1,4.97299,1.87531,1.88154,1.88096,1.87868,1.87439,1.87451,1.87683,0,0,0,0,11111111,oooooooo,on,on,on,on,0,100,100,-41.229,-4.451,-41.229,0,0,0,-4.451,0,0,0,-1,-1,-1,-1,5692.1,1509.2,0.15625,4.99878,2.89795,2.90405,2.99805,2.23999,34.7608,15.6293,2,392.213,1360.75,31.1092,29.626,30.0003,29.3351,29.1911,-1,40,10,-999.9,400,20,100.36,85.9373
35,1786550043,4088.1,20260812 10:54:02,10:54:02,15,1786550035,0.001945637,1.945637293,4.30753916,471.3691613,360.9091439,36.67641262,47.90161221,0.075015882,2.956027202,0.073974123,0.04632622,266.1465503,33.50389154,32.6941871,4.965942569,48.78286017,2.38984903,4.898952258,2.576093539,-85.80260462,-38.40190577,-2.962808343,138.9792316,5.373845043,1.999147008,4.30753916,497.4742058,484.8780606,0.77692457,66.75096356,1.945637293,20.46283622,23.51195091,-0.000102851,78.43,0,0,1,0,52721.19409,1499.988065,1273.849277,0.849239609,0.177432445,6,0.5,0: Broadleaf,2,TRUE,1786550035,471.3691613,481.5030645,23.51697742,20.38490645,512.5981613,27.96797742,373.9633871,101.5223226,0.099964465,32.45321935,32.6941871,999.9,0,0,9999.494194,0,43.1452871,-10.13393826,482.7213226,491.5233548,3.13207129,481.5030645,20.38490645,2.387496452,2.069520645,20.27921935,17.98643871,1499.988065,0.692012839,0.307987161,0,2.724309677,0,17413.87097,13609.51935,44.562,46.34045161,45.5,44.687,44.375,1038.01129,461.9767742,0,1786549979,0,0,--:--:--,1786208397,1786459371,0,-2.566,-0.971,-41.229,-4.451,412,17,0.91,0.28,-8.245067853,-77.88936872,9.155002086,0,2.735826471,0.010870896,0.220942112,1,3.110861,0.026100788,0.073939028,1,2,3,2/3,2.95295,2.76458,0.119274,0.117232,0.129567,0.104843,27414.2,18122.2,31900.4,22357.2,37444.7,27192.9,45891.8,32689.8,1.65935,2.68005,0.162631,0,30.0648,999.9,66.8,31.8,31.066,62.2836,-77.7564,3,0.16922,0,20.3091,5.21684,12.0303,4.9597,3.301,7720.1,9999,9999,156.1,4.97301,1.8753,1.88155,1.88096,1.87869,1.87439,1.87449,1.87683,0,0,0,0,11111111,oooooooo,on,on,on,on,0,100,100,-41.229,-4.451,-41.229,0,0,0,-4.451,0,0,0,-1,-1,-1,-1,5694.1,1511.2,0.15625,4.99878,2.89795,2.90527,2.99805,2.32666,34.8066,15.6205,2,391.886,1363.7,31.1809,29.674,30.0003,29.385,29.2412,-1,40,10,-999.9,400,20,100.347,85.8933
36,1786550163,4208.1,20260812 10:56:02,10:56:02,15,1786550155,0.002038821,2.038821296,4.047805255,471.5752903,370.5988226,37.66102537,47.92246464,0.078725917,2.956314538,0.077579525,0.048588811,266.1477263,33.49376097,32.71125484,4.970717577,48.8875959,2.396859501,4.902796827,2.573858077,-89.91201915,-38.90948764,-3.002134279,134.3240853,7.341218254,1.9924131,4.047805255,499.9295836,486.9669273,0.887919043,66.75096356,2.038821296,20.39003768,23.58592485,-0.000223665,78.43,0,0,1,0,52727.03311,1499.99871,1273.857948,0.849239363,0.17743197,6,0.5,0: Broadleaf,2,TRUE,1786550155,471.5752903,484.8613226,23.58600968,20.4647,512.8042903,28.03700968,373.9622581,101.5220968,0.09998909,32.46712581,32.71125484,999.9,0,0,10001.14677,0,29.04647097,-13.28603516,482.9665484,494.9908065,3.121306774,484.8613226,20.4647,2.394498065,2.077618065,20.32661613,18.04856452,1499.99871,0.692021581,0.307978419,0,2.717464516,0,17337.55806,13609.65806,44.57012903,46.375,45.538,44.687,44.403,1038.030968,461.9677419,0,1786550099,0,0,--:--:--,1786208397,1786459371,0,-2.566,-0.971,-41.229,-4.451,412,17,0.91,0.28,-9.230677732,-89.38956493,9.50750697,0,2.698694118,0.706163479,0.197529479,1,3.11126,0.394865854,0.054070417,0,1,3,1/3,2.95346,2.76454,0.119642,0.118021,0.129782,0.104482,27401.7,18108.2,31899.2,22360,37433,27208.2,45888.7,32694.9,1.66022,2.68405,0.158489,0,30.147,999.9,66.5,31.9,31.102,62.3136,-65.4928,3,0.171509,0,20.3092,5.21714,12.0303,4.9597,3.301,7720.1,9999,9999,156.2,4.97299,1.8753,1.8815,1.88095,1.87871,1.87439,1.87452,1.87683,0,0,0,0,11111111,oooooooo,on,on,on,on,0,100,100,-41.229,-4.451,-41.229,0,0,0,-4.451,0,0,0,-1,-1,-1,-1,5696.1,1513.2,0.15625,4.99878,2.89917,2.90283,2.99805,2.29736,34.8755,15.603,2,392.547,1370.32,31.2355,29.7078,30.0002,29.4203,29.2739,-1,40,10,-999.9,400,20,100.341,85.9058
37,1786550283,4328.1,20260812 10:58:02,10:58:02,15,1786550275,0.001909291,1.909290694,3.675392205,442.7562581,344.3364089,34.9915069,44.99294371,0.072808036,2.956454905,0.071826403,0.044978595,266.1458856,33.45145532,32.62757419,4.94734458,47.99271647,2.34297248,4.881933453,2.6043721,-84.19971962,-37.62028906,-2.900257473,141.4256194,6.296674333,1.873913542,3.675392205,465.4835001,456.3688182,0.434211512,66.75096356,1.909290694,20.18001326,23.10840303,0.007625351,78.43,0,0,1,0,52744.06834,1499.983548,1273.845513,0.849239656,0.177432536,6,0.5,0: Broadleaf,2,TRUE,1786550275,442.7562581,454.1890968,23.0561871,20.11917742,483.9852581,27.5071871,373.9943226,101.5200968,0.100022394,32.39154516,32.62757419,999.9,0,0,10002.14032,0,28.9174129,-11.43286484,453.2055484,463.5147742,2.937012581,454.1890968,20.11917742,2.340666129,2.042500968,19.95902903,17.77767742,1499.983548,0.692010871,0.307989129,0,2.714164516,0,17196.92581,13609.45806,44.562,46.3506129,45.554,44.625,44.375,1038.005806,461.9777419,0,1786550219,0,0,--:--:--,1786208397,1786459371,0,-2.566,-0.971,-41.229,-4.451,412,17,0.91,0.28,-10.47976025,-17.10108777,2.985715496,0,2.689682353,-0.060171128,0.226557586,1,2.92610175,0.048831107,0.030003841,1,2,3,2/3,2.95329,2.7645,0.114455,0.110089,0.128264,0.10343,27565.5,18280.8,31902.1,22372,37505.7,27250.2,45896.8,32707.1,1.65968,2.67695,0.161603,0,29.9959,999.9,65,32,30.5711,62.1036,-57.1314,3,0.172749,0,20.3092,5.21714,12.0306,4.95975,3.301,7720.1,9999,9999,156.2,4.97294,1.87531,1.88154,1.88096,1.87869,1.87439,1.87454,1.87683,0,0,0,0,11111111,oooooooo,on,on,on,on,0,100,100,-41.229,-4.451,-41.229,0,0,0,-4.451,0,0,0,-1,-1,-1,-1,5698.1,1515.2,0.15625,4.99878,2.89795,2.90283,2.99805,2.33398,34.9214,15.5855,2,392.385,1360.39,31.2118,29.7257,30.0001,29.4431,29.299,-1,40,10,-999.9,400,20,100.356,85.9435
38,1786550403,4448.1,20260812 11:00:02,11:00:02,15,1786550395,0.00198952,1.98952043,2.696573738,468.0459032,392.857474,39.92143232,47.56193808,0.076536878,2.956305076,0.075452875,0.047254161,266.148961,33.48948765,32.68721935,4.963994366,48.61871154,2.381397034,4.898108071,2.582597332,-87.73785098,-37.78187588,-2.914554,137.7146801,1.769065645,1.971749007,2.696573738,478.8902401,477.6121333,-0.44018316,66.75096356,1.98952043,20.32062712,23.44076485,-1.07376E-05,78.43,0,0,1,0,52729.60381,1500.003871,1273.862497,0.849239473,0.177432183,6,0.5,0: Broadleaf,2,TRUE,1786550395,468.0459032,472.3688387,23.43477097,20.34257419,509.2749032,27.88577097,373.6259355,101.5180645,0.100041206,32.45016452,32.68721935,999.9,0,0,10001.49032,0,29.93520968,-4.322956513,479.2776129,482.1776452,3.09220129,472.3688387,20.34257419,2.379052581,2.065137419,20.22189677,17.95277419,1500.003871,0.692018226,0.307981774,0,2.746112903,0,17130.33226,13609.66452,44.562,46.312,45.5,44.57012903,44.375,1038.029032,461.9748387,0,1786550339,0,0,--:--:--,1786208397,1786459371,0,-2.566,-0.971,-41.229,-4.451,412,17,0.91,0.28,-5.702883298,36.51969162,3.696592844,0,2.728067647,0.132832698,0.209806007,1,3.06114375,0.678739475,0.073388185,0,1,3,1/3,2.95328,2.76441,0.117893,0.111149,0.129309,0.10376,27457.9,18255.6,31901.5,22367.8,37457.4,27236.6,45893.3,32702.9,1.6599,2.68222,0.160076,0,30.0935,999.9,65.2,32.1,30.8427,61.8036,-42.5641,3,0.172713,0,20.3092,5.21759,12.0311,4.95975,3.301,7720.1,9999,9999,156.2,4.97293,1.87531,1.88156,1.88098,1.87867,1.87439,1.87448,1.87683,0,0,0,0,11111111,oooooooo,on,on,on,on,0,100,100,-41.229,-4.451,-41.229,0,0,0,-4.451,0,0,0,-1,-1,-1,-1,5700.1,1517.2,0.15625,4.99878,2.89795,2.90283,2.99805,2.30469,34.9674,15.568,2,392.575,1368.6,31.229,29.7308,30.0001,29.4558,29.3142,-1,40,10,-999.9,400,20,100.35,85.9303
39,1786550818,4863.1,20260812 11:06:57,11:06:57,15,1786550810,0.002146122,2.146121736,3.758422707,379.7057333,287.7824245,29.24489141,38.58627905,0.078872666,2.956964609,0.077722279,0.048678384,266.1537791,33.85717958,32.95003,5.037939393,46.56078059,2.333669762,5.012093295,2.704269631,-94.64396855,-14.58283295,-1.128401622,155.798576,-2.250173639,2.594135382,3.758422707,380.0629043,381.6992606,-1.096119758,66.75135901,2.146121736,18.68647688,22.54804667,-0.06611619,78.43,0,0,1,0,52678.17498,1500.021667,1273.87847,0.849240047,0.17743329,6,0.5,0: Broadleaf,2,TRUE,1786550810,379.7057333,377.7056,22.96432333,18.95736667,420.9347333,27.41532333,379.5243667,101.5216667,0.099867233,32.85855333,32.95003,999.9,0,0,10004.87833,0,139.5231,2.0001202,388.6311667,385.0062333,4.00697,377.7056,18.95736667,2.331377333,1.924581667,19.8942,16.83471,1500.021667,0.691997867,0.308002133,0,2.800723333,0,16435.9,13609.76333,45.1124,46.9246,45.9748,45.4706,44.937,1038.012667,462.009,0,1786550754,0,0,--:--:--,1786208397,1786459371,0,-2.566,-0.971,-41.229,-4.451,412,17,0.91,0.28,-0.8938411,52.88985129,5.751649206,0,2.781852941,0.766221539,0.247375294,1,3.793521,3.5315606,0.424935272,0,1,3,1/3,2.95802,2.76475,0.101106,0.0930533,0.126206,0.0979895,27959.8,18663.9,31880.5,22413.8,37580.2,27459.3,45875.8,32760.4,1.66203,2.66415,0.114292,0,31.1509,999.9,60.3,32.3,28.8475,61.9736,-26.7147,3,0.226984,0,20.3083,5.21669,12.0332,4.95985,3.301,7720.1,9999,9999,156.3,4.97296,1.87531,1.88156,1.881,1.87868,1.87439,1.87453,1.87683,0,0,0,0,11111111,oooooooo,on,on,on,on,0,100,100,-41.229,-4.451,-41.229,0,0,0,-4.451,0,0,0,-1,-1,-1,-1,5707,1524.1,0.157471,4.99878,2.89795,2.89917,2.99805,2.28271,35.5915,15.498,2,396.694,1354.43,31.6188,30.318,30.0016,29.9865,29.8656,-1,40,10,-999.9,400,20,100.301,86.0919
40,1786550942,4987.6,20260812 11:09:02,11:09:02,15,1786550934,0.001625489,1.625489008,1.719698715,373.0514333,307.40374,31.24151269,37.91330284,0.055890216,2.955531055,0.05530963,0.034620179,266.1508086,34.4143526,33.45695,5.183278644,44.93826557,2.30653702,5.132679223,2.876741624,-71.68406524,-27.89434474,-2.169342458,164.4030562,-3.885112144,1.858689126,1.719698715,372.3317231,375.5593636,-0.851639348,66.74681159,1.625489008,19.53429605,22.41750727,-0.041549177,78.43,0,0,1,0,52564.52511,1500.013333,1273.87062,0.849239531,0.177432295,6,0.5,0: Broadleaf,2,TRUE,1786550934,373.0514333,367.9545333,22.69538333,19.79458667,414.2804333,27.14638333,375.7255,101.5302667,0.099962973,33.28188667,33.45695,999.9,0,0,9995.897333,0,1540.789333,5.096910333,381.7151667,375.3857667,2.900789333,367.9545333,19.79458667,2.304268,2.009751333,19.70594,17.52066,1500.013333,0.6920163,0.3079837,0,2.656216667,0,15316.63333,13609.75333,45.42666667,47.281,46.281,45.67253333,45.2185,1038.032667,461.9806667,0,1786550878,0,0,--:--:--,1786208397,1786459371,0,-2.566,-0.971,-41.229,-4.451,412,17,0.91,0.28,4.846106829,5.559695122,2.824492452,0,2.684241176,-0.632088623,0.194966812,1,2.745455854,2.382805505,0.309167678,0,1,3,1/3,2.95417,2.76451,0.0999094,0.0921098,0.125691,0.101088,27974.1,18667.1,31856.7,22396,37576.9,27342.7,45842.2,32734.7,1.65403,2.65558,0.107579,0,31.7496,999.9,61.1,32.5,29.5589,62.1036,-30.5449,3,0.268056,0,20.308,5.21639,12.0335,4.95975,3.301,7720.1,9999,9999,156.4,4.97295,1.87531,1.88156,1.88102,1.87874,1.87442,1.87453,1.87683,0,0,0,0,11111111,oooooooo,on,on,on,on,0,100,100,-41.229,-4.451,-41.229,0,0,0,-4.451,0,0,0,-1,-1,-1,-1,5709.1,1526.2,0.157471,4.99878,2.89795,2.89917,2.99805,2.32788,36.0582,15.4629,2,394.909,1351.35,31.9383,30.8146,30.0016,30.4321,30.2851,-1,40,10,-999.9,400,20,100.227,86.0239
41,1786551062,5107.6,20260812 11:11:02,11:11:02,15,1786551054,0.001397722,1.397722392,1.165199398,394.0332903,334.9484315,34.04160707,40.04654203,0.04568232,2.956475559,0.045293773,0.028343242,266.1534494,34.94449205,33.82805484,5.291977742,43.11812021,2.27241483,5.270208485,3.019562912,-61.63955748,-11.76088922,-0.918133028,191.8348696,-0.065120944,1.348198503,1.165199398,402.3688046,401.7263758,-0.178053745,66.74681159,1.397722392,20.29252482,22.40263394,0.009409775,78.43,0,0,1,0,52510.60874,1500.019355,1273.876548,0.849240074,0.177433343,6,0.5,0: Broadleaf,2,TRUE,1786551054,394.0332903,394.7798387,22.35916129,20.24810968,435.2623226,26.81016129,374.6153548,101.5323871,0.099995268,33.75426774,33.82805484,999.9,0,0,10001.04677,0,1438.399677,-0.746468735,403.0450323,402.9387419,2.111046774,394.7798387,20.24810968,2.270179355,2.055840645,19.46633871,17.88097097,1500.019355,0.691998161,0.308001839,0,2.704635484,0,14743.10968,13609.74194,45.78,48.05222581,46.62093548,46.32222581,45.625,1038.009677,462.0096774,0,1786550998,0,0,--:--:--,1786208397,1786459371,0,-2.566,-0.971,-41.229,-4.451,412,17,0.91,0.28,1.094084371,-27.20876127,3.094435054,0,2.66015,0.216930479,0.241269946,1,2.166404878,-1.049110662,0.114071579,0,1,3,1/3,2.9534,2.76436,0.104613,0.0977328,0.125621,0.10345,27816.6,18542.5,31845.5,22386.4,37570.7,27256.8,45828.9,32718.3,1.64977,2.65435,0.115417,0,31.9903,999.9,61,32.8,30.0144,62.0736,-25.637,3,0.29297,0,20.3076,5.21639,12.0332,4.95975,3.301,7720.1,9999,9999,156.4,4.97298,1.87531,1.88156,1.88106,1.87877,1.87445,1.87454,1.87684,0,0,0,0,11111111,oooooooo,on,on,on,on,0,100,100,-41.229,-4.451,-41.229,0,0,0,-4.451,0,0,0,-1,-1,-1,-1,5711.1,1528.2,0.157471,4.99878,2.89795,2.90039,2.99805,2.29736,36.5051,15.4454,2,394.543,1356.37,32.4025,31.2015,30.0006,30.7766,30.5951,-1,40,10,-999.9,400,20,100.195,85.9834
42,1786551182,5227.6,20260812 11:13:02,11:13:02,15,1786551174,0.001401145,1.401145018,0.541559052,435.3524839,396.1284497,40.25965213,44.24610141,0.04619308,2.955427794,0.045795697,0.028657729,266.1474078,35.28229049,34.09033548,5.36999218,44.29587649,2.379021748,5.37075217,2.990970432,-61.79049528,0.404500288,0.031682068,204.7930949,-4.758057918,1.507141978,0.541559052,436.3761818,440.0937273,-0.647100912,66.74681159,1.401145018,21.03960531,23.31969636,-0.009079316,78.43,0,0,1,0,52422.81673,1499.996129,1273.855829,0.849239411,0.177432063,6,0.5,0: Broadleaf,2,TRUE,1786551174,435.3524839,428.7457742,23.40800645,21.03736774,476.5814839,27.85900645,372.5230968,101.5328065,0.100015329,34.09287419,34.09033548,999.9,0,0,9995.061613,0,1294.777742,6.606619355,445.7877097,437.9593226,2.37063,428.7457742,21.03736774,2.37668,2.135983548,20.20570645,18.4901,1499.996129,0.692019,0.307981,0,2.679932258,0,14446.57097,13609.6129,46.1006129,48.74180645,46.937,46.901,46.01,1038.026774,461.9693548,0,1786551118,0,0,--:--:--,1786208397,1786459371,0,-2.566,-0.971,-41.229,-4.451,412,17,0.91,0.28,6.551901951,-4.134830383,2.228057614,0,2.668232353,0.632059588,0.193009137,1,2.367267073,-0.115320836,0.05180743,0,1,3,1/3,2.9519,2.76461,0.111183,0.10381,0.128489,0.106144,27609.2,18405.5,31842.5,22372.3,37443.1,27160,45823.7,32700.6,1.64578,2.64813,0.118136,0,32.1925,999.9,62,33.1,31.0234,61.9537,-3.85416,3,0.300986,0,20.3077,5.21549,12.0338,4.9597,3.301,7720.1,9999,9999,156.4,4.97297,1.87537,1.88156,1.88109,1.87873,1.87446,1.87452,1.87683,0,0,0,0,11111111,oooooooo,on,on,on,on,0,100,100,-41.229,-4.451,-41.229,0,0,0,-4.451,0,0,0,-1,-1,-1,-1,5713.1,1530.2,0.158691,4.99878,2.89795,2.90039,2.99805,2.30591,37.027,15.4367,2,393.438,1351.44,32.8029,31.3847,30.0003,30.9652,30.7856,-1,40,10,-999.9,400,20,100.184,85.9337
43,1786551302,5347.6,20260812 11:15:02,11:15:02,15,1786551294,0.001463153,1.463153279,0.934212726,442.5207419,390.8256925,39.71938302,44.97312019,0.04815381,2.95719198,0.047722402,0.029864939,266.1501347,35.58585186,34.38656774,5.459306291,45.08269807,2.464857982,5.467414525,2.994448308,-64.52505958,4.254159756,0.334007863,206.2132428,3.616859009,1.356374206,0.934212726,461.1593837,456.4664121,0.44092737,66.74681159,1.463153279,22.23544261,24.37912848,0.019550944,78.43,0,0,1,0,52418.4104,1499.996129,1273.857242,0.849240353,0.177433881,6,0.5,0: Broadleaf,2,TRUE,1786551294,442.5207419,449.3382581,24.25339355,22.11380323,483.7497419,28.70439677,371.1395161,101.5294194,0.099986752,34.41325161,34.38656774,999.9,0,0,10005.40484,0,916.2657097,-6.817662258,453.52,459.4998387,2.139585161,449.3382581,22.11380323,2.462433226,2.245203226,20.78025806,19.2884,1499.996129,0.691988323,0.308011677,0,2.676251613,0,14224.23226,13609.49677,46.35874194,49.18903226,47.25,47.34248387,46.312,1037.979677,462.0164516,0,1786551238,0,0,--:--:--,1786208397,1786459371,0,-2.566,-0.971,-41.229,-4.451,412,17,0.91,0.28,-7.273897073,4.386827247,1.414692648,0,2.675155882,0.176759359,0.20307819,1,2.149160976,-0.328909756,0.043627714,0,1,3,1/3,2.9501,2.76451,0.113937,0.108395,0.131845,0.110358,27523.2,18286.4,31842.3,22342,37295.4,26997.6,45820.5,32659.2,1.6417,2.64625,0.13876,0,32.172,999.9,63.4,33.4,32.264,61.9837,34.4551,3,0.30299,0,20.3077,5.21579,12.032,4.95985,3.301,7720.1,9999,9999,156.5,4.97296,1.87543,1.88157,1.88109,1.87875,1.87448,1.87453,1.87683,0,0,0,0,11111111,oooooooo,on,on,on,on,0,100,100,-41.229,-4.451,-41.229,0,0,0,-4.451,0,0,0,-1,-1,-1,-1,5715.1,1532.2,0.158691,4.99878,2.89795,2.90161,2.99805,2.31812,37.53,15.4192,2,391.843,1351.26,33.1428,31.4551,30.0002,31.0724,30.9017,-1,40,10,-999.9,400,20,100.18,85.8218
44,1786551422,5467.6,20260812 11:17:02,11:17:02,15,1786551414,0.001895893,1.895893293,2.196197574,401.1893548,323.8393962,32.91267102,40.77395588,0.060222893,2.957127479,0.059549747,0.037278445,266.1490393,35.78974235,34.62336774,5.531627634,43.5401149,2.422553014,5.56395641,3.109074621,-83.6088942,16.73701758,1.317648324,200.594811,-3.292070291,1.964218675,2.196197574,402.6094494,404.900497,-0.829828809,66.74681159,1.895893293,20.67237494,23.7440903,-0.009960779,78.43,0,0,1,0,52362.9684,1500.000968,1273.860339,0.849239678,0.177432578,6,0.5,0: Broadleaf,2,TRUE,1786551414,401.1893548,397.1464516,23.83635484,20.74062258,442.4183548,28.28735484,371.6210645,101.5327097,0.099986684,34.72835161,34.62336774,999.9,0,0,10004.71452,0,518.2105161,4.04295501,410.986,405.558,3.095727742,397.1464516,20.74062258,2.420170968,2.105853548,20.49933226,18.26350323,1500.000968,0.692011484,0.307988516,0,2.532683871,0,14065.92903,13609.61613,46.663,49.546,47.55,47.7256129,46.59248387,1038.016774,461.9841935,0,1786551358,0,0,--:--:--,1786208397,1786459371,0,-2.566,-0.971,-41.229,-4.451,412,17,0.91,0.28,4.402300488,-7.249879233,1.233935051,0,2.495517647,0.365295649,0.189780059,1,3.098482195,-0.002556585,0.055453367,1,2,3,2/3,2.95039,2.76438,0.104951,0.0976251,0.129782,0.105238,27804.5,18541.5,31844.9,22383.5,37389.6,27200.1,45826.4,32716,1.64317,2.65005,0.139974,0,32.3906,999.9,59,33.8,30.7058,62.0437,76.4784,3,0.304688,0,20.3081,5.2119,12.0333,4.9597,3.301,7720.1,9999,9999,156.5,4.973,1.87546,1.88157,1.8811,1.87879,1.87449,1.87454,1.87686,0,0,0,0,11111111,oooooooo,on,on,on,on,0,100,100,-41.229,-4.451,-41.229,0,0,0,-4.451,0,0,0,-1,-1,-1,-1,5717.1,1534.2,0.158691,4.99878,2.89795,2.90161,2.99805,2.28027,37.9891,15.3929,2,392.966,1358.5,33.4566,31.4983,30.0003,31.1336,30.9772,-1,40,10,-999.9,400,20,100.191,85.9753
45,1786551543,5588,20260812 11:19:02,11:19:02,15,1786551535,0.002014828,2.014828416,3.198180704,421.361129,323.2581219,32.85436179,42.82506777,0.065068136,2.957232872,0.064283106,0.040246684,266.1524623,35.99471564,34.80099677,5.586422818,44.84620321,2.528035974,5.637123754,3.058386844,-88.85393313,25.98920236,2.050093603,205.3378251,7.287834645,1.764701499,3.198180704,446.9226404,436.9539091,0.650973373,66.74681159,2.014828416,22.00586833,25.04045758,0.018348043,78.43,0,0,1,0,52325.94944,1500.001935,1273.862845,0.849240801,0.177434746,6,0.5,0: Broadleaf,2,TRUE,1786551535,421.361129,434.3990968,24.87365806,22.08014839,462.5901613,29.32465806,369.6010645,101.5350645,0.1000053,34.96400968,34.80099677,999.9,0,0,10005.08065,0,236.2076129,-13.03805903,432.1094516,444.2072258,2.793515484,434.3990968,22.08014839,2.525548387,2.241908065,21.19194194,19.26489032,1500.001935,0.691975355,0.308024645,0,2.571254839,0,14080.55484,13609.49032,46.937,49.875,47.82419355,48.062,46.895,1037.96129,462.0406452,0,1786551479,0,0,--:--:--,1786208397,1786459371,0,-2.566,-0.971,-41.229,-4.451,412,17,0.91,0.28,-10.54655212,-42.13955394,4.902609873,0,2.536508824,0.449709707,0.210018626,1,2.84070878,-0.008020139,0.153872863,1,2,3,2/3,2.94921,2.76425,0.110564,0.105644,0.133859,0.109837,27626.7,18350.4,31841.2,22351.5,37206.1,27023.5,45817.3,32671.5,1.6403,2.64517,0.135873,0,32.6339,999.9,60.2,34.1,31.8591,61.9837,96.9231,3,0.3083,0,20.3083,5.21564,12.0339,4.95975,3.301,7720.1,9999,9999,156.5,4.97296,1.87546,1.88157,1.8811,1.8788,1.87453,1.87454,1.87685,0,0,0,0,11111111,oooooooo,on,on,on,on,0,100,100,-41.229,-4.451,-41.229,0,0,0,-4.451,0,0,0,-1,-1,-1,-1,5719.1,1536.2,0.158691,4.99878,2.89795,2.90283,2.99805,2.29004,38.4524,15.3754,2,391.844,1353,33.7129,31.5602,30.0002,31.2102,31.0537,-1,40,10,-999.9,400,20,100.175,85.856
46,1786551663,5708,20260812 11:21:02,11:21:02,15,1786551655,0.002228773,2.228773384,3.328431068,422.5111613,328.7809472,33.41496347,42.94103762,0.071930764,2.957998867,0.070972969,0.044443097,266.1508706,36.21556634,35.07963871,5.673329179,45.63004127,2.611827689,5.723921382,3.06150149,-98.28890623,25.59622625,2.024032649,195.4822233,1.063426587,2.198512079,3.328431068,433.5763291,430.8865939,-0.397485471,66.74681159,2.228773384,22.20507113,25.73087394,0.000890507,78.43,0,0,1,0,52300.81594,1500.003548,1273.863242,0.849240152,0.177433494,6,0.5,0: Broadleaf,2,TRUE,1786551655,422.5111613,425.7530323,25.69864194,22.21319677,463.7401613,30.14964194,368.7356774,101.5329355,0.099971645,35.24014516,35.07963871,999.9,0,0,10009.63871,0,210.9634194,-3.241776129,433.6554839,435.4250968,3.485440645,425.7530323,22.21319677,2.609259032,2.25537129,21.72455161,19.36115161,1500.003548,0.691994968,0.308005032,0,2.575748387,0,14003.89032,13609.5871,47.183,50.125,48.08232258,48.308,47.125,1037.994839,462.0087097,0,1786551599,0,0,--:--:--,1786208397,1786459371,0,-2.566,-0.971,-41.229,-4.451,412,17,0.91,0.28,-3.836643415,4.961561812,1.511957632,0,2.545511765,0.063572193,0.263215509,1,3.451445366,0.570221603,0.065233147,0,1,3,1/3,2.94802,2.76433,0.109372,0.103558,0.135958,0.110406,27660.7,18388.9,31837.9,22346.5,37109.4,26999.8,45809.8,32663.9,1.63778,2.6441,0.148099,0,32.6967,999.9,59.4,34.5,32.139,61.7737,96.9231,3,0.312632,0,20.3082,5.21579,12.0324,4.9597,3.301,7720.1,9999,9999,156.6,4.97298,1.87546,1.8816,1.8811,1.87881,1.87454,1.87454,1.87686,0,0,0,0,11111111,oooooooo,on,on,on,on,0,100,100,-41.229,-4.451,-41.229,0,0,0,-4.451,0,0,0,-1,-1,-1,-1,5721.1,1538.2,0.157471,4.99878,2.89795,2.90405,2.99805,2.32178,38.8951,15.3579,2,390.841,1352.95,33.9668,31.6225,30.0003,31.2744,31.1229,-1,40,10,-999.9,400,20,100.161,85.8363
47,1786551783,5828,20260812 11:23:02,11:23:02,15,1786551775,0.002520721,2.520720983,4.148857423,395.125,292.1022627,29.6872488,40.15776555,0.078873605,2.955655727,0.077722688,0.048678686,266.1482878,36.46978388,35.40305161,5.775670521,44.87357879,2.615555499,5.828720529,3.160115022,-111.1637953,26.40197607,2.096040972,183.4825095,7.583458265,2.346789459,4.148857423,419.153109,409.2044545,0.422736833,66.74681159,2.520720983,21.94331049,25.84087333,0.01253381,78.43,0,0,1,0,52178.55976,1499.989355,1273.851155,0.84924013,0.177433451,6,0.5,0: Broadleaf,2,TRUE,1786551775,395.125,408.9996452,25.73528065,22.00788065,436.354,30.18628065,368.041129,101.5330645,0.100002361,35.56874194,35.40305161,999.9,0,0,9996.329032,0,212.3094839,-13.87456452,405.5625161,418.2033548,3.727393871,408.9996452,22.00788065,2.612979355,2.234526452,21.74783871,19.21197742,1499.989355,0.691995871,0.308004129,0,2.487477419,0,13920.02258,13609.46129,47.433,50.409,48.36077419,48.562,47.37093548,1037.986129,462.0032258,0,1786551719,0,0,--:--:--,1786208397,1786459371,0,-2.566,-0.971,-41.229,-4.451,412,17,0.91,0.28,-13.41061122,1.279981882,1.737952787,0,2.484297059,-0.100557664,0.253077069,1,3.741093902,0.267128153,0.089762323,0,1,3,1/3,2.94717,2.76418,0.105601,0.100196,0.136281,0.109257,27775.5,18465.5,31835.5,22356,37092.1,27044.9,45805.3,32676.4,1.63587,2.64465,0.146467,0,33.0423,999.9,57.3,34.9,31.6996,62.1637,96.9231,3,0.31827,0,20.3086,5.2119,12.0335,4.9597,3.301,7720.1,9999,9999,156.6,4.973,1.87546,1.8816,1.8811,1.8788,1.87454,1.87454,1.87685,0,0,0,0,11111111,oooooooo,on,on,on,on,0,100,100,-41.229,-4.451,-41.229,0,0,0,-4.451,0,0,0,-1,-1,-1,-1,5723.1,1540.2,0.157471,4.99878,2.89795,2.90283,2.99805,2.33643,39.3169,15.3404,2,390.207,1355.33,34.243,31.6941,30.0004,31.3451,31.1929,-1,40,10,-999.9,400,20,100.152,85.8705
48,1786551903,5948,20260812 11:25:02,11:25:02,15,1786551895,0.002452749,2.452749408,4.651187801,431.4043226,316.2419571,32.14116849,43.84566535,0.078333878,2.956257919,0.077198764,0.048349843,266.1498874,36.55442513,35.39224516,5.77222518,45.76294161,2.67732817,5.850428483,3.094897009,-108.1662489,38.87532453,3.086515601,199.9454786,9.146314632,2.332028586,4.651187801,459.5911064,447.7355152,0.567340562,66.73477935,2.452749408,22.71425107,26.49182182,0.014744753,78.43,0,0,1,0,52184.2962,1499.996452,1273.857358,0.849240248,0.177433678,6,0.5,0: Broadleaf,2,TRUE,1786551895,431.4043226,447.9955161,26.34264839,22.63199355,472.6333226,30.79364839,367.1476129,101.5347419,0.099996194,35.63616452,35.39224516,999.9,0,0,9999.58,0,195.6196452,-16.59120323,443.0766129,458.3693871,3.71065,447.9955161,22.63199355,2.674694839,2.297935484,22.13034516,19.66185806,1499.996452,0.691993258,0.308006742,0,2.489667742,0,13893.62903,13609.51613,47.687,50.687,48.5863871,48.8363871,47.625,1037.985161,462.0112903,0,1786551839,0,0,--:--:--,1786208397,1786459371,0,-2.566,-0.971,-41.229,-4.451,412,17,0.91,0.28,-18.91162683,53.39306551,5.733131761,0,2.511364706,-0.129310917,0.210190815,1,3.662698537,1.12088676,0.138593044,0,1,3,1/3,2.94603,2.76432,0.112211,0.106926,0.138268,0.112062,27564.9,18309.8,31829.9,22334.9,36997.8,26935.2,45794.2,32646.7,1.6328,2.6421,0.138059,0,33.185,999.9,57.3,35.3,32.4087,61.8637,96.9231,3,0.32487,0,20.3085,5.21609,12.0335,4.9596,3.301,7720.1,9999,9999,156.6,4.97306,1.87546,1.88161,1.8811,1.87877,1.87453,1.87454,1.87684,0,0,0,0,11111111,oooooooo,on,on,on,on,0,100,100,-41.229,-4.451,-41.229,0,0,0,-4.451,0,0,0,-1,-1,-1,-1,5725.1,1542.2,0.157471,4.99878,2.89795,2.90283,2.99805,2.32178,39.7171,15.3316,2,389.002,1353.19,34.3864,31.7855,30.0003,31.4262,31.2673,-1,40,10,-999.9,400,20,100.13,85.7914
49,1786552023,6068,20260812 11:27:02,11:27:02,15,1786552015,0.002832346,2.83234571,4.642245173,402.0877419,300.9903556,30.5892424,40.86363293,0.09052535,2.957448767,0.08901369,0.05576727,266.1483453,36.65343594,35.59271935,5.836432473,46.31453028,2.739122487,5.914175249,3.097309986,-124.9064458,38.29590578,3.045161669,182.5829669,-5.046562102,3.19886926,4.642245173,401.402875,402.6394121,-1.251535264,66.73477935,2.83234571,21.70928315,26.6107303,-0.04609297,78.43,0,0,1,0,52184.7244,1499.993226,1273.854116,0.849239913,0.177433032,6,0.5,0: Broadleaf,2,TRUE,1786552015,402.0877419,395.934,26.95226774,21.85845161,443.3167419,31.40326774,366.6389677,101.5286452,0.100001187,35.83290645,35.59271935,999.9,0,0,10006.93871,0,190.8902903,6.153823,413.2264516,404.7829032,5.093818065,395.934,21.85845161,2.73642871,2.21926,22.50512258,19.10131613,1499.993226,0.692002452,0.307997548,0,2.571619355,0,13824.90968,13609.51613,47.875,50.85874194,48.812,49,47.812,1037.999677,461.9935484,0,1786551959,0,0,--:--:--,1786208397,1786459371,0,-2.566,-0.971,-41.229,-4.451,412,17,0.91,0.28,5.050546537,11.07550202,3.758368876,0,2.562214706,-0.086684498,0.234805527,1,4.939167805,2.379754913,0.312815548,0,1,3,1/3,2.94534,2.76432,0.104237,0.0972226,0.138522,0.108733,27809.4,18528.9,31826.5,22359.3,36981.9,27064.2,45787.9,32680.8,1.63197,2.63662,0.149831,0,33.1786,999.9,54.7,35.7,31.6333,61.8637,96.9231,3,0.330595,0,20.3089,5.21579,12.0333,4.9597,3.301,7720.1,9999,9999,156.7,4.97304,1.87546,1.88165,1.8811,1.87879,1.87454,1.87454,1.87688,0,0,0,0,11111111,oooooooo,on,on,on,on,0,100,100,-41.229,-4.451,-41.229,0,0,0,-4.451,0,0,0,-1,-1,-1,-1,5727.1,1544.2,0.157471,4.99878,2.89795,2.90405,2.99805,2.35718,40.1206,15.3141,2,388.85,1346.45,34.5568,31.8505,30.0004,31.48,31.3268,-1,40,10,-999.9,400,20,100.118,85.8827
50,1786552143,6188,20260812 11:29:02,11:29:02,15,1786552135,0.002637603,2.637603002,5.00602744,361.6401935,249.8267979,25.3882501,36.75110821,0.084300182,2.956633084,0.082987298,0.051983316,266.1473549,36.49151554,35.33327419,5.753455348,45.45744451,2.657195713,5.84545775,3.096259635,-116.3182924,45.82229812,3.636295289,199.2876559,3.300678172,2.962174973,5.00602744,377.9861317,369.4986848,0.015360046,66.73477935,2.637603002,21.65834048,25.96085333,-0.011290571,78.43,0,0,1,0,52197.32145,1499.991935,1273.852626,0.84923965,0.177432524,6,0.5,0: Broadleaf,2,TRUE,1786552135,361.6401935,368.7991935,26.14747742,21.42375806,402.8691935,30.59847742,366.4131613,101.5234839,0.099922106,35.62074516,35.33327419,999.9,0,0,10002.81774,0,195.6795161,-7.159082581,371.3502903,376.873871,4.723726452,368.7991935,21.42375806,2.654583548,2.175014516,22.00639355,18.77807097,1499.991935,0.69201,0.30799,0,2.601074194,0,13782.99032,13609.55161,47.879,50.808,49,48.69106452,47.81606452,1038.011935,461.98,0,1786552079,0,0,--:--:--,1786208397,1786459371,0,-2.566,-0.971,-41.229,-4.451,412,17,0.91,0.28,-6.650371707,-29.44706655,4.087017299,0,2.590741176,-0.114187922,0.203854263,1,4.804338049,-2.679987596,0.370563434,0,1,3,1/3,2.94478,2.76435,0.0983497,0.0938896,0.136545,0.109313,27985.5,18592.4,31819.5,22353.9,37062.7,27034.5,45781.5,32666.5,1.6293,2.63615,0.125948,0,33.2772,999.9,52.5,36.1,31.0379,61.8637,96.9231,3,0.347434,0,20.3091,5.21519,12.0339,4.9596,3.301,7720.1,9999,9999,156.7,4.97305,1.87548,1.88167,1.88111,1.8788,1.87454,1.87454,1.87691,0,0,0,0,11111111,oooooooo,on,on,on,on,0,100,100,-41.229,-4.451,-41.229,0,0,0,-4.451,0,0,0,-1,-1,-1,-1,5729.1,1546.2,0.157471,4.99878,2.89795,2.90405,2.99805,2.32788,40.4765,15.2966,2,388.145,1348.58,34.4852,31.9861,30.0009,31.615,31.458,-1,40,10,-999.9,400,20,100.1,85.8518
51,1786552263,6308,20260812 11:31:02,11:31:02,15,1786552255,0.002711038,2.711037793,5.304873234,417.7215161,301.9964575,30.68614853,42.44508228,0.088062449,2.955102415,0.086630108,0.054270567,266.1482902,36.61396443,35.54179355,5.820063591,47.10030308,2.774692977,5.891029984,3.045370614,-119.5567667,35.03244651,2.786219863,184.4101899,9.109694695,2.621697966,5.304873234,445.6820092,433.4545515,0.456034663,66.73477935,2.711037793,23.1632671,27.40404182,0.011235706,78.43,0,0,1,0,52129.7872,1499.995806,1273.856042,0.849239736,0.17743269,6,0.5,0: Broadleaf,2,TRUE,1786552255,417.7215161,434.5038065,27.30702581,23.11326452,458.9505161,31.75802581,364.8429677,101.5109355,0.100019768,35.7616871,35.54179355,999.9,0,0,9995.369355,0,184.5139032,-16.78235161,429.4485806,444.7844194,4.193762581,434.5038065,23.11326452,2.771961613,2.346249677,22.71802581,19.99747742,1499.995806,0.69200829,0.30799171,0,2.500874194,0,13679.00645,13609.57097,48.137,50.762,49.09654839,48.79,47.95732258,1038.010323,461.9854839,0,1786552199,0,0,--:--:--,1786208397,1786459371,0,-2.566,-0.971,-41.229,-4.451,412,17,0.91,0.28,-20.14426341,52.98974425,5.635454001,0,2.471826471,0.127922076,0.237659688,1,4.168654634,0.488869129,0.052810837,0,1,3,1/3,2.94386,2.76426,0.109598,0.105165,0.140858,0.113569,27622.1,18330.9,31804.1,22317.9,36855.7,26863.2,45754.1,32615.5,1.62547,2.6314,0.125397,0,33.5495,999.9,53.8,36.5,32.5124,61.9237,96.9231,3,0.366197,0,20.3093,5.21579,12.0339,4.9597,3.301,7720.1,9999,9999,156.7,4.97303,1.87547,1.88166,1.88112,1.8788,1.87454,1.87454,1.87683,0,0,0,0,11111111,oooooooo,on,on,on,on,0,100,100,-41.229,-4.451,-41.229,0,0,0,-4.451,0,0,0,-1,-1,-1,-1,5731.1,1548.2,0.157471,4.99878,2.89795,2.90405,2.99805,2.323,40.835,15.2791,2,387.128,1345.4,34.4707,32.197,30.0006,31.8073,31.6273,-1,40,10,-999.9,400,20,100.045,85.7162
52,1786552383,6428,20260812 11:33:02,11:33:02,15,1786552375,0.002634209,2.634208863,4.972760178,428.268,315.2368101,32.03058453,43.51545865,0.085410241,2.955640836,0.084062406,0.05265833,266.1538097,36.74304082,35.66512581,5.859774654,47.44006731,2.811615529,5.926668508,3.048159125,-116.1686108,32.84450135,2.614688245,185.4443885,6.367204774,2.629795985,4.972760178,451.9062253,442.0711879,0.19813056,66.73477935,2.634208863,23.65943801,27.76254848,0.014214372,78.43,0,0,1,0,52126.50937,1500.021613,1273.878445,0.84924006,0.177433317,6,0.5,0: Broadleaf,2,TRUE,1786552375,428.268,440.6275806,27.6712,23.4536871,469.4970323,32.1222,363.7726452,101.5080323,0.099976394,35.87124839,35.66512581,999.9,0,0,9998.709677,0,174.0190968,-12.35957774,440.4560323,451.2100323,4.217512258,440.6275806,23.4536871,2.808847419,2.380736129,22.93614839,20.23303871,1500.021613,0.691999548,0.308000452,0,2.593009677,0,13636.4129,13609.77742,48.437,51.028,49.312,49.125,48.308,1038.011935,462.0096774,0,1786552319,0,0,--:--:--,1786208397,1786459371,0,-2.566,-0.971,-41.229,-4.451,412,17,0.91,0.28,-14.43612756,29.27515401,3.103694413,0,2.564238235,0.453003819,0.191865328,1,4.246439756,-0.694560836,0.089236902,0,1,3,1/3,2.94224,2.7643,0.110964,0.105319,0.141885,0.115173,27572,18317.9,31796,22306.6,36802.6,26800.3,45741.7,32598.4,1.62048,2.62672,0.113375,0,33.8199,999.9,53.2,36.9,32.8638,62.0737,96.9231,3,0.381059,0,20.3093,5.21594,12.0339,4.9598,3.301,7720.1,9999,9999,156.8,4.97299,1.87551,1.88165,1.8811,1.8788,1.87454,1.87453,1.87685,0,0,0,0,11111111,oooooooo,on,on,on,on,0,100,100,-41.229,-4.451,-41.229,0,0,0,-4.451,0,0,0,-1,-1,-1,-1,5733.1,1550.2,0.157471,4.99878,2.89795,2.90405,2.99805,2.33887,41.2223,15.2703,2,385.41,1342.05,34.5889,32.3975,30.0002,31.9865,31.7932,-1,40,10,-999.9,400,20,100.019,85.6718
53,1786552503,6548,20260812 11:35:02,11:35:02,15,1786552495,0.002909662,2.909662249,4.381481139,400.2650323,309.2307139,31.42051621,40.67039064,0.096627666,2.955465946,0.09490629,0.059468536,266.1464112,36.63300518,35.58897097,5.835226281,48.24751519,2.853268315,5.913814015,2.981957966,-128.3161052,38.69066932,3.078543336,179.5995186,3.944729772,2.728061571,4.381481139,412.867033,409.9316,-0.616749442,66.73477935,2.909662249,23.44074298,28.12032,-0.001036143,78.43,0,0,1,0,52128.21892,1499.978065,1273.841632,0.849240174,0.177433536,6,0.5,0: Broadleaf,2,TRUE,1786552495,400.2650323,408.5840968,28.08095806,23.70155806,441.4940323,32.53195806,363.2627742,101.5086452,0.100007519,35.83179677,35.58897097,999.9,0,0,9997.657097,0,167.4358387,-8.319044194,411.8296129,418.5040968,4.379402581,408.5840968,23.70155806,2.850457097,2.405910968,23.17922903,20.40317097,1499.978065,0.69199471,0.30800529,0,2.497764516,0,13590.16452,13609.34516,48.437,51.12093548,49.312,49.187,48.312,1037.976129,462.0019355,0,1786552439,0,0,--:--:--,1786208397,1786459371,0,-2.566,-0.971,-41.229,-4.451,412,17,0.91,0.28,-8.849830732,26.74298571,3.917988312,0,2.4563,0.325014512,0.215411168,1,4.375846098,1.254231429,0.201399478,0,1,3,1/3,2.94259,2.76442,0.105328,0.0996745,0.1429,0.114285,27749.6,18441.3,31799.2,22316.1,36760,26840.9,45743.3,32615.2,1.62192,2.62943,0.132535,0,33.4597,999.9,52.3,37.2,32.8423,62.0438,96.9231,3,0.37548,0,20.3093,5.21594,12.0339,4.95975,3.301,7720.1,9999,9999,156.8,4.97304,1.87552,1.88171,1.88112,1.8788,1.87454,1.87454,1.87687,0,0,0,0,11111111,oooooooo,on,on,on,on,0,100,100,-41.229,-4.451,-41.229,0,0,0,-4.451,0,0,0,-1,-1,-1,-1,5735.1,1552.2,0.157471,4.99878,2.89795,2.90405,2.99805,2.33276,41.5605,15.244,2,386.29,1346.56,34.5681,32.3938,29.9998,32.0067,31.8183,-1,40,10,-999.9,400,20,100.025,85.7128
54,1786552623,6668,20260812 11:37:02,11:37:02,15,1786552615,0.002669826,2.669826016,5.230006119,407.6307742,295.0877073,29.98426605,41.4199212,0.088944192,2.955243052,0.087483348,0.054806345,266.1483388,36.6411055,35.52243548,5.813851876,48.24942489,2.844991167,5.896425032,2.968860709,-117.7393273,40.76666037,3.24207927,192.4177511,5.998611887,2.739472572,5.230006119,436.5994351,422.1336848,0.770280231,66.72714756,2.669826016,23.79510961,28.0095897,0.009313255,78.43,0,0,1,0,52130.98038,1499.988387,1273.850448,0.849240207,0.1774336,6,0.5,0: Broadleaf,2,TRUE,1786552615,407.6307742,419.4046774,27.99874839,23.59258387,448.8597742,32.44974839,362.5970968,101.5113548,0.100014619,35.77830968,35.52243548,999.9,0,0,9996.125806,0,161.1581613,-11.77392677,419.3728387,429.5394516,4.40617,419.4046774,23.59258387,2.842190323,2.394913871,23.1311871,20.32911613,1499.988387,0.691994226,0.308005774,0,2.493658065,0,13584.28065,13609.44194,48.379,51.175,49.312,49.187,48.272,1037.981613,462.0067742,0,1786552559,0,0,--:--:--,1786208397,1786459371,0,-2.566,-0.971,-41.229,-4.451,412,17,0.91,0.28,-9.810631463,-49.56530007,6.343047544,0,2.523508824,-0.87016195,0.246707292,1,4.478778293,-1.915803972,0.199969836,0,1,3,1/3,2.94192,2.76422,0.107537,0.102246,0.14262,0.114971,27685.9,18384,31804.3,22310.1,36776.6,26813.9,45749.5,32607.5,1.62115,2.6352,0.139397,0,33.2684,999.9,51.3,37.6,32.9207,61.9538,96.9231,3,0.366928,0,20.3098,5.21714,12.0339,4.9597,3.301,7720.1,9999,9999,156.8,4.97304,1.87553,1.8817,1.8811,1.87881,1.87454,1.87454,1.87683,0,0,0,0,11111111,oooooooo,on,on,on,on,0,100,100,-41.229,-4.451,-41.229,0,0,0,-4.451,0,0,0,-1,-1,-1,-1,5737.1,1554.2,0.15625,4.99878,2.89795,2.90405,2.99805,2.32056,41.8223,15.2265,2,385.64,1354.59,34.5398,32.3114,29.9997,31.9617,31.7939,-1,40,10,-999.9,400,20,100.039,85.6913
55,1786552743,6788,20260812 11:39:02,11:39:02,15,1786552735,0.002679661,2.679660637,5.227239649,382.4136452,270.2499596,27.45957107,38.85630429,0.088275345,2.955135053,0.086836146,0.054399943,266.1487133,36.63560434,35.48477419,5.801783431,47.47704815,2.798984135,5.895446841,3.002799295,-118.1730341,46.28525599,3.680367669,197.9413029,4.140961455,2.947970695,5.227239649,401.4038673,392.2141636,0.044776743,66.72714756,2.679660637,22.95663553,27.41976303,-0.016901221,78.43,0,0,1,0,52128.35421,1499.990968,1273.852597,0.849240178,0.177433544,6,0.5,0: Broadleaf,2,TRUE,1786552735,382.4136452,391.1432258,27.54687419,22.79664839,423.6426774,31.99787419,362.1002581,101.508,0.100048729,35.77529677,35.48477419,999.9,0,0,9995.843548,0,156.092871,-8.729618065,393.2464194,400.2682903,4.750232903,391.1432258,22.79664839,2.796229032,2.314042581,22.86177097,19.77418387,1499.990968,0.691994613,0.308005387,0,2.472467742,0,13559.23548,13609.45806,48.32825806,51.062,49.312,49.1006129,48.187,1037.984839,462.006129,0,1786552679,0,0,--:--:--,1786208397,1786459371,0,-2.566,-0.971,-41.229,-4.451,412,17,0.91,0.28,-8.125168,-19.5939627,2.882264866,0,2.512605882,-0.206927413,0.241070834,1,4.7667505,-0.632155047,0.15490024,0,1,3,1/3,2.94128,2.76421,0.102315,0.0975785,0.140856,0.113132,27853.1,18491.7,31809.9,22324.4,36859.5,26884.9,45758.8,32625.9,1.6211,2.6329,0.150826,0,33.05,999.9,49,37.9,31.9617,62.1938,96.9231,3,0.360218,0,20.3101,5.21205,12.0333,4.9597,3.301,7720.1,9999,9999,156.9,4.9731,1.87557,1.8817,1.88114,1.87881,1.87454,1.87454,1.87689,0,0,0,0,11111111,oooooooo,on,on,on,on,0,100,100,-41.229,-4.451,-41.229,0,0,0,-4.451,0,0,0,-1,-1,-1,-1,5739.1,1556.2,0.15625,4.99878,2.89795,2.90283,2.99805,2.34009,42.0593,15.209,2,385.258,1350.08,34.5107,32.2111,29.9998,31.8941,31.7457,-1,40,10,-999.9,400,20,100.059,85.7424
56,1786552863,6908,20260812 11:41:02,11:41:02,15,1786552855,0.002778154,2.778154281,4.675038011,401.5277419,302.5198755,30.73615722,40.79540157,0.09271621,2.955601609,0.091130214,0.057096619,266.151084,36.64763048,35.58373871,5.833542958,48.56193644,2.868846185,5.907602528,2.964696773,-122.5166038,36.48426814,2.902507822,183.0212562,13.04496299,2.741443062,4.675038011,435.8691211,421.4297515,0.886995156,66.72714756,2.778154281,23.62332575,28.21199394,-0.011775463,78.43,0,0,1,0,52135.11894,1500.012258,1273.869948,0.849239692,0.177432606,6,0.5,0: Broadleaf,2,TRUE,1786552855,401.5277419,425.0407742,28.23654839,23.80839032,442.7567419,32.68754839,360.9673548,101.5004516,0.100004126,35.81270645,35.58373871,999.9,0,0,9999.233871,0,282.8410323,-23.51301935,413.1951613,435.407129,4.428150968,425.0407742,23.80839032,2.866022581,2.416563871,23.26935484,20.47470968,1500.012258,0.692010032,0.307989968,0,2.472032258,0,13491.64839,13609.73871,48.48374194,51.10670968,49.397,49.125,48.312,1038.023871,461.9883871,0,1786552799,0,0,--:--:--,1786208397,1786459371,0,-2.566,-0.971,-41.229,-4.451,412,17,0.91,0.28,-26.552885,71.43171782,7.181938153,0,2.453305882,0.019449967,0.262291013,1,4.282625,3.124776585,0.312752601,0,1,3,1/3,2.93987,2.76426,0.107434,0.10286,0.143191,0.114761,27689.8,18368,31804.6,22305.7,36748.1,26816.4,45745.6,32602.5,1.61733,2.6363,0.125669,0,33.503,999.9,49.2,38.3,32.7986,61.8638,96.9231,3,0.362368,0,20.3102,5.21699,12.0339,4.9597,3.301,7720.1,9999,9999,156.9,4.97311,1.87561,1.88168,1.88114,1.8788,1.87454,1.87454,1.8769,0,0,0,0,11111111,oooooooo,on,on,on,on,0,100,100,-41.229,-4.451,-41.229,0,0,0,-4.451,0,0,0,-1,-1,-1,-1,5741.1,1558.2,0.15625,4.99878,2.89795,2.90283,2.99805,2.31934,42.271,15.2003,2,383.256,1355.06,34.5155,32.2025,30.0001,31.8941,31.7429,-1,40,10,-999.9,400,20,100.035,85.6768
57,1786552983,7028,20260812 11:43:02,11:43:02,15,1786552975,0.002430492,2.430492057,4.410869817,374.2650645,270.6521179,27.4945893,38.02026127,0.081263957,2.95450471,0.080042338,0.050134689,266.149954,36.73310488,35.62320968,5.846251989,49.00305505,2.894274467,5.906314339,2.951977522,-107.1846997,29.55269634,2.352344865,190.8702955,7.732886108,2.228266919,4.410869817,398.9653568,388.456,0.404512866,66.72714756,2.430492057,25.22415517,28.79044606,0.043058892,78.43,0,0,1,0,52104.37377,1499.999677,1273.859835,0.849240073,0.177433341,6,0.5,0: Broadleaf,2,TRUE,1786552975,374.2650645,388.5540645,28.49075161,24.88002258,415.4940645,32.94175484,359.7249032,101.4864194,0.100036016,35.80874516,35.62320968,999.9,0,0,9994.393226,0,256.256871,-14.28905,385.2411935,398.4695484,3.610728065,388.5540645,24.88002258,2.891424516,2.524985806,23.41529032,21.18719032,1499.999677,0.691998097,0.308001903,0,2.509319355,0,13492.4129,13609.54516,48.62093548,51.19919355,49.5,49.19106452,48.395,1037.996129,462.0035484,0,1786552919,0,0,--:--:--,1786208397,1786459371,0,-2.566,-0.971,-41.229,-4.451,412,17,0.91,0.28,-12.05454293,-47.75456195,5.076730574,0,2.495755882,0.104725741,0.254675104,1,3.682951707,-1.908302718,0.198679843,0,1,3,1/3,2.93849,2.76409,0.101587,0.0983545,0.14496,0.121584,27867.3,18399.5,31800.2,22232.2,36661.7,26524.9,45733.1,32498.8,1.61345,2.63252,0.131808,0,33.5236,999.9,51.2,38.6,34.6955,61.9238,96.9231,3,0.364698,0,20.3104,5.21624,12.0336,4.95965,3.301,7720.1,9999,9999,156.9,4.97306,1.87559,1.88171,1.88116,1.87881,1.87455,1.87454,1.8769,0,0,0,0,11111111,oooooooo,on,on,on,on,0,100,100,-41.229,-4.451,-41.229,0,0,0,-4.451,0,0,0,-1,-1,-1,-1,5743.1,1560.2,0.15625,4.99878,2.89795,2.90405,2.99805,2.31934,42.5103,15.1827,2,381.325,1349.95,34.4771,32.2189,30.0006,31.9168,31.7644,-1,40,10,-999.9,400,20,100.013,85.4002
58,1786553103,7148,20260812 11:45:02,11:45:02,15,1786553095,0.003093305,3.09330523,4.915046857,358.6611935,268.7263036,27.29545811,36.43045527,0.106497761,2.954841009,0.104410425,0.065440647,266.1530854,36.32759267,35.33916129,5.755326762,49.29385467,2.873897278,5.830132979,2.881429485,-136.4147607,37.2724139,2.959000011,169.9697386,4.063434255,2.597934352,4.915046857,376.6888664,368.5148667,-0.029659494,66.72714756,3.09330523,23.59738765,28.42111758,0.02133071,78.43,0,0,1,0,52153.43327,1500.02,1273.876848,0.849239909,0.177433024,6,0.5,0: Broadleaf,2,TRUE,1786553095,358.6611935,366.9839032,28.29378387,24.08773871,399.8901935,32.74478387,360.1143871,101.4734516,0.099999674,35.57313548,35.33916129,999.9,0,0,9997.578387,0,276.5403226,-8.322779355,369.1044839,376.0422258,4.206032258,366.9839032,24.08773871,2.871065484,2.444265806,23.29841613,20.65698065,1500.02,0.692003065,0.307996935,0,2.501774194,0,13433.99032,13609.76129,48.5,51.022,49.562,48.95529032,48.312,1038.018387,462.0016129,0,1786553039,0,0,--:--:--,1786208397,1786459371,0,-2.566,-0.971,-41.229,-4.451,412,17,0.91,0.28,-8.01879561,5.283078188,3.164041278,0,2.515720588,-0.405303281,0.194766753,1,4.319099512,-0.653802021,0.533422348,0,1,3,1/3,2.93932,2.7642,0.0978249,0.0910569,0.143732,0.114213,27977.5,18608.6,31793.3,22304.8,36708.4,26849.6,45724.4,32623.1,1.61553,2.62787,0.119992,0,33.3908,999.9,47.3,38.9,32.5793,61.9838,96.9231,3,0.378483,0,20.31,5.21235,12.0339,4.9597,3.301,7720.1,9999,9999,157,4.97305,1.87559,1.88171,1.88115,1.8788,1.87455,1.87454,1.87691,0,0,0,0,11111111,oooooooo,on,on,on,on,0,100,100,-41.229,-4.451,-41.229,0,0,0,-4.451,0,0,0,-1,-1,-1,-1,5745.1,1562.2,0.15625,4.99878,2.89795,2.90039,2.99805,2.323,42.6974,15.1565,2,382.905,1344.87,34.3341,32.3337,30.0006,32.0096,31.8448,-1,40,10,-999.9,400,20,99.9928,85.7074
59,1786553223,7268,20260812 11:47:02,11:47:02,15,1786553215,0.00297687,2.976870478,5.111501778,351.8056774,254.392978,25.83804645,35.73200607,0.100370171,2.955074793,0.098514011,0.061735167,266.1479686,36.37850502,35.40521935,5.776361861,48.61054724,2.837367028,5.83693702,2.938994833,-131.2799881,30.12113677,2.392095931,167.3812133,4.161259403,2.821267149,5.111501778,369.0413613,360.9617152,-0.088544211,66.72714756,2.976870478,23.13970171,27.92200303,0.005090303,78.43,0,0,1,0,52156.36932,1499.997419,1273.857097,0.849239526,0.177432284,6,0.5,0: Broadleaf,2,TRUE,1786553215,351.8056774,360.401129,27.93579032,23.36195484,393.0346774,32.38679032,359.7575161,101.4674516,0.099999852,35.5942871,35.40521935,999.9,0,0,9999.496129,0,510.0709355,-8.595445484,361.9162258,369.0221613,4.573827419,360.401129,23.36195484,2.834573226,2.370478065,23.08680645,20.16303548,1499.997419,0.69201529,0.30798471,0,2.447325806,0,13425.49355,13609.61935,48.625,50.937,49.625,48.875,48.33029032,1038.021935,461.9754839,0,1786553159,0,0,--:--:--,1786208397,1786459371,0,-2.566,-0.971,-41.229,-4.451,412,17,0.91,0.28,-8.924047073,-1.475789477,1.150666404,0,2.455008824,-0.082956454,0.242198133,1,4.527812439,0.615188153,0.246828842,0,1,3,1/3,2.93839,2.76438,0.0964637,0.0906449,0.142203,0.114034,28013.6,18619.3,31787.2,22307.9,36772.7,26857.1,45721.2,32625.9,1.61243,2.62715,0.114515,0,33.5609,999.9,45.5,39.1,31.6813,61.9839,96.9231,3,0.394408,0,20.3102,5.21579,12.0338,4.9599,3.301,7720.1,9999,9999,157,4.97307,1.8756,1.8817,1.88111,1.87881,1.87455,1.87454,1.87688,0,0,0,0,11111111,oooooooo,on,on,on,on,0,100,100,-41.229,-4.451,-41.229,0,0,0,-4.451,0,0,0,-1,-1,-1,-1,5747.1,1564.2,0.15625,4.99878,2.89795,2.90161,2.99805,2.31812,42.8852,15.1477,2,381.991,1346.76,34.2918,32.4951,30.0007,32.1498,31.9793,-1,40,10,-999.9,400,20,99.9809,85.7167
60,1786553343,7388.1,20260812 11:49:02,11:49:02,15,1786553335,0.002637163,2.637162912,4.824780403,352.5240333,250.2058106,25.4084342,35.79886368,0.089134364,2.956001606,0.087667692,0.054922072,266.1516246,36.57055121,35.53125333,5.816680678,49.27554038,2.892913235,5.870890939,2.923767443,-116.2988844,26.81564209,2.131314304,178.7996966,2.331049489,2.565075261,4.824780403,366.3758618,360.3086727,-0.30069532,66.72714756,2.637162912,24.4492483,28.60252182,0.015697801,78.43,0,0,1,0,52164.5307,1500.002,1273.86246,0.849240508,0.17743418,6,0.5,0: Broadleaf,2,TRUE,1786553335,352.5240333,357.9407667,28.48753667,24.31527667,393.7530333,32.93853667,358.3673,101.4502,0.099936437,35.69952,35.53125333,999.9,0,0,10006.45767,0,222.9545667,-5.416866333,362.8609,366.8608667,4.172252667,357.9407667,24.31527667,2.890068667,2.466790667,23.40772333,20.80873667,1500.002,0.6919843,0.3080157,0,2.584913333,0,13376.00333,13609.52,48.7206,50.812,49.687,48.875,48.42873333,1037.976,462.026,0,1786553279,0,0,--:--:--,1786208397,1786459371,0,-2.566,-0.971,-41.229,-4.451,412,17,0.91,0.28,-5.495697,1.06821636,0.951926795,0,2.550352941,0.456082506,0.235193824,1,4.31437675,-2.153758311,0.254853687,0,1,3,1/3,2.93711,2.76457,0.0962089,0.0895845,0.144188,0.11713,28012,18616.7,31777.1,22279.4,36674.7,26725.2,45704.4,32579.9,1.608,2.62232,0.1118,0,33.7325,999.9,46,39.4,32.5528,61.9375,96.9231,3,0.410292,0,20.31,5.2116,12.0339,4.95965,3.301,7720.1,9999,9999,157,4.97304,1.87559,1.88171,1.88118,1.8788,1.87457,1.87454,1.87692,0,0,0,0,11111111,oooooooo,on,on,on,on,0,100,100,-41.229,-4.451,-41.229,0,0,0,-4.451,0,0,0,-1,-1,-1,-1,5749.1,1566.2,0.15625,4.99878,2.89795,2.90039,2.99805,2.33887,43.0739,15.1302,2,380.529,1343.08,34.3388,32.6766,30.0008,32.3202,32.14,-1,40,10,-999.9,400,20,99.9462,85.6005
61,1786553463,7508.1,20260812 11:51:02,11:51:02,15,1786553455,0.002809935,2.809934646,3.328456887,381.9288065,311.9197551,31.67417361,38.78330604,0.099928952,2.9537807,0.098088124,0.061467644,266.148637,36.53210552,35.52754839,5.81549197,51.65083008,3.033247244,5.872601157,2.782244726,-123.9181179,28.22732313,2.245219229,172.7030614,8.169582674,2.511027381,3.328456887,396.4390687,395.6995455,-0.677356594,66.72362663,2.809934646,25.58557033,30.01146424,0.017107472,78.43,0,0,1,0,52100.52817,1499.999032,1273.858665,0.849239658,0.177432539,6,0.5,0: Broadleaf,2,TRUE,1786553455,381.9288065,397.2486129,29.8707,25.78252581,423.1578065,34.3217,357.522129,101.4459355,0.099968845,35.70480645,35.52754839,999.9,0,0,9994.273871,0,152.2525806,-15.31977277,393.6888387,407.762,4.088160968,397.2486129,25.78252581,3.030262258,2.615535806,24.19505484,21.76364194,1499.999032,0.692011097,0.307988903,0,2.417035484,0,13374.05484,13609.60645,48.683,50.625,49.637,48.812,48.387,1038.016452,461.9825806,0,1786553399,0,0,--:--:--,1786208397,1786459371,0,-2.566,-0.971,-41.229,-4.451,412,17,0.91,0.28,-14.61155415,18.21346453,8.377097116,0,2.422579412,0.06124217,0.170472707,1,4.14777575,-0.292695422,0.287794394,0,1,3,1/3,2.93622,2.76418,0.102593,0.0976046,0.148233,0.122466,27801.2,18402.8,31763,22219.6,36476.8,26482.7,45673.2,32480.6,1.6048,2.62083,0.120968,0,33.5834,999.9,48.1,39.6,34.4083,62.0275,96.9231,3,0.422243,0,20.3098,5.21415,12.0339,4.9597,3.301,7720.1,9999,9999,157.1,4.97312,1.87561,1.88171,1.88117,1.87881,1.8746,1.87454,1.87689,0,0,0,0,11111111,oooooooo,on,on,on,on,0,100,100,-41.229,-4.451,-41.229,0,0,0,-4.451,0,0,0,-1,-1,-1,-1,5751.1,1568.2,0.155029,4.99878,2.89795,2.90161,2.99805,2.32666,43.2362,15.1215,2,379.617,1344.14,34.3729,32.8301,30.0007,32.4722,32.2899,-1,40,10,-999.9,400,20,99.8878,85.3523
62,1786553583,7628.1,20260812 11:53:02,11:53:02,15,1786553575,0.002462782,2.462781818,5.538771169,354.4399677,231.3639019,23.49508397,35.99350087,0.08246153,2.954561674,0.081203965,0.050863868,266.1515955,36.69503096,35.63183548,5.849032564,49.21250644,2.901879062,5.896629276,2.947153502,-108.6086782,23.43153282,1.864882601,182.8393327,6.942135421,2.6137978,5.538771169,380.9461296,367.2396182,0.569079196,66.72362663,2.462781818,24.95024227,28.70777212,0.029159307,78.43,0,0,1,0,52110.26399,1500.006452,1273.865816,0.849240225,0.177433634,6,0.5,0: Broadleaf,2,TRUE,1786553575,354.4399677,367.6302581,28.57576774,24.31939677,395.6689677,33.02676774,357.9255484,101.4503548,0.099989777,35.77893871,35.63183548,999.9,0,0,9998.269355,0,162.030871,-13.19028548,364.8663226,376.7955806,4.25637129,367.6302581,24.31939677,2.89902129,2.467210968,23.45900968,20.80878065,1500.006452,0.691992226,0.308007774,0,2.386019355,0,13272.38387,13609.60645,48.75,50.546,49.687,48.812,48.49593548,1037.993226,462.0132258,0,1786553519,0,0,--:--:--,1786208397,1786459371,0,-2.566,-0.971,-41.229,-4.451,412,17,0.91,0.28,-11.64501325,-34.52666353,3.733176109,0,2.395597059,-0.244872419,0.203197744,1,4.3635745,-3.24407167,0.48467208,0,1,3,1/3,2.93657,2.76428,0.0974999,0.0935538,0.144437,0.118898,27958.5,18522.3,31763.2,22264.5,36651.1,26651.1,45685.8,32555,1.60473,2.61235,0.110604,0,33.8395,999.9,44.8,39.9,32.5644,61.9675,96.9231,3,0.435536,0,20.3102,5.21415,12.0339,4.95965,3.301,7720.1,9999,9999,157.1,4.97303,1.87561,1.88171,1.88122,1.87881,1.87457,1.87454,1.87694,0,0,0,0,11111111,oooooooo,on,on,on,on,0,100,100,-41.229,-4.451,-41.229,0,0,0,-4.451,0,0,0,-1,-1,-1,-1,5753.1,1570.2,0.155029,4.99878,2.89795,2.90039,2.99805,2.34741,43.3719,15.0952,2,380.389,1335.06,34.4611,32.9985,30.0005,32.6312,32.4483,-1,40,10,-999.9,400,20,99.9043,85.5385
63,1786553703,7748.1,20260812 11:55:02,11:55:02,15,1786553695,0.002577108,2.577108425,4.548399885,425.6199677,328.4908828,33.3596853,43.22356852,0.092281499,2.955323866,0.09071006,0.056832746,266.1515993,36.60763847,35.45109677,5.791010046,51.56865231,3.031130686,5.877855151,2.75987936,-113.6504816,43.0091522,3.418188705,198.9284587,14.33446627,2.430199341,4.548399885,466.7366878,449.3932424,1.276180121,66.72362663,2.577108425,25.99279603,30.00345394,0.02390368,78.43,0,0,1,0,52141.74893,1500.016774,1273.873635,0.849239593,0.177432415,6,0.5,0: Broadleaf,2,TRUE,1786553695,425.6199677,451.5586129,29.84736774,25.86822903,466.8489677,34.29836774,355.5037097,101.4543871,0.099984871,35.72103871,35.45109677,999.9,0,0,10002.19742,0,147.6004194,-25.93860645,438.7150323,463.5504839,3.979135806,451.5586129,25.86822903,3.028146774,2.624445806,24.18344516,21.81928387,1500.016774,0.692013226,0.307986774,0,2.516758065,0,13132.89032,13609.76774,48.631,50.35874194,49.508,48.788,48.437,1038.031935,461.9848387,0,1786553639,0,0,--:--:--,1786208397,1786459371,0,-2.566,-0.971,-41.229,-4.451,412,17,0.91,0.28,-24.6265775,-1.594276548,4.589583143,0,2.514658824,0.20703743,0.204841185,1,4.0370125,-1.211757073,0.142356392,0,1,3,1/3,2.93464,2.7644,0.111881,0.107879,0.148178,0.12238,27512.1,18200.9,31762.5,22229.8,36482.6,26498.2,45675.5,32496.6,1.60023,2.62265,0.122257,0,33.475,999.9,46.5,40.1,34.1617,61.7276,96.9231,3,0.430681,0,20.3104,5.2125,12.0339,4.9597,3.301,7720.1,9999,9999,157.1,4.97302,1.87561,1.88171,1.88118,1.87881,1.87456,1.87454,1.87689,0,0,0,0,11111111,oooooooo,on,on,on,on,0,100,100,-41.229,-4.451,-41.229,0,0,0,-4.451,0,0,0,-1,-1,-1,-1,5755.1,1572.2,0.155029,4.99878,2.89795,2.90039,2.99805,2.31934,43.5081,15.0777,2,378.262,1351.2,34.4767,33.0307,29.9994,32.6802,32.4965,-1,40,10,-999.9,400,20,99.8901,85.393
64,1786553823,7868.1,20260812 11:57:02,11:57:02,15,1786553815,0.002687435,2.687435435,4.685466966,403.229129,308.3515997,31.31353746,40.94848364,0.096617409,2.955211561,0.09489625,0.059462242,266.1415454,36.51687209,35.31766129,5.748494816,51.153851,2.996414014,5.857650901,2.752080803,-118.5159027,54.3105978,4.312435514,206.248676,4.491713201,2.693140905,4.685466966,424.9116689,416.1028909,0.095931539,66.72362663,2.687435435,25.12353655,29.51632364,0.000225961,78.43,0,0,1,0,52149.05549,1499.952258,1273.819568,0.849240075,0.177433344,6,0.5,0: Broadleaf,2,TRUE,1786553815,403.229129,412.6276774,29.50637742,25.10224839,444.458129,33.95737742,356.0762258,101.4514194,0.099983284,35.65854839,35.31766129,999.9,0,0,10001.85258,0,143.0004194,-9.39847129,415.488871,423.2522903,4.404113871,412.6276774,25.10224839,2.993464194,2.546660968,23.9916129,21.32779355,1499.952258,0.691996968,0.308003032,0,2.512116129,0,13066.27419,13609.13548,48.5,50.143,49.254,48.687,48.254,1037.963226,461.9890323,0,1786553759,0,0,--:--:--,1786208397,1786459371,0,-2.566,-0.971,-41.229,-4.451,412,17,0.91,0.28,-10.42300725,8.929742251,2.656991733,0,2.560711765,-0.243969441,0.236350393,1,4.388807,-0.019414784,0.041498005,1,2,3,2/3,2.93517,2.7642,0.106127,0.0992795,0.14676,0.119179,27701.8,18403,31774.8,22261.4,36557.3,26635.9,45694.1,32546.6,1.60317,2.61715,0.134908,0,33.1358,999.9,44.6,40.4,33.2948,62.0576,96.9231,3,0.413999,0,20.3106,5.21459,12.0339,4.9598,3.301,7720.1,9999,9999,157.2,4.97308,1.87561,1.88171,1.88122,1.87881,1.87459,1.87454,1.87688,0,0,0,0,11111111,oooooooo,on,on,on,on,0,100,100,-41.229,-4.451,-41.229,0,0,0,-4.451,0,0,0,-1,-1,-1,-1,5757.1,1574.2,0.153809,4.99878,2.89795,2.89917,2.99805,2.32056,43.5627,15.0602,2,379.318,1341.59,34.4403,32.8817,29.9995,32.5816,32.4248,-1,40,10,-999.9,400,20,99.93,85.5204
65,1786553943,7988.1,20260812 11:59:02,11:59:02,15,1786553935,0.002718367,2.718367028,4.362272025,405.7951935,316.3142872,32.12027921,41.20665884,0.097042357,2.954244401,0.095305614,0.059719459,266.1479648,36.61459782,35.50769677,5.809126306,51.57986328,3.038967959,5.891772033,2.770158347,-119.8799859,40.81710574,3.246729589,190.3318142,5.15718832,2.735983679,4.362272025,425.3091338,418.3793515,-0.085642655,66.72362663,2.718367028,25.45722728,29.91617333,-0.00020621,78.43,0,0,1,0,52103.68599,1499.987097,1273.849277,0.849240157,0.177433503,6,0.5,0: Broadleaf,2,TRUE,1786553935,405.7951935,416.3884516,29.92716774,25.4411871,447.0242258,34.37816774,354.9863871,101.4454194,0.100038794,35.76397419,35.50769677,999.9,0,0,9996.955484,0,140.532,-10.59326355,418.3140968,427.2584839,4.485972581,416.3884516,25.4411871,3.035974839,2.580892581,24.22653871,21.54581935,1499.987097,0.691993839,0.308006161,0,2.533767742,0,13019.90968,13609.41613,48.3506129,50.058,49.139,48.653,48.187,1037.983226,462.003871,0,1786553879,0,0,--:--:--,1786208397,1786459371,0,-2.566,-0.971,-41.229,-4.451,412,17,0.91,0.28,-10.96993925,5.542909531,2.197441638,0,2.508147059,0.294771584,0.230590034,1,4.47128875,0.119937298,0.045594207,0,1,3,1/3,2.93425,2.7643,0.10657,0.101855,0.14795,0.121106,27691.9,18331.6,31778.6,22238.1,36503.6,26546.3,45692.2,32508,1.60203,2.62558,0.152368,0,33.05,999.9,45.1,40.5,33.8476,62.1475,96.9231,3,0.401042,0,20.311,5.21654,12.0339,4.9597,3.301,7720.1,9999,9999,157.2,4.97308,1.87561,1.88171,1.88124,1.87881,1.87461,1.87454,1.8769,0,0,0,0,11111111,oooooooo,on,on,on,on,0,100,100,-41.229,-4.451,-41.229,0,0,0,-4.451,0,0,0,-1,-1,-1,-1,5759.1,1576.2,0.153809,4.99878,2.89795,2.89917,2.99805,2.31567,43.59,15.0426,2,378.161,1352.12,34.5064,32.7322,29.9996,32.4735,32.3388,-1,40,10,-999.9,400,20,99.9323,85.4239
66,1786554063,8108.1,20260812 12:01:02,12:01:02,15,1786554055,0.002516313,2.51631321,4.953400494,379.1295806,272.3105176,27.65212115,38.49920006,0.087691082,2.954753136,0.086270526,0.054044793,266.1503795,36.70564914,35.59014839,5.835605139,50.85267363,3.002628622,5.904563926,2.832976517,-110.9694126,33.96410144,2.702753129,191.8478215,3.015376652,2.817329434,4.953400494,400.1390045,390.1292,0.190920626,66.72362663,2.51631321,25.41851253,29.53527818,0.001513093,78.43,0,0,1,0,52111.48824,1500.00129,1273.861277,0.849240121,0.177433434,6,0.5,0: Broadleaf,2,TRUE,1786554055,379.1295806,386.0357419,29.56906452,24.94519677,420.3585806,34.02006452,354.771,101.4462903,0.099993661,35.80336129,35.59014839,999.9,0,0,9999.756452,0,139.4198065,-6.906162968,390.6816774,395.9117742,4.623862581,386.0357419,24.94519677,2.999670645,2.530596452,24.02606129,21.22373871,1500.00129,0.691996581,0.308003419,0,2.47223871,0,12960.06129,13609.5871,48.32825806,50.014,49.10264516,48.687,48.125,1037.994839,462.0064516,0,1786553999,0,0,--:--:--,1786208397,1786459371,0,-2.566,-0.971,-41.229,-4.451,412,17,0.91,0.28,-6.14135405,-17.66841026,3.088008778,0,2.484717647,-0.330893811,0.208987794,1,4.6848865,-2.675204578,0.305212579,0,1,3,1/3,2.93381,2.76434,0.101583,0.0938746,0.146898,0.120098,27850.2,18499.1,31782.3,22243.3,36552.3,26583,45697.4,32515.6,1.60212,2.62598,0.144795,0,33.2648,999.9,44.1,40.7,33.4537,61.8475,96.9231,3,0.394705,0,20.3112,5.21669,12.0336,4.95985,3.301,7720.1,9999,9999,157.2,4.97308,1.87561,1.88171,1.88125,1.87881,1.87458,1.87454,1.87689,0,0,0,0,11111111,oooooooo,on,on,on,on,0,100,100,-41.229,-4.451,-41.229,0,0,0,-4.451,0,0,0,-1,-1,-1,-1,5761.1,1578.2,0.153809,4.99878,2.89795,2.89795,2.99805,2.33032,43.59,15.0251,2,377.768,1351.13,34.5562,32.6301,30.0002,32.386,32.2638,-1,40,10,-999.9,400,20,99.9439,85.4438
67,1786554183,8228.1,20260812 12:03:02,12:03:02,15,1786554175,0.002767404,2.767403541,4.790863549,352.8604839,258.015944,26.19885695,35.82934139,0.09655662,2.953822553,0.094836813,0.059424974,266.1518493,36.28823406,35.19345806,5.709165168,49.58643446,2.871360096,5.790616177,2.837805073,-122.0424962,40.83182525,3.238454405,188.1796328,5.601213344,2.54006833,4.790863549,370.899961,363.4542121,-0.113323672,66.72362663,2.767403541,23.71470604,28.34087697,-0.009992874,78.43,0,0,1,0,52144.6458,1500.010968,1273.869368,0.849240036,0.177433269,6,0.5,0: Broadleaf,2,TRUE,1786554175,352.8604839,363.8282903,28.27820645,24.11180968,394.0894839,32.72920645,355.4495484,101.4395806,0.100101539,35.44986452,35.19345806,999.9,0,0,9995.137419,0,392.1748387,-10.96775774,363.1293226,372.8182581,4.166404516,363.8282903,24.11180968,2.868529677,2.445891935,23.28374516,20.66914516,1500.010968,0.691999097,0.308000903,0,2.490009677,0,13168.17742,13609.67097,48.10467742,49.812,49,48.20529032,47.933,1038.005806,462.0051613,0,1786554119,0,0,--:--:--,1786208397,1786459371,0,-2.566,-0.971,-41.229,-4.451,412,17,0.91,0.28,-12.26171075,27.75777107,3.539557827,0,2.483888235,0.315025202,0.20792619,1,4.30422175,0.144938274,0.504954885,0,1,3,1/3,2.93481,2.76431,0.096804,0.0902924,0.143329,0.116094,28000.6,18604.5,31785,22282.1,36718.4,26755.4,45713,32578.3,1.6041,2.62118,0.126217,0,33.1228,999.9,41.3,40.8,31.4973,61.9976,96.9231,3,0.40158,0,20.3108,5.21684,12.0339,4.95975,3.301,7720.1,9999,9999,157.3,4.97309,1.8756,1.88171,1.88124,1.87881,1.87458,1.87454,1.87689,0,0,0,0,11111111,oooooooo,on,on,on,on,0,100,100,-41.229,-4.451,-41.229,0,0,0,-4.451,0,0,0,-1,-1,-1,-1,5763.1,1580.2,0.153809,4.99878,2.89795,2.89673,2.99805,2.35107,43.5627,15.0076,2,378.827,1343.84,34.3362,32.6417,30.0005,32.3894,32.2572,-1,40,10,-999.9,400,20,99.9675,85.6022
68,1786554303,8348.1,20260812 12:05:02,12:05:02,15,1786554295,0.002606699,2.606699309,4.252093244,393.341871,304.862182,30.9536648,39.93730001,0.0947705,2.953706755,0.093113078,0.058342172,266.1546941,36.26247374,35.1467,5.69441967,51.5377811,2.97332291,5.769210173,2.72109676,-114.9554395,37.59405193,2.980125795,191.7734322,3.929031109,2.449612206,4.252093244,411.2875669,404.9058364,-0.135507676,66.72362663,2.606699309,25.23019833,29.38911879,0.014620641,78.43,0,0,1,0,52152.56905,1500.026452,1273.882568,0.849240069,0.177433334,6,0.5,0: Broadleaf,2,TRUE,1786554295,393.341871,401.6318065,29.2842129,25.25515161,434.570871,33.7352129,354.108871,101.4333226,0.099982058,35.38278387,35.1467,999.9,0,0,9995.097097,0,231.4625484,-8.289935806,405.2080645,412.0380645,4.029058387,401.6318065,25.25515161,2.970394839,2.561712903,23.86284516,21.42395484,1500.026452,0.691998581,0.308001419,0,2.486206452,0,12966.64839,13609.80645,47.937,49.506,48.812,47.99187097,47.687,1038.014839,462.0116129,0,1786554239,0,0,--:--:--,1786208397,1786459371,0,-2.566,-0.971,-41.229,-4.451,412,17,0.91,0.28,-9.58214025,33.86473632,3.549509383,0,2.48775,0.006146676,0.206681705,1,4.03102875,0.355887467,0.07780376,0,1,3,1/3,2.93333,2.76433,0.104179,0.097074,0.146426,0.119568,27764.1,18434,31776.2,22243.8,36570.2,26598.3,45693.8,32514.8,1.60025,2.62475,0.135615,0,32.9693,999.9,43.2,40.9,33.1269,62.0576,96.9231,3,0.406128,0,20.3109,5.21684,12.0335,4.9598,3.301,7720.1,9999,9999,157.3,4.97307,1.87561,1.8817,1.88115,1.87881,1.87458,1.87454,1.87686,0,0,0,0,11111111,oooooooo,on,on,on,on,0,100,100,-41.229,-4.451,-41.229,0,0,0,-4.451,0,0,0,-1,-1,-1,-1,5765.1,1582.2,0.152588,4.99878,2.89795,2.89673,2.99805,2.34375,43.4808,14.9814,2,376.966,1349.44,34.1685,32.6909,29.9999,32.4217,32.2702,-1,40,10,-999.9,400,20,99.9314,85.4435
69,1786554423,8468.1,20260812 12:07:02,12:07:02,15,1786554415,0.002694414,2.694413547,4.284394961,383.9567419,298.2442303,30.27964519,38.9817228,0.098674113,2.955274899,0.096879669,0.060708298,266.1525015,36.23428245,35.15567097,5.697246162,51.91933324,2.994466348,5.767536217,2.702779814,-118.8236374,35.3474874,2.800601678,185.4769532,-0.395207273,2.837030035,4.284394961,392.9746777,390.3524727,-0.646877003,66.72362663,2.694413547,24.82882022,29.38236788,-0.014461974,78.43,0,0,1,0,52197.84984,1500.007097,1273.866774,0.849240498,0.177434162,6,0.5,0: Broadleaf,2,TRUE,1786554415,383.9567419,385.1316774,29.49447742,24.83367742,425.1857419,33.94547742,354.4481613,101.4263871,0.09995309,35.37752903,35.15567097,999.9,0,0,10004.68065,0,135.1251935,-1.174832213,395.625871,394.9394516,4.660796774,385.1316774,24.83367742,2.991519677,2.51879129,23.98074839,21.14843226,1500.007097,0.691983516,0.308016484,0,2.494709677,0,12936.90323,13609.54839,47.812,49.437,48.625,47.98170968,47.625,1037.98,462.0270968,0,1786554359,0,0,--:--:--,1786208397,1786459371,0,-2.566,-0.971,-41.229,-4.451,412,17,0.91,0.28,-0.64322799,-18.46016526,2.056331704,0,2.487026471,0.578748662,0.161817758,1,4.69386475,-0.822297298,0.082386242,0,1,3,1/3,2.93305,2.76422,0.101597,0.0949975,0.14639,0.118822,27848.6,18482.3,31781,22250.8,36573.7,26629.1,45696.9,32524.8,1.60002,2.62162,0.139855,0,32.8815,999.9,42.9,41,33.0709,62.1476,96.9231,3,0.397388,0,20.311,5.21205,12.0339,4.9597,3.301,7720.1,9999,9999,157.3,4.97304,1.87561,1.8817,1.88118,1.8788,1.87457,1.87454,1.87688,0,0,0,0,11111111,oooooooo,on,on,on,on,0,100,100,-41.229,-4.451,-41.229,0,0,0,-4.451,0,0,0,-1,-1,-1,-1,5767.1,1584.2,0.152588,4.99878,2.89795,2.89673,2.99805,2.31812,43.3991,14.9551,2,376.546,1343.73,34.172,32.638,29.9997,32.3622,32.2189,-1,40,10,-999.9,400,20,99.9415,85.4699
70,1786554543,8588.1,20260812 12:09:02,12:09:02,15,1786554535,0.002866392,2.866392332,4.166297944,371.9312903,291.8360609,29.6253564,37.75611896,0.103939473,2.953690658,0.101949448,0.063894027,266.146615,36.26831532,35.30364516,5.744044778,52.01690197,3.013009923,5.792367112,2.731034855,-126.4079018,24.15609887,1.917032589,165.8118446,10.99295418,2.789021418,4.166297944,407.7266642,390.5080545,1.341910016,66.72362663,2.866392332,24.93631748,29.64612667,-0.000179302,78.43,0,0,1,0,52139.43239,1499.986129,1273.847845,0.84923975,0.177432717,6,0.5,0: Broadleaf,2,TRUE,1786554535,371.9312903,392.2955484,29.68082258,25.09983226,413.1602903,34.13182258,354.4527419,101.4136774,0.100015961,35.45534194,35.30364516,999.9,0,0,9996.941935,0,131.3872258,-20.36424839,383.3081613,402.3953548,4.580993548,392.2955484,25.09983226,3.010040645,2.545466129,24.08354839,21.31997742,1499.986129,0.692008452,0.307991548,0,2.518612903,0,12848.3129,13609.46452,48,49.47358065,48.69512903,48.09045161,47.74593548,1038.002903,461.9832258,0,1786554479,0,0,--:--:--,1786208397,1786459371,0,-2.566,-0.971,-41.229,-4.451,412,17,0.91,0.28,-16.24500975,-69.39207996,7.059730396,0,2.493935294,0.246447668,0.214117119,1,4.46756075,1.342661876,0.206096184,0,1,3,1/3,2.93312,2.76427,0.101753,0.102111,0.147152,0.119292,27841.2,18328.1,31777.9,22239.7,36532.8,26599.9,45687.2,32506.4,1.6005,2.6266,0.13411,0,33.1178,999.9,43.4,41,33.4605,62.1176,96.9231,3,0.396288,0,20.3108,5.21609,12.0339,4.95985,3.301,7720.1,9999,9999,157.4,4.97304,1.87561,1.88171,1.88116,1.87881,1.87454,1.87454,1.87686,0,0,0,0,11111111,oooooooo,on,on,on,on,0,100,100,-41.229,-4.451,-41.229,0,0,0,-4.451,0,0,0,-1,-1,-1,-1,5769.1,1586.2,0.152588,4.99878,2.89795,2.89673,2.99805,2.35107,43.2904,14.9376,2,376.607,1350.38,34.2121,32.5866,30.0004,32.325,32.1883,-1,40,10,-999.9,400,20,99.9251,85.4239
71,1786554663,8708.1,20260812 12:11:02,12:11:02,15,1786554655,0.002769087,2.769087435,4.709989887,379.8566774,285.9158398,29.02557005,38.56224477,0.097423869,2.953200075,0.095672969,0.059950296,266.1496446,36.25423114,35.19974194,5.71114936,50.13065787,2.89747193,5.779840228,2.81367743,-122.1167559,34.45059488,2.732556885,181.2160405,3.165326166,2.851450733,4.709989887,396.278755,389.3225212,-0.162454726,66.72362663,2.769087435,23.74941277,28.44456485,-0.016322944,78.43,0,0,1,0,52132.22283,1499.996452,1273.857232,0.849240164,0.177433516,6,0.5,0: Broadleaf,2,TRUE,1786554655,379.8566774,387.0457097,28.54149355,23.85413548,421.0856774,32.99249355,354.5791935,101.417871,0.100009484,35.41612258,35.19974194,999.9,0,0,9993.745161,0,134.7705806,-7.189024839,391.0170645,396.504129,4.687342258,387.0457097,23.85413548,2.894618065,2.419237419,23.43380323,20.49296774,1499.996452,0.691994032,0.308006032,0,2.495441935,0,12887.84839,13609.50323,47.99593548,49.437,48.687,48.125,47.762,1037.989355,462.0070968,0,1786554599,0,0,--:--:--,1786208397,1786459371,0,-2.566,-0.971,-41.229,-4.451,412,17,0.91,0.28,-6.4695575,-11.34273253,1.236618826,0,2.512297059,-0.079203974,0.182535907,1,4.668351,0.538185591,0.076826412,0,1,3,1/3,2.93378,2.76423,0.101509,0.0958781,0.143644,0.115122,27857.9,18492.3,31788.2,22284.3,36704.3,26785.3,45712.8,32578.7,1.60292,2.6243,0.135001,0,33.0058,999.9,41.1,41,31.6881,62.2976,96.9231,3,0.392007,0,20.3108,5.21564,12.0338,4.95955,3.301,7720.1,9999,9999,157.4,4.97306,1.87561,1.88171,1.88114,1.87881,1.87454,1.87454,1.87687,0,0,0,0,11111111,oooooooo,on,on,on,on,0,100,100,-41.229,-4.451,-41.229,0,0,0,-4.451,0,0,0,-1,-1,-1,-1,5771.1,1588.2,0.152588,4.99878,2.89795,2.89551,2.99805,2.34131,43.155,14.9201,2,377.676,1345.99,34.2041,32.5607,29.9999,32.285,32.1422,-1,40,10,-999.9,400,20,99.9715,85.6062
72,1786554783,8828.1,20260812 12:13:02,12:13:02,15,1786554775,0.002782174,2.782173954,4.8691753,382.5484839,286.0172886,29.03802874,38.83840003,0.097631039,2.953815606,0.095873116,0.060076004,266.1490459,36.233409,35.20164516,5.71175044,50.05549427,2.890363872,5.774318911,2.821386568,-122.6938714,31.39819532,2.489740594,177.3431105,-1.341791132,2.884389279,4.8691753,393.11348,388.0114424,-0.44781885,66.72362663,2.782173954,23.75263772,28.37760121,-0.006399879,78.43,0,0,1,0,52152.78356,1499.993871,1273.854968,0.849240115,0.177433422,6,0.5,0: Broadleaf,2,TRUE,1786554775,382.5484839,382.1455806,28.46935806,23.73288387,423.7774839,32.92035806,354.9820968,101.4254194,0.10001249,35.3988129,35.20164516,999.9,0,0,9996.493548,0,136.9975161,0.402936161,393.7589032,391.4355484,4.736485484,382.1455806,23.73288387,2.887514516,2.407115484,23.39306774,20.41154839,1499.993871,0.69199571,0.30800429,0,2.533745161,0,12878.22258,13609.49355,48,49.437,48.653,48.125,47.75,1037.99,462.003871,0,1786554719,0,0,--:--:--,1786208397,1786459371,0,-2.566,-0.971,-41.229,-4.451,412,17,0.91,0.28,1.705071575,-23.49986397,3.841968357,0,2.539273529,-0.006479756,0.164477761,1,4.726082,-0.615625441,0.149304873,0,1,3,1/3,2.93412,2.76422,0.101219,0.0943352,0.143481,0.114663,27870.4,18526.9,31791.9,22287.7,36715.2,26803.1,45718.2,32583.4,1.60425,2.62407,0.138324,0,32.9798,999.9,41,40.9,31.4403,62.0276,96.9231,3,0.386072,0,20.3108,5.21624,12.0339,4.9598,3.301,7720.1,9999,9999,157.4,4.97308,1.87561,1.8817,1.88117,1.87881,1.87454,1.87454,1.87685,0,0,0,0,11111111,oooooooo,on,on,on,on,0,100,100,-41.229,-4.451,-41.229,0,0,0,-4.451,0,0,0,-1,-1,-1,-1,5773.1,1590.2,0.152588,4.99878,2.89795,2.89551,2.99805,2.30957,42.9929,14.8938,2,378.053,1344.46,34.1908,32.4886,30,32.2223,32.0828,-1,40,10,-999.9,400,20,99.9831,85.6189
73,1786554903,8948.1,20260812 12:15:02,12:15:02,15,1786554895,0.002814789,2.814788627,4.658430754,385.4734194,292.9853005,29.74692106,39.13727876,0.098647935,2.953916384,0.096853624,0.060692009,266.1471461,36.19144645,35.10545484,5.681440192,49.5309069,2.854774095,5.763621693,2.826666096,-124.1321785,41.37046783,3.27831614,186.6637516,-1.11187566,2.947700131,4.658430754,391.4996023,390.1426182,-0.902049552,66.72362663,2.814788627,23.08594227,27.94004788,-0.026113117,78.43,0,0,1,0,52161.42924,1499.982903,1273.845677,0.849240131,0.177433453,6,0.5,0: Broadleaf,2,TRUE,1786554895,385.4734194,385.5146452,28.11742581,23.27398065,426.7024194,32.56842581,354.8901613,101.4304194,0.100002197,35.36523548,35.10545484,999.9,0,0,9996.572581,0,136.0753871,-0.041218203,396.6258065,394.7014839,4.843454839,385.5146452,23.27398065,2.851962258,2.360689677,23.1878871,20.09628387,1499.982903,0.691995258,0.308004677,0,2.494432258,0,12845.40323,13609.40323,47.937,49.375,48.625,48.10467742,47.75,1037.981613,462.0012903,0,1786554839,0,0,--:--:--,1786208397,1786459371,0,-2.566,-0.971,-41.229,-4.451,412,17,0.91,0.28,-1.326241108,21.71449288,2.540618617,0,2.511694118,-0.307669971,0.241845977,1,4.7702145,1.356541463,0.139351925,0,1,3,1/3,2.93384,2.76428,0.10167,0.0943167,0.142184,0.112892,27860.9,18540.5,31796.9,22303.5,36779.2,26876.8,45728.6,32607.6,1.60415,2.63318,0.134252,0,32.9382,999.9,40.3,40.9,30.8997,61.6077,96.9231,3,0.381626,0,20.3108,5.21624,12.0339,4.95965,3.301,7720.1,9999,9999,157.5,4.97306,1.87559,1.88169,1.88117,1.87878,1.87454,1.87454,1.87685,0,0,0,0,11111111,oooooooo,on,on,on,on,0,100,100,-41.229,-4.451,-41.229,0,0,0,-4.451,0,0,0,-1,-1,-1,-1,5775.1,1592.2,0.152588,4.99878,2.89795,2.89429,2.99805,2.31323,42.8315,14.8763,2,377.717,1356.67,34.1527,32.4375,29.9998,32.1667,32.0277,-1,40,10,-999.9,400,20,100.003,85.6812
74,1786555023,9068.5,20260812 12:17:03,12:17:03,15,1786555015,0.002535396,2.535396445,4.693622953,372.8420667,271.3547021,27.55119525,37.85541396,0.088103186,2.954371021,0.086669182,0.054295134,266.1520826,36.31599622,35.20292,5.712153093,49.60553902,2.867455563,5.780514878,2.844697529,-111.8109832,34.29478827,2.719190471,191.3550781,5.731444528,2.550540938,4.693622953,394.9208329,384.9504364,0.244794203,66.72362663,2.535396445,24.2261507,28.30555515,0.010745706,78.43,0,0,1,0,52165.40901,1500.001,1273.86194,0.849240727,0.177434603,6,0.5,0: Broadleaf,2,TRUE,1786555015,372.8420667,384.1623,28.24188,24.04319,414.0710667,32.69288,354.1831667,101.4320333,0.100002187,35.41823667,35.20292,999.9,0,0,9998.993333,0,137.4905333,-11.320293,383.6778667,393.6267667,4.198689,384.1623,24.04319,2.864633667,2.438752333,23.26133667,20.62319667,1500.001,0.6919762,0.3080238,0,2.553096667,0,12832.39667,13609.49333,47.8309,49.375,48.562,48.062,47.67873333,1037.964333,462.0366667,0,1786554959,0,0,--:--:--,1786208397,1786459371,0,-2.566,-0.971,-41.229,-4.451,412,17,0.91,0.28,-9.7419415,-34.49097321,3.415521312,0,2.541558824,0.180268902,0.263397745,1,4.23188825,-1.038463002,0.107530704,0,1,3,1/3,2.93324,2.76413,0.100844,0.0959084,0.143345,0.117058,27889.4,18476.8,31799.8,22265.7,36729.6,26701.2,45729.7,32547.4,1.60265,2.63022,0.139832,0,32.9675,999.9,42,40.8,32.0352,62.0176,96.9231,3,0.375061,0,20.3106,5.21295,12.0338,4.9598,3.301,7720.1,9999,9999,157.5,4.97306,1.8756,1.88171,1.88118,1.87881,1.87455,1.87454,1.87689,0,0,0,0,11111111,oooooooo,on,on,on,on,0,100,100,-41.229,-4.451,-41.229,0,0,0,-4.451,0,0,0,-1,-1,-1,-1,5777.1,1594.2,0.152588,4.99878,2.89795,2.89429,2.99805,2.31567,42.6974,14.85,2,376.647,1351.13,34.1715,32.3676,30,32.111,31.9755,-1,40,10,-999.9,400,20,100.008,85.5284
75,1786555143,9188.5,20260812 12:19:03,12:19:03,15,1786555135,0.00266128,2.661279789,4.765911189,374.9374516,273.5373492,27.77127004,38.06606025,0.090104044,2.954985073,0.08860507,0.055510769,266.149852,36.29867929,35.2161871,5.716344913,48.30792671,2.794785454,5.78535583,2.921559459,-117.3624387,34.60400412,2.743517113,186.1349345,6.302658731,2.580549616,4.765911189,398.4684036,387.6121697,0.351291551,66.72362663,2.661279789,23.37811363,27.61778061,0.015295584,78.43,0,0,1,0,52180.16603,1500.001613,1273.861248,0.849239919,0.177433044,6,0.5,0: Broadleaf,2,TRUE,1786555135,374.9374516,387.2238065,27.52766452,23.2866871,416.1664839,31.97866452,355.0379355,101.4265161,0.099912039,35.4334,35.2161871,999.9,0,0,10003.02258,0,139.5288387,-12.28638968,385.550871,396.4561935,4.240982903,387.2238065,23.2866871,2.792034516,2.361886452,22.83705161,20.10464839,1500.001613,0.692002871,0.307997129,0,2.489345161,0,12831.62903,13609.5871,47.75,49.33841935,48.562,48.004,47.562,1038.005161,461.9964516,0,1786555079,0,0,--:--:--,1786208397,1786459371,0,-2.566,-0.971,-41.229,-4.451,412,17,0.91,0.28,-12.174117,-6.5357194,1.263662667,0,2.496738235,-0.689321613,0.184228003,1,4.29661675,-1.1730994,0.123251941,0,1,3,1/3,2.93339,2.76435,0.101337,0.0958755,0.141304,0.113615,27876.5,18503.6,31802.4,22297.1,36824.6,26847,45738.6,32597.9,1.6034,2.62967,0.149198,0,32.8063,999.9,40.6,40.7,30.802,61.7477,96.9231,3,0.374215,0,20.3107,5.21534,12.0338,4.9597,3.301,7720.1,9999,9999,157.5,4.97302,1.87558,1.8817,1.8811,1.87881,1.87454,1.87454,1.87688,0,0,0,0,11111111,oooooooo,on,on,on,on,0,100,100,-41.229,-4.451,-41.229,0,0,0,-4.451,0,0,0,-1,-1,-1,-1,5779.1,1596.2,0.152588,4.99878,2.89795,2.89307,2.99805,2.31934,42.537,14.8413,2,376.883,1349.88,34.1967,32.3344,30.0002,32.0803,31.9514,-1,40,10,-999.9,400,20,100.023,85.6562
76,1786555263,9308.5,20260812 12:21:03,12:21:03,15,1786555255,0.002696751,2.696751053,4.532373958,388.3748065,293.2736266,29.77436704,39.42943719,0.093089975,2.954454327,0.091490676,0.057323075,266.1487682,36.2816781,35.2048129,5.712751003,49.22191788,2.84639864,5.782786943,2.866352363,-118.9267214,35.12803895,2.785301454,185.1353872,3.465864425,2.682297147,4.532373958,406.6937874,398.8998848,-0.007962687,66.72362663,2.696751053,23.59498613,28.02882364,5.53885E-05,78.43,0,0,1,0,52166.40594,1500.000323,1273.85971,0.849239624,0.177432474,6,0.5,0: Broadleaf,2,TRUE,1786555255,388.3748065,396.0004839,28.03665484,23.62613548,429.6038387,32.48765484,354.6649677,101.4241935,0.099995287,35.42535484,35.2048129,999.9,0,0,10000.23903,0,138.3143548,-7.62564871,399.5777097,405.583,4.410519032,396.0004839,23.62613548,2.843593871,2.39626,23.13935806,20.33845161,1500.000323,0.692012097,0.307987903,0,2.482825806,0,12828.75806,13609.62258,47.687,49.308,48.514,47.937,47.504,1038.019032,461.9812903,0,1786555199,0,0,--:--:--,1786208397,1786459371,0,-2.566,-0.971,-41.229,-4.451,412,17,0.91,0.28,-7.30120025,-3.510668555,1.444858266,0,2.5364,-1.042080986,0.23024682,0,4.40563325,0.202567767,0.070284041,0,0,3,0/3,2.93388,2.76432,0.103289,0.0965914,0.142495,0.113687,27812.8,18485.8,31798.9,22293.4,36766.6,26839.3,45730.2,32591.2,1.6043,2.6312,0.150483,0,32.7728,999.9,41.2,40.7,31.2616,61.9877,96.9231,3,0.376385,0,20.3104,5.21564,12.0339,4.95975,3.301,7720.1,9999,9999,157.6,4.97306,1.87557,1.8817,1.88111,1.8788,1.87454,1.87454,1.87683,0,0,0,0,11111111,oooooooo,on,on,on,on,0,100,100,-41.229,-4.451,-41.229,0,0,0,-4.451,0,0,0,-1,-1,-1,-1,5781.1,1598.2,0.152588,4.99878,2.89795,2.89307,2.99805,2.33887,42.3772,14.815,2,377.383,1352.08,34.2036,32.3509,30.0001,32.0859,31.9542,-1,40,10,-999.9,400,20,100.008,85.6401