obs,time,elapsed,date,hhmmss,averaging,TIME,E,Emm,A,Ca,Ci,Pci,Pca,gsw,gbw,gtw,gtc,Rabs,TleafEB,TleafCnd,SVPleaf,RHcham,VPcham,SVPcham,VPDleaf,LatHFlux,SenHFlux,NetTherm,EBSum,Asty,Esty,Adyn,Crd,Csd,dCsd/dt,αVc,Edyn,Hr,Hs,dHs/dt,αVh,Leak,LeakPct,CorrFact,CorrFactPct,Fan,Qin,Qabs,alpha,convert,S,K,Geometry,Custom,UseDynamic,TIME,CO2_s,CO2_r,H2O_s,H2O_r,CO2_a,H2O_a,Flow,Pa,ΔPcham,Tair,Tleaf,Tleaf2,Offset,Offset2,Fan_speed,Qamb_in,Qamb_out,ΔCO2,CO2_s_d,CO2_r_d,ΔH2O,CO2_b,H2O_b,e_s,e_r,Td_s,Td_r,Q,f_red,f_blue,Tled,Pc,time,hhmmss,co2_t,h2o_t,count,co2_adj,h2o_adj,co2_match,h2o_match,co2_at,h2o_at,co2_cv,h2o_cv,ΔCO2:MN,ΔCO2:SLP,ΔCO2:SD,ΔCO2:OK,ΔH2O:MN,ΔH2O:SLP,ΔH2O:SD,ΔH2O:OK,Stable,Total,State,Vflow,VPchamber,abs_c_a,abs_c_b,abs_h_a,abs_h_b,Wc_s,Wc_r,Wco_s,Wco_r,Ww_s,Ww_r,Wwo_s,Wwo_r,Flow_s_v,Flow_r_v,Tleaf_mv,Tleaf2_mv,Tleaf_j,Tleaf2_j,Console_RH,Console_T,Console_H2O,Fan_%,Flow_%,Pump,Tchp_pwm,Txchg_pwm,diag_20v,diag_5_4v,diag_12v,diag_5va,diag_3_3vf,AccCO2_soda,AccH2O_des,AccH2O_hum,CO2_hrs,ADC_CH1,ADC_CH2,ADC_CH3,ADC_CH4,ADC_CH5,ADC_CH6,ADC_CH7,ADC_CH8,DAC_1,DAC_2,DAC_3,DAC_4,GPIO,GPIO_dir,excit_5v,power_12v,power_5v,ch1_pullup,AuxPower,MatchValveR,MatchValveS,MatchCO2,MatchH2O,cf_co2_a,cf_co2_b,cf_co2_c,cf_co2_d,cf_h2o_a,cf_h2o_b,cf_h2o_c,cf_h2o_d,co2_fit_low,co2_fit_high,h2o_fit_low,h2o_fit_high,co2_elapsed,h2o_elapsed,CO2_f,CO2_f_s,Pump_f,Pump_f_s,Pump_p,Pump_p_s,Tboard,V_system,DIAG,Flow_s,Flow_r,Txchg,Tirga,Tchopper,Ts,Tr,CO2_%,Desiccant_%,Humidifier_%,Txchg_sp,CO2_r_sp,H2O_r_sp,SS_s,SS_r
1,1784644851,0,20260721 10:40:50,10:40:50,15,1784644843,0.001788354,1.788353739,4.329227215,448.8896774,369.9187149,37.43361682,45.42501772,0.104176079,3.115115106,0.102278632,0.064091744,261.449124,29.65392524,29.00224839,4.02229605,58.60948364,2.308249433,3.938354835,1.714046617,-78.86639989,-61.12712691,-4.312373969,117.1432232,9.75736603,1.732346071,4.329227215,491.2056022,467.9332848,1.274978448,92.62443737,1.788353739,18.79662182,22.88517622,0.010066753,96.53661349,7,2,1,0,53116.6649,1499.995161,1273.855878,0.849239991,0.174299978,9,0.5,0: Broadleaf,2,TRUE,1784644843,448.8896774,474.1683871,22.81010323,18.74815806,451.8651613,22.51351613,375.0784194,101.0941935,0.099975103,28.63827097,29.00224839,999.9,0,0,9990.440323,696.1424839,0.218638,-25.27854839,459.3681613,483.2283871,4.061937097,474.1683871,18.74815806,2.305969032,1.89533129,19.71811613,16.59590968,1499.995161,0.69200029,0.30799971,30.13843871,28282.43548,1784644830,10:40:30,1784644819,1784644830,2,0.062,0.008,-2.978,0.17,453,19,0.09,0.02,-20.38566452,-85.66409098,9.838839598,0,3.336727729,10.1689291,1.372966272,0,0,2,0/2,2.63504,2.71248,0.104659,0.106988,0.113631,0.0996169,25125.5,24762.3,25532.3,25494.2,31270.9,31284.1,39235.1,38365,1.6825,2.1314,0.0671148,0,27.9333,999.9,79.9,27.9,29.8194,62.71,19.1787,1,0.159078,0,20.4253,5.22268,11.98,4.96955,3.29558,9099.6,9999,9999,222.2,4.97004,1.87529,1.87132,1.87439,1.87438,1.87241,1.87363,1.87491,0,0,0,0,11111111,oooooooo,on,on,on,on,0,100,100,-2.995,0.2991,-1.85027867,-0.002774575,7.27494E-07,-2.16226E-10,-0.083083531,-0.001584374,0.000939206,-5.31953E-06,23,2146,2,22,0.5,0.3,0.157471,4.99756,1.49902,2.29004,1.49902,2.34985,32.3549,15.8482,3,345.295,662.74,28.4221,29.3726,30.0006,29.207,29.2153,-1,40,10,-999.9,400,20,100.837,107.215
2,1784644977,126.5,20260721 10:42:57,10:42:57,15,1784644969,0.001588938,1.588938126,4.266527867,446.6956,356.4362133,36.07188434,45.2062709,0.088110481,3.115738165,0.086749285,0.05433885,261.4500356,29.86447737,29.17274333,4.06214955,57.01045308,2.266456814,3.975510966,1.795692735,-70.07217137,-62.57653848,-4.421039959,124.3802858,3.701412115,1.648535595,4.266527867,467.2659453,456.510703,0.032715394,92.62443737,1.588938126,18.52602988,22.3344,-0.00783321,96.53661349,4,1,1,0,53102.89028,1500.000333,1273.860274,0.849239994,0.174299985,9,0.5,0: Broadleaf,2,TRUE,1784644969,446.6956,457.3432,22.39548333,18.52874333,449.6661333,22.11190333,375.1103667,101.1015,0.100013743,28.80021,29.17274333,999.9,0,0,9992.576333,697.0288667,0.218638,-10.64749567,456.9288667,465.9770333,3.866753667,457.3432,18.52874333,2.264219,1.873283,19.42405667,16.41208333,1500.000333,0.6920002,0.3079998,31,28282.53667,1784644830,10:40:30,1784644819,1784644830,2,0.062,0.008,-2.978,0.17,453,19,0.09,0.02,-9.639418049,-19.56040746,2.042297238,0,3.888717561,-0.373124111,0.040013508,0,0,2,0/2,2.6349,2.71255,0.102689,0.103914,0.111675,0.0984657,25172.7,24838.2,25524.8,25485.2,31332.1,31314,39223.5,38352.5,1.68545,2.12915,0.0728965,0,27.9866,999.9,79.2,28.1,29.9011,62.07,19.4231,1,0.172091,0,20.4248,5.21729,11.98,4.96945,3.29538,9099.6,9999,9999,222.2,4.97002,1.87529,1.87132,1.87439,1.87435,1.8724,1.87363,1.87491,0,0,0,0,11111111,oooooooo,on,on,on,on,0,100,100,-2.97,0.2816,-1.85027867,-0.002774575,7.27494E-07,-2.16226E-10,-0.083083531,-0.001584374,0.000939206,-5.31953E-06,23,2146,2,22,2.6,2.5,0.157471,4.99756,1.49902,2.28882,1.4978,2.2644,32.5761,15.8482,3,347.599,662.87,28.6148,29.5415,30.0006,29.3775,29.3947,-1,40,10,-999.9,400,20,100.807,107.179
3,1784645097,246.5,20260721 10:44:57,10:44:57,15,1784645089,0.001332114,1.332114006,4.184393012,465.1472903,356.9824188,36.12810826,47.07484397,0.070751539,3.117554335,0.069871472,0.043747829,261.4496989,30.04153572,29.29123548,4.090049683,55.49007721,2.220729562,4.002030045,1.869320121,-58.74622765,-63.23795905,-4.47034228,134.9951699,-0.460818841,1.41695833,4.184393012,472.8670434,469.4544303,-0.685789555,92.62443737,1.332114006,18.57790161,21.84604685,-0.013697261,96.53661349,4,1,1,0,53125.2173,1499.99871,1273.858874,0.84923998,0.174299949,9,0.5,0: Broadleaf,2,TRUE,1784645089,465.1472903,465.623,21.94306452,18.61804516,468.1591935,21.67346774,375.1194194,101.1041613,0.100005532,28.91498387,29.29123548,999.9,0,0,10000.64548,697.7460968,0.218638,-0.475732726,475.5832581,474.4565161,3.32502,465.623,18.61804516,2.218534194,1.882362581,19.09675161,16.48801935,1499.99871,0.692000677,0.307999323,31,28282.5129,1784644830,10:40:30,1784644819,1784644830,2,0.062,0.008,-2.978,0.17,453,19,0.09,0.02,-0.565855434,-6.501076173,1.471406791,0,3.330358049,-0.110582509,0.012260075,0,0,2,0/2,2.6349,2.71259,0.104784,0.104174,0.109943,0.0983908,25108.9,24824,25520.3,25478.5,31389.1,31308.8,39216.4,38342.9,1.68477,2.12635,0.0807494,0,27.9866,999.9,78.8,28.3,30.0983,62.52,20,1,0.180897,0,20.4226,5.22088,11.98,4.96865,3.2953,9099.6,9999,9999,222.2,4.97,1.8753,1.87133,1.87439,1.87435,1.87239,1.87364,1.87486,0,0,0,0,11111111,oooooooo,on,on,on,on,0,100,100,-2.997,0.2665,-1.85027867,-0.002774575,7.27494E-07,-2.16226E-10,-0.083083531,-0.001584374,0.000939206,-5.31953E-06,23,2146,2,22,4.6,4.5,0.157471,4.99756,1.4978,2.28882,1.49902,2.32056,32.7758,15.8569,3,347.948,661.938,28.7377,29.6603,30.0005,29.5047,29.5244,-1,40,10,-999.9,400,20,100.789,107.151
4,1784645217,366.5,20260721 10:46:57,10:46:57,15,1784645209,0.001130734,1.130733819,3.960031386,461.6723871,337.253137,34.13455521,46.72745737,0.057228574,3.117948583,0.056651368,0.03545848,261.4493851,30.23609451,29.46612903,4.131535328,53.8743844,2.174294539,4.035859645,1.957240788,-49.86536143,-68.1944515,-4.827782363,138.5617899,4.718190113,1.138459414,3.960031386,485.8914378,473.4084424,0.281744496,92.62443737,1.130733819,18.84385962,21.4967,0.000171525,96.53661349,4,1,1,0,53109.04722,1499.996452,1273.856988,0.849240001,0.174300002,9,0.5,0: Broadleaf,2,TRUE,1784645209,461.6723871,474.2536452,21.48226774,18.80947419,464.6765806,21.22667742,375.1140645,101.1134516,0.100003381,29.06043871,29.46612903,999.9,0,0,10001.53548,698.2536452,0.218638,-12.58129484,471.8078065,483.3451935,2.672799677,474.2536452,18.80947419,2.172146129,1.901889677,18.75834516,16.65028065,1499.996452,0.691999968,0.308000032,31,28282.47742,1784644830,10:40:30,1784644819,1784644830,2,0.062,0.008,-2.978,0.17,453,19,0.09,0.02,-11.37355854,-25.37486969,2.858261259,0,2.706977073,-0.608598397,0.06236335,0,0,2,0/2,2.63444,2.71256,0.105513,0.106568,0.108725,0.0999124,25083.8,24753,25515.9,25474,31427.7,31250.4,39209.7,38336.3,1.68365,2.1232,0.0846609,0,28.0938,999.9,78.4,28.5,30.2921,62.73,20.1202,1,0.188056,0,20.4203,5.21849,11.98,4.9695,3.29553,9099.6,9999,9999,222.3,4.97001,1.87531,1.87134,1.87439,1.87438,1.8724,1.87364,1.87493,0,0,0,0,11111111,oooooooo,on,on,on,on,0,100,100,-3.007,0.2561,-1.85027867,-0.002774575,7.27494E-07,-2.16226E-10,-0.083083531,-0.001584374,0.000939206,-5.31953E-06,23,2146,2,22,6.6,6.5,0.157471,4.99756,1.4978,2.2876,1.4978,2.37061,32.9537,15.8569,3,347.978,660.489,28.8732,29.7613,30.0002,29.6123,29.636,-1,40,10,-999.9,400,20,100.772,107.132
5,1784645337,486.5,20260721 10:48:57,10:48:57,15,1784645329,0.001021569,1.021569158,3.806690807,463.9681935,329.5201068,33.35595488,46.96557756,0.050510682,3.119463657,0.050060678,0.03132802,261.4501506,30.37771841,29.586,4.160180767,53.13886628,2.15897967,4.062901264,2.001201097,-45.05119987,-68.9615977,-4.885422976,142.55193,3.223409258,1.078896731,3.806690807,481.7296193,473.4125818,-0.099825086,92.62443737,1.021569158,18.7845376,21.26670909,-0.008028308,96.53661349,3,1,1,0,53124.4051,1500.000323,1273.860312,0.849240025,0.174300063,9,0.5,0: Broadleaf,2,TRUE,1784645329,463.9681935,472.9035806,21.32834194,18.79483226,466.9775161,21.0773871,375.0911613,101.1259032,0.099952794,29.17594516,29.586,999.9,0,0,10007.25548,699.0041613,0.218638,-8.935351935,474.0795806,481.9619677,2.533515161,472.9035806,18.79483226,2.15684871,1.900644839,18.64531613,16.64004516,1500.000323,0.691999161,0.308000839,31,28282.52903,1784644830,10:40:30,1784644819,1784644830,2,0.062,0.008,-2.978,0.17,453,19,0.09,0.02,-8.510022195,-7.034776098,1.085074628,0,2.542167073,-0.185176934,0.021324601,0,0,2,0/2,2.63452,2.71269,0.105495,0.106157,0.107888,0.09922,25081.7,24760.8,25513.6,25470.6,31455,31270.9,39206.2,38331.7,1.68358,2.12178,0.0869408,0,28.1735,999.9,77.9,28.8,30.6229,62.31,19.3309,1,0.192998,0,20.419,5.21894,11.98,4.9685,3.29545,9099.6,9999,9999,222.3,4.97,1.87531,1.87134,1.87439,1.87436,1.8724,1.87364,1.87488,0,0,0,0,11111111,oooooooo,on,on,on,on,0,100,100,-3.008,0.249,-1.85027867,-0.002774575,7.27494E-07,-2.16226E-10,-0.083083531,-0.001584374,0.000939206,-5.31953E-06,23,2146,2,22,8.6,8.4,0.157471,4.99756,1.49902,2.2876,1.49902,2.28149,33.1322,15.8307,3,348.366,660.205,28.9984,29.8333,30.0003,29.6927,29.7188,-1,40,10,-999.9,400,20,100.763,107.119
6,1784645457,606.5,20260721 10:50:57,10:50:57,15,1784645449,0.000908583,0.908582575,3.64296579,468.6809355,321.5286577,32.54875152,47.44516219,0.043804312,3.117022866,0.043465174,0.027195985,261.4499598,30.49620886,29.69205161,4.185667992,52.29159451,2.1356302,4.084079325,2.050037793,-40.06849156,-71.60611587,-5.08167887,144.6936736,4.488133039,0.9179673,3.64296579,488.2949942,479.7018364,-0.031775988,92.62443737,0.908582575,18.96842802,21.10044266,0.000174938,96.53661349,3,1,1,0,53051.7039,1500,1273.859833,0.849239889,0.174299973,9,0.5,0: Broadleaf,2,TRUE,1784645449,468.6809355,480.4808065,21.09654839,18.94067419,471.7007097,20.85251613,375.1337742,101.1312258,0.100035377,29.26593871,29.69205161,999.9,0,0,9995.53129,699.5072903,0.219387355,-11.79994355,478.7815161,489.7570968,2.155867742,480.4808065,18.94067419,2.13351871,1.915493548,18.47166774,16.76255484,1500,0.691999968,0.307999903,31,28282.53226,1784644830,10:40:30,1784644819,1784644830,2,0.062,0.008,-2.978,0.17,453,19,0.09,0.02,-12.6321455,23.03257936,2.522181479,0,2.17705075,-0.447880188,0.044411102,0,0,2,0/2,2.63435,2.71264,0.10653,0.106973,0.107305,0.0999013,25051.7,24736.4,25512.7,25468.9,31474.9,31245,39204.7,38329.1,1.68307,2.11993,0.089623,0,28.2424,999.9,77.5,29,30.8215,62.88,19.2668,1,0.195661,0,20.4196,5.21744,11.98,4.96915,3.29555,9099.6,9999,9999,222.3,4.97001,1.87531,1.87134,1.87439,1.87438,1.87241,1.87365,1.87489,0,0,0,0,11111111,oooooooo,on,on,on,on,0,100,100,-3.021,0.2442,-1.85027867,-0.002774575,7.27494E-07,-2.16226E-10,-0.083083531,-0.001584374,0.000939206,-5.31953E-06,23,2146,2,22,10.6,10.4,0.15625,4.99756,1.49902,2.28638,1.49902,2.3584,33.3111,15.8307,3,348.402,659.246,29.0883,29.879,30.0003,29.7453,29.775,-1,40,10,-999.9,400,20,100.759,107.112
7,1784645577,726.5,20260721 10:52:57,10:52:57,15,1784645569,0.000826819,0.826819414,3.325802134,456.9995484,306.6480472,31.04245795,46.26277386,0.038982295,3.117162314,0.038713477,0.024219921,261.4504554,30.62744475,29.82157742,4.21698128,51.64046952,2.122636912,4.110413658,2.094344368,-36.46273617,-74.6657056,-5.304903696,145.0171099,3.736078597,0.863685031,3.325802134,473.8780941,466.8421273,-0.110543996,92.62443737,0.826819414,18.91589938,20.9211951,-0.006093489,96.53661349,3,1,1,0,53035.43179,1500.001613,1273.861477,0.849240072,0.174300116,9,0.5,0: Broadleaf,2,TRUE,1784645569,456.9995484,466.9103226,20.96813548,18.93939032,459.9932581,20.72789677,375.1174194,101.1315484,0.10000431,29.37727742,29.82157742,999.9,0,0,9996.139032,700.1361613,0.218638,-9.910822581,466.7872581,475.9241613,2.02874129,466.9103226,18.93939032,2.120540645,1.915369677,18.37430323,16.76153226,1500.001613,0.691998548,0.308001484,31,28282.55161,1784644830,10:40:30,1784644819,1784644830,2,0.062,0.008,-2.978,0.17,453,19,0.09,0.02,-9.93189375,7.648693846,1.643842326,0,2.01845525,0.216255647,0.021343677,0,0,2,0/2,2.63422,2.7125,0.104428,0.105523,0.106641,0.099512,25110.2,24775,25512.4,25467.3,31497.5,31257,39203.5,38327.3,1.68303,2.11865,0.0887737,0,28.3705,999.9,76.9,29.2,30.9361,63.09,20.2043,1,0.19766,0,20.4219,5.22118,11.98,4.9693,3.29528,9099.6,9999,9999,222.4,4.97,1.87531,1.87134,1.87439,1.87437,1.87241,1.87363,1.87485,0,0,0,0,11111111,oooooooo,on,on,on,on,0,100,100,-2.994,0.2388,-1.85027867,-0.002774575,7.27494E-07,-2.16226E-10,-0.083083531,-0.001584374,0.000939206,-5.31953E-06,23,2146,2,22,12.6,12.4,0.15625,4.99756,1.49902,2.28638,1.4978,2.30591,33.4456,15.8219,3,348.576,658.589,29.1831,29.9109,30.0003,29.7827,29.8142,-1,40,10,-999.9,400,20,100.757,107.106
8,1784645697,846.5,20260721 10:54:57,10:54:57,15,1784645689,0.000726652,0.726651737,3.132034,477.4485806,314.9037306,31.8782652,48.33296971,0.03383745,3.117851697,0.033634752,0.02103983,261.4496153,30.72152541,29.89163226,4.234002192,51.26127971,2.115559701,4.127013044,2.118442492,-32.04534159,-74.71475194,-5.310896429,149.3786253,1.304757235,0.734426554,3.132034,485.2559842,484.2207152,-0.66756065,92.62443737,0.726651737,19.20053339,20.9070042,4.97088E-05,96.53661349,3,1,1,0,53039.276,1499.998065,1273.858224,0.849239912,0.174299968,9,0.5,0: Broadleaf,2,TRUE,1784645689,477.4485806,481.4203548,20.89817742,19.1729129,480.4880645,20.66001935,375.1138065,101.1318065,0.099973626,29.44713871,29.89163226,999.9,0,0,9999.275806,700.2235806,0.218638,-3.971829116,487.6394516,490.8310323,1.725261935,481.4203548,19.1729129,2.11347,1.938990645,18.32106774,16.95473226,1499.998065,0.692000129,0.307999774,31,28282.49355,1784644830,10:40:30,1784644819,1784644830,2,0.062,0.008,-2.978,0.17,453,19,0.09,0.02,-4.615190844,21.43218084,3.192690341,0,1.743227073,-0.352287596,0.03721831,0,0,2,0/2,2.63422,2.71268,0.107213,0.106781,0.106595,0.100641,25028.7,24737.3,25509.1,25464.5,31495.6,31214.1,39198.6,38323,1.68305,2.1163,0.0927672,0,28.3972,999.9,76.7,29.3,31.0349,62.82,19.355,1,0.201435,0,20.4266,5.21729,11.98,4.96835,3.29542,9099.6,9999,9999,222.4,4.97002,1.87531,1.87134,1.87444,1.87432,1.87241,1.87363,1.87492,0,0,0,0,11111111,oooooooo,on,on,on,on,0,100,100,-3.032,0.2384,-1.85027867,-0.002774575,7.27494E-07,-2.16226E-10,-0.083083531,-0.001584374,0.000939206,-5.31953E-06,23,2146,2,22,14.6,14.4,0.15625,4.99756,1.49902,2.28516,1.4978,2.36694,33.6029,15.8219,3,348.83,657.088,29.2584,29.9565,30.0002,29.8287,29.8608,-1,40,10,-999.9,400,20,100.744,107.094
9,1784645817,966.5,20260721 10:56:57,10:56:57,15,1784645809,0.000652542,0.652541699,3.129189602,479.2689032,297.7375442,30.13986258,48.51621558,0.029951105,3.11602076,0.029792083,0.018634269,261.4499148,30.80750911,29.9780129,4.255072122,50.86858862,2.1075004,4.143029042,2.147571722,-28.77708891,-77.89738554,-5.544596471,149.2308439,1.944537588,0.647117369,3.129189602,494.778766,488.0366727,-0.092019927,92.62443737,0.652541699,19.29667488,20.82894895,6.59815E-05,96.53661349,3,1,1,0,52984.73033,1499.999032,1273.859249,0.849240047,0.174300056,9,0.5,0: Broadleaf,2,TRUE,1784645809,479.2689032,484.6782903,20.81900645,19.29877742,482.3124194,20.58317742,375.1280323,101.1296129,0.100020932,29.5143129,29.9780129,999.9,0,0,9991.094516,700.6382581,0.218638,-5.409433871,489.4589355,494.216129,1.520233226,484.6782903,19.29877742,2.105418387,1.951677419,18.26023548,17.05765484,1499.999032,0.691999355,0.308000677,31,28282.49032,1784644830,10:40:30,1784644819,1784644830,2,0.062,0.008,-2.978,0.17,453,19,0.09,0.02,-5.808163171,-5.091979443,1.920023628,0,1.524281707,-0.010954077,0.015423855,1,1,2,1/2,2.63426,2.71259,0.107878,0.108444,0.106309,0.101162,25008.6,24689.2,25507.8,25462.5,31504.3,31193.7,39196.5,38320.1,1.68353,2.11415,0.0972673,0,28.4045,999.9,76.3,29.5,31.2339,61.98,20.2804,1,0.203986,0,20.4258,5.22028,11.98,4.9685,3.29545,9099.6,9999,9999,222.4,4.97001,1.87531,1.87134,1.8744,1.87436,1.8724,1.87364,1.87487,0,0,0,0,11111111,oooooooo,on,on,on,on,0,100,100,-3.041,0.2361,-1.85027867,-0.002774575,7.27494E-07,-2.16226E-10,-0.083083531,-0.001584374,0.000939206,-5.31953E-06,23,2146,2,22,16.6,16.4,0.15625,4.99756,1.4978,2.28638,1.4978,2.35474,33.7381,15.8132,3,349.263,655.679,29.3289,29.9963,30.0001,29.8676,29.9003,-1,40,10,-999.9,400,20,100.739,107.086
10,1784645937,1086.5,20260721 10:58:57,10:58:57,15,1784645929,0.000597822,0.597821633,2.70313545,485.6467419,311.0600065,31.48687309,49.15931657,0.027066605,3.118659588,0.026936776,0.016847097,261.4500036,30.91982313,30.09471613,4.283683417,50.59029432,2.108085695,4.166976538,2.175597722,-26.363934,-80.7684658,-5.750260756,148.5673431,-1.687702853,0.653342285,2.70313545,486.3180152,489.4538242,-0.982768473,92.62443737,0.597821633,19.25029771,20.75142797,-0.009337278,96.53661349,3,1,1,0,53028.65952,1500,1273.860001,0.849240001,0.174300002,9,0.5,0: Broadleaf,2,TRUE,1784645929,485.6467419,482.3587097,20.82585806,19.29093548,488.7043548,20.58980968,375.1083548,101.1244839,0.099950106,29.61433226,30.09471613,999.9,0,0,10003.70645,701.1470645,0.218638,3.288016452,495.9759677,491.8471935,1.534902903,482.3587097,19.29093548,2.106002903,1.950786129,18.26462258,17.05034839,1500,0.691999968,0.308000032,31,28282.54194,1784644830,10:40:30,1784644819,1784644830,2,0.062,0.008,-2.978,0.17,453,19,0.09,0.02,2.151826849,19.76788074,2.83770952,0,1.498607805,0.565265854,0.057589879,0,0,2,0/2,2.63393,2.71276,0.108025,0.106597,0.105994,0.100593,25002.6,24738.4,25506.1,25460.7,31513.4,31211.5,39193.7,38317.7,1.68298,2.1133,0.0945404,0,28.5603,999.9,75.9,29.7,31.4323,61.74,20.2724,1,0.206778,0,20.4256,5.22148,11.98,4.96935,3.29518,9099.6,9999,9999,222.5,4.97002,1.87531,1.87134,1.87441,1.87439,1.87241,1.87366,1.87487,0,0,0,0,11111111,oooooooo,on,on,on,on,0,100,100,-3.043,0.2337,-1.85027867,-0.002774575,7.27494E-07,-2.16226E-10,-0.083083531,-0.001584374,0.000939206,-5.31953E-06,23,2146,2,22,18.6,18.4,0.15625,4.99756,1.49902,2.28516,1.4978,2.32544,33.8961,15.7957,3,349.194,655.37,29.4133,30.0343,30.0003,29.9048,29.9378,-1,40,10,-999.9,400,20,100.732,107.079
11,1784646057,1206.5,20260721 11:00:57,11:00:57,15,1784646049,0.000534073,0.53407327,2.839322664,481.5224194,275.5628309,27.89318301,48.74094566,0.023713358,3.117027714,0.023613589,0.014767422,261.4498567,31.05684578,30.23161935,4.317460571,50.06268684,2.100669112,4.196077447,2.21679146,-23.55263119,-83.42034674,-5.949759065,148.5271197,1.386368414,0.56773224,2.839322664,494.214544,489.8273758,-0.258172708,92.62443737,0.53407327,19.38132499,20.70545245,-0.00670561,96.53661349,2,1,1,0,52969.39777,1499.999032,1273.859188,0.849240007,0.174300017,9,0.5,0: Broadleaf,2,TRUE,1784646049,481.5224194,485.5045161,20.75296774,19.41911935,484.570871,20.5190871,375.1214194,101.1225806,0.100007755,29.73520323,30.23161935,999.9,0,0,9996.408065,701.366,0.218638,-3.982144194,491.7271935,495.1192258,1.333847419,485.5045161,19.41911935,2.098594516,1.963713226,18.20850968,17.15467419,1499.999032,0.691999774,0.308000226,31.25940645,28282.51935,1784644830,10:40:30,1784644819,1784644830,2,0.062,0.008,-2.978,0.17,453,19,0.09,0.02,-4.9176145,11.4782346,2.151661508,0,1.302756,0.604130206,0.060815773,0,0,2,0/2,2.63417,2.71247,0.108133,0.108141,0.105823,0.101247,24996.3,24691.5,25503,25456.6,31515.8,31184.1,39188.8,38312,1.68315,2.1108,0.09197,0,28.7501,999.9,75.4,29.9,31.5861,61.98,19.4071,1,0.211804,0,20.4254,5.22073,11.98,4.96915,3.2952,9099.6,9999,9999,222.5,4.97,1.87531,1.87134,1.87445,1.87439,1.8724,1.87364,1.87488,0,0,0,0,11111111,oooooooo,on,on,on,on,0,100,100,-3.044,0.2324,-1.85027867,-0.002774575,7.27494E-07,-2.16226E-10,-0.083083531,-0.001584374,0.000939206,-5.31953E-06,23,2146,2,22,20.6,20.4,0.15625,4.99756,1.49902,2.28516,1.4978,2.33032,34.0545,15.7869,3,349.564,653.825,29.5105,30.0941,30.0003,29.959,29.9918,-1,40,10,-999.9,400,20,100.719,107.063
12,1784646177,1326.5,20260721 11:02:57,11:02:57,15,1784646169,0.000480968,0.480967583,2.442572794,470.6754839,268.1890701,27.14521706,47.64022698,0.020770233,3.118932393,0.020693695,0.012940413,261.4499419,31.15920406,30.3433,4.345186388,49.01018311,2.067203526,4.217906147,2.277982862,-21.2106704,-87.08541592,-6.213574487,146.9402811,4.801529436,0.442849435,2.442572794,494.0786532,483.8731212,0.426690503,92.62443737,0.480967583,19.454636,20.48263217,0.009905022,96.53661349,2,1,1,0,52997.89304,1500,1273.859977,0.849239985,0.174299961,9,0.5,0: Broadleaf,2,TRUE,1784646169,470.6754839,482.6956129,20.42353871,19.38273548,473.6998065,20.19925806,375.1183548,101.1167419,0.099974497,29.82539032,30.3433,999.9,0,0,10005.72419,701.5960645,0.218638,-12.01998097,480.4888387,492.2366452,1.040795097,482.6956129,19.38273548,2.065160968,1.95991871,17.95296452,17.12405806,1500,0.692000516,0.307999484,32,28282.53548,1784644830,10:40:30,1784644819,1784644830,2,0.062,0.008,-2.978,0.17,453,19,0.09,0.02,-10.3063478,-25.80735909,3.07261447,0,1.092340537,-0.914426279,0.091536682,0,0,2,0/2,2.63382,2.71259,0.107204,0.10848,0.105029,0.101818,25017.8,24677.7,25498.7,25452.3,31539.2,31158.9,39182.5,38305.4,1.68257,2.108,0.0917688,0,28.8597,999.9,74.8,30.1,31.6989,61.77,19.9119,1,0.218641,0,20.4253,5.21819,11.98,4.96915,3.29523,9099.6,9999,9999,222.5,4.97,1.87531,1.87134,1.87449,1.87438,1.8724,1.87371,1.87489,0,0,0,0,11111111,oooooooo,on,on,on,on,0,100,100,-3.032,0.2262,-1.85027867,-0.002774575,7.27494E-07,-2.16226E-10,-0.083083531,-0.001584374,0.000939206,-5.31953E-06,23,2146,2,22,22.6,22.4,0.15625,4.99756,1.4978,2.28516,1.4978,2.3999,34.2133,15.8044,3,349.677,652.214,29.6123,30.1762,30.0004,30.0331,30.0627,-1,40,10,-999.9,400,20,100.703,107.044
13,1784646297,1446.5,20260721 11:04:57,11:04:57,15,1784646289,0.000444725,0.444725271,2.500395838,461.5911613,235.00709,23.78685449,46.72115122,0.018803864,3.117566933,0.018741082,0.011718799,261.4500798,31.28664561,30.46945806,4.376692862,48.29853164,2.051067644,4.246645962,2.325625218,-19.61238447,-88.39784825,-6.317611291,147.1222358,2.866657698,0.463879721,2.500395838,478.5190533,471.4077939,0.100404135,92.62443737,0.444725271,19.12668332,20.23298182,-0.005894163,96.53661349,2,1,1,0,52945.43233,1500.000645,1273.860573,0.849240016,0.174299978,9,0.5,0: Broadleaf,2,TRUE,1784646289,461.5911613,468.9828065,20.26394194,19.17351935,464.5951935,20.04427097,375.1130323,101.1176129,0.099990774,29.9435129,30.46945806,999.9,0,0,9999.372903,701.9641935,0.218638,-7.391545806,471.1383548,478.1505484,1.090421935,468.9828065,19.17351935,2.04904,1.938779677,17.82846774,16.95298065,1500.000645,0.692000387,0.307999645,32,28282.54194,1784644830,10:40:30,1784644819,1784644830,2,0.062,0.008,-2.978,0.17,453,19,0.09,0.02,-7.26057025,0.772033959,2.817919763,0,1.07924125,0.341807617,0.036765487,0,0,2,0/2,2.63385,2.71259,0.105159,0.106081,0.104095,0.100426,25070.9,24738.9,25494.7,25447.3,31567.3,31201.8,39176,38298.6,1.6821,2.1063,0.0923499,0,28.9712,999.9,73.8,30.3,31.635,62.04,19.5713,1,0.224723,0,20.4252,5.21999,11.98,4.9682,3.29535,9099.6,9999,9999,222.6,4.97001,1.87531,1.87134,1.87448,1.87439,1.87241,1.87366,1.87487,0,0,0,0,11111111,oooooooo,on,on,on,on,0,100,100,-3.005,0.2187,-1.85027867,-0.002774575,7.27494E-07,-2.16226E-10,-0.083083531,-0.001584374,0.000939206,-5.31953E-06,23,2146,2,22,24.6,24.4,0.15625,4.99756,1.49902,2.28394,1.4978,2.39258,34.3725,15.8044,3,349.815,651.516,29.7135,30.2514,30.0004,30.103,30.1306,-1,40,10,-999.9,400,20,100.687,107.024
14,1784646417,1566.5,20260721 11:06:57,11:06:57,15,1784646409,0.000418049,0.418049455,2.086890038,462.0949677,257.4881534,26.0631894,46.77368067,0.017542225,3.118223116,0.017487583,0.010934634,261.4501215,31.41991738,30.61462581,4.413192903,48.41218519,2.070959255,4.277764464,2.342233648,-18.43598097,-91.45110439,-6.543252159,145.019784,1.322941533,0.416022884,2.086890038,475.9841952,470.9325091,-0.005518749,92.62443737,0.418049455,19.44706236,20.43527063,-0.000554223,96.53661349,2,1,1,0,52938.57907,1500.000323,1273.8603,0.849240017,0.174300044,9,0.5,0: Broadleaf,2,TRUE,1784646409,462.0949677,465.7301935,20.45979355,19.48209355,465.1002258,20.23446774,375.1253226,101.1209355,0.0999908,30.07062903,30.61462581,999.9,0,0,10002.05484,702.1209355,0.218638,-3.635114139,471.7468065,474.9838065,0.977692774,465.7301935,19.48209355,2.068914516,1.970049355,17.98183226,17.20553871,1500.000323,0.691999419,0.308000581,32,28282.52581,1784644830,10:40:30,1784644819,1784644830,2,0.062,0.008,-2.978,0.17,453,19,0.09,0.02,-4.064723617,-2.245757459,2.228751871,0,0.939291293,0.68565092,0.070426162,0,0,2,0/2,2.63419,2.7127,0.105023,0.105053,0.104798,0.10104,25070.4,24762.8,25490.7,25442.8,31537.5,31174.8,39170,38291.9,1.6817,2.1041,0.0918508,0,29.1168,999.9,73.6,30.5,31.9118,62.49,19.7596,1,0.231126,0,20.4251,5.21729,11.98,4.9694,3.29548,9099.6,9999,9999,222.6,4.97,1.87531,1.87134,1.87453,1.87439,1.87241,1.87374,1.87487,0,0,0,0,11111111,oooooooo,on,on,on,on,0,100,100,-3.004,0.2245,-1.85027867,-0.002774575,7.27494E-07,-2.16226E-10,-0.083083531,-0.001584374,0.000939206,-5.31953E-06,23,2146,2,22,26.6,26.4,0.15625,4.99756,1.49902,2.28394,1.4978,2.25708,34.5321,15.7694,3,350.033,650.47,29.8293,30.336,30.0004,30.1813,30.2058,-1,40,10,-999.9,400,20,100.671,107.006
15,1784646537,1686.6,20260721 11:08:57,11:08:57,15,1784646529,0.000379932,0.379931631,1.905920509,456.7039032,245.7600125,24.87588908,46.22768173,0.015505069,3.11842822,0.015462367,0.009667806,261.4500434,31.52438479,30.69349032,4.433133036,47.08796313,2.025359342,4.301225212,2.407773694,-16.75498494,-88.69343225,-6.350991877,149.6506343,2.493943275,0.343877851,1.905920509,470.7886437,466.4584061,-0.033527807,92.62443737,0.379931631,19.25471457,20.06211818,0.008318453,96.53661349,2,1,1,0,52926.69816,1500.000645,1273.860445,0.849239931,0.174299954,9,0.5,0: Broadleaf,2,TRUE,1784646529,456.7039032,463.0641613,20.00942903,19.20090645,459.6969032,19.79706452,375.1253871,101.1202581,0.099988584,30.16593226,30.69349032,999.9,0,0,10003.0629,702.4317419,0.218638,-6.360369355,466.0288387,472.1294194,0.808517258,463.0641613,19.20090645,2.023360323,1.941601935,17.6283129,16.97586774,1500.000645,0.692000419,0.307999516,32,28282.56129,1784644830,10:40:30,1784644819,1784644830,2,0.062,0.008,-2.978,0.17,453,19,0.09,0.02,-7.054499268,14.854043,1.872610932,0,0.865505488,-0.935424753,0.094186699,0,0,2,0/2,2.63364,2.71256,0.104287,0.104543,0.103472,0.101163,25087.6,24772.3,25487.5,25438.3,31581,31165.6,39165.1,38286,1.68107,2.1017,0.0909232,0,29.2086,999.9,72.5,30.6,31.6138,62.4464,19.4712,1,0.236293,0,20.4254,5.22058,11.98,4.96915,3.29545,9099.6,9999,9999,222.6,4.96999,1.87532,1.87134,1.87453,1.87439,1.87241,1.87375,1.8749,0,0,0,0,11111111,oooooooo,on,on,on,on,0,100,100,-2.993,0.214,-1.85027867,-0.002774575,7.27494E-07,-2.16226E-10,-0.083083531,-0.001584374,0.000939206,-5.31953E-06,23,2146,2,22,28.6,28.5,0.15625,4.99756,1.49902,2.28394,1.4978,2.31934,34.6692,15.7694,3,350.088,649.174,29.9264,30.4078,30.0003,30.2493,30.2741,-1,40,10,-999.9,400,20,100.658,106.988
16,1784646657,1806.6,20260721 11:10:57,11:10:57,15,1784646649,0.000375108,0.375108048,1.854290716,444.7312903,234.9665084,23.7821676,45.01353897,0.015151082,3.117071041,0.015110288,0.009447586,261.4504987,31.5837593,30.75293548,4.448215006,46.71125373,2.015815383,4.315481222,2.432399622,-16.5422649,-88.94972809,-6.375808014,149.5826977,-0.17215391,0.411947214,1.854290716,454.5640587,451.4318727,-0.141695115,92.62443737,0.375108048,18.94828685,19.87156364,-0.00399227,96.53661349,1,0,1,0,52884.92725,1500.002903,1273.862425,0.849239973,0.174299995,9,0.5,0: Broadleaf,2,TRUE,1784646649,444.7312903,444.7578065,19.91614516,18.94747097,447.6972258,19.70642903,375.1194516,101.1151613,0.099976826,30.22362258,30.75293548,999.9,0,0,9997.340323,703.0467419,0.218638,-0.026527006,453.7687097,453.3475484,0.968675323,444.7578065,18.94747097,2.013825484,1.915878387,17.55343548,16.76572581,1500.002903,0.691999968,0.308,32,28282.57097,1784644830,10:40:30,1784644819,1784644830,2,0.062,0.008,-2.978,0.17,453,19,0.09,0.02,0.652432459,-17.62793533,2.267607522,0,1.010079829,-0.694171965,0.068884432,0,0,2,0/2,2.63364,2.71265,0.101758,0.101427,0.102737,0.0998601,25154.6,24854.5,25483.9,25434.4,31602.5,31206.3,39159.4,38280.3,1.68075,2.10015,0.091508,0,29.2799,999.9,71.5,30.8,31.539,62.4764,19.5713,1,0.241839,0,20.4251,5.21729,11.98,4.96895,3.29575,9099.6,9999,9999,222.7,4.97,1.87533,1.87136,1.87454,1.87439,1.87241,1.87369,1.87494,0,0,0,0,11111111,oooooooo,on,on,on,on,0,100,100,-2.96,0.2084,-1.85027867,-0.002774575,7.27494E-07,-2.16226E-10,-0.083083531,-0.001584374,0.000939206,-5.31953E-06,23,2146,2,22,30.6,30.5,0.15625,4.99756,1.49902,2.28394,1.4978,2.30835,34.8296,15.7606,3,350.271,648.573,29.9948,30.4725,30.0004,30.3142,30.3394,-1,40,10,-999.9,400,20,100.644,106.972
17,1784646777,1926.6,20260721 11:12:57,11:12:57,15,1784646769,0.00035042,0.350419721,1.707380943,431.6865161,220.8815814,22.3563144,43.69273081,0.013855957,3.120060097,0.013821863,0.00864172,261.450009,31.67133282,30.84076129,4.470579295,45.81145707,1.986394176,4.336020513,2.484185119,-15.45350971,-89.87606814,-6.441465321,149.6789658,2.899105439,0.286571143,1.707380943,446.6403716,441.6867333,0.07861982,92.62443737,0.350419721,18.98658112,19.70328951,0.010420396,96.53661349,1,0,1,0,52940.0224,1499.999677,1273.859677,0.849239967,0.174300043,9,0.5,0: Broadleaf,2,TRUE,1784646769,431.6865161,438.9390645,19.62568065,18.9516129,434.623129,19.42416452,375.1140645,101.1140645,0.099962745,30.30644839,30.84076129,999.9,0,0,10011.16452,703.3535161,0.218638,-7.252503871,440.3282258,447.4183548,0.674076,438.9390645,18.9516129,1.984430645,1.916273226,17.3206129,16.76894194,1499.999677,0.691999226,0.30800071,32,28282.50968,1784644830,10:40:30,1784644819,1784644830,2,0.062,0.008,-2.978,0.17,453,19,0.09,0.02,-6.803839756,-1.719335331,1.298449415,0,0.688837585,-0.179807937,0.039246604,0,0,2,0/2,2.63381,2.71272,0.100137,0.100671,0.102122,0.0997321,25194.8,24868.9,25479,25428,31618.2,31203.2,39151.6,38271.1,1.68015,2.0978,0.0944361,0,29.3077,999.9,70.4,31,31.4107,61.4564,19.5192,1,0.249754,0,20.4253,5.21924,11.98,4.96895,3.29568,9099.6,9999,9999,222.7,4.96999,1.87536,1.87139,1.87453,1.87439,1.87241,1.87378,1.87495,0,0,0,0,11111111,oooooooo,on,on,on,on,0,100,100,-2.939,0.2038,-1.85027867,-0.002774575,7.27494E-07,-2.16226E-10,-0.083083531,-0.001584374,0.000939206,-5.31953E-06,23,2146,2,22,32.6,32.5,0.15625,4.99756,1.4978,2.28271,1.4978,2.3584,34.9674,15.7519,3,350.429,647.49,30.0727,30.5605,30.0004,30.3997,30.423,-1,40,10,-999.9,400,20,100.624,106.946
18,1784646897,2046.6,20260721 11:14:57,11:14:57,15,1784646889,0.000341648,0.341648097,1.705646376,445.4833871,230.0234376,23.28236294,45.0906482,0.013550936,3.118666162,0.01351831,0.008451869,261.4502575,31.73196288,30.90148387,4.486099131,46.20501036,2.01012369,4.350445274,2.475975441,-15.06668106,-90.29963773,-6.478513344,149.6054254,2.779463787,0.349886685,1.705646376,463.4555717,456.2157939,0.310054383,92.62443737,0.341648097,19.03023869,19.83745944,-0.000364078,96.53661349,1,0,1,0,52897.54488,1500.00129,1273.861071,0.849239984,0.174300022,9,0.5,0: Broadleaf,2,TRUE,1784646889,445.4833871,452.5262258,19.85947742,19.03665484,448.4510968,19.65136452,375.1043226,101.1173871,0.099963545,30.3644129,30.90148387,999.9,0,0,10004.43871,703.8539032,0.218638,-7.042805161,454.5096452,461.308,0.822825871,452.5262258,19.03665484,2.008138387,1.924936452,17.50865484,16.84004194,1500.00129,0.691999613,0.308000355,32,28282.55161,1784644830,10:40:30,1784644819,1784644830,2,0.062,0.008,-2.978,0.17,453,19,0.09,0.02,-7.712939024,6.114469338,1.417015242,0,0.802173976,0.2635763,0.041107753,0,0,2,0/2,2.63349,2.71264,0.102552,0.102748,0.102584,0.100031,25123.2,24807,25475.3,25423.8,31597.4,31187.8,39145.8,38264.8,1.67965,2.09565,0.0984371,0,29.3127,999.9,70,31.2,31.5888,62.3264,19.7716,1,0.255404,0,20.4244,5.21744,11.9801,4.96785,3.2955,9099.6,9999,9999,222.7,4.97001,1.87537,1.87137,1.87454,1.87438,1.87241,1.87374,1.87495,0,0,0,0,11111111,oooooooo,on,on,on,on,0,100,100,-2.972,0.2075,-1.85027867,-0.002774575,7.27494E-07,-2.16226E-10,-0.083083531,-0.001584374,0.000939206,-5.31953E-06,23,2146,2,22,34.6,34.5,0.15625,4.99756,1.49902,2.28271,1.4978,2.27295,35.1286,15.7344,3,350.584,646.477,30.141,30.6369,30.0003,30.4756,30.4976,-1,40,10,-999.9,400,20,100.609,106.928
19,1784647017,2166.6,20260721 11:16:57,11:16:57,15,1784647009,0.000308408,0.308407533,1.707168184,468.5200968,234.0941976,23.69455546,47.42268509,0.012414681,3.118335518,0.012387288,0.007744511,261.4503156,31.74324924,30.87779355,4.480038644,46.91083578,2.041182877,4.351196996,2.438855767,-13.60077218,-85.80029016,-6.155732838,155.8935204,3.458504261,0.236674255,1.707168184,485.2873393,480.0347697,0.108623338,92.62443737,0.308407533,19.66309227,20.25755315,0.012653725,96.53661349,1,0,1,0,52889.33965,1500.000645,1273.860591,0.849240029,0.174300135,9,0.5,0: Broadleaf,2,TRUE,1784647009,468.5200968,477.083871,20.16619677,19.6098129,471.5394516,19.94933548,375.1210323,101.1180323,0.100006019,30.36742903,30.87779355,999.9,0,0,10002.85774,703.9704516,0.218638,-8.563895484,478.1627097,486.6264516,0.556382129,477.083871,19.6098129,2.039165806,1.982904194,17.75172258,17.3084,1500.000645,0.691998097,0.308001871,32,28282.50968,1784644830,10:40:30,1784644819,1784644830,2,0.062,0.008,-2.978,0.17,453,19,0.09,0.02,-8.809306585,12.49021986,1.983756496,0,0.570401415,-0.25353508,0.025356854,0,0,2,0/2,2.63376,2.71254,0.106446,0.106775,0.104105,0.102484,25010.7,24692.7,25472,25420.9,31539.9,31099.6,39140.9,38261.1,1.67955,2.09317,0.0979453,0,29.2975,999.9,70.5,31.3,31.9977,62.5363,19.7997,1,0.260183,0,20.4258,5.21864,11.98,4.96845,3.29525,9099.6,9999,9999,222.8,4.96999,1.87532,1.87135,1.87453,1.87439,1.87241,1.87372,1.87494,0,0,0,0,11111111,oooooooo,on,on,on,on,0,100,100,-3.023,0.2197,-1.85027867,-0.002774575,7.27494E-07,-2.16226E-10,-0.083083531,-0.001584374,0.000939206,-5.31953E-06,23,2146,2,22,36.6,36.5,0.15625,4.99756,1.4978,2.28271,1.4978,2.3999,35.2671,15.7431,3,350.87,645.077,30.1715,30.6985,30.0002,30.5394,30.5624,-1,40,10,-999.9,400,20,100.597,106.917
20,1784647137,2286.6,20260721 11:18:57,11:18:57,15,1784647129,0.000311795,0.31179509,1.73168736,459.3726129,222.0739483,22.47918655,46.49947795,0.012415775,3.117865937,0.012388373,0.00774519,261.449822,31.78973859,30.94205161,4.496493806,46.55081647,2.030997385,4.36296834,2.465496421,-13.75016345,-88.65954646,-6.365331011,152.6747811,2.879068097,0.306014863,1.73168736,476.841745,470.3027939,0.232725993,92.62443737,0.31179509,19.33738763,20.07047832,-5.5656E-06,96.53661349,1,0,1,0,52870.31784,1499.99871,1273.858772,0.849239912,0.174300031,9,0.5,0: Broadleaf,2,TRUE,1784647129,459.3726129,466.6172258,20.06440968,19.34496129,462.3715806,19.85046774,375.1309677,101.123871,0.100008387,30.4146,30.94205161,999.9,0,0,10000.12581,704.4237742,0.218638,-7.244672581,468.7784516,475.8220323,0.719442097,466.6172258,19.34496129,2.028989032,1.956237419,17.67239355,17.09449355,1499.99871,0.691999194,0.308000677,32,28282.48387,1784644830,10:40:30,1784644819,1784644830,2,0.062,0.008,-2.978,0.17,453,19,0.09,0.02,-7.618653171,5.368486829,1.036986462,0,0.712460195,0.181112111,0.018102235,0,0,2,0/2,2.63328,2.71255,0.104866,0.10539,0.103408,0.101064,25054,24729.1,25471.2,25419,31563.4,31146.6,39139.4,38258.2,1.67925,2.09253,0.103563,0,29.2673,999.9,69.7,31.5,31.9871,62.2663,20.5248,1,0.261939,0,20.4258,5.21789,11.98,4.9677,3.2954,9099.6,9999,9999,222.8,4.96998,1.87538,1.87138,1.87454,1.87439,1.87241,1.87375,1.87496,0,0,0,0,11111111,oooooooo,on,on,on,on,0,100,100,-3.002,0.2141,-1.85027867,-0.002774575,7.27494E-07,-2.16226E-10,-0.083083531,-0.001584374,0.000939206,-5.31953E-06,23,2146,2,22,38.6,38.5,0.15625,4.99756,1.49902,2.28271,1.4978,2.36816,35.4059,15.7344,3,350.905,644.922,30.2131,30.7276,30.0002,30.5738,30.5987,-1,40,10,-999.9,400,20,100.593,106.909
21,1784647257,2406.6,20260721 11:20:57,11:20:57,15,1784647249,0.000303114,0.303114367,1.838289058,452.0560645,191.1285337,19.34643229,45.75806591,0.011891612,3.117198362,0.011866467,0.007418797,261.449951,31.84830477,31.01160645,4.514364672,45.97008032,2.012125633,4.377033102,2.50223904,-13.3673436,-90.88219215,-6.530359172,150.6700561,1.186506992,0.316269548,1.838289058,467.8275062,460.9681152,0.238905022,92.62443737,0.303114367,19.17789869,19.8856042,0.000489766,96.53661349,1,0,1,0,52844.9588,1499.999677,1273.859691,0.849239977,0.174300005,9,0.5,0: Broadleaf,2,TRUE,1784647249,452.0560645,455.2456774,19.87832258,19.13462903,455.0386452,19.66968065,375.1335161,101.1220968,0.100007071,30.47081613,31.01160645,999.9,0,0,9997.23871,704.8514194,0.218638,-3.189488866,461.2245806,464.1267742,0.743692065,455.2456774,19.13462903,2.010136452,1.934931935,17.52440645,16.92161613,1499.999677,0.691999839,0.308000129,32,28282.5129,1784644830,10:40:30,1784644819,1784644830,2,0.062,0.008,-2.978,0.17,453,19,0.09,0.02,-0.05999646,-53.57201367,5.378419166,0,0.813147585,-1.15145561,0.114420638,0,0,2,0/2,2.63358,2.71261,0.103337,0.104177,0.102743,0.100804,25096.1,24761.3,25470.5,25417.8,31586,31154.2,39138.2,38256.5,1.6792,2.0914,0.101835,0,29.3616,999.9,69,31.6,31.8506,61.8764,19.6795,1,0.263577,0,20.4258,5.21759,11.98,4.96805,3.2952,9099.6,9999,9999,222.8,4.96999,1.87538,1.87135,1.87454,1.87439,1.87241,1.87367,1.87494,0,0,0,0,11111111,oooooooo,on,on,on,on,0,100,100,-2.983,0.2089,-1.85027867,-0.002774575,7.27494E-07,-2.16226E-10,-0.083083531,-0.001584374,0.000939206,-5.31953E-06,23,2146,2,22,40.6,40.5,0.15625,4.99756,1.49902,2.28271,1.4978,2.37183,35.5218,15.7256,3,351.021,644.301,30.2629,30.7477,30.0002,30.6008,30.6295,-1,40,10,-999.9,400,20,100.59,106.904
22,1784647377,2526.6,20260721 11:22:57,11:22:57,15,1784647369,0.000306025,0.306024884,1.581553895,430.8428387,201.9020617,20.43612675,43.6090587,0.011750676,3.117624417,0.011726126,0.00733103,261.4500998,31.87853738,31.0339871,4.520128118,44.77173839,1.963170499,4.384843139,2.556957619,-13.4956974,-89.42095485,-6.426181852,152.1072657,2.2231058,0.321710642,1.581553895,449.2386258,440.5465515,0.487930494,92.62443737,0.306024884,18.51857475,19.36555944,-0.012320234,96.53661349,1,0,1,0,52849.35718,1500.000968,1273.86087,0.849240032,0.174299954,9,0.5,0: Broadleaf,2,TRUE,1784647369,430.8428387,436.5090323,19.39546452,18.63859032,433.7774516,19.20038387,375.1268387,101.1180323,0.099986887,30.50196452,31.0339871,999.9,0,0,9999.595161,704.9633871,0.218638,-5.666155,439.3645161,444.7992581,0.756873194,436.5090323,18.63859032,1.961232903,1.884699032,17.13477097,16.50730968,1500.000968,0.692000806,0.307999258,32,28282.55161,1784644830,10:40:30,1784644819,1784644830,2,0.062,0.008,-2.978,0.17,453,19,0.09,0.02,-5.345487195,-14.23543771,4.021876998,0,0.732485244,0.768753847,0.11656135,0,0,2,0/2,2.63342,2.71252,0.0999345,0.101125,0.10083,0.0986378,25187.8,24841.8,25467.2,25413.9,31649.6,31225.3,39133.1,38251.2,1.6792,2.08995,0.103131,0,29.3622,999.9,67.1,31.8,31.3303,62.9264,19.5913,1,0.267472,0,20.4255,5.21819,11.9801,4.9677,3.29538,9099.6,9999,9999,222.9,4.96999,1.87542,1.8714,1.87454,1.87439,1.87241,1.87375,1.87493,0,0,0,0,11111111,oooooooo,on,on,on,on,0,100,100,-2.938,0.1943,-1.85027867,-0.002774575,7.27494E-07,-2.16226E-10,-0.083083531,-0.001584374,0.000939206,-5.31953E-06,23,2146,2,22,42.6,42.5,0.15625,4.99756,1.4978,2.28271,1.4978,2.34131,35.638,15.7256,3,351.23,643.502,30.2888,30.7867,30.0003,30.6407,30.6694,-1,40,10,-999.9,400,20,100.577,106.889
23,1784647497,2646.6,20260721 11:24:57,11:24:57,15,1784647489,0.000296963,0.296963292,1.604899641,455.7588065,219.4653901,22.21289746,46.12902121,0.011566408,3.118244152,0.011542626,0.007216274,261.4503355,31.84313561,30.99015161,4.50884565,45.44537342,1.988447343,4.375467056,2.520398308,-13.09608116,-88.35685612,-6.345902694,153.6514955,3.407866597,0.225219235,1.604899641,473.9130129,467.3864606,0.262975568,92.62443737,0.296963292,19.14809286,19.72914196,0.011385884,96.53661349,0,0,1,0,52870.19272,1500.001613,1273.861354,0.849239989,0.174300036,9,0.5,0: Broadleaf,2,TRUE,1784647489,455.7588065,464.1812581,19.64603548,19.11630323,458.7497097,19.44394194,375.1236774,101.1137097,0.099959826,30.46456452,30.99015161,999.9,0,0,10002.86613,705.0890968,0.218638,-8.422492258,464.8921613,473.2276452,0.529737419,464.1812581,19.11630323,1.986485484,1.93292129,17.33696774,16.90527742,1500.001613,0.691999419,0.308000548,32,28282.54516,1784644830,10:40:30,1784644819,1784644830,2,0.062,0.008,-2.978,0.17,453,19,0.09,0.02,-9.681796585,25.24916592,2.622589962,0,0.522761976,0.16828478,0.019876205,0,0,2,0/2,2.63292,2.71272,0.104355,0.104354,0.102152,0.100468,25060.9,24749,25464.1,25410.5,31599.2,31157.6,39128.2,38246.1,1.67875,2.08827,0.104345,0,29.2811,999.9,67.1,31.9,31.5052,63.0464,20.8173,1,0.271705,0,20.4256,5.21849,11.98,4.96935,3.29563,9099.6,9999,9999,222.9,4.96999,1.8754,1.87137,1.87454,1.87439,1.87241,1.87378,1.87495,0,0,0,0,11111111,oooooooo,on,on,on,on,0,100,100,-2.996,0.2046,-1.85027867,-0.002774575,7.27494E-07,-2.16226E-10,-0.083083531,-0.001584374,0.000939206,-5.31953E-06,23,2146,2,22,44.6,44.5,0.15625,4.99756,1.49902,2.28149,1.49902,2.36572,35.7311,15.7081,3,351.26,642.566,30.2887,30.8348,30.0002,30.6883,30.7142,-1,40,10,-999.9,400,20,100.564,106.875
24,1784647617,2766.6,20260721 11:26:57,11:26:57,15,1784647609,0.000314833,0.314833442,1.654236838,461.428,232.3073839,23.51361842,46.70467953,0.012337681,3.118548332,0.012310628,0.007696568,261.4499927,31.88192708,31.03341935,4.519981834,45.93796491,2.014991631,4.386331948,2.504990203,-13.8841548,-88.35462829,-6.347837837,152.8633718,0.796040042,0.308678024,1.654236838,473.9506612,469.989297,-0.008598511,92.62443737,0.314833442,19.140211,19.88872797,-0.000795862,96.53661349,0,0,1,0,52869.80409,1500,1273.859997,0.849239998,0.174299995,9,0.5,0: Broadleaf,2,TRUE,1784647609,461.428,463.6795484,19.90750323,19.18167742,464.4315806,19.69802258,375.1309355,101.1177097,0.099987406,30.50789677,31.03341935,999.9,0,0,10003.86613,705.1966452,0.218638,-2.251518903,470.8004194,472.7476129,0.725822871,463.6795484,19.18167742,2.013000645,1.939607742,17.54696129,16.95970968,1500,0.692000065,0.307999935,32,28282.51935,1784644830,10:40:30,1784644819,1784644830,2,0.062,0.008,-2.978,0.17,453,19,0.09,0.02,-2.5854869,-1.135583707,1.365965536,0,0.70048825,0.569244405,0.057558377,0,0,2,0/2,2.63344,2.71268,0.104756,0.104152,0.10271,0.100313,25049.3,24753.7,25463.8,25409.6,31578.8,31161.9,39127.5,38244.9,1.67915,2.08773,0.106864,0,29.2952,999.9,67.1,32.1,31.8676,62.1763,19.7796,1,0.271999,0,20.4257,5.21864,11.98,4.96815,3.29548,9099.6,9999,9999,222.9,4.97001,1.87541,1.87143,1.87454,1.87439,1.87241,1.87378,1.87499,0,0,0,0,11111111,oooooooo,on,on,on,on,0,100,100,-3.002,0.2089,-1.85027867,-0.002774575,7.27494E-07,-2.16226E-10,-0.083083531,-0.001584374,0.000939206,-5.31953E-06,23,2146,2,22,46.6,46.5,0.15625,4.99756,1.4978,2.28149,1.4978,2.37915,35.8244,15.6993,3,351.553,642.301,30.2995,30.8485,30.0001,30.707,30.7328,-1,40,10,-999.9,400,20,100.563,106.871
25,1784647737,2886.6,20260721 11:28:57,11:28:57,15,1784647729,0.000298047,0.298046572,1.561862615,459.7638387,228.7758404,23.15630577,46.53652243,0.011549705,3.119573116,0.011526002,0.007205877,261.4496953,31.98035123,31.14602903,4.549077523,45.72593451,2.01660063,4.410190084,2.532476893,-13.14385381,-91.37459701,-6.5693757,150.3618688,5.125705945,0.306788336,1.561862615,483.8424869,474.1687939,0.592001439,92.62443737,0.298046572,19.21203914,19.91375804,-8.4539E-05,96.53661349,0,0,1,0,52877.13043,1499.998065,1273.858369,0.849240009,0.174300022,9,0.5,0: Broadleaf,2,TRUE,1784647729,459.7638387,472.4000968,19.92327742,19.20188065,462.763871,19.71336452,375.1174194,101.1183548,0.099963168,30.60272258,31.14602903,999.9,0,0,10008.50484,705.0946452,0.218638,-12.63621194,469.1101613,481.6487097,0.721403323,472.4000968,19.20188065,2.01460871,1.941662581,17.55961613,16.97645484,1499.998065,0.69199971,0.30800029,32,28282.49355,1784644830,10:40:30,1784644819,1784644830,2,0.062,0.008,-2.978,0.17,453,19,0.09,0.02,-13.07083732,7.054710105,1.279261744,0,0.734552829,-0.253875951,0.02533831,0,0,2,0/2,2.63337,2.71268,0.105482,0.105966,0.102801,0.100569,25028.8,24704,25463.7,25410.1,31575.5,31153.6,39127.2,38245.4,1.67943,2.08675,0.101037,0,29.4976,999.9,66.9,32.2,31.9514,61.5163,19.8798,1,0.272292,0,20.4255,5.21729,11.98,4.9677,3.29545,9099.6,9999,9999,223,4.97,1.87539,1.8714,1.87454,1.87439,1.87241,1.87378,1.87494,0,0,0,0,11111111,oooooooo,on,on,on,on,0,100,100,-3.011,0.2096,-1.85027867,-0.002774575,7.27494E-07,-2.16226E-10,-0.083083531,-0.001584374,0.000939206,-5.31953E-06,23,2146,2,22,48.6,48.5,0.15625,4.99756,1.49902,2.28149,1.4978,2.27173,35.8944,15.6818,3,351.756,641.674,30.3776,30.8619,30,30.7203,30.7514,-1,40,10,-999.9,400,20,100.562,106.873
26,1784647857,3006.6,20260721 11:30:57,11:30:57,15,1784647849,0.000288422,0.288421877,1.484076913,464.8811613,235.4642584,23.8327465,47.05340397,0.011073309,3.116991728,0.011051501,0.006909144,261.4499563,32.03439212,31.19827097,4.562630908,45.37260146,2.006822692,4.422983535,2.555808216,-12.71940476,-91.56406093,-6.591796368,150.5746942,0.989824517,0.305082565,1.484076913,477.272203,473.8545091,-0.021479385,92.62443737,0.288421877,19.11278244,19.80221329,-0.001081525,96.53661349,0,0,1,0,52808.2528,1500,1273.859869,0.849239913,0.174299971,9,0.5,0: Broadleaf,2,TRUE,1784647849,464.8811613,467.5962581,19.82713226,19.10968065,467.8926452,19.61994839,375.1197742,101.116,0.099983535,30.6533871,31.19827097,999.9,0,0,9996.893548,705.000129,0.218638,-2.715071819,474.285,476.706,0.717466,467.5962581,19.10968065,2.00484,1.932291935,17.48260968,16.90016452,1500,0.692000097,0.307999806,32,28282.52581,1784644830,10:40:30,1784644819,1784644830,2,0.062,0.008,-2.978,0.17,453,19,0.09,0.02,-2.2968234,-13.34102048,2.106512619,0,0.717402854,-0.190179199,0.031135419,0,0,2,0/2,2.63313,2.71242,0.1054,0.10542,0.102398,0.100449,25030.9,24718.8,25463.5,25409.8,31589.3,31157.3,39126.6,38244.9,1.67895,2.08577,0.103004,0,29.5159,999.9,66.4,32.3,31.8956,61.9663,19.8518,1,0.272703,0,20.4255,5.21954,11.9801,4.96855,3.29535,9099.6,9999,9999,223,4.97001,1.87545,1.87143,1.87454,1.87439,1.87241,1.87378,1.87495,0,0,0,0,11111111,oooooooo,on,on,on,on,0,100,100,-3.011,0.2065,-1.85027867,-0.002774575,7.27494E-07,-2.16226E-10,-0.083083531,-0.001584374,0.000939206,-5.31953E-06,23,2146,2,22,50.6,50.5,0.15625,4.99756,1.49902,2.28149,1.4978,2.27417,35.9879,15.6643,3,351.59,640.96,30.4372,30.8727,30.0001,30.7328,30.762,-1,40,10,-999.9,400,20,100.561,106.871
27,1784647977,3126.6,20260721 11:32:57,11:32:57,15,1784647969,0.000268743,0.268743142,1.536124635,471.459871,221.5260332,22.42240882,47.72019711,0.010446537,3.116927461,0.010427125,0.006518694,261.4500689,32.01571423,31.16613871,4.55429052,45.96769403,2.030408702,4.417034059,2.523881818,-11.85157257,-90.11919907,-6.486130141,152.9931671,2.698140361,0.289844479,1.536124635,487.8315696,482.4457939,0.164595436,92.62443737,0.268743142,19.28898733,20.01333357,-0.008971646,96.53661349,0,0,1,0,52810.8958,1500.000645,1273.86053,0.849239988,0.174299971,9,0.5,0: Broadleaf,2,TRUE,1784647969,471.459871,478.2615161,20.05977097,19.37828387,474.4859032,19.84595806,375.1020968,101.1179677,0.099972632,30.62984194,31.16613871,999.9,0,0,9996.404194,705.3772903,0.218638,-6.801633226,481.1108065,487.7124839,0.681481613,478.2615161,19.37828387,2.028403226,1.959492258,17.66779032,17.12059032,1500.000645,0.692000387,0.307999613,32,28282.54516,1784644830,10:40:30,1784644819,1784644830,2,0.062,0.008,-2.978,0.17,453,19,0.09,0.02,-7.055186585,7.712880627,1.328835818,0,0.631406439,1.140786105,0.116057411,0,0,2,0/2,2.63369,2.7126,0.106817,0.107196,0.103146,0.100829,24992,24669.8,25464.2,25409.8,31563.7,31144.3,39127.6,38244.9,1.67962,2.0854,0.105485,0,29.4448,999.9,66.3,32.4,32.0271,62.0863,19.8438,1,0.271529,0,20.425,5.21759,11.98,4.9674,3.29545,9099.6,9999,9999,223,4.97002,1.87538,1.87145,1.87454,1.87439,1.87241,1.87377,1.87493,0,0,0,0,11111111,oooooooo,on,on,on,on,0,100,100,-3.03,0.2123,-1.85027867,-0.002774575,7.27494E-07,-2.16226E-10,-0.083083531,-0.001584374,0.000939206,-5.31953E-06,23,2146,2,22,52.6,52.5,0.15625,4.99756,1.4978,2.28149,1.4978,2.38892,36.0582,15.6818,3,351.881,640.553,30.4437,30.8635,30,30.7257,30.7541,-1,40,10,-999.9,400,20,100.564,106.871
28,1784648098,3247,20260721 11:34:57,11:34:57,15,1784648090,0.000269201,0.269201249,1.404654713,440.0038065,206.9422558,20.94600518,44.53571832,0.010256985,3.118194242,0.010238277,0.006400601,261.4500217,32.08323657,31.25239355,4.576709276,45.14463515,2.001844936,4.434291981,2.57486434,-11.87177509,-93.18719373,-6.709331032,149.6817218,-1.917100652,0.321001509,1.404654713,443.6122377,444.548503,-0.442321486,92.62443737,0.269201249,19.0078987,19.72184266,-0.00784321,96.53661349,0,0,1,0,52828.44666,1500.000645,1273.860474,0.849239951,0.174299939,9,0.5,0: Broadleaf,2,TRUE,1784648090,440.0038065,435.7430323,19.77781935,19.02288065,442.959129,19.57200968,375.1132581,101.1166774,0.09998859,30.69806452,31.25239355,999.9,0,0,10002.34355,705.6066774,0.218638,4.260676516,448.8817742,444.193,0.754946258,435.7430323,19.02288065,1.999866452,1.923529355,17.44324839,16.82848065,1500.000645,0.69200071,0.307999258,32,28282.54194,1784644830,10:40:30,1784644819,1784644830,2,0.062,0.008,-2.978,0.17,453,19,0.09,0.02,5.112614683,-24.16802398,2.47571267,0,0.765857732,-0.509704348,0.06511674,0,0,2,0/2,2.63302,2.71256,0.100501,0.0997011,0.102109,0.100405,25170.5,24878.3,25465.9,25411.2,31601.5,31160.1,39129.6,38247.1,1.67985,2.08515,0.103302,0,29.588,999.9,65.7,32.6,32.0951,62.8063,20.4968,1,0.268656,0,20.4255,5.21924,11.98,4.96875,3.29535,9099.6,9999,9999,223.1,4.97,1.87543,1.87147,1.87454,1.87439,1.87241,1.87378,1.87497,0,0,0,0,11111111,oooooooo,on,on,on,on,0,100,100,-2.945,0.2043,-1.85027867,-0.002774575,7.27494E-07,-2.16226E-10,-0.083083531,-0.001584374,0.000939206,-5.31953E-06,23,2146,2,22,54.6,54.5,0.15625,4.99756,1.49902,2.28027,1.4978,2.32056,36.1285,15.6556,3,351.865,640.135,30.4663,30.835,30,30.7016,30.7354,-1,40,10,-999.9,400,20,100.569,106.877
29,1784648218,3367,20260721 11:36:57,11:36:57,15,1784648210,0.000260542,0.2605423,1.360533956,453.6415806,218.4298245,22.10855412,45.91570526,0.009865264,3.115748094,0.009847943,0.006156518,261.4497878,32.19488698,31.3636129,4.605758458,45.17208211,2.015528285,4.461889271,2.590230173,-11.48991541,-93.55137062,-6.748154396,149.6603474,2.223706327,0.232510272,1.360533956,468.2019653,463.8440485,0.104182104,92.62443737,0.2605423,19.40043332,19.95000629,0.006122618,96.53661349,0,0,1,0,52752.71012,1499.998387,1273.858658,0.849240018,0.174300046,9,0.5,0: Broadleaf,2,TRUE,1784648210,453.6415806,459.2297097,19.91317419,19.36644839,456.6276452,19.70353548,375.128129,101.1158065,0.100015058,30.80668065,31.3636129,999.9,0,0,9991.208065,705.3826774,0.218638,-5.588154194,462.8587097,468.2989677,0.546724935,459.2297097,19.36644839,2.013536129,1.958254516,17.55118387,17.11072258,1499.998387,0.691999387,0.308000613,32,28282.47419,1784644830,10:40:30,1784644819,1784644830,2,0.062,0.008,-2.978,0.17,453,19,0.09,0.02,-5.893532,7.318792795,0.895085221,0,0.566510325,-0.431545857,0.041612743,0,0,2,0/2,2.63344,2.71248,0.103751,0.104052,0.102944,0.101509,25076.6,24754.3,25463.1,25407.4,31568.6,31117.6,39125.1,38241.6,1.67995,2.08358,0.0987947,0,29.7694,999.9,65.6,32.7,32.2262,62.8663,20.0481,1,0.272322,0,20.4253,5.21879,11.9801,4.96885,3.29513,9099.6,9999,9999,223.1,4.97001,1.87543,1.87144,1.87454,1.87439,1.87241,1.87378,1.87495,0,0,0,0,11111111,oooooooo,on,on,on,on,0,100,100,-2.988,0.2108,-1.85027867,-0.002774575,7.27494E-07,-2.16226E-10,-0.083083531,-0.001584374,0.000939206,-5.31953E-06,23,2146,2,22,56.6,56.5,0.15625,4.99756,1.4978,2.28149,1.4978,2.39624,36.2459,15.6643,3,352.057,639.086,30.5496,30.8713,30.0002,30.729,30.7619,-1,40,10,-999.9,400,20,100.558,106.862
30,1784648338,3487,20260721 11:38:57,11:38:57,15,1784648330,0.000244253,0.244252616,1.261331417,458.7675806,226.7667781,22.95137462,46.432492,0.009289337,3.11919095,0.009273995,0.005797623,261.4499708,32.28110883,31.46723548,4.63296781,45.84610382,2.055403945,4.48326853,2.577563865,-10.77154036,-96.99790904,-6.995503201,146.6850182,-0.340746636,0.252214321,1.261331417,467.7892451,466.313097,-0.163099618,92.62443737,0.244252616,19.72964804,20.30321888,5.16275E-05,96.53661349,0,0,1,0,52818.04427,1500,1273.859875,0.849239917,0.174299981,9,0.5,0: Broadleaf,2,TRUE,1784648330,458.7675806,458.2276774,20.30803548,19.71522258,461.7651935,20.08709677,375.1320323,101.1113871,0.0999756,30.89042258,31.46723548,999.9,0,0,10007.44065,705.4755161,0.218638,0.539855774,468.2773226,467.4435484,0.592806742,458.2276774,19.71522258,2.053373871,1.993436452,17.86203548,17.39228387,1500,0.691999968,0.307999935,32.0914,28282.52258,1784644830,10:40:30,1784644819,1784644830,2,0.062,0.008,-2.978,0.17,453,19,0.09,0.02,1.383570975,-23.18440947,2.447288132,0,0.60254955,-0.202446034,0.021046783,0,0,2,0/2,2.63312,2.71254,0.104102,0.103762,0.104182,0.102491,25063.3,24758.6,25459.8,25403.8,31520.7,31079,39120.1,38236.3,1.67908,2.08205,0.0967458,0,29.9027,999.9,66,32.8,32.6078,62.2063,19.8998,1,0.277383,0,20.4254,5.21879,11.98,4.9684,3.2951,9099.6,9999,9999,223.1,4.97,1.87545,1.87145,1.87454,1.87439,1.87241,1.87378,1.87499,0,0,0,0,11111111,oooooooo,on,on,on,on,0,100,100,-2.994,0.2208,-1.85027867,-0.002774575,7.27494E-07,-2.16226E-10,-0.083083531,-0.001584374,0.000939206,-5.31953E-06,23,2146,2,22,58.6,58.5,0.15625,4.99756,1.49902,2.28027,1.4978,2.30469,36.3635,15.6293,3,351.879,638.258,30.6317,30.9312,30.0003,30.7765,30.8046,-1,40,10,-999.9,400,20,100.545,106.847
31,1784648458,3607,20260721 11:40:57,11:40:57,15,1784648450,0.000224828,0.224827607,1.156707034,474.7437742,244.9878257,24.79415281,48.04675354,0.008629983,3.118693864,0.008616738,0.00538665,261.4495175,32.38658928,31.57776774,4.6621457,46.7909584,2.109838813,4.50907373,2.552306887,-9.914897462,-98.6496997,-7.123176569,145.7617437,0.340597222,0.23311351,1.156707034,485.4283125,483.9191091,-0.134047528,92.62443737,0.224827607,20.3143135,20.84104965,0.000137252,96.53661349,0,0,1,0,52788.8982,1499.997419,1273.857758,0.849239966,0.174299978,9,0.5,0: Broadleaf,2,TRUE,1784648450,474.7437742,475.8264194,20.84704516,20.29943548,477.7772581,20.6103871,375.1365484,101.1056774,0.099975303,30.99103871,31.57776774,999.9,0,0,10005.72452,705.6157419,0.218638,-1.082693839,484.8514194,485.6856452,0.547613032,475.8264194,20.29943548,2.107755806,2.052390323,18.27791613,17.8543871,1499.997419,0.692000194,0.307999774,33,28282.48065,1784644830,10:40:30,1784644819,1784644830,2,0.062,0.008,-2.978,0.17,453,19,0.09,0.02,-0.920551902,-6.617073491,2.483883994,0,0.531394024,0.291834585,0.041953532,0,0,2,0/2,2.63294,2.71251,0.106923,0.10636,0.106076,0.104191,24980.6,24683.5,25456.2,25400.6,31449.4,31016.2,39114.6,38231.7,1.67913,2.08005,0.0938773,0,30.0516,999.9,66.8,32.9,33.1908,62.0863,20.6931,1,0.282111,0,20.4252,5.21759,11.98,4.9678,3.29515,9099.6,9999,9999,223.2,4.97001,1.87545,1.87147,1.87454,1.8744,1.87241,1.87378,1.87498,0,0,0,0,11111111,oooooooo,on,on,on,on,0,100,100,-3.031,0.2364,-1.85027867,-0.002774575,7.27494E-07,-2.16226E-10,-0.083083531,-0.001584374,0.000939206,-5.31953E-06,23,2146,2,22,60.6,60.5,0.15625,4.99756,1.49902,2.28027,1.4978,2.35474,36.5051,15.6293,3,352.184,637.102,30.7205,30.9933,30.0003,30.8301,30.8545,-1,40,10,-999.9,400,20,100.531,106.834
32,1784648578,3727,20260721 11:42:57,11:42:57,15,1784648570,0.000224431,0.224431494,1.03127314,468.748871,258.7433068,26.18440304,47.43662556,0.008490071,3.11640655,0.008477242,0.005299427,261.4500252,32.43767555,31.62324194,4.674196183,46.09671217,2.08447734,4.521965326,2.589718842,-9.897428868,-97.80395213,-7.070620495,146.6780237,-2.712156313,0.340349967,1.03127314,466.6597041,473.0830182,-0.906500015,92.62443737,0.224431494,19.73911937,20.45791888,-0.018601931,96.53661349,0,0,1,0,52726.94987,1500.000645,1273.860438,0.849239926,0.174299942,9,0.5,0: Broadleaf,2,TRUE,1784648570,468.748871,462.6246774,20.59793226,19.79819032,471.7688387,20.36859032,375.1279032,101.0983871,0.099991184,31.04111613,31.62324194,999.9,0,0,9995.950323,705.931,0.218638,6.124079355,478.6073871,471.9691613,0.799750581,462.6246774,19.79819032,2.08241871,2.001566452,18.08522581,17.45659677,1500.000645,0.692000581,0.307999355,33,28282.53226,1784644830,10:40:30,1784644819,1784644830,2,0.062,0.008,-2.978,0.17,453,19,0.09,0.02,6.44132125,5.38627666,2.174150687,0,0.747496925,0.771614803,0.102803526,0,0,2,0/2,2.63285,2.71257,0.10509,0.102823,0.10467,0.102266,25028.1,24776.2,25452.6,25395.7,31495,31077.4,39109.2,38224.7,1.67883,2.0788,0.095889,0,30.0745,999.9,65.8,33.1,33.0691,62.8963,20.3646,1,0.287866,0,20.4238,5.21729,11.98,4.96785,3.29503,9099.6,9999,9999,223.2,4.97,1.87546,1.87144,1.87454,1.87439,1.87241,1.87378,1.87499,0,0,0,0,11111111,oooooooo,on,on,on,on,0,100,100,-3.007,0.225,-1.85027867,-0.002774575,7.27494E-07,-2.16226E-10,-0.083083531,-0.001584374,0.000939206,-5.31953E-06,23,2146,2,22,62.6,62.5,0.15625,4.99756,1.49902,2.28027,1.4978,2.32056,36.6233,15.6205,3,352.357,636.682,30.7829,31.0589,30.0004,30.8913,30.9133,-1,40,10,-999.9,400,20,100.517,106.814
33,1784648698,3847,20260721 11:44:57,11:44:57,15,1784648690,0.000210138,0.210138492,1.085724278,466.0856452,227.8401878,23.05614793,47.16525072,0.007790361,3.118386278,0.007779565,0.004863197,261.4491855,32.56990146,31.75552581,4.709405224,45.38494619,2.067510663,4.555498764,2.641894561,-9.267107501,-98.30373334,-7.111414065,146.7669306,0.721222219,0.174714056,1.085724278,477.2085624,475.307897,-0.076773298,92.62443737,0.210138492,20.12721154,20.4966021,0.012102315,96.53661349,0,0,1,0,52750.32287,1499.995806,1273.856368,0.849239953,0.174299944,9,0.5,0: Broadleaf,2,TRUE,1784648690,466.0856452,468.0113871,20.43108065,20.02046774,469.0996129,20.20659355,375.1221935,101.0944194,0.099966723,31.17079677,31.75552581,999.9,0,0,10005.4271,705.9182903,0.218638,-1.925770903,475.8069355,477.5726452,0.410603419,468.0113871,20.02046774,2.065466452,2.023957742,17.95532258,17.63278387,1499.995806,0.692000645,0.307999323,33,28282.46452,1784644830,10:40:30,1784644819,1784644830,2,0.062,0.008,-2.978,0.17,453,19,0.09,0.02,-0.91153525,-16.14206889,1.866363251,0,0.4538445,-1.08057636,0.10755184,0,0,2,0/2,2.63269,2.71267,0.105507,0.105162,0.104833,0.104055,25010.4,24705.6,25446.8,25389.8,31482.4,31008.4,39100.5,38216.3,1.6784,2.07585,0.0958145,0,30.2176,999.9,65.7,33.2,33.2017,62.1463,20.8974,1,0.295569,0,20.4247,5.21744,11.98,4.9678,3.295,9099.6,9999,9999,223.2,4.97002,1.87546,1.87143,1.87454,1.87439,1.87242,1.87378,1.875,0,0,0,0,11111111,oooooooo,on,on,on,on,0,100,100,-3.013,0.2266,-1.85027867,-0.002774575,7.27494E-07,-2.16226E-10,-0.083083531,-0.001584374,0.000939206,-5.31953E-06,23,2146,2,22,64.7,64.5,0.15625,4.99756,1.49902,2.28027,1.4978,2.40723,36.7654,15.6293,3,352.576,635.061,30.8871,31.1492,30.0003,30.9728,30.9944,-1,40,10,-999.9,400,20,100.494,106.79
34,1784648818,3967,20260721 11:46:57,11:46:57,15,1784648810,0.000220339,0.22033887,1.073058161,431.5777097,199.9340069,20.23145083,43.6716262,0.007901858,3.115641845,0.007890742,0.004932711,261.4492038,32.67501559,31.86740645,4.739363698,43.81092963,2.007949443,4.583215787,2.731414255,-9.716944168,-99.11071266,-7.183833314,145.4377136,1.610164915,0.200324474,1.073058161,447.5317025,441.3625697,0.359329212,92.62443737,0.22033887,19.41928826,19.88071678,0.005516746,96.53661349,0,0,1,0,52668.11078,1499.995161,1273.85591,0.849240013,0.174300031,9,0.5,0: Broadleaf,2,TRUE,1784648810,431.5777097,435.6482903,19.84323226,19.37214516,434.5139032,19.63557742,375.1205484,101.0906452,0.099998432,31.27735806,31.86740645,999.9,0,0,9993.207419,706.1877419,0.218638,-4.070667371,440.3149355,444.2550968,0.471084452,435.6482903,19.37214516,2.005965484,1.958342903,17.49149677,17.11119032,1499.995161,0.691999581,0.308000419,33,28282.44194,1784644830,10:40:30,1784644819,1784644830,2,0.062,0.008,-2.978,0.17,453,19,0.09,0.02,-3.224983163,-28.59704311,3.465346418,0,0.5338116,-1.386626004,0.136141198,0,0,2,0/2,2.63272,2.71258,0.09992,0.101294,0.102607,0.102345,25162.1,24806.6,25442.6,25384.2,31555.5,31061.2,39093.5,38208.3,1.67768,2.07377,0.0883639,0,30.4554,999.9,64.4,33.3,32.7303,62.4163,20.1202,1,0.303415,0,20.4253,5.21729,11.98,4.96855,3.29505,9099.6,9999,9999,223.3,4.97001,1.87546,1.87147,1.87455,1.87439,1.87241,1.87378,1.87499,0,0,0,0,11111111,oooooooo,on,on,on,on,0,100,100,-2.939,0.2089,-1.85027867,-0.002774575,7.27494E-07,-2.16226E-10,-0.083083531,-0.001584374,0.000939206,-5.31953E-06,23,2146,2,22,66.7,66.5,0.15625,4.99756,1.49902,2.27905,1.4978,2.27173,36.908,15.5943,3,352.67,634.22,30.9934,31.2419,30.0005,31.0586,31.0791,-1,40,10,-999.9,400,20,100.477,106.767
35,1784648938,4087,20260721 11:48:57,11:48:57,15,1784648930,0.000201724,0.201724096,0.903096691,438.5666129,227.4934319,23.02110105,44.38056179,0.007363263,3.117149621,0.007353613,0.004596874,261.4500199,32.79915269,31.99993871,4.775066663,45.36182793,2.093306725,4.614687767,2.681759938,-8.896032619,-101.2110761,-7.341660399,144.0012508,1.693304239,0.313999917,0.903096691,452.781021,448.7949394,0.180083604,92.62443737,0.201724096,19.87667441,20.54866014,-0.019267235,96.53661349,0,0,1,0,52682.3354,1500.000323,1273.860222,0.849239965,0.174299976,9,0.5,0: Broadleaf,2,TRUE,1784648930,438.5666129,442.9594839,20.68595806,19.94820968,441.5186129,20.45403226,375.1334194,101.0945806,0.099993865,31.39767742,31.99993871,999.9,0,0,9999.736129,706.491,0.218638,-4.39292,447.8303548,451.9754516,0.737757129,442.9594839,19.94820968,2.091237097,2.016654839,18.1524871,17.57559032,1500.000323,0.692000226,0.307999742,33,28282.53548,1784644830,10:40:30,1784644819,1784644830,2,0.062,0.008,-2.978,0.17,453,19,0.09,0.02,-4.1607925,-5.421914071,1.242288025,0,0.73330775,0.09941946,0.017657737,1,1,2,1/2,2.63239,2.71265,0.101079,0.101606,0.104925,0.102812,25122.7,24790.5,25436,25376.9,31465.6,31036.4,39083.5,38197.7,1.67687,2.07177,0.0834465,0,30.6411,999.9,64.9,33.5,33.3551,61.9363,20.8133,1,0.313176,0,20.4255,5.21894,11.98,4.968,3.29508,9099.6,9999,9999,223.3,4.97002,1.87546,1.87144,1.87454,1.87439,1.87241,1.87377,1.87495,0,0,0,0,11111111,oooooooo,on,on,on,on,0,100,100,-2.955,0.2277,-1.85027867,-0.002774575,7.27494E-07,-2.16226E-10,-0.083083531,-0.001584374,0.000939206,-5.31953E-06,23,2146,2,22,68.7,68.5,0.155029,4.99756,1.49902,2.27905,1.4978,2.39746,37.027,15.603,3,352.838,633.633,31.1132,31.3562,30.0005,31.166,31.1817,-1,40,10,-999.9,400,20,100.451,106.737
36,1784649058,4207,20260721 11:50:57,11:50:57,15,1784649050,0.00020081,0.200810423,0.789553257,443.6269355,251.3036027,25.43231859,44.8957414,0.007156831,3.118369057,0.007147718,0.004468142,261.4498945,32.80792049,31.97364194,4.767963994,43.75345978,2.020126282,4.617066381,2.747837712,-8.855739649,-95.30581789,-6.91001368,150.3783233,2.551987957,0.14159351,0.789553257,462.4256554,455.5516667,0.501257182,92.62443737,0.200810423,19.69999963,20.04518671,0.012353419,96.53661349,0,0,1,0,52709.18994,1500,1273.859807,0.849239871,0.17429993,9,0.5,0: Broadleaf,2,TRUE,1784649050,443.6269355,449.9002903,19.9614129,19.6284871,446.5903871,19.75040645,375.1298065,101.1015806,0.099987184,31.40674194,31.97364194,999.9,0,0,10004.63935,707.0616452,0.218638,-6.273333613,452.6626774,458.9082903,0.332922871,449.9002903,19.6284871,2.018130323,1.98447129,17.58727419,17.32080968,1500,0.692000548,0.307999323,33,28282.52903,1784644830,10:40:30,1784644819,1784644830,2,0.062,0.008,-2.978,0.17,453,19,0.09,0.02,-4.198161456,-36.29192418,3.766815616,0,0.362796805,-0.5841743,0.060669449,0,0,2,0/2,2.63271,2.71267,0.102234,0.102764,0.103155,0.102613,25084.2,24751.5,25430.2,25370,31521.8,31035.3,39074.9,38187.7,1.67593,2.06912,0.0980869,0,30.3989,999.9,63.8,33.6,32.9712,62.5363,19.8678,1,0.32232,0,20.4223,5.21729,11.98,4.9679,3.29508,9099.6,9999,9999,223.3,4.97002,1.87546,1.87145,1.87454,1.87439,1.87241,1.87378,1.875,0,0,0,0,11111111,oooooooo,on,on,on,on,0,100,100,-2.97,0.2136,-1.85027867,-0.002774575,7.27494E-07,-2.16226E-10,-0.083083531,-0.001584374,0.000939206,-5.31953E-06,23,2146,2,22,70.7,70.5,0.155029,4.99756,1.49902,2.27905,1.4978,2.3291,37.1225,15.568,3,352.92,632.492,31.1486,31.4641,30.0003,31.271,31.2841,-1,40,10,-999.9,400,20,100.429,106.708
37,1784649178,4327,20260721 11:52:57,11:52:57,15,1784649170,0.000192645,0.192644742,0.680162501,455.1405806,281.1546225,28.45372171,46.06164148,0.006914364,3.118173221,0.006905857,0.004316924,261.4499364,32.82594366,31.9778,4.76908646,44.16386611,2.040925542,4.621256521,2.728160918,-8.495633106,-93.31617055,-6.766851883,152.8712809,0.027523349,0.196041028,0.680162501,462.6475266,463.1653273,-0.221378019,92.62443737,0.192644742,19.71094445,20.16383846,-3.3654E-06,96.53661349,0,0,1,0,52701.91873,1499.999677,1273.859648,0.849239948,0.174299995,9,0.5,0: Broadleaf,2,TRUE,1784649170,455.1405806,455.4206774,20.16662903,19.7057871,458.130129,19.94976129,375.1368387,101.1030968,0.100011545,31.4227,31.9778,999.9,0,0,10003.59065,707.1710968,0.218638,-0.280039432,464.5082581,464.5755484,0.460829452,455.4206774,19.7057871,2.038908065,1.992316452,17.74975806,17.38341613,1499.999677,0.691999871,0.308000065,33,28282.5129,1784644830,10:40:30,1784644819,1784644830,2,0.062,0.008,-2.978,0.17,453,19,0.09,0.02,-0.173526935,2.959684203,0.91792136,0,0.4686515,-0.163620203,0.015907444,0,0,2,0/2,2.63245,2.7126,0.103427,0.102945,0.10354,0.102303,25047.8,24743.3,25427.3,25366.9,31504.7,31043,39070.3,38183.8,1.6755,2.06792,0.100806,0,30.3434,999.9,63.4,33.7,32.9485,62.6563,19.9159,1,0.326697,0,20.4225,5.21804,11.9801,4.9678,3.29503,9099.6,9999,9999,223.4,4.97001,1.87546,1.87142,1.87455,1.8744,1.87241,1.87378,1.87497,0,0,0,0,11111111,oooooooo,on,on,on,on,0,100,100,-2.987,0.2168,-1.85027867,-0.002774575,7.27494E-07,-2.16226E-10,-0.083083531,-0.001584374,0.000939206,-5.31953E-06,23,2146,2,22,72.7,72.5,0.155029,4.99756,1.49902,2.27905,1.4978,2.31934,37.1941,15.5505,3,353.078,632.23,31.1818,31.5297,30.0003,31.3415,31.3543,-1,40,10,-999.9,400,20,100.417,106.697
38,1784649298,4447,20260721 11:54:57,11:54:57,15,1784649290,0.000196264,0.196264231,0.777314361,465.8977097,274.355782,27.76551692,47.15005694,0.007107608,3.119655767,0.007098624,0.004437446,261.4501524,32.83277525,31.99092903,4.772632143,44.75323884,2.069143193,4.623449044,2.70348895,-8.655252608,-94.16512239,-6.82589049,151.8038869,1.656854239,0.199787765,0.777314361,477.6568738,476.336697,-0.059117255,92.62443737,0.196264231,19.96204118,20.42570699,-0.000233457,96.53661349,0,0,1,0,52734.83729,1500.000645,1273.860564,0.849240011,0.174300027,9,0.5,0: Broadleaf,2,TRUE,1784649290,465.8977097,470.0962258,20.44555484,19.97601613,468.9114194,20.22064194,375.1185806,101.1026452,0.099949232,31.43104516,31.99092903,999.9,0,0,10010.43935,707.4895806,0.218638,-4.198453806,475.6220968,479.6783226,0.469540355,470.0962258,19.97601613,2.067101613,2.019629032,17.96790645,17.59905806,1500.000645,0.691999645,0.308000355,33,28282.53871,1784644830,10:40:30,1784644819,1784644830,2,0.062,0.008,-2.978,0.17,453,19,0.09,0.02,-4.198429683,7.815197937,2.513345886,0,0.458180829,0.196248564,0.019770871,0,0,2,0/2,2.63219,2.71264,0.105574,0.104978,0.104459,0.103033,24986.2,24686,25425.7,25365.8,31470.6,31016.4,39068.1,38182.1,1.67542,2.06685,0.106283,0,30.257,999.9,63.5,33.8,33.1843,62.2063,20.8774,1,0.328153,0,20.4224,5.21804,11.9812,4.96785,3.295,9099.6,9999,9999,223.4,4.97002,1.87546,1.87148,1.87454,1.87439,1.87241,1.87378,1.875,0,0,0,0,11111111,oooooooo,on,on,on,on,0,100,100,-3.015,0.2242,-1.85027867,-0.002774575,7.27494E-07,-2.16226E-10,-0.083083531,-0.001584374,0.000939206,-5.31953E-06,23,2146,2,22,74.7,74.5,0.155029,4.99756,1.4978,2.27905,1.4978,2.39258,37.2659,15.5592,3,353.234,631.76,31.2049,31.5573,30,31.3785,31.3953,-1,40,10,-999.9,400,20,100.411,106.692
39,1784649617,4766,20260721 12:00:16,12:00:16,15,1784649609,4.33211E-05,0.043321119,-0.041986632,455.8183871,478.5022369,48.42556288,46.1299034,0.0015344,3.11703338,0.001533981,0.000958776,261.4499275,32.91509919,32.03234516,4.783832203,43.62213974,2.021878181,4.634981669,2.761954023,-1.910461339,-93.67886325,-6.799207979,159.0613949,2.317195707,0.05757553,-0.041986632,474.6018089,468.8501939,0.593904452,92.63376989,0.043321119,19.89335496,19.99050545,0.000456654,96.81053259,0,0,1,0,52666.4475,1499.999355,1273.859468,0.849240011,0.174300027,9,0.5,0: Broadleaf,2,TRUE,1784649609,455.8183871,461.4405806,19.97856452,19.84319355,458.8093226,19.76707097,375.1375161,101.1023548,0.100020287,31.47488387,32.03234516,999.9,0,0,9998.433871,711.3687742,0.218638,-5.622283968,465.1106129,470.7826452,0.135371181,461.4405806,19.84319355,2.019880968,2.006193871,17.60104516,17.49323871,1499.999355,0.691999645,0.308000355,33,28282.50645,1784644830,10:40:30,1784644819,1784644830,2,0.062,0.008,-2.978,0.17,453,19,0.09,0.02,-3.618454634,-36.73063137,3.868868088,0,0.17204342,-0.698987528,0.071374938,0,0,2,0/2,2.6324,2.71249,0.104404,0.104849,0.102896,0.103185,25014,24683.8,25421.1,25360.1,31519.7,31004.9,39060.2,38174.4,1.68527,2.06332,0.0859797,0,30.6518,999.9,62.7,34.1,33.3218,62.4963,20.8413,1,0.333943,0,20.4231,5.21729,11.9809,4.9678,3.29513,9099.6,9999,9999,223.5,4.97003,1.87546,1.87149,1.87459,1.87442,1.87241,1.87378,1.87499,0,0,0,0,11111111,oooooooo,on,on,on,on,0,100,100,-3,0.212,-1.85027867,-0.002774575,7.27494E-07,-2.16226E-10,-0.083083531,-0.001584374,0.000939206,-5.31953E-06,23,2146,2,22,80,79.8,0.155029,4.99756,1.49902,2.27783,1.4978,2.39624,37.4098,15.5242,3,358.526,629.725,31.3712,31.6349,30.0002,31.4611,31.4834,-1,40,10,-999.9,400,20,100.392,106.67
40,1784649906,5055.6,20260721 12:05:06,12:05:06,15,1784649898,0.004003542,4.003541569,5.306832814,474.9723548,425.7589617,43.08550159,48.0657461,0.23958102,3.11687783,0.229800238,0.144470641,261.4494757,32.18934792,31.74214839,4.705834189,64.04986814,3.010010096,4.699478989,1.695824094,-176.5561832,-4.004161895,-0.290569276,80.59856135,5.993555078,4.030725399,5.306832814,504.5080705,490.836703,0.068534085,92.640295,4.003541569,20.36309773,29.69640909,-0.001315773,97.13512054,0,0,1,0,52620.6549,1499.997097,1273.857452,0.849239945,0.174299988,9,0.5,0: Broadleaf,2,TRUE,1784649898,474.9723548,493.9446452,29.74408387,20.36154194,477.6295161,29.4993871,375.1383871,101.0969355,0.099998626,31.71831935,31.74214839,999.9,0,0,9998.256129,705.5347097,0.218638,-18.97230968,489.5330323,504.2111935,9.382537097,493.9446452,20.36154194,3.007032903,2.058487419,24.0669,17.90152258,1499.997097,0.691999968,0.307999968,33.98923871,28282.46129,1784649822,12:03:41,1784649817,1784649822,3,0.376,-0.041,-2.625,0.186,463,21,0.36,0.01,-25.7597825,103.1812987,13.48499171,0,9.385862,-0.070473771,0.020523974,1,1,2,1/2,2.63213,2.71257,0.107154,0.108028,0.135893,0.104156,24931.5,24590.8,25415.7,25355,30343.3,30965.5,39051.8,38167,1.67295,2.06093,0.0532344,0,30.8846,999.9,63,34.3,33.8553,61.7563,20.7412,1,0.34095,0,20.4179,5.21714,11.9803,4.9677,3.29508,9099.6,9999,9999,223.6,4.97002,1.87546,1.87147,1.87455,1.87439,1.87241,1.87378,1.87496,0,0,0,0,11111111,oooooooo,on,on,on,on,0,100,100,-2.659,0.2447,-1.474359518,-0.002774575,7.27494E-07,-2.16226E-10,0.24469228,0,0,0,23,2146,2,22,1.5,1.4,0.155029,4.99756,1.49902,2.27661,1.4978,2.28271,37.4819,15.4454,3,352.957,628.631,31.5756,31.7376,30,31.5594,31.5707,-1,40,10,-999.9,400,20,100.37,106.649
41,1784650203,5352.1,20260721 12:10:02,12:10:02,15,1784650195,0.003179951,3.179951138,4.954674653,443.9775333,381.9683567,38.65554961,44.93093541,0.165811578,3.118054513,0.1610642,0.101080337,261.4496701,32.47670371,31.91094333,4.751066411,59.88030845,2.82783508,4.722479147,1.923231331,-140.2358452,-17.90551077,-1.300485978,102.0078281,2.693408684,3.171642044,4.954674653,462.1733809,453.7031939,-0.372334004,92.640295,3.179951138,20.5012423,27.92544424,-0.000749365,97.13512054,0,0,1,0,52633.12239,1499.998,1273.85827,0.849239979,0.174300012,9,0.5,0: Broadleaf,2,TRUE,1784650195,443.9775333,453.8182,27.94278,20.54582667,446.565,27.69809,375.1160333,101.1009667,0.09995463,31.80442667,31.91094333,999.9,0,0,10003.25667,705.8873333,0.218638,-9.840698,456.7399333,463.3379,7.396960333,453.8182,20.54582667,2.825043667,2.077203333,23.03115667,18.04539667,1499.998,0.691999733,0.308000233,34,28282.47667,1784649822,12:03:41,1784649817,1784649822,3,0.376,-0.041,-2.625,0.186,463,21,0.36,0.01,-11.69919975,24.54252642,3.293120506,0,7.36854325,0.537458949,0.056428518,0,0,2,0/2,2.63183,2.71265,0.101151,0.102011,0.130182,0.105063,25086.6,24744.2,25403.6,25342.7,30531.5,30917.5,39032.8,38147.2,1.67265,2.05697,0.0690669,0,30.802,999.9,62.8,34.5,34.1273,61.6463,19.0545,1,0.356011,0,20.4174,5.21699,11.9813,4.9678,3.29518,9099.6,9999,9999,223.6,4.96995,1.87546,1.87148,1.87457,1.87441,1.87244,1.87378,1.87498,0,0,0,0,11111111,oooooooo,on,on,on,on,0,100,100,-2.58,0.2447,-1.474359518,-0.002774575,7.27494E-07,-2.16226E-10,0.24469228,0,0,0,23,2146,2,22,6.4,6.3,0.155029,4.99756,1.49902,2.27661,1.4978,2.38403,37.5781,15.4542,3,353.62,626.961,31.6574,31.9114,30.0003,31.7159,31.7273,-1,40,10,-999.9,400,20,100.322,106.595
42,1784650323,5472.1,20260721 12:12:02,12:12:02,15,1784650315,0.003096507,3.096506997,3.612866148,422.7672581,372.3979221,37.68609476,42.78339379,0.157564366,3.116622036,0.153268999,0.096169293,261.4499111,32.49181623,31.9236871,4.75449669,59.01628466,2.786147578,4.720980987,1.968349112,-136.5559586,-20.97906743,-1.524473854,102.3904113,3.471162525,3.095235715,3.612866148,447.2620784,435.5211212,0.293814716,92.640295,3.096506997,20.41315401,27.56926727,0.006599943,97.13512054,0,0,1,0,52600.86473,1499.999677,1273.859713,0.849239991,0.174299978,9,0.5,0: Broadleaf,2,TRUE,1784650315,422.7672581,434.2346774,27.53152258,20.30994839,425.3067097,27.28682581,375.1283548,101.0984516,0.100004455,31.79882903,31.9236871,999.9,0,0,9996.932581,706.5115161,0.218638,-11.46744903,434.7362581,443.2371613,7.221574194,434.2346774,20.30994839,2.783395161,2.053304194,22.78593548,17.86113548,1499.999677,0.69200029,0.30799971,33.77553871,28282.52258,1784649822,12:03:41,1784649817,1784649822,3,0.376,-0.041,-2.625,0.186,463,21,0.36,0.01,-9.9596255,-39.87954191,4.373812381,0,7.249438,-1.199572683,0.130103606,0,0,2,0/2,2.63187,2.7126,0.0981263,0.0992491,0.129018,0.105319,25166.5,24815.6,25399.4,25338.2,30567.5,30903.1,39026,38140.7,1.67218,2.05502,0.0680983,0,30.8262,999.9,62.2,34.6,33.9887,61.9463,19.9038,1,0.363097,0,20.4184,5.21744,11.9816,4.9678,3.29508,9099.6,9999,9999,223.7,4.97,1.87546,1.87149,1.87456,1.8744,1.87243,1.87378,1.87498,0,0,0,0,11111111,oooooooo,on,on,on,on,0,100,100,-2.541,0.2447,-1.474359518,-0.002774575,7.27494E-07,-2.16226E-10,0.24469228,0,0,0,23,2146,2,22,8.4,8.3,0.155029,4.99756,1.4978,2.27783,1.4978,2.33398,37.6263,15.4367,3,353.779,626.139,31.6773,31.9895,30.0004,31.792,31.8049,-1,40,10,-999.9,400,20,100.304,106.576
43,1784650443,5592.1,20260721 12:14:02,12:14:02,15,1784650435,0.002648019,2.648018547,3.365938659,440.9787419,383.8864796,38.84410831,44.6210714,0.12736204,3.11592484,0.124539042,0.078085325,261.4497427,32.70318351,32.09155161,4.799882987,57.46235909,2.728436032,4.748214441,2.071446955,-116.7776179,-32.12049915,-2.337699943,110.2139257,4.629680879,2.711135631,3.365938659,463.552666,454.7446606,0.057149684,92.640295,2.648018547,20.63734564,26.90518848,-0.008315443,97.13512054,0,0,1,0,52566.95833,1499.99871,1273.85908,0.849240117,0.174299978,9,0.5,0: Broadleaf,2,TRUE,1784650435,440.9787419,454.9542581,26.96444194,20.63545161,443.5594839,26.71974839,375.1353871,101.0864194,0.100026068,31.90034194,32.09155161,999.9,0,0,9994.923548,706.6411935,0.218638,-13.97541226,453.1990323,464.540129,6.328988065,454.9542581,20.63545161,2.725737419,2.085961935,22.44109355,18.11237097,1499.99871,0.692000774,0.307999387,34,28282.51613,1784649822,12:03:41,1784649817,1784649822,3,0.376,-0.041,-2.625,0.186,463,21,0.36,0.01,-14.136067,13.99300008,1.990673788,0,6.34708825,-0.339122364,0.041414382,0,0,2,0/2,2.63181,2.71264,0.101361,0.10224,0.126757,0.105138,25068.2,24724.4,25391.8,25329.6,30639.7,30899.7,39014.8,38128.4,1.67055,2.0531,0.0691786,0,30.977,999.9,62.5,34.7,34.3454,62.6963,19.5833,1,0.37423,0,20.4185,5.21714,11.9815,4.96775,3.29503,9099.6,9999,9999,223.7,4.97,1.87546,1.87149,1.87456,1.8744,1.87241,1.87379,1.87496,0,0,0,0,11111111,oooooooo,on,on,on,on,0,100,100,-2.584,0.2447,-1.474359518,-0.002774575,7.27494E-07,-2.16226E-10,0.24469228,0,0,0,23,2146,2,22,10.4,10.3,0.155029,4.99756,1.4978,2.27661,1.4978,2.37305,37.6745,15.4192,3,353.55,625.655,31.7436,32.1125,30.0006,31.9026,31.9128,-1,40,10,-999.9,400,20,100.275,106.541
44,1784650563,5712.1,20260721 12:16:02,12:16:02,15,1784650555,0.002122815,2.122814892,3.076847002,438.2523226,370.1092368,37.44908618,44.34406754,0.093710137,3.116827217,0.092172584,0.057743907,261.4497896,32.8583735,32.17545806,4.822710195,54.20242166,2.577574965,4.755460892,2.24513523,-93.61613674,-41.70450919,-3.03599097,123.0931526,2.331735433,2.214223291,3.076847002,454.3813677,448.5164848,-0.169684614,92.640295,2.122814892,20.27708149,25.37412727,-0.012907694,97.13512054,0,0,1,0,52583.14878,1499.99871,1273.858872,0.849239979,0.17430001,9,0.5,0: Broadleaf,2,TRUE,1784650555,438.2523226,446.1748065,25.47416774,20.2971129,440.827,25.22947419,375.1237097,101.0839032,0.099970213,31.92726774,32.17545806,999.9,0,0,9999.312903,707.0103871,0.218638,-7.922455161,449.7083871,455.4185161,5.177055484,446.1748065,20.2971129,2.575028387,2.051711613,21.50862903,17.84912581,1499.99871,0.691999774,0.308000194,34,28282.49677,1784649822,12:03:41,1784649817,1784649822,3,0.376,-0.041,-2.625,0.186,463,21,0.36,0.01,-7.58793375,-4.789201463,1.158321816,0,5.189723,-0.248129381,0.02523026,0,0,2,0/2,2.63149,2.71266,0.100391,0.101346,0.121607,0.103869,25089.1,24742.5,25386.1,25323.3,30815.5,30936.6,39006,38119.6,1.66838,2.0514,0.0797212,0,30.8846,999.9,61.7,34.7,33.9075,61.9463,19.8558,1,0.382858,0,20.4185,5.21729,11.9845,4.96775,3.29515,9099.6,9999,9999,223.7,4.97002,1.87546,1.87149,1.87457,1.87442,1.87241,1.87378,1.87494,0,0,0,0,11111111,oooooooo,on,on,on,on,0,100,100,-2.572,0.2447,-1.474359518,-0.002774575,7.27494E-07,-2.16226E-10,0.24469228,0,0,0,23,2146,2,22,12.4,12.3,0.155029,4.99756,1.49902,2.27661,1.4978,2.41455,37.747,15.4016,3,353.035,625.317,31.8022,32.2281,30.0004,32.011,32.017,-1,40,10,-999.9,400,20,100.253,106.516
45,1784650683,5832.1,20260721 12:18:02,12:18:02,15,1784650675,0.001632585,1.632584995,2.887930347,432.4519677,348.3240073,35.24299949,43.75496422,0.067738707,3.115803311,0.066931089,0.041903689,261.4494087,33.06636053,32.31240645,4.860170763,51.92879338,2.481757275,4.779154518,2.378413488,-71.99699827,-49.94834064,-3.641338851,135.8627309,2.106800207,1.650595682,2.887930347,450.8202813,442.8694788,0.089007454,92.640295,1.632584995,20.7242534,24.54183515,0.000316199,97.13512054,0,0,1,0,52544.21468,1499.996774,1273.857249,0.849239992,0.174299981,9,0.5,0: Broadleaf,2,TRUE,1784650675,432.4519677,439.2192903,24.52843548,20.6653871,435.0133226,24.28373871,375.1178065,101.0788065,0.099977523,32.01505806,32.31240645,999.9,0,0,9995.11871,707.5873871,0.218638,-6.767372903,443.3260323,448.4876129,3.863046774,439.2192903,20.6653871,2.479304839,2.088832258,20.89127419,18.13417742,1499.996774,0.692000258,0.307999742,34,28282.47742,1784649822,12:03:41,1784649817,1784649822,3,0.376,-0.041,-2.625,0.186,463,21,0.36,0.01,-6.0268955,-26.38393711,2.869519919,0,3.914468,-1.180674822,0.117321973,0,0,2,0/2,2.63125,2.7126,0.0994823,0.100199,0.118777,0.10588,25109.6,24768.5,25381.5,25317.8,30910,30860.2,38998.6,38111.4,1.66663,2.04907,0.0816956,0,30.9983,999.9,62.1,34.8,34.3198,62.9663,19.6474,1,0.389893,0,20.4187,5.21684,11.981,4.96765,3.29508,9099.6,9999,9999,223.8,4.97001,1.87547,1.87149,1.8746,1.87439,1.87241,1.87378,1.875,0,0,0,0,11111111,oooooooo,on,on,on,on,0,100,100,-2.561,0.2447,-1.474359518,-0.002774575,7.27494E-07,-2.16226E-10,0.24469228,0,0,0,23,2146,2,22,14.4,14.3,0.155029,4.99756,1.49902,2.27783,1.4978,2.41089,37.8195,15.3929,3,352.648,624.34,31.8555,32.318,30.0002,32.1035,32.1104,-1,40,10,-999.9,400,20,100.234,106.493
46,1784650803,5952.1,20260721 12:20:02,12:20:02,15,1784650795,0.001356501,1.356500957,2.68718277,449.4638065,352.3322625,35.64790745,45.47538185,0.053658258,3.116906651,0.053150313,0.033264182,261.4497932,33.20187295,32.42687742,4.891676975,50.07678013,2.402522324,4.797677321,2.489154651,-59.82169221,-57.71315271,-4.209702011,139.7052463,5.285004513,1.377875022,2.68718277,477.8606275,464.4036909,0.698920743,92.640295,1.356500957,20.51518606,23.71582364,-0.00226039,97.13512054,0,0,1,0,52557.92408,1499.99871,1273.858911,0.849240005,0.174300012,9,0.5,0: Broadleaf,2,TRUE,1784650795,449.4638065,463.6293871,23.74574516,20.51845484,452.0638065,23.50104839,375.1260645,101.0769677,0.099992897,32.08342581,32.42687742,999.9,0,0,10000.36355,707.7229032,0.218638,-14.16542581,460.3963226,473.3416452,3.227290645,463.6293871,20.51845484,2.400146452,2.073942581,20.36477097,18.02043548,1499.99871,0.691999839,0.308000161,34,28282.48065,1784649822,12:03:41,1784649817,1784649822,3,0.376,-0.041,-2.625,0.186,463,21,0.36,0.01,-14.3882925,-5.119669418,1.796697151,0,3.23714975,-0.29675561,0.030827222,0,0,2,0/2,2.63137,2.7125,0.103158,0.104826,0.115902,0.105104,25003.4,24637.5,25378.1,25314.3,31008.3,30883.6,38993.6,38106.5,1.66545,2.0478,0.0875816,0,31.0008,999.9,61.6,34.9,34.233,62.0663,18.8982,1,0.395335,0,20.4177,5.21699,11.9824,4.96735,3.2951,9099.6,9999,9999,223.8,4.97002,1.87547,1.87149,1.87465,1.87441,1.87243,1.87378,1.87499,0,0,0,0,11111111,oooooooo,on,on,on,on,0,100,100,-2.609,0.2447,-1.474359518,-0.002774575,7.27494E-07,-2.16226E-10,0.24469228,0,0,0,23,2146,2,22,16.4,16.4,0.155029,4.99756,1.49902,2.27661,1.4978,2.32422,37.8921,15.3666,3,352.461,624.077,31.9321,32.3888,30.0002,32.1801,32.1879,-1,40,10,-999.9,400,20,100.221,106.479
47,1784650923,6072.1,20260721 12:22:02,12:22:02,15,1784650915,0.001139581,1.139580594,2.306285126,447.4598065,345.3714779,34.94083537,45.2689942,0.043512778,3.116368335,0.043178051,0.027016141,261.450058,33.30708032,32.49043548,4.909246896,48.52092503,2.334732629,4.811805685,2.574514267,-50.25550418,-59.64613546,-4.353920175,147.1944982,2.290279528,1.148110073,2.306285126,463.3555971,457.9501818,-0.024736879,92.640295,1.139580594,20.53257363,23.10766303,0.009305569,97.13512054,0,0,1,0,52536.34665,1500.000645,1273.860526,0.849239985,0.174299964,9,0.5,0: Broadleaf,2,TRUE,1784650915,447.4598065,454.1875484,23.07758387,20.38646452,450.0552903,22.83289677,375.1052581,101.0689032,0.099947132,32.13541935,32.49043548,999.9,0,0,9998.690968,708.0939677,0.218638,-6.727744194,458.03,463.6396452,2.691124194,454.1875484,20.38646452,2.332428065,2.060440323,19.90212258,17.91607097,1500.000645,0.692000484,0.307999516,34,28282.54839,1784649822,12:03:41,1784649817,1784649822,3,0.376,-0.041,-2.625,0.186,463,21,0.36,0.01,-5.070633583,-23.40647019,3.009502979,0,2.81409122,-2.512285714,0.250366209,0,0,2,0/2,2.63131,2.71271,0.10206,0.102928,0.11379,0.105409,25031.5,24686.4,25375.7,25311.1,31080,30869.2,38989.9,38101.9,1.66465,2.04645,0.0904128,0,31.0302,999.9,61.3,35,34.2569,62.7263,19.0946,1,0.39892,0,20.4188,5.21684,11.9822,4.96765,3.29508,9099.6,9999,9999,223.8,4.96997,1.87546,1.87149,1.87461,1.87443,1.87243,1.87379,1.87497,0,0,0,0,11111111,oooooooo,on,on,on,on,0,100,100,-2.596,0.2447,-1.474359518,-0.002774575,7.27494E-07,-2.16226E-10,0.24469228,0,0,0,23,2146,2,22,18.4,18.4,0.155029,4.99756,1.49902,2.27661,1.4978,2.3584,37.9649,15.3666,3,352.358,623.561,31.9737,32.4398,30.0003,32.237,32.2473,-1,40,10,-999.9,400,20,100.212,106.466
48,1784651043,6192.1,20260721 12:24:02,12:24:02,15,1784651035,0.000979075,0.979075187,1.998113933,466.5416129,361.8541569,36.60821907,47.19928525,0.036943315,3.117464892,0.036701812,0.022960199,261.4498893,33.37268437,32.54219355,4.923595388,48.17119482,2.321413214,4.819089962,2.602182174,-43.17721574,-63.8693845,-4.662358097,149.740931,0.527108,1.030993441,1.998113933,475.2411467,474.8952667,-0.462573214,92.640295,0.979075187,20.47967999,22.88312061,-0.010492115,97.13512054,0,0,1,0,52557.09041,1500.000323,1273.860207,0.849239955,0.174299889,9,0.5,0: Broadleaf,2,TRUE,1784651035,466.5416129,468.9602903,22.94602258,20.5292,469.1800323,22.70132903,375.1217097,101.0684516,0.099984265,32.16217419,32.54219355,999.9,0,0,10003.76839,708.4086774,0.218638,-2.418686355,477.4983871,478.7896452,2.416826452,468.9602903,20.5292,2.319118387,2.074852903,19.80980968,18.02739355,1500.000323,0.692001484,0.307998516,34,28282.54194,1784649822,12:03:41,1784649817,1784649822,3,0.376,-0.041,-2.625,0.186,463,21,0.36,0.01,-5.068602675,46.2628609,4.58880279,0,2.4028685,0.314985366,0.036143458,0,0,2,0/2,2.63134,2.71263,0.104807,0.103869,0.112952,0.104902,24954.2,24658.6,25375.1,25309.3,31109.2,30885,38988.9,38099.6,1.6645,2.04588,0.0939891,0,31.0221,999.9,61.2,35.1,34.3939,62.3063,19.6354,1,0.400986,0,20.4183,5.21699,11.9833,4.9678,3.29505,9099.6,9999,9999,223.9,4.96996,1.87549,1.87149,1.87464,1.87442,1.87242,1.87378,1.87498,0,0,0,0,11111111,oooooooo,on,on,on,on,0,100,100,-2.632,0.2447,-1.474359518,-0.002774575,7.27494E-07,-2.16226E-10,0.24469228,0,0,0,23,2146,2,22,20.4,20.4,0.155029,4.99756,1.49902,2.27539,1.4978,2.36572,38.0134,15.3491,3,352.488,623.508,32.0062,32.4728,30.0002,32.2768,32.2885,-1,40,10,-999.9,400,20,100.209,106.459
49,1784651163,6312.1,20260721 12:26:02,12:26:02,15,1784651155,0.000870375,0.870374737,1.707998629,451.185871,348.2357527,35.22999692,45.64516055,0.032108225,3.117327093,0.031925624,0.019969834,261.4498549,33.41680262,32.58099355,4.934375537,47.15244482,2.274567371,4.823858826,2.659808166,-38.38352592,-67.44680998,-4.925083804,150.6944352,0.54627692,0.877447932,1.707998629,458.9240736,459.5571758,-0.489852221,92.640295,0.870374737,20.54379626,22.49754121,0.008488056,97.13512054,0,0,1,0,52550.8617,1499.999355,1273.859477,0.849240016,0.174299978,9,0.5,0: Broadleaf,2,TRUE,1784651155,451.185871,453.4463548,22.48327419,20.42540323,453.7897419,22.23857742,375.1197419,101.0670968,0.099990871,32.17967097,32.58099355,999.9,0,0,10003.27,708.9451613,0.218638,-2.260453548,461.5633226,462.9009355,2.057869032,453.4463548,20.42540323,2.272317419,2.064333226,19.48147419,17.94633548,1499.999355,0.692000387,0.307999645,34,28282.49355,1784649822,12:03:41,1784649817,1784649822,3,0.376,-0.041,-2.625,0.186,463,21,0.36,0.01,-1.77029323,7.031799251,2.84392934,0,2.10722775,-1.53882833,0.157436967,0,0,2,0/2,2.63134,2.71266,0.102291,0.101284,0.111604,0.105154,25019.9,24726,25370.8,25305.6,31151.7,30871.7,38982.7,38094.3,1.6639,2.04457,0.0944361,0,31.0649,999.9,60.9,35.1,34.2258,63.2363,19.6635,1,0.405414,0,20.4166,5.21699,11.9821,4.96775,3.295,9099.6,9999,9999,223.9,4.96994,1.87547,1.87148,1.87462,1.8744,1.87243,1.87378,1.87493,0,0,0,0,11111111,oooooooo,on,on,on,on,0,100,100,-2.598,0.2447,-1.474359518,-0.002774575,7.27494E-07,-2.16226E-10,0.24469228,0,0,0,23,2146,2,22,22.4,22.4,0.155029,4.99756,1.49902,2.27661,1.4978,2.35718,38.0863,15.3404,3,352.436,622.937,32.0277,32.516,30.0003,32.3247,32.3387,-1,40,10,-999.9,400,20,100.193,106.444
50,1784651283,6432.5,20260721 12:28:03,12:28:03,15,1784651275,0.000766121,0.766120742,1.822064295,452.3321935,329.9068721,33.37678249,45.76259093,0.027846858,3.11613765,0.027709346,0.017330639,261.4504879,33.49690157,32.65002581,4.953606174,46.62598641,2.256070958,4.838655719,2.697535216,-33.78592473,-69.91393694,-5.110278448,152.6403478,3.868442459,0.766946653,1.822064295,473.8356223,465.6536788,0.378283244,92.640295,0.766120742,20.50709093,22.30389333,2.91976E-05,97.13512054,0,0,1,0,52514.09895,1500.002258,1273.861955,0.849240025,0.174300063,9,0.5,0: Broadleaf,2,TRUE,1784651275,452.3321935,462.4458065,22.29973226,20.50068387,454.9385806,22.05883226,375.1202903,101.0703226,0.099993358,32.23386452,32.65002581,999.9,0,0,9997.491935,709.0786129,0.218638,-10.11366,462.6490968,472.1247742,1.799057419,462.4458065,20.50068387,2.253837742,2.072007097,19.35022258,18.00560323,1500.002258,0.691999161,0.308000839,34,28282.56452,1784649822,12:03:41,1784649817,1784649822,3,0.376,-0.041,-2.625,0.186,463,21,0.36,0.01,-9.50339561,-8.436148641,1.55008265,0,1.798465366,-0.013672265,0.007166457,1,1,2,1/2,2.63121,2.71257,0.103378,0.104297,0.110907,0.104869,24986.3,24638.4,25367.7,25300.9,31172.8,30876,38977.9,38087,1.66335,2.04345,0.0953116,0,31.1074,999.9,60.6,35.2,34.242,62.2963,19.2348,1,0.410655,0,20.4181,5.21714,11.9827,4.9677,3.29508,9099.6,9999,9999,223.9,4.96995,1.87546,1.87149,1.87462,1.87444,1.87241,1.87378,1.87497,0,0,0,0,11111111,oooooooo,on,on,on,on,0,100,100,-2.614,0.241,-1.474359518,-0.002774575,7.27494E-07,-2.16226E-10,-0.124064303,-0.001584374,0.000939206,-5.31953E-06,23,2146,2,22,24.4,24.4,0.155029,4.99756,1.4978,2.27661,1.4978,2.38525,38.1593,15.3316,3,352.46,622.586,32.0712,32.5733,30.0002,32.3827,32.396,-1,40,10,-999.9,400,20,100.18,106.423
51,1784651403,6552.5,20260721 12:30:03,12:30:03,15,1784651395,0.000689824,0.689824115,1.628925605,448.9061935,326.1905096,33.0010666,45.41635258,0.024817684,3.115400019,0.024708373,0.015452514,261.4499129,33.46587772,32.5911,4.937186872,45.8534847,2.212430131,4.824998896,2.724756742,-30.42124347,-68.40039891,-4.998156888,157.6301136,-1.189549992,0.746945288,1.628925605,456.5066925,455.4997939,-0.303221592,92.640295,0.689824115,20.14130182,21.81511394,-0.005325224,97.13512054,0,0,1,0,52505.6646,1500.000645,1273.860468,0.849239947,0.174299867,9,0.5,0: Broadleaf,2,TRUE,1784651395,448.9061935,446.8567097,21.86819355,20.11532258,451.504871,21.64061613,375.1273548,101.071129,0.1000137,32.18385161,32.5911,999.9,0,0,9994.027419,709.4053226,0.218638,2.049585197,458.9425806,456.0299355,1.752877742,446.8567097,20.11532258,2.210242258,2.033078065,19.0367129,17.70427742,1500.000645,0.692001774,0.307998226,33.96102258,28282.56452,1784649822,12:03:41,1784649817,1784649822,3,0.376,-0.041,-2.625,0.186,463,21,0.36,0.01,1.321386058,-1.951553414,2.7856361,0,1.751706,-0.271977186,0.064369842,0,0,2,0/2,2.63118,2.71252,0.101666,0.101016,0.109214,0.103723,25032.4,24727,25366.3,25299.3,31230.4,30913.6,38975.3,38084.7,1.66313,2.04273,0.106886,0,30.8558,999.9,59.9,35.3,34.0346,62.8363,19.9479,1,0.412477,0,20.4184,5.21654,11.9831,4.9676,3.29505,9099.6,9999,9999,224,4.97002,1.87546,1.87149,1.87461,1.87448,1.87243,1.87378,1.87498,0,0,0,0,11111111,oooooooo,on,on,on,on,0,100,100,-2.591,0.2259,-1.474359518,-0.002774575,7.27494E-07,-2.16226E-10,-0.124064303,-0.001584374,0.000939206,-5.31953E-06,23,2146,2,22,26.4,26.4,0.155029,4.99756,1.4978,2.27539,1.4978,2.39624,38.208,15.3228,3,352.524,622.308,32.0564,32.604,30.0001,32.417,32.4278,-1,40,10,-999.9,400,20,100.174,106.417
52,1784651523,6672.5,20260721 12:32:03,12:32:03,15,1784651515,0.000641449,0.641449,1.393014524,438.5200323,323.1363863,32.69122017,44.36440937,0.022782975,3.116150385,0.022690839,0.014190021,261.4500706,33.47553788,32.60109355,4.939968171,45.20019102,2.1806757,4.824483372,2.759292471,-28.28790089,-70.413339,-5.144212438,157.6046183,1.767963257,0.657877305,1.393014524,453.2253328,448.7640182,0.106884985,92.640295,0.641449,20.01433606,21.52955818,-0.000910233,97.13512054,0,0,1,0,52523.28567,1499.999677,1273.859664,0.849239958,0.174300085,9,0.5,0: Broadleaf,2,TRUE,1784651515,438.5200323,443.4539032,21.55489032,20.01052581,441.0952258,21.33684516,375.1233226,101.0684839,0.100005845,32.18196129,32.60109355,999.9,0,0,9997.732258,709.5566129,0.218638,-4.933836774,448.1806129,452.5089355,1.54436871,443.4539032,20.01052581,2.17851871,2.02243129,18.80520645,17.62105484,1499.999677,0.691998581,0.308001323,33.61962903,28282.5,1784649822,12:03:41,1784649817,1784649822,3,0.376,-0.041,-2.625,0.186,463,21,0.36,0.01,-4.03077725,-16.86113167,1.713261403,0,1.53472825,0.05621955,0.029251966,1,1,2,1/2,2.6312,2.71257,0.10059,0.101071,0.108212,0.103135,25062.4,24725.3,25366.3,25299.2,31265.6,30934.1,38975.4,38085,1.66295,2.04255,0.105739,0,30.8897,999.9,59.3,35.3,33.6932,62.9863,18.9103,1,0.412193,0,20.418,5.21639,11.9825,4.96775,3.29503,9099.6,9999,9999,224,4.97002,1.87546,1.87149,1.87465,1.87444,1.87243,1.87378,1.87499,0,0,0,0,11111111,oooooooo,on,on,on,on,0,100,100,-2.577,0.2173,-1.474359518,-0.002774575,7.27494E-07,-2.16226E-10,-0.124064303,-0.001584374,0.000939206,-5.31953E-06,23,2146,2,22,28.4,28.4,0.155029,4.99756,1.49902,2.27539,1.4978,2.31934,38.2324,15.2966,3,352.481,622.309,32.0506,32.604,30,32.4257,32.4421,-1,40,10,-999.9,400,20,100.174,106.417
53,1784651643,6792.5,20260721 12:34:03,12:34:03,15,1784651635,0.000571182,0.571181683,1.321206259,454.8585161,332.5247952,33.64019188,46.01620083,0.020283666,3.117195078,0.020210625,0.012638181,261.4498822,33.56150715,32.70896129,4.970075684,45.68016115,2.2124729,4.843399944,2.757602784,-25.18911224,-76.92709074,-5.623095877,153.7105833,2.053572556,0.535832558,1.321206259,468.654275,465.8471939,-0.043693266,92.640295,0.571181683,20.71150466,21.92804121,0.012012027,97.13512054,0,0,1,0,52535.46969,1499.999032,1273.859236,0.849240039,0.174300034,9,0.5,0: Broadleaf,2,TRUE,1784651635,454.8585161,460.3702581,21.86973548,20.61226774,457.4705161,21.6421129,375.1210645,101.0659677,0.099997503,32.25120968,32.70896129,999.9,0,0,10002.77581,709.410129,0.218638,-5.511716452,465.0285484,470.0591613,1.257469032,460.3702581,20.61226774,2.210284839,2.083198065,19.03703548,18.09108065,1499.999032,0.691999645,0.308000387,34,28282.49355,1784649822,12:03:41,1784649817,1784649822,3,0.376,-0.041,-2.625,0.186,463,21,0.36,0.01,-4.1927401,-13.70977196,3.208746463,0,1.333446829,-1.372078328,0.141416061,0,0,2,0/2,2.63127,2.71255,0.103387,0.103397,0.109608,0.105602,24983.9,24661.3,25365.7,25299.2,31215.9,30848.5,38974.4,38084.5,1.66337,2.04145,0.101894,0,31.0694,999.9,60.1,35.4,34.3417,61.6363,18.9303,1,0.412886,0,20.4181,5.21714,11.9828,4.9678,3.295,9099.6,9999,9999,224,4.97001,1.87547,1.87149,1.87469,1.87446,1.87244,1.87379,1.875,0,0,0,0,11111111,oooooooo,on,on,on,on,0,100,100,-2.613,0.2296,-1.474359518,-0.002774575,7.27494E-07,-2.16226E-10,-0.124064303,-0.001584374,0.000939206,-5.31953E-06,23,2146,2,22,30.4,30.4,0.155029,4.99756,1.49902,2.27539,1.4978,2.33643,38.2812,15.2878,3,352.762,621.535,32.0923,32.6137,30.0001,32.4396,32.4564,-1,40,10,-999.9,400,20,100.172,106.416
54,1784651763,6912.5,20260721 12:36:03,12:36:03,15,1784651755,0.000516277,0.516276789,1.173680994,438.169129,317.364053,32.10572721,44.32681773,0.018178193,3.115461562,0.018119473,0.011329931,261.4498204,33.66068188,32.81643548,5.000232032,45.62914142,2.220653887,4.866744844,2.779578145,-22.76780642,-80.63633723,-5.903088036,152.1425887,3.504804274,0.479479044,1.173680994,458.5826887,451.2486909,0.453655004,92.640295,0.516276789,20.7984498,21.99154061,0.0017809,97.13512054,0,0,1,0,52480.70794,1499.999032,1273.859136,0.849239972,0.174299993,9,0.5,0: Broadleaf,2,TRUE,1784651755,438.169129,447.082129,21.95109032,20.82594839,440.7434839,21.72096452,375.1158387,101.0637419,0.099974977,32.33634516,32.81643548,999.9,0,0,9995.040323,709.4262903,0.218638,-8.912985161,448.0034516,456.5910645,1.125140323,447.082129,20.82594839,2.218459032,2.104748065,19.09621613,18.25513226,1499.999032,0.692,0.307999968,34,28282.51935,1784649822,12:03:41,1784649817,1784649822,3,0.376,-0.041,-2.625,0.186,463,21,0.36,0.01,-8.18260375,-14.91142458,1.545977051,0,1.1114675,0.529828143,0.065207983,0,0,2,0/2,2.63044,2.71235,0.100997,0.102287,0.109805,0.105771,25049,24690.2,25364.3,25297.6,31206.6,30840.8,38971.6,38082.2,1.66203,2.0411,0.0958592,0,31.2493,999.9,60.2,35.5,34.5906,62.9263,20.02,1,0.414817,0,20.4174,5.21355,11.9837,4.9672,3.29445,9099.6,9999,9999,224.1,4.97001,1.87546,1.87149,1.87469,1.87446,1.87243,1.87378,1.875,0,0,0,0,11111111,oooooooo,on,on,on,on,0,100,100,-2.582,0.2313,-1.474359518,-0.002774575,7.27494E-07,-2.16226E-10,-0.124064303,-0.001584374,0.000939206,-5.31953E-06,23,2146,2,22,32.4,32.4,0.155029,4.99756,1.4978,2.27661,1.4978,2.43652,38.4034,15.2966,3,352.215,621.507,32.1625,32.6417,30.0001,32.463,32.4821,-1,40,10,-999.9,400,20,100.165,106.41
55,1784651883,7032.5,20260721 12:38:03,12:38:03,15,1784651875,0.000488193,0.488192738,1.470269515,466.6471935,310.6271999,31.4243799,47.20803166,0.017067786,3.116945949,0.017016034,0.010639658,261.4497317,33.71675039,32.86141935,5.012901315,45.36778955,2.214154407,4.880454678,2.798746908,-21.52929976,-79.86003027,-5.846193376,154.2142082,0.571347339,0.501878726,1.470269515,480.1092256,476.3969636,0.011214013,92.640295,0.488192738,20.71409806,21.86507455,-0.000515423,97.13512054,0,0,1,0,52506.45906,1499.998065,1273.858422,0.849240044,0.174300046,9,0.5,0: Broadleaf,2,TRUE,1784651875,466.6471935,468.579871,21.88671935,20.70896129,469.285871,21.65856452,375.1235806,101.0643226,0.099966665,32.38617742,32.86141935,999.9,0,0,10001.79516,709.5156452,0.218638,-1.932633419,477.0891935,478.4889677,1.177756774,468.579871,20.70896129,2.211967742,2.092938065,19.04924839,18.16553226,1499.998065,0.691999484,0.308000548,34,28282.4871,1784649822,12:03:41,1784649817,1784649822,3,0.376,-0.041,-2.625,0.186,463,21,0.36,0.01,-1.511552395,-12.94982544,1.433860079,0,1.178795366,-0.111921324,0.018101705,0,0,2,0/2,2.63071,2.71266,0.10511,0.104768,0.109364,0.105527,24933.1,24620.4,25363.1,25296.2,31221.4,30847.9,38970.1,38080.3,1.6621,2.0403,0.103042,0,31.193,999.9,59.9,35.6,34.6029,62.8663,19.992,1,0.416512,0,20.4181,5.21669,11.983,4.96765,3.29505,9099.6,9999,9999,224.1,4.96997,1.87546,1.87149,1.87468,1.87443,1.87242,1.87378,1.87498,0,0,0,0,11111111,oooooooo,on,on,on,on,0,100,100,-2.637,0.2275,-1.474359518,-0.002774575,7.27494E-07,-2.16226E-10,-0.124064303,-0.001584374,0.000939206,-5.31953E-06,23,2146,2,22,34.4,34.4,0.155029,4.99756,1.49902,2.27539,1.4978,2.38892,38.5259,15.2791,3,352.37,621.043,32.2041,32.6706,30.0001,32.4863,32.5021,-1,40,10,-999.9,400,20,100.161,106.404
56,1784652003,7152.5,20260721 12:40:03,12:40:03,15,1784651995,0.000458964,0.458964342,1.058679716,437.6531935,312.1335235,31.57711962,44.27537,0.015725948,3.11515268,0.015681976,0.009805176,261.4500598,33.68212739,32.80805161,4.997873877,43.98540868,2.141540468,4.868752006,2.856333409,-20.24032747,-77.99378704,-5.710172329,157.505773,0.303750235,0.42783317,1.058679716,450.8860145,446.7977515,0.152244676,92.640295,0.458964342,20.2540394,21.22028242,0.010823303,97.13512054,0,0,1,0,52472.34939,1500.000968,1273.860778,0.849239971,0.174299927,9,0.5,0: Broadleaf,2,TRUE,1784651995,437.6531935,438.8311613,21.1687,20.16399032,440.2263871,20.96225806,375.1320968,101.0654194,0.100002606,32.34364839,32.80805161,999.9,0,0,9993.457097,710.0201613,0.218638,-1.17805829,447.1180323,447.8621613,1.004708806,438.8311613,20.16399032,2.139421935,2.037880968,18.51576452,17.74160323,1500.000968,0.692000968,0.307999032,34,28282.55161,1784649822,12:03:41,1784649817,1784649822,3,0.376,-0.041,-2.625,0.186,463,21,0.36,0.01,0.511465195,-42.72671571,4.478771062,0,1.052297634,-1.112239882,0.111186561,0,0,2,0/2,2.63112,2.71252,0.100256,0.100198,0.10713,0.104068,25067.6,24744.7,25362.3,25294.7,31298.8,30896.4,38969,38078.4,1.6624,2.03977,0.108071,0,31.0523,999.9,58.7,35.7,34.0987,62.2963,18.8542,1,0.417289,0,20.4188,5.21684,11.9839,4.9678,3.29508,9099.6,9999,9999,224.1,4.97002,1.87547,1.87149,1.87468,1.87443,1.87241,1.87378,1.87498,0,0,0,0,11111111,oooooooo,on,on,on,on,0,100,100,-2.573,0.2081,-1.474359518,-0.002774575,7.27494E-07,-2.16226E-10,-0.124064303,-0.001584374,0.000939206,-5.31953E-06,23,2146,2,22,36.4,36.4,0.155029,4.99756,1.49902,2.27661,1.4978,2.32178,38.575,15.244,3,352.575,620.722,32.1959,32.6765,30.0001,32.4975,32.5136,-1,40,10,-999.9,400,20,100.158,106.399
57,1784652123,7272.5,20260721 12:42:03,12:42:03,15,1784652115,0.000412461,0.412461436,1.175609445,441.1223548,290.7281047,29.40965621,44.62333221,0.014143113,3.117441963,0.014107563,0.008820414,261.4500941,33.68841314,32.8070871,4.997602647,44.0554155,2.144443482,4.867604715,2.853159165,-18.18954932,-78.59054615,-5.74949264,158.920506,-0.962512637,0.489569041,1.175609445,447.7359655,447.7460606,-0.293937322,92.640295,0.412461436,19.99450443,21.1122303,-0.014465648,97.13512054,0,0,1,0,52525.83355,1500.00129,1273.860968,0.849239915,0.174299913,9,0.5,0: Broadleaf,2,TRUE,1784652115,441.1223548,439.3312258,21.19881935,20.04914516,443.7034839,20.9914871,375.125129,101.0586452,0.099982874,32.33947419,32.8070871,999.9,0,0,10004.63387,710.224871,0.218638,1.791100239,450.6762581,448.3197097,1.14967,439.3312258,20.04914516,2.142321613,2.026138065,18.53734194,17.65005484,1500.00129,0.692000968,0.307998968,34,28282.55484,1784649822,12:03:41,1784649817,1784649822,3,0.376,-0.041,-2.625,0.186,463,21,0.36,0.01,1.94224381,-7.583199539,1.734381706,0,1.126696825,0.254281272,0.066955553,0,0,2,0/2,2.63086,2.71273,0.100406,0.100145,0.106715,0.103443,25062.6,24745.4,25361.5,25293.9,31312,30917,38967.2,38077.1,1.66235,2.03935,0.105754,0,31.1014,999.9,58.2,35.8,34.0004,63.0763,19.8077,1,0.417724,0,20.4186,5.21729,11.9836,4.96785,3.2951,9099.6,9999,9999,224.2,4.97,1.87546,1.87149,1.87468,1.87448,1.87241,1.87378,1.875,0,0,0,0,11111111,oooooooo,on,on,on,on,0,100,100,-2.574,0.2047,-1.474359518,-0.002774575,7.27494E-07,-2.16226E-10,-0.124064303,-0.001584374,0.000939206,-5.31953E-06,23,2146,2,22,38.4,38.4,0.155029,4.99756,1.49902,2.27539,1.4978,2.35718,38.6241,15.244,3,352.58,620.426,32.1931,32.679,30.0001,32.5033,32.5193,-1,40,10,-999.9,400,20,100.154,106.395
58,1784652243,7392.5,20260721 12:44:03,12:44:03,15,1784652235,0.000400309,0.400309056,0.744098231,454.7237097,350.1845159,35.42497071,46.00024662,0.013883736,3.117538447,0.013849477,0.008658994,261.4499635,33.66923297,32.78278387,4.990772599,44.64203231,2.170283793,4.861525519,2.820488806,-17.65362938,-78.22809803,-5.721495298,159.8467408,1.632276313,0.405051184,0.744098231,468.0789881,465.8660485,0.039718798,92.640295,0.400309056,20.48619821,21.42936667,-0.000322846,97.13512054,0,0,1,0,52531.91939,1500,1273.859835,0.84923989,0.174299976,9,0.5,0: Broadleaf,2,TRUE,1784652235,454.7237097,459.0817742,21.4537871,20.50283548,457.3355161,21.23879677,375.1244194,101.0609032,0.099967961,32.31734194,32.78278387,999.9,0,0,10004.85323,710.2722581,0.218638,-4.358036935,464.6931935,468.6913226,0.950946968,459.0817742,20.50283548,2.168136452,2.072033548,18.7288,18.00578065,1500,0.691999935,0.307999935,34,28282.52581,1784649822,12:03:41,1784649817,1784649822,3,0.376,-0.041,-2.625,0.186,463,21,0.36,0.01,-4.79214022,8.339766983,2.235413655,0,0.91562639,0.515417206,0.054216006,0,0,2,0/2,2.6311,2.71271,0.103386,0.102517,0.107832,0.104508,24980.6,24680.7,25362.5,25294.4,31274,30880.8,38968.6,38077.7,1.6624,2.03908,0.109211,0,31.0244,999.9,58.6,35.9,34.4202,62.7463,19.2628,1,0.416113,0,20.4192,5.21669,11.984,4.96775,3.2951,9099.6,9999,9999,224.2,4.96999,1.87546,1.87149,1.87469,1.87446,1.87241,1.87378,1.87497,0,0,0,0,11111111,oooooooo,on,on,on,on,0,100,100,-2.614,0.2142,-1.474359518,-0.002774575,7.27494E-07,-2.16226E-10,-0.124064303,-0.001584374,0.000939206,-5.31953E-06,23,2146,2,22,40.4,40.4,0.155029,4.99756,1.4978,2.27417,1.4978,2.38647,38.6487,15.2353,3,352.561,620.137,32.1812,32.6675,30.0001,32.4947,32.5136,-1,40,10,-999.9,400,20,100.158,106.397
59,1784652363,7512.5,20260721 12:46:03,12:46:03,15,1784652355,0.000382014,0.382013854,0.852145025,441.3788065,317.6837533,32.13703037,44.65007719,0.012923379,3.115003875,0.012893667,0.008061205,261.4493633,33.7802781,32.91633548,5.028405782,43.70372991,2.137375676,4.890602428,2.891030107,-16.84681094,-82.85154034,-6.071702538,155.6793094,-0.545906298,0.446502753,0.852145025,445.5188825,448.3251394,-0.498050474,92.640295,0.382013854,20.00790178,21.04257758,-0.013347423,97.13512054,0,0,1,0,52455.17549,1499.996452,1273.856904,0.849239945,0.174299988,9,0.5,0: Broadleaf,2,TRUE,1784652355,441.3788065,440.5419355,21.12857097,20.08000645,443.9605161,20.92334839,375.1432581,101.0604194,0.100027277,32.42298387,32.91633548,999.9,0,0,9993.26871,710.2080645,0.218638,0.836902613,450.9059032,449.5695161,1.048563871,440.5419355,20.08000645,2.135263871,2.029294839,18.48468065,17.67471935,1499.996452,0.691999968,0.307999968,34,28282.46129,1784649822,12:03:41,1784649817,1784649822,3,0.376,-0.041,-2.625,0.186,463,21,0.36,0.01,-0.804244122,34.66570394,3.660551478,0,1.01367739,0.582482049,0.067223271,0,0,2,0/2,2.63093,2.71238,0.100472,0.099344,0.106466,0.103114,25061,24767.1,25361.8,25293.5,31320.9,30928.1,38967.3,38076.8,1.66265,2.0393,0.102848,0,31.2559,999.9,57.8,35.9,33.9535,62.4763,19.8117,1,0.416395,0,20.4192,5.21654,11.9837,4.9677,3.29503,9099.6,9999,9999,224.2,4.97001,1.87546,1.87149,1.87468,1.87446,1.87242,1.87378,1.875,0,0,0,0,11111111,oooooooo,on,on,on,on,0,100,100,-2.576,0.2026,-1.474359518,-0.002774575,7.27494E-07,-2.16226E-10,-0.124064303,-0.001584374,0.000939206,-5.31953E-06,23,2146,2,22,42.4,42.4,0.155029,4.99756,1.49902,2.27417,1.4978,2.41699,38.6733,15.2265,3,352.689,620.37,32.2283,32.6651,30.0003,32.4956,32.518,-1,40,10,-999.9,400,20,100.155,106.394
60,1784652483,7632.5,20260721 12:48:03,12:48:03,15,1784652475,0.000353364,0.353364196,0.835287729,439.0069677,307.3086623,31.08737155,44.40998382,0.011770969,3.117084714,0.01174633,0.007343666,261.450234,33.87557013,33.02036452,5.057890709,43.18588159,2.122704144,4.915273384,2.935186566,-15.58336104,-85.39779465,-6.260057401,154.209021,2.462918477,0.297025081,0.835287729,456.3809634,450.8027091,0.359719531,92.640295,0.353364196,20.30899324,21.05089515,0.0085495,97.13512054,0,0,1,0,52487.9176,1500.000323,1273.860345,0.849240047,0.174300119,9,0.5,0: Broadleaf,2,TRUE,1784652475,439.0069677,445.2288065,20.9836129,20.28594839,441.5832903,20.78268387,375.1275484,101.0600968,0.099991981,32.51219032,33.02036452,999.9,0,0,10002.85032,710.2455806,0.218638,-6.221765161,448.4163226,454.4476774,0.697665516,445.2288065,20.28594839,2.120605161,2.050099677,18.37477742,17.83665484,1500.000323,0.691998419,0.308001581,34,28282.5,1784649822,12:03:41,1784649817,1784649822,3,0.376,-0.041,-2.625,0.186,463,21,0.36,0.01,-6.691127561,5.891102927,1.130203089,0,0.707759902,-0.06398423,0.02703944,1,1,2,1/2,2.631,2.71264,0.100937,0.101208,0.106507,0.104157,25042.2,24709.9,25356.2,25287.7,31312.8,30885.2,38958.8,38068.2,1.66212,2.03685,0.101522,0,31.3768,999.9,57.7,36,34.0779,62.7763,19.0825,1,0.42388,0,20.4193,5.21729,11.9846,4.96775,3.295,9099.6,9999,9999,224.3,4.97001,1.87546,1.87149,1.87468,1.8744,1.87243,1.87378,1.875,0,0,0,0,11111111,oooooooo,on,on,on,on,0,100,100,-2.582,0.2031,-1.474359518,-0.002774575,7.27494E-07,-2.16226E-10,-0.124064303,-0.001584374,0.000939206,-5.31953E-06,23,2146,2,22,44.4,44.4,0.155029,4.99756,1.49902,2.27417,1.4978,2.28271,38.7471,15.1915,3,352.745,618.911,32.3072,32.7392,30.0003,32.5576,32.5754,-1,40,10,-999.9,400,20,100.133,106.37
61,1784652603,7752.5,20260721 12:50:03,12:50:03,15,1784652595,0.000350567,0.350567391,0.768937033,458.2807419,334.299181,33.81725518,46.359063,0.011737097,3.116222263,0.011712593,0.007322568,261.4498202,33.92353164,33.05810323,5.068624105,43.60272893,2.148876413,4.928307162,2.919747693,-15.46002195,-83.82313059,-6.14888214,156.0177855,1.50272552,0.358577578,0.768937033,471.3575737,469.0063212,0.047670084,92.640295,0.350567391,20.38925585,21.21688606,-0.000429721,97.13512054,0,0,1,0,52459.89939,1499.999032,1273.859023,0.849239896,0.174299993,9,0.5,0: Broadleaf,2,TRUE,1784652595,458.2807419,462.2801935,21.24263548,20.40064194,460.9004839,21.0339871,375.1387419,101.0586452,0.100008826,32.55916129,33.05810323,999.9,0,0,9999.035484,710.3059355,0.218638,-3.999535806,468.2270323,471.9074516,0.841976065,462.2801935,20.40064194,2.146752581,2.061662903,18.57038387,17.92602581,1499.999032,0.69199971,0.308000161,34,28282.50968,1784649822,12:03:41,1784649817,1784649822,3,0.376,-0.041,-2.625,0.186,463,21,0.36,0.01,-4.69910325,16.08166188,1.585823933,0,0.84681365,-0.079632045,0.008531315,1,1,2,1/2,2.63091,2.71261,0.103909,0.103579,0.107062,0.104361,24957.5,24642.3,25354.5,25285.4,31291.4,30875.7,38956,38064.9,1.6618,2.03628,0.104457,0,31.3801,999.9,58,36,34.2549,62.5963,19.2147,1,0.426837,0,20.4198,5.21684,11.9854,4.9678,3.29505,9099.6,9999,9999,224.3,4.96995,1.87546,1.87149,1.87469,1.87445,1.87242,1.87378,1.875,0,0,0,0,11111111,oooooooo,on,on,on,on,0,100,100,-2.621,0.2078,-1.474359518,-0.002774575,7.27494E-07,-2.16226E-10,-0.124064303,-0.001584374,0.000939206,-5.31953E-06,23,2146,2,22,46.4,46.4,0.155029,4.99756,1.4978,2.27539,1.4978,2.35596,38.7717,15.1915,3,352.807,618.827,32.367,32.7928,30,32.6014,32.614,-1,40,10,-999.9,400,20,100.126,106.36
62,1784652723,7872.5,20260721 12:52:03,12:52:03,15,1784652715,0.000327753,0.327753367,0.809811904,433.4199032,294.7183278,29.81169167,43.84179503,0.01073567,3.116792288,0.010715169,0.006698819,261.4496355,33.99052729,33.13048065,5.089264677,42.56910557,2.105244702,4.945475535,2.984019975,-14.45392348,-85.63153313,-6.284521076,155.0796578,2.189008986,0.280583784,0.809811904,450.5559263,444.7422242,0.390248212,92.640295,0.327753367,20.20313899,20.87455758,0.009569357,97.13512054,0,0,1,0,52462.35336,1499.997742,1273.858094,0.849240008,0.174300019,9,0.5,0: Broadleaf,2,TRUE,1784652715,433.4199032,438.9634194,20.81244516,20.15329355,435.9836452,20.61658065,375.1333226,101.0531613,0.10000381,32.62086774,33.13048065,999.9,0,0,10002.19452,710.4347742,0.218638,-5.543508387,442.6322581,447.9922581,0.659151581,438.9634194,20.15329355,2.103163226,2.036553871,18.24315161,17.73137097,1499.997742,0.691999742,0.308000258,34,28282.4871,1784649822,12:03:41,1784649817,1784649822,3,0.376,-0.041,-2.625,0.186,463,21,0.36,0.01,-4.304309537,-27.86714787,2.789364864,0,0.673886195,-0.370327861,0.037411467,0,0,2,0/2,2.63102,2.7126,0.0999305,0.100834,0.105873,0.103888,25067.8,24717,25353.9,25284.6,31332.3,30890.9,38955.2,38063.8,1.66177,2.0356,0.101827,0,31.485,999.9,57.3,36.1,34.0315,62.6863,19.8918,1,0.426982,0,20.4183,5.21654,11.9839,4.9678,3.29503,9099.6,9999,9999,224.3,4.97002,1.87546,1.8715,1.87469,1.87448,1.87247,1.87381,1.87498,0,0,0,0,11111111,oooooooo,on,on,on,on,0,100,100,-2.569,0.1978,-1.474359518,-0.002774575,7.27494E-07,-2.16226E-10,-0.124064303,-0.001584374,0.000939206,-5.31953E-06,23,2146,2,22,48.4,48.4,0.155029,4.99756,1.4978,2.27417,1.4978,2.41821,38.7964,15.1827,3,352.861,618.419,32.4062,32.7986,30.0001,32.6147,32.6292,-1,40,10,-999.9,400,20,100.123,106.357
63,1784652843,7992.6,20260721 12:54:03,12:54:03,15,1784652835,0.000309475,0.309474835,0.775112542,454.1870968,314.5740227,31.82128759,45.94409323,0.010262294,3.116370148,0.010243557,0.006403903,261.4497642,33.96256917,33.08964516,5.077610254,43.15663051,2.13037955,4.936389902,2.947230703,-13.64784023,-84.24171326,-6.181131678,157.379079,1.020343231,0.280006048,0.775112542,467.3923875,464.3142157,0.120167559,92.640295,0.309474835,20.42439919,21.09447392,0.00551242,97.13512054,0,0,1,0,52458.28374,1499.99871,1273.8589,0.849239997,0.174299993,9,0.5,0: Broadleaf,2,TRUE,1784652835,454.1870968,456.9401935,21.06018065,20.40254516,456.7977097,20.85698387,375.1290323,101.0567742,0.099981587,32.58823548,33.08964516,999.9,0,0,9999.899355,710.7437419,0.218638,-2.753080323,463.9582258,466.4570645,0.657634419,456.9401935,20.40254516,2.128275484,2.061817097,18.43240645,17.92719355,1499.99871,0.692000097,0.307999903,34,28282.51613,1784649822,12:03:41,1784649817,1784649822,3,0.376,-0.041,-2.625,0.186,463,21,0.36,0.01,-2.12734251,-15.24773601,1.572474781,0,0.667341561,-0.253702606,0.025285341,0,0,2,0/2,2.63093,2.71257,0.103156,0.103354,0.106642,0.104713,24978.3,24648.2,25354.3,25285.1,31305.8,30862.9,38955.5,38064.1,1.6614,2.03562,0.105858,0,31.3714,999.9,57.6,36.1,34.2079,62.25,19.2628,1,0.426486,0,20.418,5.21699,11.984,4.96775,3.29508,9099.6,9999,9999,224.4,4.97002,1.87548,1.87149,1.87469,1.8745,1.87245,1.87378,1.875,0,0,0,0,11111111,oooooooo,on,on,on,on,0,100,100,-2.611,0.2043,-1.474359518,-0.002774575,7.27494E-07,-2.16226E-10,-0.124064303,-0.001584374,0.000939206,-5.31953E-06,23,2146,2,22,50.4,50.4,0.155029,4.99756,1.4978,2.27539,1.4978,2.40967,38.8211,15.1915,3,352.697,618.49,32.407,32.7986,29.9999,32.6187,32.6341,-1,40,10,-999.9,400,20,100.124,106.358
64,1784652963,8112.6,20260721 12:56:03,12:56:03,15,1784652955,0.000287915,0.287915027,0.932715062,471.9562581,299.4661603,30.29251476,47.74075942,0.009696212,3.114299155,0.009679471,0.006051171,261.4502068,33.9823386,33.09926129,5.080352599,44.11725801,2.179475964,4.940189082,2.900876635,-12.69705268,-83.50818013,-6.132083878,159.1128901,2.512855504,0.288475342,0.932715062,490.3610514,484.9499697,0.31837952,92.640295,0.287915027,20.86729209,21.54290424,2.5422E-05,97.13512054,0,0,1,0,52408.08085,1500.000645,1273.860586,0.849240025,0.174300063,9,0.5,0: Broadleaf,2,TRUE,1784652955,471.9562581,478.3116452,21.54589355,20.86870645,474.6067097,21.32812581,375.1310323,101.0550323,0.100018874,32.6018871,33.09926129,999.9,0,0,9990.567742,710.7129677,0.218638,-6.355413871,482.349,488.5062258,0.677192613,478.3116452,20.86870645,2.177320645,2.108887097,18.79642581,18.28646774,1500.000645,0.691999161,0.308000839,34,28282.54194,1784649822,12:03:41,1784649817,1784649822,3,0.376,-0.041,-2.625,0.186,463,21,0.36,0.01,-6.531882195,0.446453101,0.674971393,0,0.686732,-0.137329526,0.021717041,0,0,2,0/2,2.631,2.71264,0.106502,0.106128,0.1082,0.10595,24887,24574.4,25356.1,25287.6,31253,30823,38957.8,38067.4,1.66168,2.03565,0.106424,0,31.3681,999.9,58.3,36.2,34.8161,61.68,20.0801,1,0.423869,0,20.4186,5.21624,11.9834,4.96775,3.295,9099.6,9999,9999,224.4,4.97004,1.87547,1.87149,1.87469,1.87449,1.87246,1.8738,1.875,0,0,0,0,11111111,oooooooo,on,on,on,on,0,100,100,-2.657,0.2176,-1.474359518,-0.002774575,7.27494E-07,-2.16226E-10,-0.124064303,-0.001584374,0.000939206,-5.31953E-06,23,2146,2,22,52.4,52.4,0.155029,4.99756,1.49902,2.27417,1.4978,2.2876,38.8457,15.1565,3,352.745,618.334,32.4195,32.7772,30,32.6014,32.6168,-1,40,10,-999.9,400,20,100.131,106.368
65,1784653083,8232.6,20260721 12:58:03,12:58:03,15,1784653075,0.000291377,0.291376952,0.551383656,464.840129,354.6625113,35.87350561,47.01778295,0.009755517,3.115540918,0.009738578,0.006088131,261.4501016,34.00191712,33.11513871,5.084883371,43.81351955,2.167028316,4.946026565,2.917855055,-12.8497236,-82.68810651,-6.070541494,159.84173,-0.656534522,0.29265532,0.551383656,471.5906433,473.2199152,-0.303600726,92.640295,0.291376952,20.72127654,21.40652848,-0.000113037,97.13512054,0,0,1,0,52433.0164,1500.000645,1273.860544,0.849239997,0.174299993,9,0.5,0: Broadleaf,2,TRUE,1784653075,464.840129,463.5913871,21.42427097,20.73719355,467.4745484,21.21018065,375.1350968,101.0482903,0.099997039,32.62284516,33.11513871,999.9,0,0,9996.932903,710.7060323,0.218638,1.248704445,475.0169677,473.4085806,0.687070871,463.5913871,20.73719355,2.164885806,2.095459032,18.7048129,18.18468065,1500.000645,0.692000097,0.307999903,34,28282.53871,1784649822,12:03:41,1784649817,1784649822,3,0.376,-0.041,-2.625,0.186,463,21,0.36,0.01,0.387720898,12.34050395,1.659906727,0,0.668675293,0.29685692,0.030501103,0,0,2,0/2,2.63099,2.71262,0.104548,0.103361,0.107715,0.105325,24942.5,24651.6,25357.1,25288.7,31270.8,30845.6,38959.1,38069,1.662,2.03573,0.109382,0,31.3539,999.9,58.1,36.2,34.6996,62.49,19.2428,1,0.421845,0,20.4181,5.21699,11.9849,4.9677,3.29508,9099.6,9999,9999,224.4,4.96997,1.87548,1.87149,1.87468,1.87445,1.87245,1.87378,1.87498,0,0,0,0,11111111,oooooooo,on,on,on,on,0,100,100,-2.63,0.2135,-1.474359518,-0.002774575,7.27494E-07,-2.16226E-10,-0.124064303,-0.001584374,0.000939206,-5.31953E-06,23,2146,2,22,54.4,54.4,0.155029,4.99756,1.49902,2.27417,1.4978,2.39868,38.8704,15.1652,3,352.809,618.25,32.431,32.7549,30.0001,32.5823,32.6024,-1,40,10,-999.9,400,20,100.134,106.373
66,1784653203,8352.6,20260721 13:00:03,13:00:03,15,1784653195,0.000265865,0.265865187,0.625294483,446.0791613,315.3506978,31.89542756,45.11766004,0.008903957,3.117248994,0.008889852,0.005557423,261.4498785,34.06770349,33.17453226,5.101863068,44.04732788,2.186006433,4.962858221,2.915856636,-11.72465472,-82.57947773,-6.062802227,161.0829438,2.869499606,0.192302247,0.625294483,463.5527963,459.0352485,0.304142836,92.640295,0.265865187,21.21146679,21.70147879,0.013024755,97.13512054,0,0,1,0,52461.98522,1499.999677,1273.8597,0.849239983,0.174299956,9,0.5,0: Broadleaf,2,TRUE,1784653195,446.0791613,453.1696774,21.6130871,21.16167419,448.6715484,21.39327097,375.1142258,101.0427419,0.099978806,32.68315484,33.17453226,999.9,0,0,10005.32258,710.5704194,0.218638,-7.090420968,455.9334516,462.9668065,0.451416161,453.1696774,21.16167419,2.183842903,2.13823129,18.84423548,18.50684839,1499.999677,0.692000581,0.307999419,34,28282.53226,1784649822,12:03:41,1784649817,1784649822,3,0.376,-0.041,-2.625,0.186,463,21,0.36,0.01,-8.653823171,25.33971847,2.543670935,0,0.45005239,-0.006037129,0.021971326,1,1,2,1/2,2.63115,2.71256,0.102226,0.101622,0.108761,0.107059,25007.2,24699,25357.1,25288.2,31233.7,30784.8,38959,38068.1,1.66215,2.03517,0.108585,0,31.419,999.9,58.5,36.2,34.9377,62.46,19.1266,1,0.420968,0,20.4193,5.21669,11.9842,4.9677,3.295,9099.6,9999,9999,224.5,4.97001,1.87547,1.87149,1.87467,1.87446,1.8725,1.87379,1.875,0,0,0,0,11111111,oooooooo,on,on,on,on,0,100,100,-2.599,0.2226,-1.474359518,-0.002774575,7.27494E-07,-2.16226E-10,-0.124064303,-0.001584374,0.000939206,-5.31953E-06,23,2146,2,22,56.4,56.4,0.155029,4.99756,1.4978,2.27539,1.4978,2.42065,38.8951,15.1477,3,352.848,617.718,32.4691,32.7491,30,32.5754,32.5952,-1,40,10,-999.9,400,20,100.134,106.37
67,1784653323,8472.6,20260721 13:02:03,13:02:03,15,1784653315,0.00026862,0.268619532,0.456656387,460.7723226,359.0997577,36.32128415,46.60499513,0.008931353,3.115664095,0.008917154,0.005574495,261.4505424,34.06790555,33.18819032,5.105774667,43.69292304,2.168444217,4.962918629,2.937330449,-11.84612135,-84.7953565,-6.229077906,158.5799867,-0.352939067,0.320698582,0.456656387,465.9756512,469.0473939,-0.427003679,92.640295,0.268619532,20.63313979,21.36899818,-0.010221934,97.13512054,0,0,1,0,52425.41666,1500.002903,1273.862556,0.84924006,0.174300024,9,0.5,0: Broadleaf,2,TRUE,1784653315,460.7723226,460.2800968,21.43888387,20.6859871,463.3976129,21.22433226,375.138871,101.0453871,0.100000426,32.68337097,33.18819032,999.9,0,0,9997.785484,710.8120645,0.218638,0.49218596,470.8670968,470.0029032,0.752896194,460.2800968,20.6859871,2.166299677,2.090221935,18.71522581,18.14478387,1500.002903,0.691999871,0.308000194,34,28282.59032,1784649822,12:03:41,1784649817,1784649822,3,0.376,-0.041,-2.625,0.186,463,21,0.36,0.01,-2.371703298,49.70248779,4.990460143,0,0.735434024,0.34511053,0.036556367,0,0,2,0/2,2.63083,2.71257,0.103844,0.10225,0.107568,0.104985,24960.5,24679.1,25355.5,25285.6,31273.9,30853.9,38956.4,38064.8,1.66197,2.0353,0.106119,0,31.4629,999.9,57.9,36.3,34.7713,62.16,20.028,1,0.423854,0,20.4182,5.21684,11.9858,4.9677,3.29503,9099.6,9999,9999,224.5,4.97002,1.87547,1.87149,1.87468,1.8744,1.87242,1.87378,1.875,0,0,0,0,11111111,oooooooo,on,on,on,on,0,100,100,-2.621,0.2123,-1.474359518,-0.002774575,7.27494E-07,-2.16226E-10,-0.124064303,-0.001584374,0.000939206,-5.31953E-06,23,2146,2,22,58.4,58.4,0.155029,4.99756,1.49902,2.27417,1.4978,2.34619,38.9445,15.1039,3,352.834,617.955,32.4909,32.7683,30.0002,32.5898,32.6082,-1,40,10,-999.9,400,20,100.128,106.36
68,1784653443,8592.6,20260721 13:04:03,13:04:03,15,1784653435,0.000263637,0.263636742,0.66358262,459.2200323,319.6657977,32.33208259,46.44707102,0.008796963,3.114961705,0.008783184,0.005490726,261.4501959,34.04790784,33.16089032,5.097958692,43.80001836,2.171125422,4.956905278,2.92683327,-11.62638034,-83.80655801,-6.156354737,159.8609028,-1.926287009,0.254425336,0.66358262,459.8819128,465.1014727,-0.697508268,92.640295,0.263636742,20.83891502,21.45862788,-7.61108E-05,97.13512054,0,0,1,0,52412.8507,1500.00129,1273.861084,0.849239992,0.174299981,9,0.5,0: Broadleaf,2,TRUE,1784653435,459.2200323,454.8789032,21.46581613,20.86851613,461.8419032,21.25046452,375.1339355,101.0433871,0.100003348,32.66184516,33.16089032,999.9,0,0,9994.759677,711.0797742,0.218638,4.341111635,469.2936774,464.5739355,0.59729671,454.8789032,20.86851613,2.168979355,2.108626452,18.7350129,18.28447742,1500.00129,0.692000258,0.307999742,34,28282.53871,1784649822,12:03:41,1784649817,1784649822,3,0.376,-0.041,-2.625,0.186,463,21,0.36,0.01,1.857348066,44.63889276,4.628859957,0,0.588204317,0.233878223,0.027944041,0,0,2,0/2,2.63107,2.71263,0.103186,0.101559,0.107893,0.105961,24976.2,24695.2,25353,25282.7,31259.5,30816.6,38952.7,38060.5,1.66215,2.0339,0.105925,0,31.4495,999.9,58,36.3,34.8303,61.92,20.1162,1,0.426359,0,20.4183,5.21669,11.984,4.9678,3.295,9099.6,9999,9999,224.5,4.97002,1.87548,1.87149,1.87468,1.87441,1.87245,1.87378,1.87499,0,0,0,0,11111111,oooooooo,on,on,on,on,0,100,100,-2.612,0.2151,-1.474359518,-0.002774575,7.27494E-07,-2.16226E-10,-0.124064303,-0.001584374,0.000939206,-5.31953E-06,23,2146,2,22,60.4,60.4,0.155029,4.99756,1.49902,2.27417,1.4978,2.28882,38.9693,15.1039,3,353.024,616.964,32.4568,32.7898,30.0001,32.61,32.6255,-1,40,10,-999.9,400,20,100.118,106.348
69,1784653563,8712.6,20260721 13:06:03,13:06:03,15,1784653555,0.000244741,0.244741147,0.581886907,444.5980323,310.858331,31.44120616,44.96806743,0.008077353,3.115107942,0.008065735,0.005042127,261.4503464,34.11013989,33.23442903,5.119036566,43.44337666,2.160458544,4.973044708,2.958578022,-10.79308458,-86.46668003,-6.355555845,157.8350259,3.890585961,0.242552901,0.581886907,468.2153111,459.1619333,0.777316634,92.640295,0.244741147,20.78795449,21.36222,3.73516E-05,97.13512054,0,0,1,0,52406.32669,1500.002258,1273.861899,0.849239987,0.174299969,9,0.5,0: Broadleaf,2,TRUE,1784653555,444.5980323,454.1912258,21.36039355,20.79088065,447.1870323,21.14823871,375.1182581,101.0432258,0.09997359,32.71956774,33.23442903,999.9,0,0,9995.446774,711.0375161,0.218638,-9.593165806,454.3020968,463.8346774,0.569530097,454.1912258,20.79088065,2.158321613,2.100774839,18.65625806,18.22504194,1500.002258,0.692000419,0.307999581,34,28282.56452,1784649822,12:03:41,1784649817,1784649822,3,0.376,-0.041,-2.625,0.186,463,21,0.36,0.01,-8.667083659,-17.29069443,1.859646793,0,0.57301961,-0.029747895,0.00949157,1,1,2,1/2,2.63082,2.71254,0.102315,0.103706,0.10755,0.105794,24997.5,24633.6,25350.1,25280.2,31267.8,30819.6,38948.1,38056.8,1.66153,2.03347,0.103235,0,31.5653,999.9,57.7,36.4,34.8424,61.44,19.7796,1,0.429367,0,20.4173,5.214,11.9857,4.96715,3.29438,9099.6,9999,9999,224.6,4.97002,1.87546,1.87149,1.87469,1.87445,1.87245,1.87378,1.875,0,0,0,0,11111111,oooooooo,on,on,on,on,0,100,100,-2.6,0.2123,-1.474359518,-0.002774575,7.27494E-07,-2.16226E-10,-0.124064303,-0.001584374,0.000939206,-5.31953E-06,23,2146,2,22,62.4,62.4,0.153809,4.99756,1.49902,2.27417,1.4978,2.34131,38.9693,15.0952,3,352.862,616.903,32.4956,32.8237,30,32.639,32.6542,-1,40,10,-999.9,400,20,100.106,106.338
70,1784653683,8832.6,20260721 13:08:03,13:08:03,15,1784653675,0.000231929,0.231928718,0.359278486,454.9199677,359.6204007,36.37538715,46.01488101,0.007626715,3.117296045,0.007616364,0.004761156,261.4498912,34.11245394,33.22875806,5.117408444,43.19041284,2.147889853,4.973070902,2.96951859,-10.22805646,-85.558633,-6.28422552,159.3789762,2.745436898,0.224991076,0.359278486,471.7302961,467.9039697,0.300217677,92.640295,0.231928718,20.71425025,21.25320242,0.000550833,97.13512054,0,0,1,0,52456.94884,1499.999355,1273.859454,0.849240001,0.174300002,9,0.5,0: Broadleaf,2,TRUE,1784653675,454.9199677,461.7524194,21.23482581,20.7064871,457.5320645,21.02641935,375.1231613,101.0494194,0.099978952,32.71966129,33.22875806,999.9,0,0,10004.87742,710.8909355,0.218638,-6.832544194,464.7896452,471.5158065,0.528348774,461.7524194,20.7064871,2.145767097,2.092377097,18.56305161,18.16127419,1499.999355,0.691999968,0.308000032,34,28282.5,1784649822,12:03:41,1784649817,1784649822,3,0.376,-0.041,-2.625,0.186,463,21,0.36,0.01,-6.483173171,-2.813470453,1.562239164,0,0.519619902,0.136601937,0.015615614,0,0,2,0/2,2.63069,2.71276,0.103728,0.104038,0.107175,0.105527,24957.4,24624.1,25349.4,25279.8,31280.1,30828.6,38946.8,38056.4,1.66157,2.03325,0.105619,0,31.5316,999.9,57.5,36.4,34.7154,62.34,19.5393,1,0.430061,0,20.4183,5.21684,11.9852,4.9678,3.295,9099.6,9999,9999,224.6,4.97002,1.87547,1.87149,1.87467,1.87441,1.87243,1.87378,1.875,0,0,0,0,11111111,oooooooo,on,on,on,on,0,100,100,-2.619,0.209,-1.474359518,-0.002774575,7.27494E-07,-2.16226E-10,-0.124064303,-0.001584374,0.000939206,-5.31953E-06,23,2146,2,22,64.4,64.4,0.153809,4.99756,1.4978,2.27417,1.4978,2.41577,38.994,15.0952,3,352.96,616.863,32.5127,32.8365,30.0001,32.6535,32.6687,-1,40,10,-999.9,400,20,100.103,106.337
71,1784653803,8952.6,20260721 13:10:03,13:10:03,15,1784653795,0.000231082,0.231082261,0.496992064,475.7853548,350.9921895,35.50292859,48.12578167,0.007605631,3.116234729,0.007595333,0.004748007,261.4496953,34.17514062,33.30424839,5.139118508,43.54151032,2.172932319,4.990484491,2.966186188,-10.1907277,-87.77965256,-6.45390523,157.0254098,2.974669234,0.23187671,0.496992064,493.8069665,489.4633394,0.318586005,92.640295,0.231082261,20.93487727,21.47798303,-5.83977E-05,97.13512054,0,0,1,0,52421.81994,1499.999355,1273.859451,0.849239999,0.174299872,9,0.5,0: Broadleaf,2,TRUE,1784653795,475.7853548,483.186871,21.48223548,20.93786774,478.4442903,21.2663871,375.1249677,101.0502258,0.099969716,32.78175806,33.30424839,999.9,0,0,9999.925806,710.9291935,0.218638,-7.401582581,486.2306452,493.5202258,0.544363677,483.186871,20.93786774,2.170784839,2.115777419,18.74831613,18.33844839,1499.999355,0.692001903,0.307998161,34,28282.52903,1784649822,12:03:41,1784649817,1784649822,3,0.376,-0.041,-2.625,0.186,463,21,0.36,0.01,-8.553624146,21.17757157,2.185600445,0,0.542347171,0.028810599,0.006203296,1,1,2,1/2,2.631,2.71272,0.107213,0.106912,0.107955,0.106203,24859.5,24542.8,25348.7,25277.5,31251.8,30802.9,38945.2,38053.3,1.66153,2.03247,0.104725,0,31.5982,999.9,57.9,36.4,34.9608,62.2799,19.2147,1,0.431918,0,20.4244,5.21684,11.9858,4.96765,3.295,9099.6,9999,9999,224.6,4.96999,1.87547,1.87149,1.87469,1.8744,1.87247,1.87378,1.875,0,0,0,0,11111111,oooooooo,on,on,on,on,0,100,100,-2.667,0.2157,-1.474359518,-0.002774575,7.27494E-07,-2.16226E-10,-0.124064303,-0.001584374,0.000939206,-5.31953E-06,23,2146,2,22,66.4,66.4,0.153809,4.99756,1.4978,2.27417,1.49902,2.36938,39.0188,15.0864,3,353.053,616.452,32.562,32.8628,30.0002,32.6767,32.6917,-1,40,10,-999.9,400,20,100.1,106.327
72,1784653923,9072.6,20260721 13:12:03,13:12:03,15,1784653915,0.000224325,0.224325471,0.573924449,459.5589355,314.5073815,31.81286583,46.48503537,0.007296514,3.116593583,0.007287037,0.004555248,261.449804,34.2029452,33.31666774,5.142697822,42.83703144,2.14094469,4.997882948,3.001753132,-9.892753272,-85.45317401,-6.283322765,159.820554,-0.878324894,0.247784009,0.573924449,471.1773706,468.6269091,0.116668065,92.640295,0.224325471,20.64775449,21.16189394,0.001231642,97.13512054,0,0,1,0,52425.61346,1499.999355,1273.859381,0.849239953,0.174299944,9,0.5,0: Broadleaf,2,TRUE,1784653915,459.5589355,457.724871,21.16574194,20.58384516,462.1817742,20.95941935,375.1275806,101.0514194,0.099992971,32.80808387,33.31666774,999.9,0,0,10001.45484,710.9079355,0.218638,1.834148774,469.4963226,467.3447742,0.581910323,457.724871,20.58384516,2.138827742,2.080025161,18.51132903,18.06696452,1499.999355,0.692000645,0.307999323,34,28282.51613,1784649822,12:03:41,1784649817,1784649822,3,0.376,-0.041,-2.625,0.186,463,21,0.36,0.01,3.680083195,-43.52668371,4.855429948,0,0.626121195,-0.896232021,0.092129665,0,0,2,0/2,2.6309,2.71261,0.103821,0.102845,0.106851,0.105271,24952.6,24653.5,25347.3,25276.5,31288.9,30833.4,38943.4,38051.6,1.6616,2.03237,0.108413,0,31.5571,999.9,57.3,36.5,34.7831,62.5499,19.4952,1,0.432833,0,20.4182,5.21684,11.9852,4.9677,3.295,9099.6,9999,9999,224.7,4.97001,1.87546,1.87149,1.87469,1.8744,1.87241,1.8738,1.875,0,0,0,0,11111111,oooooooo,on,on,on,on,0,100,100,-2.621,0.2062,-1.474359518,-0.002774575,7.27494E-07,-2.16226E-10,-0.124064303,-0.001584374,0.000939206,-5.31953E-06,23,2146,2,22,68.4,68.4,0.155029,4.99756,1.49902,2.27417,1.4978,2.35474,39.0436,15.0689,3,353.164,616.515,32.5842,32.8774,30,32.6912,32.7061,-1,40,10,-999.9,400,20,100.095,106.323
73,1784654043,9192.6,20260721 13:14:03,13:14:03,15,1784654035,0.00022284,0.222840479,0.598139267,468.2202258,317.2068562,32.08700549,47.36273716,0.007272603,3.116886226,0.007263189,0.004540338,261.4499673,34.20039303,33.30160323,5.13835644,42.95692772,2.146599134,4.997096506,2.991757306,-9.827265132,-83.39975637,-6.13122344,162.0917224,1.34842909,0.229419199,0.598139267,483.3263949,479.8599394,0.203970769,92.640295,0.222840479,20.69009672,21.21415818,-7.52446E-05,97.13512054,0,0,1,0,52432.91874,1500.000645,1273.860528,0.849239986,0.174299903,9,0.5,0: Broadleaf,2,TRUE,1784654035,468.2202258,471.7130323,21.22092581,20.68219355,470.8624516,21.01293548,375.131871,101.0548387,0.099990897,32.8052871,33.30160323,999.9,0,0,10002.45968,710.9239355,0.218638,-3.49271871,478.3718065,481.6750968,0.538731387,471.7130323,20.68219355,2.144479355,2.090037742,18.55346774,18.14345806,1500.000645,0.692001387,0.307998645,34,28282.55161,1784649822,12:03:41,1784649817,1784649822,3,0.376,-0.041,-2.625,0.186,463,21,0.36,0.01,-3.091674146,-8.716048641,1.166866116,0,0.537302317,-0.01618616,0.007838937,1,1,2,1/2,2.63054,2.71251,0.105659,0.104664,0.107028,0.105296,24900.3,24602,25346.2,25275,31281.3,30830.9,38941.3,38049.3,1.66095,2.0322,0.111021,0,31.4977,999.9,57.3,36.5,34.787,62.4,19.1827,1,0.433684,0,20.419,5.21729,11.9851,4.9678,3.295,9099.6,9999,9999,224.7,4.96997,1.87547,1.87149,1.87469,1.87447,1.87248,1.87378,1.875,0,0,0,0,11111111,oooooooo,on,on,on,on,0,100,100,-2.645,0.2078,-1.474359518,-0.002774575,7.27494E-07,-2.16226E-10,-0.124064303,-0.001584374,0.000939206,-5.31953E-06,23,2146,2,22,70.4,70.4,0.153809,4.99756,1.49902,2.27295,1.4978,2.39868,39.0683,15.0602,3,352.916,616.516,32.6071,32.8921,30.0001,32.7057,32.7206,-1,40,10,-999.9,400,20,100.09,106.317
74,1784654163,9312.6,20260721 13:16:03,13:16:03,15,1784654155,0.000234792,0.234791959,0.579846805,460.1322903,319.6925407,32.33852803,46.54472367,0.007658001,3.116426545,0.007647562,0.004780663,261.4502774,34.20030329,33.29969355,5.137806326,42.89793207,2.143969753,4.997839405,2.993836573,-10.35432538,-82.62272733,-6.075016983,162.3982077,0.214964219,0.22675666,0.579846805,468.7642097,468.9125879,-0.159913312,92.640295,0.234791959,20.62553214,21.18022909,-0.000322658,97.13512054,0,0,1,0,52421.86338,1500.001613,1273.861331,0.849239974,0.174299998,9,0.5,0: Broadleaf,2,TRUE,1784654155,460.1322903,460.8983548,21.19487742,20.66237742,462.7562258,20.98766452,375.1277419,101.0550968,0.099994168,32.80792903,33.29969355,999.9,0,0,10000.32419,711.1532581,0.218638,-0.766025161,470.0959032,470.6225161,0.532502581,460.8983548,20.66237742,2.14185,2.08803871,18.53387742,18.12819032,1500.001613,0.691999935,0.308000032,34,28282.53548,1784649822,12:03:41,1784649817,1784649822,3,0.376,-0.041,-2.625,0.186,463,21,0.36,0.01,-0.823098659,12.03639757,2.921366763,0,0.531589268,0.120827666,0.028430216,0,0,2,0/2,2.63067,2.71262,0.103874,0.10398,0.1069,0.10518,24949.1,24619.7,25345.3,25273.8,31284.7,30833.5,38940.1,38047.7,1.66103,2.03172,0.111014,0,31.5048,999.9,57.2,36.5,34.7267,62.7,20.016,1,0.434484,0,20.4188,5.21684,11.9852,4.9678,3.29503,9099.6,9999,9999,224.7,4.97002,1.87547,1.87149,1.87469,1.87448,1.87249,1.87378,1.875,0,0,0,0,11111111,oooooooo,on,on,on,on,0,100,100,-2.621,0.2067,-1.474359518,-0.002774575,7.27494E-07,-2.16226E-10,-0.124064303,-0.001584374,0.000939206,-5.31953E-06,23,2146,2,22,72.4,72.4,0.155029,4.99756,1.49902,2.27417,1.4978,2.27539,39.0931,15.0164,3,352.997,616.209,32.6097,32.8979,30,32.7144,32.7292,-1,40,10,-999.9,400,20,100.087,106.312
75,1784654283,9432.6,20260721 13:18:03,13:18:03,15,1784654275,0.000203102,0.20310204,0.409621364,448.5206774,330.9794808,33.47975092,45.36946074,0.006660165,3.11562987,0.006652266,0.004158375,261.4498749,34.18815154,33.28417097,5.133336689,43.19327854,2.156272046,4.992147202,2.977064643,-8.956799985,-83.39594066,-6.132361869,162.9647724,1.678993723,0.252658072,0.409621364,463.8384853,460.2006,0.268497782,92.640295,0.20310204,20.71272159,21.26391818,-0.007220362,97.13512054,0,0,1,0,52406.91685,1499.999032,1273.859196,0.849240012,0.174300029,9,0.5,0: Broadleaf,2,TRUE,1784654275,448.5206774,452.8207742,21.31681935,20.72356774,451.1184839,21.10595806,375.1274839,101.0535484,0.100006006,32.78767742,33.28417097,999.9,0,0,9996.820968,711.2666774,0.218638,-4.300088065,458.2899032,462.4033871,0.593253581,452.8207742,20.72356774,2.15414129,2.094190323,18.62525484,18.17504516,1499.999032,0.691999613,0.308000387,34,28282.52581,1784649822,12:03:41,1784649817,1784649822,3,0.376,-0.041,-2.625,0.186,463,21,0.36,0.01,-3.729279415,-8.942683714,1.308375391,0,0.588507024,0.023298167,0.029806161,1,1,2,1/2,2.63087,2.71261,0.102428,0.101912,0.107186,0.105501,24988.2,24676,25344.1,25273.4,31272.9,30821.4,38938.2,38046.7,1.66153,2.03125,0.106312,0,31.5527,999.9,57.2,36.5,34.7252,61.89,19.395,1,0.435424,0,20.4181,5.21669,11.9851,4.9678,3.295,9099.6,9999,9999,224.8,4.97002,1.87549,1.87149,1.87469,1.87446,1.87245,1.8738,1.875,0,0,0,0,11111111,oooooooo,on,on,on,on,0,100,100,-2.603,0.2092,-1.474359518,-0.002774575,7.27494E-07,-2.16226E-10,-0.124064303,-0.001584374,0.000939206,-5.31953E-06,23,2146,2,22,74.4,74.4,0.153809,4.99756,1.4978,2.27417,1.4978,2.42065,39.118,15.0339,3,353.285,615.872,32.5971,32.9038,30,32.7224,32.735,-1,40,10,-999.9,400,20,100.082,106.309
76,1784654403,9552.6,20260721 13:20:03,13:20:03,15,1784654395,0.000206485,0.206485317,0.370104341,451.6284516,344.0624458,34.80174514,45.68199309,0.006734001,3.115682118,0.006725926,0.004204429,261.4497459,34.20143006,33.29763226,5.137212595,42.90715683,2.143693704,4.996121539,2.99351889,-9.106002465,-83.28300942,-6.124783548,162.9359505,1.407971191,0.209564753,0.370104341,465.2796864,462.7978848,0.160551866,92.640295,0.206485317,20.70611787,21.19088848,1.21408E-05,97.13512054,0,0,1,0,52405.61366,1499.99871,1273.858817,0.849239942,0.174299981,9,0.5,0: Broadleaf,2,TRUE,1784654395,451.6284516,455.2334839,21.19331935,20.70119355,454.2332581,20.98615806,375.1297742,101.0495161,0.099986145,32.80181935,33.29763226,999.9,0,0,9997.459677,711.4424839,0.218638,-3.605003226,461.4072903,464.8565484,0.492146129,455.2334839,20.70119355,2.141574839,2.091844194,18.53182903,18.15720323,1499.99871,0.692000065,0.307999871,34,28282.5129,1784649822,12:03:41,1784649817,1784649822,3,0.376,-0.041,-2.625,0.186,463,21,0.36,0.01,-3.682167561,2.187301463,0.402855567,0,0.492605537,-0.020023965,0.005189546,1,1,2,1/2,2.63063,2.71269,0.102861,0.102655,0.106937,0.105422,24976,24654.7,25344,25272.4,31281.6,30823.3,38938,38045.5,1.66112,2.031,0.108071,0,31.553,999.9,57.1,36.6,34.8562,62.4,20.2083,1,0.435562,0,20.4178,5.21699,11.9828,4.96765,3.29505,9099.6,9999,9999,224.8,4.96997,1.87546,1.87149,1.87469,1.87447,1.87252,1.87379,1.875,0,0,0,0,11111111,oooooooo,on,on,on,on,0,100,100,-2.608,0.2071,-1.474359518,-0.002774575,7.27494E-07,-2.16226E-10,-0.124064303,-0.001584374,0.000939206,-5.31953E-06,23,2146,2,22,76.4,76.4,0.153809,4.99756,1.49902,2.27417,1.4978,2.33887,39.118,15.0076,3,353.105,615.723,32.596,32.9067,30.0001,32.726,32.7408,-1,40,10,-999.9,400,20,100.081,106.306
77,1784654524,9673,20260721 13:22:03,13:22:03,15,1784654516,0.000204838,0.204838459,0.408068315,466.1105161,348.2299716,35.22395148,47.14773437,0.006677584,3.116794221,0.006669646,0.004169241,261.4501578,34.20729645,33.3098871,5.140743341,42.94045585,2.146073599,4.997789513,2.994669742,-9.03337606,-84.37513594,-6.203439506,161.8382063,-1.26876768,0.250761567,0.408068315,468.8628455,473.2544788,-0.5495419,92.640295,0.204838459,20.58487336,21.15527636,-0.008686639,97.13512054,0,0,1,0,52430.30041,1500.000968,1273.860817,0.849239997,0.174299993,9,0.5,0: Broadleaf,2,TRUE,1784654516,466.1105161,463.3469355,21.21644839,20.62759032,468.7478065,21.0085871,375.1280323,101.0514194,0.099987319,32.80775161,33.3098871,999.9,0,0,10002.37581,711.406871,0.218638,2.763557968,476.214129,473.1062258,0.588850613,463.3469355,20.62759032,2.14395129,2.084447419,18.54952258,18.10079032,1500.000968,0.692000097,0.307999903,34,28282.56129,1784649822,12:03:41,1784649817,1784649822,3,0.376,-0.041,-2.625,0.186,463,21,0.36,0.01,1.670907829,30.78765437,3.702721915,0,0.568579585,0.357762982,0.039593769,0,0,2,0/2,2.63094,2.71262,0.104529,0.102924,0.106799,0.104985,24930.2,24648.3,25344.7,25273.5,31287,30839.5,38938.5,38046.9,1.66133,2.03157,0.110395,0,31.5316,999.9,56.9,36.6,34.7338,62.61,20.0841,1,0.434329,0,20.4186,5.21684,11.9843,4.9677,3.2951,9099.6,9999,9999,224.8,4.97002,1.87547,1.87149,1.87469,1.87443,1.87254,1.87379,1.875,0,0,0,0,11111111,oooooooo,on,on,on,on,0,100,100,-2.631,0.2059,-1.474359518,-0.002774575,7.27494E-07,-2.16226E-10,-0.124064303,-0.001584374,0.000939206,-5.31953E-06,23,2146,2,22,78.4,78.4,0.153809,4.99756,1.49902,2.27417,1.4978,2.30591,39.118,14.9901,3,353.19,616.172,32.6042,32.9009,30,32.7231,32.7379,-1,40,10,-999.9,400,20,100.083,106.31
78,1784654733,9882,20260721 13:25:32,13:25:32,15,1784654725,6.38442E-05,0.063844235,-0.034114101,526.781871,527.1351705,53.31720717,53.28147261,0.002132994,3.116812442,0.002132183,0.001332687,261.4501305,34.09631017,33.20014194,5.109199686,44.1774673,2.189873804,4.956992644,2.919325882,-2.815530768,-90.39936248,-6.638001407,161.5972359,-4.718080033,0.441201678,-0.034114101,510.740189,529.2056848,-1.872942124,92.63881043,0.063844235,20.58971524,21.23712909,-0.048385618,97.05017434,0,0,1,0,52455.56385,1500.000645,1273.860517,0.84923998,0.174300012,9,0.5,0: Broadleaf,2,TRUE,1784654725,526.781871,516.0199032,21.6507871,20.61517742,529.5535484,21.42978065,375.1262581,101.0452581,0.099970252,32.66215806,33.20014194,999.9,0,0,10003.06935,716.0858065,0.218638,10.76196777,538.4403226,526.8821613,1.035603484,516.0199032,20.61517742,2.18771,2.083066774,18.87130645,18.09024839,1500.000645,0.691999742,0.308000226,34,28282.52581,1784649822,12:03:41,1784649817,1784649822,3,0.376,-0.041,-2.625,0.186,463,21,0.36,0.01,13.18084051,19.22625868,12.12454406,0,1.331619293,-5.245185742,0.538404909,0,0,2,0/2,2.63075,2.71255,0.113346,0.110476,0.107019,0.104892,24682,24437.3,25342,25270,31277.6,30840.9,38935.3,38043.7,1.6743,2.03067,0.0932738,0,31.6996,999.9,56.6,36.6,34.5569,61.54,21.258,1,0.437398,0,20.4183,5.21684,11.984,4.9677,3.295,9099.6,9999,9999,224.9,4.97002,1.87546,1.87149,1.87469,1.87447,1.87251,1.87378,1.875,0,0,0,0,11111111,oooooooo,on,on,on,on,0,100,100,-2.75,0.2079,-1.474359518,-0.002774575,7.27494E-07,-2.16226E-10,-0.124064303,-0.001584374,0.000939206,-5.31953E-06,23,2146,2,22,81.9,81.8,0.153809,4.99756,1.49902,2.27417,1.4978,2.32666,39.0683,14.9726,3,359.743,615.662,32.5725,32.9168,30.0002,32.7397,32.7615,-1,40,10,-999.9,400,20,100.074,106.299
79,1784654910,10059,20260721 13:28:29,13:28:29,15,1784654902,0.000720728,0.720728008,2.064582505,464.9616129,313.7187665,31.7303511,47.02745515,0.024904066,3.117124281,0.024794055,0.015506128,261.4493978,34.03375731,33.15084839,5.095086312,45.37949524,2.261941763,4.984501814,2.833144548,-31.78410515,-65.60741991,-4.818209111,159.2396636,-5.239691138,0.779474298,2.064582505,459.6445454,465.7422,-1.136926287,92.64075959,0.720728008,20.53963271,22.30523455,-0.007284592,97.16886315,0,0,1,0,52445.84485,1499.996774,1273.857207,0.849239964,0.174299973,9,0.5,0: Broadleaf,2,TRUE,1784654902,464.9616129,453.2598387,22.36387419,20.53554516,467.5965484,22.12696452,375.1173871,101.0427097,0.099952094,32.76044516,33.15084839,999.9,0,0,10004.75323,709.7170968,0.218638,11.70181065,475.5982258,462.7630323,1.828330645,453.2598387,20.53554516,2.259708065,2.07496871,19.3919871,18.02830968,1499.996774,0.692000258,0.30799971,34,28282.48387,1784654824,13:27:04,1784649817,1784654812,4,0.376,-0.006,-2.625,0.193,463,21,0.36,0.06,13.23206049,-34.42249965,3.654769928,0,1.859079024,-0.588136934,0.059674927,0,0,2,0/2,2.63058,2.71259,0.103161,0.101623,0.110802,0.104752,24965.3,24680.8,25341.7,25270.2,31142.7,30845.2,38934.4,38044,1.6733,2.03062,0.0994839,0,31.5496,999.9,56.7,36.6,34.6157,62.38,20.9615,1,0.437459,0,20.4186,5.21639,11.9842,4.9678,3.29505,9099.6,9999,9999,224.9,4.97002,1.87546,1.87149,1.87469,1.87445,1.87251,1.87378,1.875,0,0,0,0,11111111,oooooooo,on,on,on,on,0,100,100,-2.612,0.235,-1.474359518,-0.002774575,7.27494E-07,-2.16226E-10,-0.130249566,-0.001584374,0.000939206,-5.31953E-06,23,2146,2,22,84.9,1.6,0.153809,4.99756,1.49902,2.27417,1.4978,2.33643,38.994,14.9638,3,359.306,615.705,32.5718,32.9272,30.0001,32.7522,32.7697,-1,40,10,-999.9,400,20,100.072,106.3
80,1784655034,10183,20260721 13:30:33,13:30:33,15,1784655026,0.000577169,0.577168524,1.842420492,448.1097097,281.1957897,28.44042342,45.32226422,0.019737784,3.11680746,0.019668606,0.012299074,261.4503538,33.98651718,33.08563548,5.076467147,44.65500612,2.215509269,4.961390585,2.860957878,-25.45313193,-68.51260654,-5.028433343,162.456182,-1.146763652,0.631321611,1.842420492,452.3462438,453.5293091,-0.58035935,92.64075959,0.577168524,20.40811461,21.84633697,-0.008129904,97.16886315,0,0,1,0,52452.65707,1500.001613,1273.861437,0.849240045,0.174300048,9,0.5,0: Broadleaf,2,TRUE,1784655026,448.1097097,446.0370645,21.90515484,20.42361935,450.7066129,21.68242258,375.1129677,101.0410323,0.09996791,32.67790323,33.08563548,999.9,0,0,10003.46484,709.7341935,0.218638,2.072631,458.1455484,455.3367742,1.481533548,446.0370645,20.42361935,2.21331871,2.063623226,19.05902903,17.94113871,1500.001613,0.691999452,0.308000581,34,28282.55484,1784654824,13:27:04,1784649817,1784654812,4,0.376,-0.006,-2.625,0.193,463,21,0.36,0.06,2.408394775,-11.37748862,2.133013626,0,1.49788525,-0.396865779,0.038725493,0,0,2,0/2,2.63052,2.71258,0.101233,0.101255,0.109221,0.104467,25019.1,24690.1,25341.8,25269.4,31198.1,30854,38934.4,38042.8,1.67305,2.031,0.100639,0,31.4292,999.9,56.5,36.6,34.4917,62.55,21.3822,1,0.43622,0,20.4184,5.21624,11.9854,4.96765,3.29515,9099.6,9999,9999,225,4.97003,1.87546,1.87149,1.87469,1.87448,1.87253,1.87378,1.875,0,0,0,0,11111111,oooooooo,on,on,on,on,0,100,100,-2.586,0.2208,-1.474359518,-0.002774575,7.27494E-07,-2.16226E-10,-0.130249566,-0.001584374,0.000939206,-5.31953E-06,23,2146,2,22,86.9,3.7,0.153809,4.99756,1.49902,2.27417,1.4978,2.29614,38.9693,14.9376,3,359.135,615.958,32.5218,32.9096,30,32.7435,32.7639,-1,40,10,-999.9,400,20,100.072,106.296
81,1784655154,10303,20260721 13:32:33,13:32:33,15,1784655146,0.000503581,0.50358072,1.465157861,484.2010968,328.3850122,33.2130242,48.97234085,0.017190963,3.114263351,0.017138418,0.010716219,261.4501142,34.03972869,33.13168387,5.089608429,44.76491359,2.225248575,4.970965868,2.864359854,-22.20790974,-70.43948236,-5.176115891,163.6266062,-5.269723099,0.536845751,1.465157861,468.7308466,483.6773455,-1.889076863,92.64075959,0.50358072,20.71977563,21.95953212,-0.005650063,97.16886315,0,0,1,0,52388.04679,1500.000968,1273.860762,0.84923996,0.174299964,9,0.5,0: Broadleaf,2,TRUE,1784655146,484.2010968,472.1821613,22.00155806,20.74195161,486.8787742,21.77586774,375.1416774,101.0404839,0.100015761,32.71214194,33.13168387,999.9,0,0,9991.841935,709.8926129,0.218638,12.01890968,495.094,482.1840968,1.259601935,472.1821613,20.74195161,2.223046129,2.095775806,19.12937097,18.18708065,1500.000968,0.692000387,0.307999581,34,28282.54516,1784654824,13:27:04,1784649817,1784654812,4,0.376,-0.006,-2.625,0.193,463,21,0.36,0.06,13.47493975,9.293933246,6.562298924,0,1.271651,-0.03280728,0.036666385,1,1,2,1/2,2.63055,2.71247,0.106073,0.103574,0.109613,0.105207,24885.7,24628.5,25343.1,25271.4,31185.8,30830.7,38935.8,38045.5,1.67332,2.03185,0.103451,0,31.4615,999.9,56.9,36.6,34.7404,62.16,21.2139,1,0.433148,0,20.4179,5.21579,11.983,4.9678,3.29508,9099.6,9999,9999,225,4.96999,1.87547,1.87149,1.87469,1.87447,1.87251,1.87379,1.87499,0,0,0,0,11111111,oooooooo,on,on,on,on,0,100,100,-2.651,0.2243,-1.474359518,-0.002774575,7.27494E-07,-2.16226E-10,-0.130249566,-0.001584374,0.000939206,-5.31953E-06,23,2146,2,22,88.9,5.7,0.153809,4.99756,1.49902,2.27417,1.4978,2.33887,38.9198,14.9288,3,359.123,616.4,32.4877,32.8719,30.0001,32.7144,32.7377,-1,40,10,-999.9,400,20,100.076,106.304
82,1784655274,10423,20260721 13:34:33,13:34:33,15,1784655266,0.000430007,0.430006987,1.611840292,459.824871,265.5824238,26.86086463,46.50644209,0.014594076,3.116123373,0.01455621,0.009101025,261.4495974,34.00519988,33.08821613,5.07720283,44.32321669,2.196870251,4.956477475,2.880332578,-18.96330812,-71.88622,-5.276807344,165.323262,7.865182512,0.392775187,1.611840292,491.2456988,478.6451152,0.881572699,92.64075959,0.430006987,20.81778545,21.76010061,0.006495325,97.16886315,0,0,1,0,52439.84879,1499.997419,1273.857865,0.849240038,0.174300031,9,0.5,0: Broadleaf,2,TRUE,1784655266,459.824871,479.1273871,21.72119677,20.79936452,462.4480323,21.5040871,375.1433871,101.0394516,0.100014794,32.6603129,33.08821613,999.9,0,0,10000.48097,709.7367742,0.218638,-19.30257097,470.0346774,489.3047097,0.921815484,479.1273871,20.79936452,2.194696452,2.101556452,18.92363871,18.23096774,1499.997419,0.691999677,0.308000355,34,28282.49032,1784654824,13:27:04,1784649817,1784654812,4,0.376,-0.006,-2.625,0.193,463,21,0.36,0.06,-17.55252575,-5.016901576,5.168998902,0,0.93039445,-0.070231925,0.023834813,1,1,2,1/2,2.63076,2.71248,0.105464,0.106449,0.108942,0.105775,24902.9,24549.5,25343.2,25271.3,31209.4,30811.2,38935.9,38045.3,1.67353,2.03163,0.104588,0,31.3921,999.9,57,36.6,34.8015,62.19,20.9455,1,0.431773,0,20.4183,5.21654,11.9833,4.9678,3.295,9099.6,9999,9999,225,4.97002,1.87546,1.87149,1.87469,1.87446,1.87251,1.87378,1.875,0,0,0,0,11111111,oooooooo,on,on,on,on,0,100,100,-2.643,0.2183,-1.474359518,-0.002774575,7.27494E-07,-2.16226E-10,-0.130249566,-0.001584374,0.000939206,-5.31953E-06,23,2146,2,22,90.9,7.7,0.153809,4.99756,1.49902,2.27295,1.4978,2.37061,38.8951,14.9288,3,359.12,616.038,32.4459,32.8482,30,32.6945,32.7206,-1,40,10,-999.9,400,20,100.077,106.304
83,1784655394,10543,20260721 13:36:33,13:36:33,15,1784655386,0.000350593,0.350593207,1.642653696,527.0142258,286.1538142,28.9419257,53.30282461,0.011880331,3.114325398,0.01185521,0.007411759,261.4499147,34.01506223,33.07878065,5.074513441,44.22851215,2.19090392,4.953600773,2.883609521,-15.46116041,-71.99097736,-5.287036043,168.7107409,27.01871407,0.324255391,1.642653696,633.9139235,577.4479152,5.343177291,92.64075959,0.350593207,20.93619376,21.6972,0.00601056,97.16886315,0,0,1,0,52400.14347,1499.999677,1273.859714,0.849239992,0.174299981,9,0.5,0: Broadleaf,2,TRUE,1784655386,527.0142258,592.2465484,21.66184516,20.90075484,529.7862903,21.44654194,375.1306129,101.0411613,0.099988223,32.65000645,33.07878065,999.9,0,0,9992.059677,709.9419677,0.218638,-65.23238065,538.6835161,604.8903871,0.761085935,592.2465484,20.90075484,2.18873871,2.111837419,18.88012581,18.30872903,1499.999677,0.692000258,0.307999742,34,28282.52903,1784654824,13:27:04,1784649817,1784654812,4,0.376,-0.006,-2.625,0.193,463,21,0.36,0.06,-56.286085,-151.182439,20.24673836,0,0.77874635,-0.372174889,0.039796279,0,0,2,0/2,2.63023,2.71248,0.121051,0.127161,0.108736,0.10633,24469,23980.8,25343.3,25271.9,31218.2,30794.5,38935.9,38045.8,1.67332,2.03223,0.105705,0,31.3665,999.9,57.3,36.5,34.791,61.65,21.3902,1,0.43045,0,20.4185,5.21654,11.9825,4.96775,3.29508,9099.6,9999,9999,225.1,4.96999,1.87547,1.87149,1.87468,1.8745,1.87253,1.87379,1.875,0,0,0,0,11111111,oooooooo,on,on,on,on,0,100,100,-2.859,0.2164,-1.474359518,-0.002774575,7.27494E-07,-2.16226E-10,-0.130249566,-0.001584374,0.000939206,-5.31953E-06,23,2146,2,22,92.9,9.7,0.153809,4.99756,1.49902,2.27295,1.4978,2.32056,38.8457,14.9026,3,358.927,616.332,32.4251,32.8307,29.9999,32.6767,32.7003,-1,40,10,-999.9,400,20,100.077,106.306
84,1784655514,10663,20260721 13:38:33,13:38:33,15,1784655506,0.000288083,0.288082776,0.915460253,482.8647097,310.9278974,31.44813271,48.83831138,0.009597079,3.11768213,0.009580697,0.005989405,261.4499711,34.06390766,33.12338065,5.087236671,43.41500265,2.154845416,4.963365851,2.932391255,-12.70445041,-73.68810857,-5.407956912,169.6494552,3.534703966,0.296240359,0.915460253,499.2967961,496.4675152,0.059777529,92.64075959,0.288082776,20.61225762,21.29013273,-0.000136998,97.16886315,0,0,1,0,52471.67539,1500,1273.860064,0.849240043,0.174299981,9,0.5,0: Broadleaf,2,TRUE,1784655506,482.8647097,491.6885161,21.30497097,20.60936129,485.5394516,21.10046129,375.1185161,101.042871,0.099975884,32.68497097,33.12338065,999.9,0,0,10007.29839,709.7055161,0.218638,-8.823845645,493.3760323,502.0353548,0.695615903,491.6885161,20.60936129,2.152715806,2.082429677,18.6147129,18.08539032,1500,0.692000452,0.307999613,34,28282.51613,1784654824,13:27:04,1784649817,1784654812,4,0.376,-0.006,-2.625,0.193,463,21,0.36,0.06,-7.3596544,6.254664946,5.657454544,0,0.7135191,-0.226079392,0.043542022,0,0,2,0/2,2.63086,2.71279,0.108313,0.107842,0.107307,0.10487,24824.2,24511.3,25343.7,25271.3,31267.4,30842.6,38936.2,38045.2,1.6738,2.03253,0.10632,0,31.402,999.9,56.9,36.5,34.5492,62.4,20.4688,1,0.429657,0,20.4184,5.21669,11.9837,4.96775,3.29503,9099.6,9999,9999,225.1,4.97002,1.87546,1.87149,1.87468,1.87448,1.87254,1.87378,1.875,0,0,0,0,11111111,oooooooo,on,on,on,on,0,100,100,-2.682,0.204,-1.474359518,-0.002774575,7.27494E-07,-2.16226E-10,-0.130249566,-0.001584374,0.000939206,-5.31953E-06,23,2146,2,22,94.9,11.7,0.153809,4.99756,1.4978,2.27417,1.4978,2.40845,38.8211,14.9026,3,359.105,616.464,32.4412,32.822,30.0002,32.6651,32.6888,-1,40,10,-999.9,400,20,100.078,106.304
85,1784655634,10783,20260721 13:40:33,13:40:33,15,1784655626,0.000247792,0.247792349,1.023181343,493.7860968,274.6112934,27.77491339,49.94283339,0.008174502,3.116650683,0.00816261,0.005102698,261.449931,34.07931301,33.13452258,5.090419507,42.89439969,2.129621424,4.964800625,2.960798083,-10.92764257,-74.67350504,-5.482526224,170.3662572,-3.074754126,0.276168407,1.023181343,489.6500266,497.7582485,-1.081587092,92.64075959,0.247792349,20.38315347,21.02110182,-0.00543514,97.16886315,0,0,1,0,52446.97952,1500,1273.859972,0.849239982,0.174299954,9,0.5,0: Broadleaf,2,TRUE,1784655626,493.7860968,486.7363548,21.05562258,20.40699355,496.4852581,20.85856129,375.1268387,101.0426774,0.099970616,32.69010323,33.13452258,999.9,0,0,10002.58226,709.7546452,0.218638,7.049821842,504.4068065,496.8762903,0.648625742,486.7363548,20.40699355,2.127515161,2.061976774,18.42669032,17.92843226,1500,0.692000613,0.307999387,34,28282.54194,1784654824,13:27:04,1784649817,1784654812,4,0.376,-0.006,-2.625,0.193,463,21,0.36,0.06,7.580388928,3.254531537,4.285066307,0,0.66572575,-0.251549133,0.036279274,0,0,2,0/2,2.63084,2.71262,0.1085,0.10741,0.106362,0.104304,24818.2,24522.6,25342.9,25270.7,31299.9,30861.5,38935.1,38044.4,1.67365,2.03253,0.105519,0,31.43,999.9,56.6,36.5,34.3649,62.37,21.3462,1,0.430231,0,20.4184,5.21714,11.9828,4.96765,3.29503,9099.6,9999,9999,225.1,4.97003,1.87547,1.87149,1.87468,1.87443,1.87254,1.87381,1.87499,0,0,0,0,11111111,oooooooo,on,on,on,on,0,100,100,-2.684,0.196,-1.474359518,-0.002774575,7.27494E-07,-2.16226E-10,-0.130249566,-0.001584374,0.000939206,-5.31953E-06,23,2146,2,22,96.9,13.7,0.153809,4.99756,1.49902,2.27417,1.4978,2.31812,38.8211,14.8763,3,359.03,616.464,32.4475,32.8249,30,32.6651,32.6888,-1,40,10,-999.9,400,20,100.075,106.301
86,1784655754,10903,20260721 13:42:33,13:42:33,15,1784655746,0.000225738,0.225737738,0.828243944,547.6912581,348.7653054,35.27477356,55.39451548,0.007484092,3.116631887,0.007474122,0.004672221,261.4497859,34.06111934,33.11725806,5.085488415,43.15789733,2.139855509,4.958201491,2.945632906,-9.955034242,-75.7402772,-5.559767602,170.1947069,-10.52831873,0.253821581,0.828243944,519.1706217,543.1217636,-2.647269056,92.64075959,0.225737738,20.52153165,21.11499273,-0.006152182,97.16886315,0,0,1,0,52450.58056,1499.999355,1273.859411,0.849239973,0.174299932,9,0.5,0: Broadleaf,2,TRUE,1784655746,547.6912581,522.7662258,21.15697097,20.56090968,550.5086129,20.95689032,375.1398387,101.041871,0.09999439,32.6664871,33.11725806,999.9,0,0,10002.57581,709.6013548,0.218638,24.92506097,559.5294839,533.7415484,0.596054516,522.7662258,20.56090968,2.137737097,2.07751129,18.50318065,18.04773548,1499.999355,0.692000903,0.307999097,34,28282.50645,1784654824,13:27:04,1784649817,1784654812,4,0.376,-0.006,-2.625,0.193,463,21,0.36,0.06,16.1473945,179.2425553,18.81203451,0,0.563238725,0.730355313,0.072741569,0,0,2,0/2,2.63067,2.71276,0.115383,0.107612,0.106682,0.10455,24626.6,24516.6,25343,25270.2,31289.3,30852.4,38935.1,38043.8,1.67355,2.03285,0.104178,0,31.4186,999.9,56.7,36.5,34.4273,62.28,21.3462,1,0.430137,0,20.4189,5.21699,11.9842,4.96795,3.29508,9099.6,9999,9999,225.2,4.97003,1.87546,1.87149,1.87469,1.87441,1.87251,1.87378,1.87498,0,0,0,0,11111111,oooooooo,on,on,on,on,0,100,100,-2.779,0.1987,-1.474359518,-0.002774575,7.27494E-07,-2.16226E-10,-0.130249566,-0.001584374,0.000939206,-5.31953E-06,23,2146,2,22,98.9,15.7,0.153809,4.99756,1.49902,2.27417,1.4978,2.30713,38.7964,14.8588,3,358.967,616.706,32.4255,32.822,30.0001,32.6625,32.6859,-1,40,10,-999.9,400,20,100.075,106.299
87,1784655874,11023,20260721 13:44:33,13:44:33,15,1784655866,0.000198565,0.198565437,0.93486578,515.4962903,270.054633,27.31429431,52.13914397,0.006609338,3.115993349,0.00660156,0.004126673,261.4496395,34.07723534,33.11354839,5.084429399,43.3599788,2.150990978,4.960774975,2.933438421,-8.756735785,-73.55390247,-5.400527254,173.738474,-9.26319372,0.230595242,0.93486578,497.0516538,512.5614,-1.813837054,92.64075959,0.198565437,20.69745043,21.23144242,-0.006581087,97.16886315,0,0,1,0,52434.29499,1499.997742,1273.85836,0.849240185,0.174300022,9,0.5,0: Broadleaf,2,TRUE,1784655866,515.4962903,493.5587097,21.26670645,20.72526452,518.2433226,21.06335161,375.1503226,101.0435806,0.100006513,32.6757,33.11354839,999.9,0,0,9999.475484,709.5532903,0.218638,21.93765161,526.6976452,504.0046774,0.541441516,493.5587097,20.72526452,2.148864194,2.094155484,18.58609355,18.17476129,1499.997742,0.692000387,0.307999839,34,28282.48065,1784654824,13:27:04,1784649817,1784654812,4,0.376,-0.006,-2.625,0.193,463,21,0.36,0.06,19.2797675,40.87297891,5.307007243,0,0.520286525,0.452198128,0.046537754,0,0,2,0/2,2.63084,2.71267,0.110732,0.10605,0.107101,0.105279,24755.3,24558.4,25342.1,25269.1,31273,30825.7,38933.8,38042,1.67375,2.03272,0.10699,0,31.3944,999.9,57.1,36.4,34.4773,62.13,21.2821,1,0.430582,0,20.4187,5.21699,11.9858,4.96775,3.29505,9099.6,9999,9999,225.2,4.97002,1.87546,1.87149,1.87467,1.8744,1.87247,1.87378,1.87499,0,0,0,0,11111111,oooooooo,on,on,on,on,0,100,100,-2.714,0.2022,-1.474359518,-0.002774575,7.27494E-07,-2.16226E-10,-0.130249566,-0.001584374,0.000939206,-5.31953E-06,23,2146,2,22,100.9,17.7,0.153809,4.99756,1.49902,2.27417,1.4978,2.33398,38.7717,14.85,3,359.08,616.61,32.4244,32.8249,30,32.6651,32.6869,-1,40,10,-999.9,400,20,100.072,106.294
88,1784655994,11143,20260721 13:46:33,13:46:33,15,1784655986,0.000199006,0.199005815,0.639143049,464.311,287.6067717,29.0897833,46.96240737,0.006471075,3.115543813,0.006463617,0.00404043,261.4498386,34.18128389,33.24713871,5.122687123,42.48745603,2.120092031,4.989924623,3.002595093,-8.776156429,-78.50259898,-5.771426717,168.3996565,2.176105202,0.207243736,0.639143049,482.4108164,476.6817273,0.42438853,92.64075959,0.199005815,20.5021979,20.96492242,0.000458708,97.16886315,0,0,1,0,52406.09111,1499.999032,1273.859181,0.849240002,0.174300005,9,0.5,0: Broadleaf,2,TRUE,1784655986,464.311,469.7627742,20.96106452,20.47426774,466.9444194,20.76681613,375.1251613,101.0442903,0.1000017,32.77976452,33.24713871,999.9,0,0,9997.341935,709.4580645,0.218638,-5.45173051,474.2518387,479.5819032,0.486805194,469.7627742,20.47426774,2.117996452,2.068806452,18.35517097,17.98100645,1499.999032,0.691999935,0.308000065,34,28282.50323,1784654824,13:27:04,1784649817,1784654812,4,0.376,-0.006,-2.625,0.193,463,21,0.36,0.06,-2.661634895,-53.19120077,5.75151677,0,0.506365925,-0.493763561,0.048335273,0,0,2,0/2,2.63098,2.71263,0.105182,0.105854,0.10617,0.104807,24907.7,24561.2,25340.1,25266.6,31302.4,30838.8,38930.2,38038.1,1.67345,2.03233,0.101272,0,31.6129,999.9,56.8,36.4,34.297,62.1,20.617,1,0.433191,0,20.4187,5.21729,11.9854,4.96795,3.2951,9099.6,9999,9999,225.2,4.96999,1.87547,1.87149,1.87469,1.87443,1.87248,1.87379,1.87496,0,0,0,0,11111111,oooooooo,on,on,on,on,0,100,100,-2.639,0.1944,-1.474359518,-0.002774575,7.27494E-07,-2.16226E-10,-0.130249566,-0.001584374,0.000939206,-5.31953E-06,23,2146,2,22,102.9,19.7,0.153809,4.99756,1.49902,2.27417,1.4978,2.38403,38.7964,14.85,3,359.05,616.532,32.5001,32.854,30.0002,32.6883,32.7119,-1,40,10,-999.9,400,20,100.063,106.284
89,1784656114,11263,20260721 13:48:33,13:48:33,15,1784656106,0.000169819,0.169818573,0.727900577,495.1226452,266.2079186,26.92440302,50.07695381,0.005544181,3.116025031,0.005538706,0.003462183,261.4500453,34.22254431,33.27930645,5.131936676,42.85265095,2.142452768,4.999580471,2.989483908,-7.488999082,-78.14731139,-5.746292381,170.0674425,1.81444684,0.182951178,0.727900577,512.9795518,507.8724667,0.338832255,92.64075959,0.169818573,20.81250604,21.20156424,0.000945653,97.16886315,0,0,1,0,52411.22799,1500.000323,1273.86027,0.849239997,0.174299993,9,0.5,0: Broadleaf,2,TRUE,1784656106,495.1226452,499.6931613,21.18293548,20.7533,497.8245484,20.98207742,375.1276774,101.0405161,0.099987742,32.81411935,33.27930645,999.9,0,0,9999.924194,709.7177742,0.218638,-4.570512452,505.8376774,510.2834516,0.429630097,499.6931613,20.7533,2.140334194,2.096924194,18.52256452,18.19575484,1500.000323,0.692000097,0.307999903,34,28282.52258,1784654824,13:27:04,1784649817,1784654812,4,0.376,-0.006,-2.625,0.193,463,21,0.36,0.06,-0.9159629,-73.67511577,7.797304437,0,0.44942635,-0.705447152,0.072419935,0,0,2,0/2,2.63089,2.71276,0.11017,0.110564,0.106998,0.106036,24765.4,24428.3,25336.8,25263.1,31270.1,30792.7,38925.4,38033,1.67295,2.03157,0.102147,0,31.6344,999.9,57.3,36.4,34.6011,62.49,20.9215,1,0.437431,0,20.4182,5.21639,11.9854,4.9677,3.295,9099.6,9999,9999,225.3,4.97002,1.87546,1.87149,1.87469,1.87443,1.87249,1.87378,1.87493,0,0,0,0,11111111,oooooooo,on,on,on,on,0,100,100,-2.707,0.2015,-1.474359518,-0.002774575,7.27494E-07,-2.16226E-10,-0.130249566,-0.001584374,0.000939206,-5.31953E-06,23,2146,2,22,104.9,21.7,0.153809,4.99756,1.49902,2.27417,1.4978,2.35352,38.7964,14.8238,3,359.019,616.29,32.5495,32.9071,30.0002,32.7308,32.7495,-1,40,10,-999.9,400,20,100.051,106.269
90,1784656234,11383,20260721 13:50:33,13:50:33,15,1784656226,0.000191566,0.191565637,0.599403508,481.3844839,307.217829,31.07064954,48.68509306,0.006206263,3.115534071,0.006199403,0.003875243,261.4501615,34.26410762,33.33980645,5.149372286,42.62721262,2.136790317,5.012737604,3.01258197,-8.448044608,-80.44966009,-5.919629746,166.632827,-1.424028748,0.198106159,0.599403508,482.9520913,488.5238061,-0.717855713,92.64075959,0.191565637,20.65684198,21.11096667,-0.000411705,97.16886315,0,0,1,0,52391.79079,1500.000323,1273.860316,0.849240028,0.17430007,9,0.5,0: Broadleaf,2,TRUE,1784656226,481.3844839,478.1968387,21.12798065,20.66273871,484.0559355,20.9287871,375.1349677,101.0355806,0.099987052,32.86083871,33.33980645,999.9,0,0,9998.159032,709.7639677,0.218638,3.187577871,491.7747097,488.2862903,0.465259903,478.1968387,20.66273871,2.134680323,2.087672581,18.48034516,18.12542581,1500.000323,0.691999065,0.308000935,34,28282.52581,1784654824,13:27:04,1784649817,1784654812,4,0.376,-0.006,-2.625,0.193,463,21,0.36,0.06,3.167759025,27.19189869,4.230580059,0,0.46728745,-0.019059962,0.009737561,1,1,2,1/2,2.6306,2.71262,0.106959,0.104409,0.106645,0.105123,24852,24594.4,25334.2,25260.2,31278.8,30820.5,38921,38029,1.6724,2.03125,0.101551,0,31.696,999.9,57.2,36.4,34.5426,61.32,21.1258,1,0.441806,0,20.4193,5.21714,11.9839,4.96775,3.29505,9099.6,9999,9999,225.3,4.97001,1.87546,1.87149,1.87468,1.87442,1.87246,1.87379,1.87498,0,0,0,0,11111111,oooooooo,on,on,on,on,0,100,100,-2.663,0.1987,-1.474359518,-0.002774575,7.27494E-07,-2.16226E-10,-0.130249566,-0.001584374,0.000939206,-5.31953E-06,23,2146,2,22,106.9,23.7,0.153809,4.99756,1.49902,2.27539,1.4978,2.34375,38.8211,14.815,3,358.985,616.476,32.5967,32.9577,30.0003,32.7773,32.7945,-1,40,10,-999.9,400,20,100.04,106.258
91,1784656354,11503,20260721 13:52:33,13:52:33,15,1784656346,0.000178101,0.178101277,0.207354548,453.7689355,375.2520735,37.94833819,45.88855929,0.00573483,3.116157533,0.005728973,0.003581134,261.4497439,34.27191909,33.3341,5.147725535,42.21722551,2.116808606,5.01408745,3.030916929,-7.854266328,-78.70286103,-5.789912267,169.1027042,1.349540986,0.172058828,0.207354548,463.5661589,463.8326667,-0.07897057,92.64075959,0.178101277,20.52084516,20.93864788,5.30792E-05,97.16886315,0,0,1,0,52405.18537,1499.999032,1273.858917,0.849239826,0.174299942,9,0.5,0: Broadleaf,2,TRUE,1784656346,453.7689355,457.1940323,20.93205806,20.5279,456.3785484,20.73865806,375.1293548,101.0276129,0.099978045,32.86562581,33.3341,999.9,0,0,10001.80968,710.1232258,0.218638,-3.425075677,463.4702258,466.7759677,0.404150484,457.1940323,20.5279,2.114714194,2.073884194,18.33044194,18.0199871,1499.999032,0.692000194,0.307999613,34,28282.5129,1784654824,13:27:04,1784649817,1784654812,4,0.376,-0.006,-2.625,0.193,463,21,0.36,0.06,-3.3518034,-0.444700298,2.27072343,0,0.40509155,0.068414094,0.017552207,1,1,2,1/2,2.63047,2.71258,0.103016,0.104634,0.10602,0.104827,24958.6,24584.6,25331.2,25256.7,31296.8,30826.5,38916.5,38023.8,1.67183,2.03025,0.101235,0,31.6904,999.9,56.9,36.4,34.3622,62.43,20.3566,1,0.446357,0,20.419,5.21669,11.9846,4.96765,3.29508,9099.6,9999,9999,225.3,4.97002,1.87546,1.87149,1.87465,1.87444,1.87246,1.87378,1.87499,0,0,0,0,11111111,oooooooo,on,on,on,on,0,100,100,-2.61,0.1935,-1.474359518,-0.002774575,7.27494E-07,-2.16226E-10,-0.130249566,-0.001584374,0.000939206,-5.31953E-06,23,2146,2,22,108.9,25.7,0.153809,4.99756,1.49902,2.27417,1.4978,2.4231,38.8211,14.8675,3,358.958,616.159,32.6138,33.0065,30.0004,32.828,32.8453,-1,40,10,-999.9,400,20,100.028,106.243
92,1784656474,11623.1,20260721 13:54:33,13:54:33,15,1784656466,0.000163474,0.163474329,0.854604877,477.1806,200.1263913,20.23691606,48.25282504,0.005259313,3.115612469,0.005254385,0.003284433,261.4496776,34.33332855,33.39362333,5.16492516,42.39007074,2.132377545,5.030370339,3.032547615,-7.209217893,-79.00249216,-5.816310566,169.421657,10.82160328,0.103560562,0.854604877,520.4576307,500.755697,1.796056224,92.64075959,0.163474329,20.87825878,21.16111515,0.009826204,97.16886315,0,0,1,0,52382.58906,1499.998667,1273.858832,0.849239976,0.17429994,9,0.5,0: Broadleaf,2,TRUE,1784656466,477.1806,503.2616667,21.08745333,20.84423667,479.8427,20.88945667,375.1349,101.0206667,0.100009747,32.92328333,33.39362333,999.9,0,0,9999.995,710.1753667,0.218638,-26.08104333,487.4602333,513.9755,0.243223367,503.2616667,20.84423667,2.130269333,2.105699,18.44731,18.26231,1499.998667,0.6920008,0.3079992,34,28282.5,1784654824,13:27:04,1784649817,1784654812,4,0.376,-0.006,-2.625,0.193,463,21,0.36,0.06,-24.7802,-13.91176307,2.74311037,0,0.237461927,0.038501624,0.017587686,1,1,2,1/2,2.63055,2.71256,0.109095,0.113018,0.106799,0.106322,24785.1,24349.5,25327,25251.9,31265.4,30770.1,38910.5,38016.8,1.6714,2.02885,0.100233,0,31.7801,999.9,57.4,36.4,34.6692,62.4163,20.1643,1,0.452099,0,20.4192,5.21714,11.9857,4.96785,3.295,9099.6,9999,9999,225.4,4.97002,1.87546,1.87149,1.87465,1.87444,1.87251,1.87379,1.87497,0,0,0,0,11111111,oooooooo,on,on,on,on,0,100,100,-2.694,0.2004,-1.474359518,-0.002774575,7.27494E-07,-2.16226E-10,-0.130249566,-0.001584374,0.000939206,-5.31953E-06,23,2146,2,22,111,27.7,0.153809,4.99756,1.4978,2.27417,1.4978,2.43652,38.8211,14.8588,3,359.068,615.62,32.6543,33.0718,30.0004,32.8905,32.9071,-1,40,10,-999.9,400,20,100.012,106.223
93,1784656594,11743.1,20260721 13:56:33,13:56:33,15,1784656586,0.000165351,0.165350807,0.906170095,496.976,207.8127292,21.01191926,50.24918168,0.00534079,3.1153611,0.005335709,0.003335274,261.4496281,34.32430338,33.38081935,5.16122116,42.5827664,2.141025758,5.027916077,3.020195402,-7.291970585,-78.30349203,-5.76470713,170.0894583,-8.026264959,0.193264581,0.906170095,480.0427051,494.4618909,-1.697378696,92.64075959,0.165350807,20.68528592,21.13835152,-0.00629771,97.16886315,0,0,1,0,52378.04865,1499.998387,1273.858556,0.849239951,0.174299939,9,0.5,0: Broadleaf,2,TRUE,1784656586,496.976,477.9503871,21.17523871,20.72139032,499.6821613,20.97462258,375.1361613,101.009871,0.100004923,32.91460323,33.38081935,999.9,0,0,9999.909677,710.3820968,0.218638,19.02563871,507.7274516,488.0640968,0.45384729,477.9503871,20.72139032,2.138909355,2.093066129,18.51194516,18.1664871,1499.998387,0.69200071,0.307999258,34,28282.49032,1784654824,13:27:04,1784649817,1784654812,4,0.376,-0.006,-2.625,0.193,463,21,0.36,0.06,17.1766275,33.53696848,6.168812725,0,0.462079225,-0.055111486,0.023102274,1,1,2,1/2,2.63042,2.71252,0.107815,0.104901,0.106669,0.105328,24817.7,24569.5,25324.2,25249,31266.4,30800.5,38906,38013,1.67092,2.02838,0.102147,0,31.7295,999.9,57.3,36.4,34.6091,62.0863,21.1899,1,0.456382,0,20.4184,5.21624,11.9858,4.9677,3.29503,9099.6,9999,9999,225.4,4.97002,1.87546,1.87148,1.87462,1.87446,1.87252,1.8738,1.87495,0,0,0,0,11111111,oooooooo,on,on,on,on,0,100,100,-2.676,0.1995,-1.474359518,-0.002774575,7.27494E-07,-2.16226E-10,-0.130249566,-0.001584374,0.000939206,-5.31953E-06,23,2146,2,22,113,29.7,0.153809,4.99756,1.49902,2.27417,1.49902,2.32422,38.8457,14.8238,3,359.105,615.745,32.6646,33.1249,30.0002,32.944,32.9585,-1,40,10,-999.9,400,20,100.001,106.212
94,1784656714,11863.1,20260721 13:58:33,13:58:33,15,1784656706,0.000155487,0.155486762,0.627325395,475.2649032,255.4435741,25.82785838,48.05395735,0.004983348,3.114316593,0.004978922,0.003112224,261.4495392,34.41495415,33.48094194,5.190246847,42.49631967,2.147259192,5.052812122,3.042987655,-6.856966182,-80.33264788,-5.921528598,168.3383966,-6.349834902,0.20438916,0.627325395,464.5500098,475.4722121,-1.271295393,92.64075959,0.155486762,20.72522266,21.18173879,-0.008888915,97.16886315,0,0,1,0,52338.92113,1499.997419,1273.857766,0.849239972,0.174299993,9,0.5,0: Broadleaf,2,TRUE,1784656706,475.2649032,460.2633871,21.23689677,20.75693871,477.9227419,21.03442903,375.1238387,101.0098387,0.099999248,33.00248387,33.48094194,999.9,0,0,9995.117742,710.1807742,0.218638,15.00147,485.5772903,470.0197419,0.479964903,460.2633871,20.75693871,2.145135484,2.096654194,18.55834194,18.19377742,1499.997419,0.692,0.307999968,34,28282.47097,1784654824,13:27:04,1784649817,1784654812,4,0.376,-0.006,-2.625,0.193,463,21,0.36,0.06,16.43649659,-21.45933199,3.250188266,0,0.483422634,-0.053889868,0.00829577,1,1,2,1/2,2.63008,2.71243,0.104755,0.102905,0.106809,0.105499,24899.1,24620.9,25320.6,25245.8,31257,30790.8,38900.6,38008.4,1.67025,2.02765,0.0987202,0,31.887,999.9,57.5,36.4,34.73,61.9663,20.4327,1,0.460605,0,20.4183,5.21654,11.9858,4.9673,3.295,9099.6,9999,9999,225.4,4.97002,1.87548,1.87148,1.87466,1.87444,1.87253,1.87378,1.87499,0,0,0,0,11111111,oooooooo,on,on,on,on,0,100,100,-2.635,0.2008,-1.474359518,-0.002774575,7.27494E-07,-2.16226E-10,-0.130249566,-0.001584374,0.000939206,-5.31953E-06,23,2146,2,22,115,31.7,0.153809,4.99756,1.49902,2.27539,1.4978,2.41577,38.8457,14.8325,3,359.045,615.703,32.7307,33.1804,30.0002,32.9979,33.014,-1,40,10,-999.9,400,20,99.9866,106.199
95,1784656834,11983.1,20260721 14:00:33,14:00:33,15,1784656826,0.000157664,0.157663728,0.055721264,461.5110645,421.4360463,42.61258352,46.66468128,0.005007467,3.11479587,0.005002999,0.003127276,261.449998,34.45562434,33.52569032,5.203265315,42.10409759,2.132399721,5.064589535,3.070865595,-6.952970401,-80.90024612,-5.964967712,167.6318138,-0.561355841,0.183882475,0.055721264,470.5276831,470.6965394,-0.031161708,92.64075959,0.157663728,20.69066849,21.06257818,-0.000156851,97.16886315,0,0,1,0,52342.94627,1500.000323,1273.860137,0.849239909,0.174299961,9,0.5,0: Broadleaf,2,TRUE,1784656826,461.5110645,460.367871,21.0893129,20.65744839,464.1380323,20.89126129,375.1270645,101.0128065,0.100005061,33.04392581,33.52569032,999.9,0,0,9997.024194,710.4997742,0.218638,1.143089694,471.4536452,470.0785484,0.431867161,460.367871,20.65744839,2.130290968,2.086665484,18.44748387,18.11775484,1500.000323,0.692000226,0.307999677,34,28282.52258,1784654824,13:27:04,1784649817,1784654812,4,0.376,-0.006,-2.625,0.193,463,21,0.36,0.06,0.706668012,-1.328654824,3.404073604,0,0.43997222,-0.282170174,0.037199405,0,0,2,0/2,2.63022,2.71251,0.104013,0.102884,0.106388,0.105199,24916.3,24617.8,25317.3,25242.2,31267.4,30797.1,38895.2,38003.4,1.66968,2.02675,0.096336,0,31.9467,999.9,57.3,36.4,34.6083,62.3263,21.0377,1,0.46516,0,20.4189,5.21594,11.9857,4.9678,3.29503,9099.6,9999,9999,225.5,4.96999,1.87547,1.87149,1.87465,1.87445,1.87254,1.87378,1.87499,0,0,0,0,11111111,oooooooo,on,on,on,on,0,100,100,-2.625,0.1972,-1.474359518,-0.002774575,7.27494E-07,-2.16226E-10,-0.130249566,-0.001584374,0.000939206,-5.31953E-06,23,2146,2,22,117,33.7,0.153809,4.99756,1.49902,2.27417,1.4978,2.33887,38.8704,14.8062,3,359.029,615.485,32.7742,33.2315,30.0003,33.0509,33.0667,-1,40,10,-999.9,400,20,99.973,106.184
96,1784656954,12103.1,20260721 14:02:33,14:02:33,15,1784656946,0.000174705,0.174705134,0.550121098,451.8001935,273.6780402,27.67328744,45.68432531,0.005515408,3.114595875,0.005509988,0.003444229,261.4502883,34.44544718,33.50600968,5.19753621,41.62181257,2.1072518,5.062854474,3.09028441,-7.70449639,-78.61466998,-5.79608688,169.3350351,-0.196375602,0.174119544,0.550121098,463.6826716,460.7612545,0.160604485,92.64075959,0.174705134,20.39769499,20.81599152,-0.000763618,97.16886315,0,0,1,0,52339.45082,1500.001613,1273.861335,0.849239977,0.174300005,9,0.5,0: Broadleaf,2,TRUE,1784656946,451.8001935,451.5177742,20.8399,20.43083871,454.4055161,20.64923871,375.1071613,101.0162258,0.099988765,33.03782581,33.50600968,999.9,0,0,9995.767742,710.7613548,0.218638,0.282458226,461.4161613,460.9351613,0.409057065,451.5177742,20.43083871,2.105167742,2.063846774,18.25833871,17.94284839,1500.001613,0.691999839,0.308000129,34,28282.54839,1784654824,13:27:04,1784649817,1784654812,4,0.376,-0.006,-2.625,0.193,463,21,0.36,0.06,1.350019125,-37.10919275,3.877257392,0,0.4222333,-0.168400931,0.030056616,0,0,2,0/2,2.63004,2.71258,0.102439,0.102888,0.105506,0.104352,24957.2,24614.1,25314.5,25238.6,31295.1,30822.2,38891.1,37998.3,1.66915,2.02638,0.0975654,0,31.9115,999.9,56.9,36.4,34.3678,62.4463,20.2885,1,0.469235,0,20.4192,5.21639,11.9857,4.9678,3.29503,9099.6,9999,9999,225.5,4.97002,1.87546,1.87149,1.87464,1.87441,1.87253,1.87378,1.87499,0,0,0,0,11111111,oooooooo,on,on,on,on,0,100,100,-2.604,0.1899,-1.474359518,-0.002774575,7.27494E-07,-2.16226E-10,-0.130249566,-0.001584374,0.000939206,-5.31953E-06,23,2146,2,22,119,35.7,0.153809,4.99756,1.49902,2.27417,1.4978,2.4292,38.8704,14.8062,3,359.013,615.662,32.7948,33.2783,30.0003,33.0992,33.1153,-1,40,10,-999.9,400,20,99.9625,106.17
97,1784657074,12223.1,20260721 14:04:33,14:04:33,15,1784657066,0.000144039,0.144039024,0.289385778,466.4312903,343.9923008,34.78368685,47.16442752,0.004547487,3.114642291,0.004543802,0.002840207,261.4499093,34.4947974,33.55673226,5.212312898,41.83704223,2.12314017,5.074785541,3.089172728,-6.352120959,-80.09567424,-5.907869649,169.0942445,2.395344068,0.158706106,0.289385778,487.7286321,479.8903394,0.72762711,92.64075959,0.144039024,20.66373454,20.99681273,0.000508694,97.16886315,0,0,1,0,52333.38359,1499.999355,1273.859461,0.849240006,0.174300015,9,0.5,0: Broadleaf,2,TRUE,1784657066,466.4312903,472.3555161,20.99673548,20.62398065,469.0693226,20.8014129,375.143129,101.0176129,0.100019,33.07973548,33.55673226,999.9,0,0,9995.843548,710.7062581,0.218638,-5.924202855,476.4348387,482.3028065,0.372739065,472.3555161,20.62398065,2.121040323,2.083386774,18.37807097,18.09269677,1499.999355,0.691999806,0.308000194,34,28282.49677,1784654824,13:27:04,1784649817,1784654812,4,0.376,-0.006,-2.625,0.193,463,21,0.36,0.06,-0.94669411,-93.60389676,9.350894159,0,0.404392537,-0.695558634,0.069851281,0,0,2,0/2,2.6303,2.71268,0.105603,0.107956,0.106148,0.105387,24867.1,24472.8,25312.5,25236.5,31270.4,30784.3,38887.9,37995,1.66922,2.02558,0.10144,0,31.926,999.9,57.3,36.4,34.611,61.5463,20.2444,1,0.472172,0,20.4196,5.21684,11.9845,4.9676,3.295,9099.6,9999,9999,225.5,4.97001,1.87546,1.87149,1.87464,1.87441,1.87247,1.87378,1.87494,0,0,0,0,11111111,oooooooo,on,on,on,on,0,100,100,-2.647,0.1954,-1.474359518,-0.002774575,7.27494E-07,-2.16226E-10,-0.130249566,-0.001584374,0.000939206,-5.31953E-06,23,2146,2,22,121,37.7,0.153809,4.99756,1.49902,2.27417,1.4978,2.37305,38.8951,14.7625,3,359.243,615.388,32.8158,33.3144,30.0002,33.1365,33.1542,-1,40,10,-999.9,400,20,99.9542,106.161
98,1784657194,12343.1,20260721 14:06:33,14:06:33,15,1784657186,0.000129461,0.129461206,1.049328361,498.1250645,76.04498844,7.689434596,50.36886957,0.004121221,3.116331961,0.004118195,0.002574144,261.4501487,34.51388131,33.54767097,5.209670452,42.25968071,2.146545742,5.079417794,3.06312471,-5.709239194,-75.88690513,-5.594591797,174.2594126,-6.908568756,0.13565947,1.049328361,497.1872096,500.0410485,-0.553709188,92.64075959,0.129461206,20.93004536,21.23359818,4.3067E-05,97.16886315,0,0,1,0,52369.54132,1500.000645,1273.860562,0.84924001,0.174300024,9,0.5,0: Broadleaf,2,TRUE,1784657186,498.1250645,481.7128387,21.22835484,20.90980323,500.8336129,21.02614839,375.1407097,101.0169355,0.099979039,33.09598387,33.54767097,999.9,0,0,10003.66774,710.9109677,0.218638,16.41215323,508.9287097,492.0006452,0.318552677,481.7128387,20.90980323,2.144423226,2.112243871,18.55305484,18.31180323,1500.000645,0.691999677,0.308000323,34,28282.53226,1784654824,13:27:04,1784649817,1784654812,4,0.376,-0.006,-2.625,0.193,463,21,0.36,0.06,17.92539512,-63.00405073,8.266764106,0,0.331419683,-0.335516613,0.038193945,0,0,2,0/2,2.63025,2.71264,0.108713,0.106058,0.106977,0.106299,24779,24523.8,25311,25235.5,31240.1,30751.4,38886,37993.4,1.6691,2.02505,0.101384,0,31.9075,999.9,57.7,36.4,34.8504,62.5363,20.637,1,0.473905,0,20.4179,5.21594,11.9858,4.96775,3.295,9099.6,9999,9999,225.6,4.96994,1.87546,1.87148,1.87465,1.87445,1.87245,1.87378,1.87495,0,0,0,0,11111111,oooooooo,on,on,on,on,0,100,100,-2.689,0.2024,-1.474359518,-0.002774575,7.27494E-07,-2.16226E-10,-0.130249566,-0.001584374,0.000939206,-5.31953E-06,23,2146,2,22,123,39.7,0.153809,4.99756,1.4978,2.27539,1.4978,2.36084,38.9198,14.7712,3,359.332,615.253,32.8514,33.3413,30.0001,33.1661,33.1842,-1,40,10,-999.9,400,20,99.9489,106.156
99,1784657314,12463.1,20260721 14:08:33,14:08:33,15,1784657306,0.000127898,0.127897622,0.539477812,518.2914194,286.9481436,29.01469275,52.4069126,0.00408979,3.116266735,0.00408681,0.002554524,261.4499456,34.50751272,33.52676774,5.203579115,42.42857425,2.154303786,5.077483333,3.049275329,-5.640285126,-73.51320628,-5.418974668,176.8774795,-13.3799101,0.158955789,0.539477812,484.7387106,509.1673576,-2.628219879,92.64075959,0.127897622,20.93385367,21.27071394,-0.003556157,97.16886315,0,0,1,0,52369.15179,1500,1273.859978,0.849239985,0.174299964,9,0.5,0: Broadleaf,2,TRUE,1784657306,518.2914194,486.3890645,21.30553226,20.93230323,521.0444516,21.1009871,375.1375806,101.0147419,0.1000183,33.0892,33.52676774,999.9,0,0,10003.58548,711.1890968,0.218638,31.9024129,529.5746774,496.7877097,0.373215,486.3890645,20.93230323,2.152173226,2.114473226,18.61066129,18.3285871,1500,0.692000484,0.307999516,34,28282.52903,1784654824,13:27:04,1784649817,1784654812,4,0.376,-0.006,-2.625,0.193,463,21,0.36,0.06,27.53902125,59.59901392,9.44819362,0,0.3657224,-0.196685831,0.057298677,0,0,2,0/2,2.63046,2.71261,0.110015,0.105818,0.107094,0.106494,24741.6,24528.8,25309.9,25233.9,31234.9,30742.6,38884.3,37990.9,1.6691,2.02472,0.10252,0,31.8606,999.9,57.8,36.4,34.9095,62.5363,20.7252,1,0.475633,0,20.4187,5.21549,11.9852,4.96775,3.295,9099.6,9999,9999,225.6,4.96998,1.87546,1.87149,1.87466,1.87444,1.87252,1.87378,1.87498,0,0,0,0,11111111,oooooooo,on,on,on,on,0,100,100,-2.707,0.2036,-1.474359518,-0.002774575,7.27494E-07,-2.16226E-10,-0.130249566,-0.001584374,0.000939206,-5.31953E-06,23,2146,2,22,125,41.7,0.153809,4.99756,1.49902,2.27417,1.4978,2.37915,38.8951,14.7537,3,359.439,615.19,32.8567,33.3592,30.0001,33.1868,33.2048,-1,40,10,-999.9,400,20,99.9446,106.149
100,1784657434,12583.1,20260721 14:10:33,14:10:33,15,1784657426,0.000124838,0.124838044,0.323430442,477.8193226,327.3955019,33.10581509,48.31647975,0.003977223,3.114455106,0.003974403,0.002484255,261.4497768,34.49511299,33.52182258,5.202138969,42.20503957,2.141278337,5.073513396,3.060860632,-5.505357751,-74.97892004,-5.5297227,175.4357763,-2.768878799,0.116610697,0.323430442,481.6234908,484.6339576,-0.388116307,92.64075959,0.124838044,20.90707559,21.19398606,0.000607466,97.16886315,0,0,1,0,52329.85491,1499.998387,1273.85854,0.84923994,0.174300039,9,0.5,0: Broadleaf,2,TRUE,1784657426,477.8193226,471.310129,21.17588387,20.90204516,480.4829355,20.97524194,375.1377097,101.0187097,0.100013384,33.07527097,33.52182258,999.9,0,0,9994.875806,711.1052258,0.218638,6.509228065,488.1565484,481.371871,0.273831645,471.310129,20.90204516,2.13916,2.111496452,18.51380968,18.30617097,1499.998387,0.691999194,0.30800071,34,28282.48387,1784654824,13:27:04,1784649817,1784654812,4,0.376,-0.006,-2.625,0.193,463,21,0.36,0.06,6.2943723,-4.51607239,3.52969394,0,0.262507425,0.35247842,0.036282791,0,0,2,0/2,2.63026,2.71251,0.10621,0.103772,0.106817,0.105721,24846.7,24584.4,25309.2,25233.3,31242.9,30768.7,38882.8,37990.3,1.66893,2.02488,0.104737,0,31.8377,999.9,57.5,36.4,34.7295,61.5763,20.9415,1,0.47592,0,20.4192,5.21624,11.9854,4.9677,3.295,9099.6,9999,9999,225.6,4.96997,1.87546,1.87149,1.87466,1.87447,1.8725,1.87378,1.87498,0,0,0,0,11111111,oooooooo,on,on,on,on,0,100,100,-2.655,0.2011,-1.474359518,-0.002774575,7.27494E-07,-2.16226E-10,-0.130249566,-0.001584374,0.000939206,-5.31953E-06,23,2146,2,22,127,43.7,0.153809,4.99756,1.49902,2.27417,1.4978,2.36328,38.8951,14.7449,3,359.412,615.433,32.8372,33.3651,30.0001,33.1987,33.2166,-1,40,10,-999.9,400,20,99.941,106.148
101,1784657554,12703.1,20260721 14:12:33,14:12:33,15,1784657546,0.00014042,0.140420314,0.677907851,514.0884194,250.9438358,25.37555965,51.9848647,0.004451503,3.115785912,0.004447973,0.0027803,261.4498839,34.54737777,33.58693871,5.221130101,42.14561095,2.14508036,5.08968861,3.076049741,-6.192535835,-76.42576886,-5.637382525,173.1941966,-2.559946734,0.149391036,0.677907851,518.2996036,521.4057091,-0.486587899,92.64075959,0.140420314,20.85815003,21.19250727,-0.000447957,97.16886315,0,0,1,0,52350.87527,1499.999355,1273.859413,0.849239974,0.174299998,9,0.5,0: Broadleaf,2,TRUE,1784657546,514.0884194,508.1309032,21.21311613,20.86230323,516.8322258,21.01136774,375.128129,101.0204839,0.099990242,33.13196452,33.58693871,999.9,0,0,10000.80935,711.1279032,0.218638,5.957439877,525.2302903,518.9576452,0.350815903,508.1309032,20.86230323,2.14296,2.107520968,18.54215161,18.27613226,1499.999355,0.691999935,0.308000032,34,28282.50968,1784654824,13:27:04,1784649817,1784654812,4,0.376,-0.006,-2.625,0.193,463,21,0.36,0.06,7.729730905,-38.37715557,5.754663436,0,0.34772625,-0.055034882,0.021432321,1,1,2,1/2,2.63001,2.71276,0.112068,0.110954,0.106807,0.10589,24681.6,24385.7,25307.1,25231.8,31241.5,30761.8,38879.7,37988.2,1.66852,2.02453,0.102539,0,31.9117,999.9,57.6,36.4,34.7899,62.2663,21.1458,1,0.478455,0,20.4188,5.21594,11.9837,4.9677,3.295,9099.6,9999,9999,225.7,4.97001,1.87546,1.87149,1.87465,1.8744,1.87252,1.87378,1.87498,0,0,0,0,11111111,oooooooo,on,on,on,on,0,100,100,-2.735,0.2011,-1.474359518,-0.002774575,7.27494E-07,-2.16226E-10,-0.130249566,-0.001584374,0.000939206,-5.31953E-06,23,2146,2,22,128.9,45.7,0.153809,4.99756,1.49902,2.27417,1.4978,2.33765,38.8951,14.7187,3,359.333,615.409,32.8797,33.3921,30.0002,33.2224,33.2432,-1,40,10,-999.9,400,20,99.933,106.141
102,1784657674,12823.1,20260721 14:14:33,14:14:33,15,1784657666,0.00011889,0.118889647,0.34643733,478.0240968,311.5927174,31.5079743,48.33736514,0.003783932,3.116564037,0.003781382,0.002363593,261.4502739,34.51013226,33.54344194,5.208437584,42.23948389,2.14476802,5.077637846,3.063669564,-5.243033437,-76.23076491,-5.619235491,174.35724,-3.554776756,0.162915715,0.34643733,472.0313241,481.8557879,-1.089206721,92.64075959,0.118889647,20.82158708,21.16232364,-0.005984646,97.16886315,0,0,1,0,52376.00654,1500.001613,1273.861367,0.849239998,0.174299995,9,0.5,0: Broadleaf,2,TRUE,1784657666,478.0240968,469.6816774,21.21031613,20.82770968,480.6880968,21.00864516,375.096129,101.0191613,0.099935977,33.08974194,33.54344194,999.9,0,0,10004.5129,711.2280968,0.218638,8.342415032,488.3829355,479.6721935,0.382617194,469.6816774,20.82770968,2.142650323,2.103998065,18.53982258,18.24948065,1500.001613,0.692000065,0.307999935,34,28282.55161,1784654824,13:27:04,1784649817,1784654812,4,0.376,-0.006,-2.625,0.193,463,21,0.36,0.06,6.900357186,39.17358682,4.806562624,0,0.381240268,-0.063010641,0.026761171,1,1,2,1/2,2.63012,2.71276,0.105731,0.103495,0.106689,0.105667,24856.3,24588.5,25305.6,25229.9,31243,30766.5,38877.1,37985.3,1.66845,2.02413,0.100974,0,31.8869,999.9,57.6,36.4,34.7901,62.1762,20.1683,1,0.480683,0,20.4179,5.21624,11.9834,4.9678,3.295,9099.6,9999,9999,225.7,4.97,1.87546,1.87149,1.87466,1.87439,1.87242,1.87378,1.87497,0,0,0,0,11111111,oooooooo,on,on,on,on,0,100,100,-2.648,0.2001,-1.474359518,-0.002774575,7.27494E-07,-2.16226E-10,-0.130249566,-0.001584374,0.000939206,-5.31953E-06,23,2146,2,22,130.9,47.7,0.153809,4.99756,1.4978,2.27417,1.4978,2.41333,38.9198,14.7187,3,359.417,615.283,32.8802,33.413,30.0001,33.2461,33.2638,-1,40,10,-999.9,400,20,99.9266,106.133
103,1784657794,12943.1,20260721 14:16:33,14:16:33,15,1784657786,0.000121048,0.121048141,-0.954699861,496.2573226,857.9639289,86.75615199,50.18086921,0.003862805,3.117292638,0.003860148,0.002412831,261.4507252,34.47995493,33.4921,5.193490363,42.16610302,2.137513489,5.069269712,3.055976874,-5.338223037,-72.55615696,-5.345003853,178.2113413,7.871764263,0.077675679,-0.954699861,518.2597696,517.5579152,0.310365996,92.64075959,0.121048141,20.98439349,21.18927939,0.007723217,97.16886315,0,0,1,0,52397.82055,1500.003871,1273.863081,0.849239863,0.174300034,9,0.5,0: Broadleaf,2,TRUE,1784657786,496.2573226,515.236,21.13866774,20.95624516,498.9617742,20.93914516,375.1199355,101.0186774,0.099969958,33.06037097,33.4921,999.9,0,0,10007.90645,711.6329677,0.218638,-18.97854635,506.9744516,526.2648065,0.182426581,515.236,20.95624516,2.135399677,2.116971613,18.48571613,18.34743871,1500.003871,0.691998968,0.308000839,34,28282.55484,1784654824,13:27:04,1784649817,1784654812,4,0.376,-0.006,-2.625,0.193,463,21,0.36,0.06,-15.59218822,-12.07506805,14.57211289,0,0.196015415,-0.146523805,0.036642791,0,0,2,0/2,2.63001,2.71263,0.111471,0.111719,0.106796,0.106162,24695.9,24361.4,25304.8,25228.4,31238.9,30748.2,38876,37982.9,1.66838,2.02393,0.104643,0,31.7897,999.9,57.7,36.4,34.8479,62.3262,20.3446,1,0.480704,0,20.4195,5.21519,11.9848,4.9678,3.295,9099.6,9999,9999,225.7,4.97002,1.87546,1.87149,1.87467,1.8744,1.87243,1.87378,1.87498,0,0,0,0,11111111,oooooooo,on,on,on,on,0,100,100,-2.727,0.2011,-1.474359518,-0.002774575,7.27494E-07,-2.16226E-10,-0.130249566,-0.001584374,0.000939206,-5.31953E-06,23,2146,2,22,132.9,49.7,0.153809,4.99756,1.4978,2.27417,1.4978,2.42676,38.9198,14.7099,3,359.41,615.182,32.8398,33.416,30,33.2521,33.2703,-1,40,10,-999.9,400,20,99.9237,106.127
104,1784657914,13063.1,20260721 14:18:33,14:18:33,15,1784657906,0.000107741,0.107741266,0.319435736,464.429129,295.6219966,29.8926964,46.96213107,0.003417565,3.113763019,0.003415482,0.002134863,261.4499802,34.47982661,33.50263226,5.196553583,41.87601879,2.122226132,5.067879404,3.074327451,-4.751389836,-75.06189687,-5.536015957,176.1006775,5.608193616,0.093477873,0.319435736,500.7775477,483.4448848,1.688903536,92.64075959,0.107741266,20.81614883,21.02810727,0.003998183,97.16886315,0,0,1,0,52317.26624,1499.999677,1273.859816,0.84924006,0.174300024,9,0.5,0: Broadleaf,2,TRUE,1784657906,464.429129,477.9882258,20.98762581,20.76806452,467.0627419,20.79259032,375.1316774,101.0179677,0.100002977,33.0554871,33.50263226,999.9,0,0,9991.772581,711.4387419,0.218638,-13.55908158,474.3854516,488.1266452,0.219556806,477.9882258,20.76806452,2.120128387,2.097949032,18.3712129,18.20353226,1499.999677,0.691999871,0.308000194,34,28282.50968,1784654824,13:27:04,1784649817,1784654812,4,0.376,-0.006,-2.625,0.193,463,21,0.36,0.06,-10.24856835,-105.5740887,10.77421214,0,0.234590525,-0.557262743,0.057287078,0,0,2,0/2,2.63001,2.71269,0.106214,0.109515,0.106245,0.106062,24843,24423.2,25305.7,25229.7,31258.4,30753.2,38876.9,37985.1,1.6686,2.02418,0.106897,0,31.7699,999.9,57.5,36.4,34.73,62.3562,21.0056,1,0.479233,0,20.4222,5.21729,11.9852,4.9676,3.295,9099.6,9999,9999,225.8,4.97001,1.87546,1.87149,1.87468,1.87443,1.87252,1.8738,1.87499,0,0,0,0,11111111,oooooooo,on,on,on,on,0,100,100,-2.656,0.1964,-1.474359518,-0.002774575,7.27494E-07,-2.16226E-10,-0.130249566,-0.001584374,0.000939206,-5.31953E-06,23,2146,2,22,134.9,51.7,0.153809,4.99756,1.49902,2.27417,1.4978,2.31934,38.8951,14.6749,3,359.477,615.325,32.8271,33.3987,29.9999,33.2432,33.2638,-1,40,10,-999.9,400,20,99.9265,106.133
105,1784658034,13183.1,20260721 14:20:33,14:20:33,15,1784658026,9.32958E-05,0.093295841,0.965644721,488.1267419,-45.7327848,-4.624511717,49.35950975,0.002957262,3.116509351,0.002955704,0.001847455,261.4495791,34.52484936,33.55315161,5.211268574,42.0347968,2.135387482,5.080047115,3.075881092,-4.114346572,-76.44134583,-5.635358092,175.2585286,6.478137979,0.091908989,0.965644721,535.9990604,509.3719394,2.47598632,92.64075959,0.093295841,20.94220104,21.15420485,0.000690826,97.16886315,0,0,1,0,52373.32431,1499.998065,1273.858247,0.849239927,0.174299944,9,0.5,0: Broadleaf,2,TRUE,1784658026,488.1267419,503.7769677,21.11730323,20.90144839,490.8132258,20.91841613,375.1192581,101.0202903,0.099983384,33.09819032,33.55315161,999.9,0,0,10004.15,711.3839032,0.218638,-15.65017644,498.6570968,514.5326129,0.215853742,503.7769677,20.90144839,2.133275484,2.11147,18.46984839,18.30588065,1499.998065,0.692000548,0.307999387,34,28282.50323,1784654824,13:27:04,1784649817,1784654812,4,0.376,-0.006,-2.625,0.193,463,21,0.36,0.06,-10.14826934,-159.7422815,16.06595949,0,0.243496425,-0.762262474,0.076923884,0,0,2,0/2,2.63002,2.71246,0.110389,0.114154,0.106693,0.106562,24727.3,24296.1,25306,25229.9,31243.7,30736.1,38877.6,37984.7,1.66858,2.02435,0.102948,0,31.8908,999.9,57.7,36.4,34.8482,61.6962,20.2604,1,0.478732,0,20.4233,5.21669,11.986,4.9677,3.295,9099.6,9999,9999,225.8,4.97001,1.87547,1.87149,1.87466,1.8744,1.8725,1.87378,1.87499,0,0,0,0,11111111,oooooooo,on,on,on,on,0,100,100,-2.712,0.2001,-1.474359518,-0.002774575,7.27494E-07,-2.16226E-10,-0.130249566,-0.001584374,0.000939206,-5.31953E-06,23,2146,2,22,136.9,53.7,0.153809,4.99756,1.49902,2.27417,1.4978,2.41821,38.8951,14.6837,3,359.449,615.471,32.8558,33.398,30,33.2402,33.2638,-1,40,10,-999.9,400,20,99.9282,106.132
106,1784658154,13303.5,20260721 14:22:34,14:22:34,15,1784658146,0.000122856,0.12285608,-0.15354224,511.4085333,547.9307844,55.40625388,51.71315764,0.00387803,3.114853671,0.00387535,0.002422334,261.4495668,34.58837101,33.64113333,5.236981926,42.12437588,2.148376871,5.100080003,3.088605055,-5.417953145,-79.40139203,-5.861223466,170.7689982,-2.519064234,0.127771005,-0.15354224,506.3602613,518.4687455,-1.197710236,92.64075959,0.12285608,20.94934035,21.23845879,-6.16859E-05,97.16886315,0,0,1,0,52323.14689,1499.997667,1273.857852,0.849239889,0.174299982,9,0.5,0: Broadleaf,2,TRUE,1784658146,511.4085333,505.5218,21.24601,20.94598667,514.1465333,21.04326333,375.1399667,101.0190667,0.100007953,33.16830333,33.64113333,999.9,0,0,9996.67,711.3988667,0.218638,5.88657606,522.5096333,516.3374,0.300021567,505.5218,20.94598667,2.14625,2.115942,18.56665333,18.33968667,1499.997667,0.691999833,0.308000033,34,28282.48667,1784654824,13:27:04,1784649817,1784654812,4,0.376,-0.006,-2.625,0.193,463,21,0.36,0.06,6.780134295,8.758630066,8.645004614,0,0.305509025,-0.09005436,0.024864114,1,1,2,1/2,2.63027,2.71264,0.111485,0.106741,0.106961,0.105846,24697.2,24500.5,25306.4,25230.9,31234.8,30761.7,38878.2,37986.7,1.66887,2.0247,0.103079,0,31.9765,999.9,57.8,36.4,34.9113,61.9562,20.5569,1,0.477304,0,20.4225,5.21699,11.9854,4.96765,3.295,9099.6,9999,9999,225.8,4.96994,1.87546,1.87148,1.87467,1.87443,1.87248,1.87378,1.87499,0,0,0,0,11111111,oooooooo,on,on,on,on,0,100,100,-2.728,0.2024,-1.474359518,-0.002774575,7.27494E-07,-2.16226E-10,-0.130249566,-0.001584374,0.000939206,-5.31953E-06,23,2146,2,22,139,55.7,0.153809,4.99756,1.49902,2.27417,1.4978,2.35474,38.8951,14.6574,3,359.554,615.644,32.9046,33.389,30.0001,33.2313,33.252,-1,40,10,-999.9,400,20,99.9296,106.137
107,1784658274,13423.5,20260721 14:24:34,14:24:34,15,1784658266,0.000116743,0.116742699,0.442108755,468.1002258,255.3624965,25.81993328,47.33003776,0.003644734,3.115438929,0.003642367,0.002276692,261.4498226,34.60813991,33.66046129,5.242645435,41.52272035,2.11989614,5.10538838,3.122749295,-5.148353008,-79.54889064,-5.872096764,170.8804822,-7.449396458,0.163563918,0.442108755,457.0698654,467.2092909,-1.145767064,92.64075959,0.116742699,20.5417082,20.90881818,-0.009040173,97.16886315,0,0,1,0,52333.29402,1499.99871,1273.85915,0.849240164,0.174300032,9,0.5,0: Broadleaf,2,TRUE,1784658266,468.1002258,450.4110968,20.96604839,20.58184839,470.7420645,20.77165806,375.1201613,101.0109355,0.099970145,33.18684194,33.66046129,999.9,0,0,10000.16161,711.3725806,0.218638,17.68916774,478.124871,459.8763548,0.384200742,450.4110968,20.58184839,2.11780129,2.078994194,18.35369355,18.05910968,1499.99871,0.692000161,0.308000032,34.02151613,28282.50645,1784654824,13:27:04,1784649817,1784654812,4,0.376,-0.006,-2.625,0.193,463,21,0.36,0.06,19.680897,-35.572594,4.544305814,0,0.38915225,-0.031046004,0.012532379,1,1,2,1/2,2.63022,2.71252,0.103383,0.102027,0.105796,0.104801,24923.8,24629.8,25307.7,25230.8,31275.7,30796.8,38879.2,37986.1,1.66868,2.02495,0.102632,0,31.9991,999.9,57.3,36.4,34.6101,62.2862,21.1418,1,0.476077,0,20.4228,5.21564,11.9857,4.9677,3.295,9099.6,9999,9999,225.9,4.97001,1.87546,1.87149,1.87468,1.87444,1.87254,1.87378,1.87499,0,0,0,0,11111111,oooooooo,on,on,on,on,0,100,100,-2.617,0.1926,-1.474359518,-0.002774575,7.27494E-07,-2.16226E-10,-0.130249566,-0.001584374,0.000939206,-5.31953E-06,23,2146,2,22,141,57.7,0.153809,4.99756,1.49902,2.27417,1.4978,2.34375,38.8951,14.6399,3,359.392,615.763,32.9437,33.3801,30,33.2194,33.2432,-1,40,10,-999.9,400,20,99.9333,106.136
108,1784658394,13543.5,20260721 14:26:34,14:26:34,15,1784658386,0.00011526,0.11526008,0.053706452,448.0755484,402.1443693,40.65681736,45.30046204,0.003579645,3.114536272,0.00357736,0.002236055,261.4496753,34.60070938,33.63733226,5.235868755,41.08564653,2.096618786,5.103044403,3.13924997,-5.082969537,-77.01638724,-5.685929627,173.6643889,2.513213576,0.098427119,0.053706452,462.8587037,460.5583515,0.221454333,92.64075959,0.11526008,20.54274873,20.76152061,0.005063248,97.16886315,0,0,1,0,52313.66143,1499.998387,1273.858575,0.849239963,0.174299971,9,0.5,0: Broadleaf,2,TRUE,1784658386,448.0755484,454.210871,20.73805806,20.50681613,450.6722258,20.55039032,375.1367097,101.0000645,0.099989261,33.17865806,33.63733226,999.9,0,0,9997.093548,711.5432258,0.218638,-6.135444194,457.5644516,463.7203548,0.231243968,454.210871,20.50681613,2.094545161,2.071189355,18.17775484,17.99929032,1499.998387,0.69200029,0.307999677,34,28282.50323,1784654824,13:27:04,1784649817,1784654812,4,0.376,-0.006,-2.625,0.193,463,21,0.36,0.06,-4.934100375,-11.91744641,3.162654522,0,0.253193325,-0.43126639,0.042055977,0,0,2,0/2,2.63011,2.71258,0.102361,0.102561,0.105284,0.104836,24951.1,24614.2,25306.5,25229.8,31291.9,30794.5,38877.2,37984.7,1.66842,2.0249,0.104714,0,31.9373,999.9,57,36.4,34.4289,62.6162,20.7612,1,0.476372,0,20.4229,5.21669,11.9858,4.9678,3.295,9099.6,9999,9999,225.9,4.96995,1.87546,1.87149,1.87463,1.87442,1.87252,1.87379,1.87498,0,0,0,0,11111111,oooooooo,on,on,on,on,0,100,100,-2.604,0.1884,-1.474359518,-0.002774575,7.27494E-07,-2.16226E-10,-0.130249566,-0.001584374,0.000939206,-5.31953E-06,23,2146,2,22,143,59.7,0.153809,4.99756,1.49902,2.27417,1.4978,2.33276,38.9198,14.6311,3,359.267,615.692,32.9295,33.3771,30.0001,33.2194,33.2402,-1,40,10,-999.9,400,20,99.9283,106.132
109,1784658514,13663.5,20260721 14:28:34,14:28:34,15,1784658506,0.000104508,0.104508447,0.327028844,490.3792903,310.1271088,31.35361344,49.57697109,0.003275794,3.115985808,0.003273882,0.002046348,261.4496208,34.59786843,33.62725161,5.232917566,41.61491451,2.123048712,5.101653427,3.109868854,-4.608822533,-76.17489519,-5.620777044,175.0451261,5.255076313,0.063165389,0.327028844,513.6712295,506.8891273,0.610680041,92.64075959,0.104508447,20.85961296,21.05101636,0.005261742,97.16886315,0,0,1,0,52347.87861,1499.998387,1273.858553,0.849239949,0.174299935,9,0.5,0: Broadleaf,2,TRUE,1784658506,490.3792903,503.0613548,20.99965161,20.85129032,493.0708065,20.80425484,375.1318387,100.9992581,0.09997689,33.1738,33.62725161,999.9,0,0,10003.82903,711.5391935,0.218638,-12.68204355,500.8981935,513.7742258,0.148359194,503.0613548,20.85129032,2.120947419,2.105962258,18.37735161,18.26433548,1499.998387,0.692000774,0.307999194,34,28282.5129,1784654824,13:27:04,1784649817,1784654812,4,0.376,-0.006,-2.625,0.193,463,21,0.36,0.06,-13.31365125,27.08893452,3.984885923,0,0.154200925,-0.023940236,0.027678519,1,1,2,1/2,2.63016,2.71256,0.109866,0.110943,0.1063,0.105841,24741.1,24383.4,25305.3,25229,31255.9,30759.6,38875.8,37983.4,1.6685,2.02435,0.105266,0,31.9298,999.9,57.4,36.4,34.6776,62.1362,20.4407,1,0.477556,0,20.4237,5.21639,11.9852,4.96785,3.29503,9099.6,9999,9999,225.9,4.96995,1.87546,1.87149,1.87462,1.87441,1.87247,1.87378,1.87499,0,0,0,0,11111111,oooooooo,on,on,on,on,0,100,100,-2.706,0.197,-1.474359518,-0.002774575,7.27494E-07,-2.16226E-10,-0.130249566,-0.001584374,0.000939206,-5.31953E-06,23,2146,2,22,145,61.7,0.153809,4.99756,1.4978,2.27417,1.4978,2.38525,38.8951,14.6224,3,359.335,615.293,32.9273,33.386,30.0001,33.2253,33.2461,-1,40,10,-999.9,400,20,99.9241,106.129
110,1784658634,13783.5,20260721 14:30:34,14:30:34,15,1784658626,0.000107537,0.107537388,0.138855057,491.2227742,402.2599933,40.66577907,49.65931771,0.003363068,3.115172168,0.003361052,0.002100839,261.4498803,34.60121063,33.64354839,5.237689298,41.56435669,2.120914353,5.102723877,3.116774945,-4.742398827,-78.26407074,-5.777007796,172.6664029,-6.132440379,0.138486588,0.138855057,490.0335377,494.7492848,-0.516278784,92.64075959,0.107537388,20.7080357,20.95662061,0.00039015,97.16886315,0,0,1,0,52328.363,1500,1273.85999,0.849239993,0.17429992,9,0.5,0: Broadleaf,2,TRUE,1784658626,491.2227742,476.6732903,20.97977742,20.65449677,493.9160968,20.78497419,375.1316129,100.9932903,0.099982058,33.17753871,33.64354839,999.9,0,0,10000.68387,711.5637419,0.218638,14.54943484,501.7495161,486.7264194,0.325277774,476.6732903,20.65449677,2.118816774,2.085967097,18.36134516,18.1124129,1500,0.692001161,0.307998871,34,28282.54194,1784654824,13:27:04,1784649817,1784654812,4,0.376,-0.006,-2.625,0.193,463,21,0.36,0.06,17.06034829,-61.91415324,7.953276481,0,0.357173244,-0.702355422,0.072090254,0,0,2,0/2,2.63011,2.71281,0.107773,0.103459,0.105955,0.104995,24800.6,24589.8,25306.5,25230,31269.2,30789.4,38877.6,37985,1.6688,2.02515,0.105616,0,31.9431,999.9,57.3,36.4,34.6166,62.5562,21.3221,1,0.47499,0,20.4228,5.21594,11.9855,4.9678,3.295,9099.6,9999,9999,226,4.97001,1.87546,1.87149,1.87465,1.8744,1.87246,1.87378,1.87497,0,0,0,0,11111111,oooooooo,on,on,on,on,0,100,100,-2.676,0.1941,-1.474359518,-0.002774575,7.27494E-07,-2.16226E-10,-0.130249566,-0.001584374,0.000939206,-5.31953E-06,23,2146,2,22,147,63.7,0.153809,4.99756,1.49902,2.27417,1.4978,2.30957,38.8951,14.5961,3,359.394,615.781,32.9402,33.3681,29.9999,33.2075,33.2284,-1,40,10,-999.9,400,20,99.9287,106.133
111,1784658754,13903.5,20260721 14:32:34,14:32:34,15,1784658746,0.000104902,0.104901856,0.134539043,475.1935161,386.984117,39.11975031,48.03673041,0.003262249,3.114355382,0.003260352,0.00203789,261.45008,34.62206584,33.65901935,5.242222733,41.26395319,2.107935745,5.10841929,3.134286988,-4.626171853,-77.50316038,-5.723332408,173.5974154,6.245922662,0.090753066,0.134539043,502.1766266,492.7675333,0.927262807,92.64075959,0.104901856,20.62050924,20.86466121,0.000220908,97.16886315,0,0,1,0,52306.04932,1500.000645,1273.860686,0.849240092,0.174299978,9,0.5,0: Broadleaf,2,TRUE,1784658746,475.1935161,490.2816774,20.85232258,20.63913548,477.8512903,20.6613,375.1380323,100.9887742,0.100000755,33.19741935,33.65901935,999.9,0,0,9997.380645,711.6069355,0.218638,-15.08807226,485.3135806,500.613871,0.213198387,490.2816774,20.63913548,2.105850645,2.084319677,18.26349355,18.09984839,1500.000645,0.692000677,0.307999452,34,28282.54839,1784654824,13:27:04,1784649817,1784654812,4,0.376,-0.006,-2.625,0.193,463,21,0.36,0.06,-16.378951,3.220572608,5.022952617,0,0.20224975,0.340932405,0.035820722,0,0,2,0/2,2.63034,2.71247,0.107711,0.112236,0.105635,0.105031,24803.8,24349.7,25308,25230.7,31281.8,30789.8,38879.4,37986,1.66903,2.02535,0.105407,0,31.9523,999.9,57.1,36.4,34.492,61.7463,20.633,1,0.472744,0,20.4236,5.21504,11.9851,4.96775,3.29503,9099.6,9999,9999,226,4.96995,1.87546,1.87149,1.87458,1.8744,1.87244,1.87378,1.87496,0,0,0,0,11111111,oooooooo,on,on,on,on,0,100,100,-2.676,0.1914,-1.474359518,-0.002774575,7.27494E-07,-2.16226E-10,-0.130249566,-0.001584374,0.000939206,-5.31953E-06,23,2146,2,22,149,65.7,0.153809,4.99756,1.49902,2.27417,1.4978,2.40967,38.8704,14.6049,3,359.401,615.74,32.9439,33.3466,30,33.1868,33.2077,-1,40,10,-999.9,400,20,99.9339,106.136
112,1784658874,14023.5,20260721 14:34:34,14:34:34,15,1784658866,9.14004E-05,0.091400447,0.678434909,556.4425484,154.4911935,15.61714335,56.2494395,0.002831117,3.115052682,0.002829688,0.001768684,261.4494578,34.65135841,33.68709355,5.250457988,41.12716048,2.104051896,5.115966848,3.146406092,-4.030759712,-77.81576035,-5.746660257,173.8562775,10.69599518,0.096566486,0.678434909,627.3816632,587.7675576,3.876102928,92.64075959,0.091400447,20.61652596,20.82833212,0.000284192,97.16886315,0,0,1,0,52317.59551,1499.997097,1273.857595,0.849240041,0.174299976,9,0.5,0: Broadleaf,2,TRUE,1784658866,556.4425484,582.2338065,20.81414516,20.58728065,559.279,20.62424839,375.1176452,100.9876129,0.099983039,33.22373548,33.68709355,999.9,0,0,10000.69742,711.6748065,0.218638,-25.79126097,568.2706774,594.472871,0.226865194,582.2338065,20.58728065,2.101969355,2.07905871,18.23410645,18.05961935,1499.997097,0.692000516,0.307999548,34.03360323,28282.49032,1784654824,13:27:04,1784649817,1784654812,4,0.376,-0.006,-2.625,0.193,463,21,0.36,0.06,-20.5553741,-119.9814161,18.86048447,0,0.237200341,-0.239177038,0.02515127,0,0,2,0/2,2.63033,2.71255,0.122211,0.120559,0.105514,0.104974,24402.2,24123.4,25309.6,25232.9,31289.4,30795,38881.8,37989.1,1.66947,2.02545,0.106473,0,31.9492,999.9,57.1,36.4,34.4968,61.4163,20.6651,1,0.46969,0,20.4233,5.21654,11.9854,4.96775,3.295,9099.6,9999,9999,226,4.96997,1.87546,1.87149,1.8746,1.87439,1.87246,1.87378,1.87498,0,0,0,0,11111111,oooooooo,on,on,on,on,0,100,100,-2.879,0.1903,-1.474359518,-0.002774575,7.27494E-07,-2.16226E-10,-0.130249566,-0.001584374,0.000939206,-5.31953E-06,23,2146,2,22,151,67.7,0.153809,4.99756,1.4978,2.27417,1.4978,2.34009,38.8704,14.5786,3,359.475,615.527,32.9601,33.3174,30,33.1572,33.1783,-1,40,10,-999.9,400,20,99.9401,106.145
113,1784658994,14143.5,20260721 14:36:34,14:36:34,15,1784658986,0.000109118,0.10911756,0.132133233,486.4555806,400.7818428,40.51216726,49.17231208,0.003373408,3.115603891,0.00337138,0.002107295,261.4499238,34.63252631,33.66000323,5.24251115,40.87611744,2.089533946,5.111869906,3.152977204,-4.812084379,-75.67790837,-5.58666044,175.3732707,-2.234363327,0.101699699,0.132133233,488.9956191,492.2084909,-0.361197832,92.64075959,0.10911756,20.41290493,20.67046909,-0.000115235,97.16886315,0,0,1,0,52332.63537,1500,1273.860007,0.849240005,0.174299949,9,0.5,0: Broadleaf,2,TRUE,1784658986,486.4555806,481.2136452,20.6715,20.43254839,489.1383548,20.48578387,375.1289677,100.982871,0.099969958,33.20945484,33.66000323,999.9,0,0,10003.69839,711.8445161,0.218638,5.241958387,496.7235806,491.251129,0.23894329,481.2136452,20.43254839,2.087467742,2.063338065,18.12385806,17.93892581,1500,0.692000774,0.307999258,34,28282.5129,1784654824,13:27:04,1784649817,1784654812,4,0.376,-0.006,-2.625,0.193,463,21,0.36,0.06,12.87338525,-105.2401516,11.91707003,0,0.2545172,-0.125018116,0.037288024,0,0,2,0/2,2.63022,2.71265,0.107581,0.110351,0.104959,0.10428,24812,24406.3,25312.3,25235.5,31310.1,30821.3,38885.2,37993.3,1.66987,2.02658,0.109747,0,31.8946,999.9,56.9,36.4,34.3806,62.2263,21.1699,1,0.464614,0,20.4241,5.21624,11.984,4.96765,3.295,9099.6,9999,9999,226.1,4.97002,1.87546,1.87149,1.87462,1.87442,1.87251,1.87379,1.875,0,0,0,0,11111111,oooooooo,on,on,on,on,0,100,100,-2.674,0.1856,-1.474359518,-0.002774575,7.27494E-07,-2.16226E-10,-0.130249566,-0.001584374,0.000939206,-5.31953E-06,23,2146,2,22,153,69.7,0.153809,4.99756,1.49902,2.27417,1.4978,2.29736,38.8457,14.5523,3,359.418,615.985,32.9508,33.2638,29.9999,33.107,33.1307,-1,40,10,-999.9,400,20,99.9497,106.156
114,1784659114,14263.5,20260721 14:38:34,14:38:34,15,1784659106,0.000103033,0.103033069,0.147065789,480.3538065,384.1499627,38.83002253,48.55434319,0.003188152,3.11524547,0.003186341,0.001991625,261.4502449,34.58300477,33.60604194,5.226712989,40.73345164,2.076265911,5.097201015,3.150447079,-4.543758348,-75.20761316,-5.54972312,176.1491503,3.595697934,0.105827203,0.147065789,505.5190453,495.728497,0.963026763,92.64075959,0.103033069,20.29179481,20.53425212,-3.28873E-05,97.16886315,0,0,1,0,52333.07691,1500.000968,1273.860852,0.84924002,0.174300051,9,0.5,0: Broadleaf,2,TRUE,1784659106,480.3538065,489.1025161,20.54074194,20.29205806,483.023,20.35885806,375.1272258,100.9803871,0.099988535,33.15824194,33.60604194,999.9,0,0,10002.29839,711.831129,0.218638,-8.748724484,490.4276129,499.233,0.248676645,489.1025161,20.29205806,2.074211935,2.049100323,18.0225129,17.82893548,1500.000968,0.691999323,0.308000677,34,28282.52581,1784654824,13:27:04,1784649817,1784654812,4,0.376,-0.006,-2.625,0.193,463,21,0.36,0.06,-5.314848225,-64.97712208,6.343868688,0,0.250730875,-0.045777602,0.00760155,1,1,2,1/2,2.6305,2.71266,0.108195,0.110635,0.104493,0.103908,24798.7,24402.5,25315.8,25239.4,31330.7,30838.5,38890.6,37998.6,1.67043,2.02758,0.11025,0,31.8068,999.9,56.6,36.4,34.2001,61.8363,20.2043,1,0.459022,0,20.4239,5.21639,11.9852,4.9678,3.295,9099.6,9999,9999,226.1,4.97002,1.87546,1.87148,1.8746,1.8744,1.87245,1.87378,1.87499,0,0,0,0,11111111,oooooooo,on,on,on,on,0,100,100,-2.682,0.1818,-1.474359518,-0.002774575,7.27494E-07,-2.16226E-10,-0.130249566,-0.001584374,0.000939206,-5.31953E-06,23,2146,2,22,155,71.7,0.153809,4.99756,1.49902,2.27417,1.4978,2.42188,38.8211,14.5611,3,359.391,616.219,32.9173,33.1985,29.9998,33.0479,33.0713,-1,40,10,-999.9,400,20,99.9636,106.172
115,1784659234,14383.5,20260721 14:40:34,14:40:34,15,1784659226,9.77924E-05,0.097792354,-0.124990869,501.8603871,541.0347549,54.68572042,50.72612539,0.00302367,3.11338861,0.003022039,0.001888921,261.4502521,34.55998343,33.5767,5.21813999,40.57325004,2.065186332,5.090019484,3.152953658,-4.312642801,-74.45402926,-5.495925663,177.1876544,0.489360251,0.10324517,-0.124990869,513.4106999,513.1265333,0.060271225,92.64075959,0.097792354,20.20125969,20.43032667,7.3733E-05,97.16886315,0,0,1,0,52294.48839,1500.000968,1273.860855,0.849240022,0.174300056,9,0.5,0: Broadleaf,2,TRUE,1784659226,501.8603871,503.1587419,20.43198065,20.18934194,504.5774194,20.25326129,375.1342903,100.9761613,0.100007894,33.13312258,33.5767,999.9,0,0,9994.190323,711.9672258,0.218638,-1.298243639,512.3283226,513.5265161,0.242645548,503.1587419,20.18934194,2.063142903,2.03864129,17.93743871,17.7476871,1500.000968,0.691999258,0.308000742,34,28282.54839,1784654824,13:27:04,1784649817,1784654812,4,0.376,-0.006,-2.625,0.193,463,21,0.36,0.06,-0.19984457,-19.87398278,3.095947568,0,0.249070775,-0.141335246,0.01444765,0,0,2,0/2,2.63082,2.71255,0.110865,0.110513,0.104138,0.103468,24728.4,24410,25319.6,25243.4,31348,30858.5,38896.5,38004.6,1.67157,2.0287,0.112005,0,31.7658,999.9,56.4,36.3,33.889,62.1963,20.2163,1,0.451786,0,20.4232,5.21609,11.9842,4.9678,3.295,9099.6,9999,9999,226.1,4.97001,1.87546,1.87149,1.87461,1.8744,1.87244,1.87378,1.87495,0,0,0,0,11111111,oooooooo,on,on,on,on,0,100,100,-2.719,0.1786,-1.474359518,-0.002774575,7.27494E-07,-2.16226E-10,-0.130249566,-0.001584374,0.000939206,-5.31953E-06,23,2146,2,22,157,73.7,0.153809,4.99756,1.4978,2.27417,1.4978,2.43164,38.7717,14.5523,3,359.574,616.403,32.8763,33.1157,29.9999,32.9714,32.9967,-1,40,10,-999.9,400,20,99.9787,106.189
116,1784659354,14503.5,20260721 14:42:34,14:42:34,15,1784659346,0.000109078,0.109077762,0.515969928,576.8605806,309.6946822,31.30114858,58.30387083,0.003381348,3.115350628,0.00337931,0.002112252,261.449891,34.52121158,33.54571935,5.209101477,40.63219924,2.064103087,5.079968906,3.144998389,-4.810329315,-75.21069364,-5.546485634,175.8823824,-19.08591412,0.109142019,0.515969928,526.2261981,560.6838182,-3.647353597,92.64075959,0.109077762,20.14572007,20.40360364,-0.00014797,97.16886315,0,0,1,0,52345.61593,1500,1273.859843,0.849239895,0.174299927,9,0.5,0: Broadleaf,2,TRUE,1784659346,576.8605806,531.2200323,20.42230968,20.1658,579.7409677,20.24386129,375.1194839,100.9710323,0.099959223,33.09791613,33.54571935,999.9,0,0,10003.70806,711.7537419,0.218638,45.64045484,588.8870323,542.1533871,0.256505677,531.2200323,20.1658,2.06206,2.03616129,17.9291,17.72836452,1500,0.692000677,0.307999226,34,28282.52581,1784654824,13:27:04,1784649817,1784654812,4,0.376,-0.006,-2.625,0.193,463,21,0.36,0.06,44.07263,28.0177666,5.658276753,0,0.254698225,0.11216579,0.01357455,0,0,2,0/2,2.63052,2.71268,0.117961,0.11117,0.104047,0.103265,24534.5,24395.5,25323,25246.9,31356,30869.6,38901.8,38009.6,1.6717,2.03027,0.11275,0,31.7192,999.9,56.3,36.3,33.8355,62.4062,20.2684,1,0.445691,0,20.4234,5.21714,11.9836,4.96765,3.29503,9099.6,9999,9999,226.2,4.97001,1.87546,1.87149,1.87463,1.8744,1.8725,1.87378,1.87499,0,0,0,0,11111111,oooooooo,on,on,on,on,0,100,100,-2.817,0.1779,-1.474359518,-0.002774575,7.27494E-07,-2.16226E-10,-0.130249566,-0.001584374,0.000939206,-5.31953E-06,23,2146,2,22,159,75.7,0.153809,4.99756,1.4978,2.27417,1.4978,2.41943,38.7225,14.5348,3,359.248,616.962,32.8452,33.0404,29.9999,32.896,32.9223,-1,40,10,-999.9,400,20,99.9921,106.203