obs,time,elapsed,date,hhmmss,averaging,kam,TIME,E,Emm,A,Ca,Ci,Pci,Pca,gsw,gbw,gtw,gtc,Rabs,TleafEB,TleafCnd,SVPleaf,RHcham,VPcham,SVPcham,VPDleaf,LatHFlux,SenHFlux,NetTherm,EBSum,Asty,Esty,Adyn,Crd,Csd,dCsd/dt,αVc,Edyn,Hr,Hs,dHs/dt,αVh,Leak,LeakPct,CorrFact,CorrFactPct,Fan,Qin,Qabs,alpha,convert,S,K,Geometry,Custom,UseDynamic,TIME,CO2_s,CO2_r,H2O_s,H2O_r,CO2_a,H2O_a,Flow,Pa,ΔPcham,Tair,Tleaf,Tleaf2,Offset,Offset2,Fan_speed,Qamb_in,Qamb_out,ΔCO2,CO2_s_d,CO2_r_d,ΔH2O,CO2_b,H2O_b,e_s,e_r,Td_s,Td_r,Q,f_red,f_blue,f_farred,F,Q_modavg,F_dc,Pc,Tled,TDigital,TPreamp,TPwrSpy,TDrive,Q_red,Q_blue,Q_farred,TSPF,state,time,hhmmss,co2_t,h2o_t,count,co2_adj,h2o_adj,co2_match,h2o_match,co2_at,h2o_at,co2_cv,h2o_cv,ΔCO2:MN,ΔCO2:SLP,ΔCO2:SD,ΔCO2:OK,ΔH2O:MN,ΔH2O:SLP,ΔH2O:SD,ΔH2O:OK,Stable,Total,State,Vflow,VPchamber,abs_c_a,abs_c_b,abs_h_a,abs_h_b,Wc_s,Wc_r,Wco_s,Wco_r,Ww_s,Ww_r,Wwo_s,Wwo_r,Flow_s_v,Flow_r_v,Tleaf_mv,Tleaf2_mv,Tleaf_j,Tleaf2_j,Console_RH,Console_T,Console_H2O,Fan_%,Flow_%,Pump,Tchp_pwm,Txchg_pwm,diag_20v,diag_5_4v,diag_12v,diag_5va,diag_3_3vf,CO2_hrs,AccH2O_hum,AccCO2_soda,AccH2O_des,ADC_CH1,ADC_CH2,ADC_CH3,ADC_CH4,ADC_CH5,ADC_CH6,ADC_CH7,ADC_CH8,DAC_1,DAC_2,DAC_3,DAC_4,GPIO,GPIO_dir,excit_5v,power_12v,power_5v,ch1_pullup,AuxPower,MatchValveR,MatchValveS,MatchCO2,MatchH2O,cf_co2_a,cf_co2_b,cf_co2_c,cf_co2_d,cf_h2o_a,cf_h2o_b,cf_h2o_c,cf_h2o_d,co2_fit_low,co2_fit_high,h2o_fit_low,h2o_fit_high,co2_elapsed,h2o_elapsed,CO2_f,CO2_f_s,Pump_f,Pump_f_s,Pump_p,Pump_p_s,Tboard,V_system,DIAG,Flow_s,Flow_r,Txchg,Tirga,Tchopper,Ts,Tr,CO2_%,Desiccant_%,Humidifier_%,Txchg_sp,CO2_r_sp,H2O_r_sp,SS_s,SS_r
1,1786458394,0,20260811 22:26:34,22:26:34,15,,1786458386,0.002088277,2.088277477,2.285578398,250.150898,178.6381749,18.19475703,25.4785116,0.062457842,1.39089244,0.060940524,0.038221082,287.4244533,36.59132992,34.82076667,5.592550532,41.02908526,2.236461056,5.450916201,3.356089477,-92.09303673,-34.63193865,-5.791761666,154.9077163,8.729520705,2.172543195,2.285578398,274.7677329,264.5814727,1.40217581,60.79654304,2.088277477,19.28204638,21.91839333,-0.005229429,69.65,55,12,1.004364001,0.436400065,25316.22905,1499.973333,1261.19236,0.840809854,0.191619709,6,0.5,0: Broadleaf,2,TRUE,1786458386,250.2050667,261.9859333,21.95782667,19.25931333,262.5076667,22.39802,470.3476667,101.7526,0.099969,34.35892,34.82076667,999.9,0,0,4994.5,0,797.4737333,-11.780944,255.8222667,267.1308,2.698512667,261.9859333,19.25931333,2.234268667,1.959686667,19.21014667,17.12232,1499.973333,0.9730066,0.0269936,0,2.899333333,0,23327.63333,12843.68,45.14153333,47.708,46.125,46.15393333,45.2122,1459.481333,40.492,0,1786458391,0,1786458371,22:26:11,1786458371,1786458366,1,1.318,0.751,-12.303,-0.44,252,19,0.86,0.04,-9.807556333,-30.15201974,5.668010302,0,2.449075286,3.547370649,0.637866233,0,0,2,0/2,3.04411,2.75954,0.0667516,0.0647378,0.107362,0.0945406,32923.8,23738,33412.4,25673.1,38094.3,31440,48818.6,40121.4,1.79435,2.61665,0.177473,0,31.9749,999.9,80.881,29.447,32.802,28.9246,-100,3,0.401415,0,20.2448,5.20411,11.956,4.96905,3.29402,147.4,9999,7167.5,9999,4.97352,1.87296,1.87076,1.87237,1.87286,1.87375,1.8733,1.87775,0,0,0,0,11111111,oooooooo,on,on,on,on,0,100,100,-12.303,-0.4402,-12.30263636,0,0,0,-0.44019,0,0,0,-1,-1,-1,-1,0.4,0.5,0.157471,4.99756,2.64526,2.7063,2.8479,2.22778,33.8961,15.8569,2,404.757,1219.07,32.1847,32.6318,30.001,32.4782,32.3897,-1,40,10,-999.9,400,20,101.439,94.1556
2,1786458524,130,20260811 22:28:44,22:28:44,15,,1786458516,0.001820539,1.820539492,1.784799044,228.464887,160.9943763,16.40040911,23.27359316,0.051624809,1.393148946,0.050585112,0.031707364,287.4325,37.11007751,35.36165333,5.762481496,40.22144379,2.240245106,5.569777946,3.52223639,-80.2857916,-46.15002053,-7.740488136,153.2561997,1.982222685,1.842734761,1.784799044,237.1197135,234.2197333,0.110787643,60.85021003,1.820539492,19.7208862,21.99795152,3.69151E-05,69.65,53,11,1.004199271,0.419927135,25348.4745,1500.01,1261.2237,0.840810195,0.191620389,6,0.5,0: Broadleaf,2,TRUE,1786458516,228.5071333,231.5704,21.99133333,19.69612667,240.8099333,22.43153333,469.1093333,101.7694,0.100053373,34.7472,35.36165333,999.9,0,0,5004.75,0,794.1854,-3.0632698,233.6453333,236.2232,2.295222,231.5704,19.69612667,2.238046,2.004462667,19.23728667,17.4796,1500.01,0.972991,0.0270087,0,2.794,0,23045.63333,12843.94,45.5,48.14566667,46.51653333,46.5998,45.5956,1459.5,40.51,0,1786458521,0,1786458371,22:26:11,1786458371,1786458366,1,1.318,0.751,-12.303,-0.44,252,19,0.86,0.04,-1.32610081,-26.46865901,3.192539445,0,2.301856667,-0.172421299,0.018882292,0,0,2,0/2,3.04254,2.75953,0.0604473,0.0590698,0.107612,0.0960651,33120.3,23864.8,33388.1,25656.4,38060.8,31363.9,48786.2,40097.2,1.7915,2.61315,0.196893,0,32.2047,999.9,80.118,29.719,33.0027,29.3846,-100,3,0.42784,0,20.245,5.20426,11.956,4.9684,3.294,147.4,9999,7167.5,9999,4.9735,1.87292,1.87078,1.87237,1.87286,1.87376,1.8733,1.87775,0,0,0,0,11111111,oooooooo,on,on,on,on,0,100,100,-12.302,-0.4402,-12.30263636,0,0,0,-0.44019,0,0,0,-1,-1,-1,-1,2.5,2.6,0.157471,4.99756,2.64526,2.70752,2.8479,2.24487,34.1452,15.8482,2,405.239,1220.37,32.6025,32.9597,30.0009,32.7963,32.6983,-1,40,10,-999.9,400,20,101.369,94.0972
3,1786458644,250,20260811 22:30:44,22:30:44,15,,1786458636,0.001582168,1.58216837,0.961786651,227.6276565,178.7279275,18.20706452,23.18849375,0.042598218,1.39247856,0.041887283,0.026242438,287.4285733,37.59796779,35.95029333,5.952496725,39.75208918,2.25974434,5.684592651,3.692752384,-69.77362511,-62.67052564,-10.56552812,144.4188945,-8.791116654,1.571291305,0.961786651,213.6528229,221.2818667,-1.727523203,60.85021003,1.58216837,20.20126142,22.17666909,-2.76609E-05,69.65,52,11,1.004127819,0.412781933,25298.90113,1499.989333,1261.20634,0.840810206,0.191620412,6,0.5,0: Broadleaf,2,TRUE,1786458636,227.6504667,216.9292,22.18256667,20.22916,239.9532667,22.62276,469.9410667,101.7702667,0.100016173,35.11548,35.95029333,999.9,0,0,5001.416667,0,774.1636667,10.72143933,232.815,221.4081333,1.953406,216.9292,20.22916,2.257526667,2.058728667,19.3765,17.90338667,1499.989333,0.972992,0.02700774,0,2.793333333,0,22957.84667,12843.76,45.8162,48.6166,46.8998,46.91633333,45.87913333,1459.479333,40.51,0,1786458641,0,1786458371,22:26:11,1786458371,1786458366,1,1.318,0.751,-12.303,-0.44,252,19,0.86,0.04,8.205910252,33.49421158,4.590813377,0,1.946654762,0.201465974,0.023314161,0,0,2,0/2,3.04321,2.7596,0.057433,0.054491,0.108204,0.0974812,33210.9,23970.8,33373.6,25646.7,38021.7,31301.3,48766.9,40083.9,1.7927,2.60745,0.220813,0,32.4398,999.9,79.868,29.97,33.3783,29.0246,-100,3,0.444507,0,20.2448,5.20411,11.956,4.9692,3.294,147.5,9999,7167.5,9999,4.9736,1.87298,1.87081,1.87236,1.87286,1.87376,1.87332,1.87775,0,0,0,0,11111111,oooooooo,on,on,on,on,0,100,100,-12.303,-0.4402,-12.30263636,0,0,0,-0.44019,0,0,0,-1,-1,-1,-1,4.5,4.6,0.157471,4.99756,2.64526,2.7063,2.8479,2.24487,34.3725,15.8307,2,407.328,1216.6,32.9361,33.1824,30.0006,33.0168,32.9142,-1,40,10,-999.9,400,20,101.328,94.0643
4,1786458764,370,20260811 22:32:44,22:32:44,15,,1786458756,0.001524054,1.524053502,1.28088168,182.2195157,117.1967638,11.93832864,18.56191582,0.037609817,1.391040119,0.037053904,0.023207952,287.4325877,38.20332439,36.7512,6.219760481,37.54392244,2.203172771,5.868254107,4.016587711,-67.21075944,-79.48088123,-13.50341565,127.2375314,1.054164283,1.550886309,1.28088168,187.9009797,186.1284303,0.02149335,60.82769344,1.524053502,19.71478302,21.61374848,-0.000265688,69.65,52,11,1.004142324,0.414232444,25210.6766,1500.010667,1261.224241,0.840810181,0.191620363,6,0.5,0: Broadleaf,2,TRUE,1786458756,182.25,183.9455333,21.62821333,19.70556667,194.5527333,22.0684,471.5205333,101.7656667,0.10001852,35.69136667,36.7512,999.9,0,0,4994.583333,0,775.0916667,-1.695586,186.279,187.6431333,1.922646,183.9455333,19.70556667,2.201010667,2.005350667,18.96967333,17.48665333,1500.010667,0.972995333,0.027004193,0,2.701,0,22894.06667,12843.94667,46.29546667,49.1498,47.3498,47.5248,46.3582,1459.500667,40.50933333,0,1786458761,0,1786458371,22:26:11,1786458371,1786458366,1,1.318,0.751,-12.303,-0.44,252,19,0.86,0.04,-1.715490476,-1.633394805,0.379450518,0,1.936730952,-0.284076623,0.029518429,0,0,2,0/2,3.04497,2.75947,0.0500165,0.0483013,0.106041,0.0959989,33455.9,24120.5,33358.9,25640.4,38103.7,31343.3,48747.5,40074.5,1.79543,2.60298,0.218678,0,33.2635,999.9,76.688,30.192,32.4635,29.3546,-100,3,0.461557,0,20.2444,5.20501,11.9562,4.9694,3.29408,147.5,9999,7167.5,9999,4.97362,1.87299,1.87082,1.87235,1.87286,1.87377,1.87332,1.87775,0,0,0,0,11111111,oooooooo,on,on,on,on,0,100,100,-12.303,-0.4402,-12.30263636,0,0,0,-0.44019,0,0,0,-1,-1,-1,-1,6.5,6.6,0.157471,4.99756,2.64526,2.7063,2.8479,2.24609,34.6006,15.8394,2,410.24,1214.61,33.3667,33.4139,30.0009,33.232,33.1322,-1,40,10,-999.9,400,20,101.286,94.0418
5,1786458884,490,20260811 22:34:44,22:34:44,15,,1786458876,0.001261643,1.261642508,1.766511856,191.9545323,85.78286163,8.737216351,19.55108802,0.0295571,1.390739332,0.029212507,0.018288443,287.431891,38.91261783,37.46746,6.467541897,37.25746521,2.257084423,6.058072954,4.210457474,-55.63843459,-89.75761117,-15.34872603,126.6871192,3.461890203,1.236269522,1.766511856,203.801013,198.7280848,0.54869494,60.82769344,1.261642508,20.68660089,22.2085503,0.007051955,69.65,52,11,1.004151467,0.415146667,25155.38742,1500.008667,1261.222402,0.840810077,0.191620154,6,0.5,0: Broadleaf,2,TRUE,1786458876,191.9966667,196.6654,22.16028,20.63514,204.2994667,22.60047333,473.5679333,101.7526,0.100103267,36.27033333,37.46746,999.9,0,0,4993.748667,0,788.7284,-4.668796,196.3478667,200.8094667,1.52513,196.6654,20.63514,2.254866667,2.09968,19.35753333,18.21671333,1500.008667,0.9729966,0.027002993,0,2.021666667,0,22773.08667,12843.94667,46.7748,49.6082,47.8666,48.00413333,46.8582,1459.502,40.504,0,1786458881,0,1786458371,22:26:11,1786458371,1786458366,1,1.318,0.751,-12.303,-0.44,252,19,0.86,0.04,-3.847823333,-19.02738545,2.412341468,0,1.534920476,-0.233883896,0.024620744,0,0,2,0/2,3.04705,2.75932,0.052901,0.0520395,0.108211,0.0993766,33334,24011.1,33339.9,25625.9,37992.3,31207.7,48722.4,40054.3,1.79668,2.59728,0.213183,0,34.049,999.9,76.938,30.454,33.0639,29.4446,-100,3,0.484276,0,20.2445,5.20486,11.956,4.96945,3.294,147.5,9999,7167.5,9999,4.97368,1.87301,1.87088,1.87238,1.87286,1.87375,1.87332,1.87775,0,0,0,0,11111111,oooooooo,on,on,on,on,0,100,100,-12.303,-0.4402,-12.30263636,0,0,0,-0.44019,0,0,0,-1,-1,-1,-1,8.6,8.6,0.157471,4.99756,2.64526,2.7063,2.8479,2.24487,34.8755,15.8132,2,412.595,1211.47,33.8531,33.6961,30.0011,33.4868,33.3811,-1,40,10,-999.9,400,20,101.231,93.9922
6,1786459004,610,20260811 22:36:44,22:36:44,15,,1786458996,0.001019617,1.019616535,1.594055529,232.3289306,111.2083934,11.32606342,23.66163312,0.023558992,1.392450244,0.023339774,0.014606884,287.4312688,39.48510404,37.89103333,6.618066867,38.07816972,2.365087852,6.211138479,4.252979016,-44.96508919,-87.47130481,-15.00304438,139.9918304,8.00128687,0.996091056,1.594055529,252.0412353,244.9267394,1.005001662,60.81316785,1.019616535,22.05354487,23.26729818,0.006875439,69.65,52,11,1.004149458,0.414945777,25167.51574,1500.006667,1261.220601,0.840809997,0.191619994,6,0.5,0: Broadleaf,2,TRUE,1786458996,232.3669333,242.687,23.22233333,22.00295333,244.6696,23.66253333,476.7226,101.7454,0.100001047,36.72583333,37.89103333,999.9,0,0,5002.5,0,782.3248667,-10.32013133,237.8915333,248.1472667,1.219400667,242.687,22.00295333,2.362764667,2.238698,20.11081333,19.24192,1500.006667,0.972997733,0.02700206,0,2.611666667,0,22596.28,12843.92667,47.2458,50.12493333,48.375,48.3372,47.3204,1459.505333,40.5,0,1786459001,0,1786458371,22:26:11,1786458371,1786458366,1,1.318,0.751,-12.303,-0.44,252,19,0.86,0.04,-8.046123795,-28.11745577,4.208636987,0,1.237795714,-0.343016883,0.035394017,0,0,2,0/2,3.04931,2.75947,0.062582,0.0622849,0.11203,0.103722,32970.1,23733.9,33317.6,25607.9,37808.6,31035.7,48693.3,40029.3,1.79855,2.58948,0.223991,0,34.2906,999.9,78.763,30.726,34.3805,29.5046,-100,3,0.511928,0,20.2444,5.20471,11.9565,4.9692,3.29445,147.6,9999,7167.5,9999,4.97359,1.87301,1.87087,1.87236,1.87286,1.87376,1.87331,1.87775,0,0,0,0,11111111,oooooooo,on,on,on,on,0,100,100,-12.303,-0.4401,-12.30263636,0,0,0,-0.44019,0,0,0,-1,-1,-1,-1,10.6,10.6,0.157471,4.99756,2.64526,2.7063,2.8479,2.23511,35.1747,15.7869,2,415.626,1206.22,34.3406,34.0271,30.0012,33.7898,33.6757,-1,40,10,-999.9,400,20,101.168,93.9306
7,1786459124,730,20260811 22:38:44,22:38:44,15,,1786459116,0.000838734,0.838734307,1.608199862,206.9825262,58.8033182,5.988255766,21.07813545,0.018686955,1.392188252,0.018548718,0.011605283,287.4316467,40.03020221,38.37538667,6.793908407,37.6423658,2.396922105,6.367618118,4.396986302,-36.98818292,-89.60594193,-15.44202929,145.3954925,1.158160508,0.862670648,1.608199862,218.0561441,213.0006061,0.601056447,60.81316785,0.838734307,22.50914627,23.53221212,-9.49346E-06,69.65,51,11,1.004076501,0.407650067,25123.46041,1500.008667,1261.22228,0.840809995,0.191619991,6,0.5,0: Broadleaf,2,TRUE,1786459116,207.0209333,208.6848,23.53723333,22.48940667,219.3234667,23.97743333,480.3447333,101.7353333,0.100004353,37.18152667,38.37538667,999.9,0,0,5001.708667,0,786.8426667,-1.663846867,212.0111333,213.486,1.047833133,208.6848,22.48940667,2.394568667,2.287967333,20.32708667,19.59192667,1500.008667,0.973000267,0.026999833,0,2.545333333,0,22344.14667,12843.95333,47.68286667,50.57466667,48.8204,48.75413333,47.75413333,1459.508667,40.5,0,1786459121,0,1786458371,22:26:11,1786458371,1786458366,1,1.318,0.751,-12.303,-0.44,252,19,0.86,0.04,0.324342238,-50.50607314,5.519095104,0,1.052216524,-0.167785714,0.022413945,0,0,2,0/2,3.05278,2.75958,0.0558502,0.0556713,0.112883,0.105221,33180.6,23883.9,33293.2,25591.2,37750.1,30961.6,48660.9,40005.2,1.8049,2.58108,0.243589,0,34.4957,999.9,78.476,30.998,34.7961,28.9946,-100,3,0.542447,0,20.2442,5.20456,11.9572,4.9694,3.29443,147.6,9999,7167.5,9999,4.97364,1.87302,1.87086,1.87238,1.87286,1.87372,1.87332,1.87775,0,0,0,0,11111111,oooooooo,on,on,on,on,0,100,100,-12.303,-0.4402,-12.30263636,0,0,0,-0.44019,0,0,0,-1,-1,-1,-1,12.6,12.6,0.157471,4.99756,2.64526,2.7063,2.8479,2.23999,35.5218,15.7781,2,421.398,1200.71,34.7993,34.3797,30.0014,34.1184,34.0006,-1,40,10,-999.9,400,20,101.098,93.8721
8,1786459244,850,20260811 22:40:44,22:40:44,15,,1786459236,0.000889958,0.889958004,0.718449815,180.4221384,107.5140009,10.94859934,18.3731392,0.018697112,1.391870977,0.018558694,0.011611534,287.4276523,40.55796447,38.99566,7.025003574,36.06447572,2.366865823,6.562873232,4.658137751,-39.24714797,-94.47053055,-16.37663515,137.3333386,0.91535331,0.930756402,0.718449815,186.1829608,185.0158364,0.051506241,60.80228703,0.889958004,22.17238808,23.24743576,0.000722006,69.65,52,11,1.004165733,0.416573347,25069.59149,1499.989333,1261.205879,0.840809899,0.191619797,6,0.5,0: Broadleaf,2,TRUE,1786459236,180.4393333,181.7794667,23.24235333,22.11852667,192.7420667,23.68253333,483.3106,101.7341333,0.100039353,37.7367,38.99566,999.9,0,0,5000.21,0,802.2224,-1.339996667,184.7328667,185.8910667,1.123826667,181.7794667,22.11852667,2.364540667,2.250208667,20.12295333,19.32428667,1499.989333,0.9730034,0.026996927,0,2.462666667,0,22026.88,12843.78667,48.18286667,51.0124,49.2624,49.3624,48.25,1459.495333,40.49466667,0,1786459241,0,1786458371,22:26:11,1786458371,1786458366,1,1.318,0.751,-12.303,-0.44,252,19,0.86,0.04,-1.14729119,-2.750328935,0.339532901,0,1.157340952,-0.685511688,0.069553096,0,0,2,0/2,3.05596,2.75951,0.0495072,0.0474702,0.111741,0.103954,33372.1,24073.4,33264.3,25574.4,37774.3,30982.9,48622.5,39980.5,1.80565,2.5706,0.23419,0,35.2727,999.9,75.583,31.32,34.134,29.0846,-100,3,0.578239,0,20.2444,5.20441,11.9574,4.9692,3.29425,147.6,9999,7167.5,9999,4.9736,1.87302,1.87088,1.8724,1.87286,1.87374,1.87332,1.87775,0,0,0,0,11111111,oooooooo,on,on,on,on,0,100,100,-12.302,-0.4402,-12.30263636,0,0,0,-0.44019,0,0,0,-1,-1,-1,-1,14.6,14.6,0.157471,4.99756,2.64526,2.7063,2.8479,2.26318,35.8944,15.7606,2,424.327,1193.22,35.3029,34.7828,30.0018,34.4978,34.3766,-1,40,10,-999.9,400,20,101.015,93.8128
9,1786459364,970.0999999,20260811 22:42:44,22:42:44,15,,1786459356,0.00078698,0.786980232,0.563164278,182.3284437,113.6908723,11.57918768,18.56978689,0.015929252,1.392866006,0.015828735,0.009901938,287.4292733,41.20809352,39.6823,7.288746404,36.39085112,2.467555631,6.780703268,4.821190772,-34.70582822,-100.8418054,-17.57735679,134.3042829,0.167261594,0.780260412,0.563164278,186.4937999,186.3063879,-0.106564448,60.79055241,0.786980232,23.34701715,24.25914727,0.005738766,69.65,52,11,1.004169207,0.416920668,25048.79355,1499.999333,1261.21414,0.8408098,0.191619601,6,0.5,0: Broadleaf,2,TRUE,1786459356,182.3419333,182.7217333,24.22782667,23.29552667,194.6446667,24.66802,487.901,101.7479333,0.100064233,38.33939333,39.6823,999.9,0,0,5004.416667,0,794.4546667,-0.37983604,186.8694667,187.0798,0.932296267,182.7217333,23.29552667,2.465134,2.370274,20.79810667,20.16205333,1499.999333,0.973006667,0.026993547,0,1.803666667,0,21672.17333,12843.9,48.63326667,51.40393333,49.6954,49.833,48.7332,1459.509333,40.49,0,1786459361,0,1786458371,22:26:11,1786458371,1786458366,1,1.318,0.751,-12.303,-0.44,252,19,0.86,0.04,-0.187326886,-1.463178483,0.532379188,0,0.96265019,-0.551840338,0.062554105,0,0,2,0/2,3.06043,2.75956,0.0496709,0.0475479,0.11531,0.107561,33327.4,24045.2,33227.8,25548.8,37590.4,30826.6,48573.9,39943.6,1.80967,2.5586,0.228487,0,36.0508,999.9,76.138,31.673,35.0757,29.3655,-100,3,0.622208,0,20.244,5.20471,11.9593,4.9692,3.29415,147.7,9999,7167.5,9999,4.97367,1.87302,1.87088,1.8724,1.87286,1.87377,1.87332,1.87775,0,0,0,0,11111111,oooooooo,on,on,on,on,0,100,100,-12.303,-0.4402,-12.30263636,0,0,0,-0.44019,0,0,0,-1,-1,-1,-1,16.6,16.6,0.157471,4.99756,2.64526,2.7063,2.8479,2.23755,36.3165,15.7344,2,429.681,1184.84,35.8421,35.27,30.0018,34.9537,34.8191,-1,40,10,-999.9,400,20,100.91,93.7234
10,1786459484,1090.1,20260811 22:44:44,22:44:44,15,,1786459476,0.000597239,0.597239434,0.484335793,184.1015834,104.5926824,10.65263478,18.75051758,0.011526559,1.393399478,0.011473848,0.007175871,287.4356944,41.89532185,40.38996,7.569503257,36.14506828,2.53092262,7.002124328,5.038580637,-26.33825906,-109.2944757,-19.16300127,132.6399584,0.391689054,0.584123389,0.484335793,189.7844896,188.8568848,0.066101247,60.77707556,0.597239434,24.1732719,24.87869697,0.001154749,69.65,51,10,1.004094074,0.409407412,25016.058,1500.029333,1261.239701,0.840810025,0.191620049,6,0.5,0: Broadleaf,2,TRUE,1786459476,184.1132,184.7214667,24.84981333,24.15648667,196.416,25.29000667,490.8736667,101.7486667,0.100091133,38.93504667,40.38996,999.9,0,0,5007,0,821.3528,-0.608319147,188.805,189.2942,0.6933208,184.7214667,24.15648667,2.528436,2.457891333,21.21070667,20.75030667,1500.029333,0.972999933,0.027,0,2.465333333,0,21230.49333,12844.14667,49.0998,51.7624,50.14153333,50.29133333,49.2038,1459.526667,40.502,0,1786459481,0,1786458371,22:26:11,1786458371,1786458366,1,1.318,0.751,-12.303,-0.44,252,19,0.86,0.04,-0.30064971,-6.77916907,0.779455373,0,0.693780905,0.021200182,0.015061004,1,1,2,1/2,3.06331,2.75956,0.0501951,0.0483315,0.117406,0.109953,33278.6,24006.7,33199.6,25530.9,37479,30722.5,48536.3,39918.3,1.81325,2.54745,0.225194,0,36.8425,999.9,75.729,32.065,35.6734,29.2755,-100,3,0.653867,0,20.2443,5.20381,11.9604,4.96925,3.29483,147.7,9999,7167.5,9999,4.97366,1.87302,1.87088,1.87241,1.87286,1.87369,1.87332,1.87775,0,0,0,0,11111111,oooooooo,on,on,on,on,0,100,100,-12.303,-0.4402,-12.30263636,0,0,0,-0.44019,0,0,0,-1,-1,-1,-1,18.6,18.6,0.158691,4.99756,2.64526,2.70386,2.8479,2.24731,36.7892,15.7169,2,434.546,1176.92,36.383,35.6999,30.001,35.3694,35.2237,-1,40,10,-999.9,400,20,100.829,93.6616
11,1786459604,1210.1,20260811 22:46:44,22:46:44,15,,1786459596,0.000230972,0.230971706,0.110660438,218.9965341,161.2851395,16.42550314,22.30291191,0.004291824,1.390899406,0.00428448,0.002678459,287.4358533,42.57596015,40.98082667,7.811055395,36.17882036,2.601562126,7.190842874,5.209493269,-10.18585224,-116.2930497,-20.5333409,140.4236105,5.816004693,0.141292411,0.110660438,235.3211099,231.1714424,0.831234858,60.77707556,0.230971706,25.459533,25.65175879,0.014762087,69.65,52,11,1.004193219,0.419321904,24905.94788,1500.033333,1261.24276,0.840809822,0.191619644,6,0.5,0: Broadleaf,2,TRUE,1786459596,218.9992,226.085,25.54523333,25.3784,231.3018,25.98542,493.042,101.7414,0.09999216,39.42996667,40.98082667,999.9,0,0,4995.084,0,626.3103333,-7.085749333,224.7406,231.9721333,0.166868867,226.085,25.3784,2.599009333,2.582032667,21.66012,21.55297333,1500.033333,0.9730048,0.02699538,0,2.094666667,0,20675.1,12844.19333,49.36633333,51.9456,50.429,50.2164,49.4664,1459.541333,40.492,0,1786459601,0,1786458371,22:26:11,1786458371,1786458366,1,1.318,0.751,-12.303,-0.44,252,19,0.86,0.04,-8.9657225,26.77300827,3.005348024,0,0.147874975,0.263481271,0.034298322,0,0,2,0/2,3.06482,2.75941,0.0591062,0.0561415,0.120116,0.114266,32949.6,23796.3,33183.5,25517.2,37354.7,30559.6,48515.3,39899.6,1.81145,2.54203,0.231728,0,37.2934,999.9,76.212,32.468,36.7257,29.0955,-100,3,0.673387,0,20.2431,5.20366,11.9584,4.9693,3.29455,147.7,9999,7167.5,9999,4.9737,1.87302,1.87089,1.8724,1.87286,1.87372,1.87331,1.87775,0,0,0,0,11111111,oooooooo,on,on,on,on,0,100,100,-12.303,-0.4402,-12.30263636,0,0,0,-0.44019,0,0,0,-1,-1,-1,-1,20.6,20.6,0.158691,4.99756,2.64526,2.70386,2.8479,2.27905,37.3138,15.7169,2,435.413,1174.79,36.8568,35.9679,30.0009,35.6595,35.5128,-1,40,10,-999.9,400,20,100.783,93.6153
12,1786459724,1330.1,20260811 22:48:44,22:48:44,15,,1786459716,4.76338E-05,0.04763378,0.09973325,213.7301936,23.22952914,2.365611725,21.76551444,0.00088532,1.390102777,0.000885007,0.000553158,287.4258177,42.87365507,41.10382667,7.86217017,36.64564008,2.66430851,7.270465201,5.19786166,-2.100649718,-110.0481245,-19.47242255,155.8046209,4.295218603,-0.078746741,0.09973325,225.3022695,223.3813212,0.37354895,60.77707556,0.04763378,26.3321217,26.2937497,0.01717476,69.65,52,11,1.004199773,0.419977329,24867.24145,1499.977333,1261.196022,0.840810054,0.191620107,6,0.5,0: Broadleaf,2,TRUE,1786459716,213.7326,218.9034,26.16263333,26.25530667,226.0352667,26.60281333,494.3634667,101.7364667,0.099937793,39.63540667,41.10382667,999.9,0,0,4991.416667,0,95.53179333,-5.170846,219.4748667,224.8058,-0.092686953,218.9034,26.25530667,2.661696,2.671122,22.05042667,22.10849333,1499.977333,0.972996533,0.02700308,0,2.928,0,20020.72,12843.69333,48.58306667,50.90393333,49.63313333,49.24973333,48.81213333,1459.472667,40.502,0,1786459721,0,1786458371,22:26:11,1786458371,1786458366,1,1.318,0.751,-12.303,-0.44,252,19,0.86,0.04,-6.803008095,32.08816364,3.271652382,0,-0.074637557,-0.174371665,0.045969645,0,0,2,0/2,3.06598,2.75943,0.0575157,0.0559087,0.122327,0.116863,32993.2,23792.3,33172.1,25507.4,37252.7,30459.4,48500.3,39886.2,1.81192,2.53618,0.233285,0,37.3278,999.9,76.071,32.851,37.4588,28.8555,-100,3,0.685594,0,20.243,5.20276,11.9598,4.96905,3.2949,147.8,9999,7167.5,9999,4.97374,1.87302,1.87091,1.87241,1.87286,1.8737,1.87331,1.87774,0,0,0,0,11111111,oooooooo,on,on,on,on,0,100,100,-12.303,-0.4402,-12.30263636,0,0,0,-0.44019,0,0,0,-1,-1,-1,-1,22.6,22.6,0.158691,4.99756,2.64526,2.70508,2.8479,2.25342,37.8679,15.6993,2,437.007,1170.37,37.208,36.1324,30.0004,35.8568,35.7125,-1,40,10,-999.9,400,20,100.75,93.582
13,1786459844,1450.1,20260811 22:50:44,22:50:44,15,,1786459836,-9.41678E-05,-0.094167781,0.166292287,216.9149943,338.6493872,34.48701424,22.08995728,-0.001840676,1.3911602,-0.00184203,-0.001151147,287.4318667,42.80426151,40.73066,7.70798184,38.38021245,2.769718754,7.216527936,4.938263086,4.152799148,-92.56578224,-16.32645292,182.6924307,3.057159416,-0.170604138,0.166292287,228.2490718,226.0089818,0.421279348,60.77707556,-0.094167781,27.45473733,27.27834121,0.011750175,69.65,52,11,1.004192838,0.41928385,24908.1989,1500.006667,1261.2209,0.840810196,0.191620393,6,0.5,0: Broadleaf,2,TRUE,1786459836,216.919,220.5779333,27.19758667,27.39864,229.2216,27.63778667,493.1580667,101.7369333,0.099997553,39.49645333,40.73066,999.9,0,0,4996.583333,0,41.06174,-3.6588396,222.9837333,226.7916,-0.201053,220.5779333,27.39864,2.767001333,2.787455333,22.68850667,22.80994,1500.006667,0.972991933,0.027007747,0,2.505333333,0,19343.18667,12843.90667,47.79133333,49.9748,48.7914,48.3582,48.07886667,1459.496667,40.51,0,1786459841,0,1786458371,22:26:11,1786458371,1786458366,1,1.318,0.751,-12.303,-0.44,252,19,0.86,0.04,-3.402693524,5.941857351,2.346770944,0,-0.177786967,-0.369078935,0.044663572,0,0,2,0/2,3.06489,2.7594,0.0579626,0.055617,0.125711,0.120239,32974,23792.9,33168.7,25500.3,37108.7,30336.3,48496.7,39877.3,1.80955,2.53675,0.25655,0,36.5901,999.9,76.456,33.254,38.5123,29.0355,-100,3,0.68921,0,20.2431,5.20396,11.9617,4.9679,3.295,147.8,9999,7167.5,9999,4.97363,1.87303,1.87096,1.87241,1.87286,1.87366,1.87332,1.87774,0,0,0,0,11111111,oooooooo,on,on,on,on,0,100,100,-12.303,-0.4402,-12.30263636,0,0,0,-0.44019,0,0,0,-1,-1,-1,-1,24.6,24.6,0.158691,4.99756,2.64526,2.70508,2.8479,2.28027,38.4034,15.6731,2,436.233,1173.17,37.3432,36.1868,30.0001,35.9529,35.8186,-1,40,10,-999.9,400,20,100.742,93.5591
14,1786459964,1570.1,20260811 22:52:44,22:52:44,15,,1786459956,0.000129065,0.129064534,0.243862637,180.9182028,20.95729481,2.134301498,18.42480123,0.002571787,1.39234203,0.00256915,0.001605956,287.4269467,42.55188001,40.56594667,7.640761956,38.9029401,2.786590464,7.162930249,4.854171492,-5.691745956,-90.71227363,-15.96270831,175.0602188,-0.304691501,0.165824697,0.243862637,185.2751017,185.4084424,-0.090823092,60.77707556,0.129064534,27.01839592,27.25960121,-0.015988825,69.65,51,10,1.004104529,0.41045288,24952.59918,1499.986667,1261.20354,0.840809834,0.191619668,6,0.5,0: Broadleaf,2,TRUE,1786459956,180.9240667,180.5913333,27.3623,27.16686667,193.2266,27.80248667,493.0873333,101.7405333,0.09997218,39.35748,40.56594667,999.9,0,0,5002.208,0,29.03804667,0.332764653,186.0138667,185.6344,0.195433867,180.5913333,27.16686667,2.783854,2.763968,22.78862,22.67032667,1499.986667,0.973007533,0.0269927,0,2.710666667,0,18683.03333,12843.79333,47.2164,49.229,48.07473333,47.91633333,47.53306667,1459.495333,40.49133333,0,1786459961,0,1786458371,22:26:11,1786458371,1786458366,1,1.318,0.751,-12.303,-0.44,252,19,0.86,0.04,0.616783705,-4.274028779,0.596254997,0,0.201968095,0.232405247,0.061017968,0,0,2,0/2,3.06464,2.75919,0.049211,0.0470428,0.125539,0.118698,33276.2,24006.8,33165.3,25498.7,37111.6,30385.5,48492.7,39874.4,1.80942,2.534,0.258438,0,36.3847,999.9,73.715,33.657,37.9783,29.0655,-100,3,0.69263,0,20.2432,5.20336,11.9614,4.9694,3.29468,147.8,9999,7167.5,9999,4.97376,1.87309,1.87101,1.87241,1.87287,1.87368,1.87332,1.87774,0,0,0,0,11111111,oooooooo,on,on,on,on,0,100,100,-12.303,-0.4402,-12.30263636,0,0,0,-0.44019,0,0,0,-1,-1,-1,-1,26.6,26.6,0.158691,4.99756,2.64526,2.70508,2.8479,2.29492,38.8704,15.6643,2,436.579,1170.68,37.3913,36.2205,30.0003,36.0163,35.8905,-1,40,10,-999.9,400,20,100.732,93.5527
15,1786460084,1690.1,20260811 22:54:44,22:54:44,15,,1786460076,3.30934E-05,0.03309343,0.091988762,181.4679877,-47.59814091,-4.84754574,18.48127582,0.000658151,1.391986735,0.000657978,0.000411252,287.4294323,42.52592792,40.55482,7.636239511,38.90885243,2.775812425,7.134141081,4.860427085,-1.459420247,-95.48398757,-16.79974756,173.6862769,-0.573436983,-0.003356941,0.091988762,185.3644721,185.796297,-0.113055792,60.77707556,0.03309343,27.18903601,27.23715515,-0.001595432,69.65,51,10,1.004105217,0.41052174,24948.43081,1499.999333,1261.214219,0.840809853,0.191619707,6,0.5,0: Broadleaf,2,TRUE,1786460076,181.4702,180.7728,27.25575333,27.25972,193.7730667,27.69592,491.8569333,101.7432,0.09997386,39.28246,40.55482,999.9,0,0,5000.332667,0,27.68718667,0.6975358,186.5550667,185.8385333,-0.003976702,180.7728,27.25972,2.773081333,2.773486667,22.72472667,22.72709333,1499.999333,0.973004133,0.026996253,0,1.952,0,18045.92,12843.9,46.6746,48.53306667,47.4664,47.39153333,47.00413333,1459.507333,40.49266667,0,1786460081,0,1786458371,22:26:11,1786458371,1786458366,1,1.318,0.751,-12.303,-0.44,252,19,0.86,0.04,0.609708905,1.885205922,0.261296098,0,-0.02106222,0.51682706,0.060949255,0,0,2,0/2,3.06363,2.75948,0.0492621,0.046892,0.125499,0.119154,33273.7,24010.4,33164.6,25498.6,37112.8,30370,48491.7,39874.6,1.80775,2.53153,0.249114,0,36.5278,999.9,71.432,34.039,37.5935,29.3055,-100,3,0.69282,0,20.2433,5.20396,11.9611,4.96775,3.29495,147.9,9999,7167.5,9999,4.97387,1.87309,1.87102,1.87241,1.87294,1.87369,1.87332,1.87775,0,0,0,0,11111111,oooooooo,on,on,on,on,0,100,100,-12.303,-0.4402,-12.30263636,0,0,0,-0.44019,0,0,0,-1,-1,-1,-1,28.6,28.6,0.157471,4.99756,2.64526,2.70386,2.8479,2.27295,39.1924,15.6381,2,435.781,1167.8,37.38,36.2306,30.0001,36.0464,35.9221,-1,40,10,-999.9,400,20,100.73,93.5529
16,1786460204,1810.1,20260811 22:56:44,22:56:44,15,,1786460196,-0.000102729,-0.102728615,0.196737141,178.7925427,310.4482628,31.61698623,18.20877111,-0.002084047,1.392783977,-0.002085781,-0.001303457,287.4287589,42.38352079,40.32392667,7.542914701,39.42615341,2.781197552,7.054194518,4.761717149,4.530331929,-93.9483158,-16.48522566,181.5255494,-0.572584181,-0.009208706,0.196737141,183.365529,183.2232788,-0.021625107,60.77707556,-0.102728615,27.34498377,27.25562121,-0.005890682,69.65,51,10,1.004098725,0.40987247,24987.7895,1499.996,1261.211399,0.840809842,0.191619684,6,0.5,0: Broadleaf,2,TRUE,1786460196,178.7972667,178.0984,27.30867333,27.31957333,191.0999333,27.74885333,490.9892667,101.7431333,0.0998789,39.07274667,40.32392667,999.9,0,0,5004.25,0,27.30388,0.698875973,183.8171333,183.1006667,-0.010899227,178.0984,27.31957333,2.778472,2.779582,22.75673333,22.76330667,1499.996,0.9730048,0.02699556,0,2.598333333,0,17436.02,12843.87333,46.2122,48.0124,47.01226667,47.0164,46.5956,1459.504667,40.492,0,1786460201,0,1786458371,22:26:11,1786458371,1786458366,1,1.318,0.751,-12.303,-0.44,252,19,0.86,0.04,0.992502361,-6.674791063,0.729420528,0,-0.02992503,-0.00627321,0.068541921,1,1,2,1/2,3.06277,2.75932,0.0487196,0.0464602,0.125584,0.119909,33295.1,24022,33166.9,25499.2,37111,30345.1,48495.1,39876,1.80637,2.53533,0.241425,0,36.3953,999.9,70.12,34.362,37.571,29.0055,-100,3,0.689809,0,20.2443,5.20411,11.961,4.9688,3.29485,147.9,9999,7167.5,9999,4.97378,1.8731,1.87102,1.87241,1.87294,1.87366,1.87332,1.87775,0,0,0,0,11111111,oooooooo,on,on,on,on,0,100,100,-12.303,-0.4402,-12.30263636,0,0,0,-0.44019,0,0,0,-1,-1,-1,-1,30.6,30.6,0.15625,4.99756,2.64526,2.70386,2.8479,2.24731,39.3418,15.6118,2,434.854,1172.94,37.3081,36.1968,30,36.0296,35.9121,-1,40,10,-999.9,400,20,100.737,93.5556
17,1786460324,1930.1,20260811 22:58:44,22:58:44,15,,1786460316,-0.000200369,-0.200369445,0.094493455,178.9025924,200.827174,20.4529071,18.22003482,-0.004113802,1.390332697,-0.004120577,-0.002574751,287.4235733,42.29574408,40.19738667,7.49218901,39.85328912,2.789889928,7.000400692,4.702299082,8.836292525,-94.96226976,-16.67101024,184.6265859,0.717584887,-0.17332804,0.094493455,185.1198296,184.6043939,0.081456285,60.77707556,-0.200369445,27.64440795,27.40475576,0.000162262,69.65,51,10,1.004108316,0.410831579,24929.6922,1499.969333,1261.18894,0.840809817,0.191619633,6,0.5,0: Broadleaf,2,TRUE,1786460316,178.9048667,179.7424,27.39394,27.5996,191.2077333,27.83412,489.7522,101.7433333,0.099991427,38.93047333,40.19738667,999.9,0,0,4992.208,0,25.83305333,-0.837542733,183.9438,184.8441333,-0.2056618,179.7424,27.5996,2.787151333,2.808075333,22.80818667,22.93162667,1499.969333,0.973006333,0.026994013,0,2.73,0,16875.64,12843.64667,46.65806667,48.39153333,47.4622,47.437,46.9412,1459.479333,40.49,0,1786460321,0,1786458371,22:26:11,1786458371,1786458366,1,1.318,0.751,-12.303,-0.44,252,19,0.86,0.04,-1.126751952,6.23591439,0.676529611,0,-0.190996333,-0.335452208,0.036473195,0,0,2,0/2,3.06176,2.75953,0.0490164,0.0466827,0.126127,0.120538,33289.5,24018.2,33171.2,25500.7,37091.6,30325.8,48501.3,39878.7,1.80523,2.53622,0.246897,0,36.2265,999.9,69.253,34.644,37.6968,29.2455,-100,3,0.684751,0,20.2448,5.20456,11.9583,4.9678,3.29495,147.9,9999,7167.5,9999,4.97376,1.87306,1.87103,1.87241,1.87286,1.87363,1.87332,1.87774,0,0,0,0,11111111,oooooooo,on,on,on,on,0,100,100,-12.302,-0.4402,-12.30263636,0,0,0,-0.44019,0,0,0,-1,-1,-1,-1,32.6,32.6,0.155029,4.99756,2.64526,2.70264,2.8479,2.26562,39.4166,15.6118,2,433.897,1173.52,37.1836,36.1347,29.9999,35.9878,35.8757,-1,40,10,-999.9,400,20,100.75,93.5617
18,1786460444,2050.1,20260811 23:00:44,23:00:44,15,,1786460436,-0.000283389,-0.283388818,0.133699251,176.803996,198.5461204,20.22031652,18.00605699,-0.005913072,1.393740594,-0.005927045,-0.003703145,287.4321867,42.1980385,39.99007333,7.409722826,40.05591338,2.784069321,6.950457711,4.625653505,12.49744686,-89.60667199,-15.66673221,194.6562293,1.638050071,-0.275309829,0.133699251,185.0010141,183.6088485,0.250670342,60.77707556,-0.283388818,27.78790618,27.39269152,0.010141987,69.65,50,10,1.004010102,0.401010242,25037.01892,1500.014667,1261.22702,0.840809792,0.191619584,6,0.5,0: Broadleaf,2,TRUE,1786460436,176.8072,178.7510667,27.33716667,27.66468,189.1098667,27.77736667,488.5615333,101.7420667,0.09984528,38.79753333,39.99007333,999.9,0,0,5009,0,25.28565333,-1.9438952,181.7766,183.837,-0.327504667,178.7510667,27.66468,2.78134,2.81466,22.77376,22.97022667,1500.014667,0.973007,0.026993233,0,3.481333333,0,16343.08,12844.03333,46.937,48.5872,47.7458,47.6124,47.187,1459.524667,40.49,0,1786460441,0,1786458371,22:26:11,1786458371,1786458366,1,1.318,0.751,-12.303,-0.44,252,19,0.86,0.04,-1.211853,-12.40698677,1.87917046,0,-0.2886213,-0.808293925,0.083164579,0,0,2,0/2,3.06006,2.75949,0.0488561,0.0470941,0.126124,0.121152,33298.4,24008.5,33174.3,25501.1,37093.8,30305.9,48505.7,39880,1.80243,2.53727,0.250213,0,35.9973,999.9,68.24,34.875,37.6229,29.1555,-100,3,0.680739,0,20.2448,5.20351,11.9607,4.9681,3.29497,148,9999,7167.5,9999,4.97376,1.87308,1.87103,1.87241,1.87289,1.87363,1.87332,1.87774,0,0,0,0,11111111,oooooooo,on,on,on,on,0,100,100,-12.302,-0.4402,-12.30263636,0,0,0,-0.44019,0,0,0,-1,-1,-1,-1,34.6,34.6,0.155029,4.99756,2.64526,2.70142,2.8479,2.25708,39.4666,15.5768,2,431.95,1174.24,37.0589,36.0794,30.0001,35.9436,35.836,-1,40,10,-999.9,400,20,100.76,93.5642
19,1786460564,2170.1,20260811 23:02:44,23:02:44,15,,1786460556,-0.000232852,-0.232852281,0.225888102,183.2317084,241.8299527,24.62888677,18.66101758,-0.004808607,1.392179605,-0.004817853,-0.003010326,287.42902,42.29216877,40.19066667,7.489503472,40.26590588,2.816322529,6.994310614,4.673180944,10.26878559,-95.79743834,-16.79347309,185.1068942,0.884533414,-0.253632129,0.225888102,190.1619073,189.1476303,0.148805395,60.77707556,-0.232852281,27.92854395,27.6504697,-0.000142166,69.65,50,10,1.004018756,0.401875596,24983.32236,1499.998,1261.21302,0.840809801,0.191619602,6,0.5,0: Broadleaf,2,TRUE,1786460556,183.2371333,184.265,27.65334667,27.95585333,195.5397333,28.09352667,487.136,101.7438,0.100022473,38.91430667,40.19066667,999.9,0,0,5001.25,0,25.6035,-1.02779434,188.4483333,189.5642,-0.3025182,184.265,27.95585333,2.813553333,2.844332667,22.96382667,23.14365333,1499.998,0.973007667,0.02699254,0,2.310333333,0,15842.98667,12843.9,47.14153333,48.7996,48,47.687,47.3666,1459.508,40.49,0,1786460561,0,1786458371,22:26:11,1786458371,1786458366,1,1.318,0.751,-12.303,-0.44,252,19,0.86,0.04,-1.191007205,4.140618122,1.238437016,0,-0.31477855,0.275301609,0.030277928,0,0,2,0/2,3.05933,2.75955,0.0500708,0.0486531,0.126999,0.121582,33259,23970.3,33177,25502,37059.2,30292.5,48509.7,39881.5,1.80275,2.53643,0.255652,0,36.1043,999.9,67.739,35.097,37.8081,28.8855,-100,3,0.676804,0,20.2447,5.20501,11.9578,4.96935,3.2948,148,9999,7167.5,9999,4.9738,1.87305,1.87102,1.87241,1.87288,1.87365,1.87332,1.87772,0,0,0,0,11111111,oooooooo,on,on,on,on,0,100,100,-12.303,-0.4402,-12.30263636,0,0,0,-0.44019,0,0,0,-1,-1,-1,-1,36.6,36.6,0.155029,4.99756,2.64526,2.70142,2.8479,2.27295,39.5166,15.5855,2,431.864,1172.3,36.9931,36.0327,29.9999,35.9012,35.7957,-1,40,10,-999.9,400,20,100.768,93.5675
20,1786460684,2290.1,20260811 23:04:44,23:04:44,15,,1786460676,-0.000450438,-0.450437899,-0.027594353,211.3426632,191.4937185,19.50219237,21.52365783,-0.009506685,1.391250189,-0.009542923,-0.005961059,287.4349733,42.31070572,40.04965333,7.433341911,41.23045901,2.869401273,6.959421123,4.563940638,19.86431134,-92.12123952,-16.14168123,199.0363639,-0.089606393,-0.457950416,-0.027594353,217.3839565,217.4162242,0.000570207,60.77707556,-0.450437899,28.73392387,28.19120303,0.000438304,69.65,50,10,1.004021805,0.402180549,24964.45459,1500.029333,1261.23934,0.840809784,0.191619568,6,0.5,0: Broadleaf,2,TRUE,1786460676,211.342,211.1124,28.1749,28.72191333,223.645,28.6151,486.1453333,101.7425333,0.099931887,38.82145333,40.04965333,999.9,0,0,4996.75,0,26.01387333,0.229860187,217.4694,217.3551333,-0.546999933,211.1124,28.72191333,2.866587333,2.922242,23.27262667,23.59136,1500.029333,0.973007533,0.0269927,0,1.919,0,15377.04,12844.15333,47.312,49,48.187,47.687,47.5,1459.539333,40.49,0,1786460681,0,1786458371,22:26:11,1786458371,1786458366,1,1.318,0.751,-12.303,-0.44,252,19,0.86,0.04,0.400609895,-5.26689233,0.74362246,0,-0.550703048,0.050144494,0.007278766,1,1,2,1/2,3.05809,2.75959,0.0561527,0.0542124,0.128885,0.123933,33050.6,23828,33180.9,25499,36983.6,30210.2,48515,39878.1,1.8007,2.53853,0.258826,0,35.8727,999.9,68.356,35.278,38.5368,29.0355,-100,3,0.671903,0,20.2448,5.20501,11.9593,4.9693,3.29465,148,9999,7167.5,9999,4.97374,1.87308,1.87101,1.87241,1.87287,1.87364,1.87332,1.87773,0,0,0,0,11111111,oooooooo,on,on,on,on,0,100,100,-12.302,-0.4402,-12.30263636,0,0,0,-0.44019,0,0,0,-1,-1,-1,-1,38.6,38.6,0.155029,4.99756,2.64526,2.70142,2.8479,2.25342,39.5917,15.5592,2,430.324,1174.31,36.9263,35.9758,29.9998,35.8506,35.747,-1,40,10,-999.9,400,20,100.779,93.5585
21,1786460804,2410.1,20260811 23:06:44,23:06:44,15,,1786460796,-0.000486772,-0.486771896,-0.244828372,206.9507446,155.5246357,15.83880755,21.07610156,-0.010325473,1.392051056,-0.010368212,-0.006476278,287.4331589,42.27618308,40.01026667,7.417720699,41.4700628,2.878119804,6.940234979,4.539600894,21.46664061,-93.06334036,-16.29028849,199.5461707,2.340037737,-0.484860456,-0.244828372,215.7174638,215.3804061,0.132072452,60.77299566,-0.486771896,28.86763519,28.28135091,0.000302849,69.65,49,10,1.003936798,0.393679836,24991.32475,1500.02,1261.231479,0.840809776,0.191619551,6,0.5,0: Broadleaf,2,TRUE,1786460796,206.9448667,209.7015333,28.26087333,28.84082,219.2474,28.70106,485.4824667,101.7411333,0.1000154,38.77022,40.01026667,999.9,0,0,5000.75,0,25.83494,-2.756653133,212.9634667,215.9290667,-0.579955133,209.7015333,28.84082,2.875290667,2.934296,23.32282667,23.6597,1500.02,0.9730094,0.026990807,0,1.887,0,14947.98667,12844.07333,47.50826667,49.229,48.39153333,47.875,47.66633333,1459.531333,40.48933333,0,1786460801,0,1786458371,22:26:11,1786458371,1786458366,1,1.318,0.751,-12.303,-0.44,252,19,0.86,0.04,-2.67114981,1.530789117,2.644838465,0,-0.569897,-0.199347429,0.020789201,0,0,2,0/2,3.05751,2.7595,0.0557225,0.054248,0.129207,0.124324,33069.9,23827.6,33184.9,25499.2,36972.4,30197,48520.5,39878.3,1.80045,2.54055,0.268728,0,35.6954,999.9,67.824,35.47,38.6476,29.3055,-100,3,0.667264,0,20.2449,5.20082,11.9583,4.96945,3.29487,148.1,9999,7167.5,9999,4.97373,1.87306,1.87097,1.87241,1.87288,1.87363,1.87332,1.8777,0,0,0,0,11111111,oooooooo,on,on,on,on,0,100,100,-12.303,-0.4402,-12.30263636,0,0,0,-0.44019,0,0,0,-1,-1,-1,-1,40.6,40.6,0.155029,4.99756,2.64526,2.7002,2.8479,2.23877,39.6418,15.533,2,429.803,1176.14,36.8592,35.9118,30.0001,35.7935,35.6928,-1,40,10,-999.9,400,20,100.791,93.559
22,1786460925,2531,20260811 23:08:45,23:08:45,15,,1786460917,-0.000534575,-0.534575176,-0.075171097,218.475542,192.4959578,19.60369797,22.24944663,-0.011350443,1.390200701,-0.011402181,-0.007121695,287.4353533,42.33131817,40.03528667,7.427640623,41.65219862,2.895019491,6.950460208,4.532621132,23.57476525,-92.76725626,-16.26416035,201.978702,-1.070151684,-0.540346283,-0.075171097,222.3449367,223.3964121,-0.194416415,60.77299566,-0.534575176,29.08505353,28.44068606,0.000322942,69.65,49,10,1.003945452,0.394545188,24936.72648,1500.031333,1261.24102,0.840809783,0.191619566,6,0.5,0: Broadleaf,2,TRUE,1786460917,218.4737333,217.0089333,28.42726667,29.07413333,230.7764667,28.86746,484.9798667,101.7394667,0.10006384,38.79754,40.03528667,999.9,0,0,4991.75,0,26.15285333,1.4647854,224.8661333,223.5072667,-0.646854533,217.0089333,29.07413333,2.892173333,2.957984667,23.41982,23.79326667,1500.031333,0.973008533,0.026991667,0,2.463666667,0,14541.69333,12844.18667,47.66633333,49.4874,48.5746,48.0956,47.812,1459.541333,40.49,0,1786460922,0,1786458371,22:26:11,1786458371,1786458366,1,1.318,0.751,-12.303,-0.44,252,19,0.86,0.04,-0.076752333,20.38937782,2.984920815,0,-0.643102,-0.062476831,0.008295299,1,1,2,1/2,3.05719,2.75918,0.0574251,0.0555588,0.129772,0.125019,33014.2,23794.7,33188.5,25499,36951.7,30173.4,48525.8,39878.4,1.8003,2.54005,0.272308,0,35.6376,999.9,67.446,35.621,38.7535,29.2855,-100,3,0.663435,0,20.2451,5.20501,11.9581,4.9689,3.29465,148.1,9999,7167.5,9999,4.97375,1.8731,1.87102,1.87241,1.87288,1.87364,1.87332,1.87773,0,0,0,0,11111111,oooooooo,on,on,on,on,0,100,100,-12.302,-0.4402,-12.30263636,0,0,0,-0.44019,0,0,0,-1,-1,-1,-1,42.6,42.6,0.155029,4.99756,2.64526,2.69897,2.8479,2.26562,39.692,15.5242,2,429.397,1174.52,36.8186,35.8629,29.9999,35.7447,35.6444,-1,40,10,-999.9,400,20,100.802,93.5588
23,1786461045,2651,20260811 23:10:45,23:10:45,15,,1786461037,-0.000609983,-0.609982978,-0.208479905,220.9465353,181.6144801,18.49571168,22.50130833,-0.013413533,1.392044381,-0.013485757,-0.008422077,287.4256,42.13018372,39.68730667,7.290700588,42.47825517,2.915099116,6.86256793,4.375601471,26.90024933,-84.48491954,-14.75101939,215.0899104,-2.644070467,-0.615373922,-0.208479905,220.9601268,224.1154,-0.585318932,60.77299566,-0.609982978,29.36493851,28.62939758,2.55638E-05,69.65,49,10,1.003934179,0.393417907,25007.89815,1499.98,1261.1979,0.840809811,0.191619622,6,0.5,0: Broadleaf,2,TRUE,1786461037,220.9415333,217.504,28.62416,29.36306667,233.2440667,29.06435333,483.4287333,101.7404667,0.10004556,38.56156,39.68730667,999.9,0,0,5000.75,0,27.65856,3.437504333,227.4522,224.0838,-0.7388904,217.504,29.36306667,2.912233333,2.987408,23.53444,23.95789333,1499.98,0.973006533,0.026993767,0,1.808666667,0,14173.67333,12843.73333,47.687,49.5746,48.687,48.0704,47.8288,1459.49,40.49,0,1786461042,0,1786458371,22:26:11,1786458371,1786458366,1,1.318,0.751,-12.303,-0.44,252,19,0.86,0.04,3.421282143,5.025474779,1.586701119,0,-0.737733762,-0.010777247,0.013774151,1,1,2,1/2,3.05565,2.75909,0.0575145,0.054754,0.130428,0.125749,33016.6,23815.6,33193.7,25499.4,36927.9,30148.8,48533.4,39879.2,1.7981,2.5415,0.275601,0,35.2324,999.9,67.354,35.772,39.022,29.0155,-100,3,0.657276,0,20.2451,5.20441,11.9575,4.96845,3.2949,148.1,9999,7167.5,9999,4.97376,1.87309,1.87103,1.87241,1.87292,1.87365,1.87332,1.87772,0,0,0,0,11111111,oooooooo,on,on,on,on,0,100,100,-12.303,-0.4402,-12.30263636,0,0,0,-0.44019,0,0,0,-1,-1,-1,-1,44.6,44.6,0.155029,4.99756,2.64526,2.69897,2.8479,2.27173,39.7171,15.498,2,427.671,1175.28,36.7101,35.7916,29.9999,35.678,35.5765,-1,40,10,-999.9,400,20,100.818,93.5605
24,1786461165,2771,20260811 23:12:45,23:12:45,15,,1786461157,-0.000638198,-0.638197866,-0.063158568,212.9283123,191.8611109,19.5394078,21.68492149,-0.014534175,1.393005552,-0.014618953,-0.009129188,287.4247133,41.86718895,39.31514,7.146669779,43.19688514,2.920473786,6.760843464,4.226195994,28.14452591,-77.35220612,-13.45430229,224.7627308,-1.748947872,-0.639000086,-0.063158568,215.3703872,217.0428545,-0.320981819,60.77299566,-0.638197866,29.43633765,28.66427818,-2.92627E-05,69.65,49,10,1.003926381,0.392638138,25057.3686,1499.975333,1261.19398,0.840809813,0.191619627,6,0.5,0: Broadleaf,2,TRUE,1786461157,212.9268,210.5871333,28.67668,29.44675333,225.2294667,29.11687333,481.6501333,101.7415333,0.09988574,38.28514667,39.31514,999.9,0,0,5005.416667,0,35.25023333,2.3396882,219.2129333,216.9762,-0.770065,210.5871333,29.44675333,2.917606667,2.995954,23.56502,24.00545333,1499.975333,0.973005533,0.026994787,0,3.081333333,0,13834.81333,12843.7,47.6746,49.51653333,48.6746,47.937,47.75,1459.485333,40.49,0,1786461162,0,1786458371,22:26:11,1786458371,1786458366,1,1.318,0.751,-12.303,-0.44,252,19,0.86,0.04,2.387878714,-4.399648753,1.386794687,0,-0.774044571,0.055316961,0.007560446,1,1,2,1/2,3.05358,2.75942,0.0561204,0.0544276,0.130581,0.126079,33072.4,23825.9,33200.1,25501.1,36924.9,30139.6,48542.2,39882,1.79508,2.54475,0.284001,0,34.7165,999.9,66.964,35.913,39.0981,29.1055,-100,3,0.649278,0,20.2452,5.20381,11.9583,4.96905,3.29483,148.2,9999,7167.5,9999,4.97378,1.87307,1.87101,1.87241,1.87287,1.87363,1.87332,1.87773,0,0,0,0,11111111,oooooooo,on,on,on,on,0,100,100,-12.303,-0.4401,-12.30263636,0,0,0,-0.44019,0,0,0,-1,-1,-1,-1,46.6,46.6,0.155029,4.99756,2.64526,2.69897,2.8479,2.2583,39.7171,15.4804,2,425.301,1178.16,36.5034,35.6835,29.9998,35.585,35.4877,-1,40,10,-999.9,400,20,100.837,93.5669
25,1786461285,2891,20260811 23:14:45,23:14:45,15,,1786461277,-0.000672835,-0.672835193,0.117666413,211.0343794,208.6536954,21.24943251,21.49188296,-0.015724907,1.391418662,-0.01582431,-0.009881211,287.426389,41.67370329,39.04124667,7.042253509,43.75568318,2.923958391,6.682465404,4.118295119,29.67203201,-72.87975995,-12.66098601,231.5576751,-1.378828167,-0.677400925,0.117666413,215.2055257,215.605897,-0.110941865,60.77809875,-0.672835193,29.52006906,28.7041,-1.13268E-05,69.65,49,10,1.003930748,0.393074768,25029.64353,1499.983333,1261.200778,0.840809861,0.191619722,6,0.5,0: Broadleaf,2,TRUE,1786461277,211.0372,209.1437333,28.71110667,29.52936,223.3395333,29.1513,480.5111333,101.7407333,0.099938453,38.0697,39.04124667,999.9,0,0,4997.665333,0,29.43456,1.893234907,217.2752,215.5076667,-0.818250933,209.1437333,29.52936,2.92109,3.004342,23.58483333,24.052,1499.983333,0.9730038,0.026996593,0,2.349,0,13520.64667,12843.74667,47.6082,49.437,48.625,47.8204,47.687,1459.493333,40.49266667,0,1786461282,0,1786458371,22:26:11,1786458371,1786458366,1,1.318,0.751,-12.303,-0.44,252,19,0.86,0.04,2.003909171,-8.073120374,2.069853955,0,-0.824407143,0.094110078,0.012062319,1,1,2,1/2,3.05252,2.75945,0.0558603,0.0542121,0.130753,0.126367,33090.4,23834.1,33208.4,25503.4,36923.2,30132.6,48553.7,39885.8,1.79438,2.54673,0.294521,0,34.2978,999.9,66.591,36.054,39.1852,29.1355,-100,3,0.640109,0,20.245,5.20396,11.9571,4.9695,3.29433,148.2,9999,7167.5,9999,4.9738,1.87304,1.87101,1.87241,1.8729,1.87364,1.87332,1.87774,0,0,0,0,11111111,oooooooo,on,on,on,on,0,100,100,-12.303,-0.4402,-12.30263636,0,0,0,-0.44019,0,0,0,-1,-1,-1,-1,48.6,48.6,0.155029,4.99756,2.64526,2.69897,2.8479,2.24609,39.7171,15.4454,2,424.226,1179.02,36.2962,35.5686,29.9998,35.4818,35.387,-1,40,10,-999.9,400,20,100.861,93.5758
26,1786461405,3011,20260811 23:16:45,23:16:45,15,,1786461397,-0.000704847,-0.704847391,0.630458323,220.2534873,264.6976424,26.9565909,22.43043459,-0.016450819,1.391370302,-0.01655965,-0.010339944,287.42598,41.66481398,39.08052667,7.05714646,43.98239576,2.935104297,6.673361571,4.122042163,31.08376996,-77.71147164,-13.50176292,227.2965154,4.950029768,-0.718049132,0.630458323,234.913867,231.1150303,0.59759504,60.77809875,-0.704847391,29.68802566,28.82979758,8.80283E-06,69.65,48,10,1.00385011,0.385011034,25030.35032,1499.982,1261.19958,0.84080981,0.191619619,6,0.5,0: Broadleaf,2,TRUE,1786461397,220.2686,226.2522667,28.82097333,29.69178,232.5712,29.26116667,478.5909333,101.7392667,0.099913527,38.04453333,39.08052667,999.9,0,0,4997.5,0,26.70624667,-5.983652927,226.8051333,233.1757333,-0.8707962,226.2522667,29.69178,2.932221333,3.020817333,23.64796,24.1431,1499.982,0.9730054,0.026994967,0,1.909333333,0,13224.4,12843.76,47.687,49.5,48.625,47.937,47.6912,1459.492,40.49,0,1786461402,0,1786458371,22:26:11,1786458371,1786458366,1,1.318,0.751,-12.303,-0.44,252,19,0.86,0.04,-5.1638109,-7.688832366,3.255824371,0,-0.87214481,0.045121636,0.006924125,1,1,2,1/2,3.05069,2.75933,0.0593299,0.0577468,0.131219,0.126865,32976.4,23746.6,33215.4,25504.5,36908.4,30117.6,48563.3,39887.8,1.79198,2.54888,0.298772,0,34.2703,999.9,66.396,36.155,39.2865,29.0455,-100,3,0.631852,0,20.2453,5.20172,11.9566,4.96935,3.2945,148.2,9999,7167.5,9999,4.97379,1.87305,1.871,1.87241,1.87292,1.87363,1.87332,1.87773,0,0,0,0,11111111,oooooooo,on,on,on,on,0,100,100,-12.303,-0.4402,-12.30263636,0,0,0,-0.44019,0,0,0,-1,-1,-1,-1,50.6,50.6,0.155029,4.99756,2.64526,2.69775,2.8479,2.27295,39.7171,15.4367,2,422.176,1180.17,36.1812,35.4623,30,35.3801,35.2891,-1,40,10,-999.9,400,20,100.881,93.5801
27,1786461525,3131,20260811 23:18:45,23:18:45,15,,1786461517,-0.000700598,-0.700597512,-0.268602362,222.546232,182.3017221,18.56476492,22.66307982,-0.016226564,1.39235865,-0.016332362,-0.010198164,287.43054,41.69075619,39.17415333,7.092755049,43.97693393,2.939571217,6.684347803,4.153183832,30.89635028,-82.51527508,-14.33476867,221.4768465,0.610159295,-0.709311556,-0.268602362,229.6384187,229.9480606,0.00764138,60.77809875,-0.700597512,29.72246297,28.86746061,-6.18176E-07,69.65,48,10,1.003846131,0.384613076,25056.14981,1500.006,1261.21974,0.840809797,0.191619594,6,0.5,0: Broadleaf,2,TRUE,1786461517,222.5398,223.1052667,28.86591333,29.72814,234.8422667,29.3061,477.4514667,101.7354,0.099978733,38.0749,39.17415333,999.9,0,0,5002.542,0,30.45124667,-0.565482667,229.1545333,229.9408667,-0.862207133,223.1052667,29.72814,2.936685333,3.024402,23.67322,24.16286667,1500.006,0.973005333,0.026995053,0,2.122333333,0,12950.81333,12843.98,47.812,49.7416,48.812,48.187,47.8708,1459.516,40.49,0,1786461522,0,1786458371,22:26:11,1786458371,1786458366,1,1.318,0.751,-12.303,-0.44,252,19,0.86,0.04,-1.635054762,22.21788203,2.453215922,0,-0.865312714,0.074161558,0.009643469,1,1,2,1/2,3.04971,2.75942,0.0587686,0.0562233,0.131361,0.126912,32999.4,23784.7,33218.5,25504,36903.9,30115.1,48567.6,39886.9,1.79048,2.54865,0.292283,0,34.4608,999.9,66.005,36.265,39.2913,29.0455,-100,3,0.628148,0,20.2455,5.20516,11.9587,4.96935,3.29445,148.3,9999,7167.5,9999,4.97369,1.87304,1.87099,1.8724,1.87288,1.87365,1.87332,1.87773,0,0,0,0,11111111,oooooooo,on,on,on,on,0,100,100,-12.303,-0.4402,-12.30263636,0,0,0,-0.44019,0,0,0,-1,-1,-1,-1,52.6,52.6,0.153809,4.99756,2.64526,2.69897,2.8479,2.25708,39.7171,15.4367,2,420.88,1178.57,36.1427,35.403,30,35.3135,35.2214,-1,40,10,-999.9,400,20,100.891,93.5782
28,1786461645,3251,20260811 23:20:45,23:20:45,15,,1786461637,-0.00072261,-0.722610067,-0.157153955,215.1253639,186.5394453,18.99630649,21.90736304,-0.016821661,1.392111939,-0.016935412,-0.010574349,287.428329,41.67163145,39.11694,7.070976906,44.04744528,2.939370973,6.67319286,4.131605932,31.86710394,-80.52079465,-13.98483069,224.7898076,-0.341407088,-0.717306669,-0.157153955,220.7326884,221.2728121,-0.067040917,60.77809875,-0.722610067,29.74786906,28.86434424,1.17065E-06,69.65,48,10,1.003846829,0.384682853,25051.62236,1499.993333,1261.209198,0.840809869,0.191619738,6,0.5,0: Broadleaf,2,TRUE,1786461637,215.1216,214.4991333,28.86396,29.73753333,227.4243333,29.30414,476.5623333,101.7353333,0.0999995,38.04406667,39.11694,999.9,0,0,5001.334,0,28.42426,0.622428527,221.5153333,221.0734667,-0.873569867,214.4991333,29.73753333,2.936481333,3.025353333,23.67204667,24.1681,1499.993333,0.973004,0.02699642,0,1.796333333,0,12698.18667,12843.84,47.875,49.812,48.875,48.25,47.937,1459.502667,40.49333333,0,1786461642,0,1786458371,22:26:11,1786458371,1786458366,1,1.318,0.751,-12.303,-0.44,252,19,0.86,0.04,1.351607695,-8.585203899,1.202410361,0,-0.8693593,-0.096789383,0.011536486,1,1,2,1/2,3.04889,2.75942,0.0570132,0.0550434,0.131371,0.127028,33064.1,23815.2,33221.6,25504.7,36904.9,30111.9,48571.6,39888.1,1.7898,2.5526,0.292573,0,34.4107,999.9,65.651,36.346,39.2551,29.0755,-100,3,0.624367,0,20.2457,5.20501,11.9574,4.96935,3.29443,148.3,9999,7167.5,9999,4.97376,1.87303,1.871,1.87241,1.87288,1.87363,1.87332,1.87772,0,0,0,0,11111111,oooooooo,on,on,on,on,0,100,100,-12.303,-0.4402,-12.30263636,0,0,0,-0.44019,0,0,0,-1,-1,-1,-1,54.6,54.6,0.153809,4.99756,2.64526,2.69775,2.8479,2.25708,39.7422,15.4192,2,420.141,1183.04,36.0924,35.3574,29.9999,35.2592,35.1643,-1,40,10,-999.9,400,20,100.899,93.5808
29,1786461765,3371,20260811 23:22:45,23:22:45,15,,1786461757,-0.000705127,-0.705126915,-0.039895845,194.2143553,177.4640861,18.07150405,19.77721569,-0.016237352,1.392518372,-0.016343279,-0.010204975,287.4282989,41.73013209,39.23740667,7.116899983,43.89884978,2.940345709,6.698001711,4.176554273,31.09609695,-84.44461907,-14.67538642,219.4043904,-0.287216242,-0.694124024,-0.039895845,200.255613,199.995297,0.062158239,60.77809875,-0.705126915,29.73850569,28.8748697,2.26082E-06,69.65,48,10,1.003845878,0.384587794,25057.79067,1499.994,1261.209679,0.840809816,0.191619632,6,0.5,0: Broadleaf,2,TRUE,1786461757,194.2134,193.6825333,28.87450667,29.7213,206.5160667,29.31469333,475.7398667,101.7318667,0.100027587,38.11258,39.23740667,999.9,0,0,5003.5,0,27.94436,0.530943527,199.9878667,199.6152667,-0.846793733,193.6825333,29.7213,2.937456667,3.023603333,23.67758,24.15846,1499.994,0.9730054,0.026994967,0,2.537,0,12460.97333,12843.86,47.9706,49.89153333,48.937,48.4246,48.00413333,1459.504,40.49066667,0,1786461762,0,1786458371,22:26:11,1786458371,1786458366,1,1.318,0.751,-12.303,-0.44,252,19,0.86,0.04,1.946946805,-25.15316662,2.648551921,0,-0.838967476,-0.183384234,0.019544283,0,0,2,0/2,3.04861,2.75934,0.0525238,0.0503596,0.131418,0.127002,33223.7,23933.1,33223.7,25504.5,36902.8,30111.8,48574.5,39887.8,1.78988,2.55385,0.287969,0,34.6413,999.9,65.224,36.447,39.22,28.9555,-100,3,0.62091,0,20.2455,5.20516,11.9577,4.96945,3.29468,148.3,9999,7167.5,9999,4.97376,1.8731,1.87101,1.87241,1.8729,1.87365,1.87332,1.87773,0,0,0,0,11111111,oooooooo,on,on,on,on,0,100,100,-12.303,-0.4402,-12.30263636,0,0,0,-0.44019,0,0,0,-1,-1,-1,-1,56.6,56.6,0.155029,4.99756,2.64526,2.69775,2.8479,2.26562,39.7422,15.4104,2,419.878,1183.88,36.0783,35.3153,30,35.2116,35.1169,-1,40,10,-999.9,400,20,100.905,93.5801
30,1786461885,3491,20260811 23:24:45,23:24:45,15,,1786461877,-0.000740671,-0.740670798,0.610761721,215.422822,256.3529094,26.10423854,21.93635619,-0.016946709,1.391389726,-0.017062223,-0.010653446,287.4332733,41.7828898,39.28948,7.136830767,43.74235539,2.935032161,6.709817372,4.201798606,32.66358217,-85.84042211,-14.9361432,219.3202902,4.411073975,-0.745359317,0.610761721,228.6079827,225.3647091,0.487509124,60.78175561,-0.740670798,29.73516211,28.82762424,2.17342E-06,69.65,48,10,1.003851216,0.385121608,25023.19129,1500.019333,1261.23104,0.840809856,0.191619712,6,0.5,0: Broadleaf,2,TRUE,1786461877,215.4374667,220.7787333,28.82306,29.73272667,227.7401333,29.26323333,475.5695333,101.7293333,0.09997142,38.14513333,39.28948,999.9,0,0,4998.083333,0,21.18646,-5.3412542,221.8314,227.5442667,-0.909673733,220.7787333,29.73272667,2.932154,3.024694,23.64756667,24.16448,1500.019333,0.973004333,0.026995993,0,2.046333333,0,12237.28,12844.06,47.9958,49.937,48.9958,48.5,48.0914,1459.526,40.49333333,0,1786461882,0,1786458371,22:26:11,1786458371,1786458366,1,1.318,0.751,-12.303,-0.44,252,19,0.86,0.04,-4.93256315,-1.276021218,2.494418758,0,-0.90506995,-0.056668827,0.007463422,1,1,2,1/2,3.04798,2.75944,0.0581754,0.0575443,0.131265,0.127047,33029.2,23754.3,33226.9,25506.4,36913.2,30113.6,48579.5,39890.7,1.78905,2.55512,0.272699,0,34.8814,999.9,64.736,36.547,39.1391,28.8655,-100,3,0.616527,0,20.2456,5.20501,11.9574,4.9679,3.29458,148.4,9999,7167.5,9999,4.97378,1.87306,1.87101,1.87241,1.87288,1.87363,1.87332,1.87774,0,0,0,0,11111111,oooooooo,on,on,on,on,0,100,100,-12.302,-0.4402,-12.30263636,0,0,0,-0.44019,0,0,0,-1,-1,-1,-1,58.6,58.6,0.153809,4.99756,2.64526,2.69653,2.8479,2.26807,39.7925,15.3929,2,419.118,1184.81,36.1015,35.2715,30,35.1671,35.0714,-1,40,10,-999.9,400,20,100.916,93.587
31,1786462005,3611,20260811 23:26:45,23:26:45,15,,1786461997,-0.000804649,-0.804649022,-0.014048428,228.9325367,213.1097674,21.69979262,23.31093799,-0.01927622,1.390730405,-0.019425898,-0.012127642,287.43228,41.46690024,38.79832667,6.950754832,44.62600729,2.93783601,6.583237419,4.012918822,35.48502185,-75.31845312,-13.05844941,234.5403993,0.284371742,-0.816521707,-0.014048428,238.5699451,236.7493818,0.364143712,60.78175561,-0.804649022,29.84544313,28.8554697,6.68562E-07,69.65,48,10,1.003849715,0.384971538,25032.90843,1500.012,1261.22508,0.840809994,0.191619987,6,0.5,0: Broadleaf,2,TRUE,1786461997,228.9322,229.0542667,28.85196,29.85257333,241.235,29.29214667,473.6088,101.7245333,0.099953127,37.79377333,38.79832667,999.9,0,0,4995.082667,0,22.87972,-0.122007267,235.7336667,236.1024667,-1.0006096,229.0542667,29.85257333,2.934954667,3.036744,23.66343333,24.23076,1500.012,0.973001333,0.02699914,0,2.034666667,0,12039.44,12843.99333,47.812,49.7164,48.875,48.17873333,47.875,1459.512,40.5,0,1786462002,0,1786458371,22:26:11,1786458371,1786458366,1,1.318,0.751,-12.303,-0.44,252,19,0.86,0.04,1.06886805,-23.85010047,2.596063426,0,-1.00370775,0.082487774,0.009628352,1,1,2,1/2,3.04611,2.7594,0.0603243,0.0586893,0.131379,0.127344,32961.5,23727.1,33234,25507.6,36913.2,30105.1,48589,39892.6,1.78647,2.55718,0.280306,0,34.2779,999.9,64.681,36.628,39.2827,28.9555,-100,3,0.608077,0,20.2457,5.20531,11.9562,4.9696,3.2945,148.4,9999,7167.5,9999,4.97381,1.87308,1.871,1.87241,1.87289,1.87364,1.87332,1.87773,0,0,0,0,11111111,oooooooo,on,on,on,on,0,100,100,-12.303,-0.4402,-12.30263636,0,0,0,-0.44019,0,0,0,-1,-1,-1,-1,60.6,60.6,0.153809,4.99756,2.64526,2.69653,2.8479,2.26196,39.7925,15.3666,2,417.104,1186.07,35.9227,35.1737,29.9996,35.0834,34.9868,-1,40,10,-999.9,400,20,100.936,93.5915
32,1786462125,3731,20260811 23:28:45,23:28:45,15,,1786462117,-0.000764741,-0.764740798,-0.283168876,219.8233091,182.2870294,18.56006521,22.38192682,-0.018506215,1.391835072,-0.018644017,-0.011640045,287.4267067,41.31904388,38.65193333,6.896113473,44.67611034,2.921089019,6.538369157,3.975024454,33.72506918,-73.84453076,-12.77596241,234.5312827,0.288348966,-0.766444398,-0.283168876,227.0291838,226.9015818,0.098367799,60.78175561,-0.764740798,29.62487712,28.68110485,-4.13163E-06,69.65,47,10,1.003762897,0.376289687,25074.75372,1499.982667,1261.20044,0.840810009,0.191620019,6,0.5,0: Broadleaf,2,TRUE,1786462117,219.8165333,219.9674667,28.68937333,29.63161333,232.1191333,29.12956,472.2251333,101.7178667,0.099938313,37.66782,38.65193333,999.9,0,0,5000.833333,0,21.51435333,-0.150972513,226.3091333,226.6843333,-0.942242867,219.9674667,29.63161333,2.918222,3.014065333,23.56851333,24.10580667,1499.982667,0.9729996,0.027000847,0,2.811333333,0,11845.93333,12843.74,47.687,49.5,48.687,47.9412,47.7164,1459.482667,40.5,0,1786462122,0,1786458371,22:26:11,1786458371,1786458366,1,1.318,0.751,-12.303,-0.44,252,19,0.86,0.04,0.342609157,-7.358102603,1.794774149,0,-0.944032571,0.032974597,0.003821153,1,1,2,1/2,3.04445,2.75937,0.0582248,0.0564482,0.130808,0.126692,33044.7,23789.4,33243.1,25513.3,36943.2,30133.8,48601.5,39901.2,1.78465,2.56052,0.294659,0,33.9108,999.9,64.034,36.688,39.0182,28.8355,-100,3,0.596156,0,20.2456,5.20426,11.956,4.9693,3.2944,148.4,9999,7167.5,9999,4.97376,1.87305,1.871,1.87241,1.87287,1.87363,1.87332,1.87772,0,0,0,0,11111111,oooooooo,on,on,on,on,0,100,100,-12.302,-0.4402,-12.30263636,0,0,0,-0.44019,0,0,0,-1,-1,-1,-1,62.6,62.6,0.153809,4.99756,2.64526,2.69653,2.8479,2.2522,39.7673,15.3579,2,415.335,1188.74,35.7614,35.0461,29.9996,34.9697,34.8794,-1,40,10,-999.9,400,20,100.963,93.6119
33,1786462245,3851,20260811 23:30:45,23:30:45,15,,1786462237,-0.000768035,-0.76803526,-0.472292954,219.3020504,165.959491,16.89706441,22.32810458,-0.018486281,1.390612326,-0.018623907,-0.011627492,287.4262,41.32803892,38.71798667,6.920721595,44.72453072,2.924991005,6.540014972,3.99573059,33.87035495,-78.38435719,-13.57795962,229.3342381,-4.264706382,-0.780490155,-0.472292954,217.1735088,221.2601091,-0.680997421,60.78997829,-0.76803526,29.67889154,28.72697879,-7.39843E-07,69.65,47,10,1.003768182,0.376818239,25039.71395,1499.98,1261.1982,0.840810011,0.191620022,6,0.5,0: Broadleaf,2,TRUE,1786462237,219.2907333,213.6506667,28.72866,29.69227333,231.5932667,29.16884,470.1913333,101.7144,0.099990413,37.67245333,38.71798667,999.9,0,0,4995.000667,0,26.03972667,5.639766,225.7768667,220.1888667,-0.9636324,213.6506667,29.69227333,2.922118,3.020134667,23.59067333,24.13932667,1499.98,0.9729988,0.02700154,0,2.906666667,0,11660.08,12843.7,47.625,49.5,48.625,47.937,47.687,1459.48,40.5,0,1786462242,0,1786458371,22:26:11,1786458371,1786458366,1,1.318,0.751,-12.303,-0.44,252,19,0.86,0.04,7.4198505,-22.40484767,2.667863006,0,-0.9649776,0.034797383,0.010022618,1,1,2,1/2,3.04325,2.7594,0.057021,0.054302,0.130995,0.126882,33094.5,23845.4,33250.2,25515,36939,30129,48610.8,39903.9,1.7835,2.56308,0.300258,0,33.8847,999.9,63.851,36.759,39.0632,28.9555,-100,3,0.587132,0,20.2456,5.20486,11.9565,4.9695,3.2943,148.5,9999,7167.5,9999,4.97373,1.87304,1.87101,1.87241,1.87286,1.87363,1.87332,1.87774,0,0,0,0,11111111,oooooooo,on,on,on,on,0,100,100,-12.302,-0.4402,-12.30263636,0,0,0,-0.44019,0,0,0,-1,-1,-1,-1,64.6,64.7,0.153809,4.99756,2.64526,2.69653,2.8479,2.26318,39.7422,15.3404,2,414.035,1190.46,35.6895,34.9422,29.9999,34.8685,34.7821,-1,40,10,-999.9,400,20,100.983,93.6182
34,1786462365,3971,20260811 23:32:45,23:32:45,15,,1786462357,-0.000698798,-0.698797854,-0.635654186,205.2315976,133.2629562,13.56705662,20.8939437,-0.016665702,1.392605436,-0.016777305,-0.010475727,287.4329133,41.30235815,38.79268,6.94864027,44.51839922,2.913641484,6.544802902,4.034998786,30.81698535,-83.09298642,-14.37911531,220.777797,-6.348253597,-0.717931371,-0.635654186,198.9358191,204.7110303,-0.968995413,60.78997829,-0.698797854,29.46306654,28.59677091,-0.000217088,69.65,47,10,1.003759752,0.375975212,25095.64822,1500.015333,1261.22788,0.840809992,0.191619983,6,0.5,0: Broadleaf,2,TRUE,1786462357,205.2164,196.9450667,28.61936,29.50722,217.5190667,29.05954667,469.4628667,101.7066667,0.099994427,37.68592667,38.79268,999.9,0,0,5005.167333,0,27.11438,8.271211333,211.2624667,202.9334,-0.887850533,196.9450667,29.50722,2.910780667,3.001082,23.52614667,24.03388667,1500.015333,0.9729996,0.027000847,0,2.418666667,0,11486.45333,12844.01333,47.687,49.55786667,48.62913333,48.062,47.6912,1459.515333,40.5,0,1786462362,0,1786458371,22:26:11,1786458371,1786458366,1,1.318,0.751,-12.303,-0.44,252,19,0.86,0.04,8.583044,-1.170559398,0.651585208,0,-0.90273515,0.302898812,0.031367728,0,0,2,0/2,3.04222,2.75953,0.0533765,0.0498875,0.130553,0.126267,33227,23959.8,33254.6,25518.1,36959.8,30152.9,48616.9,39908.1,1.78242,2.56533,0.292882,0,34.098,999.9,63.222,36.799,38.7636,28.8655,-100,3,0.580394,0,20.2459,5.20127,11.9562,4.9698,3.2943,148.5,9999,7167.5,9999,4.97377,1.87306,1.87102,1.87241,1.87288,1.87363,1.87332,1.87774,0,0,0,0,11111111,oooooooo,on,on,on,on,0,100,100,-12.302,-0.4402,-12.30263636,0,0,0,-0.44019,0,0,0,-1,-1,-1,-1,66.6,66.7,0.153809,4.99756,2.64526,2.69653,2.8479,2.2522,39.7422,15.3228,2,412.913,1192.07,35.663,34.8658,29.9997,34.7883,34.7009,-1,40,10,-999.9,400,20,100.996,93.6287
35,1786462485,4091.1,20260811 23:34:45,23:34:45,15,,1786462477,-0.000754856,-0.75485586,-0.346489982,207.4846207,163.6848439,16.66297489,21.12175411,-0.017667368,1.3925723,-0.017792848,-0.011109182,287.4298733,41.44530006,38.96720667,7.014255454,44.12262938,2.905889452,6.585938992,4.108366002,33.28914342,-87.52952359,-15.16839228,218.0211009,0.999439813,-0.747177092,-0.346489982,215.279017,215.0841333,0.127858164,60.78997829,-0.75485586,29.48578627,28.54908303,1.77083E-05,69.65,47,10,1.003761252,0.376125229,25085.67637,1499.999333,1261.21444,0.84081,0.191620001,6,0.5,0: Broadleaf,2,TRUE,1786462477,207.4763333,208.5500667,28.54532667,29.46882667,219.7790667,28.98549333,469.7664667,101.6991333,0.099997787,37.80133333,38.96720667,999.9,0,0,5005.375333,0,27.77464,-1.073801667,213.5728667,214.8825333,-0.923510933,208.5500667,29.46882667,2.903034667,2.996952667,23.48194667,24.01099333,1499.999333,0.9729996,0.027000847,0,2.752,0,11318.36,12843.88,47.6912,49.6208,48.6374,48.25,47.7872,1459.499333,40.5,0,1786462482,0,1786458371,22:26:11,1786458371,1786458366,1,1.318,0.751,-12.303,-0.44,252,19,0.86,0.04,-2.254569143,18.99025426,2.888426696,0,-0.929609524,0.025383974,0.015322802,1,1,2,1/2,3.04246,2.75946,0.0557664,0.053219,0.130417,0.126332,33147.7,23877.8,33258.8,25519.9,36969.3,30153.2,48622.9,39910.8,1.78325,2.5643,0.278171,0,34.5028,999.9,62.856,36.87,38.6942,29.1192,-100,3,0.57565,0,20.2458,5.20456,11.9569,4.96965,3.2942,148.5,9999,7167.5,9999,4.97378,1.87306,1.87099,1.87241,1.87292,1.87363,1.87332,1.87773,0,0,0,0,11111111,oooooooo,on,on,on,on,0,100,100,-12.303,-0.4402,-12.30263636,0,0,0,-0.44019,0,0,0,-1,-1,-1,-1,68.6,68.7,0.153809,4.99756,2.64526,2.69531,2.8479,2.24854,39.7673,15.2966,2,412.983,1189.4,35.6853,34.815,30,34.7257,34.6379,-1,40,10,-999.9,400,20,101.008,93.635
36,1786462605,4211.1,20260811 23:36:45,23:36:45,15,,1786462597,-0.000783973,-0.783972595,-0.694506573,226.9806332,153.8189142,15.65772734,23.10509656,-0.018337078,1.391452861,-0.0184724,-0.011533009,287.4233267,41.48110707,38.99117333,7.023307808,44.20126489,2.914052361,6.592689978,4.109255447,34.57319144,-87.84074312,-15.23771657,218.9180584,-3.37087347,-0.779808814,-0.694506573,227.3556654,230.6318545,-0.463180585,60.78997829,-0.783972595,29.5912184,28.61777818,-9.66591E-05,69.65,47,10,1.003766247,0.3766247,25052.53298,1499.964667,1261.18534,0.840810032,0.191620065,6,0.5,0: Broadleaf,2,TRUE,1786462597,226.964,222.4424667,28.62716667,29.59224667,239.2666,29.06734667,469.1170667,101.6932667,0.099984287,37.82021333,38.99117333,999.9,0,0,5000.166,0,27.96427333,4.521390667,233.6528,229.2257333,-0.965091333,222.4424667,29.59224667,2.911192,3.009334667,23.5285,24.07964667,1499.964667,0.972997067,0.027003007,0,2.492,0,11160.60667,12843.56667,47.7206,49.6622,48.7038,48.25,47.812,1459.464,40.50066667,0,1786462602,0,1786458371,22:26:11,1786458371,1786458366,1,1.318,0.751,-12.303,-0.44,252,19,0.86,0.04,3.358071381,17.67323369,2.149432921,0,-0.975132381,0.126896883,0.018497418,0,0,2,0/2,3.04212,2.75944,0.0589343,0.055803,0.13065,0.126659,33036.1,23810.1,33258.2,25517,36958.7,30139.3,48621.9,39906.8,1.7826,2.5663,0.275232,0,34.5553,999.9,62.746,36.92,38.734,28.9392,-100,3,0.575061,0,20.2458,5.20306,11.9595,4.9693,3.29423,148.6,9999,7167.5,9999,4.97378,1.87305,1.87101,1.87241,1.87288,1.87364,1.87332,1.87774,0,0,0,0,11111111,oooooooo,on,on,on,on,0,100,100,-12.303,-0.4402,-12.30263636,0,0,0,-0.44019,0,0,0,-1,-1,-1,-1,70.6,70.7,0.153809,4.99756,2.64526,2.69653,2.8479,2.25952,39.7925,15.2966,2,412.418,1191.55,35.711,34.7974,30,34.6948,34.6033,-1,40,10,-999.9,400,20,101.007,93.6252
37,1786462725,4331.1,20260811 23:38:45,23:38:45,15,,1786462717,-0.000769803,-0.769802776,-0.380087933,214.5302407,168.2575238,17.12705654,21.83719028,-0.01812394,1.390833674,-0.018256182,-0.011398152,287.43346,41.40954255,38.90208667,6.989710318,44.24063212,2.906170191,6.569006933,4.083540127,33.94830243,-86.09355039,-14.93009726,220.3581148,0.720339086,-0.765689258,-0.380087933,223.394354,222.5944545,0.254772923,60.78997829,-0.769802776,29.51360745,28.55462545,2.3391E-05,69.65,47,10,1.003768085,0.376808489,25040.3594,1500.018,1261.23014,0.840810004,0.191620007,6,0.5,0: Broadleaf,2,TRUE,1786462717,214.5211333,215.2306667,28.55044,29.50048,226.8238,28.99062667,467.9513333,101.6907333,0.099998827,37.75390667,38.90208667,999.9,0,0,4997.25,0,29.05733333,-0.709441533,220.8258,221.7728667,-0.950027133,215.2306667,29.50048,2.903314,2.999922667,23.48356667,24.02747333,1500.018,0.972998333,0.027001887,0,1.717333333,0,11017.85333,12844.03333,47.812,49.6954,48.77066667,48.2374,47.8204,1459.517333,40.50066667,0,1786462722,0,1786458371,22:26:11,1786458371,1786458366,1,1.318,0.751,-12.303,-0.44,252,19,0.86,0.04,-1.177191762,21.5432887,4.458977555,0,-0.959054143,0.076680078,0.022049502,1,1,2,1/2,3.04092,2.75947,0.0571913,0.0541744,0.130438,0.126342,33096.8,23851.8,33257.8,25517.7,36966.8,30150.6,48621.5,39907.6,1.7809,2.5645,0.286344,0,34.3084,999.9,62.257,36.991,38.578,28.9391,-100,3,0.575152,0,20.2456,5.20471,11.956,4.9692,3.29443,148.6,9999,7167.5,9999,4.97378,1.87304,1.87102,1.87241,1.87289,1.87364,1.87332,1.87775,0,0,0,0,11111111,oooooooo,on,on,on,on,0,100,100,-12.303,-0.4402,-12.30263636,0,0,0,-0.44019,0,0,0,-1,-1,-1,-1,72.6,72.7,0.153809,4.99756,2.64526,2.69531,2.8479,2.26318,39.8177,15.2791,2,411.351,1188.65,35.6754,34.7864,30.0001,34.6783,34.5845,-1,40,10,-999.9,400,20,101.005,93.6273
38,1786462845,4451.1,20260811 23:40:45,23:40:45,15,,1786462837,-0.000742361,-0.742360968,-0.402107533,220.2780903,169.8476995,17.28896212,22.42232053,-0.017249583,1.39215924,-0.017369213,-0.010844941,287.4196133,41.49076575,39.03952,7.041599472,43.9652443,2.903577247,6.604255913,4.138022226,32.73811868,-89.08920359,-15.45244844,215.61608,-0.294775438,-0.741098214,-0.402107533,224.6942508,226.1319212,-0.177634713,60.78997829,-0.742360968,29.4459635,28.5221297,-2.74723E-05,69.65,47,10,1.003763596,0.376359633,25070.11105,1499.945333,1261.16908,0.84081003,0.191620059,6,0.5,0: Broadleaf,2,TRUE,1786462837,220.2684667,219.6830667,28.5249,29.44376,232.5712,28.96507333,468.3062,101.6909333,0.100036893,37.85252,39.03952,999.9,0,0,5003.75,0,26.83015333,0.585451733,226.7362,226.3474667,-0.918865467,219.6830667,29.44376,2.900724,2.994164,23.46877333,23.99548,1499.945333,0.972997333,0.027002827,0,1.939333333,0,10872.58667,12843.42667,47.937,49.87913333,48.937,48.43286667,48,1459.445333,40.5,0,1786462842,0,1786458371,22:26:11,1786458371,1786458366,1,1.318,0.751,-12.303,-0.44,252,19,0.86,0.04,0.027920619,2.046461688,2.693446982,0,-0.929390143,0.125116286,0.020984209,0,0,2,0/2,3.0414,2.7595,0.0582336,0.0569965,0.130313,0.126233,33055.5,23776.7,33253.2,25513.5,36969.2,30149.9,48615.6,39901.1,1.7813,2.56615,0.279233,0,34.5361,999.9,61.763,37.051,38.4002,28.9992,-100,3,0.580561,0,20.2454,5.20366,11.9568,4.96925,3.29417,148.6,9999,7167.5,9999,4.97377,1.87303,1.87101,1.87241,1.87298,1.87363,1.87332,1.87773,0,0,0,0,11111111,oooooooo,on,on,on,on,0,100,100,-12.303,-0.4402,-12.30263636,0,0,0,-0.44019,0,0,0,-1,-1,-1,-1,74.6,74.7,0.153809,4.99756,2.64526,2.69531,2.8479,2.26685,39.868,15.244,2,411.757,1191.46,35.7101,34.8317,30.0004,34.7067,34.6096,-1,40,10,-999.9,400,20,100.993,93.612
39,1786463495,5101.1,20260811 23:51:35,23:51:35,15,,1786463487,0.002273439,2.273439166,0.812701513,171.0493663,143.3539183,14.58748852,17.40573748,0.069194028,1.39107596,0.067337249,0.042248455,287.4370688,39.35192469,37.42966667,6.454256874,49.85248958,3.181344394,6.38151559,3.27291248,-100.2586672,-15.60960233,-2.680433564,168.8883657,0.91094362,2.321746521,0.812701513,177.5987759,176.5590606,-0.001791376,60.77213611,2.273439166,28.46578599,31.23515636,-0.001452068,69.65,62,13,1.004966464,0.496646436,25091.45996,1500.038667,1261.247341,0.840809887,0.191619773,6,0.5,0: Broadleaf,2,TRUE,1786463487,171.0688,172.7030667,31.26365333,28.45840667,183.2952667,30.61572667,478.6074,101.659,0.09956162,37.22152667,37.42966667,999.9,0,0,5000,0,21.89904667,-1.634390667,176.5896,177.7618667,2.805238,172.7030667,28.45840667,3.178232,2.893055333,24.99236,23.42488,1500.038667,0.9730036,0.02699598,0,2.282,0,24875.35333,12844.24,47.80373333,49.55373333,48.812,48.00826667,47.8456,1459.542,40.49533333,0,1786463492,0,1786463468,23:51:08,1786463468,1786463468,2,0.076,1.088,-12.227,0.648,173,28,0.2,0.1,-1.747897143,1.390923896,0.272175184,0,2.818051905,-0.276188571,0.035136451,0,0,2,0/2,3.05046,2.75952,0.0471889,0.0452744,0.135699,0.123275,33406.6,24057.9,33218.8,25500.4,36710.3,30234.9,48571,39881.1,1.76665,2.54985,0.171624,0,34.6477,999.9,58.961,37.313,37.1969,29.1092,-100,3,0.612899,0,20.246,5.20501,11.9578,4.96765,3.2947,148.8,9999,7167.5,9999,4.97373,1.87303,1.87103,1.87241,1.87291,1.87363,1.87332,1.87774,0,0,0,0,11111111,oooooooo,on,on,on,on,0,100,100,-12.227,0.648,-12.2266,0,0,0,0.64793,0,0,0,-1,-1,-1,-1,0.5,0.5,0.153809,4.99756,2.64526,2.69531,2.8479,2.26562,39.9184,15.174,2,405.41,1174.02,35.5898,35.1458,30.0003,35.0099,34.8959,-1,40,10,-999.9,400,20,100.895,93.5648
40,1786463620,5226.1,20260811 23:53:40,23:53:40,15,,1786463612,0.001732125,1.732125128,0.798838572,172.4166461,138.0993652,14.05424652,17.54668492,0.050644138,1.391137512,0.049641737,0.031114495,287.4250022,39.66623207,37.62065625,6.521636477,49.07704782,3.139202379,6.396477617,3.382434098,-76.38671816,-26.71089582,-4.591701001,179.7356872,1.227107509,1.755893137,0.798838572,179.6185771,178.3414909,0.04606192,60.78135453,1.732125128,28.72518987,30.85459758,0.000184468,69.65,59,12,1.004725416,0.472541572,25089.34792,1499.976875,1261.195273,0.840809811,0.191619622,6,0.5,0: Broadleaf,2,TRUE,1786463612,172.43575,174.3700625,30.846325,28.697075,184.662625,30.19839375,472.76175,101.669125,0.099963494,37.26450625,37.62065625,999.9,0,0,4999.804375,0,21.0685625,-1.9341225,177.9241875,179.521875,2.149246875,174.3700625,28.697075,3.136115,2.917601875,24.7688,23.5649875,1499.976875,0.973006938,0.026993181,0,3.04125,0,21047.9875,12843.725,47.687,49.3159375,48.625,47.933125,47.66375,1459.489375,40.49,0,1786463617,0,1786463468,23:51:08,1786463468,1786463468,2,0.076,1.088,-12.227,0.648,173,28,0.2,0.1,-2.179450952,3.195353766,0.422039748,0,2.168716667,-0.290212208,0.031734953,0,0,2,0/2,3.04519,2.7593,0.0476105,0.0454628,0.134423,0.124092,33390.8,24049.9,33218.1,25497.2,36767,30203,48571.6,39876.3,1.75993,2.55408,0.216737,0,34.1332,999.9,59.156,37.353,37.3983,29.2192,-100,3,0.615381,0,20.2459,5.20052,11.9586,4.9694,3.29428,148.9,9999,7167.5,9999,4.97378,1.87304,1.87102,1.87241,1.87288,1.87364,1.87332,1.87774,0,0,0,0,11111111,oooooooo,on,on,on,on,0,100,100,-12.227,0.6479,-12.2266,0,0,0,0.64793,0,0,0,-1,-1,-1,-1,2.5,2.5,0.153809,4.99756,2.64526,2.69531,2.8479,2.27051,39.9184,15.1652,2,401.983,1181.07,35.4725,35.1892,30,35.0635,34.954,-1,40,10,-999.9,400,20,100.895,93.5533
41,1786463740,5346.1,20260811 23:55:40,23:55:40,15,,1786463732,0.002070119,2.070118816,0.917917215,170.3245553,137.3380439,13.97637317,17.33328564,0.061223768,1.390231922,0.059764389,0.037480965,287.4302267,39.55320465,37.65908,6.535265584,49.54179537,3.178520563,6.415836444,3.356745022,-91.29223978,-25.41510751,-4.373779916,166.3490995,2.564118812,2.002272247,0.917917215,180.3679797,177.7875818,0.271878391,60.78135453,2.070118816,28.8205375,31.30683394,0.010813504,69.65,59,12,1.004731132,0.473113219,25059.17589,1500.002667,1261.2171,0.840809905,0.19161981,6,0.5,0: Broadleaf,2,TRUE,1786463732,170.3465333,174.0242667,31.23355333,28.77975333,182.5730667,30.58561333,471.9958667,101.6662,0.100016887,37.31998667,37.65908,999.9,0,0,4995.500667,0,26.13834,-3.677824,175.8386667,179.1812,2.453799333,174.0242667,28.77975333,3.175393333,2.925927333,24.97737333,23.61226,1500.002667,0.973003267,0.026996707,0,2.962666667,0,20210.08,12843.91333,47.6208,49.312,48.562,47.875,47.6208,1459.507333,40.49533333,0,1786463737,0,1786463468,23:51:08,1786463468,1786463468,2,0.076,1.088,-12.227,0.648,173,28,0.2,0.1,-2.882337,-10.65599657,1.495633875,0,2.446050952,0.108293766,0.01193522,0,0,2,0/2,3.04478,2.7596,0.0474487,0.0456848,0.135973,0.12435,33400.1,24046.8,33221.5,25499.7,36703.2,30197.1,48576.6,39880.3,1.7599,2.55315,0.217035,0,34.1462,999.9,59.242,37.383,37.5153,29.1292,-100,3,0.611486,0,20.246,5.20471,11.9586,4.96905,3.2943,148.9,9999,7167.5,9999,4.97383,1.87303,1.87103,1.87241,1.87289,1.87363,1.87332,1.87775,0,0,0,0,11111111,oooooooo,on,on,on,on,0,100,100,-12.227,0.648,-12.2266,0,0,0,0.64793,0,0,0,-1,-1,-1,-1,4.5,4.5,0.153809,4.99756,2.64526,2.69531,2.8479,2.25464,39.8932,15.1302,2,401.911,1179.71,35.4623,35.157,29.9999,35.0539,34.9502,-1,40,10,-999.9,400,20,100.905,93.5624
42,1786463860,5466.1,20260811 23:57:40,23:57:40,15,,1786463852,0.002493594,2.493593873,1.155460092,169.8441562,137.6004671,14.0027736,17.2840203,0.078401716,1.39021044,0.076025592,0.047723482,287.4390267,39.09093309,37.23906,6.38761561,50.67548041,3.207169047,6.328837972,3.180446564,-109.9674898,-12.70785706,-2.179898968,162.5837808,1.101916089,2.465246359,1.155460092,176.9687962,175.4375515,0.003284486,60.78135453,2.493593873,28.44394856,31.51942727,-2.67104E-05,69.65,58,12,1.004646898,0.464689804,25078.88903,1500.050667,1261.25726,0.840809773,0.191619545,6,0.5,0: Broadleaf,2,TRUE,1786463852,169.8718,171.8018,31.51575333,28.4899,182.0983333,30.86783333,471.1694667,101.6640667,0.099930933,37.06950667,37.23906,999.9,0,0,4995.5,0,26.70292,-1.930081333,175.3994,176.8400667,3.025863333,171.8018,28.4899,3.204024667,2.896402,25.12800667,23.44405333,1500.050667,0.973008467,0.02699152,0,2.885666667,0,19874.58667,12844.34667,47.4958,49.25413333,48.4958,47.7458,47.5,1459.560667,40.49,0,1786463857,0,1786463468,23:51:08,1786463468,1786463468,2,0.076,1.088,-12.227,0.648,173,28,0.2,0.1,-1.976528,1.316640902,0.256919463,0,3.013261,0.424113383,0.046777732,0,0,2,0/2,3.04347,2.75944,0.0469093,0.0448696,0.136661,0.123233,33420.8,24068.7,33223.1,25501.1,36674.3,30237,48579.2,39882,1.75882,2.55525,0.201687,0,33.9758,999.9,58.644,37.404,37.1832,29.4292,-100,3,0.609223,0,20.2459,5.20456,11.9593,4.9681,3.29443,148.9,9999,7167.5,9999,4.9738,1.87305,1.87103,1.87241,1.87293,1.87365,1.87332,1.87775,0,0,0,0,11111111,oooooooo,on,on,on,on,0,100,100,-12.226,0.6479,-12.2266,0,0,0,0.64793,0,0,0,-1,-1,-1,-1,6.5,6.5,0.153809,4.99756,2.64526,2.69531,2.8479,2.27905,39.8932,15.1302,2,401.194,1182.41,35.383,35.1216,30,35.0346,34.9367,-1,40,10,-999.9,400,20,100.91,93.5669
43,1786463981,5587,20260811 23:59:41,23:59:41,15,,1786463973,0.002522772,2.522772482,1.181749045,169.6808877,137.8248359,14.02535577,17.26709706,0.081015978,1.390855513,0.078482644,0.049272664,287.4340867,39.00627583,37.13410667,6.351176707,51.29563921,3.234156084,6.30493378,3.117020623,-111.2542665,-10.04383039,-1.720662858,164.415327,1.110357417,2.516125216,1.181749045,175.7437925,174.9024424,-0.139504139,60.78135453,2.522772482,28.72991697,31.81224848,0.005780156,69.65,56,12,1.004481621,0.448162066,25102.95944,1500.024667,1261.23542,0.840809787,0.191619573,6,0.5,0: Broadleaf,2,TRUE,1786463973,169.7091333,171.6641333,31.78151333,28.68786667,181.9358,31.13358,470.3057333,101.6624,0.09978012,37.00016,37.13410667,999.9,0,0,4998.75,0,42.27481333,-1.955052933,175.2798,176.7341333,3.093638667,171.6641333,28.68786667,3.230985333,2.916476667,25.26875333,23.55858,1500.024667,0.973007,0.0269928,0,1.96,0,19715.64,12844.14667,47.437,49.2248,48.437,47.687,47.43286667,1459.534667,40.49,0,1786463978,0,1786463468,23:51:08,1786463468,1786463468,2,0.076,1.088,-12.227,0.648,173,28,0.2,0.1,-2.345408286,7.35596921,0.924040058,0,3.123178571,-0.514925638,0.058661776,0,0,2,0/2,3.0419,2.75943,0.0467768,0.0446657,0.137643,0.123864,33422.5,24071.1,33220.1,25498.1,36629,30212.3,48575.3,39878.2,1.75828,2.55713,0.196882,0,33.9372,999.9,58.857,37.424,37.3534,29.0192,-100,3,0.610983,0,20.246,5.20441,11.9598,4.9692,3.29448,149,9999,7167.5,9999,4.97383,1.87306,1.87103,1.87241,1.8729,1.87363,1.87332,1.87773,0,0,0,0,11111111,oooooooo,on,on,on,on,0,100,100,-12.226,0.6479,-12.2266,0,0,0,0.64793,0,0,0,-1,-1,-1,-1,8.5,8.5,0.153809,4.99756,2.64526,2.69653,2.8479,2.23145,39.8932,15.0864,2,400.908,1185.2,35.3111,35.1192,30.0003,35.0378,34.9443,-1,40,10,-999.9,400,20,100.902,93.5572
44,1786464101,5707,20260812 00:01:41,00:01:41,15,,1786464093,0.002596394,2.596394018,1.199473687,169.2890276,138.036766,14.04630255,17.22646052,0.084184226,1.39146975,0.081453638,0.051146478,287.4308377,38.85991026,37.02214,6.312501912,51.38920755,3.220842569,6.267546675,3.091659343,-114.5009762,-9.819714454,-1.679729542,161.4304175,1.392027051,2.579244777,1.199473687,176.7915863,175.0569818,0.032218104,60.78135453,2.596394018,28.42438762,31.62672424,-0.000587907,69.65,57,12,1.004557177,0.455717661,25129.48873,1500.007333,1261.220882,0.840809811,0.191619622,6,0.5,0: Broadleaf,2,TRUE,1786464093,169.3176667,171.6363333,31.65208,28.48926667,181.5442667,31.00415333,471.5875333,101.6576667,0.1000241,36.89124,37.02214,999.9,0,0,5002,0,19.02325333,-2.318682,174.8520667,176.6696667,3.16283,171.6363333,28.48926667,3.217676667,2.896150667,25.1994,23.44257333,1500.007333,0.9730038,0.026995793,0,2.296666667,0,19683.73333,12843.96,47.354,49.12913333,48.3666,47.562,47.3414,1459.514,40.49066667,0,1786464098,0,1786463468,23:51:08,1786463468,1786463468,2,0.076,1.088,-12.227,0.648,173,28,0.2,0.1,-2.240404762,-1.255987013,0.1653117,0,3.15723381,0.273642078,0.045335613,0,0,2,0/2,3.04427,2.75938,0.046835,0.0449977,0.136987,0.123148,33415,24059.4,33214.9,25494.8,36653.5,30232.9,48568.2,39872.8,1.7628,2.55505,0.193082,0,33.8844,999.9,58.314,37.454,37.0755,29.0492,-100,3,0.616687,0,20.2461,5.20426,11.9589,4.968,3.29443,149,9999,7167.5,9999,4.97382,1.87307,1.87102,1.87241,1.87287,1.87363,1.87332,1.87774,0,0,0,0,11111111,oooooooo,on,on,on,on,0,100,100,-12.226,0.6479,-12.2266,0,0,0,0.64793,0,0,0,-1,-1,-1,-1,10.5,10.5,0.153809,4.99756,2.64526,2.69653,2.8479,2.25098,39.8932,15.0777,2,403.667,1182.87,35.2406,35.1667,30.0002,35.0764,34.9763,-1,40,10,-999.9,400,20,100.887,93.5448
45,1786464221,5827,20260812 00:03:41,00:03:41,15,,1786464213,0.002410838,2.410838292,1.126315924,171.1972021,138.932689,14.13673448,17.41972611,0.076331416,1.390450014,0.074077558,0.046495431,287.4190133,39.04603519,37.18069333,6.367328867,50.986198,3.211692389,6.299140778,3.155636477,-106.3179687,-14.7954882,-2.535799247,163.7697572,1.704297204,2.447016155,1.126315924,179.3955978,177.4609455,0.09005703,60.78135453,2.410838292,28.60983309,31.58056242,0.000454728,69.65,57,12,1.004563807,0.456380722,25093.14448,1499.945333,1261.16878,0.84080983,0.191619659,6,0.5,0: Broadleaf,2,TRUE,1786464213,171.2241333,173.9184,31.5638,28.55990667,183.4506667,30.91588,471.121,101.6524,0.09999956,36.98332,37.18069333,999.9,0,0,4997.25,0,22.04503333,-2.694093333,176.8048,179.0314667,3.003891333,173.9184,28.55990667,3.20854,2.903185333,25.15163333,23.48282,1499.945333,0.973003333,0.02699622,0,2.954,0,19713.12,12843.43333,47.312,49.062,48.312,47.6082,47.312,1459.455333,40.49,0,1786464218,0,1786463468,23:51:08,1786463468,1786463468,2,0.076,1.088,-12.227,0.648,173,28,0.2,0.1,-2.528868571,-3.609531429,0.559472645,0,3.03435381,-0.572107013,0.058969843,0,0,2,0/2,3.04372,2.75938,0.0473778,0.0458057,0.13684,0.123625,33394.9,24038.5,33213.9,25494.3,36659.3,30216.3,48566.8,39872.5,1.76057,2.55432,0.202507,0,33.9231,999.9,58.412,37.474,37.1732,29.2292,-100,3,0.617442,0,20.2463,5.20351,11.9611,4.9692,3.29433,149,9999,7167.5,9999,4.97377,1.87309,1.87103,1.8724,1.8729,1.87365,1.87332,1.87773,0,0,0,0,11111111,oooooooo,on,on,on,on,0,100,100,-12.226,0.6479,-12.2266,0,0,0,0.64793,0,0,0,-1,-1,-1,-1,12.5,12.5,0.153809,4.99756,2.64526,2.69409,2.8479,2.24854,39.8932,15.0777,2,402.523,1182.23,35.196,35.1796,30.0002,35.0924,34.9954,-1,40,10,-999.9,400,20,100.884,93.5436
46,1786464341,5947,20260812 00:05:41,00:05:41,15,,1786464333,0.002246174,2.246173806,0.976063129,168.445568,137.3755441,13.97756987,17.1388562,0.069563545,1.391923955,0.06768828,0.04246945,287.4339267,39.11772943,37.26156667,6.395453321,50.47542217,3.177908706,6.295952702,3.217544616,-99.05626483,-21.57590455,-3.695259273,163.106498,0.92080052,2.29817824,0.976063129,174.6808358,173.6939576,-0.057005354,60.78135453,2.246173806,28.46675214,31.23028,7.4744E-05,69.65,57,12,1.004555966,0.455596587,25136.13652,1500.020667,1261.23236,0.840809989,0.191619978,6,0.5,0: Broadleaf,2,TRUE,1786464333,168.4688667,170.1249333,31.23339333,28.41868667,180.6956,30.58546,472.3708,101.6471333,0.10001504,36.97404667,37.26156667,999.9,0,0,5004.75,0,23.97941333,-1.655975333,173.9006,175.1011333,2.814696667,170.1249333,28.41868667,3.174787333,2.888681333,24.97419333,23.39978667,1500.020667,0.973001333,0.026998313,0,2.390666667,0,19700.97333,12844.06667,47.30786667,49.0998,48.312,47.50826667,47.312,1459.520667,40.5,0,1786464338,0,1786463468,23:51:08,1786463468,1786463468,2,0.076,1.088,-12.227,0.648,173,28,0.2,0.1,-1.867665238,3.508459481,0.422711736,0,2.848584286,-0.706281818,0.072445064,0,0,2,0/2,3.04516,2.75968,0.0465259,0.0446625,0.135645,0.123486,33423.1,24067.1,33212.5,25494.2,36710,30220.5,48565.4,39871.9,1.76338,2.55263,0.198819,0,34.035,999.9,58.082,37.494,37.0081,29.1092,-100,3,0.619029,0,20.2463,5.20441,11.9589,4.9693,3.29448,149.1,9999,7167.5,9999,4.9738,1.87304,1.87101,1.87241,1.87287,1.87363,1.87332,1.87772,0,0,0,0,11111111,oooooooo,on,on,on,on,0,100,100,-12.227,0.648,-12.2266,0,0,0,0.64793,0,0,0,-1,-1,-1,-1,14.5,14.5,0.153809,4.99756,2.64526,2.69531,2.8479,2.26807,39.8932,15.0514,2,404.207,1180.2,35.2112,35.1989,30.0001,35.1117,35.0146,-1,40,10,-999.9,400,20,100.88,93.5427
47,1786464461,6067,20260812 00:07:41,00:07:41,15,,1786464453,0.002076527,2.076527138,1.137680979,170.8964129,133.4831513,13.58070892,17.38717145,0.063516978,1.390743722,0.061948297,0.038855399,287.42202,39.14160374,37.25177333,6.39204187,50.06785148,3.141433029,6.274351577,3.250608841,-91.5748468,-25.54242886,-4.376770151,165.9279742,2.153242934,2.088444623,1.137680979,180.7797554,177.8338121,0.285122101,60.78135453,2.076527138,28.30805635,30.87511212,-4.24706E-05,69.65,57,12,1.00456113,0.45611299,25107.80692,1499.958,1261.17972,0.840810023,0.191620045,6,0.5,0: Broadleaf,2,TRUE,1786464453,170.9236,174.1128667,30.87676667,28.30732667,183.1498,30.22884,470.4086,101.6410667,0.09993046,36.91110667,37.25177333,999.9,0,0,4999.25,0,17.59252,-3.189536,176.3691333,179.1852,2.569452,174.1128667,28.30732667,3.138352667,2.87719,24.78076,23.33376,1499.958,0.972998067,0.02700164,0,2.008666667,0,19652.94,12843.52667,47.187,48.9412,48.187,47.437,47.187,1459.458,40.5,0,1786464458,0,1786463468,23:51:08,1786463468,1786463468,2,0.076,1.088,-12.227,0.648,173,28,0.2,0.1,-2.862727619,-8.528810649,0.999860248,0,2.578544286,-0.143704675,0.017785999,0,0,2,0/2,3.04248,2.75924,0.0475209,0.0460055,0.134438,0.122792,33390.8,24035.7,33214.8,25496.6,36763.6,30247.5,48568.6,39875.6,1.75802,2.55515,0.215694,0,33.8028,999.9,57.728,37.484,36.7646,28.7792,-100,3,0.616547,0,20.2461,5.20082,11.958,4.96925,3.29463,149.1,9999,7167.5,9999,4.97378,1.87308,1.87103,1.87241,1.87292,1.87363,1.87332,1.87775,0,0,0,0,11111111,oooooooo,on,on,on,on,0,100,100,-12.226,0.6479,-12.2266,0,0,0,0.64793,0,0,0,-1,-1,-1,-1,16.5,16.5,0.153809,4.99756,2.64526,2.69531,2.8479,2.28882,39.868,15.0251,2,401.162,1183.56,35.122,35.1763,30,35.1021,35.005,-1,40,10,-999.9,400,20,100.887,93.5514
48,1786464581,6187,20260812 00:09:41,00:09:41,15,,1786464573,0.00178186,1.781860409,0.862617034,169.8366657,134.9877933,13.7334196,17.2788823,0.05301622,1.391426743,0.051919038,0.032546085,287.4263877,39.33621339,37.43487333,6.456085701,49.73847555,3.12890985,6.29072326,3.327175851,-78.58004403,-35.71044961,-6.122920003,167.0129741,0.236965637,1.824037437,0.862617034,175.50219,174.6638242,-0.058383578,60.78135453,1.781860409,28.5390137,30.75046424,-2.04181E-05,69.65,57,12,1.004558261,0.455826139,25123.53549,1499.978667,1261.197301,0.840810159,0.191620317,6,0.5,0: Broadleaf,2,TRUE,1786464573,169.8572667,170.556,30.75451333,28.50144667,182.0840667,30.10658667,468.6048667,101.6381333,0.1000999,36.95882667,37.43487333,999.9,0,0,5002.75,0,19.77195333,-0.698718027,175.2468667,175.5598667,2.253086,170.556,28.50144667,3.125832,2.896832,24.71382,23.44649333,1499.978667,0.972995667,0.02700412,0,3.431666667,0,19548.62,12843.7,47.17873333,48.937,48.125,47.437,47.16633333,1459.470667,40.50733333,0,1786464578,0,1786463468,23:51:08,1786463468,1786463468,2,0.076,1.088,-12.227,0.648,173,28,0.2,0.1,-0.497626724,-5.448198826,0.70281409,0,2.273086667,-0.44656987,0.045790962,0,0,2,0/2,3.04172,2.75954,0.0467749,0.0449682,0.134026,0.123547,33422.9,24064.3,33220.6,25499,36785.6,30224.3,48576.6,39879.5,1.75725,2.55585,0.2224,0,33.8546,999.9,58.155,37.494,37.0604,29.3492,-100,3,0.610292,0,20.2463,5.20486,11.9577,4.9695,3.2945,149.1,9999,7167.5,9999,4.97375,1.87305,1.87102,1.87241,1.87289,1.87364,1.87332,1.87771,0,0,0,0,11111111,oooooooo,on,on,on,on,0,100,100,-12.226,0.648,-12.2266,0,0,0,0.64793,0,0,0,-1,-1,-1,-1,18.5,18.5,0.153809,4.99756,2.64526,2.69531,2.8479,2.27417,39.8428,15.0164,2,400.452,1183.74,35.1244,35.1216,29.9998,35.0563,34.9621,-1,40,10,-999.9,400,20,100.904,93.5604
49,1786464701,6307,20260812 00:11:41,00:11:41,15,,1786464693,0.001480424,1.480424299,0.794845359,171.1367952,133.7762459,13.60978168,17.41067261,0.044368834,1.389617527,0.04359659,0.027316132,287.4346955,39.21923734,37.20164667,6.374605259,49.70241215,3.080475746,6.197839528,3.294129512,-65.28671159,-38.58228597,-6.607763599,176.9579343,0.749286422,1.539764683,0.794845359,177.7847034,176.5596909,0.034968863,60.78135453,1.480424299,28.44397323,30.27933152,0.000119363,69.65,57,12,1.004563636,0.456363636,25094.07972,1500.021333,1261.233241,0.840810203,0.191620405,6,0.5,0: Broadleaf,2,TRUE,1786464693,171.1558,172.4468,30.27928667,28.37858,183.3826,29.63136,469.135,101.6353333,0.10008006,36.68664667,37.20164667,999.9,0,0,4994,0,21.97282667,-1.290848467,176.5002667,177.4836,1.900694667,172.4468,28.37858,3.077444,2.884265333,24.45297333,23.37442667,1500.021333,0.972991,0.02700896,0,1.909,0,19406.4,12844.04,47,48.7872,48,47.14153333,47,1459.509333,40.51066667,0,1786464698,0,1786463468,23:51:08,1786463468,1786463468,2,0.076,1.088,-12.227,0.648,173,28,0.2,0.1,-1.324003667,-0.845842987,0.288962573,0,1.902928571,-0.230703896,0.046201737,0,0,2,0/2,3.04279,2.75989,0.0472175,0.0453114,0.132453,0.122931,33415.8,24061.6,33228.4,25504.8,36858.3,30252.4,48587.3,39888.2,1.76015,2.5585,0.229962,0,33.4901,999.9,57.887,37.494,36.8897,29.2892,-100,3,0.600742,0,20.2462,5.20516,11.9572,4.9675,3.29453,149.2,9999,7167.5,9999,4.97374,1.87303,1.87102,1.87241,1.87289,1.87364,1.87332,1.8777,0,0,0,0,11111111,oooooooo,on,on,on,on,0,100,100,-12.227,0.648,-12.2266,0,0,0,0.64793,0,0,0,-1,-1,-1,-1,20.5,20.5,0.153809,4.99756,2.64526,2.69531,2.8479,2.27173,39.7925,14.9989,2,401.559,1186.03,34.9841,35.0189,29.9997,34.9738,34.8874,-1,40,10,-999.9,400,20,100.927,93.5812
50,1786464821,6427,20260812 00:13:41,00:13:41,15,,1786464813,0.001319599,1.319598722,0.798005433,176.2055599,134.4699973,13.68046432,17.92648119,0.038962873,1.39134728,0.038366713,0.024031998,287.4285133,39.25158377,37.23124667,6.384896649,49.30132515,3.047963834,6.182316246,3.336932815,-58.19430363,-44.28859005,-7.575025699,177.3705939,1.242652069,1.388677196,0.798005433,182.9976829,181.9449333,-0.000980757,60.78135453,1.319598722,28.31051455,29.95889576,8.65069E-05,69.65,56,12,1.004473711,0.447371055,25147.1467,1499.995333,1261.21078,0.840809803,0.191619605,6,0.5,0: Broadleaf,2,TRUE,1786464813,176.2246,178.1334,29.95948667,28.23224667,188.4511333,29.31156,465.7910667,101.6361333,0.100050207,36.64081333,37.23124667,999.9,0,0,5002.458,0,21.85482,-1.908875333,181.6672667,183.3086,1.727254667,178.1334,28.23224667,3.044964667,2.869411333,24.27584,23.28888667,1499.995333,0.973007667,0.026991847,0,2.080666667,0,19234.21333,12843.89333,46.875,48.625,47.8708,47.125,46.8456,1459.505333,40.49,0,1786464818,0,1786463468,23:51:08,1786463468,1786463468,2,0.076,1.088,-12.227,0.648,173,28,0.2,0.1,-2.660389048,13.57857016,1.551948432,0,1.734218095,-0.42458961,0.064427858,0,0,2,0/2,3.03894,2.75925,0.0484572,0.0462793,0.1314,0.122951,33379.7,24040.7,33235.3,25507.9,36908.2,30255.6,48596.6,39892.9,1.75305,2.56457,0.242416,0,33.3391,999.9,57.795,37.484,36.8098,28.8092,-100,3,0.592104,0,20.2463,5.20426,11.9565,4.9694,3.29443,149.2,9999,7167.5,9999,4.97378,1.87304,1.87102,1.87241,1.8729,1.87365,1.87332,1.87773,0,0,0,0,11111111,oooooooo,on,on,on,on,0,100,100,-12.227,0.6479,-12.2266,0,0,0,0.64793,0,0,0,-1,-1,-1,-1,22.5,22.5,0.153809,4.99756,2.64526,2.69531,2.8479,2.23877,39.7673,14.9901,2,397.09,1192.99,34.8519,34.9208,29.9997,34.8861,34.8027,-1,40,10,-999.9,400,20,100.947,93.5924
51,1786464941,6547,20260812 00:15:41,00:15:41,15,,1786464933,0.001313221,1.313220862,0.632277831,174.0852105,138.4566546,14.08567792,17.71029505,0.03809894,1.392949343,0.037529361,0.023506316,287.4199,39.2068875,37.25721333,6.393936668,48.62068,2.99842422,6.166973026,3.395512447,-57.91303999,-49.69898611,-8.489835194,171.3180387,0.893270506,1.421597217,0.632277831,181.0511055,179.7866182,0.083183803,60.78135453,1.313220862,27.72301485,29.4091497,-0.007858312,69.65,56,12,1.004464876,0.446487559,25196.68553,1499.95,1261.1727,0.840809827,0.191619654,6,0.5,0: Broadleaf,2,TRUE,1786464933,174.1002667,175.5628,29.47332667,27.70642667,186.327,28.8254,466.369,101.6335333,0.099951127,36.59541333,37.25721333,999.9,0,0,5010.459333,0,21.84725333,-1.462349333,179.3874667,180.5655333,1.766912,175.5628,27.70642667,2.995478,2.815900667,24.00278667,22.97759333,1499.95,0.973004,0.026995647,0,2.362,0,19011.2,12843.48,46.78306667,48.5248,47.75,46.9958,46.78306667,1459.46,40.49,0,1786464938,0,1786463468,23:51:08,1786463468,1786463468,2,0.076,1.088,-12.227,0.648,173,28,0.2,0.1,-1.544811429,0.802712727,0.293962275,0,1.774978571,-0.366854026,0.055175492,0,0,2,0/2,3.03913,2.75941,0.0480012,0.0459496,0.129515,0.121076,33404.4,24056.9,33243.4,25515.9,36994.7,30329.3,48607.4,39904.2,1.75513,2.56352,0.243999,0,33.3194,999.9,56.947,37.484,36.2717,29.0192,-100,3,0.581791,0,20.2465,5.20456,11.9565,4.9695,3.29443,149.2,9999,7167.5,9999,4.9738,1.87303,1.87101,1.87239,1.8729,1.87365,1.87332,1.87773,0,0,0,0,11111111,oooooooo,on,on,on,on,0,100,100,-12.227,0.6479,-12.2266,0,0,0,0.64793,0,0,0,-1,-1,-1,-1,24.5,24.5,0.152588,4.99756,2.64526,2.69409,2.8479,2.27783,39.7171,14.9726,2,397.611,1189.57,34.8039,34.8134,29.9996,34.7836,34.7025,-1,40,10,-999.9,400,20,100.97,93.6199
52,1786465061,6667,20260812 00:17:41,00:17:41,15,,1786465053,0.00112414,1.124140355,0.543914056,172.0704063,136.5199526,13.88885162,17.50557553,0.032646392,1.389969015,0.032226324,0.020178744,287.429951,39.25260771,37.25948667,6.394728633,48.95362981,3.009971834,6.148618287,3.384756799,-49.57458966,-53.84252201,-9.215051404,174.7977879,0.957500729,1.156772081,0.543914056,179.7628689,178.0307515,0.194924055,60.78135453,1.124140355,28.01901132,29.50960424,-0.013404565,69.65,56,12,1.004479293,0.447929321,25115.94474,1500.002667,1261.216962,0.840809813,0.191619627,6,0.5,0: Broadleaf,2,TRUE,1786465053,172.0834,173.5738667,29.58640667,28.14108667,184.3098667,28.93848667,463.865,101.6348667,0.100091153,36.54097333,37.25948667,999.9,0,0,4995.749333,0,25.01880667,-1.490489787,177.3298,178.5998,1.445319333,173.5738667,28.14108667,3.007008667,2.860115333,24.06676667,23.23504,1500.002667,0.973003667,0.026996007,0,2.315666667,0,18765.85333,12843.94667,46.687,48.4916,47.687,46.937,46.687,1459.509333,40.49066667,0,1786465058,0,1786463468,23:51:08,1786463468,1786463468,2,0.076,1.088,-12.227,0.648,173,28,0.2,0.1,-1.357389133,-6.259109283,0.951491165,0,1.38511,1.164302338,0.132008891,0,0,2,0/2,3.03754,2.75958,0.0476335,0.046011,0.129881,0.122092,33426.5,24058.5,33252.1,25518.7,36984.6,30297.9,48619.2,39909,1.75252,2.56733,0.255983,0,33.143,999.9,57.643,37.454,36.6544,29.1692,-100,3,0.571352,0,20.2464,5.20321,11.9562,4.9693,3.29433,149.3,9999,7167.5,9999,4.97377,1.87302,1.871,1.87239,1.87289,1.87363,1.87332,1.87775,0,0,0,0,11111111,oooooooo,on,on,on,on,0,100,100,-12.227,0.6479,-12.2266,0,0,0,0.64793,0,0,0,-1,-1,-1,-1,26.5,26.5,0.153809,4.99756,2.64526,2.69531,2.8479,2.25464,39.6669,14.9288,2,395.536,1192.93,34.7243,34.7018,29.9996,34.6777,34.5988,-1,40,10,-999.9,400,20,100.996,93.6308
53,1786465181,6787,20260812 00:19:41,00:19:41,15,,1786465173,0.001007468,1.007467519,0.404831634,173.5853912,141.1489853,14.35912578,17.65889043,0.028056325,1.390042539,0.027745486,0.017368569,287.4326888,39.47855413,37.55752,6.499295281,47.98086151,2.977417416,6.20542717,3.521877864,-44.42931757,-63.58706698,-10.90681091,168.5094934,1.158489387,1.009108833,0.404831634,179.8253302,179.3007152,-0.00301688,60.79581282,1.007467519,27.99639029,29.26530303,-5.328E-05,69.65,56,12,1.004481328,0.448132807,25104.59111,1500.016667,1261.228761,0.840809832,0.191619663,6,0.5,0: Broadleaf,2,TRUE,1786465173,173.5950667,175.3183333,29.26776,28.00294,185.8216667,28.61982,462.5508,101.6303333,0.099946553,36.70901333,37.55752,999.9,0,0,4996.333333,0,29.53198667,-1.723292667,178.8289333,180.3691333,1.264804667,175.3183333,28.00294,2.974489333,2.845948,23.88580667,23.15304,1500.016667,0.973003667,0.026996007,0,2.522,0,18495.44667,12844.03333,46.7416,48.55373333,47.687,47.062,46.75,1459.523333,40.492,0,1786465178,0,1786463468,23:51:08,1786463468,1786463468,2,0.076,1.088,-12.227,0.648,173,28,0.2,0.1,-1.61573,1.406739584,0.76310734,0,1.276932857,-0.181494545,0.023876573,0,0,2,0/2,3.03516,2.75951,0.0479548,0.0459626,0.129083,0.122046,33418.9,24061.5,33255.4,25520.3,37021.1,30301.4,48623.8,39911.3,1.74802,2.57013,0.252236,0,33.5147,999.9,57.423,37.444,36.4965,29.0192,-100,3,0.566829,0,20.2462,5.20426,11.9565,4.9684,3.29413,149.3,9999,7167.5,9999,4.97379,1.87303,1.87098,1.87241,1.87286,1.87363,1.87332,1.87773,0,0,0,0,11111111,oooooooo,on,on,on,on,0,100,100,-12.226,0.6479,-12.2266,0,0,0,0.64793,0,0,0,-1,-1,-1,-1,28.5,28.5,0.153809,4.99756,2.64526,2.69531,2.8479,2.2644,39.6418,14.9376,2,392.636,1195.58,34.7504,34.6394,30.0002,34.6058,34.5312,-1,40,10,-999.9,400,20,101.005,93.6363
54,1786465301,6907,20260812 00:21:41,00:21:41,15,,1786465293,0.00092022,0.920220078,0.446225175,168.9339514,131.8977755,13.41693468,17.18433676,0.02547696,1.391096872,0.025220558,0.015785671,287.4280222,39.42568933,37.50166667,6.479586599,47.62377566,2.939901716,6.173180676,3.539684883,-40.58170543,-66.58767175,-11.40449984,168.8541451,0.29328848,1.013018689,0.446225175,174.9294246,174.0327455,0.058465083,60.79581282,0.920220078,27.70319725,28.87038,-0.001739857,69.65,56,12,1.0044745,0.447449966,25142.73157,1499.99,1261.206561,0.840809979,0.191619959,6,0.5,0: Broadleaf,2,TRUE,1786465293,168.9446,169.5441333,28.90127333,27.63362667,181.1711333,28.25335333,463.4865333,101.6221333,0.10008778,36.61379333,37.50166667,999.9,0,0,5001.916667,0,28.14001333,-0.599715487,173.9724667,174.3625333,1.267656,169.5441333,27.63362667,2.937006667,2.808182,23.67501333,22.93224667,1499.99,0.973002,0.026997713,0,2.902,0,18199.15333,12843.81333,46.708,48.5704,47.687,47.00413333,46.708,1459.49,40.49866667,0,1786465298,0,1786463468,23:51:08,1786463468,1786463468,2,0.076,1.088,-12.227,0.648,173,28,0.2,0.1,-0.4171375,-4.631095191,0.527312607,0,1.2935325,-0.593746917,0.073720437,0,0,2,0/2,3.03692,2.75945,0.046759,0.044672,0.127712,0.121115,33455.8,24091.7,33250.6,25518,37075.9,30330.6,48617.2,39907.6,1.75155,2.56918,0.244606,0,33.574,999.9,56.77,37.444,36.0838,28.8392,-100,3,0.571486,0,20.2463,5.20441,11.9565,4.9696,3.29423,149.3,9999,7167.5,9999,4.97377,1.87303,1.87101,1.87241,1.87291,1.87363,1.87332,1.87769,0,0,0,0,11111111,oooooooo,on,on,on,on,0,100,100,-12.227,0.6479,-12.2266,0,0,0,0.64793,0,0,0,-1,-1,-1,-1,30.5,30.5,0.153809,4.99756,2.64526,2.69409,2.8479,2.28271,39.6418,14.9201,2,394.583,1194.17,34.7217,34.6631,30.0001,34.6089,34.5281,-1,40,10,-999.9,400,20,100.991,93.6278
55,1786465421,7027,20260812 00:23:41,00:23:41,15,,1786465413,0.000809828,0.809827837,0.31874779,171.6107142,138.933179,14.13231293,17.45627886,0.021926966,1.390127714,0.021736621,0.013602352,287.4257144,39.65573635,37.74851333,6.567083824,47.41159458,2.954730849,6.232084947,3.612352975,-35.71340761,-72.02972134,-12.37029548,167.31229,1.193437431,0.811915421,0.31874779,179.3497125,177.9749636,0.183934763,60.79581282,0.809827837,28.03197274,29.0490097,-1.14538E-05,69.65,56,12,1.004481961,0.44819613,25101.06001,1499.979333,1261.197461,0.840809892,0.191619783,6,0.5,0: Broadleaf,2,TRUE,1786465413,171.6183333,173.3352,29.04762667,28.03272,183.8449333,28.39968667,463.9097333,101.6202,0.100015667,36.78740667,37.74851333,999.9,0,0,4997.25,0,38.17422,-1.716918433,176.7526,178.3343333,1.014890067,173.3352,28.03272,2.951818,2.848684,23.75858667,23.16895333,1499.979333,0.973003133,0.026996613,0,2.612,0,17890.82667,12843.72,46.8246,48.687,47.79133333,47.2332,46.8204,1459.484667,40.494,0,1786465418,0,1786463468,23:51:08,1786463468,1786463468,2,0.076,1.088,-12.227,0.648,173,28,0.2,0.1,-1.7218365,2.856575182,0.793239477,0,1.005121,0.156526753,0.018422763,0,0,2,0/2,3.03698,2.75949,0.0475956,0.0449631,0.128315,0.121895,33420.1,24079.2,33244.6,25512.8,37045.5,30297.8,48608.9,39900.1,1.7513,2.56782,0.250824,0,33.7278,999.9,57.124,37.444,36.3088,29.3192,-100,3,0.578453,0,20.2465,5.20396,11.956,4.9682,3.29448,149.4,9999,7167.5,9999,4.97373,1.87303,1.87101,1.8724,1.87288,1.87363,1.87332,1.87769,0,0,0,0,11111111,oooooooo,on,on,on,on,0,100,100,-12.227,0.6479,-12.2266,0,0,0,0.64793,0,0,0,-1,-1,-1,-1,32.5,32.5,0.153809,4.99756,2.64526,2.69531,2.8479,2.27783,39.6669,14.8938,2,394.732,1193.02,34.7702,34.7341,30.0004,34.6561,34.5678,-1,40,10,-999.9,400,20,100.974,93.6097
56,1786465541,7147,20260812 00:25:41,00:25:41,15,,1786465533,0.000694256,0.694255555,0.079882878,170.0133578,153.3270956,15.59561357,17.29285108,0.018538931,1.390835538,0.018402735,0.011513863,287.4279211,39.86489574,37.96232667,6.643698939,47.54845944,2.98812856,6.284385647,3.655570379,-30.61666996,-76.62934617,-13.17687328,167.0050317,-0.126805105,0.690438321,0.079882878,174.8190742,174.9483394,-0.045728672,60.79581282,0.694255555,28.50992248,29.37754303,-5.40043E-06,69.65,56,12,1.004480524,0.448052447,25109.07361,1499.992,1261.208001,0.840809818,0.191619636,6,0.5,0: Broadleaf,2,TRUE,1786465533,170.0152667,170.0038667,29.37756,28.51870667,182.2420667,28.72962,466.0226667,101.6146667,0.09999446,36.94036667,37.96232667,999.9,0,0,5001,0,27.93078667,0.011518267,175.1611333,174.9946667,0.858839533,170.0038667,28.51870667,2.985188,2.897918,23.94553333,23.45272,1499.992,0.9730038,0.02699592,0,2.814,0,17565.6,12843.83333,47,48.8874,47.9496,47.5,47.05786667,1459.500667,40.49066667,0,1786465538,0,1786463468,23:51:08,1786463468,1786463468,2,0.076,1.088,-12.227,0.648,173,28,0.2,0.1,-0.17939005,3.180942722,0.392989502,0,0.84551715,0.199871504,0.021957128,0,0,2,0/2,3.0385,2.75929,0.0468672,0.0444693,0.129401,0.123245,33435.2,24082.9,33234.8,25504.1,36992,30241.2,48596.2,39887.6,1.7534,2.56533,0.243314,0,34.036,999.9,57.807,37.454,36.7628,29.2592,-100,3,0.590168,0,20.2461,5.20142,11.9569,4.9693,3.2941,149.4,9999,7167.5,9999,4.97377,1.87305,1.871,1.87241,1.87288,1.87363,1.87332,1.87769,0,0,0,0,11111111,oooooooo,on,on,on,on,0,100,100,-12.226,0.648,-12.2266,0,0,0,0.64793,0,0,0,-1,-1,-1,-1,34.5,34.5,0.153809,4.99756,2.64526,2.69531,2.8479,2.27173,39.7171,14.8763,2,396.465,1191.19,34.8936,34.8537,30.0007,34.7517,34.6556,-1,40,10,-999.9,400,20,100.946,93.5793
57,1786465661,7267.1,20260812 00:27:41,00:27:41,15,,1786465653,0.000702517,0.702517142,0.178395519,170.7929367,145.6036506,14.8096622,17.37171896,0.018507186,1.390878666,0.018371458,0.011494273,287.4348411,39.90856988,38.0135,6.662150339,46.92401603,2.95662746,6.300883238,3.705522879,-30.98100594,-76.86817521,-13.22386749,166.3617924,1.13324322,0.728488581,0.178395519,178.5426545,177.1810485,0.219934273,60.78470112,0.702517142,28.20996647,29.08039455,0.000751315,69.65,57,12,1.004561367,0.456136677,25106.50897,1500.028,1261.238281,0.840809825,0.19161965,6,0.5,0: Broadleaf,2,TRUE,1786465653,170.7972,172.4036667,29.06857333,28.16562667,183.0238667,28.42066,467.8048,101.6122,0.0999627,36.98838667,38.0135,999.9,0,0,5001.333333,0,28.06532,-1.606483333,175.9108,177.4004,0.9029546,172.4036667,28.16562667,2.953721333,2.861969333,23.7693,23.24593333,1500.028,0.973004333,0.02699532,0,2.980333333,0,17231.49333,12844.14667,47.125,49,48.0788,47.562,47.125,1459.535333,40.492,0,1786465658,0,1786463468,23:51:08,1786463468,1786463468,2,0.076,1.088,-12.227,0.648,173,28,0.2,0.1,-1.409289095,-3.409103143,0.539690625,0,0.944824238,-0.723459117,0.076769547,0,0,2,0/2,3.04042,2.75954,0.0474126,0.0454766,0.128353,0.122398,33406.7,24053.2,33226.1,25500.1,37031.7,30265.7,48584.5,39881.2,1.75643,2.56005,0.242367,0,34.1103,999.9,57.087,37.474,36.3474,29.0737,-100,3,0.600767,0,20.2463,5.20501,11.9569,4.9693,3.29428,149.4,9999,7167.5,9999,4.9738,1.87303,1.87102,1.87241,1.87288,1.87364,1.87332,1.87774,0,0,0,0,11111111,oooooooo,on,on,on,on,0,100,100,-12.226,0.648,-12.2266,0,0,0,0.64793,0,0,0,-1,-1,-1,-1,36.5,36.5,0.153809,4.99756,2.64526,2.69531,2.8479,2.25586,39.7673,14.8413,2,398.778,1185.66,34.9745,34.975,30.0005,34.8574,34.7543,-1,40,10,-999.9,400,20,100.921,93.5645
58,1786465781,7387.1,20260812 00:29:41,00:29:41,15,,1786465773,0.000680901,0.680901201,0.09446138,170.5365429,152.3974018,15.50057553,17.34553564,0.018141743,1.390653531,0.018011282,0.011268694,287.4403867,39.79858452,37.86192,6.607624462,47.02001937,2.943033113,6.259106553,3.664591348,-30.02774294,-74.6240392,-12.82292763,169.9656769,-0.133490932,0.711582498,0.09446138,175.3127508,175.3609152,-0.033774056,60.78470112,0.680901201,28.07656955,28.92157879,-4.78443E-05,69.65,57,12,1.004560734,0.456073446,25109.97402,1500.054667,1261.26092,0.84080997,0.191619941,6,0.5,0: Broadleaf,2,TRUE,1786465773,170.5388,170.5240667,28.93509333,28.05644,182.7656,28.28716667,469.6474667,101.6117333,0.099813933,36.86657333,37.86192,999.9,0,0,5000.25,0,27.73956,0.014765407,175.6206,175.4466667,0.8786628,170.5240667,28.05644,2.940146667,2.850863333,23.69276667,23.18159333,1500.054667,0.973002,0.02699772,0,2.437,0,16892.18667,12844.35333,47.0788,49.05786667,48.125,47.437,47.12913333,1459.554667,40.5,0,1786465778,0,1786463468,23:51:08,1786463468,1786463468,2,0.076,1.088,-12.227,0.648,173,28,0.2,0.1,-0.074579852,0.914634904,0.17645765,0,0.885477905,-0.204592831,0.025489204,0,0,2,0/2,3.04156,2.75931,0.0469897,0.0446891,0.127773,0.122074,33416,24070.9,33221,25498.3,37053.4,30274.2,48577.9,39878.1,1.7583,2.55775,0.244714,0,33.8936,999.9,56.66,37.514,36.1574,29.1037,-100,3,0.606458,0,20.2462,5.20246,11.9581,4.9676,3.29463,149.5,9999,7167.5,9999,4.97379,1.87302,1.87094,1.87241,1.87291,1.87363,1.87332,1.87773,0,0,0,0,11111111,oooooooo,on,on,on,on,0,100,100,-12.227,0.648,-12.2266,0,0,0,0.64793,0,0,0,-1,-1,-1,-1,38.5,38.5,0.153809,4.99756,2.64526,2.69531,2.8479,2.23145,39.8428,14.815,2,400.276,1183.81,34.9805,35.047,30.0003,34.9323,34.8277,-1,40,10,-999.9,400,20,100.906,93.5573
59,1786465901,7507.1,20260812 00:31:41,00:31:41,15,,1786465893,0.000470505,0.470504679,0.009881615,167.9065637,156.999145,15.9682278,17.07761057,0.012716775,1.389897541,0.012652488,0.007913554,287.4336733,39.8311319,37.76842,6.574184403,47.6356841,2.96940611,6.23357503,3.604778294,-20.74925632,-73.18174107,-12.57169982,180.9309761,-0.544930766,0.457144143,0.009881615,171.7384517,172.3340909,-0.118805354,60.78470112,0.470504679,28.71068001,29.24886,0.008110357,69.65,56,12,1.004483126,0.4483126,25094.56796,1500.019333,1261.23124,0.84080999,0.191619979,6,0.5,0: Broadleaf,2,TRUE,1786465893,167.9068,167.3094667,29.19511333,28.62854,180.1334,28.54718,467.8202667,101.6090667,0.099944553,36.79178,37.76842,999.9,0,0,4996.666667,0,26.25469333,0.597392515,172.9562,172.2403333,0.566556067,167.3094667,28.62854,2.966486,2.908918667,23.84097333,23.5155,1500.019333,0.973002,0.026997713,0,2.796666667,0,16562.74667,12844.07333,47.062,48.937,48.062,47.42873333,47.062,1459.519333,40.5,0,1786465898,0,1786463468,23:51:08,1786463468,1786463468,2,0.076,1.088,-12.227,0.648,173,28,0.2,0.1,0.497141335,2.007840958,0.412125976,0,0.585150905,-0.439512935,0.047704342,0,0,2,0/2,3.04012,2.75954,0.0462679,0.0437037,0.128922,0.124156,33439.5,24091.5,33219.3,25493.9,37002.9,30197.8,48575.8,39872.6,1.755,2.56025,0.254884,0,33.6721,999.9,57.606,37.514,36.7613,28.9237,-100,3,0.608709,0,20.2462,5.20231,11.9566,4.9692,3.29448,149.5,9999,7167.5,9999,4.97379,1.87306,1.87101,1.8724,1.87287,1.87363,1.87332,1.87774,0,0,0,0,11111111,oooooooo,on,on,on,on,0,100,100,-12.227,0.6479,-12.2266,0,0,0,0.64793,0,0,0,-1,-1,-1,-1,40.5,40.5,0.153809,4.99756,2.64526,2.69531,2.8479,2.25708,39.8932,14.7975,2,398.704,1188.25,34.9071,35.0703,30.0002,34.9746,34.8746,-1,40,10,-999.9,400,20,100.902,93.5433
60,1786466021,7627.1,20260812 00:33:41,00:33:41,15,,1786466013,0.000595813,0.595812692,-0.012269951,168.0869598,159.6121606,16.23312991,17.09504743,0.016203656,1.390266825,0.016099465,0.010071471,287.43342,39.70126709,37.7177,6.556106031,47.79426549,2.968480345,6.210955049,3.587625685,-26.2753397,-74.38292906,-12.76741872,174.0077325,-0.122234699,0.641124155,-0.012269951,172.880285,173.0084727,-0.021845268,60.78470112,0.595812692,28.40068956,29.1581103,-0.002596141,69.65,56,12,1.004480232,0.448023206,25110.70508,1500.018,1261.23012,0.84080999,0.191619981,6,0.5,0: Broadleaf,2,TRUE,1786466013,168.0866667,168.0688,29.18756667,28.39264667,180.3134667,28.53964667,467.6332667,101.6036,0.0999911,36.72529333,37.7177,999.9,0,0,4998.75,0,22.35272667,0.017847767,173.1402,172.9801333,0.794916467,168.0688,28.39264667,2.965561333,2.884796,23.8358,23.37748,1500.018,0.973001,0.026998733,0,2.008,0,16236.5,12844.04667,47.00413333,48.875,48.01653333,47.3666,47,1459.518,40.5,0,1786466018,0,1786463468,23:51:08,1786463468,1786463468,2,0.076,1.088,-12.227,0.648,173,28,0.2,0.1,-0.041697152,0.770048829,0.223225949,0,0.801454048,-0.237117429,0.039301794,0,0,2,0/2,3.04007,2.75937,0.0464315,0.0440303,0.128555,0.123297,33431.3,24083,33217,25493.7,37016.9,30227.1,48572.7,39872,1.75517,2.5601,0.255927,0,33.5874,999.9,57.343,37.545,36.6565,28.9537,-100,3,0.610897,0,20.2466,5.20501,11.9587,4.9693,3.29463,149.5,9999,7167.5,9999,4.97383,1.87305,1.87103,1.87241,1.87288,1.87363,1.87332,1.87774,0,0,0,0,11111111,oooooooo,on,on,on,on,0,100,100,-12.227,0.6479,-12.2266,0,0,0,0.64793,0,0,0,-1,-1,-1,-1,42.5,42.5,0.153809,4.99756,2.64526,2.69531,2.8479,2.2583,39.8932,14.8062,2,398.992,1188.73,34.8624,35.0927,30.0002,35.0058,34.9095,-1,40,10,-999.9,400,20,100.895,93.5421
61,1786466141,7747.1,20260812 00:35:41,00:35:41,15,,1786466133,0.000698423,0.698423437,0.041059099,169.1713532,155.8888098,15.8537107,17.20452992,0.018739029,1.391354835,0.018599941,0.011637373,287.42962,39.7506186,37.83492667,6.597955237,47.36700037,2.958611049,6.246143995,3.639344188,-30.80047357,-75.48278937,-12.95988494,168.1864721,0.72798792,0.694989749,0.041059099,175.0331796,174.8406364,0.026944505,60.78470112,0.698423437,28.11922159,29.04070909,-0.008541268,69.65,56,12,1.00447614,0.447614027,25133.55722,1499.998,1261.21332,0.840810001,0.191620002,6,0.5,0: Broadleaf,2,TRUE,1786466133,169.1723333,170.2545333,29.09188667,28.22892667,181.399,28.44395333,467.0025333,101.5988,0.1000373,36.82863333,37.83492667,999.9,0,0,5004.333333,0,24.30794667,-1.082295533,174.2414,175.2002667,0.862963333,170.2545333,28.22892667,2.955702667,2.868026667,23.78046,23.28086,1499.998,0.973000933,0.026998813,0,2.640333333,0,15918.98667,12843.88667,47.01653333,48.8204,48,47.375,47,1459.498,40.5,0,1786466138,0,1786463468,23:51:08,1786463468,1786463468,2,0.076,1.088,-12.227,0.648,173,28,0.2,0.1,-0.790140305,-3.683978459,0.903244748,0,0.80410025,1.014505128,0.099148158,0,0,2,0/2,3.03993,2.7594,0.0468856,0.0445307,0.128104,0.121967,33417,24072.6,33218.5,25496,37037.9,30275.3,48574.9,39874.7,1.75515,2.56052,0.258192,0,33.6881,999.9,56.721,37.545,36.2617,29.1337,-100,3,0.609477,0,20.2464,5.20052,11.9574,4.96915,3.29468,149.6,9999,7167.5,9999,4.97387,1.87302,1.87101,1.87241,1.8729,1.87363,1.87332,1.87773,0,0,0,0,11111111,oooooooo,on,on,on,on,0,100,100,-12.226,0.6479,-12.2266,0,0,0,0.64793,0,0,0,-1,-1,-1,-1,44.5,44.5,0.153809,4.99756,2.64526,2.69531,2.8479,2.25708,39.8932,14.78,2,398.998,1189.38,34.8641,35.0863,30.0001,35.009,34.9127,-1,40,10,-999.9,400,20,100.9,93.5492
62,1786466261,7867.1,20260812 00:37:41,00:37:41,15,,1786466253,0.000522817,0.522816513,0.001597008,169.3332952,159.0445456,16.17493083,17.22130317,0.013660917,1.390746324,0.013586805,0.008498378,287.4168267,39.98155454,38.02660667,6.666883313,46.67694715,2.938272966,6.294912469,3.728610347,-23.05620822,-79.14568824,-13.61669269,171.5982375,-0.32698729,0.506168547,0.001597008,173.3962212,173.8610424,-0.091091643,60.78470112,0.522816513,28.35166817,28.94848909,0.009374089,69.65,56,12,1.004481329,0.448132897,25104.58607,1499.930667,1261.15676,0.840810037,0.191620075,6,0.5,0: Broadleaf,2,TRUE,1786466253,169.3333333,169.0254,28.89139333,28.26313333,181.5598,28.24348,467.2776667,101.6006667,0.099965507,36.97102,38.02660667,999.9,0,0,5001.250667,0,19.86872667,0.307854207,174.3711333,173.9416667,0.628271867,169.0254,28.26313333,2.935386667,2.871554,23.66585333,23.30122667,1499.930667,0.9729994,0.02700034,0,1.990666667,0,15607.89333,12843.27333,47.0662,48.875,48.062,47.437,47.104,1459.430667,40.5,0,1786466258,0,1786463468,23:51:08,1786463468,1786463468,2,0.076,1.088,-12.227,0.648,173,28,0.2,0.1,0.13388129,3.294803844,0.464509529,0,0.653228,-0.549761455,0.058935037,0,0,2,0/2,3.04003,2.75955,0.0466372,0.0442873,0.127854,0.122854,33426.6,24079.3,33219.5,25496.5,37049.4,30245.3,48576.3,39875.7,1.75543,2.5611,0.257347,0,33.8842,999.9,56.721,37.555,36.278,29.4037,-100,3,0.608028,0,20.2465,5.20396,11.9575,4.96905,3.29423,149.6,9999,7167.5,9999,4.97378,1.87303,1.87101,1.87241,1.87287,1.87363,1.87332,1.87773,0,0,0,0,11111111,oooooooo,on,on,on,on,0,100,100,-12.227,0.6479,-12.2266,0,0,0,0.64793,0,0,0,-1,-1,-1,-1,46.5,46.5,0.153809,4.99756,2.64526,2.69531,2.8479,2.24609,39.8932,14.7625,2,399.13,1190.19,34.9497,35.0799,30,35.0058,34.9127,-1,40,10,-999.9,400,20,100.902,93.5514
63,1786466381,7987.1,20260812 00:39:41,00:39:41,15,,1786466373,0.000610055,0.610054609,-0.022317623,176.0418663,167.6227661,17.04718016,17.90339989,0.01576488,1.391940453,0.015666354,0.009800272,287.4315667,40.11602474,38.22920667,6.740416599,46.70520557,2.969236476,6.357399438,3.771180122,-26.90340826,-80.83105622,-13.92049265,165.7766095,-0.288137179,0.6186318,-0.022317623,181.2454814,181.2305333,0.008631416,60.78817068,0.610054609,28.414881,29.18701818,-3.19437E-05,69.65,54,12,1.004317236,0.431723634,25124.00362,1500.008667,1261.22224,0.840809969,0.191619937,6,0.5,0: Broadleaf,2,TRUE,1786466373,176.0413333,175.8093333,29.19612667,28.4168,188.2679333,28.54821333,460.3288,101.5997333,0.099937667,37.15206667,38.22920667,999.9,0,0,5007.166,0,27.00478667,0.232018347,181.3354667,180.9513333,0.779336667,175.8093333,28.4168,2.966318667,2.887139333,23.84004667,23.39094667,1500.008667,0.9730026,0.02699712,0,2.489666667,0,15307.22667,12843.96,47.187,49.00826667,48.125,47.65806667,47.229,1459.51,40.49866667,0,1786466378,0,1786463468,23:51:08,1786463468,1786463468,2,0.076,1.088,-12.227,0.648,173,28,0.2,0.1,0.791772629,-11.55913527,1.319272359,0,0.779823143,-0.033793325,0.024632167,1,1,2,1/2,3.0328,2.7593,0.0482982,0.0459976,0.128636,0.122901,33370.4,24037.2,33221.4,25497.5,37018.2,30245.3,48578.8,39877.4,1.74253,2.56372,0.260673,0,34.0546,999.9,56.91,37.555,36.4006,28.7437,-100,3,0.606484,0,20.2464,5.20396,11.9569,4.96805,3.29445,149.6,9999,7167.5,9999,4.97383,1.87302,1.871,1.87241,1.87288,1.87363,1.87332,1.87771,0,0,0,0,11111111,oooooooo,on,on,on,on,0,100,100,-12.227,0.648,-12.2266,0,0,0,0.64793,0,0,0,-1,-1,-1,-1,48.5,48.5,0.153809,4.99756,2.64648,2.69531,2.8479,2.27905,39.9437,14.7187,2,392.011,1193.87,35.0558,35.083,30.0001,35.0026,34.9095,-1,40,10,-999.9,400,20,100.908,93.5553
64,1786466501,8107.1,20260812 00:41:41,00:41:41,15,,1786466493,0.000481519,0.481518938,-0.264942493,172.8118164,195.8528842,19.91684265,17.57373024,0.012285816,1.389141099,0.012225769,0.007646476,287.4311533,40.30156981,38.36852667,6.791389909,46.55562482,2.978555123,6.39784158,3.812834786,-21.23498515,-82.38850081,-14.23486251,169.5728049,0.351704078,0.505225491,-0.264942493,177.6266424,178.3309939,-0.067384328,60.78817068,0.481518938,28.71023475,29.31598727,0.000373439,69.65,54,12,1.004332635,0.433263479,25035.09522,1500.007333,1261.22104,0.840809916,0.191619832,6,0.5,0: Broadleaf,2,TRUE,1786466493,172.8054667,173.3745333,29.28971333,28.65462667,185.0323333,28.6418,461.2738,101.5928,0.100073847,37.26842,38.36852667,999.9,0,0,4993.75,0,26.54344,-0.5688258,178.0198,178.4888667,0.6350902,173.3745333,28.65462667,2.975625333,2.911105333,23.89216,23.52799333,1500.007333,0.973003,0.0269967,0,2.562,0,15013.35333,12843.95333,47.312,49.18286667,48.25,47.8162,47.3414,1459.511333,40.496,0,1786466498,0,1786463468,23:51:08,1786463468,1786463468,2,0.076,1.088,-12.227,0.648,173,28,0.2,0.1,-0.741197714,9.009807117,1.310646136,0,0.658560762,-0.502968312,0.051391296,0,0,2,0/2,3.03427,2.75936,0.0475835,0.0449577,0.129102,0.124134,33392.6,24060.1,33218.7,25494.2,36995.9,30199.2,48575.3,39873.2,1.74557,2.56155,0.256717,0,34.2436,999.9,57.27,37.585,36.6921,29.3437,-100,3,0.609108,0,20.2462,5.20426,11.9565,4.96925,3.29453,149.7,9999,7167.5,9999,4.97376,1.87305,1.87102,1.87241,1.87292,1.87365,1.87332,1.87774,0,0,0,0,11111111,oooooooo,on,on,on,on,0,100,100,-12.227,0.6479,-12.2266,0,0,0,0.64793,0,0,0,-1,-1,-1,-1,50.5,50.5,0.153809,4.99756,2.64526,2.69531,2.8479,2.26562,39.9689,14.7099,2,393.797,1191.17,35.1683,35.1055,30.0004,35.0218,34.9299,-1,40,10,-999.9,400,20,100.9,93.5445
65,1786466621,8227.1,20260812 00:43:41,00:43:41,15,,1786466613,0.000635312,0.635311755,-0.06100485,168.2609938,163.8521904,16.66216904,17.11050133,0.01623658,1.3902344,0.016131965,0.010091821,287.4278766,40.27624845,38.43209333,6.814758061,46.80406562,3.003304041,6.416758888,3.81145402,-28.0172484,-83.15487836,-14.36413831,161.8916115,-0.428473346,0.688524483,-0.06100485,172.9299308,173.0610545,-0.009499647,60.78817068,0.635311755,28.5359468,29.43650909,-0.016392126,69.65,54,12,1.00432797,0.432796992,25061.96273,1499.991333,1261.207482,0.840809846,0.191619692,6,0.5,0: Broadleaf,2,TRUE,1786466613,168.2595333,167.8548,29.53384667,28.66750667,180.486,28.88592667,460.7124,101.5902,0.10004288,37.32262667,38.43209333,999.9,0,0,4999.25,0,27.05816,0.404766603,173.3800667,172.8086667,0.866359133,167.8548,28.66750667,3.000352667,2.91234,24.02984667,23.53484,1499.991333,0.973003333,0.026996353,0,2.605,0,14728.18,12843.84,47.437,49.3162,48.38326667,47.9664,47.4454,1459.497333,40.492,0,1786466618,0,1786463468,23:51:08,1786463468,1786463468,2,0.076,1.088,-12.227,0.648,173,28,0.2,0.1,0.416413652,-1.582256382,0.412092133,0,0.78043565,1.577669459,0.166236189,0,0,2,0/2,3.03356,2.75962,0.0464266,0.0442276,0.129438,0.123601,33425.4,24073.3,33211.5,25489.1,36976.2,30211.4,48565.9,39865.2,1.74373,2.56215,0.254728,0,34.3416,999.9,57.099,37.595,36.6023,29.0137,-100,3,0.618399,0,20.2464,5.20426,11.9583,4.96915,3.29435,149.7,9999,7167.5,9999,4.97381,1.87307,1.87102,1.87241,1.87292,1.87364,1.87332,1.87775,0,0,0,0,11111111,oooooooo,on,on,on,on,0,100,100,-12.226,0.648,-12.2266,0,0,0,0.64793,0,0,0,-1,-1,-1,-1,52.5,52.5,0.153809,4.99756,2.64526,2.69531,2.8479,2.24609,40.0447,14.6661,2,393.19,1193.25,35.2549,35.1867,30.0006,35.0899,34.9936,-1,40,10,-999.9,400,20,100.88,93.5258
66,1786466741,8347.1,20260812 00:45:41,00:45:41,15,,1786466733,0.000545464,0.545463621,-0.089178498,170.5492008,170.120887,17.30026402,17.34382095,0.014012009,1.390375531,0.01393403,0.008715738,287.4243867,40.24865232,38.32318,6.774762241,46.70127829,2.984861674,6.391391807,3.789900567,-24.05494568,-80.45034268,-13.88337017,169.0357281,-0.081340775,0.606503338,-0.089178498,175.5226834,175.6693636,-0.005456929,60.78817068,0.545463621,28.65839468,29.34022909,0.000337912,69.65,55,12,1.00440675,0.440675001,25071.70642,1499.970667,1261.19034,0.840810003,0.191620005,6,0.5,0: Broadleaf,2,TRUE,1786466733,170.5470667,170.5760667,29.35142,28.59451333,182.7737333,28.70349333,464.5544667,101.5941333,0.099811087,37.24990667,38.32318,999.9,0,0,4999.75,0,28.11185333,-0.028803445,175.7042,175.597,0.756907067,170.5760667,28.59451333,2.981933333,2.905034667,23.92736667,23.49335333,1499.970667,0.973001267,0.026998473,0,2.735666667,0,14451.21333,12843.64667,47.5,49.39153333,48.5,47.92873333,47.50826667,1459.471333,40.49933333,0,1786466738,0,1786463468,23:51:08,1786463468,1786463468,2,0.076,1.088,-12.227,0.648,173,28,0.2,0.1,-0.023541328,1.237707132,0.32644983,0,0.798012667,-0.880476156,0.101589661,0,0,2,0/2,3.03597,2.75924,0.0469878,0.0446241,0.129115,0.123722,33393.8,24057,33200.2,25483,36981.9,30200.2,48550.8,39856.2,1.74697,2.5573,0.250138,0,34.2823,999.9,56.873,37.625,36.5156,29.1037,-100,3,0.629619,0,20.2462,5.20052,11.9586,4.9695,3.29453,149.7,9999,7167.5,9999,4.9738,1.87305,1.87101,1.87241,1.87287,1.87363,1.87332,1.87771,0,0,0,0,11111111,oooooooo,on,on,on,on,0,100,100,-12.227,0.6479,-12.2266,0,0,0,0.64793,0,0,0,-1,-1,-1,-1,54.5,54.5,0.153809,4.99756,2.64526,2.69531,2.8479,2.24121,40.0953,14.6661,2,395.595,1188.23,35.297,35.3056,30.0003,35.193,35.0894,-1,40,10,-999.9,400,20,100.847,93.5042
67,1786466861,8467.1,20260812 00:47:41,00:47:41,15,,1786466853,0.000520915,0.520915186,-0.291204535,174.9510945,198.1871191,20.1547424,17.79174276,0.013421076,1.391364552,0.013349568,0.008349873,287.4319,40.26168681,38.28644,6.761316368,46.66844318,2.983162864,6.392248509,3.778153504,-22.97235969,-77.56712889,-13.37408114,173.5183303,-0.116663169,0.50824597,-0.291204535,179.1695585,180.1098,-0.106898134,60.78817068,0.520915186,28.7112461,29.35943818,0.001095885,69.65,55,12,1.004401825,0.440182532,25099.63315,1500.01,1261.2234,0.840809995,0.191619989,6,0.5,0: Broadleaf,2,TRUE,1786466853,174.9441333,174.9088667,29.33426,28.69837333,187.1707333,28.68633333,463.3934667,101.5955333,0.099988007,37.25236667,38.28644,999.9,0,0,5004.542,0,28.21584,0.0352164,180.2311333,180.0768,0.635876933,174.9088667,28.69837333,2.980231333,2.915629333,23.91786667,23.55376,1500.01,0.9730014,0.026998313,0,3.201666667,0,14187.55333,12843.98,47.5,49.3372,48.5,47.875,47.5,1459.51,40.5,0,1786466858,0,1786463468,23:51:08,1786463468,1786463468,2,0.076,1.088,-12.227,0.648,173,28,0.2,0.1,-0.59972019,12.82765738,1.434299259,0,0.632530905,0.065312727,0.018217386,1,1,2,1/2,3.03632,2.75941,0.0479388,0.0454159,0.129175,0.123919,33356.9,24034.7,33196.8,25480.7,36977.5,30190.8,48546.3,39852.7,1.74748,2.55755,0.262689,0,34.0768,999.9,56.635,37.655,36.4227,29.1937,-100,3,0.633087,0,20.2464,5.20321,11.9589,4.9689,3.29445,149.8,9999,7167.5,9999,4.97379,1.87305,1.87103,1.87241,1.87289,1.87364,1.87332,1.87768,0,0,0,0,11111111,oooooooo,on,on,on,on,0,100,100,-12.227,0.6479,-12.2266,0,0,0,0.64793,0,0,0,-1,-1,-1,-1,56.5,56.5,0.153809,4.99756,2.64526,2.69531,2.8479,2.2583,40.1206,14.6574,2,396.225,1189.68,35.2828,35.3607,30.0001,35.2519,35.1458,-1,40,10,-999.9,400,20,100.837,93.4958
68,1786466981,8587.1,20260812 00:49:41,00:49:41,15,,1786466973,0.000590036,0.590036357,-0.229175155,173.9430187,187.3217033,19.04966641,17.6891221,0.014735441,1.391044155,0.01464927,0.009163494,287.42918,40.51072211,38.63135333,6.888461933,46.07873503,2.991410432,6.491954326,3.897051501,-26.02060333,-82.08990215,-14.20020388,165.1184706,0.599800781,0.607689185,-0.229175155,180.9749162,180.3794,0.174936035,60.78817068,0.590036357,28.67281133,29.41240606,-8.12558E-06,69.65,55,12,1.004407483,0.440748326,25067.55367,1499.998,1261.2131,0.840809854,0.191619709,6,0.5,0: Broadleaf,2,TRUE,1786466973,173.9375333,174.8452,29.41553333,28.65730667,186.1644,28.76762,464.6212667,101.5948667,0.1000575,37.53673333,38.63135333,999.9,0,0,5003,0,26.89249333,-0.907563507,179.2092667,180.0036667,0.758240533,174.8452,28.65730667,2.988466667,2.911434667,23.96379333,23.52988,1499.998,0.973003333,0.026996353,0,2.906666667,0,13930.48667,12843.88,47.65393333,49.4664,48.5704,48.1622,47.66633333,1459.505333,40.49266667,0,1786466978,0,1786463468,23:51:08,1786463468,1786463468,2,0.076,1.088,-12.227,0.648,173,28,0.2,0.1,-0.836377314,0.877238899,0.879918526,0,0.738759857,0.220180442,0.036369227,0,0,2,0/2,3.03758,2.7595,0.0480006,0.0453577,0.129328,0.123547,33354.3,24036.6,33196.6,25481.3,36971.9,30204.3,48546,39853.6,1.74988,2.552,0.262477,0,34.4346,999.9,56.281,37.696,36.2748,28.8038,-100,3,0.634733,0,20.246,5.20396,11.9578,4.96945,3.29465,149.8,9999,7167.5,9999,4.97376,1.87304,1.87101,1.8724,1.87289,1.87363,1.87332,1.8777,0,0,0,0,11111111,oooooooo,on,on,on,on,0,100,100,-12.227,0.648,-12.2266,0,0,0,0.64793,0,0,0,-1,-1,-1,-1,58.5,58.5,0.153809,4.99756,2.64526,2.69531,2.8479,2.31201,40.1967,14.6399,2,397.815,1182.73,35.3998,35.4037,30.0004,35.2956,35.1929,-1,40,10,-999.9,400,20,100.837,93.498
69,1786467102,8708,20260812 00:51:42,00:51:42,15,,1786467094,0.000517531,0.517531048,0.01202022,169.4547745,157.622587,16.02947339,17.23275103,0.013129032,1.389896417,0.013060522,0.008168951,287.4330875,40.46996523,38.5464875,6.856986986,46.76746779,3.023000301,6.463895617,3.833986685,-22.8231192,-81.63055667,-14.12119764,168.858214,0.262375567,0.554523972,0.01202022,175.7876017,175.15,0.119968588,60.78817068,0.517531048,29.01600284,29.69132485,-0.003812448,69.65,54,12,1.004331558,0.433155785,25041.29274,1500.01625,1261.22865,0.840809991,0.191619982,6,0.5,0: Broadleaf,2,TRUE,1786467094,169.4550625,169.91675,29.7260625,29.02985,181.681625,29.07809375,461.6250625,101.5951875,0.100094225,37.45709375,38.5464875,999.9,0,0,4997.34375,0,33.90985,-0.461686429,174.646625,174.996875,0.696186125,169.91675,29.02985,3.020020625,2.94929125,24.1387125,23.74435625,1500.01625,0.973001125,0.026998606,0,2.483125,0,13682.8375,12844.025,47.687,49.6131875,48.687,48.125,47.7381875,1459.51625,40.5,0,1786467099,0,1786463468,23:51:08,1786463468,1786463468,2,0.076,1.088,-12.227,0.648,173,28,0.2,0.1,-0.330290499,-5.431342272,0.648165469,0,0.669972714,0.377774742,0.059551335,0,0,2,0/2,3.03498,2.7598,0.0468998,0.0446446,0.130256,0.124808,33384.7,24047.5,33188.9,25474.2,36926.1,30152.7,48535.7,39843.3,1.7443,2.5545,0.246387,0,34.5694,999.9,56.91,37.726,36.7441,29.4438,-100,3,0.642127,0,20.246,5.20486,11.962,4.9694,3.2947,149.8,9999,7167.5,9999,4.97378,1.87304,1.871,1.87241,1.8729,1.87363,1.87332,1.87768,0,0,0,0,11111111,oooooooo,on,on,on,on,0,100,100,-12.226,0.648,-12.2266,0,0,0,0.64793,0,0,0,-1,-1,-1,-1,60.6,60.6,0.153809,4.99756,2.64526,2.69531,2.8479,2.25464,40.222,14.5961,2,395.166,1187.65,35.4766,35.4746,30.0004,35.3671,35.2646,-1,40,10,-999.9,400,20,100.815,93.4731
70,1786467222,8828,20260812 00:53:42,00:53:42,15,,1786467214,0.000582108,0.582108214,-0.147154907,169.6743929,174.7775035,17.77404771,17.25508543,0.014779358,1.389725494,0.014692593,0.009190623,287.42886,40.4060517,38.50875333,6.843032295,46.63352826,3.009117327,6.452690669,3.833914968,-25.67097222,-81.18243776,-14.04068893,166.5347611,-0.153146952,0.545573625,-0.147154907,174.4047017,174.7800667,-0.033721107,60.79263718,0.582108214,28.82342335,29.57477758,-0.001644734,69.65,53,12,1.004251395,0.425139457,25038.99509,1499.994,1261.20996,0.840810003,0.191620006,6,0.5,0: Broadleaf,2,TRUE,1786467214,169.6708667,169.5922,29.58954667,28.89763333,181.8976,28.94160667,457.0983333,101.5952667,0.100016493,37.42520667,38.50875333,999.9,0,0,4996.5,0,33.09664,0.0787608,174.8444,174.6388667,0.691914267,169.5922,28.89763333,3.006153333,2.935859333,24.06203333,23.66848,1499.994,0.972999733,0.027000013,0,2.982,0,13445.3,12843.83333,47.687,49.54133333,48.687,48.062,47.687,1459.494,40.5,0,1786467219,0,1786463468,23:51:08,1786463468,1786463468,2,0.076,1.088,-12.227,0.648,173,28,0.2,0.1,-0.202653619,6.56748974,0.718383487,0,0.65532881,0.788178,0.096173911,0,0,2,0/2,3.03031,2.75958,0.0467448,0.0440825,0.129845,0.124293,33385.6,24059.1,33184.7,25471.9,36941,30167.4,48530.5,39839.4,1.73555,2.55535,0.251792,0,34.4545,999.9,56.501,37.746,36.5182,28.6938,-100,3,0.64656,0,20.2459,5.20486,11.9619,4.96915,3.29448,149.9,9999,7167.5,9999,4.97374,1.87304,1.87101,1.8724,1.87287,1.87363,1.87332,1.87769,0,0,0,0,11111111,oooooooo,on,on,on,on,0,100,100,-12.226,0.6479,-12.2266,0,0,0,0.64793,0,0,0,-1,-1,-1,-1,62.6,62.6,0.153809,4.99756,2.64526,2.69653,2.8479,2.2583,40.2474,14.5873,2,390.692,1189.87,35.4492,35.5237,30.0002,35.4225,35.3165,-1,40,10,-999.9,400,20,100.803,93.4642
71,1786467342,8948,20260812 00:55:42,00:55:42,15,,1786467334,0.000488538,0.488538367,-0.23180319,169.3976082,187.8210777,19.09967776,17.2261802,0.012607261,1.391501453,0.012544146,0.007845736,287.4260733,40.34675629,38.36782,6.791130518,47.09462569,3.02181364,6.416472359,3.769316878,-21.54454197,-78.47048341,-13.53835746,173.8726905,-1.000252995,0.489679065,-0.23180319,172.6393491,173.6490242,-0.133900324,60.79263718,0.488538367,29.08466163,29.70702788,-0.000496987,69.65,54,12,1.00432171,0.432171029,25098.10641,1499.979333,1261.19764,0.840810011,0.191620022,6,0.5,0: Broadleaf,2,TRUE,1786467334,169.3920667,168.1990667,29.7157,29.09761333,181.6187333,29.06777333,459.1790667,101.5906,0.100211253,37.32180667,38.36782,999.9,0,0,5005.458,0,29.1062,1.1928888,174.5798667,173.24,0.618099,168.1990667,29.09761333,3.018835333,2.956042667,24.13216667,23.78232667,1499.979333,0.972998,0.027001793,0,2.845,0,13221,12843.69333,47.5998,49.437,48.625,47.875,47.562,1459.479333,40.5,0,1786467339,0,1786463468,23:51:08,1786463468,1786463468,2,0.076,1.088,-12.227,0.648,173,28,0.2,0.1,0.911633,3.600737143,0.60677636,0,0.593251286,0.415740156,0.05565427,0,0,2,0/2,3.03373,2.75962,0.0464706,0.0441923,0.130288,0.124955,33394.7,24056.3,33184.2,25471.8,36921.7,30144.8,48529.7,39839.7,1.74183,2.55333,0.254877,0,34.2639,999.9,56.818,37.776,36.7851,28.9038,-100,3,0.646441,0,20.2463,5.20456,11.9617,4.96905,3.2945,149.9,9999,7167.5,9999,4.97374,1.87308,1.87101,1.8724,1.87287,1.87363,1.87332,1.87767,0,0,0,0,11111111,oooooooo,on,on,on,on,0,100,100,-12.227,0.6479,-12.2266,0,0,0,0.64793,0,0,0,-1,-1,-1,-1,64.6,64.6,0.153809,4.99756,2.64526,2.69531,2.8479,2.25952,40.222,14.5786,2,394.251,1187.45,35.3861,35.5335,30.0001,35.442,35.3412,-1,40,10,-999.9,400,20,100.801,93.4645
72,1786467462,9068,20260812 00:57:42,00:57:42,15,,1786467454,0.000484135,0.484135239,-0.064716957,170.0688802,167.9411797,17.07782063,17.29418499,0.012919031,1.390682867,0.012852726,0.008038882,287.43576,40.00937298,37.95943333,6.642657026,47.53684888,2.993725468,6.297694396,3.648931558,-21.35036403,-73.49899667,-12.64216552,179.9442338,-0.110427165,0.482975558,-0.064716957,175.210648,175.2704424,0.005201865,60.79263718,0.484135239,28.81472324,29.42886848,-0.000276097,69.65,53,12,1.004240583,0.424058342,25102.56049,1500.028,1261.23874,0.840810132,0.191620263,6,0.5,0: Broadleaf,2,TRUE,1786467454,170.0673333,170.0310667,29.43992667,28.83156,182.2938,28.79196667,460.2987333,101.5892667,0.100031053,36.97911333,37.95943333,999.9,0,0,5001.5,0,26.59820667,0.036388207,175.2259333,175.0789333,0.608341733,170.0310667,28.83156,2.990774667,2.928973333,23.97663333,23.62955333,1500.028,0.972994733,0.027005213,0,2.419,0,13007.06,12844.12,47.3456,49.208,48.4122,47.4832,47.3582,1459.520667,40.50733333,0,1786467459,0,1786463468,23:51:08,1786463468,1786463468,2,0.076,1.088,-12.227,0.648,173,28,0.2,0.1,0.027468762,-0.641458442,0.180754833,0,0.596401286,0.202583455,0.023041277,0,0,2,0/2,3.03269,2.7593,0.0468864,0.0445884,0.129324,0.124042,33384.6,24049.4,33188.4,25474.8,36966.2,30179.6,48535.7,39844,1.74067,2.55477,0.252277,0,33.8449,999.9,56.367,37.796,36.5322,29.0538,-100,3,0.642259,0,20.2464,5.20486,11.9619,4.9687,3.2945,149.9,9999,7167.5,9999,4.97376,1.87303,1.87096,1.87241,1.87286,1.87363,1.87332,1.8777,0,0,0,0,11111111,oooooooo,on,on,on,on,0,100,100,-12.227,0.6479,-12.2266,0,0,0,0.64793,0,0,0,-1,-1,-1,-1,66.6,66.6,0.152588,4.99756,2.64526,2.69531,2.8479,2.26929,40.1967,14.5611,2,393.482,1189.07,35.238,35.4872,29.9997,35.4192,35.3176,-1,40,10,-999.9,400,20,100.814,93.4749
73,1786467582,9188,20260812 00:59:42,00:59:42,15,,1786467574,0.000475493,0.475493409,-0.0591692,171.7546802,169.0789253,17.19399631,17.46609953,0.013131883,1.390304631,0.013063363,0.008170728,287.4229533,39.72842436,37.60236,6.515155375,48.17340214,2.986590109,6.199666157,3.528565266,-20.96925932,-68.232719,-11.70303305,186.517942,0.431847628,0.4726974,-0.0591692,177.8467743,177.5311818,0.075239639,60.79263718,0.475493409,28.74362622,29.35167333,-7.36255E-05,69.65,53,12,1.004238487,0.423848708,25114.92368,1499.963333,1261.18416,0.840809993,0.191619986,6,0.5,0: Broadleaf,2,TRUE,1786467574,171.7532667,172.4262667,29.36894,28.76754667,183.9797333,28.721,455.7613333,101.5921333,0.099998193,36.69203333,37.60236,999.9,0,0,4999.5,0,23.23402667,-0.673173067,176.9498667,177.5334667,0.6013902,172.4262667,28.76754667,2.983652667,2.922556667,23.93696,23.59313333,1499.963333,0.973001133,0.026998633,0,2.719333333,0,12807.40667,12843.58,47.05786667,48.8456,48.0914,47.1912,47,1459.464667,40.49866667,0,1786467579,0,1786463468,23:51:08,1786463468,1786463468,2,0.076,1.088,-12.227,0.648,173,28,0.2,0.1,-0.692372667,0.771695299,0.184126422,0,0.588636905,0.225700753,0.024051928,0,0,2,0/2,3.02875,2.75941,0.0474077,0.0451541,0.129108,0.123888,33380.3,24044.3,33201.4,25483.7,36985,30195.5,48553.7,39857.4,1.73412,2.55928,0.269458,0,33.2771,999.9,56.348,37.796,36.5204,29.4138,-100,3,0.627846,0,20.2468,5.20306,11.9616,4.969,3.2947,150,9999,7167.5,9999,4.97376,1.87304,1.87101,1.87241,1.87286,1.87363,1.87332,1.87768,0,0,0,0,11111111,oooooooo,on,on,on,on,0,100,100,-12.227,0.6479,-12.2266,0,0,0,0.64793,0,0,0,-1,-1,-1,-1,68.6,68.6,0.152588,4.99756,2.64526,2.69531,2.8479,2.2644,40.1206,14.5348,2,389.178,1193.34,34.9407,35.3245,29.9995,35.2975,35.2088,-1,40,10,-999.9,400,20,100.852,93.507
74,1786467702,9308,20260812 01:01:42,01:01:42,15,,1786467694,0.000418982,0.418982094,-0.167470152,169.3503927,182.1813733,18.52664065,17.22181479,0.011747071,1.391658198,0.011692261,0.007312566,287.4342133,39.59635161,37.47568,6.470434512,48.74607135,2.995949512,6.146032756,3.474485,-18.47711034,-70.70451679,-12.09847762,186.1541086,0.267251508,0.475109566,-0.167470152,175.310846,175.0392667,0.09457553,60.79263718,0.418982094,28.82901787,29.40851939,-0.007027076,69.65,53,12,1.00422978,0.422977992,25166.4055,1500.025333,1261.23598,0.840809786,0.191619573,6,0.5,0: Broadleaf,2,TRUE,1786467694,169.3464,169.8040667,29.46061333,28.85435333,181.573,28.81268,454.3708,101.5935333,0.099852273,36.53329333,37.47568,999.9,0,0,5006.084,0,23.80672667,-0.457654465,174.4869333,174.8494,0.6062622,169.8040667,28.85435333,2.993011333,2.931418,23.98907333,23.6434,1500.025333,0.973006,0.0269936,0,2.98,0,12619.24667,12844.12667,46.875,48.687,47.90393333,47.00413333,46.875,1459.535333,40.49,0,1786467699,0,1786463468,23:51:08,1786463468,1786463468,2,0.076,1.088,-12.227,0.648,173,28,0.2,0.1,-0.332607205,-2.333991412,0.404718186,0,0.591175714,0.114852234,0.030195654,0,0,2,0/2,3.02627,2.7594,0.046866,0.0445895,0.129345,0.124271,33412.9,24064.5,33214.2,25489.3,36983.5,30188.9,48570.8,39866.1,1.73048,2.5635,0.272535,0,33.0576,999.9,56.721,37.776,36.72,29.0238,-100,3,0.61325,0,20.2468,5.20441,11.9602,4.96935,3.29475,150,9999,7167.5,9999,4.97373,1.87304,1.871,1.87239,1.87287,1.87363,1.87332,1.87768,0,0,0,0,11111111,oooooooo,on,on,on,on,0,100,100,-12.227,0.6479,-12.2266,0,0,0,0.64793,0,0,0,-1,-1,-1,-1,70.6,70.6,0.152588,4.99756,2.64526,2.69531,2.8479,2.27783,40.07,14.5085,2,386.378,1196.85,34.7999,35.1644,29.9996,35.1585,35.0796,-1,40,10,-999.9,400,20,100.889,93.5273
75,1786467822,9428,20260812 01:03:42,01:03:42,15,,1786467814,0.000440609,0.440608514,-0.136824709,170.8189298,178.4533382,18.14807486,17.37168246,0.012603272,1.390763398,0.012540163,0.007843246,287.4369144,39.37320452,37.24204,6.388652885,49.06200631,2.980055778,6.074060158,3.408597107,-19.43083546,-69.25545183,-11.83242834,186.9181988,-0.019297578,0.338934541,-0.136824709,175.9581261,176.1110545,0.006487791,60.80192132,0.440608514,28.74912338,29.31686303,0.000221305,69.65,53,12,1.004231164,0.423116436,25158.20574,1500.039333,1261.247761,0.840809792,0.191619585,6,0.5,0: Broadleaf,2,TRUE,1786467814,170.8156667,170.8671333,29.30343333,28.86756,183.0423333,28.65552,450.9216667,101.5964667,0.100005013,36.31837333,37.24204,999.9,0,0,5001.541333,0,25.18114,-0.051495341,175.9721333,175.9464,0.435896067,170.8671333,28.86756,2.977126667,2.932842667,23.90053333,23.65137333,1500.039333,0.973004733,0.026994913,0,3.139333333,0,12442.54,12844.23333,46.65393333,48.4412,47.687,46.8162,46.625,1459.548,40.49066667,0,1786467819,0,1786463468,23:51:08,1786463468,1786463468,2,0.076,1.088,-12.227,0.648,173,28,0.2,0.1,-0.013482177,0.116966126,0.234110638,0,0.446511143,0.36109387,0.101768998,0,0,2,0/2,3.02452,2.75949,0.0471283,0.0447455,0.129057,0.123708,33416.1,24067.6,33225.7,25496,37003,30216.2,48585.9,39876,1.72785,2.56922,0.27217,0,32.8472,999.9,56.599,37.746,36.5798,29.3238,-100,3,0.599065,0,20.2464,5.20082,11.9587,4.9688,3.2947,150,9999,7167.5,9999,4.9738,1.87305,1.87099,1.8724,1.87288,1.87363,1.87332,1.87771,0,0,0,0,11111111,oooooooo,on,on,on,on,0,100,100,-12.227,0.6479,-12.2266,0,0,0,0.64793,0,0,0,-1,-1,-1,-1,72.6,72.6,0.152588,4.99756,2.64526,2.69531,2.8479,2.27051,40.0194,14.4823,2,384.098,1202.24,34.597,34.9993,29.9996,35.0109,34.9372,-1,40,10,-999.9,400,20,100.922,93.5511
76,1786467942,9548,20260812 01:05:42,01:05:42,15,,1786467934,0.000376024,0.376024273,-0.066957267,170.751466,171.165214,17.4068474,17.36477081,0.010372561,1.390040106,0.010329753,0.006459927,287.42522,39.63226199,37.57172667,6.504316607,48.37328435,2.974897841,6.149877728,3.529418766,-16.58267046,-76.96421712,-13.19178829,180.6865441,0.488018537,0.355501526,-0.066957267,176.6058813,176.3790667,0.05970469,60.80192132,0.376024273,28.79669841,29.28331636,0.000161976,69.65,53,12,1.004237768,0.423776827,25119.16569,1499.978,1261.19622,0.840809812,0.191619624,6,0.5,0: Broadleaf,2,TRUE,1786467934,170.7498667,171.4801333,29.2528,28.79379333,182.9768,28.60488,449.1463333,101.5962,0.099974073,36.54471333,37.57172667,999.9,0,0,4998,0,30.48614667,-0.730123467,175.8956,176.5641333,0.459009933,171.4801333,28.79379333,2.971974667,2.925342,23.87172667,23.60896,1499.978,0.973005333,0.026994293,0,2.13,0,12270.84,12843.72,46.68286667,48.437,47.625,46.9622,46.625,1459.488,40.49,0,1786467939,0,1786463468,23:51:08,1786463468,1786463468,2,0.076,1.088,-12.227,0.648,173,28,0.2,0.1,-0.706986571,-1.927526182,0.430563051,0,0.460584143,0.047050753,0.018639164,1,1,2,1/2,3.02204,2.75943,0.0472447,0.0454157,0.129016,0.124158,33419.4,24054.1,33232.4,25499,37009,30204.3,48595.2,39880.6,1.72392,2.57407,0.27287,0,33.1956,999.9,56.599,37.736,36.561,29.1738,-100,3,0.589738,0,20.2464,5.20486,11.9599,4.96945,3.2945,150.1,9999,7167.5,9999,4.97374,1.87307,1.87101,1.87239,1.87286,1.87363,1.87332,1.8777,0,0,0,0,11111111,oooooooo,on,on,on,on,0,100,100,-12.226,0.6479,-12.2266,0,0,0,0.64793,0,0,0,-1,-1,-1,-1,74.6,74.6,0.152588,4.99756,2.64526,2.69531,2.8479,2.24854,39.9689,14.456,2,381.32,1206.99,34.5883,34.8938,29.9999,34.8957,34.8265,-1,40,10,-999.9,400,20,100.942,93.5619
77,1786468515,10121,20260812 01:15:15,01:15:15,15,,1786468511,0.002699422,2.699421824,2.017495307,168.0085248,121.7874164,12.384079,17.08412006,0.085819031,1.391134501,0.082982624,0.05211117,287.4288125,38.27065266,36.4984125,6.134301733,48.88253529,2.974615109,6.085230833,3.159686623,-119.0445024,-10.99014299,-1.87073494,155.5234321,-0.078551531,0.696846151,2.017495307,172.9067956,172.0283515,-0.347916261,60.73363496,2.699421824,28.38374377,30.34897203,0.22221252,74.05,47,10,1.003749181,0.374918102,25166.14226,1499.99375,1261.20975,0.840810003,0.191620007,6,0.5,0: Broadleaf,2,TRUE,1786468511,168.056625,168.106375,29.2529375,28.39005,180.229625,28.6050125,468.560625,101.595,0.091030988,36.351875,36.4984125,999.9,0,0,5003.4375,0,56.891775,-0.049797663,173.1205,173.018375,0.862908525,168.106375,28.39005,2.9719525,2.88428375,23.8677375,23.3745625,1499.99375,0.973000375,0.02699945,0,1.5075,0,23229.7125,12843.85,46.562,48.187,47.5155,46.812,46.562,1459.49375,40.5,0,1786468512,0,1786468507,01:15:07,1786468488,1786463468,4,-0.004,1.088,-12.173,0.648,168,28,0.31,0.1,0.06966561,-0.30243173,0.337612657,0,0.21931679,3.772048551,0.53330745,0,0,2,0/2,3.06104,2.74556,0.0462326,0.0441039,0.131644,0.122978,33457.4,24089.8,33234.7,25501.7,36896.6,30247.6,48598.6,39883.9,1.82362,2.54425,0.18581,0,33.4829,999.9,55.939,37.625,35.9155,28.4238,-100,3,0.587022,0,20.2471,5.20112,11.9608,4.9692,3.2945,150.2,9999,7167.5,9999,4.97379,1.87304,1.87095,1.87241,1.8729,1.87364,1.87332,1.8777,0,0,0,0,11111111,oooooooo,on,on,on,on,0,100,100,-12.173,0.6479,-12.1731,0,0,0,0.64793,0,0,0,-1,-1,-1,-1,0.5,84.1,0.152588,4.99756,2.64526,2.69409,2.8479,2.28027,39.7171,14.386,2,436.823,1162.74,34.562,34.8482,30.0005,34.7922,34.7136,-1,40,10,-999.9,400,20,100.949,93.5706
78,1786468640,10246.1,20260812 01:17:20,01:17:20,15,,1786468632,0.00135269,1.352689937,1.027449162,167.348993,120.2961049,12.23523294,17.02094938,0.042151619,1.390554499,0.041454435,0.025970701,287.4292875,38.87727331,36.7607125,6.222996411,50.40905778,3.055526716,6.061463654,3.167469695,-59.65362622,-35.99802347,-6.135795522,185.6418423,3.660769282,1.359279644,1.027449162,180.6999014,176.027503,0.604022774,60.80299541,1.352689937,28.43152829,30.12254424,0.01184303,69.65,39,9,1.003110443,0.311044262,25154.81687,1499.99625,1261.21185,0.840810002,0.191620004,6,0.5,0: Broadleaf,2,TRUE,1786468632,167.3735,172.586375,30.0417625,28.2746625,179.5465625,29.39385625,446.2326875,101.6093125,0.099990194,36.28053125,36.7607125,999.9,0,0,4999.8825,0,33.8491625,-5.212973125,172.5573125,177.6085625,1.767118125,172.586375,28.2746625,3.052521875,2.872968125,24.31719375,23.3092875,1499.99625,0.97299875,0.027001156,0,2.4075,0,22289.075,12843.8625,46.527125,48.152125,47.492125,46.625,46.5,1459.49625,40.5,0,1786468637,0,1786468507,01:15:07,1786468488,1786463468,4,-0.004,1.088,-12.173,0.648,168,28,0.31,0.1,-4.651585238,-12.99123344,2.000480971,0,1.829397143,-1.369820963,0.136017142,0,0,2,0/2,3.01888,2.75926,0.047167,0.0461504,0.13197,0.12334,33417.1,24033.4,33227.6,25496.9,36877.1,30229,48587.9,39875.7,1.74673,2.5734,0.208426,0,33.4129,999.9,55.787,37.595,35.7569,29.0274,-100,3,0.595412,0,20.2465,5.20486,11.962,4.96835,3.29465,150.2,9999,7167.5,9999,4.97376,1.87304,1.87098,1.87239,1.87286,1.87364,1.87331,1.87764,0,0,0,0,11111111,oooooooo,on,on,on,on,0,100,100,-12.173,0.648,-12.1731,0,0,0,0.64793,0,0,0,-1,-1,-1,-1,2.5,86.2,0.152588,4.99756,2.64526,2.69531,2.8479,2.27783,39.6418,14.3597,2,393.468,1204.93,34.5415,34.9359,30.0002,34.8622,34.7707,-1,40,10,-999.9,400,20,100.927,93.5519
79,1786468760,10366.1,20260812 01:19:20,01:19:20,15,,1786468752,0.001235804,1.235804486,1.138628558,166.8988428,110.58921,11.24777762,16.97490261,0.037704879,1.390757549,0.037146063,0.023265807,287.43478,38.98834103,36.88332667,6.264837916,49.93977512,3.035856433,6.07903505,3.228981483,-54.49897781,-41.24018598,-7.034262644,184.6613536,2.373723448,1.384755082,1.138628558,178.5455833,174.2762061,0.500740625,60.80299541,1.235804486,28.18929461,29.81497091,-0.002210814,69.65,39,9,1.003110248,0.311024759,25156.38933,1500.022,1261.23378,0.840810188,0.191620376,6,0.5,0: Broadleaf,2,TRUE,1786468752,166.926,170.4184667,29.84882667,28.04831333,179.0991333,29.20090667,446.2488,101.6077333,0.099997667,36.3333,36.88332667,999.9,0,0,5000.958,0,30.26692,-3.492390667,172.0619333,175.3366,1.800496,170.4184667,28.04831333,3.032876,2.84993,24.2095,23.17603333,1500.022,0.972995667,0.02700434,0,2.692666667,0,22035.62667,12844.05333,46.5746,48.26653333,47.52066667,46.75,46.6166,1459.512,40.51,0,1786468757,0,1786468507,01:15:07,1786468488,1786463468,4,-0.004,1.088,-12.173,0.648,168,28,0.31,0.1,-2.647602762,-17.81796,2.051936789,0,1.876507619,-1.254014805,0.142450843,0,0,2,0/2,3.01915,2.75943,0.0468037,0.0452181,0.130894,0.122797,33429.2,24057.2,33227,25497.4,36923.3,30248,48587.1,39876.1,1.74745,2.57335,0.210475,0,33.4726,999.9,55.64,37.555,35.5806,28.9374,-100,3,0.59591,0,20.2466,5.20531,11.961,4.96925,3.29478,150.3,9999,7167.5,9999,4.97373,1.87302,1.87096,1.8724,1.87287,1.87363,1.87331,1.87765,0,0,0,0,11111111,oooooooo,on,on,on,on,0,100,100,-12.173,0.648,-12.1731,0,0,0,0.64793,0,0,0,-1,-1,-1,-1,4.5,88.2,0.153809,4.99756,2.64526,2.69531,2.8479,2.26074,39.5666,14.3597,2,393.961,1205.16,34.6021,34.9486,30,34.8781,34.7859,-1,40,10,-999.9,400,20,100.925,93.5532
80,1786468880,10486.1,20260812 01:21:20,01:21:20,15,,1786468872,0.001104069,1.10406862,0.676198412,164.9641343,125.5799416,12.77238953,16.77804715,0.034386495,1.389540149,0.033920656,0.021241738,287.42028,38.71656126,36.54830667,6.151087991,50.10587909,2.989418588,5.966203252,3.161669403,-48.68942614,-41.66554974,-7.089765283,189.9755388,0.408463532,1.14645723,0.676198412,170.1517925,169.5914,-0.06939719,60.80299541,1.10406862,27.95180496,29.38966727,3.48489E-05,69.65,39,9,1.00311112,0.31111199,25149.35777,1499.952,1261.17438,0.840809826,0.191619652,6,0.5,0: Broadleaf,2,TRUE,1786468872,164.9802667,165.7805333,29.39238667,27.90387333,177.1532667,28.74444,447.1056,101.6072667,0.09997548,35.99212,36.54830667,999.9,0,0,4994.999333,0,77.82182,-0.800436333,169.9762667,170.5394667,1.488520667,165.7805333,27.90387333,2.986477333,2.835233333,23.95272,23.09065333,1499.952,0.973005467,0.02699432,0,3.264666667,0,21862.07333,12843.50667,46.4958,48.187,47.4916,46.47886667,46.5,1459.462,40.49,0,1786468877,0,1786468507,01:15:07,1786468488,1786463468,4,-0.004,1.088,-12.173,0.648,168,28,0.31,0.1,-0.95704525,2.794714331,0.360869582,0,1.5110205,-0.558250376,0.055881395,0,0,2,0/2,3.01951,2.75934,0.0456676,0.0436774,0.129408,0.121513,33474.6,24100.8,33232.2,25502.1,36990.4,30297.3,48594.3,39882.7,1.74872,2.57453,0.214063,0,33.0577,999.9,55.079,37.514,35.1471,29.1174,-100,3,0.589103,0,20.2473,5.20471,11.9616,4.9698,3.29443,150.3,9999,7167.5,9999,4.97375,1.87303,1.87098,1.87241,1.87287,1.87364,1.87332,1.87772,0,0,0,0,11111111,oooooooo,on,on,on,on,0,100,100,-12.173,0.6479,-12.1731,0,0,0,0.64793,0,0,0,-1,-1,-1,-1,6.5,90.2,0.152588,4.99756,2.64526,2.69531,2.8479,2.28027,39.4666,14.3247,2,394.36,1205.94,34.478,34.8699,29.9997,34.8281,34.7396,-1,40,10,-999.9,400,20,100.94,93.5695
81,1786469000,10606.1,20260812 01:23:20,01:23:20,15,,1786468992,0.000960456,0.960455995,0.575933764,166.0547461,128.341465,13.05288614,16.88849113,0.030752208,1.389952596,0.030379167,0.019020118,287.42084,38.49198517,36.27591333,6.059928041,50.89993139,2.987502422,5.86936434,3.072425619,-42.35610938,-43.54579991,-7.387059027,194.1318717,0.708851411,0.937829062,0.575933764,171.6253359,171.1001879,-0.050635373,60.80299541,0.960455995,28.15292052,29.39806242,0.001857425,69.65,38,9,1.003026743,0.302674269,25185.5015,1499.952,1261.17466,0.840810013,0.191620025,6,0.5,0: Broadleaf,2,TRUE,1786468992,166.0684667,167.2310667,29.37438,28.15112667,178.2415333,28.72644667,445.1004,101.6044,0.099956733,35.6948,36.27591333,999.9,0,0,4997.166667,0,196.7893333,-1.162634387,171.0942667,172.0753333,1.223258,167.2310667,28.15112667,2.984565333,2.860276667,23.94205333,23.23613333,1499.952,0.973001733,0.026998133,0,2.818,0,21696.13333,12843.48,46.312,48,47.3288,46.25413333,46.25,1459.452667,40.49933333,0,1786468997,0,1786468507,01:15:07,1786468488,1786463468,4,-0.004,1.088,-12.173,0.648,168,28,0.31,0.1,-1.31608429,5.818721856,0.677839807,0,1.2457865,-0.347370677,0.047560332,0,0,2,0/2,3.01834,2.75937,0.0460086,0.0436095,0.129475,0.122563,33470.2,24105,33239.2,25504.2,36991.6,30264,48603.7,39886.4,1.7475,2.57812,0.221767,0,32.6943,999.9,55.775,37.474,35.5138,29.2974,-100,3,0.57986,0,20.2468,5.20381,11.9607,4.96925,3.29448,150.3,9999,7167.5,9999,4.97372,1.87303,1.87094,1.87238,1.87287,1.87363,1.8733,1.87767,0,0,0,0,11111111,oooooooo,on,on,on,on,0,100,100,-12.173,0.6479,-12.1731,0,0,0,0.64793,0,0,0,-1,-1,-1,-1,8.5,92.2,0.152588,4.99756,2.64526,2.69531,2.8479,2.27539,39.3169,14.3334,2,393.192,1209.71,34.2162,34.7564,29.9999,34.7457,34.6692,-1,40,10,-999.9,400,20,100.961,93.5777
82,1786469120,10726.1,20260812 01:25:20,01:25:20,15,,1786469112,0.000928925,0.928924643,0.651795324,164.3793054,121.7948109,12.38652368,16.71736377,0.02978337,1.391857833,0.029433792,0.018427186,287.4243,38.51176039,36.28932,6.064387143,51.0544301,2.997757293,5.871688876,3.06662985,-40.96557677,-44.07222441,-7.466873666,194.9196252,-0.188804814,0.792581757,0.651795324,168.7462928,168.4577333,-0.114107915,60.81455127,0.928924643,28.40295506,29.55717333,0.010551976,69.65,38,9,1.00302023,0.302023006,25239.64597,1499.97,1261.1898,0.840810016,0.191620032,6,0.5,0: Broadleaf,2,TRUE,1786469112,164.3948,164.3164,29.47649333,28.43887333,176.5679333,28.82856667,443.4182,101.5999333,0.09999612,35.70198667,36.28932,999.9,0,0,5006.75,0,33.67228,0.0784575,169.3877333,169.1261333,1.037627133,164.3164,28.43887333,2.994811333,2.889388667,23.99905333,23.40380667,1499.97,0.972999667,0.027000293,0,2.799,0,21521.65333,12843.63333,46.25,47.90393333,47.25,46.312,46.187,1459.47,40.5,0,1786469117,0,1786468507,01:15:07,1786468488,1786463468,4,-0.004,1.088,-12.173,0.648,168,28,0.31,0.1,-0.194127925,3.427573195,0.666558275,0,1.04134135,0.385470541,0.090970368,0,0,2,0/2,3.01634,2.7595,0.0454098,0.043184,0.130018,0.122693,33492.4,24115.1,33240.2,25503.3,36967.4,30258.6,48604.7,39885.3,1.74448,2.58013,0.226118,0,32.6545,999.9,56.123,37.414,35.6207,28.8774,-100,3,0.576532,0,20.2467,5.20411,11.9581,4.96805,3.2942,150.4,9999,7167.5,9999,4.97375,1.87302,1.87091,1.8724,1.87288,1.87364,1.87332,1.87772,0,0,0,0,11111111,oooooooo,on,on,on,on,0,100,100,-12.173,0.648,-12.1731,0,0,0,0.64793,0,0,0,-1,-1,-1,-1,10.5,94.2,0.152588,4.99756,2.64526,2.69409,2.8479,2.25586,39.2173,14.2896,2,391.255,1211.66,34.0855,34.7073,30.0002,34.6982,34.6224,-1,40,10,-999.9,400,20,100.963,93.5749
83,1786469240,10846.1,20260812 01:27:20,01:27:20,15,,1786469232,0.000844583,0.844583096,0.530998326,164.6571068,125.242746,12.73746235,16.74598942,0.026767725,1.391506511,0.026484922,0.016578236,287.4312667,38.51757657,36.30078667,6.068203255,50.6707367,2.969097311,5.859589784,3.099105943,-37.24611456,-47.72952418,-8.087529828,194.3680981,0.280438855,0.903944326,0.530998326,169.6400967,169.2916848,-0.071190411,60.80866876,0.844583096,28.17400003,29.22864242,0.006634684,69.65,40,9,1.003180591,0.318059082,25232.55958,1500.006667,1261.2206,0.840809996,0.191619993,6,0.5,0: Broadleaf,2,TRUE,1786469232,164.6697333,165.2420667,29.19403333,28.02547333,176.8428,28.54608,449.111,101.6021333,0.100063053,35.66455333,36.30078667,999.9,0,0,5004.914667,0,36.44087333,-0.572244653,169.6218,170.0063333,1.168542,165.2420667,28.02547333,2.966175333,2.847446667,23.83922667,23.1616,1500.006667,0.972997733,0.027002273,0,2.001666667,0,21315.9,12843.92667,46.25,47.937,47.25,46.312,46.187,1459.506667,40.5,0,1786469237,0,1786468507,01:15:07,1786468488,1786463468,4,-0.004,1.088,-12.173,0.648,168,28,0.31,0.1,-0.69660149,4.162096917,0.435430763,0,1.2246745,-1.467080571,0.14213773,0,0,2,0/2,3.02281,2.75955,0.0456007,0.0432379,0.128939,0.122679,33486.6,24114.2,33241,25503.7,37014.9,30259.2,48606.2,39885.4,1.75592,2.5775,0.222571,0,32.7159,999.9,55.848,37.373,35.3694,29.2374,-100,3,0.575958,0,20.2466,5.20441,11.9599,4.96885,3.29433,150.4,9999,7167.5,9999,4.97372,1.87302,1.87089,1.8724,1.87286,1.87363,1.87332,1.87765,0,0,0,0,11111111,oooooooo,on,on,on,on,0,100,100,-12.173,0.6479,-12.1731,0,0,0,0.64793,0,0,0,-1,-1,-1,-1,12.5,96.2,0.152588,4.99756,2.64526,2.69531,2.8479,2.27295,39.1676,14.2896,2,397.41,1207.52,34.0495,34.6946,29.9999,34.6783,34.6033,-1,40,10,-999.9,400,20,100.966,93.5754
84,1786469360,10966.1,20260812 01:29:20,01:29:20,15,,1786469352,0.000929203,0.929203223,0.519621864,165.1386246,128.5484542,13.07325873,16.79444517,0.028972512,1.390221435,0.028641212,0.017930208,287.4317867,38.51355172,36.41358,6.105852227,50.30165322,2.95339602,5.87136969,3.152456206,-40.97786214,-53.40759881,-9.064583076,183.9817426,0.5026537,0.993374946,0.519621864,170.8697747,170.1272364,0.004913665,60.80866876,0.929203223,27.7425815,28.99090545,-0.006392747,69.65,39,9,1.003105726,0.310572606,25192.9002,1500.006667,1261.22086,0.84081017,0.191620339,6,0.5,0: Broadleaf,2,TRUE,1786469352,165.151,166.0422667,29.04054,27.75225333,177.324,28.39261333,447.7813333,101.5990667,0.100007127,35.701,36.41358,999.9,0,0,4998.75,0,32.09251333,-0.891237933,170.0905333,170.7818667,1.288288667,166.0422667,27.75225333,2.950495333,2.819604667,23.75113333,22.99932,1500.006667,0.9729964,0.027003633,0,2.826,0,21085.98,12843.93333,46.25,47.93286667,47.25,46.375,46.187,1459.498,40.50866667,0,1786469357,0,1786468507,01:15:07,1786468488,1786463468,4,-0.004,1.088,-12.173,0.648,168,28,0.31,0.1,-0.72148702,-2.887394851,0.335477322,0,1.256004,0.348839098,0.069091536,0,0,2,0/2,3.02196,2.75953,0.0458271,0.043693,0.12806,0.121188,33478.6,24104.4,33240.9,25505.4,37052.7,30312.7,48605.9,39887.5,1.7549,2.58,0.227563,0,32.7461,999.9,55.274,37.333,34.929,29.0274,-100,3,0.575722,0,20.2469,5.20471,11.9614,4.9692,3.29428,150.4,9999,7167.5,9999,4.97374,1.87303,1.87089,1.87238,1.87286,1.87363,1.87332,1.87767,0,0,0,0,11111111,oooooooo,on,on,on,on,0,100,100,-12.173,0.6479,-12.1731,0,0,0,0.64793,0,0,0,-1,-1,-1,-1,14.5,98.2,0.152588,4.99756,2.64526,2.69409,2.8479,2.26318,39.0931,14.2634,2,396.749,1210.72,34.0102,34.6884,30,34.6625,34.5845,-1,40,10,-999.9,400,20,100.965,93.5811
85,1786469480,11086.1,20260812 01:31:20,01:31:20,15,,1786469472,0.000683563,0.683563142,0.632109262,165.5398768,110.0579191,11.1926845,16.83509582,0.021096404,1.390161215,0.020920148,0.013090805,287.4318667,38.65918126,36.48830667,6.130906602,50.29180171,2.956396488,5.878485932,3.174510114,-30.14513455,-57.35795696,-9.740050212,190.188725,1.236084423,0.768275726,0.632109262,172.4505339,171.0243576,0.101815508,60.80866876,0.683563142,28.18900426,29.07611758,0.001133917,69.65,38,9,1.003026271,0.302627067,25189.41792,1500.006667,1261.2209,0.840810196,0.191620393,6,0.5,0: Broadleaf,2,TRUE,1786469472,165.5549333,167.3865333,29.07031333,28.06849333,177.7281333,28.42239333,445.3636667,101.5981333,0.099996113,35.72298667,36.48830667,999.9,0,0,4998.5,0,34.08782667,-1.831589067,170.5120667,172.2206667,1.001818533,167.3865333,28.06849333,2.953488667,2.851705333,23.76799333,23.18638,1500.006667,0.9729954,0.027004653,0,3.137666667,0,20827.02,12843.93333,46.312,47.9958,47.26653333,46.42046667,46.2374,1459.496667,40.51,0,1786469477,0,1786468507,01:15:07,1786468488,1786463468,4,-0.004,1.088,-12.173,0.648,168,28,0.31,0.1,-1.7441223,-6.143806466,1.030152897,0,1.0165389,-0.806595068,0.098867736,0,0,2,0/2,3.01803,2.75947,0.0461182,0.0448737,0.128397,0.122778,33467,24071.5,33239.5,25502,37037.1,30254.1,48604.2,39882.9,1.74762,2.5796,0.228129,0,32.8181,999.9,56.049,37.293,35.343,28.8774,-100,3,0.576997,0,20.2467,5.20351,11.9602,4.96915,3.29453,150.5,9999,7167.5,9999,4.9737,1.87302,1.87093,1.87239,1.87286,1.87363,1.87332,1.87766,0,0,0,0,11111111,oooooooo,on,on,on,on,0,100,100,-12.174,0.648,-12.1731,0,0,0,0.64793,0,0,0,-1,-1,-1,-1,16.5,100.2,0.153809,4.99756,2.64526,2.69531,2.8479,2.26562,39.0683,14.2721,2,392.778,1210.21,34.0185,34.6978,30.0001,34.6657,34.5876,-1,40,10,-999.9,400,20,100.962,93.5696
86,1786469600,11206.1,20260812 01:33:20,01:33:20,15,,1786469592,0.000569756,0.569756359,0.59527218,164.969991,103.124867,10.48776619,16.77739564,0.017479934,1.392447774,0.017358938,0.010860138,287.4213533,38.7102403,36.52674667,6.143829515,50.27601003,2.955158852,5.877870679,3.188670663,-25.12625545,-60.48060968,-10.25526797,191.5592202,1.575498253,0.643455558,0.59527218,173.6046694,171.2826667,0.27466347,60.81325532,0.569756359,28.32943824,29.07364182,0.000840793,69.65,38,9,1.003018389,0.301838938,25254.99134,1499.951333,1261.17442,0.840810226,0.191620453,6,0.5,0: Broadleaf,2,TRUE,1786469592,164.9841333,167.2559333,29.0577,28.21393333,177.1572,28.40976667,442.8868,101.5996,0.100082087,35.72108667,36.52674667,999.9,0,0,5009.666667,0,58.89000667,-2.271895867,169.9217333,172.1121333,0.843747333,167.2559333,28.21393333,2.952253333,2.866528667,23.76104,23.27218,1499.951333,0.9729934,0.027006707,0,2.375666667,0,20554.04667,12843.46,46.312,48.062,47.312,46.43286667,46.25,1459.441333,40.51,0,1786469597,0,1786468507,01:15:07,1786468488,1786463468,4,-0.004,1.088,-12.173,0.648,168,28,0.31,0.1,-1.7900326,-12.19088635,1.199070345,0,0.8236124,-0.177469444,0.100642799,0,0,2,0/2,3.01661,2.75952,0.0461528,0.0446217,0.12841,0.123228,33463.6,24074.9,33237.5,25499,37035.2,30235.2,48601.7,39878.7,1.7448,2.58133,0.229247,0,32.8495,999.9,56.318,37.263,35.4557,29.2374,-100,3,0.579507,0,20.2466,5.20501,11.9614,4.96955,3.29438,150.5,9999,7167.5,9999,4.97376,1.87304,1.87093,1.8724,1.87286,1.87363,1.87332,1.87773,0,0,0,0,11111111,oooooooo,on,on,on,on,0,100,100,-12.173,0.6479,-12.1731,0,0,0,0.64793,0,0,0,-1,-1,-1,-1,18.5,102.2,0.152588,4.99756,2.64526,2.69531,2.8479,2.2522,39.0436,14.2459,2,391.351,1213,34.0176,34.7199,30.0001,34.6846,34.6033,-1,40,10,-999.9,400,20,100.956,93.5592
87,1786469720,11326.1,20260812 01:35:20,01:35:20,15,,1786469712,0.000648978,0.648978063,0.087374369,170.0474542,154.0778789,15.66975434,17.29386368,0.019419632,1.391555356,0.019270322,0.01205727,287.4297133,38.85718848,36.76575333,6.224711776,49.7491183,2.954255822,5.938307898,3.270455954,-28.61993259,-64.43199301,-10.95483671,183.422951,0.529193664,0.636721307,0.087374369,174.8992553,175.2826727,-0.093426406,60.81325532,0.648978063,28.23244972,29.07453576,0.001142998,69.65,39,9,1.00310309,0.31030899,25214.23594,1499.995333,1261.21138,0.840810203,0.191620405,6,0.5,0: Broadleaf,2,TRUE,1786469712,170.0495333,170.9064,29.04866667,28.21818,182.2226,28.40074,445.225,101.6002,0.100021067,35.90690667,36.76575333,999.9,0,0,5005.25,0,75.00874667,-0.8569634,175.1369333,175.8692,0.830486,170.9064,28.21818,2.951348667,2.866971333,23.75597333,23.27483333,1499.995333,0.972994333,0.02700576,0,2.240333333,0,20272.83333,12843.82,46.4246,48.25,47.38326667,46.604,46.3246,1459.485333,40.51,0,1786469717,0,1786468507,01:15:07,1786468488,1786463468,4,-0.004,1.088,-12.173,0.648,168,28,0.31,0.1,-1.48330505,16.85376266,1.7315464,0,0.83718425,-0.026050602,0.035345354,1,1,2,1/2,3.01868,2.75941,0.0469356,0.0443289,0.128357,0.122268,33432.2,24081,33233.9,25498,37035.2,30267,48596.7,39876.8,1.74815,2.57857,0.231259,0,33.0651,999.9,56.123,37.242,35.2898,28.9075,-100,3,0.584101,0,20.2468,5.20486,11.9608,4.9695,3.29425,150.6,9999,7167.5,9999,4.97374,1.87302,1.8709,1.87238,1.87286,1.87363,1.87331,1.87767,0,0,0,0,11111111,oooooooo,on,on,on,on,0,100,100,-12.173,0.6479,-12.1731,0,0,0,0.64793,0,0,0,-1,-1,-1,-1,20.5,104.2,0.153809,4.99756,2.64648,2.69531,2.8479,2.29736,39.0436,14.2283,2,393.407,1209.73,34.0755,34.7704,30.0003,34.7224,34.6378,-1,40,10,-999.9,400,20,100.945,93.5551
88,1786469840,11446.1,20260812 01:37:20,01:37:20,15,,1786469832,0.000571778,0.571778453,0.250200381,167.6799044,135.4780596,13.77831588,17.05329037,0.016834272,1.390499841,0.016721863,0.010461201,287.4311067,38.96786511,36.85359333,6.254669187,49.22169555,2.934244295,5.961282443,3.320424892,-25.21542979,-65.70499665,-11.188326,185.3223542,0.117121512,0.600869215,0.250200381,172.8811927,172.5505576,-0.002889883,60.81325532,0.571778453,28.11712497,28.86252727,0.000223244,69.65,39,9,1.003107538,0.310753767,25178.2589,1500.002667,1261.21754,0.840810199,0.191620397,6,0.5,0: Broadleaf,2,TRUE,1786469832,167.6858667,167.9784,28.85154667,28.06926667,179.8590667,28.20362,446.1357333,101.6014667,0.099989033,35.97711333,36.85359333,999.9,0,0,5000,0,34.09336667,-0.292484601,172.6676667,172.8297333,0.7822756,167.9784,28.06926667,2.93136,2.851880667,23.64308667,23.18747333,1500.002667,0.972993333,0.027006787,0,2.435333333,0,19963.46667,12843.87333,46.52066667,48.3998,47.50413333,46.75,46.5,1459.492667,40.51,0,1786469837,0,1786468507,01:15:07,1786468488,1786463468,4,-0.004,1.088,-12.173,0.648,168,28,0.31,0.1,-0.384006751,0.827587897,0.289584155,0,0.80666655,-0.535682481,0.053804938,0,0,2,0/2,3.01943,2.75931,0.046374,0.0441902,0.127623,0.122277,33447.9,24082,33230.2,25495.7,37064.7,30263.8,48591.8,39873.2,1.74872,2.57717,0.228576,0,33.1832,999.9,55.915,37.202,35.0824,29.0875,-100,3,0.589141,0,20.247,5.20396,11.9595,4.96895,3.29438,150.6,9999,7167.5,9999,4.97373,1.87303,1.8709,1.87236,1.87286,1.87363,1.87332,1.87768,0,0,0,0,11111111,oooooooo,on,on,on,on,0,100,100,-12.173,0.6479,-12.1731,0,0,0,0.64793,0,0,0,-1,-1,-1,-1,22.5,106.2,0.153809,4.99756,2.64526,2.69531,2.8479,2.27783,39.0683,14.2021,2,394.009,1208.6,34.1721,34.8299,30,34.77,34.6818,-1,40,10,-999.9,400,20,100.935,93.5466
89,1786469960,11566.1,20260812 01:39:20,01:39:20,15,,1786469952,0.00050909,0.509089559,0.140024742,164.868137,141.5002584,14.39065741,16.76718406,0.01500359,1.392322202,0.014914346,0.00932944,287.4233267,38.97796209,36.86094,6.257180396,49.41297715,2.94272643,5.955371645,3.314453966,-22.45084954,-67.69670445,-11.51179308,185.7639796,0.346980766,0.531918788,0.140024742,170.5421112,170.0751333,0.051114282,60.81325532,0.509089559,28.25425117,28.91823152,-0.000378519,69.65,39,9,1.00310091,0.310091007,25231.9059,1499.964667,1261.18534,0.840810032,0.191620065,6,0.5,0: Broadleaf,2,TRUE,1786469952,164.8714667,165.4518,28.9352,28.24608667,177.0445333,28.28725333,448.3006667,101.6006,0.09997336,35.95907333,36.86094,999.9,0,0,5009,0,36.53875333,-0.580448467,169.7842,170.2611333,0.6891048,165.4518,28.24608667,2.939831333,2.869818,23.69099333,23.29126667,1499.964667,0.972997467,0.027002593,0,2.076666667,0,19632.58,12843.58667,46.5662,48.5,47.6208,46.75,46.562,1459.464,40.50066667,0,1786469957,0,1786468507,01:15:07,1786468488,1786463468,4,-0.004,1.088,-12.173,0.648,168,28,0.31,0.1,-0.52034995,-0.662491263,0.245777166,0,0.665275,0.306890346,0.048998758,0,0,2,0/2,3.02122,2.75948,0.0458043,0.0436201,0.127781,0.122401,33467.2,24096.1,33229.6,25495.4,37057.6,30259.3,48591.1,39873.1,1.75182,2.5781,0.227995,0,33.1705,999.9,56.135,37.192,35.2013,28.8775,-100,3,0.589848,0,20.2471,5.20501,11.9593,4.9692,3.29458,150.6,9999,7167.5,9999,4.97375,1.87302,1.87091,1.87235,1.87286,1.87363,1.87331,1.87771,0,0,0,0,11111111,oooooooo,on,on,on,on,0,100,100,-12.173,0.6479,-12.1731,0,0,0,0.64793,0,0,0,-1,-1,-1,-1,24.5,108.2,0.153809,4.99756,2.64526,2.69531,2.8479,2.26318,39.0683,14.1933,2,395.826,1210.29,34.209,34.8435,30.0002,34.7891,34.7007,-1,40,10,-999.9,400,20,100.933,93.5461
90,1786470080,11686.1,20260812 01:41:20,01:41:20,15,,1786470072,0.00057745,0.577450319,0.104216975,165.8386473,147.0053839,14.94947849,16.86469723,0.016621569,1.390062949,0.016511938,0.010329751,287.42946,39.13620929,37.07844,6.331923056,48.81705086,2.937618834,6.017608157,3.394304222,-25.46555905,-69.70968715,-11.8967918,180.357422,-0.263325822,0.69775759,0.104216975,170.3291772,170.3998485,-0.039877575,60.81325532,0.577450319,27.9906025,28.80790545,-0.010014985,69.65,39,9,1.003110775,0.311077454,25152.14117,1499.994,1261.21026,0.840810203,0.191620406,6,0.5,0: Broadleaf,2,TRUE,1786470072,165.8411333,165.6434,28.88701333,27.97718,178.0142,28.23908,445.4250667,101.5934,0.100008047,36.14824667,37.07844,999.9,0,0,4998.25,0,30.73342667,0.19779144,170.7744,170.4110667,0.909827333,165.6434,27.97718,2.934732667,2.842300667,23.66213333,23.13181333,1499.994,0.972993333,0.0270068,0,2.425,0,19299.36667,12843.82,46.687,48.5,47.65393333,46.91633333,46.625,1459.484,40.51,0,1786470077,0,1786468507,01:15:07,1786468488,1786463468,4,-0.004,1.088,-12.173,0.648,168,28,0.31,0.1,0.43717458,-4.90797452,0.554269978,0,0.87932575,0.107546571,0.087153218,0,0,2,0/2,3.01888,2.75961,0.0458887,0.0435485,0.127384,0.122016,33465.1,24098.9,33230.5,25496.6,37075.8,30273.6,48592.2,39874.4,1.7479,2.57545,0.235423,0,33.2872,999.9,55.915,37.162,35.0072,29.1475,-100,3,0.589413,0,20.2468,5.20261,11.9601,4.9689,3.29435,150.6,9999,7167.5,9999,4.97372,1.87302,1.87088,1.87235,1.87287,1.87363,1.87331,1.87767,0,0,0,0,11111111,oooooooo,on,on,on,on,0,100,100,-12.173,0.648,-12.1731,0,0,0,0.64793,0,0,0,-1,-1,-1,-1,26.5,110.2,0.153809,4.99756,2.64648,2.69531,2.8479,2.26929,39.0931,14.2021,2,393.71,1206.69,34.26,34.8531,30.0002,34.7954,34.7101,-1,40,10,-999.9,400,20,100.936,93.5496
91,1786470201,11807,20260812 01:43:21,01:43:21,15,,1786470193,0.000471045,0.471045057,0.005943654,167.1601082,157.2972536,15.99545051,16.99839747,0.01342228,1.39039402,0.013350709,0.008350592,287.4335688,39.29383106,37.19648125,6.372810812,48.73117238,2.949423049,6.052436059,3.423387763,-20.77308702,-70.69469669,-12.0750692,183.8907158,-0.840844577,0.483684875,0.005943654,171.0352957,171.3351939,-0.0570332,60.81325532,0.471045057,28.37319603,28.99300303,-0.000388883,69.65,38,9,1.00303064,0.303063989,25153.2123,1500.015625,1261.228425,0.840810192,0.191620383,6,0.5,0: Broadleaf,2,TRUE,1786470193,167.16025,166.1378125,29.00425625,28.37226875,179.3333125,28.3563125,444.49725,101.5893125,0.1000059,36.25336875,37.19648125,999.9,0,0,5000.078125,0,29.27124375,1.022506936,172.1534375,170.989125,0.631982625,166.1378125,28.37226875,2.946520625,2.882318125,23.72874375,23.36325625,1500.015625,0.972993688,0.027006425,0,3.1190625,0,18946.0625,12843.98125,46.812,48.5895625,47.75775,47.062,46.75,1459.505625,40.51,0,1786470198,0,1786468507,01:15:07,1786468488,1786463468,4,-0.004,1.088,-12.173,0.648,168,28,0.31,0.1,1.248541284,-5.127216569,0.780314952,0,0.656369571,-0.259300987,0.040149769,0,0,2,0/2,3.0177,2.75949,0.04607,0.0438489,0.12803,0.123254,33454.7,24087.6,33226.6,25492.7,37045.1,30226.8,48587.3,39869.2,1.74548,2.57665,0.233889,0,33.4396,999.9,56.477,37.152,35.3446,29.1574,-100,3,0.592881,0,20.2465,5.20471,11.9601,4.96945,3.29475,150.7,9999,7167.5,9999,4.97373,1.87303,1.87093,1.87238,1.87287,1.87363,1.87332,1.87766,0,0,0,0,11111111,oooooooo,on,on,on,on,0,100,100,-12.173,0.6479,-12.1731,0,0,0,0.64793,0,0,0,-1,-1,-1,-1,28.6,112.2,0.153809,4.99756,2.64526,2.69653,2.8479,2.26685,39.1676,14.1846,2,392.574,1209,34.3588,34.8887,30.0001,34.8272,34.7406,-1,40,10,-999.9,400,20,100.925,93.5366
92,1786470321,11927,20260812 01:45:21,01:45:21,15,,1786470313,0.000429738,0.429737531,-0.00451259,164.8317744,156.4148178,15.90452091,16.76037117,0.012315177,1.389368236,0.012254854,0.007664679,287.4365133,39.26122479,37.1296,6.34961608,48.83947404,2.9469736,6.033999461,3.40264248,-18.9514251,-69.79619217,-11.92332612,186.7655699,0.235781341,0.465511661,-0.00451259,170.1816872,170.0053333,0.034019045,60.81325532,0.429737531,28.39547576,28.96167333,-0.001096536,69.65,39,9,1.003113684,0.311368439,25128.7085,1500.031333,1261.2416,0.84081017,0.191620339,6,0.5,0: Broadleaf,2,TRUE,1786470313,164.8316667,165.2496667,28.98234667,28.37826667,177.0049333,28.33442,447.5318667,101.5816,0.100076573,36.19778667,37.1296,999.9,0,0,4995.416667,0,28.46220667,-0.417950333,169.7515333,170.0762667,0.6040906,165.2496667,28.37826667,2.944075333,2.882710667,23.71494,23.3655,1500.031333,0.972992867,0.027007253,0,2.792,0,18574.54667,12844.12,46.875,48.63326667,47.8708,47.062,46.812,1459.522,40.50933333,0,1786470318,0,1786468507,01:15:07,1786468488,1786463468,4,-0.004,1.088,-12.173,0.648,168,28,0.31,0.1,-0.43377675,0.934343323,0.192435785,0,0.5619616,0.49807615,0.084036091,0,0,2,0/2,3.02168,2.75949,0.0457754,0.0434952,0.127872,0.122812,33459.9,24093.1,33221.8,25489.5,37048.2,30238.1,48580.6,39864.2,1.75198,2.57412,0.231475,0,33.3677,999.9,56.318,37.132,35.2082,28.7975,-100,3,0.59846,0,20.2465,5.20456,11.9592,4.96945,3.29425,150.7,9999,7167.5,9999,4.97382,1.87304,1.87092,1.8724,1.87288,1.87364,1.87332,1.87767,0,0,0,0,11111111,oooooooo,on,on,on,on,0,100,100,-12.173,0.6479,-12.1731,0,0,0,0.64793,0,0,0,-1,-1,-1,-1,30.6,114.2,0.153809,4.99756,2.64526,2.69531,2.8479,2.26074,39.2422,14.1671,2,396.442,1206.27,34.4197,34.9422,30.0002,34.8771,34.7859,-1,40,10,-999.9,400,20,100.911,93.5248
93,1786470441,12047,20260812 01:47:21,01:47:21,15,,1786470433,0.000436368,0.436367984,-0.0028543,165.849468,157.3148636,15.99508781,16.86284909,0.012738663,1.390800928,0.012674197,0.007927138,287.4217744,39.10582453,36.94698667,6.286657761,49.20885677,2.94492277,5.984538076,3.341734991,-19.24382811,-67.4112919,-11.48553115,189.2811232,-0.1956628,0.518097713,-0.0028543,170.4194501,170.5855273,-0.030292906,60.8102712,0.436367984,28.29663829,28.90643697,-0.007078617,69.65,39,9,1.003107062,0.310706243,25182.09809,1499.957333,1261.179101,0.840809983,0.191619967,6,0.5,0: Broadleaf,2,TRUE,1786470433,165.8494,165.7035333,28.9639,28.2936,178.0224,28.31596667,448.8916667,101.5756667,0.099963,36.04794,36.94698667,999.9,0,0,5002.75,0,33.76648,0.145834243,170.7962667,170.5283333,0.670307867,165.7035333,28.2936,2.942028,2.873942,23.70338667,23.31504,1499.957333,0.973000733,0.0269992,0,2.828333333,0,18201.32,12843.53333,46.812,48.562,47.812,46.8874,46.75,1459.458667,40.498,0,1786470438,0,1786468507,01:15:07,1786468488,1786463468,4,-0.004,1.088,-12.173,0.648,168,28,0.31,0.1,0.201066432,-1.113988526,0.126027671,0,0.6549179,0.031072692,0.047469495,1,1,2,1/2,3.02148,2.75943,0.0458968,0.0436349,0.127677,0.122607,33455.5,24090.2,33221.7,25490,37056.9,30245.8,48580.9,39864.9,1.75178,2.57387,0.235811,0,33.121,999.9,56.245,37.132,35.1637,29.2175,-100,3,0.598216,0,20.2463,5.20456,11.959,4.9689,3.29438,150.7,9999,7167.5,9999,4.97377,1.87303,1.87093,1.87239,1.87287,1.87364,1.87332,1.87768,0,0,0,0,11111111,oooooooo,on,on,on,on,0,100,100,-12.173,0.6479,-12.1731,0,0,0,0.64793,0,0,0,-1,-1,-1,-1,32.5,116.2,0.153809,4.99756,2.64526,2.69653,2.8479,2.29004,39.2422,14.1408,2,396.38,1206.1,34.3661,34.9422,30.0001,34.885,34.7954,-1,40,10,-999.9,400,20,100.911,93.5267
94,1786470561,12167,20260812 01:49:21,01:49:21,15,,1786470553,0.000489515,0.489515127,0.00827545,166.1100693,156.2946446,15.89098542,16.8889516,0.014281584,1.390064835,0.014200567,0.008882595,287.4302445,39.08204875,36.95496,6.289395312,49.18445729,2.943703078,5.98502706,3.345692234,-21.58761708,-67.86173237,-11.56893059,186.4119645,0.108639511,0.575763641,0.00827545,171.451292,171.2500061,0.035745007,60.8102712,0.489515127,28.16910464,28.86816848,-0.011190463,69.65,40,9,1.003189663,0.318966337,25161.01663,1500.000667,1261.215619,0.840810039,0.191620078,6,0.5,0: Broadleaf,2,TRUE,1786470553,166.1102667,166.3809333,28.95258,28.21296667,178.2834667,28.30466,452.0712,101.5732667,0.099989333,36.04942667,36.95496,999.9,0,0,4999.25,0,51.51219333,-0.270560733,171.0630667,171.2113333,0.7396034,166.3809333,28.21296667,2.940808667,2.865685333,23.6965,23.26739333,1500.000667,0.9730008,0.026999147,0,3.176333333,0,17830.86,12843.9,46.812,48.4958,47.812,46.875,46.7122,1459.5,40.502,0,1786470558,0,1786468507,01:15:07,1786468488,1786463468,4,-0.004,1.088,-12.173,0.648,168,28,0.31,0.1,-0.18485567,-2.559371603,0.299927499,0,0.7113865,0.308218917,0.061169325,0,0,2,0/2,3.02522,2.75932,0.0460643,0.0438396,0.127522,0.122405,33448.7,24084.4,33220.8,25489.4,37062.7,30252,48579.5,39863.8,1.7584,2.57302,0.240941,0,33.0578,999.9,56.074,37.132,35.0567,28.7975,-100,3,0.599078,0,20.2465,5.20381,11.9593,4.96875,3.29433,150.8,9999,7167.5,9999,4.97372,1.87302,1.8709,1.87237,1.87286,1.87363,1.87331,1.87767,0,0,0,0,11111111,oooooooo,on,on,on,on,0,100,100,-12.173,0.648,-12.1731,0,0,0,0.64793,0,0,0,-1,-1,-1,-1,34.5,118.2,0.153809,4.99756,2.64526,2.69531,2.8479,2.26807,39.2173,14.1495,2,400.109,1205.13,34.3354,34.947,30.0001,34.8961,34.808,-1,40,10,-999.9,400,20,100.908,93.5241
95,1786470681,12287,20260812 01:51:21,01:51:21,15,,1786470673,0.000350659,0.350659499,-0.117739849,166.6798063,175.6741085,17.86110084,16.94663404,0.010303132,1.390270554,0.010260901,0.006416843,287.4315533,39.07443748,36.8673,6.259355053,49.36591314,2.94201419,5.959606544,3.317340863,-15.46408392,-67.10476385,-11.42904167,193.4336639,-0.635255339,0.347444966,-0.117739849,170.0110896,170.9131152,-0.139177913,60.8102712,0.350659499,28.48404608,28.93718424,-9.21938E-05,69.65,40,9,1.003188107,0.318810661,25173.26372,1500.011333,1261.22422,0.840809794,0.191619588,6,0.5,0: Broadleaf,2,TRUE,1786470673,166.677,165.9123333,28.93638667,28.48942667,178.8500667,28.28844667,451.4323333,101.5718,0.099988667,35.972,36.8673,999.9,0,0,5000.333333,0,48.35642,0.76468098,171.6437333,170.7777333,0.446965333,165.9123333,28.48942667,2.939122,2.893722667,23.68698667,23.4287,1500.011333,0.973006333,0.02699348,0,2.552,0,17459.44667,12844.01333,46.7458,48.437,47.75,46.79546667,46.687,1459.521333,40.49,0,1786470678,0,1786468507,01:15:07,1786468488,1786463468,4,-0.004,1.088,-12.173,0.648,168,28,0.31,0.1,0.426559435,6.412520558,0.68690694,0,0.44454325,0.127250301,0.035692618,0,0,2,0/2,3.02476,2.75941,0.0459496,0.0435025,0.127783,0.123021,33453.1,24092.3,33221.2,25488.7,37051.7,30230.2,48580.1,39863.2,1.75747,2.5731,0.241902,0,32.9487,999.9,56.361,37.122,35.2187,29.1275,-100,3,0.598636,0,20.2467,5.20411,11.9607,4.9677,3.29448,150.8,9999,7167.5,9999,4.97371,1.87302,1.87092,1.87241,1.87286,1.87363,1.87332,1.87769,0,0,0,0,11111111,oooooooo,on,on,on,on,0,100,100,-12.173,0.6479,-12.1731,0,0,0,0.64793,0,0,0,-1,-1,-1,-1,36.5,120.2,0.153809,4.99756,2.64526,2.69653,2.8479,2.25464,39.2173,14.1145,2,399.603,1205.3,34.2984,34.9422,30,34.8972,34.8112,-1,40,10,-999.9,400,20,100.909,93.5224
96,1786470801,12407,20260812 01:53:21,01:53:21,15,,1786470793,0.000304557,0.304556736,-0.035919293,165.5309889,163.0353124,16.57613476,16.8298753,0.009076856,1.390663146,0.00904407,0.00565548,287.4318067,39.01404448,36.79626,6.235101777,50.00085392,2.966248226,5.932395135,3.268853551,-13.43095207,-68.03539018,-11.57561238,194.389852,-0.121035752,0.312329881,-0.035919293,170.6162775,170.4941697,0.032042046,60.8102712,0.304556736,28.75681037,29.15425273,-0.000393212,69.65,39,9,1.003105928,0.310592787,25191.26832,1500.012667,1261.22534,0.840809793,0.191619586,6,0.5,0: Broadleaf,2,TRUE,1786470793,165.5301333,165.438,29.17466667,28.77085333,177.7031333,28.52672,449.0946667,101.5720667,0.099985307,35.8888,36.79626,999.9,0,0,5002.25,0,42.71898,0.091893507,170.5043333,170.3388667,0.4038128,165.438,28.77085333,2.96333,2.922314,23.82329333,23.59174,1500.012667,0.9730056,0.026994253,0,2.915666667,0,17094.18667,12844.00667,46.687,48.3708,47.687,46.7374,46.5956,1459.522667,40.49,0,1786470798,0,1786468507,01:15:07,1786468488,1786463468,4,-0.004,1.088,-12.173,0.648,168,28,0.31,0.1,0.228844791,-2.096021215,0.403096746,0,0.370418905,0.514879403,0.070818027,0,0,2,0/2,3.02201,2.75927,0.0458712,0.0435974,0.128545,0.124211,33456.4,24088,33221.6,25486.6,37019.2,30186.9,48581.2,39860.5,1.75265,2.5732,0.243165,0,32.8619,999.9,57.063,37.122,35.6566,29.3375,-100,3,0.59717,0,20.2466,5.20067,11.9592,4.96825,3.29438,150.9,9999,7167.5,9999,4.97373,1.87302,1.87089,1.87238,1.87286,1.87363,1.87332,1.87765,0,0,0,0,11111111,oooooooo,on,on,on,on,0,100,100,-12.173,0.648,-12.1731,0,0,0,0.64793,0,0,0,-1,-1,-1,-1,38.5,122.2,0.152588,4.99756,2.64526,2.69531,2.8479,2.2583,39.1676,14.1233,2,396.893,1205.32,34.2264,34.9231,30.0001,34.89,34.8049,-1,40,10,-999.9,400,20,100.911,93.5156
97,1786470921,12527,20260812 01:55:21,01:55:21,15,,1786470913,0.000377749,0.37774947,-0.096833127,166.3554366,171.0442276,17.39002017,16.91331207,0.011341152,1.391402541,0.011290046,0.007060851,287.4241067,38.82796106,36.65966667,6.188697585,49.9595319,2.939679206,5.884120796,3.249018379,-16.65875164,-68.95872081,-11.71027587,190.0963584,-0.110179618,0.360526193,-0.096833127,171.2265273,171.3443152,0.002734775,60.8102712,0.37774947,28.36115311,28.88458121,-0.005958825,69.65,40,9,1.003181593,0.318159278,25224.63841,1499.970667,1261.1902,0.840809909,0.191619818,6,0.5,0: Broadleaf,2,TRUE,1786470913,166.3531333,166.2869333,28.91400667,28.45064667,178.5262,28.26607333,451.8627333,101.5697333,0.099995107,35.74038,36.65966667,999.9,0,0,5006,0,62.58297333,0.066377759,171.3064667,171.1563333,0.4633556,166.2869333,28.45064667,2.936785333,2.889721333,23.67377333,23.40571333,1499.970667,0.973002733,0.026997133,0,3.237,0,16733.00667,12843.64667,46.562,48.25,47.583,46.562,46.5,1459.476,40.49466667,0,1786470918,0,1786468507,01:15:07,1786468488,1786463468,4,-0.004,1.088,-12.173,0.648,168,28,0.31,0.1,0.062442014,-0.082519518,0.173546993,1,0.44386025,0.654924135,0.080729036,0,1,2,1/2,3.02473,2.75945,0.0460665,0.0437139,0.127591,0.12297,33449.6,24086.8,33221.6,25488.4,37059.8,30231.5,48580.9,39862.6,1.75782,2.57157,0.241615,0,32.7515,999.9,56.44,37.101,35.2305,29.0975,-100,3,0.596552,0,20.2467,5.20471,11.9592,4.9694,3.29443,150.9,9999,7167.5,9999,4.97374,1.87302,1.8709,1.87236,1.87286,1.87363,1.8733,1.87767,0,0,0,0,11111111,oooooooo,on,on,on,on,0,100,100,-12.173,0.648,-12.1731,0,0,0,0.64793,0,0,0,-1,-1,-1,-1,40.5,124.2,0.152588,4.99756,2.64648,2.69653,2.8479,2.22778,39.118,14.0883,2,399.7,1202.88,34.1433,34.9104,30.0001,34.8813,34.7985,-1,40,10,-999.9,400,20,100.911,93.521
98,1786471041,12647,20260812 01:57:21,01:57:21,15,,1786471033,0.000299817,0.299816546,-0.116556687,167.3218419,178.7763864,18.17549384,17.01095524,0.009061791,1.390247037,0.009029104,0.005646117,287.42316,38.77854514,36.57488667,6.160046769,50.13429555,2.935172838,5.854620685,3.224873932,-13.22190966,-69.3841378,-11.78224618,193.0348664,-0.206172209,0.319904135,-0.116556687,171.9454808,172.1634121,-0.011165749,60.8102712,0.299816546,28.50172048,28.88126545,0.000925323,69.65,40,9,1.003184822,0.318482204,25199.14295,1499.964,1261.18476,0.840810019,0.191620039,6,0.5,0: Broadleaf,2,TRUE,1786471033,167.3190667,167.118,28.87072,28.46108667,179.4922,28.22278667,453.5558667,101.5660667,0.10001016,35.64916,36.57488667,999.9,0,0,5000.5,0,32.58220667,0.201038613,172.2932,172.0135333,0.409632133,167.118,28.46108667,2.932278667,2.890674,23.64828,23.41118667,1499.964,0.973000667,0.026999287,0,2.547,0,16384.07333,12843.57333,46.4622,48.104,47.4748,46.4412,46.3708,1459.464,40.5,0,1786471038,0,1786468507,01:15:07,1786468488,1786463468,4,-0.004,1.088,-12.173,0.648,168,28,0.31,0.1,0.13592911,1.03177938,0.223051446,0,0.4470806,-0.738901534,0.089383621,0,0,2,0/2,3.026,2.75932,0.046259,0.0439085,0.127587,0.123017,33443.7,24082.1,33222.3,25488.5,37059.9,30230.4,48581.4,39863.1,1.76017,2.573,0.243776,0,32.6367,999.9,56.562,37.061,35.2291,28.9175,-100,3,0.59532,0,20.2464,5.20486,11.9584,4.96785,3.29448,150.9,9999,7167.5,9999,4.97375,1.87302,1.87088,1.87236,1.87286,1.87363,1.87332,1.87769,0,0,0,0,11111111,oooooooo,on,on,on,on,0,100,100,-12.174,0.648,-12.1731,0,0,0,0.64793,0,0,0,-1,-1,-1,-1,42.5,126.2,0.152588,4.99756,2.64526,2.69531,2.8479,2.25708,39.0683,14.097,2,400.925,1204.73,34.0436,34.8912,30.0001,34.8685,34.7891,-1,40,10,-999.9,400,20,100.912,93.5219
99,1786471161,12767,20260812 01:59:21,01:59:21,15,,1786471153,0.000181649,0.181649061,-0.122842323,169.0296604,194.8652012,19.8108778,17.18431987,0.005571426,1.38938409,0.005559044,0.003475512,287.4283533,38.76609107,36.48181333,6.12872598,50.68134025,2.955117268,5.830779639,3.173608712,-8.010723573,-67.91339073,-11.53030386,199.9739352,0.200799035,0.196359908,-0.122842323,174.6569701,174.5180424,0.057276818,60.8102712,0.181649061,28.90136372,29.09945152,0.006355987,69.65,38,9,1.003027342,0.302734221,25180.52886,1499.991333,1261.20772,0.840810005,0.191620009,6,0.5,0: Broadleaf,2,TRUE,1786471153,169.0267333,169.3408667,29.06734,28.81152,181.1997333,28.41942,445.7656,101.5645333,0.099990073,35.57514667,36.48181333,999.9,0,0,4996.334,0,37.78656,-0.314306687,174.0868667,174.3647333,0.255803867,169.3408667,28.81152,2.952213333,2.926232667,23.76080667,23.61393333,1499.991333,0.973,0.02699998,0,2.199,0,16045.99333,12843.82,46.375,47.9874,47.3708,46.375,46.25826667,1459.491333,40.5,0,1786471158,0,1786468507,01:15:07,1786468488,1786463468,4,-0.004,1.088,-12.173,0.648,168,28,0.31,0.1,-0.082253315,-3.757851848,0.565869588,0,0.2966821,-0.948383278,0.101188453,0,0,2,0/2,3.01891,2.75931,0.0467926,0.0444137,0.128368,0.124244,33427.8,24068.5,33224.9,25487.4,37028.2,30186.9,48585.1,39861.7,1.74778,2.57622,0.245318,0,32.5184,999.9,57.343,37.051,35.6938,29.3075,-100,3,0.591547,0,20.2468,5.20396,11.9583,4.96915,3.29453,151,9999,7167.5,9999,4.97375,1.87302,1.87088,1.87239,1.87286,1.87363,1.87332,1.87767,0,0,0,0,11111111,oooooooo,on,on,on,on,0,100,100,-12.173,0.6479,-12.1731,0,0,0,0.64793,0,0,0,-1,-1,-1,-1,44.5,128.2,0.152588,4.99756,2.64526,2.69653,2.8479,2.23877,38.994,14.062,2,393.91,1208.78,33.9645,34.8541,30,34.8399,34.7606,-1,40,10,-999.9,400,20,100.92,93.5183
100,1786471281,12887,20260812 02:01:21,02:01:21,15,,1786471273,0.000174432,0.174431986,-0.071767681,168.82498,181.1933339,18.41973866,17.16239744,0.005344742,1.387571125,0.005333331,0.003334355,287.4320267,38.7273056,36.44074667,6.114950367,50.51938517,2.938170937,5.815927741,3.17677943,-7.6924506,-68.21177279,-11.59118121,199.9366221,0.58976371,0.207897954,-0.071767681,175.8600377,174.8860424,0.197996549,60.81579621,0.174431986,28.74299931,28.93519091,0.005932721,69.65,38,9,1.00303313,0.303312961,25132.62791,1500.010667,1261.22396,0.840809994,0.191619988,6,0.5,0: Broadleaf,2,TRUE,1786471273,168.8232667,169.6658,28.90252667,28.63038,180.9963333,28.25459333,443.7177333,101.5579333,0.09999334,35.52890667,36.44074667,999.9,0,0,4987.75,0,36.98042667,-0.8424606,173.8477333,174.6664667,0.272137267,169.6658,28.63038,2.935280667,2.907642,23.66527333,23.50818667,1500.010667,0.972998933,0.02700112,0,3.008666667,0,15716.23333,12843.96,46.29546667,47.937,47.312,46.30786667,46.187,1459.510667,40.5,0,1786471278,0,1786468507,01:15:07,1786468488,1786463468,4,-0.004,1.088,-12.173,0.648,168,28,0.31,0.1,-0.66864815,-4.523610812,0.617991493,0,0.3079963,-0.968092241,0.094654186,0,0,2,0/2,3.0175,2.75943,0.0468822,0.0446697,0.12783,0.124121,33430.1,24065.5,33230,25490.7,37055.4,30195,48592.1,39866.6,1.74562,2.57947,0.246949,0,32.4438,999.9,57.221,37.041,35.6041,29.1575,-100,3,0.585955,0,20.2465,5.20456,11.9583,4.96925,3.29433,151,9999,7167.5,9999,4.97374,1.87302,1.87088,1.87238,1.87286,1.87363,1.87331,1.87767,0,0,0,0,11111111,oooooooo,on,on,on,on,0,100,100,-12.173,0.6479,-12.1731,0,0,0,0.64793,0,0,0,-1,-1,-1,-1,46.5,130.2,0.152588,4.99756,2.64526,2.69653,2.8479,2.26685,38.9445,14.062,2,392.458,1212.58,33.9134,34.8017,29.9998,34.7941,34.7165,-1,40,10,-999.9,400,20,100.935,93.5302
101,1786471401,13007,20260812 02:03:21,02:03:21,15,,1786471393,0.000302439,0.302438988,-0.318566231,171.8477849,216.4920877,22.00831178,17.46982843,0.009342195,1.389766717,0.009307446,0.005820265,287.4234133,38.60299989,36.40847333,6.104143313,50.84231671,2.947883056,5.798089557,3.156260257,-13.33755938,-70.07295358,-11.88356497,192.1293354,-0.050105831,0.298421929,-0.318566231,176.6549073,177.1611818,-0.011230426,60.81579621,0.302438988,28.5057171,28.95436,-0.008022333,69.65,38,9,1.003024992,0.302499169,25200.03594,1499.965333,1261.18588,0.840810019,0.191620037,6,0.5,0: Broadleaf,2,TRUE,1786471393,171.8402,171.842,28.99783333,28.60575333,184.0132667,28.34990667,442.0552,101.5587333,0.10000172,35.47323333,36.40847333,999.9,0,0,4998.5,0,27.90161333,-0.001790491,176.9718,176.9024667,0.392071933,171.842,28.60575333,2.944981333,2.905163333,23.72006,23.49403333,1499.965333,0.972997333,0.027002747,0,2.579333333,0,15398.48,12843.58667,46.2248,47.87913333,47.2416,46.25,46.125,1459.465333,40.5,0,1786471398,0,1786468507,01:15:07,1786468488,1786463468,4,-0.004,1.088,-12.173,0.648,168,28,0.31,0.1,-0.406145068,10.10120641,1.164523144,0,0.3492616,1.030469143,0.103663945,0,0,2,0/2,3.01494,2.75945,0.0473408,0.0447319,0.127857,0.123306,33418.5,24066.4,33234.2,25493.1,37057.2,30225.9,48598.1,39869.9,1.74177,2.58175,0.247665,0,32.4008,999.9,57.148,36.981,35.4384,29.0375,-100,3,0.580452,0,20.2468,5.20501,11.9586,4.96935,3.29433,151,9999,7167.5,9999,4.97375,1.87302,1.87088,1.87239,1.87286,1.87363,1.87332,1.87769,0,0,0,0,11111111,oooooooo,on,on,on,on,0,100,100,-12.173,0.648,-12.1731,0,0,0,0.64793,0,0,0,-1,-1,-1,-1,48.5,132.2,0.152588,4.99756,2.64526,2.69531,2.8479,2.26562,38.9198,14.0357,2,390.025,1214.79,33.8548,34.74,29.9999,34.7383,34.6629,-1,40,10,-999.9,400,20,100.948,93.5382
102,1786471521,13127,20260812 02:05:21,02:05:21,15,,1786471513,0.000244565,0.244565123,0.076948784,169.5814352,145.3476202,14.77590625,17.23949374,0.007642948,1.389668999,0.007619672,0.00476438,287.43546,38.4963712,36.23975333,6.047915301,50.9007032,2.929075465,5.754489192,3.118839837,-10.78532192,-67.6695929,-11.45977698,197.5207682,0.520266935,0.23479372,0.076948784,175.9017114,175.0784242,0.129216896,60.82148469,0.244565123,28.48605275,28.81327212,-2.46845E-05,69.65,37,9,1.002944173,0.294417304,25208.39223,1500.026,1261.2371,0.840810159,0.191620319,6,0.5,0: Broadleaf,2,TRUE,1786471513,169.5832667,170.3524,28.81272667,28.49968,181.7563333,28.16478667,435.7294667,101.5591333,0.099952893,35.33652667,36.23975333,999.9,0,0,4998,0,21.16373333,-0.769266113,174.6142667,175.3497333,0.313054667,170.3524,28.49968,2.926196,2.894402667,23.61380667,23.43258,1500.026,0.972996667,0.027003447,0,3.037666667,0,15095.51333,12844.10667,46.125,47.75,47.125,46.13326667,46.00826667,1459.517333,40.50866667,0,1786471518,0,1786468507,01:15:07,1786468488,1786463468,4,-0.004,1.088,-12.173,0.648,168,28,0.31,0.1,-0.2093807,-8.625441616,1.251307184,0,0.296099762,0.285890883,0.03700322,0,0,2,0/2,3.00871,2.75944,0.0470508,0.0456502,0.127425,0.123519,33436.4,24047.3,33241.4,25496.9,37081,30222.9,48607.7,39875.4,1.7312,2.58512,0.250205,0,32.2261,999.9,57.16,36.95,35.3882,29.1575,-100,3,0.572416,0,20.2467,5.20516,11.959,4.96945,3.2946,151,9999,7167.5,9999,4.97366,1.87302,1.87088,1.87239,1.87286,1.87363,1.87331,1.87765,0,0,0,0,11111111,oooooooo,on,on,on,on,0,100,100,-12.173,0.6479,-12.1731,0,0,0,0.64793,0,0,0,-1,-1,-1,-1,50.5,134.2,0.152588,4.99756,2.64526,2.69531,2.8479,2.29858,38.8457,14.0445,2,383.858,1218.17,33.7566,34.6532,29.9996,34.662,34.588,-1,40,10,-999.9,400,20,100.968,93.5515
103,1786471641,13247.1,20260812 02:07:21,02:07:21,15,,1786471633,0.000236738,0.236738371,-0.218148359,171.368131,209.289192,21.27689194,17.42173674,0.007321479,1.389856547,0.00730012,0.004564489,287.427525,38.63520837,36.37320625,6.092352741,50.74270379,2.941985298,5.797848909,3.150367443,-10.44016216,-67.49127576,-11.44299908,198.053088,-0.979419232,0.245078366,-0.218148359,174.9647808,175.6488848,-0.067733813,60.82148469,0.236738371,28.6045173,28.92170303,-5.23921E-05,69.65,37,8,1.002944861,0.294486101,25202.52038,1499.985,1261.202588,0.840810133,0.191620266,6,0.5,0: Broadleaf,2,TRUE,1786471633,171.3629375,170.074875,28.93870625,28.6116875,183.536,28.29076875,435.3264375,101.562625,0.100015781,35.47248125,36.37320625,999.9,0,0,4998.75,0,22.47705,1.288113438,176.4696875,175.0843125,0.327002375,170.074875,28.6116875,2.9390875,2.905876875,23.6867875,23.49819375,1499.985,0.972996375,0.02700375,0,2.595,0,14798.7125,12843.75,46.125,47.75,47.085625,46.25,46.050375,1459.47875,40.50625,0,1786471638,0,1786468507,01:15:07,1786468488,1786463468,4,-0.004,1.088,-12.173,0.648,168,28,0.31,0.1,1.324813776,-1.505329948,0.616256116,0,0.319800571,0.133866078,0.020140519,0,0,2,0/2,3.00891,2.75946,0.0470827,0.044804,0.127822,0.123811,33442.2,24070.6,33247.9,25498.6,37068.1,30215,48616.3,39878.4,1.73223,2.58915,0.256479,0,32.2557,999.9,57.52,36.91,35.5324,29.1275,-100,3,0.564395,0,20.2467,5.20501,11.9578,4.96945,3.29445,151.1,9999,7167.5,9999,4.97374,1.87302,1.87088,1.8724,1.87286,1.87363,1.87328,1.87771,0,0,0,0,11111111,oooooooo,on,on,on,on,0,100,100,-12.173,0.6479,-12.1731,0,0,0,0.64793,0,0,0,-1,-1,-1,-1,52.6,136.2,0.152588,4.99756,2.64526,2.69531,2.8479,2.2583,38.7964,14.027,2,383.918,1222.36,33.7581,34.572,29.9998,34.5785,34.5066,-1,40,10,-999.9,400,20,100.987,93.5583
104,1786471761,13367.1,20260812 02:09:21,02:09:21,15,,1786471753,0.000286732,0.286732296,-0.238495805,171.587477,205.2651441,20.86794621,17.4441611,0.008790281,1.39021966,0.00875952,0.005477455,287.4287123,38.68858123,36.46624667,6.123501049,50.55638832,2.94408172,5.823362424,3.179419329,-12.64489424,-68.51735432,-11.62367246,194.6427912,-1.001189943,0.375391667,-0.238495805,175.8018773,176.1499939,-0.001759366,60.82148469,0.286732296,28.41700954,28.87485879,-0.011688152,69.65,37,9,1.002944407,0.294440712,25206.39409,1499.991333,1261.207899,0.840810124,0.191620249,6,0.5,0: Broadleaf,2,TRUE,1786471753,171.5818,170.2945333,28.95912,28.45816,183.7548667,28.31117333,435.2666,101.5633333,0.100036267,35.55206667,36.46624667,999.9,0,0,5000.5,0,20.73942,1.287105028,176.6987333,175.2828,0.500943067,170.2945333,28.45816,2.941186,2.890308667,23.69861333,23.40912,1499.991333,0.9729964,0.0270037,0,1.587666667,0,14510.06,12843.8,46.125,47.875,47.125,46.312,46.1082,1459.486,40.506,0,1786471758,0,1786468507,01:15:07,1786468488,1786463468,4,-0.004,1.088,-12.173,0.648,168,28,0.31,0.1,2.290389306,-14.98053964,1.581780796,0,0.468218667,0.484261714,0.076047604,0,0,2,0/2,3.00869,2.75942,0.0471954,0.044997,0.127655,0.123242,33442.7,24067.5,33252,25500.2,37078.4,30236.4,48622.1,39880.4,1.73235,2.58862,0.252068,0,32.3795,999.9,57.386,36.88,35.3891,28.9775,-100,3,0.559228,0,20.2465,5.20202,11.9577,4.96775,3.29463,151.1,9999,7167.5,9999,4.97371,1.87302,1.87088,1.87231,1.87286,1.87363,1.8733,1.87762,0,0,0,0,11111111,oooooooo,on,on,on,on,0,100,100,-12.173,0.648,-12.1731,0,0,0,0.64793,0,0,0,-1,-1,-1,-1,54.6,138.2,0.152588,4.99756,2.64526,2.69531,2.8479,2.25464,38.7964,13.9919,2,383.616,1220.31,33.8226,34.5195,29.9997,34.5157,34.4419,-1,40,10,-999.9,400,20,100.999,93.5634
105,1786471881,13487.1,20260812 02:11:21,02:11:21,15,,1786471873,0.000236926,0.236925869,-0.217892705,169.8736568,207.8693471,21.13102474,17.26856074,0.007309354,1.389122311,0.007288054,0.004556942,287.42414,38.54741529,36.30434667,6.069388449,50.45106257,2.910661502,5.769276907,3.158726947,-10.44843084,-69.00048469,-11.69606956,196.2791549,-0.270356284,0.21465624,-0.217892705,174.6442599,174.917903,0.006930764,60.83965069,0.236925869,28.31143672,28.63231636,-4.14158E-05,69.65,37,9,1.002946438,0.294643775,25189.07332,1499.966,1261.18674,0.840810218,0.191620437,6,0.5,0: Broadleaf,2,TRUE,1786471873,169.8684667,169.5437333,28.63265333,28.34305333,182.0417333,27.98472,430.6894667,101.5553333,0.09998544,35.38299333,36.30434667,999.9,0,0,4995.5,0,27.46465333,0.32471214,174.8755333,174.4894,0.2895838,169.5437333,28.34305333,2.907798667,2.87839,23.50915333,23.34067333,1499.966,0.972994267,0.02700598,0,2.838333333,0,14236.05333,12843.58,46.0872,47.812,47.0662,46.187,46,1459.456,40.51,0,1786471878,0,1786468507,01:15:07,1786468488,1786463468,4,-0.004,1.088,-12.173,0.648,168,28,0.31,0.1,0.412034605,-2.582164299,0.258317523,0,0.29077155,0.148496797,0.028515994,0,0,2,0/2,3.00425,2.75949,0.0469445,0.0446882,0.126855,0.12273,33458.8,24079.6,33258.9,25504.4,37117.5,30259,48631.1,39886.5,1.72488,2.59162,0.251789,0,32.2421,999.9,57.057,36.84,35.1141,29.0975,-100,3,0.550932,0,20.2464,5.20381,11.9568,4.9691,3.29455,151.1,9999,7167.5,9999,4.97368,1.87302,1.87088,1.8724,1.87286,1.87363,1.87331,1.87766,0,0,0,0,11111111,oooooooo,on,on,on,on,0,100,100,-12.173,0.6479,-12.1731,0,0,0,0.64793,0,0,0,-1,-1,-1,-1,56.6,140.2,0.152588,4.99756,2.64526,2.69531,2.8479,2.26318,38.7471,14.0007,2,379.121,1222.96,33.7359,34.4225,29.9998,34.4296,34.3579,-1,40,10,-999.9,400,20,101.019,93.5781
106,1786472001,13607.1,20260812 02:13:21,02:13:21,15,,1786471993,0.000208467,0.208466801,-0.246115923,169.3058475,220.0562537,22.36823543,17.20956798,0.006494141,1.391233509,0.006477347,0.004049847,287.4243933,38.51286232,36.27127333,6.058385425,50.94072922,2.931621669,5.754966043,3.126763757,-9.193385937,-69.99740185,-11.84255974,196.3910458,0.416809765,0.174676671,-0.246115923,175.493233,175.1185273,0.129732909,60.84026413,0.208466801,28.53419536,28.81937758,-0.000243764,69.65,37,9,1.002938892,0.2938892,25253.55751,1499.967333,1261.18786,0.840810218,0.191620435,6,0.5,0: Broadleaf,2,TRUE,1786471993,169.3,169.9236,28.84097333,28.60405333,181.4730667,28.19304667,428.3141333,101.5478,0.10000622,35.33802667,36.27127333,999.9,0,0,5006.25,0,28.51873333,-0.623571733,174.3277333,174.9271333,0.236919853,169.9236,28.60405333,2.928737333,2.904677333,23.62821333,23.49131333,1499.967333,0.972993733,0.027006473,0,2.349333333,0,13972.48667,12843.58667,46.062,47.75,47.062,46.17873333,46,1459.457333,40.51,0,1786471998,0,1786468507,01:15:07,1786468488,1786463468,4,-0.004,1.088,-12.173,0.648,168,28,0.31,0.1,-0.34980005,-5.234243233,0.558765908,0,0.198848395,0.85417583,0.088093073,0,0,2,0/2,3.00208,2.75935,0.0470119,0.0448872,0.127512,0.12359,33461.8,24074,33263.8,25503.3,37092,30228,48637.8,39885,1.7214,2.5967,0.251573,0,32.209,999.9,57.691,36.799,35.4303,29.0075,-100,3,0.544573,0,20.2468,5.20411,11.9568,4.96895,3.29453,151.2,9999,7167.5,9999,4.97374,1.87302,1.87088,1.8724,1.87286,1.87363,1.8733,1.87767,0,0,0,0,11111111,oooooooo,on,on,on,on,0,100,100,-12.173,0.648,-12.1731,0,0,0,0.64793,0,0,0,-1,-1,-1,-1,58.6,142.2,0.152588,4.99756,2.64526,2.69531,2.8479,2.28027,38.6979,13.9657,2,376.848,1228.86,33.6791,34.3477,30,34.3553,34.2855,-1,40,10,-999.9,400,20,101.033,93.5744
107,1786472121,13727.1,20260812 02:15:21,02:15:21,15,,1786472113,0.000235106,0.235105509,-0.270556468,170.2149672,219.7271963,22.33288867,17.30050707,0.00727989,1.390469578,0.007258782,0.00453863,287.4200867,38.51245635,36.29448,6.066104135,50.69967764,2.919621593,5.758659086,3.146482543,-10.36815293,-70.82803705,-11.99170359,194.2321931,-0.270117807,0.213117348,-0.270556468,174.9474077,175.3153394,0.004733318,60.84392434,0.235105509,28.37898346,28.70474667,-0.000299714,69.65,37,9,1.002941522,0.294152244,25231.04079,1499.944667,1261.16882,0.84081023,0.19162046,6,0.5,0: Broadleaf,2,TRUE,1786472113,170.2085333,169.8780667,28.72536,28.43272667,182.3818,28.07742667,423.1310667,101.5392,0.09996458,35.34964,36.29448,999.9,0,0,5002.917333,0,25.96456,0.330595933,175.2426667,174.8496,0.2926334,169.8780667,28.43272667,2.916751333,2.887038,23.56016,23.39033333,1499.944667,0.972992667,0.027007593,0,2.889333333,0,13715.08667,12843.39333,46.062,47.7458,47.062,46.187,46,1459.434667,40.51,0,1786472118,0,1786468507,01:15:07,1786468488,1786463468,4,-0.004,1.088,-12.173,0.648,168,28,0.31,0.1,0.44757155,-2.473165128,0.246387406,0,0.264758,0.634744602,0.065662606,0,0,2,0/2,2.99599,2.75947,0.0470451,0.044719,0.127117,0.123066,33463,24079.6,33265.9,25504.7,37110.3,30247.5,48640.6,39886.6,1.7108,2.59942,0.252675,0,32.2147,999.9,57.496,36.759,35.2366,28.8575,-100,3,0.541438,0,20.2461,5.20067,11.9563,4.9656,3.29472,151.2,9999,7167.5,9999,4.97373,1.87302,1.87088,1.87236,1.87286,1.87363,1.87329,1.87771,0,0,0,0,11111111,oooooooo,on,on,on,on,0,100,100,-12.174,0.6479,-12.1731,0,0,0,0.64793,0,0,0,-1,-1,-1,-1,60.6,144.2,0.152588,4.99756,2.64526,2.69653,2.8479,2.27905,38.6733,13.9744,2,370.988,1231.75,33.657,34.3062,29.9999,34.3054,34.2329,-1,40,10,-999.9,400,20,101.039,93.5787
108,1786472241,13847.1,20260812 02:17:21,02:17:21,15,,1786472233,0.000156367,0.156366519,-0.486631184,173.4312336,322.7970257,32.80494356,17.62532296,0.004805064,1.391178806,0.004795863,0.00299824,287.42946,38.66268206,36.41357333,6.105849995,50.73457419,2.939816156,5.794502473,3.166033839,-6.895763496,-71.36767209,-12.09049135,197.0755331,-1.098093048,0.11207511,-0.486631184,176.7156865,177.8481939,-0.074506867,60.84392434,0.156366519,28.73107588,28.94446788,0.000239134,69.65,37,9,1.002940167,0.2940167,25242.63836,1499.994,1261.21026,0.840810203,0.191620406,6,0.5,0: Broadleaf,2,TRUE,1786472233,173.4196667,171.8972667,28.92746667,28.77386667,185.5929333,28.27953333,423.8457333,101.5271333,0.100022267,35.46202,36.41357333,999.9,0,0,5007,0,50.79655333,1.522589333,178.5858667,176.9899333,0.153589327,171.8972667,28.77386667,2.936923333,2.921328667,23.67455333,23.58616667,1499.994,0.972994067,0.027006127,0,2.903666667,0,13468.23333,12843.8,46.062,47.75,47.062,46.25,46,1459.484,40.51,0,1786472238,0,1786468507,01:15:07,1786468488,1786463468,4,-0.004,1.088,-12.173,0.648,168,28,0.31,0.1,1.652965,-5.497167248,0.700780343,0,0.159561095,0.152979162,0.043739713,0,0,2,0/2,2.99872,2.75955,0.0475798,0.0455856,0.127952,0.124004,33446,24054.9,33267.4,25501.4,37074.9,30211.8,48642.8,39882.4,1.71602,2.59767,0.25617,0,32.3014,999.9,58.106,36.729,35.5538,29.1875,-100,3,0.539766,0,20.2462,5.20411,11.956,4.9653,3.29438,151.3,9999,7167.5,9999,4.97371,1.87302,1.87088,1.87229,1.87286,1.87363,1.87328,1.87763,0,0,0,0,11111111,oooooooo,on,on,on,on,0,100,100,-12.173,0.6479,-12.1731,0,0,0,0.64793,0,0,0,-1,-1,-1,-1,62.6,146.2,0.153809,4.99756,2.64526,2.69531,2.8479,2.24976,38.6487,13.9482,2,373.531,1228.52,33.6565,34.2835,30.0001,34.2712,34.199,-1,40,10,-999.9,400,20,101.044,93.568
109,1786472361,13967.1,20260812 02:19:21,02:19:21,15,,1786472353,0.000180056,0.180056256,-0.377103672,172.6239876,271.3323738,27.57126518,17.54107581,0.005474991,1.38886449,0.005463029,0.003415466,287.4335133,38.68004339,36.48742667,6.130611037,50.51025353,2.930826369,5.802438443,3.199784668,-7.940480906,-74.92188744,-12.71985982,191.8512852,-0.400987696,0.140207336,-0.377103672,176.2286188,177.3720364,-0.104054828,60.84392434,0.180056256,28.6089692,28.85613697,0.000152915,69.65,37,9,1.002948113,0.294811324,25174.79969,1500.015333,1261.22818,0.840810192,0.191620383,6,0.5,0: Broadleaf,2,TRUE,1786472353,172.615,172.0819333,28.84264,28.64998,184.7880667,28.19472667,422.7694,101.5143333,0.100025427,35.48682,36.48742667,999.9,0,0,4996.25,0,24.49494667,0.5328804,177.7414667,177.1574667,0.1926854,172.0819333,28.64998,2.927944,2.908384,23.62372667,23.51248667,1500.015333,0.9729944,0.027005767,0,2.002333333,0,13229.54,12843.99333,46.125,47.875,47.125,46.3204,46.062,1459.505333,40.51,0,1786472358,0,1786468507,01:15:07,1786468488,1786463468,4,-0.004,1.088,-12.173,0.648,168,28,0.31,0.1,0.2898601,7.334059398,1.179108981,0,0.184426,0.362236241,0.041893899,0,0,2,0/2,2.99702,2.75951,0.0474842,0.0450607,0.127632,0.123745,33445.9,24066.9,33264.2,25500.3,37086.3,30219.3,48638.4,39880.4,1.7127,2.59767,0.248887,0,32.4733,999.9,57.887,36.699,35.3643,28.8875,-100,3,0.542276,0,20.2462,5.20396,11.9589,4.96515,3.2944,151.3,9999,7167.5,9999,4.97369,1.87302,1.87088,1.87233,1.87286,1.87363,1.87329,1.87769,0,0,0,0,11111111,oooooooo,on,on,on,on,0,100,100,-12.173,0.6479,-12.1731,0,0,0,0.64793,0,0,0,-1,-1,-1,-1,64.6,148.2,0.153809,4.99756,2.64526,2.69653,2.8479,2.28394,38.6487,13.9482,2,371.841,1228.59,33.6992,34.3094,30.0001,34.2806,34.202,-1,40,10,-999.9,400,20,101.034,93.5636
110,1786472481,14087.1,20260812 02:21:21,02:21:21,15,,1786472473,0.000199646,0.199645551,-0.415373433,170.058906,268.8314684,27.31555878,17.27942815,0.006031307,1.388602501,0.006016791,0.003761795,287.42452,38.77526042,36.61151333,6.172410336,50.58579723,2.952283365,5.836190248,3.220126971,-8.804368809,-76.32564718,-12.97505749,189.3194465,-1.255056362,0.103036455,-0.415373433,172.75896,174.1943212,-0.146370686,60.84392434,0.199645551,28.78389978,29.06172788,-0.000558519,69.65,37,9,1.002949976,0.294997636,25158.94682,1499.968,1261.18842,0.840810217,0.191620435,6,0.5,0: Broadleaf,2,TRUE,1786472473,170.049,168.3036667,29.05548,28.91439333,182.2220667,28.40754667,424.1632,101.5084667,0.100020433,35.59196667,36.61151333,999.9,0,0,4995.250667,0,27.55099333,1.745376667,175.1375333,173.315,0.141078323,168.3036667,28.91439333,2.949381333,2.935061333,23.74486667,23.66391333,1499.968,0.9729936,0.027006653,0,3.160333333,0,12995.11333,12843.60667,46.1954,47.937,47.187,46.437,46.17046667,1459.458,40.51,0,1786472478,0,1786468507,01:15:07,1786468488,1786463468,4,-0.004,1.088,-12.173,0.648,168,28,0.31,0.1,1.690658571,1.266088052,0.273998857,0,0.110307183,0.619827296,0.097389306,0,0,2,0/2,2.99834,2.75932,0.0467305,0.0440166,0.128299,0.123894,33467,24089.2,33259.2,25496.3,37053.3,30209.2,48631.5,39874.3,1.71432,2.5967,0.244442,0,32.6403,999.9,58.204,36.688,35.5404,29.2175,-100,3,0.5478,0,20.2462,5.20471,11.9569,4.96545,3.2943,151.3,9999,7167.5,9999,4.97371,1.87302,1.87088,1.87233,1.87286,1.87363,1.87326,1.87761,0,0,0,0,11111111,oooooooo,on,on,on,on,0,100,100,-12.173,0.6479,-12.1731,0,0,0,0.64793,0,0,0,-1,-1,-1,-1,66.6,150.2,0.153809,4.99756,2.64526,2.69531,2.8479,2.29492,38.6733,13.9394,2,372.921,1227.85,33.7744,34.3653,30.0002,34.3208,34.236,-1,40,10,-999.9,400,20,101.02,93.5491
111,1786472601,14207.1,20260812 02:23:21,02:23:21,15,,1786472593,0.000143461,0.143461117,-0.433396138,177.1882556,326.8309699,33.20911746,18.00400248,0.004253552,1.390290102,0.004246335,0.002654607,287.4420467,38.98667709,36.79383333,6.234274749,50.14167813,2.956687534,5.896666494,3.277587215,-6.326635274,-76.06113002,-12.93755987,192.1167215,-1.125679351,0.148642761,-0.433396138,181.1738065,181.8761273,-0.011748998,60.84392434,0.143461117,28.91427265,29.11044788,0.000320915,69.65,37,9,1.002946098,0.29460985,25191.96536,1500.060667,1261.26622,0.840810141,0.191620281,6,0.5,0: Broadleaf,2,TRUE,1786472593,177.1779333,175.6177333,29.09854667,28.89373333,189.3509333,28.45062,421.4984667,101.5094667,0.099990593,35.77905333,36.79383333,999.9,0,0,5003.5,0,18.15710667,1.560274933,182.4878667,180.8426667,0.204821,175.6177333,28.89373333,2.953778,2.932986,23.76963333,23.65228,1500.060667,0.972996667,0.027003447,0,2.650333333,0,12769.84,12844.40667,46.312,48.04546667,47.25,46.625,46.25,1459.552,40.50866667,0,1786472598,0,1786468507,01:15:07,1786468488,1786463468,4,-0.004,1.088,-12.173,0.648,168,28,0.31,0.1,0.642709,10.82961171,2.42163902,0,0.199366667,0.065491169,0.016339617,1,1,2,1/2,2.99509,2.75958,0.0484688,0.0465444,0.128488,0.124635,33402,24021.9,33255.4,25492.7,37043.2,30179.8,48626.6,39869.1,1.70782,2.59753,0.250418,0,32.7774,999.9,58.436,36.688,35.6828,29.2475,-100,3,0.552657,0,20.2462,5.20441,11.9569,4.9655,3.29435,151.4,9999,7167.5,9999,4.97368,1.87302,1.87088,1.87236,1.87286,1.87363,1.87326,1.87766,0,0,0,0,11111111,oooooooo,on,on,on,on,0,100,100,-12.173,0.6479,-12.1731,0,0,0,0.64793,0,0,0,-1,-1,-1,-1,68.6,152.2,0.153809,4.99756,2.64526,2.69653,2.8479,2.25952,38.7225,13.9219,2,369.769,1229.86,33.8559,34.4228,30.0002,34.3646,34.2762,-1,40,10,-999.9,400,20,101.009,93.5364
112,1786472721,14327.1,20260812 02:25:21,02:25:21,15,,1786472713,0.000162269,0.16226861,-1.434707037,212.7691259,673.3601451,68.42141983,21.61988023,0.00474181,1.390535084,0.004732845,0.002958832,287.42932,39.25874439,37.06094667,6.325883041,50.12183222,3.001959003,5.989324154,3.323924037,-7.1560457,-74.851079,-12.76351199,192.6586833,-9.506481497,0.143338281,-1.434707037,199.0102677,209.5844788,-1.487510588,60.84392434,0.16226861,29.30234875,29.52873576,-0.000368293,69.65,37,9,1.002947999,0.294799894,25175.77293,1499.996,1261.21168,0.840810029,0.191620058,6,0.5,0: Broadleaf,2,TRUE,1786472713,212.7349333,199.2966,29.54337333,29.34612,224.9079333,28.89544,421.8400667,101.5119333,0.099990587,36.06248667,37.06094667,999.9,0,0,5004.583333,0,20.99612,13.43829333,219.2112,205.3224,0.1972398,199.2966,29.34612,2.999002,2.978980667,24.02236,23.91089333,1499.996,0.972997,0.0270031,0,2.539666667,0,12545.93333,12843.84667,46.4832,48.312,47.42873333,46.958,46.4874,1459.494667,40.50133333,0,1786472718,0,1786468507,01:15:07,1786468488,1786463468,4,-0.004,1.088,-12.173,0.648,168,28,0.31,0.1,10.5136743,47.53332271,5.473390338,0,0.166430755,0.639758901,0.063194703,0,0,2,0/2,2.99548,2.75934,0.0542165,0.0496728,0.1299,0.125659,33198.1,23938.2,33253.3,25487.6,36982.6,30139.1,48624.1,39861.7,1.70825,2.59802,0.250857,0,33.0511,999.9,59.266,36.668,36.1492,29.1576,-100,3,0.555376,0,20.2461,5.20037,11.9578,4.9653,3.29438,151.4,9999,7167.5,9999,4.97371,1.87302,1.87088,1.87232,1.87286,1.87363,1.87328,1.87764,0,0,0,0,11111111,oooooooo,on,on,on,on,0,100,100,-12.173,0.6479,-12.1731,0,0,0,0.64793,0,0,0,-1,-1,-1,-1,70.6,154.2,0.153809,4.99756,2.64526,2.69653,2.8479,2.28027,38.7717,13.8956,2,370.202,1231.27,34.0205,34.4746,30.0001,34.402,34.3102,-1,40,10,-999.9,400,20,101.003,93.5186
113,1786472841,14447.1,20260812 02:27:21,02:27:21,15,,1786472833,0.000154154,0.154153897,-1.202434116,205.3962144,616.8799084,62.68277857,20.87084577,0.004435789,1.39028748,0.004427941,0.002768167,287.43076,39.43515741,37.22494667,6.382705045,49.75959362,3.008648496,6.046368705,3.374056548,-6.798186848,-74.19265371,-12.67414034,193.7657791,-5.224769542,0.138971163,-1.202434116,200.3677259,206.8476485,-0.822614558,60.84328899,0.154153897,29.38416898,29.59890727,-0.000122215,69.65,37,9,1.002950486,0.295048552,25154.61792,1500.004,1261.21836,0.840809998,0.191619996,6,0.5,0: Broadleaf,2,TRUE,1786472833,205.3675333,197.9581333,29.60900667,29.41672667,217.5405333,28.96108667,419.5367333,101.5126,0.100011667,36.23509333,37.22494667,999.9,0,0,5003.332667,0,18.43412,7.409426,211.6336667,203.9579333,0.192276667,197.9581333,29.41672667,3.005688667,2.98617,24.05946667,23.95098667,1500.004,0.972998,0.027002053,0,2.414666667,0,12331.76,12843.90667,46.625,48.50826667,47.562,47.1996,46.62913333,1459.504,40.5,0,1786472838,0,1786468507,01:15:07,1786468488,1786463468,4,-0.004,1.088,-12.173,0.648,168,28,0.31,0.1,5.0513095,53.98375263,5.381108275,0,0.1759743,0.381666767,0.037040294,0,0,2,0/2,2.99388,2.75939,0.0536204,0.0487184,0.130137,0.125867,33218.4,23961,33252.8,25486.4,36972.6,30130.4,48623.7,39860,1.70508,2.59713,0.249874,0,33.2207,999.9,59.431,36.658,36.2293,29.0376,-100,3,0.556481,0,20.2457,5.20441,11.9569,4.9654,3.29428,151.4,9999,7167.5,9999,4.97373,1.87302,1.87088,1.87233,1.87286,1.87363,1.87331,1.87765,0,0,0,0,11111111,oooooooo,on,on,on,on,0,100,100,-12.173,0.6479,-12.1731,0,0,0,0.64793,0,0,0,-1,-1,-1,-1,72.6,156.2,0.153809,4.99756,2.64526,2.69653,2.8479,2.28638,38.8211,13.8956,2,368.687,1230.47,34.1787,34.5041,30,34.427,34.335,-1,40,10,-999.9,400,20,101.002,93.5145
114,1786472961,14567.1,20260812 02:29:21,02:29:21,15,,1786472953,0.000175774,0.175774165,0.163277028,170.3238387,109.1857473,11.09406221,17.30613481,0.004924162,1.390639981,0.004914496,0.003072427,287.43,39.55144821,37.40072667,6.444099973,48.91466734,2.978473931,6.089122328,3.465626042,-7.751640674,-77.76064803,-13.29986343,188.6178479,1.57939062,0.186546753,0.163277028,179.790065,177.2508727,0.40132331,60.84328899,0.175774165,29.06636875,29.31169879,-0.000158941,69.65,37,9,1.002950505,0.295050486,25154.45353,1500,1261.215,0.84081,0.19162,6,0.5,0: Broadleaf,2,TRUE,1786472953,170.3277333,172.6278667,29.3136,29.05512667,182.5008,28.66567333,419.0674667,101.5072,0.100037967,36.36353333,37.40072667,999.9,0,0,5005.332667,0,20.93147333,-2.29997486,175.4714,177.7938667,0.258485067,172.6278667,29.05512667,2.97554,2.949302667,23.89166,23.7444,1500,0.972999067,0.02700092,0,2.813666667,0,12123.4,12843.88,46.77893333,48.687,47.7458,47.3162,46.80786667,1459.5,40.5,0,1786472958,0,1786468507,01:15:07,1786468488,1786463468,4,-0.004,1.088,-12.173,0.648,168,28,0.31,0.1,-1.103389562,-20.15230741,2.711574037,0,0.268163524,-0.044381377,0.039199238,1,1,2,1/2,2.99356,2.75987,0.0476346,0.0472866,0.129155,0.125344,33426,23996.6,33250.7,25486.1,37012.7,30147.8,48620.7,39859.3,1.70427,2.59617,0.249937,0,33.3811,999.9,58.821,36.668,35.8785,29.1576,-100,3,0.559586,0,20.246,5.20441,11.9563,4.96665,3.29428,151.4,9999,7167.5,9999,4.97372,1.87302,1.87088,1.87231,1.87286,1.87363,1.87325,1.87761,0,0,0,0,11111111,oooooooo,on,on,on,on,0,100,100,-12.173,0.6479,-12.1731,0,0,0,0.64793,0,0,0,-1,-1,-1,-1,74.6,158.2,0.153809,4.99756,2.64526,2.69775,2.8479,2.27661,38.8704,13.8781,2,368.445,1229.71,34.3316,34.537,30.0003,34.4581,34.3661,-1,40,10,-999.9,400,20,100.996,93.513