obs,time,elapsed,date,hhmmss,averaging,TIME,E,Emm,A,Ca,Ci,Pci,Pca,gsw,gbw,gtw,gtc,Rabs,TleafEB,TleafCnd,SVPleaf,RHcham,VPcham,SVPcham,VPDleaf,LatHFlux,SenHFlux,NetTherm,EBSum,Asty,Esty,Adyn,Crd,Csd,dCsd/dt,αVc,Edyn,Hr,Hs,dHs/dt,αVh,Leak,LeakPct,CorrFact,CorrFactPct,Fan,Qin,Qabs,alpha,convert,S,K,Geometry,Custom,UseDynamic,TIME,CO2_s,CO2_r,H2O_s,H2O_r,CO2_a,H2O_a,Flow,Pa,ΔPcham,Tair,Tleaf,Tleaf2,Offset,Offset2,Fan_speed,Qamb_in,Qamb_out,ΔCO2,CO2_s_d,CO2_r_d,ΔH2O,CO2_b,H2O_b,e_s,e_r,Td_s,Td_r,Q,f_red,f_blue,Tled,Pc,time,hhmmss,co2_t,h2o_t,count,co2_adj,h2o_adj,co2_match,h2o_match,co2_at,h2o_at,co2_cv,h2o_cv,ΔCO2:MN,ΔCO2:SLP,ΔCO2:SD,ΔCO2:OK,ΔH2O:MN,ΔH2O:SLP,ΔH2O:SD,ΔH2O:OK,Stable,Total,State,Vflow,VPchamber,abs_c_a,abs_c_b,abs_h_a,abs_h_b,Wc_s,Wc_r,Wco_s,Wco_r,Ww_s,Ww_r,Wwo_s,Wwo_r,Flow_s_v,Flow_r_v,Tleaf_mv,Tleaf2_mv,Tleaf_j,Tleaf2_j,Console_RH,Console_T,Console_H2O,Fan_%,Flow_%,Pump,Tchp_pwm,Txchg_pwm,diag_20v,diag_5_4v,diag_12v,diag_5va,diag_3_3vf,AccCO2_soda,AccH2O_des,AccH2O_hum,CO2_hrs,ADC_CH1,ADC_CH2,ADC_CH3,ADC_CH4,ADC_CH5,ADC_CH6,ADC_CH7,ADC_CH8,DAC_1,DAC_2,DAC_3,DAC_4,GPIO,GPIO_dir,excit_5v,power_12v,power_5v,ch1_pullup,AuxPower,MatchValveR,MatchValveS,MatchCO2,MatchH2O,cf_co2_a,cf_co2_b,cf_co2_c,cf_co2_d,cf_h2o_a,cf_h2o_b,cf_h2o_c,cf_h2o_d,co2_fit_low,co2_fit_high,h2o_fit_low,h2o_fit_high,co2_elapsed,h2o_elapsed,CO2_f,CO2_f_s,Pump_f,Pump_f_s,Pump_p,Pump_p_s,Tboard,V_system,DIAG,Flow_s,Flow_r,Txchg,Tirga,Tchopper,Ts,Tr,CO2_%,Desiccant_%,Humidifier_%,Txchg_sp,CO2_r_sp,H2O_r_sp,SS_s,SS_r
1,1784907145,0,20260724 11:32:25,11:32:25,15,1784907137,0.000513464,0.513464322,1.25050755,419.3697,320.1161395,32.82782636,43.00625302,0.023300825,3.14567041,0.023205363,0.014511896,261.4500074,27.3953714,26.59835667,3.495593353,37.74170352,1.279305593,3.389633944,2.216287759,-22.64377661,-88.44142859,-6.027509562,144.3372926,1.248022927,0.539136971,1.25050755,427.5467106,424.5298667,-0.001750237,92.61463517,0.513464322,11.17012465,12.45805944,-0.006733684,96.30052311,0,0,1,0,54323.48563,1500,1273.859925,0.84923995,0.174300005,9,0.5,0: Broadleaf,2,TRUE,1784907137,419.3697,422.9069333,12.47497667,11.19742667,422.1357,12.42597667,375.0695667,102.4498,0.099938377,26.07685333,26.59835667,999.9,0,0,9996.876,688.9521,0.218638,-3.595566,424.6198667,427.6960333,1.304424,422.9069333,11.19742667,1.280812333,1.147174333,10.57553,8.933080333,1500,0.691999733,0.3080002,28,28282.51667,1784907168,11:32:47,1784907161,1784907168,2,0.067,-0.005,-2.766,0.049,424,11,0.41,0.1,-3.616026098,-0.751252265,0.423875638,0,1.305649512,-0.003489617,0.012992497,1,1,2,1/2,2.63827,2.71265,0.0998876,0.100031,0.0749282,0.0696399,25355.6,25052.7,25618.4,25584.9,32751.4,32443.9,39351.2,38491.7,1.72523,2.201,0.0563264,0,25.6902,999.9,56.8,25.9,18.5972,63.2299,19.7556,1,-0.0353913,0,20.4178,5.21969,11.98,4.97,3.29593,9103.2,9999,9999,233,4.96995,1.87507,1.87112,1.87423,1.87423,1.87227,1.87357,1.87484,0,0,0,0,11111111,oooooooo,on,on,on,on,0,100,100,-2.766,0.049,-1.766488244,-0.002774575,7.27494E-07,-2.16226E-10,-0.039246369,-0.001584374,0.000939206,-5.31953E-06,23,2146,2,22,3.9,4.1,0.157471,4.99756,1.49902,2.28394,1.49902,2.32056,30.0718,15.8219,3,350.287,689.643,25.792,26.6551,30.0013,26.4184,26.4076,-1,40,10,-999.9,400,20,101.152,107.58
2,1784907288,143.0999999,20260724 11:34:48,11:34:48,15,1784907280,0.000437065,0.437064647,1.238938592,414.7157097,298.6129854,30.62310964,42.52957932,0.019277949,3.145903161,0.019212559,0.012013706,261.4493597,27.6207894,26.79847419,3.537014581,36.68027757,1.258635925,3.431369685,2.278378656,-19.27455092,-87.26566464,-5.959081294,148.9500629,1.555701522,0.435970298,1.238938592,423.9895662,420.3458,0.062767021,92.61896535,0.437064647,11.24905856,12.28538601,-6.39318E-05,96.39707478,0,0,1,0,54291.43926,1499.996452,1273.856978,0.849239994,0.174299985,9,0.5,0: Broadleaf,2,TRUE,1784907280,414.7157097,418.8816452,12.27324839,11.24017742,417.4297097,12.22724839,375.1509677,102.4511613,0.100004071,26.28394194,26.79847419,999.9,0,0,9997.801613,690.986871,0.218638,-4.19883129,419.8446774,423.6435484,1.054411613,418.8816452,11.24017742,1.259595161,1.151569677,10.32519032,8.989732903,1499.996452,0.692000194,0.307999806,28,28282.46129,1784907309,11:35:08,1784907307,1784907309,3,0.051,-0.004,-2.714,0.046,423,11,0.28,0.08,-3.675821707,-7.493349617,0.829159713,0,1.070493415,-0.270226829,0.028416289,0,0,2,0/2,2.63759,2.71249,0.0990465,0.0991145,0.0741104,0.0700044,25360.3,25058,25600.9,25565.6,32759,32407.4,39325.2,38464.4,1.72195,2.1936,0.0657812,0,25.7392,999.9,56.3,26.1,18.6528,63.4554,20.2404,1,-0.00464939,0,20.4172,5.22223,11.98,4.96955,3.29598,9103.2,9999,9999,233,4.96996,1.8751,1.87119,1.87423,1.87424,1.87229,1.87361,1.87485,0,0,0,0,11111111,oooooooo,on,on,on,on,0,100,100,-2.714,0.046,-1.699747102,-0.002774575,7.27494E-07,-2.16226E-10,-0.043971481,-0.001584374,0.000939206,-5.31953E-06,23,2146,2,22,2.1,2,0.157471,4.99756,1.49902,2.28271,1.49902,2.31079,30.3079,15.7869,3,351.052,688.31,26.0366,27.0479,30.001,26.8284,26.82,-1,40,10,-999.9,400,20,101.084,107.501
3,1784907408,263.0999999,20260724 11:36:48,11:36:48,15,1784907400,0.000312001,0.312001304,0.919491305,414.4029667,289.8678072,29.72146486,42.49062125,0.01325146,3.145657804,0.013220525,0.008265602,261.4497264,27.82760378,26.98402333,3.575802566,34.97016037,1.212512738,3.467278175,2.363289828,-13.75925752,-88.8068205,-6.075794692,152.8078536,0.226412404,0.326379378,0.919491305,419.7902936,418.5055212,-0.093258257,92.53018606,0.312001304,11.06167983,11.81111329,-0.000929585,95.16882502,0,0,1,0,54253.28749,1499.998667,1273.858851,0.849239989,0.174299973,9,0.5,0: Broadleaf,2,TRUE,1784907400,414.4029667,415.2707,11.82540667,11.05159333,417.0579667,11.77940667,375.1135,102.4345667,0.099982243,26.46036333,26.98402333,999.9,0,0,9998.305333,691.7462667,0.218638,-0.908036933,419.3252333,419.9113667,0.7828933,415.2707,11.05159333,1.212261,1.132063667,9.752963333,8.736919667,1499.998667,0.692000367,0.307999633,28,28282.49667,1784907427,11:37:07,1784907425,1784907427,4,0.043,0.001,-2.655,0.046,419,11,0.46,0.14,-0.944193561,-0.444563707,0.430268335,0,0.803156195,-0.369500341,0.039356062,0,0,2,0/2,2.63746,2.71265,0.0986448,0.098207,0.071936,0.069146,25361.1,25071.7,25591.3,25554.6,32824.8,32424.2,39310.5,38449.1,1.71945,2.18907,0.0702515,0,25.8437,999.9,55.5,26.2,18.4997,62.1354,19.1386,1,0.0121113,0,20.4173,5.22208,11.98,4.96945,3.29588,9103.2,9999,9999,233,4.96997,1.87511,1.87119,1.87424,1.87424,1.87228,1.87361,1.87485,0,0,0,0,11111111,oooooooo,on,on,on,on,0,100,100,-2.655,0.046,-1.648925279,-0.002774575,7.27494E-07,-2.16226E-10,-0.047874437,-0.001584374,0.000939206,-5.31953E-06,23,2146,2,22,1.7,1.7,0.157471,4.99756,1.4978,2.28271,1.49902,2.36206,30.5015,15.7694,3,351.362,687.76,26.2217,27.2899,30.0007,27.0946,27.0952,-1,40,10,-999.9,400,20,101.046,107.457
4,1784907528,383.0999999,20260724 11:38:48,11:38:48,15,1784907520,0.000195964,0.195963816,0.664858774,423.1719032,279.4079689,28.64969051,43.39083136,0.008175691,3.145694279,0.008163904,0.005103498,261.449483,28.02562881,27.1579,3.612486971,34.52380751,1.209085391,3.502178579,2.403401579,-8.642004305,-89.47439626,-6.131935728,157.2011467,0.026078692,0.244698596,0.664858774,426.6930945,427.1466182,-0.203856407,92.5346937,0.195963816,11.121534,11.72926783,-0.013723698,95.21209745,0,0,1,0,54223.43265,1499.997097,1273.857492,0.849239972,0.174299993,9,0.5,0: Broadleaf,2,TRUE,1784907520,423.1719032,423.482871,11.79168387,11.21159355,425.8679032,11.75068387,375.1689355,102.4370645,0.100062897,26.63030968,27.1579,999.9,0,0,9998.227419,692.243,0.218638,-0.287097885,428.2519355,428.2847419,0.595137258,423.482871,11.21159355,1.209445484,1.148482258,9.718274839,8.949532581,1499.997097,0.692,0.307999968,28,28282.4871,1784907547,11:39:06,1784907544,1784907547,5,-0.032,-0.002,-2.696,0.041,418,11,0.47,0.15,-0.815406993,14.56939587,1.761765609,0,0.58540135,0.44782791,0.059299614,0,0,2,0/2,2.63739,2.71244,0.100117,0.099393,0.0714956,0.0691014,25312,25030,25584.4,25546.4,32832.1,32415.8,39300.2,38437.3,1.7177,2.1854,0.0721402,0,25.9754,999.9,55.5,26.4,18.7183,62.5854,19.4992,1,0.0243293,0,20.4172,5.21864,11.98,4.96925,3.2959,9103.2,9999,9999,233.1,4.97002,1.87514,1.87119,1.87424,1.87424,1.87229,1.8736,1.87485,0,0,0,0,11111111,oooooooo,on,on,on,on,0,100,100,-2.696,0.041,-1.60580257,-0.002774575,7.27494E-07,-2.16226E-10,-0.04638619,-0.001584374,0.000939206,-5.31953E-06,23,2146,2,22,1.7,1.7,0.157471,4.99756,1.49902,2.28149,1.4978,2.2998,30.6956,15.7256,3,351.729,687.27,26.3965,27.4817,30.0005,27.3089,27.3166,-1,40,10,-999.9,400,20,101.019,107.424
5,1784907648,503.0999999,20260724 11:40:48,11:40:48,15,1784907640,0.000139652,0.139652474,0.254415924,419.9884667,334.2749211,34.27783753,43.06723453,0.005737242,3.146834631,0.005731437,0.003582669,261.450255,28.16062838,27.26762667,3.635805726,33.90842712,1.196084461,3.527395879,2.439721265,-6.15867412,-87.4455035,-5.997660484,161.8484168,1.812712701,0.073409775,0.254415924,429.1380448,426.6422424,0.185339895,92.53654999,0.139652474,11.50769393,11.73591189,0.00986466,95.22980841,0,0,1,0,54228.50096,1500.000667,1273.860622,0.849240037,0.174300093,9,0.5,0: Broadleaf,2,TRUE,1784907640,419.9884667,424.4112333,11.66412667,11.49006667,422.5774667,11.61312667,375.1474333,102.4438333,0.100017143,26.75218667,27.26762667,999.9,0,0,10002.75333,692.6486667,0.218638,-4.530574667,424.8362333,429.3444667,0.174342233,424.4112333,11.49006667,1.194946333,1.177086667,9.538628,9.314800667,1500.000667,0.691998767,0.308001233,28,28282.52667,1784907686,11:41:25,1784907686,1784907681,6,0.114,0.006,-2.589,0.051,424,11,0.25,0.21,-4.316288293,1.179227247,1.343768104,0,0.210496585,-0.413945352,0.072613069,0,0,2,0/2,2.63738,2.71268,0.100022,0.100035,0.0715475,0.0709171,25309.3,25004.9,25579.5,25539.5,32823.8,32343.9,39292.6,38427.8,1.71655,2.18132,0.0761412,0,26.039,999.9,55.5,26.6,18.939,62.7354,19.367,1,0.0342988,0,20.4173,5.21969,11.98,4.96945,3.29598,9103.2,9999,9999,233.1,4.96996,1.87514,1.87119,1.87424,1.87424,1.87228,1.87363,1.87485,0,0,0,0,11111111,oooooooo,on,on,on,on,0,100,100,-2.589,0.051,-1.637904054,-0.002774575,7.27494E-07,-2.16226E-10,-0.048649335,-0.001584374,0.000939206,-5.31953E-06,23,2146,2,22,1.7,1.7,0.157471,4.99756,1.4978,2.28149,1.49902,2.30103,30.8902,15.7169,3,352.135,685.913,26.5249,27.6279,30.0005,27.4798,27.4979,-1,40,10,-999.9,400,20,101,107.396
6,1784907768,623.0999999,20260724 11:42:48,11:42:48,15,1784907760,0.000136237,0.136237273,0.138498381,414.6216333,359.1622965,36.82924497,42.51616012,0.005520935,3.145381183,0.005515557,0.003447706,261.4503954,28.19380418,27.28377,3.639247517,32.98662726,1.165745409,3.533993943,2.473502108,-6.00806375,-84.75637189,-5.817299056,164.8686608,-0.494520245,0.224609876,0.138498381,418.2199625,418.6409091,-0.074685152,92.53936074,0.136237273,10.75641087,11.26612308,-0.017882312,95.25610042,0,0,1,0,54188.34731,1500.002333,1273.861977,0.849239997,0.174299993,9,0.5,0: Broadleaf,2,TRUE,1784907760,414.6216333,413.6586333,11.36846,10.83571333,417.2306333,11.33246,375.1328333,102.4420667,0.100002293,26.78395,27.28377,999.9,0,0,9996.315333,693.8122667,0.218638,1.001267767,419.4349,418.1899667,0.5486849,413.6586333,10.83571333,1.166242,1.110033667,9.177255,8.445921333,1500.002333,0.6920001,0.3079999,28,28282.55667,1784907792,11:43:12,1784907792,1784907787,7,-0.045,-0.006,-2.609,0.036,412,11,0.22,0.18,0.79596582,0.473619773,0.720711671,0,0.490275725,1.065321557,0.108667401,0,0,2,0/2,2.63704,2.71267,0.0985598,0.0977653,0.0692949,0.0670554,25342.6,25060.2,25572.2,25532,32894.9,32469.8,39281.5,38417,1.71528,2.17943,0.0755787,0,26.0206,999.9,53.9,26.8,18.6112,62.9153,19.4431,1,0.043689,0,20.4178,5.21834,11.98,4.96875,3.29575,9103.2,9999,9999,233.1,4.97002,1.87515,1.87119,1.87424,1.87424,1.87231,1.87363,1.87485,0,0,0,0,11111111,oooooooo,on,on,on,on,0,100,100,-2.609,0.036,-1.524021583,-0.002774575,7.27494E-07,-2.16226E-10,-0.04298576,-0.001584374,0.000939206,-5.31953E-06,23,2146,2,22,1.4,1.5,0.157471,4.99756,1.49902,2.28149,1.49902,2.28882,31.0636,15.6818,3,352.306,685.996,26.6051,27.7518,30.0003,27.6197,27.6402,-1,40,10,-999.9,400,20,100.971,107.365
7,1784907888,743.0999999,20260724 11:44:48,11:44:48,15,1784907880,0.000111978,0.111978069,0.133876962,412.9206129,350.7442095,35.96620942,42.34193704,0.004548485,3.146761745,0.004544835,0.00284085,261.4503212,28.15551348,27.21861935,3.625374666,32.84610361,1.157801769,3.524928809,2.467572898,-4.93823284,-81.14657401,-5.564067108,169.8014473,-0.191347547,0.201167835,0.133876962,417.0300739,417.2019394,-0.048991568,92.53803468,0.111978069,10.78570854,11.19031189,-0.013317336,95.24155929,0,0,1,0,54228.90179,1500.001613,1273.861499,0.849240086,0.174300027,9,0.5,0: Broadleaf,2,TRUE,1784907880,412.9206129,412.6608065,11.29093871,10.8137129,415.4766129,11.24493871,375.0987742,102.4426129,0.099947865,26.74029677,27.21861935,999.9,0,0,10002.54097,694.4327097,0.218638,0.204567187,417.5798387,417.1719355,0.476088032,412.6608065,10.8137129,1.156555484,1.107782581,9.053530968,8.416687097,1500.001613,0.691999935,0.308000161,28,28282.56129,1784907904,11:45:04,1784907901,1784907904,8,0.06,0.005,-2.556,0.046,416,11,0.34,0.21,0.394723395,-3.516737061,0.450109588,0,0.435035175,0.419816904,0.10435673,0,0,2,0/2,2.63683,2.71265,0.0983007,0.0975578,0.0689847,0.0678285,25348.8,25063.8,25571.3,25530,32904.6,32440.3,39279.9,38414.3,1.71497,2.177,0.080023,0,25.9121,999.9,53.2,27,18.5861,62.4053,19.6474,1,0.0471646,0,20.4197,5.22163,11.98,4.96925,3.2959,9103.2,9999,9999,233.2,4.96996,1.87515,1.87121,1.87425,1.87424,1.87235,1.87363,1.87485,0,0,0,0,11111111,oooooooo,on,on,on,on,0,100,100,-2.556,0.046,-1.568512091,-0.002774575,7.27494E-07,-2.16226E-10,-0.048523274,-0.001584374,0.000939206,-5.31953E-06,23,2146,2,22,1.6,1.7,0.157471,4.99756,1.49902,2.28027,1.49902,2.38159,31.1939,15.6731,3,352.629,685.001,26.586,27.8089,30.0002,27.7035,27.7337,-1,40,10,-999.9,400,20,100.967,107.357
8,1784908008,863.0999999,20260724 11:46:48,11:46:48,15,1784908000,0.000107429,0.107429243,0.163489618,422.5559677,348.4120608,35.72844276,43.33164205,0.004424668,3.148317665,0.004421216,0.00276357,261.4503828,28.1918812,27.27636452,3.6376683,34.10624461,1.204766413,3.53239246,2.432901887,-4.73762961,-84.88630933,-5.82034348,166.0061004,-0.473246833,0.156622895,0.163489618,425.7764791,426.7013818,-0.130358826,92.57382127,0.107429243,11.30371992,11.68496993,-0.01208269,95.61218136,0,0,1,0,54259.2793,1500.000968,1273.860945,0.849240082,0.174300143,9,0.5,0: Broadleaf,2,TRUE,1784908000,422.5559677,421.5793548,11.7484871,11.37713871,425.1379677,11.7004871,375.1316452,102.4465484,0.099967016,26.77624516,27.27636452,999.9,0,0,10009.23452,694.788129,0.218638,0.985529742,427.5925161,426.4309355,0.38096671,421.5793548,11.37713871,1.204577742,1.16554871,9.65817129,9.168272258,1500.000968,0.691998194,0.308001839,28,28282.52258,1784908026,11:47:06,1784908026,1784908024,9,-0.008,-0.003,-2.582,0.048,423,11,0.59,0.15,0.794247488,4.29462324,0.569972045,0,0.329968415,0.884170787,0.089338858,0,0,2,0/2,2.63634,2.7125,0.0999183,0.0990256,0.0712092,0.06978,25300.4,25020.1,25568.5,25527.1,32821.6,32368.5,39275.6,38410.2,1.71425,2.17518,0.0808947,0,25.966,999.9,54.2,27.1,19.0452,63.0353,19.4872,1,0.0509197,0,20.4186,5.21864,11.98,4.9692,3.29593,9103.2,9999,9999,233.2,4.97002,1.87515,1.87119,1.87425,1.87424,1.87235,1.87363,1.87485,0,0,0,0,11111111,oooooooo,on,on,on,on,0,100,100,-2.582,0.048,-1.508339583,-0.002774575,7.27494E-07,-2.16226E-10,-0.043905155,-0.001584374,0.000939206,-5.31953E-06,23,2146,2,22,1.8,1.7,0.15625,4.99756,1.4978,2.28027,1.49902,2.37427,31.2809,15.6468,3,352.657,684.309,26.6052,27.8564,30.0003,27.7709,27.8088,-1,40,10,-999.9,400,20,100.956,107.346
9,1784908128,983.0999999,20260724 11:48:48,11:48:48,15,1784908120,0.000119312,0.119311556,0.132848488,423.1042581,363.5359743,37.27891769,43.38736721,0.004832301,3.147089828,0.004828183,0.003017984,261.4498077,28.26565136,27.36240323,3.65605297,33.30590161,1.181780718,3.548262202,2.474272252,-5.261639623,-86.51976089,-5.939473454,163.7289337,0.733060074,0.107470995,0.132848488,429.7174368,428.7027879,0.068289247,92.58843569,0.119311556,11.2338504,11.52008601,-0.000312925,95.8226843,0,0,1,0,54216.4319,1499.999355,1273.85942,0.849239979,0.174299947,9,0.5,0: Broadleaf,2,TRUE,1784908120,423.1042581,424.9720968,11.52447097,11.2696,425.6752581,11.47547097,375.127871,102.4453226,0.100010823,26.85246129,27.36240323,999.9,0,0,10003.76871,695.1061613,0.218638,-1.878635323,428.0266452,429.8159032,0.255946581,424.9720968,11.2696,1.180738387,1.154518065,9.360879032,9.027597742,1499.999355,0.69200071,0.30799929,28,28282.52903,1784908145,11:49:05,1784908145,1784908145,10,0.021,0.002,-2.571,0.049,427,11,0.34,0.1,-2.00153622,3.954123408,0.597134018,0,0.239078146,0.396092341,0.041069298,0,0,2,0/2,2.63661,2.71255,0.100286,0.0999006,0.0704822,0.0696951,25287.6,24993.2,25566.3,25524.6,32844.8,32368.5,39272.2,38406.6,1.71395,2.17338,0.0817031,0,26.0388,999.9,53.6,27.3,19.0583,62.6454,20.2885,1,0.0544665,0,20.4185,5.22118,11.98,4.96925,3.29583,9103.2,9999,9999,233.2,4.97001,1.87515,1.87119,1.87425,1.87424,1.87233,1.87362,1.87485,0,0,0,0,11111111,oooooooo,on,on,on,on,0,100,100,-2.571,0.049,-1.515953249,-0.002774575,7.27494E-07,-2.16226E-10,-0.047393927,-0.001584374,0.000939206,-5.31953E-06,23,2146,2,22,1.7,1.7,0.15625,4.99756,1.49902,2.28027,1.49902,2.33032,31.3898,15.6118,3,352.839,683.47,26.6817,27.9095,30.0002,27.8297,27.8702,-1,40,10,-999.9,400,20,100.948,107.336
10,1784908248,1103.1,20260724 11:50:48,11:50:48,15,1784908240,0.000104374,0.104374489,-0.083779295,421.9861613,436.8079549,44.7925034,43.2726015,0.004208505,3.145573986,0.004205379,0.002628642,261.4500998,28.39970748,27.49886129,3.68537751,33.58789516,1.200919568,3.575453484,2.484457942,-4.602914972,-87.59023142,-6.023870199,163.2330832,-0.173701831,0.088408594,-0.083779295,425.4738047,426.7501273,-0.105893919,92.57566755,0.104374489,11.57639872,11.73882448,0.008126548,95.63712156,0,0,1,0,54157.1281,1500.000323,1273.860291,0.849240012,0.174300029,9,0.5,0: Broadleaf,2,TRUE,1784908240,421.9861613,421.6589032,11.71113871,11.5015,424.5511613,11.65913871,375.1020323,102.4450968,0.099975716,26.98236129,27.49886129,999.9,0,0,9996.896452,695.1377419,0.218638,0.334055113,426.9948065,426.565129,0.212613065,421.6589032,11.5015,1.200053548,1.178272903,9.602212581,9.329573871,1500.000323,0.691999613,0.308000387,28,28282.52258,1784908265,11:51:05,1784908265,1784908264,11,-0.001,-0.002,-2.565,0.052,426,12,0.32,0.16,1.774362183,-20.0401087,2.762519699,0,0.241118366,-0.61959416,0.076195762,0,0,2,0/2,2.63648,2.71264,0.0998912,0.0991196,0.0714674,0.0710976,25296.8,25011.3,25564.6,25521.2,32806.8,32314.9,39269,38401.6,1.71373,2.17132,0.0794455,0,26.1961,999.9,54,27.4,19.3147,63.0353,20.3806,1,0.0583968,0,20.4201,5.22208,11.98,4.9693,3.29583,9103.2,9999,9999,233.3,4.97,1.87515,1.8712,1.87425,1.87425,1.87239,1.87363,1.87485,0,0,0,0,11111111,oooooooo,on,on,on,on,0,100,100,-2.565,0.052,-1.494915045,-0.002774575,7.27494E-07,-2.16226E-10,-0.045796625,-0.001584374,0.000939206,-5.31953E-06,23,2146,2,22,1.7,1.7,0.15625,4.99756,1.49902,2.27905,1.49902,2.29614,31.4988,15.5768,3,353.083,682.474,26.8041,27.9725,30.0003,27.8931,27.9368,-1,40,10,-999.9,400,20,100.94,107.321
11,1784908368,1223.1,20260724 11:52:48,11:52:48,15,1784908360,9.54496E-05,0.095449611,-0.024393318,430.6129032,423.8212009,43.4610377,44.1574975,0.003862114,3.144370102,0.003859481,0.002412412,261.4498966,28.47658041,27.57990968,3.702891617,34.18982388,1.227783853,3.591079781,2.475107764,-4.209327823,-88.70725237,-6.107764038,162.4255524,0.984702101,0.068910876,-0.024393318,437.9739618,437.1532606,0.086827511,92.62082436,0.095449611,11.84101359,12.01097902,0.005333553,96.44450347,0,0,1,0,54115.29523,1499.999677,1273.859707,0.849239987,0.174299969,9,0.5,0: Broadleaf,2,TRUE,1784908360,430.6129032,433.0465484,11.97304194,11.80969355,433.3019032,11.92504194,375.1320968,102.4456774,0.100013074,27.05662258,27.57990968,999.9,0,0,9991.365484,695.3578065,0.218638,-2.323953539,435.9467742,438.2217419,0.173601774,433.0465484,11.80969355,1.227638387,1.209854194,9.940991935,9.723320645,1499.999677,0.692000419,0.307999581,28,28282.51935,1784908385,11:53:04,1784908385,1784908384,12,-0.122,-0.004,-2.689,0.048,422,11,0.55,0.19,-2.680101383,6.099818969,0.977692145,0,0.183148463,-0.196858307,0.025137047,0,0,2,0/2,2.63667,2.71258,0.101682,0.100847,0.0726843,0.0721445,25241.8,24958.3,25560.2,25516.3,32758.3,32272.6,39262.8,38394.8,1.71283,2.16908,0.0809804,0,26.2559,999.9,54.4,27.6,19.687,62.7953,19.7957,1,0.0644842,0,20.4209,5.22298,11.98,4.96975,3.29575,9103.2,9999,9999,233.3,4.96997,1.87515,1.87119,1.87435,1.87429,1.87238,1.87363,1.87485,0,0,0,0,11111111,oooooooo,on,on,on,on,0,100,100,-2.689,0.048,-1.496038446,-0.002774575,7.27494E-07,-2.16226E-10,-0.047378433,-0.001584374,0.000939206,-5.31953E-06,23,2146,2,22,1.7,1.7,0.15625,4.99756,1.49902,2.27905,1.49902,2.37793,31.6298,15.568,3,353.083,681.417,26.8841,28.053,30.0003,27.9709,28.0131,-1,40,10,-999.9,400,20,100.924,107.302
12,1784908488,1343.1,20260724 11:54:48,11:54:48,15,1784908480,0.000109464,0.109463708,0.137048439,413.3811667,347.1672186,35.6009377,42.39097579,0.00432033,3.147849539,0.004317038,0.002698444,261.4499157,28.47618049,27.55312333,3.697095218,32.25069873,1.158453013,3.592024539,2.538642205,-4.827349538,-83.49917139,-5.742176764,167.381218,-0.171725366,0.133373487,0.137048439,417.1624854,417.623097,-0.078249293,92.62694292,0.109463708,10.97297099,11.26411608,-0.002977227,96.60524248,0,0,1,0,54196.7181,1499.999667,1273.859745,0.849240019,0.174299983,9,0.5,0: Broadleaf,2,TRUE,1784908480,413.3811667,413.1014333,11.29680667,10.98042333,415.9581667,11.25480667,375.1149333,102.4469667,0.099978397,27.06110333,27.55312333,999.9,0,0,10007.064,695.6671667,0.218638,0.19492894,418.0189,417.6878,0.317025233,413.1014333,10.98042333,1.157389333,1.124909667,9.064422,8.643237667,1499.999667,0.692000333,0.3079997,28,28282.52667,1784908505,11:55:04,1784908504,1784908505,13,0.082,0.003,-2.577,0.042,412,11,0.22,0.1,0.104351459,2.4706688,0.550841202,0,0.335766024,-0.278139031,0.029984451,0,0,2,0/2,2.63665,2.71262,0.0982974,0.0974789,0.0692911,0.0685551,25335,25049,25558.5,25513.7,32876.7,32394.8,39259.8,38391,1.71242,2.16787,0.082612,0,26.2057,999.9,52,27.7,18.9281,62.1054,19.4631,1,0.0681911,0,20.4213,5.22253,11.98,4.9695,3.296,9103.2,9999,9999,233.3,4.96999,1.87515,1.8712,1.87431,1.87425,1.87241,1.87363,1.87485,0,0,0,0,11111111,oooooooo,on,on,on,on,0,100,100,-2.577,0.042,-1.618052706,-0.002774575,7.27494E-07,-2.16226E-10,-0.050923127,-0.001584374,0.000939206,-5.31953E-06,23,2146,2,22,1.7,1.7,0.15625,4.99756,1.4978,2.27905,1.49902,2.40112,31.7392,15.5417,3,353.221,681.06,26.9151,28.1128,30.0002,28.0304,28.0706,-1,40,10,-999.9,400,20,100.916,107.291
13,1784908608,1463.1,20260724 11:56:48,11:56:48,15,1784908600,9.73342E-05,0.097334157,0.09984353,424.1502667,366.6065886,37.59278796,43.49346557,0.003848425,3.146159665,0.003845812,0.002403867,261.449927,28.62337865,27.70815,3.730752033,33.0677802,1.197857723,3.622431611,2.53289431,-4.292436334,-85.38118121,-5.883524286,165.8927851,0.067377947,0.090459814,0.09984353,429.737831,429.0322909,0.045730024,92.62778728,0.097334157,11.45029515,11.68194965,-8.18369E-05,96.62932036,0,0,1,0,54130.78097,1499.999667,1273.85975,0.849240022,0.17429999,9,0.5,0: Broadleaf,2,TRUE,1784908600,424.1502667,424.4039667,11.68156333,11.46707333,426.7022667,11.63356333,375.1354,102.4425667,0.100020217,27.20477,27.70815,999.9,0,0,9999.807,695.6853333,0.218638,-0.305460837,429.1129667,429.3272,0.2186048,424.4039667,11.46707333,1.197111333,1.174717,9.565673667,9.284924667,1499.999667,0.692000233,0.3079998,28,28282.53667,1784908631,11:57:11,1784908631,1784908624,14,0.059,-0.002,-2.552,0.048,427,12,0.57,0.11,-0.261158895,-5.139566798,1.257319906,0,0.221171225,-0.044151839,0.017173461,1,1,2,1/2,2.63618,2.71254,0.100285,0.100389,0.0711847,0.0709283,25278.3,24967.1,25557.8,25512.6,32808,32310.4,39258.3,38389.2,1.712,2.1666,0.084877,0,26.3339,999.9,52.7,27.9,19.4078,62.1654,20.0481,1,0.0692073,0,20.4208,5.22103,11.98,4.96945,3.29595,9103.2,9999,9999,233.4,4.96998,1.87515,1.87119,1.87432,1.87427,1.87237,1.87363,1.87485,0,0,0,0,11111111,oooooooo,on,on,on,on,0,100,100,-2.552,0.048,-1.535449914,-0.002774575,7.27494E-07,-2.16226E-10,-0.048180891,-0.001584374,0.000939206,-5.31953E-06,23,2146,2,22,1.7,1.7,0.15625,4.99756,1.49902,2.27783,1.4978,2.28149,31.8488,15.498,3,353.189,680.339,27.0025,28.1398,30.0002,28.0615,28.1039,-1,40,10,-999.9,400,20,100.913,107.286
14,1784908728,1583.1,20260724 11:58:48,11:58:48,15,1784908720,9.76776E-05,0.097677601,-0.004442968,422.6588065,407.771569,41.81320171,43.33975017,0.003883645,3.145851927,0.003880983,0.002425853,261.4502195,28.64589411,27.73660968,3.736959686,33.59462066,1.218547941,3.627211491,2.518411745,-4.307582189,-86.38561032,-5.954835186,164.8021918,-0.34181626,0.109685534,-0.004442968,425.9773811,427.2518061,-0.124759926,92.62786536,0.097677601,11.61991665,11.85707413,-0.000529505,96.63117508,0,0,1,0,54119.42069,1500.000968,1273.860842,0.849240014,0.174300034,9,0.5,0: Broadleaf,2,TRUE,1784908720,422.6588065,421.9499677,11.88354839,11.62352581,425.1898065,11.82754839,375.1361613,102.4407419,0.100006094,27.22725806,27.73660968,999.9,0,0,9998.585484,696.2017097,0.218638,0.698656068,427.7307097,426.9120968,0.257876419,421.9499677,11.62352581,1.217139032,1.19072129,9.812833871,9.486025806,1500.000968,0.691999548,0.308000452,28,28282.53226,1784908745,11:59:05,1784908745,1784908745,15,0.006,0.004,-2.531,0.056,422,12,0.29,0.12,0.716659078,2.276393497,0.826284201,0,0.262018075,-0.100801024,0.024205999,0,0,2,0/2,2.63638,2.71267,0.0999125,0.0987967,0.0719692,0.0712027,25287.1,25009.5,25556.1,25510.8,32777.6,32298.5,39255.6,38386.8,1.7119,2.1652,0.0796169,0,26.4218,999.9,52.9,28,19.5971,62.4954,20.4808,1,0.0709019,0,20.4231,5.22238,11.98,4.96945,3.29588,9103.2,9999,9999,233.4,4.97002,1.87517,1.87122,1.87437,1.87431,1.8724,1.87363,1.87485,0,0,0,0,11111111,oooooooo,on,on,on,on,0,100,100,-2.531,0.056,-1.476444204,-0.002774575,7.27494E-07,-2.16226E-10,-0.049998519,-0.001584374,0.000939206,-5.31953E-06,23,2146,2,22,1.6,1.7,0.15625,4.99756,1.49902,2.27783,1.49902,2.31079,31.9365,15.4804,3,353.274,679.41,27.0886,28.159,30.0001,28.0855,28.1291,-1,40,10,-999.9,400,20,100.906,107.279
15,1784908848,1703.1,20260724 12:00:48,12:00:48,15,1784908840,7.76521E-05,0.077652076,-0.012245588,414.3435806,404.1223605,41.43878538,42.48687128,0.003058928,3.146456825,0.003057277,0.001910946,261.4495266,28.66400691,27.73072903,3.735676255,32.88765706,1.193850344,3.630086331,2.541825912,-3.424456568,-83.11245878,-5.72832294,169.1842883,0.190743297,0.065463684,-0.012245588,420.4103594,419.5743394,0.085550887,92.54747166,0.077652076,11.48908545,11.66643147,0.000650771,95.33404487,0,0,1,0,54131.25598,1499.997742,1273.85805,0.849239979,0.174299947,9,0.5,0: Broadleaf,2,TRUE,1784908840,414.3435806,414.8662903,11.64275484,11.48752258,416.9185806,11.58975484,375.1240645,102.4402258,0.099968523,27.24077097,27.73072903,999.9,0,0,10001.3871,696.3564516,0.218638,-0.464485397,419.2837097,419.6873548,0.155790387,414.8662903,11.48752258,1.192745161,1.176785806,9.511288065,9.311043226,1499.997742,0.69200071,0.30799929,28,28282.4871,1784908880,12:01:20,1784908880,1784908871,16,-0.041,0.001,-2.575,0.053,421,12,0.7,0.29,-0.5385323,-0.490307022,0.628179786,0,0.152263366,0.064953784,0.014503359,1,1,2,1/2,2.63618,2.71275,0.0985801,0.098057,0.0711033,0.0708955,25324.5,25029.1,25556.2,25509.9,32808.4,32308.2,39255.5,38385.5,1.7116,2.16425,0.0853762,0,26.3465,999.9,52.1,28.1,19.4129,62.4954,19.7196,1,0.0720122,0,20.4189,5.21834,11.98,4.9696,3.2959,9103.2,9999,9999,233.4,4.96998,1.87515,1.8712,1.87437,1.8743,1.87237,1.87363,1.87485,0,0,0,0,11111111,oooooooo,on,on,on,on,0,100,100,-2.575,0.053,-1.470847121,-0.002774575,7.27494E-07,-2.16226E-10,-0.045964435,-0.001584374,0.000939206,-5.31953E-06,23,2146,2,22,1.7,1.7,0.15625,4.99756,1.49902,2.27783,1.4978,2.30713,32.0244,15.4542,3,353.238,678.862,27.0738,28.1758,30.0003,28.1051,28.1529,-1,40,10,-999.9,400,20,100.906,107.275
16,1784908969,1823.5,20260724 12:02:48,12:02:48,15,1784908961,9.71436E-05,0.097143559,0.059520554,423.1323,382.2120308,39.19375215,43.38990182,0.003859021,3.146761627,0.003856393,0.002410482,261.45015,28.71740633,27.80291,3.751456143,33.79774524,1.231088414,3.642516401,2.520367729,-4.284030938,-85.47216258,-5.894227465,165.799729,-0.44745424,0.090879629,0.059520554,427.3129214,427.6559273,-0.048178285,92.55353029,0.097143559,11.77202158,12.00376434,-0.000140676,95.4015973,0,0,1,0,54128.03271,1500.000667,1273.86058,0.849240009,0.174300023,9,0.5,0: Broadleaf,2,TRUE,1784908961,423.1323,422.151,12.00540333,11.78997667,425.6653,11.95540333,375.1147667,102.4445667,0.099960947,27.29909,27.80291,999.9,0,0,10002.34967,696.3526667,0.218638,0.936136795,428.2330333,427.1873667,0.2268193,422.151,11.78997667,1.231055333,1.207819333,9.982491667,9.698203333,1500.000667,0.6919997,0.3080003,28,28282.53667,1784908987,12:03:07,1784908981,1784908987,17,0.043,-0.005,-2.533,0.05,422,12,0.45,0.21,0.922868685,-1.170029955,0.557580319,0,0.226215125,0.081531749,0.028251914,1,1,2,1/2,2.63653,2.71268,0.0999785,0.0992565,0.0725976,0.0718255,25282,24992.3,25553.2,25506.5,32751.4,32271.5,39251.1,38380.7,1.71122,2.1624,0.0822544,0,26.4721,999.9,52.7,28.2,19.7492,61.9254,19.5793,1,0.0764736,0,20.4195,5.21834,11.98,4.9695,3.29585,9103.2,9999,9999,233.5,4.97001,1.87515,1.87129,1.87432,1.87429,1.8724,1.87363,1.87485,0,0,0,0,11111111,oooooooo,on,on,on,on,0,100,100,-2.533,0.05,-1.512359454,-0.002774575,7.27494E-07,-2.16226E-10,-0.044821805,-0.001584374,0.000939206,-5.31953E-06,23,2146,2,22,1.5,1.6,0.15625,4.99756,1.4978,2.27661,1.4978,2.35962,32.1344,15.4367,3,353.331,677.817,27.1299,28.2258,30.0004,28.1545,28.2012,-1,40,10,-999.9,400,20,100.894,107.262
17,1784909089,1943.5,20260724 12:04:48,12:04:48,15,1784909081,8.85885E-05,0.088588546,-0.0165895,420.2098333,410.8663211,42.13175675,43.08987515,0.003464736,3.147188337,0.003462619,0.002164327,261.4503879,28.72907261,27.80190333,3.75123567,32.67712546,1.190951531,3.644603111,2.560284139,-3.906754869,-83.65469714,-5.768363651,168.1205723,0.178675817,0.084137433,-0.0165895,426.1324243,425.5049152,0.065996954,92.55326715,0.088588546,11.4820192,11.63665804,0.005314853,95.39529537,0,0,1,0,54136.32612,1500.002333,1273.861974,0.849239995,0.174299988,9,0.5,0: Broadleaf,2,TRUE,1784909081,420.2098333,420.7233333,11.61408667,11.41457,422.7628333,11.57108667,375.1277,102.4437333,0.099976333,27.30886333,27.80190333,999.9,0,0,10004.372,696.4747667,0.218638,-0.4891649,425.1747,425.5813333,0.20569422,420.7233333,11.41457,1.190422667,1.169351333,9.482298667,9.216371333,1500.002333,0.692000167,0.307999833,28,28282.57333,1784909107,12:05:07,1784909106,1784909107,18,-0.024,-0.002,-2.553,0.043,418,11,0.58,0.27,0.682106415,-21.03194956,2.197129596,0,0.27753341,-1.4129682,0.142164691,0,0,2,0/2,2.63626,2.7126,0.0996171,0.0993226,0.0709844,0.0711784,25288.8,24986.9,25550,25503,32804.6,32289.9,39245.8,38375.6,1.71078,2.16073,0.0827387,0,26.4453,999.9,51.7,28.4,19.602,62.3154,20.1442,1,0.0806961,0,20.4194,5.22058,11.98,4.96865,3.29583,9103.2,9999,9999,233.5,4.97,1.87515,1.8712,1.87434,1.87429,1.87239,1.87363,1.87485,0,0,0,0,11111111,oooooooo,on,on,on,on,0,100,100,-2.553,0.043,-1.469420552,-0.002774575,7.27494E-07,-2.16226E-10,-0.049996031,-0.001584374,0.000939206,-5.31953E-06,23,2146,2,22,1.8,1.7,0.15625,4.99756,1.49902,2.27661,1.49902,2.37427,32.2005,15.4192,3,353.42,676.972,27.1551,28.2878,30.0002,28.2097,28.2532,-1,40,10,-999.9,400,20,100.881,107.247
18,1784909209,2063.5,20260724 12:06:48,12:06:48,15,1784909201,8.01813E-05,0.080181334,0.05276347,418.4779667,375.5492591,38.51097705,42.91313318,0.003154511,3.144950406,0.003152754,0.001970629,261.4499362,28.69475904,27.75743,3.741506741,32.8968015,1.19633724,3.636636953,2.545169501,-3.535996817,-82.38518534,-5.682546718,169.8462074,0.14411035,0.033261032,0.05276347,423.5080895,423.3996182,-0.00193677,92.55454947,0.080181334,11.59877855,11.71390699,0.007187905,95.41151867,0,0,1,0,54090.26607,1499.999333,1273.859416,0.849239988,0.174300035,9,0.5,0: Broadleaf,2,TRUE,1784909201,418.4779667,418.8571,11.66637667,11.58751,420.9589667,11.61437667,375.1356333,102.4457333,0.100007653,27.27152667,27.75743,999.9,0,0,9993.998667,696.6235333,0.218638,-0.447163737,423.3469667,423.7675333,0.074384553,418.8571,11.58751,1.194711667,1.187092,9.535752333,9.440619333,1499.999333,0.691999433,0.308000533,28,28282.52667,1784909226,12:07:05,1784909225,1784909226,19,0.074,0.005,-2.481,0.052,422,12,0.41,0.13,-0.617018286,3.216217191,0.658291159,0,0.097807929,-0.20532434,0.058302012,0,0,2,0/2,2.63616,2.71263,0.0992306,0.0987121,0.071325,0.0710284,25298.5,25002.3,25549,25501.6,32790.7,32293.4,39243.7,38373.7,1.71073,2.16007,0.0860244,0,26.3504,999.9,51.2,28.5,19.5251,62.8254,19.9079,1,0.0812856,0,20.4204,5.22103,11.98,4.9689,3.2958,9103.2,9999,9999,233.5,4.97,1.87515,1.87122,1.87438,1.87438,1.87239,1.87363,1.87486,0,0,0,0,11111111,oooooooo,on,on,on,on,0,100,100,-2.481,0.052,-1.493743146,-0.002774575,7.27494E-07,-2.16226E-10,-0.052454594,-0.001584374,0.000939206,-5.31953E-06,23,2146,2,22,1.7,1.7,0.15625,4.99756,1.49902,2.27661,1.4978,2.27539,32.2666,15.3754,3,353.518,676.682,27.1389,28.301,30.0001,28.2318,28.2766,-1,40,10,-999.9,400,20,100.876,107.242
19,1784909329,2183.5,20260724 12:08:48,12:08:48,15,1784909321,0.000100805,0.100804792,-0.050511838,420.8907419,424.1015713,43.48938661,43.16013294,0.003950098,3.146080903,0.003947345,0.002467338,261.4499764,28.77906147,27.87172903,3.766555186,33.13587625,1.211394458,3.655839516,2.555160728,-4.44549133,-86.55658534,-5.974210012,164.4736897,-0.629316183,0.107031468,-0.050511838,423.8186325,425.1566182,-0.120142617,92.55625427,0.100804792,11.54859219,11.7909979,-0.000328192,95.42981739,0,0,1,0,54100.74015,1500.000323,1273.860242,0.849239979,0.174299947,9,0.5,0: Broadleaf,2,TRUE,1784909321,420.8907419,419.4890645,11.81332581,11.5595871,423.3707419,11.76532581,375.151129,102.4447419,0.10000101,27.36140645,27.87172903,999.9,0,0,9999.236452,697.0203226,0.218638,1.401230161,425.925129,424.395,0.261321452,419.4890645,11.5595871,1.210990323,1.18421871,9.73733129,9.404591935,1500.000323,0.69200071,0.30799929,28,28282.53871,1784909352,12:09:11,1784909352,1784909352,20,-0.011,0,-2.48,0.048,416,11,0.53,0.26,1.20286458,3.511306307,0.627768519,0,0.24500365,0.286096075,0.03279626,0,0,2,0/2,2.63628,2.7126,0.0995004,0.0983904,0.0716292,0.0707921,25289.5,25009.1,25547.6,25499.4,32778.1,32298.8,39241.6,38370.3,1.71063,2.1589,0.0837371,0,26.5158,999.9,51.1,28.6,19.6009,62.6454,19.7236,1,0.0831453,0,20.4301,5.21879,11.98,4.9687,3.29595,9103.2,9999,9999,233.6,4.97,1.87516,1.87125,1.87439,1.87431,1.87239,1.87363,1.87487,0,0,0,0,11111111,oooooooo,on,on,on,on,0,100,100,-2.48,0.048,-1.419722038,-0.002774575,7.27494E-07,-2.16226E-10,-0.04711637,-0.001584374,0.000939206,-5.31953E-06,23,2146,2,22,1.7,1.7,0.15625,4.99756,1.49902,2.27539,1.4978,2.31201,32.3328,15.3579,3,353.59,675.945,27.1883,28.3227,30.0002,28.2536,28.3011,-1,40,10,-999.9,400,20,100.871,107.232
20,1784909449,2303.5,20260724 12:10:48,12:10:48,15,1784909441,7.92109E-05,0.079210917,-0.109366647,418.5989032,457.9819263,46.96133691,42.92301289,0.00303414,3.14644034,0.003032515,0.001895468,261.4502414,28.90055709,27.98296129,3.791071905,31.99174616,1.177571728,3.680861064,2.613500177,-3.493201459,-85.67290259,-5.919262994,166.3648743,1.173218946,0.086470544,-0.109366647,426.5482746,425.2562121,0.154006139,92.56110631,0.079210917,11.31427589,11.49926224,0.000274915,95.48426292,0,0,1,0,54088.13652,1500.000968,1273.860926,0.84924007,0.174300048,9,0.5,0: Broadleaf,2,TRUE,1784909441,418.5989032,421.5004839,11.48405484,11.27898065,421.1219032,11.44205484,375.1313548,102.4397419,0.099974616,27.47790645,27.98296129,999.9,0,0,10001.35935,696.7586452,0.218638,-2.864744839,423.5021935,426.3087742,0.212336645,421.5004839,11.27898065,1.177167419,1.155416774,9.31589,9.039121935,1500.000968,0.691999548,0.308000516,28,28282.53548,1784909466,12:11:05,1784909464,1784909466,21,-0.028,-0.002,-2.523,0.042,421,11,0.57,0.1,-2.87301756,0.155286124,1.996802801,0,0.201502875,-0.003742548,0.037596607,1,1,2,1/2,2.63628,2.71272,0.0995315,0.0986072,0.0703105,0.0697209,25287.9,25002.2,25546.9,25498.7,32824.3,32335.3,39240.6,38369.1,1.71008,2.15825,0.0862256,0,26.5725,999.9,50.2,28.7,19.3692,62.4054,19.5112,1,0.0848806,0,20.4298,5.22163,11.98,4.96895,3.29575,9103.2,9999,9999,233.6,4.96999,1.87518,1.87129,1.87439,1.87434,1.8724,1.87363,1.87486,0,0,0,0,11111111,oooooooo,on,on,on,on,0,100,100,-2.523,0.042,-1.430635831,-0.002774575,7.27494E-07,-2.16226E-10,-0.047600492,-0.001584374,0.000939206,-5.31953E-06,23,2146,2,22,1.6,1.6,0.15625,4.99756,1.49902,2.27539,1.4978,2.34863,32.3991,15.3491,3,353.485,675.692,27.3036,28.359,30.0001,28.2824,28.3275,-1,40,10,-999.9,400,20,100.868,107.229
21,1784909569,2423.5,20260724 12:12:48,12:12:48,15,1784909561,8.31856E-05,0.083185614,-0.220748882,427.7138065,519.5213353,53.27120076,43.85734811,0.003162049,3.145427965,0.003160284,0.001975336,261.4498005,29.06145831,28.15937419,3.830240638,32.22328786,1.197357553,3.715814346,2.632883085,-3.668485587,-88.15889569,-6.103262491,163.5191567,0.489846029,0.05253478,-0.220748882,434.7308087,433.8264545,0.142491148,92.55602676,0.083185614,11.66399544,11.72938462,0.012653082,95.42572091,0,0,1,0,54035.17826,1499.999355,1273.859417,0.849239977,0.174299942,9,0.5,0: Broadleaf,2,TRUE,1784909561,427.7138065,428.9429677,11.67709355,11.55252258,430.2238065,11.62309355,375.1210645,102.4390323,0.099972665,27.63949677,28.15937419,999.9,0,0,9996.824194,696.6495806,0.218638,-1.254344065,432.7402581,433.9565806,0.120681161,428.9429677,11.55252258,1.195791613,1.18342871,9.549229355,9.394200323,1499.999355,0.692000774,0.307999226,29,28282.5129,1784909588,12:13:07,1784909588,1784909586,22,0.037,0.004,-2.51,0.054,433,12,0.38,0.1,-0.812778798,-10.79491602,2.183014658,0,0.154353137,-0.837095111,0.09286016,0,0,2,0/2,2.6358,2.71267,0.101028,0.100329,0.0713774,0.0714435,25246.1,24954.3,25547.3,25498.6,32786.7,32275.2,39241.1,38369.3,1.71,2.15718,0.090763,0,26.692,999.9,50.5,28.9,19.711,62.5254,20.4327,1,0.0848882,0,20.4347,5.22118,11.98,4.9687,3.29583,9103.2,9999,9999,233.6,4.97001,1.87518,1.87129,1.87438,1.87432,1.87239,1.87363,1.87486,0,0,0,0,11111111,oooooooo,on,on,on,on,0,100,100,-2.51,0.054,-1.458770231,-0.002774575,7.27494E-07,-2.16226E-10,-0.050007688,-0.001584374,0.000939206,-5.31953E-06,23,2146,2,22,1.8,1.7,0.15625,4.99756,1.49902,2.27539,1.49902,2.35718,32.4875,15.3228,3,353.526,674.921,27.429,28.3783,30.0001,28.2964,28.3419,-1,40,10,-999.9,400,20,100.87,107.229
22,1784909689,2543.5,20260724 12:14:48,12:14:48,15,1784909681,8.13877E-05,0.081387732,0.010205567,427.126871,404.6841361,41.49574451,43.79699112,0.003142298,3.147301748,0.003140556,0.001963004,261.4503553,29.10321312,28.2018,3.839712876,33.5128476,1.248346255,3.724978164,2.591366621,-3.589198963,-88.25903252,-6.109132046,163.4929918,-1.440392902,0.132526154,0.010205567,427.4650462,430.351103,-0.288010169,92.56463014,0.081387732,11.80397537,12.10872308,-0.010726653,95.49386681,0,0,1,0,54071.77287,1500.002581,1273.862078,0.849239925,0.174299937,9,0.5,0: Broadleaf,2,TRUE,1784909681,427.126871,423.8068065,12.17440323,11.86030968,429.513871,12.11940323,375.1158065,102.4386452,0.099954239,27.68164194,28.2018,999.9,0,0,10005.38484,697.2274194,0.218638,3.210713871,432.2840645,428.8939032,0.322172581,423.8068065,11.86030968,1.247957097,1.214954194,10.18622903,9.785699677,1500.002581,0.692000645,0.30799929,29,28282.57742,1784909714,12:15:14,1784909714,1784909714,23,0.087,-0.001,-2.387,0.055,418,12,0.5,0.14,2.7336884,9.796766657,1.010502676,0,0.276413378,0.971753107,0.09885663,0,0,2,0/2,2.63605,2.71271,0.100354,0.0989908,0.0730175,0.0717984,25263,24988.3,25545.4,25495.5,32725.1,32258.7,39237.5,38364.6,1.70982,2.15602,0.0835657,0,26.8393,999.9,51.1,29,20.0628,62.3454,20.5889,1,0.0884527,0,20.4292,5.22028,11.98,4.9689,3.29595,9103.2,9999,9999,233.7,4.96999,1.87522,1.87123,1.87438,1.87433,1.87239,1.87364,1.87486,0,0,0,0,11111111,oooooooo,on,on,on,on,0,100,100,-2.387,0.055,-1.4215,-0.00277457,7.27494E-07,-2.16226E-10,-0.04619259,-0.001584374,0.000939206,-5.31953E-06,23,2146,2,22,1.7,1.7,0.15625,4.99756,1.4978,2.27539,1.49902,2.38525,32.5982,15.3053,3,353.644,674.321,27.5143,28.4171,30.0003,28.3331,28.3762,-1,40,10,-999.9,400,20,100.861,107.216
23,1784909809,2663.5,20260724 12:16:48,12:16:48,15,1784909801,6.4682E-05,0.064682042,-0.069820159,416.2145333,443.4244583,45.46466762,42.67481205,0.002471702,3.145859763,0.002470623,0.001544236,261.4502252,29.08800151,28.17877,3.834568529,32.69278221,1.216383458,3.720648339,2.618185071,-2.852478045,-87.6880768,-6.071094296,164.838576,-0.185490843,0.065500831,-0.069820159,421.4548967,421.1478909,0.047146186,92.56790973,0.064682042,11.74484291,11.89113427,0.000676178,95.53466479,0,0,1,0,54041.1847,1500,1273.860207,0.849240138,0.17430015,9,0.5,0: Broadleaf,2,TRUE,1784909801,416.2145333,415.8349,11.86359,11.7083,418.6165333,11.81059,375.1135333,102.4308333,0.099973807,27.66174,28.17877,999.9,0,0,9999.588333,698.4018333,0.218638,0.39715483,421.2309,420.7614667,0.159053173,415.8349,11.7083,1.215583667,1.199291333,9.793777333,9.592421667,1500,0.6919983,0.3080018,28,28282.51333,1784909828,12:17:07,1784909828,1784909823,24,-0.015,-0.004,-2.402,0.053,418,12,0.53,0.12,0.849619144,-9.584474565,1.005776454,0,0.207620944,-0.946017155,0.094547669,0,0,2,0/2,2.63581,2.71269,0.0987426,0.0982497,0.0720837,0.0724716,25305.7,25005.8,25542.9,25492.5,32755.5,32231.6,39234.2,38360.6,1.70938,2.15415,0.0818931,0,26.8376,999.9,50.6,29.1,19.9817,62.6454,20.653,1,0.091283,0,20.4288,5.22178,11.98,4.969,3.29585,9103.2,9999,9999,233.7,4.96999,1.87527,1.87129,1.87439,1.87433,1.87241,1.87363,1.87486,0,0,0,0,11111111,oooooooo,on,on,on,on,0,100,100,-2.402,0.053,-1.334506441,-0.002774575,7.27494E-07,-2.16226E-10,-0.046775779,-0.001584374,0.000939206,-5.31953E-06,23,2146,2,22,1.6,1.6,0.15625,4.99756,1.49902,2.27417,1.4978,2.35107,32.6426,15.2791,3,353.624,673.102,27.5148,28.4535,30.0002,28.3688,28.4116,-1,40,10,-999.9,400,20,100.852,107.204
24,1784909929,2783.5,20260724 12:18:48,12:18:48,15,1784909921,9.43976E-05,0.094397573,-0.0493317,421.8713871,425.9793775,43.67296146,43.25179528,0.00362972,3.145521107,0.003627395,0.002267331,261.4499203,29.04052497,28.11671613,3.820737103,32.82115893,1.218277643,3.711866621,2.60245946,-4.16293298,-84.01113987,-5.814175895,167.4616715,0.300994119,0.09796482,-0.0493317,427.5320871,427.2795758,0.036834809,92.56122734,0.094397573,11.63389475,11.86132657,-0.000350216,95.48397394,0,0,1,0,54040.31167,1499.999355,1273.859503,0.849240034,0.174300022,9,0.5,0: Broadleaf,2,TRUE,1784909921,421.8713871,422.6926452,11.88289355,11.65066129,424.2823871,11.82789355,375.1444516,102.4236452,0.100006845,27.6213129,28.11671613,999.9,0,0,9998.749677,698.166129,0.218638,-0.822570316,426.9425484,427.6753226,0.230360516,422.6926452,11.65066129,1.216896774,1.193302581,9.809871935,9.518246452,1499.999355,0.691999806,0.308000226,28,28282.5,1784909950,12:19:09,1784909945,1784909950,25,0.009,0.004,-2.411,0.055,427,12,0.2,0.23,-0.549609888,-3.396966647,0.567220881,0,0.2383502,-0.101435775,0.01331224,0,0,2,0/2,2.63587,2.71257,0.0998254,0.0995351,0.0719317,0.071508,25273.3,24969,25541.1,25491.4,32758.4,32264.1,39231.1,38358.9,1.70935,2.15368,0.0867173,0,26.6995,999.9,50.2,29.2,19.9388,61.8654,20.0761,1,0.0930716,0,20.4259,5.22148,11.98,4.96915,3.29585,9103.2,9999,9999,233.7,4.96999,1.87527,1.87122,1.87439,1.87433,1.8724,1.87363,1.87485,0,0,0,0,11111111,oooooooo,on,on,on,on,0,100,100,-2.411,0.055,-1.349508011,-0.002774575,7.27494E-07,-2.16226E-10,-0.050720168,-0.001584374,0.000939206,-5.31953E-06,23,2146,2,22,1.7,1.8,0.15625,4.99756,1.49902,2.27539,1.4978,2.26074,32.6648,15.244,3,353.735,672.947,27.4842,28.4742,30.0001,28.3912,28.4334,-1,40,10,-999.9,400,20,100.844,107.2
25,1784910049,2903.5,20260724 12:20:48,12:20:48,15,1784910041,8.14167E-05,0.081416661,0.049141452,424.4518065,382.6017578,39.22582179,43.51645171,0.003136308,3.144603282,0.003134571,0.001959263,261.4501197,29.09742314,28.17740968,3.834264854,33.22692136,1.237194515,3.723470199,2.597070339,-3.590474764,-85.22311518,-5.903131463,166.7333983,-0.921527535,0.124497191,0.049141452,427.2564459,428.3869152,-0.123680017,92.56480222,0.081416661,11.71601323,12.01466294,-0.010136478,95.49441952,0,0,1,0,54009.08171,1500.00129,1273.861091,0.849239997,0.17429993,9,0.5,0: Broadleaf,2,TRUE,1784910041,424.4518065,422.3677419,12.06737742,11.7723,426.8548065,12.01637742,375.1400323,102.4239032,0.099990068,27.6747129,28.17740968,999.9,0,0,9994.55,697.9862258,0.218638,2.078292452,429.6347097,427.3992581,0.304758194,422.3677419,11.7723,1.236980645,1.205765484,10.05415161,9.67273,1500.00129,0.692001032,0.307999,28.62096774,28282.56129,1784910066,12:21:05,1784910065,1784910066,26,0.003,-0.003,-2.403,0.051,423,12,0.22,0.18,2.0976914,-4.313060916,0.785666941,0,0.28665555,0.414858754,0.045972132,0,0,2,0/2,2.63583,2.71262,0.0999825,0.0992,0.0725803,0.0716765,25266.7,24975.3,25538.9,25488.4,32732.7,32254.4,39227.9,38354.6,1.7092,2.15287,0.0845864,0,26.7878,999.9,50.3,29.3,20.0956,62.7654,20.3686,1,0.0952922,0,20.431,5.22118,11.98,4.96915,3.2957,9103.2,9999,9999,233.8,4.97001,1.87527,1.87132,1.87438,1.87437,1.87241,1.87363,1.87487,0,0,0,0,11111111,oooooooo,on,on,on,on,0,100,100,-2.403,0.051,-1.340280819,-0.002774575,7.27494E-07,-2.16226E-10,-0.046654736,-0.001584374,0.000939206,-5.31953E-06,23,2146,2,22,1.7,1.6,0.15625,4.99756,1.49902,2.27417,1.49902,2.25708,32.7313,15.2265,3,353.823,672.598,27.5293,28.5004,30.0001,28.4203,28.4629,-1,40,10,-999.9,400,20,100.836,107.188
26,1784910169,3023.5,20260724 12:22:48,12:22:48,15,1784910161,7.21781E-05,0.07217813,-0.005664965,424.4081935,410.4129135,42.07893411,43.51384623,0.002797891,3.147558764,0.00279651,0.001747943,261.4499601,29.08431537,28.1532871,3.82888327,33.54853761,1.248139711,3.720399755,2.580743559,-3.183055532,-83.60520619,-5.784523574,168.8771748,-0.538757563,0.051977187,-0.005664965,427.3025143,428.7212303,-0.138944901,92.6111108,0.07217813,12.0258761,12.19291888,0.000382826,96.2271462,0,0,1,0,54081.39473,1499.999355,1273.859443,0.849239994,0.174300048,9,0.5,0: Broadleaf,2,TRUE,1784910161,424.4081935,423.1684839,12.1736129,12.05042258,426.8441935,12.1146129,375.1105806,102.4283548,0.099934897,27.66059677,28.1532871,999.9,0,0,10007.55935,698.013,0.218638,1.270087903,429.6695806,428.3301613,0.124232397,423.1684839,12.05042258,1.247029677,1.234304839,10.17515161,10.02183129,1499.999355,0.691999258,0.30800071,28.38843226,28282.50968,1784910185,12:23:04,1784910183,1784910185,27,-0.035,0.001,-2.436,0.059,422,12,0.31,0.27,0.591534125,12.5967834,1.617748834,0,0.112985763,0.453429254,0.048163167,0,0,2,0/2,2.6361,2.71262,0.100027,0.0993243,0.0734098,0.073031,25263.8,24970.2,25537.3,25486.8,32700.6,32204.8,39225,38352,1.70885,2.15175,0.0868626,0,26.74,999.9,50.6,29.4,20.3309,62.4654,19.7917,1,0.0972205,0,20.4299,5.21759,11.98,4.9691,3.29598,9103.2,9999,9999,233.8,4.97001,1.87526,1.87128,1.87439,1.87439,1.8724,1.87363,1.87488,0,0,0,0,11111111,oooooooo,on,on,on,on,0,100,100,-2.436,0.059,-1.336992456,-0.002774575,7.27494E-07,-2.16226E-10,-0.049156987,-0.001584374,0.000939206,-5.31953E-06,23,2146,2,22,1.7,1.7,0.15625,4.99756,1.4978,2.27417,1.4978,2.35718,32.7758,15.2178,3,353.788,671.924,27.5153,28.5199,30.0002,28.4445,28.4889,-1,40,10,-999.9,400,20,100.829,107.18
27,1784910289,3143.5,20260724 12:24:48,12:24:48,15,1784910281,8.18498E-05,0.08184979,0.008788435,416.0074194,394.6060536,40.45903353,42.65331962,0.003138687,3.145395967,0.003136949,0.001960749,261.4501849,29.04452123,28.10855806,3.818921962,32.57720602,1.209285377,3.712059825,2.609636585,-3.60957575,-82.4734211,-5.707774807,169.6594132,-1.992807248,0.195911206,0.008788435,414.8610809,418.238103,-0.336092686,92.59724798,0.08184979,11.33488598,11.68180629,-0.014584804,95.96612453,0,0,1,0,54037.34192,1500.00129,1273.861004,0.849239939,0.174299973,9,0.5,0: Broadleaf,2,TRUE,1784910281,416.0074194,411.4217419,11.79443226,11.32993871,418.3924194,11.74443226,375.1192903,102.4301935,0.099996142,27.62220323,28.10855806,999.9,0,0,9997.54129,698.2343871,0.218638,4.549353871,420.9375806,416.1365484,0.468213258,411.4217419,11.32993871,1.208486774,1.160526774,9.706132258,9.104533871,1500.00129,0.692000161,0.307999774,28,28282.55806,1784910306,12:25:06,1784910306,1784910306,28,0.028,0.001,-2.385,0.05,413,12,0.31,0.14,4.64221725,-3.078965291,0.456908025,0,0.486333875,-0.904655426,0.1037607,0,0,2,0/2,2.63577,2.7125,0.0981884,0.0969317,0.0710851,0.070291,25311.9,25033.7,25534,25484,32779.1,32297.2,39219.8,38348.1,1.70888,2.15107,0.0840016,0,26.7392,999.9,49.3,29.4,19.8104,62.7354,20.3926,1,0.100724,0,20.4305,5.22073,11.98,4.9686,3.29585,9103.2,9999,9999,233.8,4.96999,1.87526,1.87127,1.87438,1.87436,1.87239,1.87363,1.87486,0,0,0,0,11111111,oooooooo,on,on,on,on,0,100,100,-2.385,0.05,-1.372037978,-0.002774575,7.27494E-07,-2.16226E-10,-0.048610533,-0.001584374,0.000939206,-5.31953E-06,23,2146,2,22,1.8,1.7,0.15625,4.99756,1.49902,2.27417,1.4978,2.33643,32.8424,15.1915,3,354.001,671.767,27.5016,28.5606,30.0003,28.481,28.5252,-1,40,10,-999.9,400,20,100.816,107.169
28,1784910409,3263.5,20260724 12:26:48,12:26:48,15,1784910401,8.26611E-05,0.082661053,0.072084934,412.4076333,359.9223994,36.90130332,42.28238974,0.003172111,3.14690086,0.003170335,0.001981619,261.4501275,28.95646075,28.00855,3.796731574,32.1822533,1.188540693,3.693155609,2.608190882,-3.645352422,-80.35799691,-5.55352244,171.8932557,0.120309444,0.105904226,0.072084934,418.0371903,417.5124364,0.034600332,92.56724991,0.082661053,11.29742343,11.56424825,-0.006785631,95.52513734,0,0,1,0,54088.44022,1500.000667,1273.860571,0.849240003,0.174300008,9,0.5,0: Broadleaf,2,TRUE,1784910401,412.4076333,412.8010667,11.59261,11.34147,414.8236333,11.54761,375.1249,102.4257667,0.09995382,27.53489667,28.00855,999.9,0,0,10004.819,698.1529,0.218638,-0.362572151,417.2783667,417.5366333,0.257040833,412.8010667,11.34147,1.187984333,1.161656667,9.451810333,9.118959,1500.000667,0.6919999,0.3080001,28,28282.54,1784910427,12:27:06,1784910427,1784910425,29,-0.037,-0.002,-2.416,0.045,410,11,0.22,0.05,-0.731043688,4.791751139,0.562531475,0,0.2259077,0.525160435,0.055113688,0,0,2,0/2,2.63607,2.7127,0.0980818,0.0972451,0.0705508,0.0698242,25315.3,25025,25534.3,25484,32798.2,32313.7,39219.9,38348.3,1.70877,2.15058,0.0861213,0,26.5935,999.9,48.5,29.5,19.6025,62.0754,19.403,1,0.100218,0,20.4302,5.22163,11.98,4.96925,3.29593,9103.2,9999,9999,233.9,4.97,1.87528,1.87131,1.87439,1.87435,1.87241,1.87363,1.87486,0,0,0,0,11111111,oooooooo,on,on,on,on,0,100,100,-2.416,0.045,-1.343926813,-0.002774575,7.27494E-07,-2.16226E-10,-0.047874469,-0.001584374,0.000939206,-5.31953E-06,23,2146,2,22,1.7,1.7,0.15625,4.99756,1.4978,2.27417,1.4978,2.38647,32.9092,15.1827,3,354.006,671.445,27.4161,28.5606,30.0001,28.4907,28.5349,-1,40,10,-999.9,400,20,100.816,107.17
29,1784910529,3383.5,20260724 12:28:48,12:28:48,15,1784910521,8.48645E-05,0.084864484,-0.063081524,418.1714839,431.3780956,44.22668204,42.87268512,0.003276738,3.145137576,0.003274842,0.002046947,261.4499148,29.04029568,28.12028387,3.82153115,33.14674996,1.230168027,3.711277962,2.591363123,-3.742523741,-85.06584678,-5.887912309,166.753632,0.02568888,0.085738425,-0.063081524,422.841831,423.2045333,-0.020718789,92.63528445,0.084864484,11.77816357,11.98279818,-0.000328706,96.88112393,0,0,1,0,54031.76692,1499.999677,1273.859752,0.849240017,0.174299981,9,0.5,0: Broadleaf,2,TRUE,1784910521,418.1714839,418.319129,11.99880968,11.79558387,420.5444839,11.94480968,375.1428065,102.4241613,0.100010661,27.6186,28.12028387,999.9,0,0,9996.954839,697.9702258,0.218638,-0.209865455,423.1880323,423.3124839,0.20541171,418.319129,11.79558387,1.229190968,1.208152258,9.959867097,9.702334516,1499.999677,0.692000355,0.307999677,28,28282.52903,1784910549,12:29:08,1784910549,1784910545,30,0.071,0.002,-2.373,0.054,423,12,0.49,0.2,-0.371082403,4.427710355,0.4584274,0,0.177933608,0.532918925,0.057657865,0,0,2,0/2,2.63604,2.71252,0.0990638,0.0984401,0.0724488,0.0718854,25287.2,24991,25533.8,25483.2,32729.9,32240.5,39219.1,38346.9,1.7087,2.14988,0.0856221,0,26.7286,999.9,49.3,29.6,20.0408,62.6755,19.6074,1,0.100213,0,20.4298,5.22253,11.98,4.9695,3.29595,9103.2,9999,9999,233.9,4.96999,1.87525,1.8713,1.87439,1.87438,1.87241,1.87365,1.87488,0,0,0,0,11111111,oooooooo,on,on,on,on,0,100,100,-2.373,0.054,-1.380826983,-0.002774575,7.27494E-07,-2.16226E-10,-0.049850294,-0.001584374,0.000939206,-5.31953E-06,23,2146,2,22,1.7,1.7,0.15625,4.99756,1.4978,2.27417,1.4978,2.34131,32.976,15.1565,3,354.01,670.953,27.4558,28.5606,30.0002,28.498,28.5451,-1,40,10,-999.9,400,20,100.815,107.166
30,1784910649,3503.5,20260724 12:30:48,12:30:48,15,1784910641,8.2499E-05,0.082498952,-0.154808996,417.5042903,476.9201169,48.89665863,42.80499823,0.003176826,3.147116143,0.003175045,0.001984563,261.4502285,29.06154578,28.14338387,3.826675836,33.05648474,1.228362998,3.715951675,2.598312838,-3.638203789,-85.38590252,-5.907663945,166.5184582,0.149247377,0.089852225,-0.154808996,422.2659016,422.7191939,-0.007661147,92.56900072,0.082498952,11.76815205,11.96658601,-0.000274376,95.54705815,0,0,1,0,54074.58756,1500.001935,1273.8616,0.849239971,0.174299927,9,0.5,0: Broadleaf,2,TRUE,1784910641,417.5042903,417.9523871,11.98100323,11.76800323,419.8872903,11.92500323,375.1086129,102.4259355,0.099952813,27.64012903,28.14338387,999.9,0,0,10005.78194,697.9691613,0.218638,-0.427931306,422.5879677,422.9294194,0.21443429,417.9523871,11.76800323,1.227312581,1.205349032,9.937025161,9.667762581,1500.001935,0.692000968,0.307999032,28.06452581,28282.56774,1784910668,12:31:07,1784910665,1784910668,31,-0.018,0.001,-2.383,0.056,419,12,0.25,0.15,-0.777121663,6.720537612,0.757855206,0,0.203296425,0.127505482,0.027813139,0,0,2,0/2,2.63592,2.71263,0.0989657,0.0985053,0.072373,0.0720431,25287.5,24986.9,25531.5,25480.9,32729.5,32232.3,39215.4,38343.8,1.70882,2.14867,0.0839606,0,26.7656,999.9,49.2,29.7,20.1155,62.0755,20.2083,1,0.102873,0,20.4267,5.22313,11.98,4.9699,3.29598,9103.2,9999,9999,233.9,4.97,1.87522,1.87129,1.87439,1.87434,1.8724,1.87364,1.87485,0,0,0,0,11111111,oooooooo,on,on,on,on,0,100,100,-2.383,0.056,-1.310126691,-0.002774575,7.27494E-07,-2.16226E-10,-0.0482191,-0.001584374,0.000939206,-5.31953E-06,23,2146,2,22,1.7,1.7,0.15625,4.99756,1.4978,2.27417,1.49902,2.40845,33.0206,15.139,3,354.217,670.236,27.5012,28.5924,30.0002,28.5248,28.573,-1,40,10,-999.9,400,20,100.805,107.157
31,1784910769,3623.6,20260724 12:32:48,12:32:48,15,1784910761,9.58034E-05,0.095803364,-0.065144494,419.426871,429.9350673,44.08010822,43.00273057,0.00372622,3.14568519,0.00372377,0.002327576,261.4496028,29.08663074,28.16969032,3.832542001,33.86045614,1.260280223,3.721982414,2.572261778,-4.224928341,-85.10308764,-5.892362489,166.2292243,-0.832066536,0.096322465,-0.065144494,420.8428879,423.4639879,-0.243722766,92.56904384,0.095803364,12.04124789,12.2701965,-0.00018581,95.54753105,0,0,1,0,54035.89139,1499.997742,1273.858081,0.849239999,0.174299998,9,0.5,0: Broadleaf,2,TRUE,1784910761,419.426871,417.5276774,12.29213548,12.0639,421.707871,12.23513548,375.1590645,102.4273548,0.100007003,27.66787419,28.16969032,999.9,0,0,9999.133871,698.0310968,0.218638,1.7954487,424.545,422.6265806,0.235768419,417.5276774,12.0639,1.259822581,1.235673226,10.32789677,10.03800839,1499.997742,0.692000032,0.307999968,28.31855806,28282.47419,1784910790,12:33:09,1784910787,1784910790,32,0.093,0,-2.281,0.057,415,12,0.22,0.13,1.423522286,13.34621921,1.527165474,0,0.213413878,0.758566524,0.085248502,0,0,2,0/2,2.63618,2.71261,0.0990455,0.0975195,0.0736922,0.0720929,25283.7,25011.9,25530,25478.6,32680.3,32227.9,39212.9,38340.8,1.7085,2.14785,0.0822172,0,26.8263,999.9,49.6,29.8,20.3951,61.9909,19.5954,1,0.105788,0,20.4262,5.22268,11.98,4.9697,3.29598,9103.2,9999,9999,234,4.96999,1.87522,1.87129,1.87439,1.87433,1.87239,1.87363,1.87485,0,0,0,0,11111111,oooooooo,on,on,on,on,0,100,100,-2.281,0.057,-1.327762479,-0.002774575,7.27494E-07,-2.16226E-10,-0.04694047,-0.001584374,0.000939206,-5.31953E-06,23,2146,2,22,1.7,1.7,0.15625,4.99756,1.49902,2.27295,1.49902,2.31201,33.0652,15.1215,3,354.248,669.899,27.5083,28.6266,30.0002,28.5589,28.6052,-1,40,10,-999.9,400,20,100.799,107.148
32,1784910889,3743.6,20260724 12:34:48,12:34:48,15,1784910881,6.49131E-05,0.064913087,-0.076369467,406.957,438.7385395,44.98466863,41.72604899,0.002463787,3.146006811,0.002462715,0.001539293,261.4494832,29.13493427,28.21114839,3.841802798,32.31809627,1.205756548,3.730902149,2.63604625,-2.862667123,-85.19549824,-5.900581395,167.4907364,0.153054622,0.072109956,-0.076369467,412.9436367,412.2456,0.08735737,92.63570185,0.064913087,11.6348327,11.78252364,0.000587351,96.8972676,0,0,1,0,54036.20857,1499.997097,1273.857606,0.849240047,0.174299993,9,0.5,0: Broadleaf,2,TRUE,1784910881,406.957,407.3946129,11.75982581,11.58885484,409.259,11.70482581,375.1266129,102.4318387,0.099998777,27.70883871,28.21114839,999.9,0,0,10000.15903,698.0689677,0.218638,-0.398586132,411.8390968,412.1711613,0.170839,407.3946129,11.58885484,1.204567097,1.187068387,9.658108065,9.440210968,1499.997097,0.69200029,0.307999774,28.95295484,28282.47419,1784910906,12:35:05,1784910905,1784910906,33,-0.026,-0.001,-2.302,0.055,413,12,0.44,0.23,-0.164170828,-6.375570692,0.666884774,0,0.194452925,-0.619294345,0.060375289,0,0,2,0/2,2.636,2.71253,0.097091,0.0965341,0.0715408,0.0714183,25335.7,25035.5,25527.4,25475.1,32753.3,32246.9,39208.6,38335.4,1.70798,2.1465,0.0822768,0,26.878,999.9,48.5,29.8,19.9425,62.6809,19.9679,1,0.109301,0,20.4228,5.22253,11.98,4.96955,3.29593,9103.2,9999,9999,234,4.97,1.87521,1.87128,1.87437,1.87435,1.87239,1.87363,1.87486,0,0,0,0,11111111,oooooooo,on,on,on,on,0,100,100,-2.302,0.055,-1.234568982,-0.002774575,7.27494E-07,-2.16226E-10,-0.04673117,-0.001584374,0.000939206,-5.31953E-06,23,2146,2,22,1.7,1.6,0.15625,4.99756,1.49902,2.27295,1.49902,2.27051,33.1322,15.0952,3,354.23,669.231,27.5436,28.6756,30.0001,28.6017,28.6483,-1,40,10,-999.9,400,20,100.788,107.133
33,1784911009,3863.6,20260724 12:36:48,12:36:48,15,1784911001,8.37427E-05,0.083742678,-0.044704103,415.4300968,420.3298889,43.09539398,42.59303029,0.003172174,3.14542197,0.003170398,0.001981658,261.4501723,29.13979733,28.21482258,3.842624471,32.175465,1.20108049,3.732907947,2.641543981,-3.693052117,-84.24261636,-5.83604467,167.6784592,-1.127251365,0.168915953,-0.044704103,415.6905382,418.7117636,-0.288130056,92.61322993,0.083742678,11.28432751,11.62066713,-0.013109899,96.27170549,0,0,1,0,54020.67682,1500.000968,1273.860823,0.849240001,0.174300002,9,0.5,0: Broadleaf,2,TRUE,1784911001,415.4300968,412.8940323,11.71470968,11.31420645,417.7650968,11.66770968,375.1366452,102.4275484,0.100002277,27.71803871,28.21482258,999.9,0,0,9997.917742,698.0454194,0.218638,2.56257329,420.3839355,417.6191613,0.406798129,412.8940323,11.31420645,1.200555484,1.158887097,9.608236129,9.083547742,1500.000968,0.691999968,0.308000032,29,28282.54194,1784911029,12:37:08,1784911026,1784911029,34,-0.039,0,-2.335,0.047,410,11,0.42,0.19,2.0724834,13.6269174,1.342421423,0,0.39848545,-0.023261133,0.030902725,1,1,2,1/2,2.63559,2.71251,0.0982211,0.0969386,0.0707691,0.0696441,25303.5,25022.8,25527,25473.6,32780.5,32306.9,39208.1,38333.1,1.70732,2.14643,0.0815019,0,26.8616,999.9,47.7,29.9,19.7276,62.4109,19.6915,1,0.110584,0,20.4236,5.22118,11.98,4.96915,3.29598,9103.2,9999,9999,234,4.97,1.87521,1.87134,1.87439,1.87436,1.87241,1.87363,1.87485,0,0,0,0,11111111,oooooooo,on,on,on,on,0,100,100,-2.335,0.047,-1.26057126,-0.002774575,7.27494E-07,-2.16226E-10,-0.047623473,-0.001584374,0.000939206,-5.31953E-06,23,2146,2,22,1.7,1.7,0.15625,4.99756,1.49902,2.27295,1.49902,2.39746,33.1992,15.0952,3,354.071,669.477,27.581,28.7075,30.0001,28.6298,28.6745,-1,40,10,-999.9,400,20,100.787,107.126
34,1784911129,3983.6,20260724 12:38:48,12:38:48,15,1784911121,9.04856E-05,0.090485606,-0.078566382,410.1974516,429.145196,43.99951884,42.05683919,0.003429492,3.146568881,0.003427417,0.002142322,261.4502448,29.04596698,28.10393548,3.817893788,31.70071004,1.177027632,3.712937754,2.640866156,-3.99041524,-81.03379845,-5.606035445,170.8199957,-0.160358308,0.088351742,-0.078566382,414.5138616,414.8161273,-0.011035572,92.63702143,0.090485606,11.25659633,11.47301758,-0.000172255,96.95395381,0,0,1,0,54064.2308,1500.001613,1273.861355,0.84923999,0.174299976,9,0.5,0: Broadleaf,2,TRUE,1784911121,410.1974516,409.8996774,11.48002903,11.27049355,412.5854516,11.43602903,375.1331935,102.4282903,0.099989719,27.62624839,28.10393548,999.9,0,0,10003.06226,698.4079355,0.218638,0.349516839,415.0154839,414.5721613,0.214230548,409.8996774,11.27049355,1.176360323,1.154417742,9.305705161,9.02634871,1500.001613,0.692000323,0.307999677,28,28282.55806,1784911146,12:39:06,1784911146,1784911146,35,-0.053,-0.001,-2.388,0.044,410,11,0.41,0.13,0.092262836,3.305581012,0.471340206,0,0.208545732,0.118246056,0.013506148,0,0,2,0/2,2.6361,2.7126,0.097567,0.0968626,0.0701205,0.0695774,25323.1,25026.7,25528.3,25475.4,32805,32311.6,39209.8,38335.8,1.70785,2.1457,0.0859722,0,26.6954,999.9,47.1,30,19.5901,62.2909,19.5593,1,0.10877,0,20.4239,5.21729,11.98,4.9693,3.296,9103.2,9999,9999,234.1,4.97,1.87526,1.87132,1.87439,1.87433,1.87241,1.87363,1.87485,0,0,0,0,11111111,oooooooo,on,on,on,on,0,100,100,-2.388,0.044,-1.300100764,-0.002774575,7.27494E-07,-2.16226E-10,-0.0480602,-0.001584374,0.000939206,-5.31953E-06,23,2146,2,22,1.7,1.7,0.15625,4.99756,1.49902,2.27295,1.49902,2.33887,33.2663,15.0514,3,354.293,668.8,27.5095,28.6877,30.0001,28.6241,28.6708,-1,40,10,-999.9,400,20,100.791,107.134
35,1784911249,4103.6,20260724 12:40:48,12:40:48,15,1784911241,6.18055E-05,0.061805485,-0.029656052,422.5827667,424.9060884,43.5641657,43.32596349,0.002388011,3.145393026,0.002387004,0.001491968,261.4500019,29.07804466,28.13832333,3.825548269,33.25223376,1.236413415,3.718286788,2.589134854,-2.725621877,-82.65849008,-5.722255197,170.3436348,-0.242073586,0.043222548,-0.029656052,427.1138634,427.4894848,-0.030030412,92.59791498,0.061805485,11.96939239,12.09128881,0.002347108,95.97898079,0,0,1,0,54032.04158,1499.999667,1273.859741,0.849240016,0.17430004,9,0.5,0: Broadleaf,2,TRUE,1784911241,422.5827667,422.0458,12.05944333,11.95699333,424.9067667,12.00444333,375.1213,102.4266,0.099974443,27.65087667,28.13832333,999.9,0,0,9997.878667,698.0730667,0.218638,0.443458272,427.6477667,427.1532667,0.105620677,422.0458,11.95699333,1.235532667,1.224714333,10.03669667,9.905392,1499.999667,0.691999467,0.308000533,28.06112333,28282.50333,1784911269,12:41:09,1784911268,1784911269,36,0.09,0.001,-2.324,0.055,421,12,0.48,0.3,0.608880214,-2.27156178,0.606073853,0,0.107144658,0.055962645,0.018681014,1,1,2,1/2,2.63587,2.71264,0.0997787,0.0988397,0.072925,0.0726391,25262.2,24972.6,25529.2,25476.1,32706.1,32205.5,39211,38336.8,1.7077,2.14568,0.0869557,0,26.722,999.9,48.4,30.1,20.2465,62.1409,19.7636,1,0.107182,0,20.4244,5.22163,11.98,4.9693,3.29588,9103.2,9999,9999,234.1,4.96999,1.87526,1.87134,1.87439,1.87436,1.8724,1.87364,1.87485,0,0,0,0,11111111,oooooooo,on,on,on,on,0,100,100,-2.324,0.055,-1.353196002,-0.002774575,7.27494E-07,-2.16226E-10,-0.048950174,-0.001584374,0.000939206,-5.31953E-06,23,2146,2,22,1.7,1.7,0.15625,4.99756,1.4978,2.27295,1.4978,2.39136,33.3111,15.0426,3,354.131,668.634,27.5141,28.6609,30,28.6077,28.6587,-1,40,10,-999.9,400,20,100.795,107.137
36,1784911369,4223.6,20260724 12:42:48,12:42:48,15,1784911361,9.65437E-05,0.096543697,-0.098172464,420.1677667,444.5240448,45.57390769,43.07683068,0.003709194,3.144600062,0.003706765,0.002316946,261.4500432,29.10882004,28.19800333,3.838864378,33.13065499,1.234698345,3.726755012,2.604166033,-4.257577039,-86.15599903,-5.968817088,165.06765,-0.663358261,0.085407618,-0.098172464,422.538759,424.4129152,-0.161767223,92.63715355,0.096543697,11.79890622,12.02975515,-0.000190639,96.96056368,0,0,1,0,54006.27447,1500.000333,1273.860316,0.849240022,0.17429999,9,0.5,0: Broadleaf,2,TRUE,1784911361,420.1677667,418.6624,12.04314333,11.84071,422.4877667,11.99214333,375.1414667,102.4229333,0.099997033,27.68980333,28.19800333,999.9,0,0,9994.63,698.1391667,0.218638,1.503723167,425.2910333,423.679,0.2099185,418.6624,11.84071,1.234259333,1.212758333,10.02131333,9.758884333,1500.000333,0.692000233,0.3079998,28.57084333,28282.51333,1784911386,12:43:06,1784911386,1784911386,37,-0.009,-0.001,-2.32,0.051,415,12,0.34,0.12,1.1239311,7.092849253,0.712535046,0,0.1765247,0.633482499,0.06388419,0,0,2,0/2,2.63562,2.71244,0.0992094,0.0980613,0.0726245,0.0716458,25277.1,24993.1,25528.2,25474.9,32715.3,32238.8,39209.2,38335.1,1.70782,2.14538,0.0850521,0,26.8131,999.9,48.2,30.1,20.1663,62.351,20.7933,1,0.107503,0,20.4239,5.21954,11.98,4.9686,3.29595,9103.2,9999,9999,234.1,4.96999,1.87521,1.87134,1.87439,1.87435,1.8724,1.87363,1.87486,0,0,0,0,11111111,oooooooo,on,on,on,on,0,100,100,-2.32,0.051,-1.263128139,-0.002774575,7.27494E-07,-2.16226E-10,-0.048413448,-0.001584374,0.000939206,-5.31953E-06,23,2146,2,22,1.7,1.7,0.15625,4.99756,1.49902,2.27295,1.4978,2.35107,33.3335,15.0164,3,354.204,668.401,27.5419,28.6658,30,28.6102,28.6611,-1,40,10,-999.9,400,20,100.79,107.132
37,1784911489,4343.6,20260724 12:44:48,12:44:48,15,1784911481,8.0395E-05,0.080394974,0.024461853,415.1835333,385.6934641,39.54120902,42.56452443,0.003075283,3.146313061,0.003073614,0.001921158,261.450148,29.18540783,28.29139667,3.859783932,33.2636992,1.244986879,3.742779392,2.614797053,-3.545418345,-89.58580049,-6.208212096,162.1107171,-0.464435565,0.13497936,0.024461853,418.7098733,419.6935818,-0.103251146,92.57264109,0.080394974,11.81902588,12.08938671,-0.00765047,95.59544465,0,0,1,0,54033.39045,1500.001,1273.860839,0.849239993,0.174299983,9,0.5,0: Broadleaf,2,TRUE,1784911481,415.1835333,414.2037333,12.14387,11.82396667,417.5335333,12.09887,375.1326,102.4198,0.09997984,27.76325333,28.29139667,999.9,0,0,10002.72767,698.8094,0.218638,1.010658133,420.3250333,419.1600333,0.334782133,414.2037333,11.82396667,1.245295667,1.211006333,10.15428,9.737369,1500.001,0.692000233,0.307999767,28.51805333,28282.54667,1784911514,12:45:13,1784911514,1784911509,38,-0.038,-0.002,-2.35,0.045,412,11,0.61,0.2,0.79899641,3.805805045,0.40411076,0,0.308341125,0.36040576,0.047494312,0,0,2,0/2,2.63581,2.7124,0.0983764,0.0975035,0.0728741,0.0714372,25298.4,25006.3,25526.2,25472.7,32703.8,32243.2,39206.1,38331.8,1.70745,2.14475,0.080578,0,26.9767,999.9,48.1,30.2,20.2404,62.4109,20.4046,1,0.10984,0,20.425,5.22118,11.98,4.969,3.29593,9103.2,9999,9999,234.2,4.96999,1.87525,1.87134,1.87439,1.87436,1.87241,1.87363,1.87486,0,0,0,0,11111111,oooooooo,on,on,on,on,0,100,100,-2.35,0.045,-1.271676289,-0.002774575,7.27494E-07,-2.16226E-10,-0.049024898,-0.001584374,0.000939206,-5.31953E-06,23,2146,2,22,1.7,1.7,0.155029,4.99756,1.49902,2.27295,1.49902,2.42065,33.3335,14.9989,3,354.104,668.029,27.608,28.6898,30,28.6249,28.6757,-1,40,10,-999.9,400,20,100.782,107.123
38,1784911609,4463.6,20260724 12:46:48,12:46:48,15,1784911601,8.13098E-05,0.081309759,0.119226174,412.9854839,334.8973965,34.33180485,42.33695809,0.003067319,3.145428887,0.003065658,0.001916186,261.4503482,29.18699278,28.28840645,3.859112604,32.25499915,1.207334547,3.74309279,2.651778057,-3.585760388,-88.81042298,-6.156161349,162.8980035,0.094812155,0.087945593,0.119226174,418.3895221,418.0658242,0.003392168,92.57553601,0.081309759,11.5748331,11.76886713,-0.000118013,95.63363912,0,0,1,0,54012.17921,1500.001935,1273.861648,0.849240003,0.174300007,9,0.5,0: Broadleaf,2,TRUE,1784911601,412.9854839,413.300129,11.77721935,11.56868387,415.3394839,11.72821935,375.0865484,102.4144516,0.099945965,27.7646871,28.28840645,999.9,0,0,9999.227742,699.8065484,0.218638,-0.312975494,417.9096129,418.1373871,0.210244968,413.300129,11.56868387,1.206332903,1.18480129,9.679926774,9.411916129,1500.001935,0.691999903,0.308000097,28,28282.56774,1784911629,12:47:08,1784911629,1784911626,39,0,0.003,-2.354,0.049,413,12,0.34,0.2,-0.3302345,-0.000530292,0.166289576,1,0.207892775,-0.067543103,0.022835082,1,2,2,2/2,2.63601,2.71262,0.098119,0.0973557,0.0714744,0.0709753,25305.8,25010.4,25526.3,25472.7,32753.8,32259.3,39206.3,38331.7,1.70775,2.14447,0.0814162,0,26.9653,999.9,47.3,30.2,19.9036,61.8409,19.9279,1,0.109159,0,20.4252,5.21864,11.98,4.9692,3.29598,9103.2,9999,9999,234.2,4.96999,1.87521,1.87133,1.87439,1.87433,1.8724,1.87364,1.87486,0,0,0,0,11111111,oooooooo,on,on,on,on,0,100,100,-2.354,0.049,-1.309993645,-0.002774575,7.27494E-07,-2.16226E-10,-0.051320071,-0.001584374,0.000939206,-5.31953E-06,23,2146,2,22,1.6,1.7,0.155029,4.99756,1.49902,2.27173,1.4978,2.39868,33.2887,14.9726,3,354.222,667.673,27.6218,28.6854,29.9999,28.62,28.666,-1,40,10,-999.9,400,20,100.783,107.123
39,1784911871,4725.6,20260724 12:51:10,12:51:10,15,1784911863,0.000853367,0.853366543,2.197559534,416.0834839,301.8123309,30.94123708,42.6561025,0.035245639,3.142975376,0.035027524,0.021911686,261.4493089,29.20352874,28.2315129,3.846358917,37.29839798,1.412799764,3.787829612,2.433559154,-37.63346455,-44.60205683,-3.096399815,176.1173877,3.079664804,0.775627781,2.197559534,429.69327,423.1053879,0.123951997,92.63764159,0.853366543,12.06823068,13.90968606,0.016765061,96.98439931,0,0,1,0,53917.93568,1499.996452,1273.85692,0.849239955,0.174299952,9,0.5,0: Broadleaf,2,TRUE,1784911863,416.0834839,424.245871,13.78097419,11.94587419,418.3884839,13.72397419,375.1539355,102.4180968,0.100037571,27.9682871,28.2315129,999.9,0,0,9987.713548,698.2092258,0.218638,-8.162219677,421.9115161,429.3751613,1.867110323,424.245871,11.94587419,1.414698065,1.223472903,12.07603871,9.889284839,1499.996452,0.692000548,0.307999419,29,28282.46452,1784911900,12:51:39,1784911900,1784911894,41,0.014,0.002,-2.305,0.057,422,12,0.61,0.07,-7.86657725,-2.018487017,1.022815058,0,1.912826,-1.275911144,0.126326189,0,0,2,0/2,2.63569,2.71248,0.098861,0.0992442,0.0808742,0.0736165,25285,24957.4,25526.6,25472.2,32417.7,32166.6,39205.5,38331.1,1.70068,2.14257,0.0552088,0,27.3447,999.9,47.9,30.3,20.2728,62.1609,20.633,1,0.110208,0,20.4246,5.22178,11.98,4.96925,3.29583,9103.2,9999,9999,234.3,4.96999,1.87521,1.87133,1.87439,1.87436,1.87238,1.87363,1.87486,0,0,0,0,11111111,oooooooo,on,on,on,on,0,100,100,-2.305,0.057,-1.255481682,-0.002774575,7.27494E-07,-2.16226E-10,-0.052398505,-0.001584374,0.000939206,-5.31953E-06,23,2146,2,22,0.8,0.7,0.155029,4.99756,1.4978,2.27173,1.4978,2.38525,33.2887,14.9201,3,350.944,666.248,27.8166,28.725,30.0003,28.642,28.6855,-1,40,10,-999.9,400,20,100.782,107.121
40,1784912023,4877.6,20260724 12:53:42,12:53:42,15,1784912015,0.000911703,0.911702783,2.317077732,416.6279677,304.0551532,31.17119134,42.71195526,0.037816824,3.147399435,0.037566197,0.023501252,261.449806,29.23941947,28.27108065,3.85522482,37.67398845,1.431336819,3.799270739,2.423888001,-40.20609273,-42.60073209,-2.954648574,175.6883326,0.762625266,0.957968391,2.317077732,422.959465,420.0613758,-0.270141356,92.57278305,0.911702783,11.5140418,13.89844196,-0.021821557,95.59809159,0,0,1,0,54012.85002,1499.998387,1273.858665,0.849240023,0.174300058,9,0.5,0: Broadleaf,2,TRUE,1784912015,416.6279677,419.4151935,13.96178065,11.69553226,418.8619677,13.91178065,375.1283871,102.4182581,0.099956177,28.02001935,28.27108065,999.9,0,0,10007.82097,698.1012903,0.218638,-2.844893613,422.487871,424.378871,2.310909032,419.4151935,11.69553226,1.434514194,1.197833548,12.28736129,9.573248387,1499.998387,0.691999226,0.308000774,29,28282.5,1784912044,12:54:03,1784912044,1784912041,42,0.068,-0.005,-2.234,0.05,423,12,0.22,0.04,-4.122935415,17.14378386,2.783983385,0,2.227430976,1.683459094,0.190745522,0,0,2,0/2,2.63586,2.71257,0.0982945,0.0987157,0.0807584,0.0714731,25295.7,24966.5,25521.6,25466.7,32415.6,32234.3,39198,38322.7,1.7074,2.1408,0.0648573,0,27.2132,999.9,47.5,30.4,20.2168,61.9609,18.8021,1,0.115434,0,20.4242,5.22178,11.98,4.96915,3.2958,9103.2,9999,9999,234.3,4.97,1.87522,1.87128,1.87439,1.87436,1.87241,1.87364,1.87485,0,0,0,0,11111111,oooooooo,on,on,on,on,0,100,100,-2.234,0.05,-1.241208562,-0.002774575,7.27494E-07,-2.16226E-10,-0.050764539,-0.001584374,0.000939206,-5.31953E-06,23,2146,2,22,2,2.1,0.155029,4.99756,1.49902,2.27295,1.49902,2.32422,33.3111,14.8763,3,354.458,665.273,27.887,28.7871,30.0001,28.6938,28.7338,-1,40,10,-999.9,400,20,100.762,107.098
41,1784912143,4997.6,20260724 12:55:42,12:55:42,15,1784912135,0.000936477,0.936476725,2.372631191,418.4154839,306.6797875,31.43922499,42.89379044,0.039065967,3.14549061,0.038798412,0.024272893,261.4498441,29.27815213,28.29412903,3.86039746,38.06957003,1.450088084,3.809047706,2.410309376,-41.29862357,-39.00496974,-2.707805223,178.4384456,2.124221632,0.917598493,2.372631191,428.5945356,424.0591879,-0.121349244,92.63915928,0.936476725,11.99052795,14.20299939,0.000204624,97.05978228,0,0,1,0,53959.92066,1499.998065,1273.858429,0.849240048,0.174300121,9,0.5,0: Broadleaf,2,TRUE,1784912135,418.4154839,424.4323871,14.14515484,11.97503548,420.7504839,14.10215484,375.1669355,102.4148065,0.100019352,28.06411935,28.29412903,999.9,0,0,9999.473871,697.7966452,0.218638,-5.909701935,424.5495484,429.5766129,2.220756452,424.4323871,11.97503548,1.453858065,1.22642,12.49134194,9.926170645,1499.998065,0.691998387,0.308001613,29,28282.46774,1784912161,12:56:00,1784912161,1784912161,43,-0.108,-0.005,-2.335,0.043,416,12,0.33,0.03,-6.456068537,11.02378223,1.104930911,0,2.214312195,0.044065714,0.015251087,1,1,2,1/2,2.63586,2.71258,0.0989528,0.0990643,0.0820759,0.0728175,25275.5,24955.6,25519.9,25465.6,32366.6,32185.9,39195.5,38321,1.70763,2.13987,0.075791,0,27.0684,999.9,47.9,30.4,20.3884,61.7509,19.4712,1,0.117066,0,20.4235,5.22253,11.98,4.96915,3.29578,9103.2,9999,9999,234.4,4.97,1.87527,1.87133,1.87439,1.87438,1.87241,1.87363,1.87485,0,0,0,0,11111111,oooooooo,on,on,on,on,0,100,100,-2.335,0.043,-1.172993634,-0.002774575,7.27494E-07,-2.16226E-10,-0.055887947,-0.001584374,0.000939206,-5.31953E-06,23,2146,2,22,1.6,1.7,0.155029,4.99756,1.4978,2.27173,1.49902,2.2876,33.3559,14.8413,3,354.728,664.806,27.9306,28.8207,30,28.7232,28.7625,-1,40,10,-999.9,400,20,100.756,107.093
42,1784912263,5117.6,20260724 12:57:42,12:57:42,15,1784912255,0.000970857,0.970857392,2.478865498,415.673129,303.3549017,31.097334,42.61123211,0.040530929,3.145713977,0.040243032,0.025177591,261.4499166,29.27648031,28.2838129,3.858081512,38.02665706,1.449025346,3.810551488,2.409056166,-42.814811,-36.10936215,-2.50656392,180.0191795,2.245983726,0.97461149,2.478865498,426.900824,421.3365152,-0.044933846,92.63918052,0.970857392,11.7718647,14.14931091,-0.00768322,97.06187935,0,0,1,0,53963.89179,1499.999355,1273.859464,0.849240008,0.174300019,9,0.5,0: Broadleaf,2,TRUE,1784912255,415.673129,422.0331935,14.13526129,11.83019355,417.948129,14.08726129,375.1523548,102.4113871,0.100007397,28.07089355,28.2838129,999.9,0,0,10000.82387,697.5545161,0.218638,-6.413867419,421.5957097,427.0857742,2.345368065,422.0331935,11.83019355,1.451739355,1.211546774,12.46912581,9.744037419,1499.999355,0.691999742,0.308000258,29,28282.50323,1784912288,12:58:08,1784912279,1784912288,44,0.061,0.008,-2.275,0.048,419,12,0.53,0.04,-6.631723,5.883499362,0.606121065,0,2.31387525,0.755344953,0.075312709,0,0,2,0/2,2.6356,2.71261,0.0984991,0.0987229,0.0818577,0.0717642,25288.3,24964.5,25520,25465,32374.2,32222,39195.3,38320.2,1.70758,2.1398,0.0796467,0,26.9844,999.9,47.3,30.5,20.249,62.1409,19.4591,1,0.117566,0,20.4244,5.22298,11.98,4.96975,3.29588,9103.2,9999,9999,234.4,4.97,1.87523,1.87134,1.87439,1.87437,1.8724,1.87364,1.87485,0,0,0,0,11111111,oooooooo,on,on,on,on,0,100,100,-2.275,0.048,-1.280509814,-0.002774575,7.27494E-07,-2.16226E-10,-0.060890615,-0.001584374,0.000939206,-5.31953E-06,23,2146,2,22,1.7,1.7,0.15625,4.99756,1.49902,2.27173,1.49902,2.29126,33.4456,14.815,3,354.783,664.927,27.9328,28.829,30.0002,28.7376,28.7783,-1,40,10,-999.9,400,20,100.756,107.09
43,1784912383,5237.6,20260724 12:59:42,12:59:42,15,1784912375,0.000996806,0.996806016,2.201798196,414.2042667,315.1371341,32.30383823,42.45893669,0.04169255,3.144495501,0.041387863,0.025894604,261.4499269,29.25025715,28.25046667,3.850603646,37.98037607,1.445545499,3.80603261,2.405058147,-43.95914531,-33.89447165,-2.353097405,181.2432126,2.29942445,0.994376003,2.201798196,425.1365834,420.1947273,-0.039911203,92.63820798,0.996806016,11.75232805,14.12349939,-0.00128819,97.01115832,0,0,1,0,53938.76386,1499.999,1273.859191,0.849240027,0.174300068,9,0.5,0: Broadleaf,2,TRUE,1784912375,414.2042667,420.7086333,14.10188667,11.75003333,416.4922667,14.06188667,375.1586333,102.4072333,0.10000791,28.05053,28.25046667,999.9,0,0,9995.686667,697.6881333,0.218638,-6.481009,420.1762333,425.7108,2.407295667,420.7086333,11.75003333,1.449814667,1.203289667,12.4489,9.642300333,1499.999,0.6919991,0.3080009,29,28282.49667,1784912402,13:00:01,1784912402,1784912401,45,-0.019,-0.006,-2.288,0.04,415,12,0.28,0.02,-6.55145525,1.864496623,0.52650402,0,2.426505,-0.352463189,0.035808577,0,0,2,0/2,2.63564,2.71258,0.0982808,0.0985738,0.0817117,0.0717738,25293.8,24968.4,25519.4,25464.8,32378.5,32221.5,39194.2,38320,1.70707,2.13943,0.0818819,0,26.9111,999.9,47.1,30.6,20.2822,62.4709,19.1386,1,0.117706,0,20.4264,5.22298,11.98,4.96985,3.29593,9103.2,9999,9999,234.4,4.97,1.87524,1.87131,1.87439,1.87437,1.87241,1.87363,1.87485,0,0,0,0,11111111,oooooooo,on,on,on,on,0,100,100,-2.288,0.04,-1.219547846,-0.002774575,7.27494E-07,-2.16226E-10,-0.053195651,-0.001584374,0.000939206,-5.31953E-06,23,2146,2,22,1.7,1.6,0.15625,4.99756,1.4978,2.27173,1.4978,2.40356,33.4906,14.815,3,354.582,664.687,27.9466,28.833,30.0002,28.745,28.7856,-1,40,10,-999.9,400,20,100.753,107.09
44,1784912503,5358,20260724 13:01:43,13:01:43,15,1784912495,0.000909881,0.909881297,1.593201854,410.8359,327.9632376,33.61679686,42.11138753,0.03745964,3.145133173,0.037213533,0.023280435,261.4501875,29.24874058,28.23351667,3.846807471,36.95850286,1.404813445,3.801056147,2.441994026,-40.12576521,-34.83392741,-2.417353635,184.0731413,1.841295791,0.937660773,1.593201854,421.172038,416.8152121,0.048553729,92.63795806,0.909881297,11.45842124,13.69243212,-0.007668991,96.99797109,0,0,1,0,53957.68293,1500.000667,1273.860634,0.849240045,0.174300048,9,0.5,0: Broadleaf,2,TRUE,1784912495,410.8359,416.1773333,13.70526667,11.48664333,413.1199,13.66426667,375.1555667,102.4017333,0.099989457,28.02808,28.23351667,999.9,0,0,9999.124333,697.6633,0.218638,-5.333005,416.5698667,421.0134,2.258106333,416.1773333,11.48664333,1.407485,1.176251667,11.99848667,9.304247333,1500.000667,0.691999467,0.308000567,29,28282.51,1784912529,13:02:09,1784912525,1784912529,46,0.007,0.005,-2.284,0.041,418,11,0.45,0.03,-5.591353,2.977461163,0.592962859,0,2.23621775,0.347633133,0.036761841,0,0,2,0/2,2.63558,2.71267,0.0977228,0.0981508,0.0799005,0.0704269,25310.2,24980.5,25520.2,25465.1,32443.5,32269.1,39194.8,38320.6,1.70737,2.1397,0.0882894,0,26.794,999.9,46.3,30.6,19.9361,62.4309,18.77,1,0.116164,0,20.4263,5.22283,11.98,4.96945,3.29598,9103.2,9999,9999,234.5,4.96999,1.87522,1.87128,1.87439,1.8743,1.87241,1.87363,1.87485,0,0,0,0,11111111,oooooooo,on,on,on,on,0,100,100,-2.284,0.041,-1.238261886,-0.002774575,7.27494E-07,-2.16226E-10,-0.05964994,-0.001584374,0.000939206,-5.31953E-06,23,2146,2,22,1.7,1.7,0.155029,4.99756,1.49902,2.27051,1.4978,2.40112,33.4681,14.7887,3,354.653,664.782,27.9154,28.8182,29.9998,28.7315,28.7734,-1,40,10,-999.9,400,20,100.755,107.091
45,1784912623,5478,20260724 13:03:43,13:03:43,15,1784912615,0.000833447,0.833446947,1.578731713,415.5300323,326.5165848,33.46855455,42.59259774,0.034110694,3.145841117,0.033906541,0.021209829,261.4501742,29.30816703,28.30746774,3.863393768,36.96993307,1.408620124,3.810177642,2.454773644,-36.75501036,-40.40823091,-2.805167429,181.4817655,0.642603175,0.816368074,1.578731713,422.0104714,419.8970182,-0.170259336,92.63845655,0.833446947,11.78190308,13.75880667,-0.000477071,97.0233071,0,0,1,0,53966.98107,1500,1273.86007,0.849240046,0.174300116,9,0.5,0: Broadleaf,2,TRUE,1784912615,415.5300323,417.8853548,13.7423871,11.81090323,417.8130323,13.6943871,375.1697419,102.4018387,0.10001299,28.06920968,28.30746774,999.9,0,0,10002.33484,697.4588387,0.218638,-2.351929677,421.3395161,422.88,1.969246774,417.8853548,11.81090323,1.411114194,1.209459355,12.03758387,9.718450968,1500,0.691998452,0.308001548,29,28282.4871,1784912644,13:04:03,1784912644,1784912643,47,0.002,0,-2.283,0.048,419,12,0.58,0.03,-2.5844035,3.623187242,0.504768815,0,1.94465125,0.439159137,0.044056179,0,0,2,0/2,2.63583,2.7126,0.0982498,0.0981573,0.080178,0.071946,25297.5,24982.5,25522.1,25467.2,32435.9,32218.4,39197.5,38323.5,1.70772,2.1397,0.0914559,0,26.8192,999.9,46.8,30.6,20.1523,62.5509,18.6138,1,0.113486,0,20.4264,5.22028,11.98,4.9697,3.29583,9103.2,9999,9999,234.5,4.97,1.87523,1.8713,1.87439,1.87433,1.87241,1.87363,1.87485,0,0,0,0,11111111,oooooooo,on,on,on,on,0,100,100,-2.283,0.048,-1.231567655,-0.002774575,7.27494E-07,-2.16226E-10,-0.055008621,-0.001584374,0.000939206,-5.31953E-06,23,2146,2,22,1.6,1.6,0.155029,4.99756,1.49902,2.27173,1.49902,2.3584,33.4906,14.7537,3,354.68,664.494,27.937,28.7855,30.0001,28.7057,28.7489,-1,40,10,-999.9,400,20,100.763,107.1
46,1784912743,5598,20260724 13:05:43,13:05:43,15,1784912735,0.000737833,0.737832588,1.687592679,413.6362333,309.7502823,31.75129643,42.40024113,0.030239282,3.144993518,0.030078679,0.018813533,261.4499514,29.27595985,28.25696667,3.852060272,36.91655742,1.402018091,3.797802906,2.450042182,-32.53841711,-41.2991279,-2.866268575,184.7461378,1.293033948,0.722633581,1.687592679,422.1165795,418.8127939,-0.078592326,92.63832145,0.737832588,11.96767143,13.71343515,-7.3292E-07,97.01691384,0,0,1,0,53957.12161,1499.999333,1273.859539,0.84924007,0.174300045,9,0.5,0: Broadleaf,2,TRUE,1784912735,413.6362333,417.4552333,13.67741,11.96755333,415.8842333,13.62741,375.1629333,102.4061,0.100009747,28.01339,28.25696667,999.9,0,0,9998.062667,697.7567333,0.218638,-3.843703667,419.3619,422.5115,1.744688667,417.4552333,11.96755333,1.404217333,1.225551667,11.96326,9.915602667,1499.999333,0.6919996,0.308000467,29,28282.52,1784912762,13:06:02,1784912760,1784912762,48,0.036,-0.001,-2.248,0.05,418,12,0.3,0.06,-4.0186535,3.510074071,0.435937797,0,1.73486225,0.153874784,0.018637118,0,0,2,0/2,2.63559,2.71267,0.0980802,0.0982597,0.0799967,0.0728202,25302.8,24979.6,25522.6,25467.1,32442.9,32187.6,39198.1,38323.1,1.70732,2.13967,0.0919029,0,26.7582,999.9,47.1,30.7,20.3965,62.7609,19.4872,1,0.112081,0,20.4315,5.22163,11.98,4.9692,3.29593,9103.2,9999,9999,234.5,4.97,1.87525,1.87133,1.8744,1.87433,1.87241,1.87363,1.87485,0,0,0,0,11111111,oooooooo,on,on,on,on,0,100,100,-2.248,0.05,-1.229237281,-0.002774575,7.27494E-07,-2.16226E-10,-0.05452542,-0.001584374,0.000939206,-5.31953E-06,23,2146,2,22,1.7,1.7,0.155029,4.99756,1.49902,2.27051,1.4978,2.28149,33.4681,14.7099,3,354.393,664.3,27.912,28.7653,30.0002,28.6886,28.7343,-1,40,10,-999.9,400,20,100.764,107.099
47,1784912863,5718,20260724 13:07:43,13:07:43,15,1784912855,0.000685567,0.685567364,1.626556412,418.6337097,311.0405997,31.88300199,42.91175947,0.028025974,3.146361314,0.027888022,0.017442352,261.4498858,29.24447071,28.22506774,3.844916443,36.67779752,1.389404587,3.788135278,2.455511856,-30.23352075,-43.32209442,-3.004228905,184.8900417,1.135779251,0.66110319,1.626556412,426.8420202,423.672903,-0.077256736,92.63855461,0.685567364,11.9614927,13.58735939,-0.000334576,97.02700838,0,0,1,0,53997.13428,1499.999032,1273.8592,0.849240015,0.174300036,9,0.5,0: Broadleaf,2,TRUE,1784912855,418.6337097,422.0223871,13.55459677,11.99010968,420.8857097,13.50559677,375.1568065,102.4043226,0.099987229,27.96967097,28.22506774,999.9,0,0,10004.45903,698.0124839,0.218638,-3.384741935,424.4041613,427.1439355,1.596962581,422.0223871,11.99010968,1.391374516,1.227838387,11.82394516,9.943388387,1499.999032,0.691999516,0.308000484,29,28282.50645,1784912889,13:08:09,1784912880,1784912889,49,-0.006,0.002,-2.252,0.049,418,12,0.31,0.06,-3.767440732,5.205838955,0.814729381,0,1.570849024,0.531105575,0.054293083,0,0,2,0/2,2.63576,2.71259,0.0989437,0.099062,0.0794614,0.0727231,25279.1,24958.1,25523,25467.8,32462.7,32191.7,39198.9,38323.9,1.70753,2.13985,0.0942126,0,26.6752,999.9,47.1,30.7,20.3967,62.3109,19.0705,1,0.110587,0,20.4325,5.22073,11.98,4.9693,3.29598,9103.2,9999,9999,234.6,4.97,1.87517,1.8713,1.87439,1.87432,1.8724,1.87363,1.87485,0,0,0,0,11111111,oooooooo,on,on,on,on,0,100,100,-2.252,0.049,-1.193048671,-0.002774575,7.27494E-07,-2.16226E-10,-0.055329729,-0.001584374,0.000939206,-5.31953E-06,23,2146,2,22,1.7,1.7,0.155029,4.99756,1.49902,2.27051,1.4978,2.30957,33.4681,14.6924,3,354.382,664.222,27.8703,28.7444,30.0001,28.6689,28.7148,-1,40,10,-999.9,400,20,100.766,107.101
48,1784912983,5838,20260724 13:09:43,13:09:43,15,1784912975,0.000655176,0.655176429,1.478826296,404.7631613,299.7123023,30.72098237,41.48886064,0.026141392,3.145915552,0.02602131,0.016274062,261.4500492,29.15743183,28.14917742,3.827967086,34.82205831,1.311841911,3.767272743,2.516125175,-28.89328052,-46.50229718,-3.222481574,182.8319899,2.079497492,0.627760343,1.478826296,416.1839878,410.7691515,0.180761071,92.63826467,0.655176429,11.34296804,12.85949576,0.003316495,97.01283621,0,0,1,0,54003.56499,1500.000968,1273.860925,0.849240069,0.17429992,9,0.5,0: Broadleaf,2,TRUE,1784912975,404.7631613,410.3616774,12.79826129,11.31147742,406.9857742,12.75226129,375.1409355,102.4015806,0.099992155,27.87499355,28.14917742,999.9,0,0,10002.69871,697.7758387,0.218638,-5.598450323,410.0199677,415.0566452,1.509357097,410.3616774,11.31147742,1.312872903,1.158312903,10.94704194,9.07602871,1500.000968,0.692001452,0.307998677,29,28282.55806,1784913000,13:10:00,1784912880,1784913000,50,-0.006,-0.002,-2.252,0.046,418,12,0.31,0.05,-4.783290732,-17.42503756,1.876327939,0,1.540351951,-0.614449756,0.061419897,0,0,2,0/2,2.63589,2.71277,0.0967468,0.0981671,0.076338,0.0706768,25343.2,24985.2,25525.3,25470,32576.6,32266.4,39202,38327.6,1.70817,2.14045,0.0972673,0,26.5505,999.9,45.6,30.7,19.7498,62.4609,19.4792,1,0.106712,0,20.4287,5.22133,11.98,4.9694,3.29593,9103.2,9999,9999,234.6,4.96999,1.87527,1.8713,1.8744,1.87435,1.8724,1.87363,1.87485,0,0,0,0,11111111,oooooooo,on,on,on,on,0,100,100,-2.225,0.046,-1.199308004,-0.002774575,7.27494E-07,-2.16226E-10,-0.052918752,-0.001584374,0.000939206,-5.31953E-06,23,2146,2,22,1.7,1.6,0.155029,4.99756,1.49902,2.27051,1.4978,2.27295,33.4456,14.6574,3,354.454,664.25,27.7918,28.6946,29.9999,28.6249,28.6728,-1,40,10,-999.9,400,20,100.775,107.111
49,1784913103,5958,20260724 13:11:43,13:11:43,15,1784913095,0.000619289,0.619289018,1.459388574,415.7357742,309.4379918,31.71837318,42.61423218,0.025444179,3.145458325,0.025330386,0.015841672,261.4504554,29.12595463,28.11158065,3.819594388,36.63994556,1.377074787,3.75839747,2.442519601,-27.31064568,-46.97363896,-3.254351984,183.9118188,1.017870134,0.610439004,1.459388574,421.7997518,420.6427152,-0.236323018,92.58116949,0.619289018,11.99744253,13.45481678,0.000802714,95.71414841,0,0,1,0,54000.08202,1500.001613,1273.861477,0.849240072,0.174300116,9,0.5,0: Broadleaf,2,TRUE,1784913095,415.7357742,418.7866129,13.43446129,11.98962258,417.9927742,13.38146129,375.1382581,102.4031935,0.09997031,27.83457742,28.11158065,999.9,0,0,10000.46097,698.0432581,0.218638,-3.041631097,421.4177419,423.8687419,1.471537419,418.7866129,11.98962258,1.378467419,1.227777097,11.6828129,9.942581935,1500.001613,0.691998548,0.308001484,29,28282.53871,1784913121,13:12:00,1784913120,1784913121,51,0,0,-2.257,0.053,420,12,0.18,0.04,-2.66197135,-1.588442071,1.702638234,0,1.4613705,0.134672871,0.046076374,0,0,2,0/2,2.63603,2.71276,0.098426,0.0981632,0.0789017,0.0725784,25299.5,24987.6,25528.4,25472.1,32489,32201.9,39206.6,38329.9,1.70845,2.14145,0.0962652,0,26.5373,999.9,47,30.7,20.3554,62.401,18.762,1,0.10235,0,20.4252,5.22223,11.98,4.9689,3.29585,9103.2,9999,9999,234.6,4.97,1.87519,1.87131,1.87439,1.87434,1.87241,1.87363,1.87485,0,0,0,0,11111111,oooooooo,on,on,on,on,0,100,100,-2.257,0.053,-1.199308004,-0.002774575,7.27494E-07,-2.16226E-10,-0.054520881,-0.001584374,0.000939206,-5.31953E-06,23,2146,2,22,3.7,1.7,0.155029,4.99756,1.49902,2.27173,1.49902,2.37427,33.4456,14.6486,3,354.295,664.524,27.7343,28.6297,29.9999,28.5718,28.6224,-1,40,10,-999.9,400,20,100.787,107.119
50,1784913223,6078,20260724 13:13:43,13:13:43,15,1784913215,0.00060434,0.604340221,1.446146578,413.1563333,304.3795464,31.19882754,42.34842106,0.024551351,3.14621484,0.024445411,0.015287862,261.4503411,29.09479683,28.07284333,3.81098441,35.74308138,1.340661886,3.750829067,2.470322525,-26.65140375,-46.27142537,-3.203761356,185.3237506,2.154168592,0.591498417,1.446146578,424.645758,419.5112788,0.160704737,92.63763976,0.604340221,11.68178586,13.11179091,7.87958E-05,96.98331525,0,0,1,0,54024.03376,1500.002,1273.861695,0.849239998,0.174299995,9,0.5,0: Broadleaf,2,TRUE,1784913215,413.1563333,418.9106,13.07966,11.67918,415.4053333,13.02266,375.1468333,102.3997667,0.099983767,27.80004667,28.07284333,999.9,0,0,10004.23767,697.949,0.218638,-5.747213,418.6457667,423.8609333,1.416288,418.9106,11.67918,1.340973,1.195944667,11.26611,9.551104,1500.002,0.692000067,0.307999933,29,28282.54333,1784913248,13:14:08,1784913242,1784913248,52,0.013,0.006,-2.249,0.057,423,12,0.35,0.1,-5.62507875,-2.58331621,0.410404421,0,1.428237,-0.180559925,0.022286862,0,0,2,0/2,2.63592,2.7126,0.0982943,0.098893,0.0774465,0.072001,25305.9,24970.5,25531,25475.2,32544.1,32225.9,39210.4,38334.3,1.70928,2.14177,0.0961274,0,26.5038,999.9,46.4,30.7,20.0969,62.041,19.3029,1,0.09844,0,20.4291,5.22163,11.98,4.9692,3.29585,9103.2,9999,9999,234.7,4.96999,1.87517,1.87124,1.87439,1.87428,1.87237,1.87363,1.87485,0,0,0,0,11111111,oooooooo,on,on,on,on,0,100,100,-2.249,0.057,-1.199394018,-0.002774575,7.27494E-07,-2.16226E-10,-0.054108466,-0.001584374,0.000939206,-5.31953E-06,23,2146,2,22,1.7,1.7,0.155029,4.99756,1.49902,2.27051,1.49902,2.29736,33.4232,14.6136,3,354.435,664.276,27.6893,28.5833,29.9998,28.5248,28.5775,-1,40,10,-999.9,400,20,100.797,107.131
51,1784913343,6198,20260724 13:15:43,13:15:43,15,1784913335,0.000581642,0.581641766,1.572764386,416.2433548,296.655189,30.40525211,42.66227126,0.023902397,3.143324803,0.023801879,0.01488517,261.450243,29.03082111,28.01840323,3.79891286,36.33627926,1.357298334,3.735380621,2.441614526,-25.65040188,-48.97970573,-3.392280202,183.4278552,2.38899328,0.509376678,1.572764386,428.4343797,423.168,0.143260745,92.58132942,0.581641766,12.09416999,13.35291049,0.011302638,95.7153811,0,0,1,0,53968.48125,1500.00129,1273.861103,0.849240005,0.174300012,9,0.5,0: Broadleaf,2,TRUE,1784913335,416.2433548,422.4834516,13.24276452,12.03690323,418.5193548,13.19176452,375.141,102.3935806,0.099998568,27.72937419,28.01840323,999.9,0,0,9991.694194,697.9936774,0.218638,-6.199984516,421.8834516,427.630871,1.236623548,422.4834516,12.03690323,1.359124194,1.232500968,11.46902581,9.999884516,1500.00129,0.691999839,0.308000161,28.08064839,28282.53226,1784913364,13:16:04,1784913364,1784913362,53,-0.031,-0.005,-2.276,0.051,419,12,0.53,0.08,-6.43888325,2.998474559,0.537406858,0,1.24826875,-0.25686,0.027475493,0,0,2,0/2,2.63574,2.7125,0.0989104,0.0989032,0.0784775,0.0732895,25290.1,24971.5,25532.4,25476.3,32508.8,32182.4,39212.1,38336.1,1.70938,2.14228,0.0965111,0,26.4408,999.9,47,30.7,20.3558,62.821,19.391,1,0.0952287,0,20.4264,5.22088,11.98,4.96905,3.29595,9103.2,9999,9999,234.7,4.96999,1.87517,1.87126,1.87439,1.8743,1.87238,1.87363,1.87485,0,0,0,0,11111111,oooooooo,on,on,on,on,0,100,100,-2.276,0.051,-1.186159629,-0.002774575,7.27494E-07,-2.16226E-10,-0.048574313,-0.001584374,0.000939206,-5.31953E-06,23,2146,2,22,1.7,1.6,0.155029,4.99756,1.49902,2.27051,1.4978,2.27905,33.4008,14.5786,3,354.252,664.203,27.6266,28.5363,30,28.4828,28.5345,-1,40,10,-999.9,400,20,100.801,107.136
52,1784913463,6318,20260724 13:17:43,13:17:43,15,1784913455,0.000572337,0.572336979,1.36471864,413.6504194,305.7560556,31.33695074,42.39504853,0.02337309,3.145335022,0.023277026,0.014556739,261.4503483,28.96668811,27.95482258,3.784856729,35.67998398,1.327678806,3.721074558,2.457177923,-25.24006079,-49.36603495,-3.414650467,183.4296021,4.126550285,0.481935103,1.36471864,431.9628671,423.037497,0.555468687,92.57738579,0.572336979,11.90180465,13.07948741,0.016998998,95.66032723,0,0,1,0,54027.58203,1500.00129,1273.861183,0.849240058,0.174300082,9,0.5,0: Broadleaf,2,TRUE,1784913455,413.6504194,424.0288065,12.95422258,11.81297742,415.9354194,12.89922258,375.1365806,102.3900645,0.099976697,27.6637,27.95482258,999.9,0,0,10001.18226,697.7566774,0.218638,-10.35393452,419.1106774,429.0980645,1.15663129,424.0288065,11.81297742,1.32796,1.209532903,11.11895806,9.718746129,1500.00129,0.691999,0.308001032,28,28282.54839,1784913481,13:18:01,1784913480,1784913481,54,0.006,0.002,-2.285,0.055,427,12,0.18,0.06,-9.639920244,-15.0404653,1.978095689,0,1.166380488,-0.404867875,0.055740121,0,0,2,0/2,2.63619,2.7127,0.0989603,0.0999789,0.0773413,0.0729505,25290.7,24943.8,25534.1,25478.3,32551.3,32196.5,39214.5,38338.6,1.7097,2.14272,0.0975169,0,26.3737,999.9,46.5,30.7,20.14,62.911,19.1587,1,0.0917556,0,20.4257,5.22103,11.98,4.96905,3.29575,9103.2,9999,9999,234.7,4.97,1.87518,1.87132,1.87439,1.87432,1.87238,1.87363,1.87485,0,0,0,0,11111111,oooooooo,on,on,on,on,0,100,100,-2.285,0.055,-1.216857098,-0.002774575,7.27494E-07,-2.16226E-10,-0.054017129,-0.001584374,0.000939206,-5.31953E-06,23,2146,2,22,1.6,1.7,0.155029,4.99756,1.4978,2.27051,1.49902,2.40479,33.4008,14.5786,3,354.144,664.043,27.5567,28.4858,29.9999,28.4348,28.4879,-1,40,10,-999.9,400,20,100.808,107.144
53,1784913583,6438,20260724 13:19:43,13:19:43,15,1784913575,0.000548284,0.548284354,1.475351723,417.6224194,298.6534874,30.6081835,42.80098571,0.022559375,3.145209885,0.022469866,0.014051678,261.4500689,28.95345744,27.95656452,3.785241223,36.2418639,1.347078589,3.716913104,2.438162635,-24.17934,-52.90578222,-3.659323059,180.7056236,2.063394695,0.532346789,1.475351723,428.5818051,423.9217939,0.106661085,92.62222432,0.548284354,11.87305885,13.17143706,-3.67137E-05,96.47895312,0,0,1,0,54028.01253,1500.000645,1273.86053,0.849239988,0.174299971,9,0.5,0: Broadleaf,2,TRUE,1784913575,417.6224194,423.1057742,13.14386129,11.88356452,419.8644194,13.09286129,375.1614194,102.3872903,0.099989397,27.64455484,27.95656452,999.9,0,0,10000.88387,697.7151613,0.218638,-5.504390968,423.1740968,428.1940968,1.285493226,423.1057742,11.88356452,1.348344194,1.216724516,11.34881935,9.80775871,1500.000645,0.692000387,0.307999613,28,28282.53871,1784913605,13:20:04,1784913603,1784913605,55,0.035,-0.001,-2.242,0.051,424,12,0.25,0.07,-5.849492683,6.191360488,0.804835556,0,1.27773,0.194869547,0.027405928,0,0,2,0/2,2.63612,2.71269,0.0990798,0.099324,0.0777002,0.072343,25288.3,24962.7,25534.9,25478.9,32539.5,32218.4,39215.7,38339.3,1.71043,2.1437,0.0958964,0,26.387,999.9,46.7,30.7,20.228,62.281,18.9423,1,0.0892708,0,20.4255,5.22103,11.98,4.9689,3.29575,9103.2,9999,9999,234.8,4.97,1.87521,1.87125,1.87439,1.87433,1.87239,1.87363,1.87485,0,0,0,0,11111111,oooooooo,on,on,on,on,0,100,100,-2.242,0.051,-1.210405009,-0.002774575,7.27494E-07,-2.16226E-10,-0.052118003,-0.001584374,0.000939206,-5.31953E-06,23,2146,2,22,1.7,1.7,0.155029,4.99756,1.49902,2.27051,1.49902,2.33887,33.4008,14.5436,3,354.273,664.416,27.5239,28.4463,30.0001,28.3949,28.4479,-1,40,10,-999.9,400,20,100.811,107.146
54,1784913703,6558,20260724 13:21:43,13:21:43,15,1784913695,0.000534847,0.534847169,1.397603845,408.8125667,292.3854276,29.96531984,41.89743455,0.021855539,3.143887151,0.021771482,0.013614701,261.450163,28.85836223,27.86428,3.764918298,35.43648955,1.309543592,3.695466478,2.455374705,-23.58676015,-54.01580196,-3.734108011,180.1134929,1.414666318,0.52233316,1.397603845,418.2252771,414.2760424,0.055089586,92.63923628,0.534847169,11.51626194,12.78946424,-0.000611427,97.0633713,0,0,1,0,54014.57534,1500.001,1273.860806,0.849239971,0.174299992,9,0.5,0: Broadleaf,2,TRUE,1784913695,408.8125667,412.7187333,12.77782,11.54072,411.0395667,12.73582,375.1459,102.3857,0.09998162,27.54559,27.86428,999.9,0,0,9995.021333,697.2648667,0.218638,-3.887263,414.1338333,417.5373667,1.262727,412.7187333,11.54072,1.310890667,1.181605333,10.92429,9.371748,1500.001,0.692,0.307999967,28,28282.54,1784913724,13:22:03,1784913719,1784913724,56,-0.015,0,-2.227,0.042,410,11,0.28,0.07,-4.545902927,7.340729059,1.282448447,0,1.210452683,0.765420209,0.087094903,0,0,2,0/2,2.63626,2.71274,0.0973895,0.0973672,0.0760477,0.0708219,25337.5,25019,25536.6,25480.8,32600.3,32273.9,39218,38342.2,1.71082,2.1443,0.093922,0,26.3233,999.9,45.9,30.7,19.8814,61.891,19.0224,1,0.0865676,0,20.426,5.21744,11.98,4.96895,3.2957,9103.2,9999,9999,234.8,4.96999,1.8752,1.87129,1.87438,1.8743,1.87239,1.87363,1.87485,0,0,0,0,11111111,oooooooo,on,on,on,on,0,100,100,-2.227,0.042,-1.175610672,-0.002774575,7.27494E-07,-2.16226E-10,-0.053539985,-0.001584374,0.000939206,-5.31953E-06,23,2146,2,22,1.7,1.6,0.155029,4.99756,1.49902,2.27051,1.49902,2.3291,33.4232,14.5085,3,354.255,664.48,27.4504,28.4074,29.9999,28.3567,28.4093,-1,40,10,-999.9,400,20,100.817,107.154
55,1784913823,6678,20260724 13:23:43,13:23:43,15,1784913815,0.000494053,0.49405288,1.421574758,411.4803667,284.460753,29.15180241,42.1688905,0.020133482,3.145053736,0.020062152,0.012545233,261.4501574,28.85004727,27.86218333,3.764457677,35.30016627,1.303148185,3.691620529,2.461309493,-21.78773202,-56.69844185,-3.917716071,179.0462675,1.012689008,0.524967391,1.421574758,419.0693574,416.2579879,-0.063187036,92.57868478,0.49405288,11.40872503,12.67377063,-0.009077641,95.67831092,0,0,1,0,54045.18432,1500.000667,1273.860544,0.849239985,0.174300027,9,0.5,0: Broadleaf,2,TRUE,1784913815,411.4803667,414.4280667,12.71600667,11.47260667,413.6053667,12.65900667,375.1509667,102.3809333,0.099996307,27.52779,27.86218333,999.9,0,0,10000.79433,696.8890333,0.218638,-3.051651,416.6785667,419.2378667,1.252056,414.4280667,11.47260667,1.302763667,1.174576667,10.83075,9.282722333,1500.000667,0.691999533,0.308000433,28,28282.53667,1784913850,13:24:09,1784913844,1784913850,57,0.128,0.01,-2.125,0.057,425,12,0.42,0.08,-3.361722,4.923753096,0.545052376,0,1.2068865,0.853643077,0.084703849,0,0,2,0/2,2.63617,2.71265,0.0977506,0.0975435,0.0755207,0.0698159,25329.4,25015.8,25538.5,25482.5,32621.2,32310.8,39220.4,38344.1,1.71092,2.14505,0.0939704,0,26.3213,999.9,45.5,30.7,19.7095,62.401,19.98,1,0.0836738,0,20.4259,5.22103,11.98,4.96885,3.29573,9103.2,9999,9999,234.8,4.96999,1.87521,1.8713,1.87439,1.87435,1.8724,1.87363,1.87485,0,0,0,0,11111111,oooooooo,on,on,on,on,0,100,100,-2.125,0.057,-1.190543477,-0.002774575,7.27494E-07,-2.16226E-10,-0.05399433,-0.001584374,0.000939206,-5.31953E-06,23,2146,2,22,1.7,1.7,0.155029,4.99756,1.49902,2.27051,1.4978,2.30469,33.4456,14.4823,3,354.106,664.703,27.4001,28.3711,30,28.321,28.3732,-1,40,10,-999.9,400,20,100.824,107.16
56,1784913943,6798,20260724 13:25:43,13:25:43,15,1784913935,0.000439963,0.43996302,1.290101787,414.2669333,285.0364978,29.2088371,42.45159994,0.017925813,3.144504818,0.017869235,0.01117334,261.4502831,28.85451415,27.85816667,3.763575386,35.3120747,1.302907694,3.689694546,2.460667692,-19.40236919,-57.5197912,-3.974906502,180.5532162,1.771107825,0.400030868,1.290101787,424.200613,420.2395515,0.082034335,92.5798151,0.43996302,11.74630147,12.77724266,0.001061847,95.69395662,0,0,1,0,54033.69383,1500.001667,1273.861451,0.849240024,0.174299995,9,0.5,0: Broadleaf,2,TRUE,1784913935,414.2669333,418.9136,12.71451667,11.767,416.4129333,12.66651667,375.1387333,102.3740333,0.099991323,27.51887,27.85816667,999.9,0,0,9998.970667,696.6574333,0.218638,-4.608319667,419.6526,423.9017333,0.975321733,418.9136,11.767,1.304484333,1.204636333,10.85058333,9.658954667,1500.001667,0.692000167,0.307999867,28,28282.54,1784913971,13:26:11,1784913971,1784913961,58,-0.035,-0.008,-2.146,0.048,416,12,0.31,0.07,-4.456662927,-1.717531986,0.838731675,0,0.969386073,0.238107951,0.044247566,0,0,2,0/2,2.63638,2.71256,0.0984448,0.0986122,0.0759651,0.0719469,25311.1,24987.3,25539.5,25483.6,32606.5,32238,39221.8,38346.1,1.7111,2.14477,0.0912398,0,26.3627,999.9,46.1,30.7,19.9687,62.041,18.7901,1,0.081969,0,20.4256,5.22073,11.98,4.96895,3.29583,9103.2,9999,9999,234.9,4.97,1.87521,1.87128,1.87439,1.87431,1.87239,1.87363,1.87485,0,0,0,0,11111111,oooooooo,on,on,on,on,0,100,100,-2.146,0.048,-1.062931326,-0.002774575,7.27494E-07,-2.16226E-10,-0.044006419,-0.001584374,0.000939206,-5.31953E-06,23,2146,2,22,1.6,1.6,0.155029,4.99756,1.49902,2.27051,1.49902,2.36084,33.4681,14.4648,3,354.044,664.179,27.3982,28.3493,30.0001,28.2945,28.3491,-1,40,10,-999.9,400,20,100.828,107.165
57,1784914063,6918,20260724 13:27:43,13:27:43,15,1784914055,0.000429872,0.429871595,1.1360255,412.0099355,293.4129781,30.06656299,42.2194095,0.01741747,3.145781673,0.017364071,0.010857329,261.4501267,28.78935522,27.79240645,3.749156293,34.67841918,1.274508514,3.675220913,2.474647779,-18.95733734,-57.7811465,-3.988700689,180.7229422,0.556780256,0.444368237,1.1360255,417.9923798,416.415503,-0.116645763,92.6393813,0.429871595,11.40544848,12.4269903,-0.000290245,97.07311727,0,0,1,0,54075.84535,1500.000645,1273.860365,0.849239878,0.174300009,9,0.5,0: Broadleaf,2,TRUE,1784914055,412.0099355,413.7849032,12.43764839,11.38484839,414.1379355,12.38464839,375.1493226,102.3718387,0.099985071,27.45170645,27.79240645,999.9,0,0,10004.99548,696.9203548,0.218638,-1.78414071,417.1935161,418.55,1.062263871,413.7849032,11.38484839,1.274234516,1.165488065,10.49832258,9.167803871,1500.000645,0.691999387,0.308000452,28,28282.5129,1784914086,13:28:06,1784914085,1784914086,59,0.018,0.007,-2.128,0.053,417,12,0.38,0.11,-1.47606685,-4.71436304,0.721012301,0,1.111886,-0.845129156,0.095243058,0,0,2,0/2,2.63611,2.71247,0.0977737,0.0973135,0.0744373,0.0698493,25329.4,25022.6,25538.9,25482.8,32660,32310.2,39220.6,38344.8,1.71105,2.14552,0.0907071,0,26.2862,999.9,45.6,30.8,19.8684,62.611,19.1947,1,0.0812856,0,20.425,5.22163,11.98,4.9692,3.29583,9103.2,9999,9999,234.9,4.97,1.8752,1.87132,1.87439,1.87435,1.87239,1.87363,1.87485,0,0,0,0,11111111,oooooooo,on,on,on,on,0,100,100,-2.128,0.053,-1.097537401,-0.002774575,7.27494E-07,-2.16226E-10,-0.051873047,-0.001584374,0.000939206,-5.31953E-06,23,2146,2,22,1.5,1.7,0.155029,4.99756,1.49902,2.27051,1.4978,2.33032,33.4906,14.4297,3,353.913,664.562,27.3393,28.33,30.0001,28.2751,28.3265,-1,40,10,-999.9,400,20,100.825,107.162
58,1784914183,7038,20260724 13:29:43,13:29:43,15,1784914175,0.000380414,0.380414166,0.937325685,413.9265484,303.1258853,31.06167082,42.41554685,0.015541251,3.144477742,0.015498704,0.009690503,261.4503608,28.7797565,27.76792581,3.743800803,35.1574532,1.290437902,3.670453303,2.453362901,-16.7762647,-57.36619472,-3.960776013,183.3471254,1.793214965,0.331355804,0.937325685,423.1570642,420.3318848,0.054348574,92.62139397,0.380414166,11.83580499,12.66212517,0.007095929,96.45849524,0,0,1,0,54049.06167,1500.002258,1273.861829,0.849239941,0.174299978,9,0.5,0: Broadleaf,2,TRUE,1784914175,413.9265484,418.5575161,12.59317742,11.80826452,416.1735484,12.54617742,375.155871,102.3711935,0.099998535,27.42953226,27.76792581,999.9,0,0,9999.124839,696.9286774,0.218638,-4.507956452,419.3409355,423.5590968,0.810116129,418.5575161,11.80826452,1.291757742,1.208825484,10.70324516,9.710558065,1500.002258,0.692000097,0.307999839,28,28282.57097,1784914204,13:30:04,1784914204,1784914204,60,-0.126,-0.006,-2.247,0.047,411,12,0.39,0.08,-4.009501,-1.415822814,1.703861735,0,0.817931425,0.204195681,0.063630812,0,0,2,0/2,2.63679,2.7128,0.0984617,0.0980293,0.0754546,0.0714324,25310.9,25003.9,25539.6,25483.9,32624.5,32256.4,39221.5,38346.5,1.71157,2.14547,0.0919402,0,26.2484,999.9,46.2,30.8,20.1294,61.951,18.774,1,0.0794029,0,20.4265,5.22298,11.98,4.9698,3.2959,9103.2,9999,9999,234.9,4.96999,1.87519,1.87133,1.87438,1.87431,1.8724,1.87363,1.87485,0,0,0,0,11111111,oooooooo,on,on,on,on,0,100,100,-2.247,0.047,-1.07986058,-0.002774575,7.27494E-07,-2.16226E-10,-0.04525256,-0.001584374,0.000939206,-5.31953E-06,23,2146,2,22,1.6,1.6,0.155029,4.99756,1.49902,2.27051,1.4978,2.38892,33.4681,14.421,3,354.033,664.234,27.3013,28.3035,30,28.2511,28.3025,-1,40,10,-999.9,400,20,100.827,107.166
59,1784914303,7158,20260724 13:31:43,13:31:43,15,1784914295,0.000332101,0.332100847,1.178334167,420.4714839,267.9326656,27.45461663,43.08501677,0.013586586,3.143606182,0.013554048,0.008474197,261.4497387,28.76570315,27.7537871,3.740710801,35.24546408,1.29168653,3.664830534,2.449024271,-14.64564736,-59.39168545,-4.100935167,183.3114708,3.497383256,0.279301791,1.178334167,436.7224115,429.1868242,0.462268119,92.60622142,0.332100847,11.97212486,12.67986853,0.00751155,96.13027001,0,0,1,0,54033.14869,1499.998065,1273.858311,0.84923997,0.174300051,9,0.5,0: Broadleaf,2,TRUE,1784914295,420.4714839,429.1432903,12.6057129,11.94412581,422.7204839,12.5557129,375.1628387,102.3683226,0.100021694,27.40334839,27.7537871,999.9,0,0,9995.439677,696.6793548,0.218638,-8.688292581,425.8300968,434.3310323,0.678084452,429.1432903,11.94412581,1.292114839,1.222699032,10.70738065,9.880815484,1499.998065,0.691999129,0.308000806,28,28282.49677,1784914322,13:32:02,1784914322,1784914321,61,0.027,-0.001,-2.249,0.05,423,12,0.77,0.14,-9.10283725,4.935092195,0.649312356,0,0.67116335,0.096938567,0.011395527,1,1,2,1/2,2.63631,2.71263,0.100083,0.100251,0.0755802,0.0726297,25266.6,24942.9,25540.8,25484.4,32621.7,32215,39223.4,38346.9,1.71165,2.14555,0.0941902,0,26.2086,999.9,46.4,30.8,20.2174,62.851,19.7877,1,0.0771138,0,20.4297,5.22298,11.98,4.9698,3.29585,9103.2,9999,9999,235,4.96997,1.87517,1.87129,1.87437,1.87431,1.87238,1.87363,1.87485,0,0,0,0,11111111,oooooooo,on,on,on,on,0,100,100,-2.249,0.05,-1.206228923,-0.002774575,7.27494E-07,-2.16226E-10,-0.051139577,-0.001584374,0.000939206,-5.31953E-06,23,2146,2,22,1.6,1.7,0.155029,4.99756,1.4978,2.27173,1.4978,2.35596,33.4681,14.3947,3,353.922,663.998,27.2603,28.2751,30.0001,28.2246,28.2772,-1,40,10,-999.9,400,20,100.832,107.168
60,1784914423,7278.1,20260724 13:33:43,13:33:43,15,1784914415,0.000318222,0.31822246,1.050832644,414.7765161,270.6012674,27.72725484,42.50022284,0.012897054,3.143276964,0.012867727,0.008044959,261.4498513,28.81086644,27.80651613,3.752246022,34.85450094,1.280479789,3.673786039,2.471766232,-14.0336105,-61.2566358,-4.232144624,181.9274603,0.782520615,0.299165959,1.050832644,422.3731352,419.7497758,0.007150318,92.63853476,0.31822246,11.76412765,12.52038424,-0.000225949,97.02653887,0,0,1,0,54017.82189,1499.999355,1273.859438,0.84923999,0.174299976,9,0.5,0: Broadleaf,2,TRUE,1784914415,414.7765161,416.9514839,12.49670968,11.78797419,416.9505161,12.44870968,375.1535484,102.3653548,0.099999842,27.44503548,27.80651613,999.9,0,0,9994.231613,696.3982258,0.218638,-2.225972581,419.9804516,421.925129,0.724262935,416.9514839,11.78797419,1.28082,1.20668,10.57564194,9.684197419,1499.999355,0.692000323,0.307999677,28,28282.5129,1784914453,13:34:13,1784914453,1784914442,62,0.052,0,-2.174,0.048,416,12,0.92,0.13,-2.642840244,5.006272474,0.921163498,0,0.701442732,0.488688021,0.050846234,0,0,2,0/2,2.63626,2.71254,0.0983959,0.0981388,0.0748721,0.0719309,25314.9,25002.4,25541.6,25485.3,32647.7,32240.5,39224.4,38348.4,1.7116,2.14597,0.0937283,0,26.2788,999.9,46.2,30.8,20.1306,61.4192,19.9319,1,0.0758841,0,20.4248,5.21729,11.98,4.9694,3.296,9103.2,9999,9999,235,4.96999,1.87517,1.87133,1.87439,1.87425,1.87239,1.87363,1.87485,0,0,0,0,11111111,oooooooo,on,on,on,on,0,100,100,-2.174,0.048,-1.178950066,-0.002774575,7.27494E-07,-2.16226E-10,-0.052024923,-0.001584374,0.000939206,-5.31953E-06,23,2146,2,22,1.7,1.7,0.155029,4.99756,1.49902,2.27173,1.49902,2.37305,33.4681,14.3684,3,353.792,664.139,27.2842,28.26,30.0001,28.2054,28.258,-1,40,10,-999.9,400,20,100.835,107.172
61,1784914543,7398.1,20260724 13:35:43,13:35:43,15,1784914535,0.000303054,0.303053583,0.943843758,423.3373226,287.3860079,29.4461891,43.3760535,0.012398659,3.145614321,0.012371572,0.007734661,261.4501669,28.84044985,27.82575806,3.75646319,35.56371245,1.308590759,3.679567371,2.447872431,-13.364663,-60.00950086,-4.143854037,183.932149,1.001273596,0.296042739,0.943843758,431.6359824,428.9167636,0.042249229,92.63877756,0.303053583,12.04535259,12.76477333,-0.000158226,97.04034214,0,0,1,0,54068.05414,1500,1273.860067,0.849240045,0.174300111,9,0.5,0: Broadleaf,2,TRUE,1784914535,423.3373226,426.0400323,12.77145484,12.07031935,425.5013226,12.71545484,375.1566774,102.3621613,0.099991665,27.4719,27.82575806,999.9,0,0,10005.17968,696.399,0.218638,-2.73092129,428.7906129,431.2451935,0.71358929,426.0400323,12.07031935,1.308588065,1.235543871,10.89785161,10.03681774,1500,0.691998516,0.308001484,28,28282.49032,1784914562,13:36:01,1784914560,1784914562,63,0.036,0.002,-2.164,0.056,427,12,0.48,0.11,-2.699924634,-2.263519861,0.31278216,0,0.702760756,0.258516481,0.026949607,0,0,2,0/2,2.63651,2.71261,0.09999,0.0998961,0.0759387,0.0731127,25268.1,24952.2,25539.7,25483.8,32607.2,32197.3,39221.3,38345.9,1.71168,2.14547,0.0908598,0,26.3481,999.9,47,30.8,20.4805,62.1692,19.1226,1,0.0773831,0,20.4271,5.22268,11.98,4.96945,3.29565,9103.2,9999,9999,235,4.97,1.87515,1.87134,1.87439,1.87433,1.87241,1.87363,1.87485,0,0,0,0,11111111,oooooooo,on,on,on,on,0,100,100,-2.164,0.056,-1.126765526,-0.002774575,7.27494E-07,-2.16226E-10,-0.052316346,-0.001584374,0.000939206,-5.31953E-06,23,2146,2,22,1.5,1.7,0.155029,4.99756,1.4978,2.27051,1.4978,2.38892,33.513,14.3509,3,353.868,663.762,27.3145,28.2726,30.0003,28.2126,28.2628,-1,40,10,-999.9,400,20,100.827,107.165
62,1784914663,7518.1,20260724 13:37:43,13:37:43,15,1784914655,0.000271145,0.271144791,0.820161793,430.2985,295.6658129,30.29424228,44.08885452,0.010934667,3.143532932,0.01091358,0.006822879,261.4498651,28.96729492,27.95946333,3.785881149,35.18060117,1.303486456,3.70512843,2.482394693,-11.9574853,-62.57437454,-4.329267598,182.5887376,1.693974082,0.263355413,0.820161793,440.1237608,436.9286424,0.119043288,92.63935019,0.271144791,12.10182941,12.73857212,0.000514703,97.07036244,0,0,1,0,53997.67189,1499.999333,1273.859426,0.849239995,0.174299988,9,0.5,0: Broadleaf,2,TRUE,1784914655,430.2985,434.6342333,12.72177,12.09801333,432.5675,12.66077,375.1536,102.3611,0.09999276,27.59023667,27.95946333,999.9,0,0,9995.811667,696.1372333,0.218638,-4.238701667,435.9452667,439.9568333,0.632029633,434.6342333,12.09801333,1.303060333,1.238365,10.83419,10.07090667,1499.999333,0.692000167,0.307999833,29,28282.51,1784914691,13:38:11,1784914681,1784914691,64,-0.093,0.003,-2.269,0.061,432,12,0.47,0.13,-4.69206775,7.140030507,0.899663251,0,0.619125175,0.273235936,0.029537978,0,0,2,0/2,2.63623,2.71252,0.101385,0.101431,0.0758139,0.0732185,25226.9,24907.4,25537.7,25481.6,32608.7,32191,39217.6,38342.8,1.71115,2.1448,0.0886656,0,26.5057,999.9,47.1,30.8,20.5222,62.0492,19.2949,1,0.0799822,0,20.4271,5.22118,11.98,4.96945,3.29585,9103.2,9999,9999,235.1,4.97,1.87515,1.87133,1.87439,1.8743,1.87241,1.87363,1.87485,0,0,0,0,11111111,oooooooo,on,on,on,on,0,100,100,-2.269,0.061,-1.090325899,-0.002774575,7.27494E-07,-2.16226E-10,-0.050431023,-0.001584374,0.000939206,-5.31953E-06,23,2146,2,22,1.7,1.7,0.155029,4.99756,1.49902,2.27173,1.4978,2.38525,33.5355,14.3334,3,353.774,663.49,27.3986,28.3142,30.0001,28.2414,28.2892,-1,40,10,-999.9,400,20,100.818,107.156
63,1784914783,7638.1,20260724 13:39:43,13:39:43,15,1784914775,0.000283471,0.283471351,0.893635943,425.0123226,284.4485195,29.14417602,43.54613609,0.011336019,3.145058527,0.011313369,0.007072887,261.4498077,29.03412327,28.03057419,3.801608751,34.89559869,1.298267517,3.720433422,2.503341234,-12.50108658,-62.70578368,-4.339318269,181.9036192,0.762077853,0.284396666,0.893635943,432.8159837,430.3171818,0.032560417,92.58019426,0.283471351,11.98589203,12.65867413,-0.000126757,95.70025418,0,0,1,0,54020.91342,1499.99871,1273.85888,0.849239984,0.174300022,9,0.5,0: Broadleaf,2,TRUE,1784914775,425.0123226,427.1305806,12.67115161,11.99750968,427.1703226,12.61815161,375.1454839,102.3585484,0.099977584,27.66075161,28.03057419,999.9,0,0,10003.00323,696.3252258,0.218638,-2.213353645,430.3787097,432.3174194,0.692014,427.1305806,11.99750968,1.298882903,1.228048387,10.78590968,9.945975484,1499.99871,0.691999613,0.308000355,29,28282.50645,1784914815,13:40:14,1784914815,1784914800,65,0.102,-0.004,-2.158,0.053,431,12,0.63,0.11,-2.263471049,-4.981487707,0.92784741,0,0.688032341,0.009305038,0.01499392,1,1,2,1/2,2.63619,2.71276,0.100242,0.100328,0.0754388,0.0729749,25257.1,24934.9,25535.9,25478.6,32619.7,32195.7,39214.9,38338.4,1.71087,2.14432,0.0896305,0,26.5758,999.9,47,30.8,20.4815,62.5592,19.988,1,0.0828303,0,20.4267,5.22118,11.98,4.9692,3.29583,9103.2,9999,9999,235.1,4.96999,1.87515,1.87132,1.87438,1.87432,1.87237,1.87363,1.87485,0,0,0,0,11111111,oooooooo,on,on,on,on,0,100,100,-2.158,0.053,-1.183608582,-0.002774575,7.27494E-07,-2.16226E-10,-0.047486912,-0.001584374,0.000939206,-5.31953E-06,23,2146,2,22,1.7,1.5,0.155029,4.99756,1.49902,2.27173,1.49902,2.38525,33.558,14.3072,3,353.829,663.448,27.4634,28.3559,30.0003,28.2751,28.3203,-1,40,10,-999.9,400,20,100.811,107.144
64,1784914903,7758.1,20260724 13:41:43,13:41:43,15,1784914895,0.00025437,0.254369968,0.768112706,416.2920333,279.2051541,28.60649836,42.65199691,0.010012538,3.143407682,0.009994854,0.00624837,261.4500413,29.06501039,28.06101333,3.808358384,33.96575379,1.265383866,3.725469702,2.542974517,-11.21771557,-63.9084142,-4.426046842,181.8978646,-0.74058627,0.307595515,0.768112706,419.7916894,419.6413697,-0.169649178,92.62002872,0.254369968,11.60495269,12.30389441,-0.0091445,96.42661694,0,0,1,0,53977.80991,1500,1273.860017,0.849240011,0.174300028,9,0.5,0: Broadleaf,2,TRUE,1784914895,416.2920333,414.8225,12.3504,11.62156333,418.4180333,12.3004,375.1415667,102.3569333,0.09998032,27.6839,28.06101333,999.9,0,0,9995.648667,696.2799667,0.218638,1.464884633,421.4976667,419.7001333,0.739816,414.8225,11.62156333,1.265271333,1.189546667,10.39247333,9.471327333,1500,0.691999633,0.308000367,29,28282.51667,1784914930,13:42:09,1784914930,1784914922,66,0.005,0,-2.126,0.05,416,12,0.57,0.35,2.223261927,-17.29129539,1.763004768,0,0.751367537,-0.444593164,0.054755131,0,0,2,0/2,2.63616,2.71268,0.0983396,0.0978892,0.0738883,0.0715842,25309.5,25001.7,25535.1,25478,32674,32243.4,39213.8,38337.6,1.71028,2.14403,0.0907332,0,26.5754,999.9,46.2,30.8,20.1317,62.5292,19.1506,1,0.0843877,0,20.4237,5.21864,11.98,4.969,3.29583,9103.2,9999,9999,235.1,4.97,1.87516,1.87132,1.87439,1.87425,1.87237,1.87363,1.87485,0,0,0,0,11111111,oooooooo,on,on,on,on,0,100,100,-2.126,0.05,-1.081208167,-0.002774575,7.27494E-07,-2.16226E-10,-0.051733449,-0.001584374,0.000939206,-5.31953E-06,23,2146,2,22,1.5,1.7,0.155029,4.99756,1.49902,2.27051,1.4978,2.27539,33.5355,14.2721,3,353.674,663.443,27.5165,28.3829,30.0002,28.2993,28.3419,-1,40,10,-999.9,400,20,100.808,107.141
65,1784915023,7878.1,20260724 13:43:43,13:43:43,15,1784915015,0.000238457,0.238457044,0.60950991,410.3968667,292.4143508,29.9595422,42.04753363,0.009415526,3.145410988,0.009399896,0.005876337,261.4501986,28.95276568,27.91643667,3.776392525,33.5347872,1.240928772,3.700422386,2.535463753,-10.51595566,-59.00093319,-4.078280766,187.855029,0.020308179,0.212424282,0.60950991,415.3425734,414.708697,-0.083664878,92.60930205,0.238457044,11.67523059,12.1575014,0.007892293,96.19113507,0,0,1,0,54045.74438,1500.001333,1273.86108,0.849239965,0.174299977,9,0.5,0: Broadleaf,2,TRUE,1784915015,410.3968667,410.6547333,12.11184667,11.6084,412.5428667,12.05684667,375.1465667,102.3558,0.099986193,27.56850333,27.91643667,999.9,0,0,10004.876,696.3420333,0.218638,-0.224467706,415.4628667,415.4777667,0.504785467,410.6547333,11.6084,1.239855,1.188186,10.08887,9.454260667,1500.001333,0.6920002,0.307999767,28.70694667,28282.55333,1784915053,13:44:12,1784915053,1784915040,67,-0.025,0.005,-2.146,0.055,415,12,0.51,0.24,0.211949496,-7.07735298,0.8753736,0,0.53980515,-0.586002957,0.06831298,0,0,2,0/2,2.63619,2.71257,0.0974647,0.0968918,0.0732414,0.0710611,25333.4,25028.7,25534.4,25477.3,32696,32261,39212.5,38336.9,1.71047,2.14383,0.0920445,0,26.4016,999.9,45.8,30.8,19.9579,61.8691,19.7396,1,0.0843191,0,20.4263,5.22088,11.98,4.969,3.2957,9103.2,9999,9999,235.2,4.97,1.87516,1.8713,1.87438,1.87427,1.87239,1.87363,1.87485,0,0,0,0,11111111,oooooooo,on,on,on,on,0,100,100,-2.146,0.055,-1.076524218,-0.002774575,7.27494E-07,-2.16226E-10,-0.051782964,-0.001584374,0.000939206,-5.31953E-06,23,2146,2,22,1.6,1.7,0.155029,4.99756,1.4978,2.27051,1.4978,2.41333,33.5355,14.2809,3,353.797,663.332,27.4474,28.3816,30,28.3041,28.3471,-1,40,10,-999.9,400,20,100.805,107.139
66,1784915143,7998.1,20260724 13:45:43,13:45:43,15,1784915135,0.000239025,0.23902459,0.630850233,412.8152,291.892194,29.90577939,42.29493132,0.009475071,3.1444804,0.009459238,0.005913444,261.4503131,28.88511537,27.84816,3.761378131,33.52350194,1.235589447,3.685740973,2.525788684,-10.54098444,-58.92922936,-4.071761947,187.9083374,0.2582756,0.259918645,0.630850233,418.4354642,417.4635152,-0.055301015,92.60990457,0.23902459,11.46853429,12.05066434,-0.001486201,96.20295774,0,0,1,0,54035.99994,1500.001,1273.860944,0.849240063,0.174300093,9,0.5,0: Broadleaf,2,TRUE,1784915135,412.8152,413.6922333,12.05984,11.4438,414.9742,12.01884,375.1471667,102.3549,0.099978887,27.50054667,27.84816,999.9,0,0,10000.72867,696.5326,0.218638,-0.861232513,417.8788,418.4812,0.635879467,413.6922333,11.4438,1.236414667,1.171329333,10.04733667,9.242034333,1500.001,0.691998867,0.308001167,28,28282.53333,1784915160,13:46:00,1784915158,1784915160,68,-0.018,-0.007,-2.159,0.041,411,11,0.28,0.16,-0.332846863,-7.785149962,1.008254466,0,0.642906878,-0.296128369,0.037800631,0,0,2,0/2,2.63607,2.71266,0.0979751,0.0973717,0.0727344,0.0704708,25320.1,25016,25535.3,25477.8,32715.3,32282.3,39213.9,38337.5,1.71082,2.14427,0.0943318,0,26.3063,999.9,45.5,30.9,19.9398,62.3492,19.399,1,0.0824898,0,20.4248,5.22058,11.98,4.9689,3.2958,9103.2,9999,9999,235.2,4.97,1.87518,1.87132,1.87438,1.87426,1.87241,1.87363,1.87485,0,0,0,0,11111111,oooooooo,on,on,on,on,0,100,100,-2.159,0.041,-1.101650316,-0.002774575,7.27494E-07,-2.16226E-10,-0.046554564,-0.001584374,0.000939206,-5.31953E-06,23,2146,2,22,1.5,1.7,0.155029,4.99756,1.49902,2.27051,1.49902,2.39502,33.5355,14.2546,3,353.872,663.575,27.3661,28.3541,30,28.2873,28.3347,-1,40,10,-999.9,400,20,100.809,107.141
67,1784915263,8118.1,20260724 13:47:43,13:47:43,15,1784915255,0.000223538,0.223538055,0.509163063,418.2359355,310.8570289,31.84940572,42.85110117,0.008812771,3.142019835,0.008799062,0.005500643,261.4497152,28.93519116,27.91180645,3.775372666,33.44963886,1.236141206,3.695529306,2.53923146,-9.858028203,-61.98511401,-4.288595674,185.3179774,3.05245357,0.143563994,0.509163063,430.9449405,426.4701515,0.320461787,92.6092546,0.223538055,11.74787181,12.15072448,0.012087538,96.18964375,0,0,1,0,53969.86894,1499.998387,1273.858629,0.849239999,0.174299998,9,0.5,0: Broadleaf,2,TRUE,1784915255,418.2359355,425.7026774,12.06500323,11.72475484,420.3049355,12.00800323,375.1632903,102.3567419,0.100023584,27.54588065,27.91180645,999.9,0,0,9989.353226,696.3283548,0.218638,-7.571160968,423.2367419,430.7530645,0.337371355,425.7026774,11.72475484,1.234639677,1.200107742,10.02574032,9.602842581,1499.998387,0.692000032,0.307999968,28.46640968,28282.50323,1784915304,13:48:23,1784915304,1784915282,69,0.161,0.007,-2.069,0.057,449,12,1.1,0.21,-8.111026585,10.65257268,1.352209035,0,0.324843268,0.260536223,0.04967316,0,0,2,0/2,2.63599,2.71237,0.0996052,0.0999287,0.0732328,0.0715822,25276.5,24947,25537.4,25479.6,32699.9,32245.8,39216.6,38340.1,1.71105,2.14453,0.0961199,0,26.3483,999.9,45.7,30.9,20.0284,62.2892,19.9199,1,0.0799314,0,20.4248,5.22043,11.98,4.9687,3.29573,9103.2,9999,9999,235.2,4.96999,1.8752,1.87131,1.87439,1.87426,1.87238,1.87363,1.87485,0,0,0,0,11111111,oooooooo,on,on,on,on,0,100,100,-2.069,0.057,-1.119768416,-0.002774575,7.27494E-07,-2.16226E-10,-0.053063817,-0.001584374,0.000939206,-5.31953E-06,23,2146,2,22,1.8,1.7,0.155029,4.99756,1.49902,2.27173,1.4978,2.39746,33.5355,14.2371,3,353.849,663.535,27.3678,28.3251,30,28.2634,28.3131,-1,40,10,-999.9,400,20,100.816,107.148
68,1784915383,8238.1,20260724 13:49:43,13:49:43,15,1784915375,0.000213419,0.213419387,0.482662017,447.4456667,340.5524047,34.89286585,45.84510756,0.008494114,3.144508628,0.008481388,0.005302009,261.4500299,29.05100998,28.04457667,3.804712389,34.69033315,1.290601713,3.720349722,2.514110676,-9.411794986,-65.13387229,-4.508439477,182.3959232,5.118186025,0.135338104,0.482662017,463.7472499,458.6617273,0.38730043,92.60944183,0.213419387,12.28396012,12.68113776,0.010323122,96.19358135,0,0,1,0,54008.04387,1500.000667,1273.860532,0.849239977,0.174299943,9,0.5,0: Broadleaf,2,TRUE,1784915375,447.4456667,459.8698667,12.5962,12.27560333,449.7446667,12.5392,375.1443333,102.3596333,0.099974553,27.66036667,28.04457667,999.9,0,0,10000.39467,695.8902667,0.218638,-12.204528,453.3827667,465.5851667,0.3348597,459.8698667,12.27560333,1.2908,1.256524667,10.69204333,10.28862667,1500.000667,0.692000767,0.307999233,29,28282.53,1784915407,13:50:06,1784915407,1784915403,70,-0.237,-0.004,-2.299,0.057,437,12,0.53,0.27,-13.70128049,32.57124794,4.277011693,0,0.281579878,0.818517282,0.083973289,0,0,2,0/2,2.63623,2.71267,0.105121,0.105209,0.0755506,0.0740681,25121,24800,25536.8,25478.9,32616.7,32158,39215.4,38338.5,1.7108,2.14438,0.0923872,0,26.5443,999.9,46.9,30.9,20.5529,62.5292,19.1146,1,0.0800432,0,20.4254,5.22088,11.98,4.96895,3.2957,9103.2,9999,9999,235.3,4.97,1.87523,1.87132,1.87439,1.87432,1.87239,1.87364,1.87485,0,0,0,0,11111111,oooooooo,on,on,on,on,0,100,100,-2.299,0.057,-0.959107157,-0.002774575,7.27494E-07,-2.16226E-10,-0.046071703,-0.001584374,0.000939206,-5.31953E-06,23,2146,2,22,1.3,1.7,0.155029,4.99756,1.49902,2.27173,1.4978,2.36206,33.558,14.2108,3,353.7,663.348,27.4577,28.3255,30.0001,28.2583,28.3083,-1,40,10,-999.9,400,20,100.813,107.145
69,1784915503,8358.1,20260724 13:51:43,13:51:43,15,1784915495,0.000203068,0.203067852,0.647464941,440.5103333,297.6928983,30.50082136,45.13351531,0.008103244,3.145390217,0.008091664,0.005058329,261.4499569,29.17094058,28.16936,3.832468292,35.39542953,1.325933515,3.746058553,2.506534777,-8.955292266,-66.32219564,-4.594961227,181.5775078,-0.182584007,0.207915372,0.647464941,444.1078189,444.8909879,-0.233285918,92.60925891,0.203067852,12.39853058,12.93514406,-0.005314605,96.18985542,0,0,1,0,54007.60025,1499.999667,1273.859723,0.849240004,0.17430001,9,0.5,0: Broadleaf,2,TRUE,1784915495,440.5103333,440.2920333,12.94132333,12.44898333,442.7343333,12.88332333,375.1517333,102.3573667,0.099969507,27.77825,28.16936,999.9,0,0,10004.62833,695.9023,0.218638,0.141480347,446.2154,445.8425333,0.5083079,440.2920333,12.44898333,1.326275333,1.274245,11.09994333,10.49827,1499.999667,0.691999867,0.308000133,29,28282.52,1784915523,13:52:03,1784915520,1784915523,71,0.059,-0.003,-2.224,0.058,430,12,0.34,0.16,-0.150438185,11.47284492,1.908928681,0,0.489127244,0.581319909,0.064433461,0,0,2,0/2,2.63611,2.71267,0.102722,0.101669,0.0766526,0.0744844,25185.4,24895,25533.9,25475.8,32573.3,32139.6,39210.9,38334.3,1.7107,2.14385,0.0904575,0,26.7047,999.9,47.7,30.9,20.9057,62.4692,19.4631,1,0.0830056,0,20.4258,5.22253,11.98,4.9691,3.29573,9103.2,9999,9999,235.3,4.97,1.87519,1.87132,1.87439,1.87433,1.87241,1.87363,1.87485,0,0,0,0,11111111,oooooooo,on,on,on,on,0,100,100,-2.224,0.058,-1.196186983,-0.002774575,7.27494E-07,-2.16226E-10,-0.050114299,-0.001584374,0.000939206,-5.31953E-06,23,2146,2,22,1.6,1.7,0.155029,4.99756,1.49902,2.27295,1.4978,2.323,33.5804,14.1846,3,353.79,663.178,27.5534,28.359,30.0004,28.2834,28.3323,-1,40,10,-999.9,400,20,100.802,107.132
70,1784915623,8478.1,20260724 13:53:43,13:53:43,15,1784915615,0.000194921,0.19492088,0.577417672,426.1121613,291.566286,29.87287341,43.65797852,0.007707323,3.143953031,0.007696841,0.004811466,261.4497568,29.21584222,28.19055806,3.837200947,34.82130784,1.307656811,3.755335143,2.529544136,-8.596010813,-62.70451946,-4.347682588,185.801544,0.957013574,0.175217202,0.577417672,434.3579235,432.2921273,0.065684772,92.60985681,0.19492088,12.35700812,12.80556294,0.001245847,96.20180418,0,0,1,0,53966.11819,1499.999355,1273.859362,0.84923994,0.174299913,9,0.5,0: Broadleaf,2,TRUE,1784915615,426.1121613,428.587129,12.76303871,12.34806129,428.3401613,12.71303871,375.1597097,102.3565484,0.099993539,27.8206129,28.19055806,999.9,0,0,9998.167742,696.0127742,0.218638,-2.456512742,431.647129,433.9454839,0.432268419,428.587129,12.34806129,1.30815,1.263904516,10.89280645,10.37633226,1499.999355,0.692001065,0.307998903,29,28282.53548,1784915643,13:54:03,1784915643,1784915642,72,-0.027,-0.003,-2.228,0.05,420,12,0.34,0.18,-2.02574795,-6.599230942,1.067814058,0,0.435888,-0.005260976,0.019409279,1,1,2,1/2,2.63558,2.71259,0.100543,0.100017,0.0761065,0.0743594,25243.1,24938.1,25530.6,25473.3,32588.8,32140.7,39206.3,38330.7,1.7102,2.14305,0.0921786,0,26.6903,999.9,47.5,30.9,20.8166,62.4692,20.1723,1,0.0864456,0,20.4258,5.22313,11.98,4.9697,3.2958,9103.2,9999,9999,235.3,4.96999,1.87521,1.87134,1.87439,1.87434,1.87241,1.87363,1.87485,0,0,0,0,11111111,oooooooo,on,on,on,on,0,100,100,-2.228,0.05,-1.137644111,-0.002774575,7.27494E-07,-2.16226E-10,-0.053422884,-0.001584374,0.000939206,-5.31953E-06,23,2146,2,22,1.7,1.7,0.155029,4.99756,1.4978,2.27173,1.4978,2.39258,33.6029,14.1846,3,353.744,662.842,27.612,28.4035,30.0003,28.3186,28.3626,-1,40,10,-999.9,400,20,100.79,107.122
71,1784915743,8598.1,20260724 13:55:43,13:55:43,15,1784915735,0.000212382,0.212382269,0.601675704,414.556129,283.6440622,29.0602283,42.47258222,0.008270146,3.144941717,0.008258083,0.005162384,261.4499294,29.20326965,28.17646774,3.834054591,33.69349827,1.264718727,3.753598742,2.569335863,-9.366058082,-61.67849704,-4.274728821,186.1306454,0.530522668,0.233472652,0.601675704,420.7696118,419.3649212,-0.005542039,92.62191921,0.212382269,11.66793993,12.29554545,-0.011822391,96.47175694,0,0,1,0,53990.75939,1499.999677,1273.859796,0.849240046,0.17429999,9,0.5,0: Broadleaf,2,TRUE,1784915735,414.556129,416.0610645,12.34436129,11.79116774,416.673129,12.28836129,375.1517419,102.3531613,0.099991003,27.81269032,28.17646774,999.9,0,0,10002.99806,696.164129,0.218638,-1.598381842,419.6427419,421.0254839,0.553032097,416.0610645,11.79116774,1.263467419,1.206862258,10.37114194,9.685737097,1499.999677,0.692000323,0.307999742,29,28282.52258,1784915773,13:56:13,1784915773,1784915762,73,0.123,0.008,-2.117,0.056,431,12,0.17,0.25,-1.817557603,5.040101603,1.493975406,0,0.5208922,1.028256856,0.120344558,0,0,2,0/2,2.63571,2.71243,0.0983081,0.098217,0.073844,0.0714914,25304.6,24985.6,25529.5,25470.9,32667.6,32238.2,39204.2,38327.6,1.71008,2.1429,0.0934526,0,26.6421,999.9,46.3,30.9,20.2907,62.4092,19.9319,1,0.0885442,0,20.4254,5.22268,11.98,4.9697,3.29573,9103.2,9999,9999,235.4,4.97,1.87523,1.87131,1.87439,1.87433,1.87241,1.87363,1.87485,0,0,0,0,11111111,oooooooo,on,on,on,on,0,100,100,-2.117,0.056,-1.165036122,-0.002774575,7.27494E-07,-2.16226E-10,-0.056649468,-0.001584374,0.000939206,-5.31953E-06,23,2146,2,22,1.7,1.7,0.155029,4.99756,1.4978,2.27173,1.4978,2.40479,33.6029,14.1671,3,353.829,662.98,27.6343,28.4341,30.0001,28.3449,28.3852,-1,40,10,-999.9,400,20,100.785,107.113
72,1784915863,8718.1,20260724 13:57:43,13:57:43,15,1784915855,0.000184904,0.184903874,0.483574526,424.9556774,304.5817715,31.20512294,43.53771433,0.00733226,3.143848692,0.007322772,0.004577584,261.4503609,29.20850632,28.16596452,3.831710694,34.89427446,1.309645282,3.753181007,2.522065412,-8.154260864,-60.19998336,-4.17345041,188.9226663,0.818922497,0.165491375,0.483574526,431.5948411,430.626103,-0.020391158,92.60991935,0.184903874,12.38396971,12.81724615,0.000440323,96.20305033,0,0,1,0,53965.33312,1500.002258,1273.861905,0.849239991,0.174299978,9,0.5,0: Broadleaf,2,TRUE,1784915855,424.9556774,427.0889677,12.78296774,12.39103226,427.1146774,12.72496774,375.1594839,102.3523548,0.100010539,27.81078387,28.16596452,999.9,0,0,9998.102581,696.5800968,0.218638,-2.084990645,430.5132581,432.4474516,0.405768871,427.0889677,12.39103226,1.309783226,1.268251613,10.91157419,10.42778065,1500.002258,0.69200029,0.30799971,29,28282.57097,1784915880,13:57:59,1784915880,1784915879,74,-0.046,-0.006,-2.159,0.058,426,12,0.86,0.09,-2.310128049,8.306752683,1.095313664,0,0.402569195,0.156924502,0.022082105,0,0,2,0/2,2.63629,2.71256,0.100222,0.0999151,0.0761294,0.0747903,25249.3,24937.7,25528,25470.2,32584.2,32121.6,39201.8,38325.9,1.7101,2.14173,0.0952855,0,26.6159,999.9,47.5,30.9,20.8167,61.9592,19.371,1,0.0899441,0,20.425,5.22178,11.98,4.96955,3.29563,9103.2,9999,9999,235.4,4.97,1.87518,1.87131,1.87437,1.87427,1.87241,1.87363,1.87485,0,0,0,0,11111111,oooooooo,on,on,on,on,0,100,100,-2.159,0.058,-1.041515665,-0.002774575,7.27494E-07,-2.16226E-10,-0.049125934,-0.001584374,0.000939206,-5.31953E-06,23,2146,2,22,1.5,1.7,0.155029,4.99756,1.49902,2.27051,1.49902,2.31201,33.6029,14.132,3,353.963,662.242,27.6346,28.4535,30.0001,28.367,28.4089,-1,40,10,-999.9,400,20,100.779,107.109
73,1784915983,8838.1,20260724 13:59:43,13:59:43,15,1784915975,0.000176458,0.1764579,0.566589465,427.7606333,283.3277426,29.02836514,43.8262478,0.006978932,3.146124755,0.006970343,0.004357235,261.4496027,29.22517903,28.16868667,3.832318048,34.70224442,1.303623349,3.756596642,2.5286947,-7.781793379,-58.06222264,-4.022701857,191.5828848,0.771136829,0.15169847,0.566589465,435.9716341,433.6200061,0.096591195,92.60561808,0.1764579,12.37069427,12.77002587,0.001774701,96.11915559,0,0,1,0,54016.21779,1499.997333,1273.857762,0.849240018,0.174300045,9,0.5,0: Broadleaf,2,TRUE,1784915975,427.7606333,429.7663333,12.72385333,12.36454667,429.9216333,12.66285333,375.1432,102.3551,0.099975077,27.82636667,28.16868667,999.9,0,0,10008.19333,696.7515333,0.218638,-2.0082993,433.2725333,435.1466333,0.3632779,429.7663333,12.36454667,1.302757667,1.265573667,10.83066667,10.39608667,1499.997333,0.6919994,0.3080006,29,28282.46667,1784916000,13:59:59,1784915999,1784916000,75,0.001,0.003,-2.161,0.061,426,12,0.45,0.25,-2.271409244,3.037734815,0.673921833,0,0.358806098,0.099215477,0.017043803,1,1,2,1/2,2.63626,2.71266,0.100757,0.100358,0.075951,0.074715,25232.5,24923.2,25526.3,25468,32588.5,32121.6,39199.3,38322.8,1.70985,2.14127,0.0953749,0,26.6141,999.9,47.5,30.9,20.8192,61.6892,19.7396,1,0.0919538,0,20.4259,5.22193,11.98,4.9695,3.29588,9103.2,9999,9999,235.4,4.96998,1.87516,1.87131,1.87437,1.87425,1.8724,1.87363,1.87485,0,0,0,0,11111111,oooooooo,on,on,on,on,0,100,100,-2.161,0.061,-1.088028991,-0.002774575,7.27494E-07,-2.16226E-10,-0.054755219,-0.001584374,0.000939206,-5.31953E-06,23,2146,2,22,1.7,1.7,0.155029,4.99756,1.49902,2.27051,1.4978,2.34375,33.5804,14.1233,3,353.976,662.165,27.643,28.477,30.0003,28.3912,28.4354,-1,40,10,-999.9,400,20,100.772,107.1
74,1784916104,8958.5,20260724 14:01:43,14:01:43,15,1784916096,0.000217498,0.217498048,0.453419385,420.2684,319.9795484,32.78392786,43.0591548,0.008529118,3.143664171,0.008516283,0.005323828,261.4495165,29.28912283,28.25635667,3.851923553,34.48748862,1.301084645,3.77262798,2.550838908,-9.591663922,-60.50762123,-4.198766327,187.151465,0.299393869,0.216266615,0.453419385,425.411482,425.2630121,-0.094394246,92.58866358,0.217498048,12.16035594,12.67985734,-0.000414964,95.82817749,0,0,1,0,53945.19055,1499.997333,1273.857728,0.849239995,0.174299988,9,0.5,0: Broadleaf,2,TRUE,1784916096,420.2684,421.2047,12.69892,12.18668,422.3594,12.64192,375.1527333,102.3563333,0.09998934,27.89934,28.25635667,999.9,0,0,9996.874333,696.6712333,0.218638,-0.990574138,425.6234,426.4011333,0.5223571,421.2047,12.18668,1.300851,1.247384,10.80867,10.17935,1499.997333,0.692000167,0.307999833,29,28282.48,1784916134,14:02:13,1784916134,1784916121,76,0.051,0.001,-2.091,0.057,420,12,0.51,0.13,-1.433277418,7.240100908,0.818214775,0,0.490349537,0.531649672,0.054697937,0,0,2,0/2,2.63584,2.71267,0.0992833,0.0988058,0.0755167,0.0735771,25271.8,24964.8,25524.3,25466.6,32601.3,32159.6,39196.2,38320.9,1.70925,2.14135,0.0941381,0,26.7168,999.9,47.2,30.9,20.6863,62.5592,19.9679,1,0.0941692,0,20.4258,5.21984,11.98,4.9692,3.29588,9103.2,9999,9999,235.5,4.96999,1.87516,1.87131,1.87438,1.87428,1.87238,1.87363,1.87485,0,0,0,0,11111111,oooooooo,on,on,on,on,0,100,100,-2.091,0.057,-1.086926013,-0.002774575,7.27494E-07,-2.16226E-10,-0.052210067,-0.001584374,0.000939206,-5.31953E-06,23,2146,2,22,1.7,1.7,0.155029,4.99756,1.4978,2.27051,1.49902,2.40356,33.5804,14.1233,3,353.873,662.596,27.6969,28.5143,30.0001,28.4251,28.4664,-1,40,10,-999.9,400,20,100.764,107.094
75,1784916224,9078.5,20260724 14:03:43,14:03:43,15,1784916216,0.000210074,0.210073514,0.453882267,414.8610323,310.6818976,31.83083771,42.50448543,0.008151261,3.14442079,0.00813954,0.005088264,261.4500598,29.29028295,28.23857742,3.847940551,33.65691072,1.269725084,3.772553858,2.578215467,-9.264241976,-57.56530106,-3.993270042,190.6272467,0.942447801,0.230251158,0.453882267,423.7514538,420.8437636,0.178815528,92.63989067,0.210073514,11.84678077,12.36665091,-0.002090532,97.10402312,0,0,1,0,53963.03766,1500.000323,1273.860238,0.849239976,0.174300002,9,0.5,0: Broadleaf,2,TRUE,1784916216,414.8610323,417.3511613,12.39303226,11.84749677,416.9480323,12.34003226,375.1504516,102.3547742,0.099980832,27.89900323,28.23857742,999.9,0,0,10000.46968,696.7138387,0.218638,-2.485672903,420.0752258,422.3549032,0.554617,417.3511613,11.84749677,1.269415806,1.212647742,10.4415129,9.757720968,1500.000323,0.691999871,0.308000097,29,28282.52581,1784916242,14:04:01,1784916242,1784916242,77,0.017,0.002,-2.087,0.053,425,12,0.32,0.17,-2.2948585,-8.341040826,0.92745965,0,0.545897025,0.059024499,0.024746739,1,1,2,1/2,2.63582,2.7124,0.0985244,0.0984943,0.0741314,0.0720994,25293,24973,25524.3,25466.3,32650.5,32210.8,39195.9,38320.4,1.70915,2.14103,0.0951439,0,26.677,999.9,46.5,30.9,20.3789,62.6192,19.9639,1,0.0951118,0,20.426,5.22268,11.98,4.96955,3.2957,9103.2,9999,9999,235.5,4.96999,1.87515,1.87131,1.87438,1.87425,1.87239,1.87365,1.87485,0,0,0,0,11111111,oooooooo,on,on,on,on,0,100,100,-2.087,0.053,-1.036460956,-0.002774575,7.27494E-07,-2.16226E-10,-0.051381872,-0.001584374,0.000939206,-5.31953E-06,23,2146,2,22,1.5,1.7,0.155029,4.99756,1.4978,2.27051,1.49902,2.40356,33.558,14.1058,3,353.919,662.523,27.7193,28.5338,30.0001,28.4421,28.4841,-1,40,10,-999.9,400,20,100.764,107.093
76,1784916344,9198.5,20260724 14:05:43,14:05:43,15,1784916336,0.000199478,0.199478225,0.506043852,428.4024516,308.6595994,31.62244027,43.89019802,0.007753114,3.144361443,0.007742509,0.00484002,261.4505096,29.31193839,28.26042258,3.852834926,33.87570798,1.279401667,3.776752556,2.573433259,-8.79698974,-58.03503944,-4.026752208,190.5917282,1.03755709,0.187795738,0.506043852,436.174619,434.5129212,0.042895845,92.58752022,0.199478225,12.02270761,12.49713217,-0.000177385,95.8097417,0,0,1,0,53958.13649,1500.002903,1273.862429,0.849239976,0.174300002,9,0.5,0: Broadleaf,2,TRUE,1784916336,428.4024516,431.0845806,12.48795484,12.04305484,430.5854516,12.43395484,375.1528387,102.350871,0.099985355,27.91807097,28.26042258,999.9,0,0,10000.58097,696.7871613,0.218638,-2.595689742,433.9127097,436.3395484,0.456618419,431.0845806,12.04305484,1.279351613,1.232617097,10.55846129,10.00138677,1500.002903,0.691999871,0.308000097,29,28282.54839,1784916363,14:06:03,1784916359,1784916363,78,-0.089,-0.002,-2.183,0.054,426,12,0.28,0.18,-2.97655755,11.32297029,1.14263667,0,0.430812975,0.566068852,0.058628814,0,0,2,0/2,2.63551,2.71254,0.100896,0.1003,0.0746992,0.0729003,25226.2,24922.7,25524,25466,32630,32182.7,39195.4,38320.1,1.7088,2.14115,0.0982024,0,26.6565,999.9,46.7,30.9,20.4673,62.4692,19.6795,1,0.0947409,0,20.4253,5.21879,11.98,4.96815,3.29573,9103.2,9999,9999,235.5,4.97,1.87515,1.8713,1.87438,1.87425,1.87237,1.87363,1.87485,0,0,0,0,11111111,oooooooo,on,on,on,on,0,100,100,-2.183,0.054,-1.019513771,-0.002774575,7.27494E-07,-2.16226E-10,-0.049557527,-0.001584374,0.000939206,-5.31953E-06,23,2146,2,22,1.7,1.7,0.155029,4.99756,1.4978,2.27051,1.4978,2.3938,33.5355,14.0883,3,353.791,662.717,27.736,28.5363,30.0001,28.4494,28.4913,-1,40,10,-999.9,400,20,100.762,107.092
77,1784917217,10072,20260724 14:20:17,14:20:17,15,1784917209,2.00937E-05,0.020093664,0.27388144,833.3360968,222.5878821,22.80317658,85.3717192,0.000745373,3.144797478,0.000745275,0.000465806,261.4502104,28.09628218,27.14749677,3.610282901,25.91694819,0.909128035,3.507851419,2.701154866,-0.886130574,-83.02542183,-5.692077366,171.8465806,-0.637273596,0.026204391,0.27388144,838.8393673,839.3399152,-0.114810284,92.58580161,0.020093664,8.80573406,8.853543636,-2.76018E-06,95.8090456,0,0,1,0,54195.27118,1500.00129,1273.86109,0.849239996,0.17429999,9,0.5,0: Broadleaf,2,TRUE,1784917209,833.3360968,831.8595806,8.874240968,8.811930968,835.7460968,8.857240968,375.135,102.3457742,0.099949126,26.65779355,27.14749677,999.9,0,0,10003.06355,699.8555484,0.218638,0.841113645,840.1458387,839.254871,0.049896903,831.8595806,8.811930968,0.906971161,0.901864355,5.501829355,5.420520645,1500.00129,0.692000129,0.307999871,28,28282.55484,1784917238,14:20:38,1784917238,1784917233,79,0.663,0.013,-2.41,0.017,861,9,5.19,0.06,0.90863022,-0.757294829,0.13026429,0,0.049899559,0.010942735,0.002625156,1,1,2,1/2,2.63811,2.7127,0.161096,0.160082,0.0578781,0.0579992,23639.2,23370.6,25627,25573.5,33367.3,32843.6,39348.5,38473.8,1.7272,2.1759,0.138074,0,24.858,999.9,37.1,30.7,16.077,62.7591,21.1699,1,-0.0603227,0,20.428,5.22298,11.9745,4.96975,3.296,9103.2,9999,9999,235.8,4.96996,1.87515,1.87123,1.87434,1.87425,1.87237,1.87363,1.87485,0,0,0,0,11111111,oooooooo,on,on,on,on,0,100,100,-2.41,0.017,-1.108561128,-0.002774575,7.27494E-07,-2.16226E-10,-0.05136579,-0.001584374,0.000939206,-5.31953E-06,23,2146,2,22,14.3,14.2,0.155029,4.99756,1.4978,2.26929,1.4978,2.41821,32.9537,13.9657,3,352.759,672.117,26.7218,26.6828,29.9991,26.6901,26.7688,-1,40,10,-999.9,400,20,101.161,107.53