obs,time,elapsed,date,hhmmss,averaging,TIME,E,Emm,A,Ca,Ci,Pci,Pca,gsw,gbw,gtw,gtc,Rabs,TleafEB,TleafCnd,SVPleaf,RHcham,VPcham,SVPcham,VPDleaf,LatHFlux,SenHFlux,NetTherm,EBSum,Asty,Esty,Adyn,Crd,Csd,dCsd/dt,αVc,Edyn,Hr,Hs,dHs/dt,αVh,Leak,LeakPct,CorrFact,CorrFactPct,Fan,Qin,Qabs,alpha,convert,S,K,Geometry,Custom,UseDynamic,TIME,CO2_s,CO2_r,H2O_s,H2O_r,CO2_a,H2O_a,Flow,Pa,ΔPcham,Tair,Tleaf,Tleaf2,Offset,Offset2,Fan_speed,Qamb_in,Qamb_out,ΔCO2,CO2_s_d,CO2_r_d,ΔH2O,CO2_b,H2O_b,e_s,e_r,Td_s,Td_r,Q,f_red,f_blue,f_farred,F,Q_modavg,F_dc,Pc,Tled,TDigital,TPreamp,TPwrSpy,TDrive,Q_red,Q_blue,Q_farred,TSPF,state,time,hhmmss,co2_t,h2o_t,count,co2_adj,h2o_adj,co2_match,h2o_match,co2_at,h2o_at,co2_cv,h2o_cv,ΔCO2:MN,ΔCO2:SLP,ΔCO2:SD,ΔCO2:OK,F:MN,F:SLP,F:SD,F:OK,ΔH2O:MN,ΔH2O:SLP,ΔH2O:SD,ΔH2O:OK,Stable,Total,State,Vflow,VPchamber,abs_c_a,abs_c_b,abs_h_a,abs_h_b,Wc_s,Wc_r,Wco_s,Wco_r,Ww_s,Ww_r,Wwo_s,Wwo_r,Flow_s_v,Flow_r_v,Tleaf_mv,Tleaf2_mv,Tleaf_j,Tleaf2_j,Console_RH,Console_T,Console_H2O,Fan_%,Flow_%,Pump,Tchp_pwm,Txchg_pwm,diag_20v,diag_5_4v,diag_12v,diag_5va,diag_3_3vf,AccCO2_soda,AccH2O_des,AccH2O_hum,CO2_hrs,ADC_CH1,ADC_CH2,ADC_CH3,ADC_CH4,ADC_CH5,ADC_CH6,ADC_CH7,ADC_CH8,DAC_1,DAC_2,DAC_3,DAC_4,GPIO,GPIO_dir,excit_5v,power_12v,power_5v,ch1_pullup,AuxPower,MatchValveR,MatchValveS,MatchCO2,MatchH2O,cf_co2_a,cf_co2_b,cf_co2_c,cf_co2_d,cf_h2o_a,cf_h2o_b,cf_h2o_c,cf_h2o_d,co2_fit_low,co2_fit_high,h2o_fit_low,h2o_fit_high,co2_elapsed,h2o_elapsed,CO2_f,CO2_f_s,Pump_f,Pump_f_s,Pump_p,Pump_p_s,Tboard,V_system,DIAG,Flow_s,Flow_r,Txchg,Tirga,Tchopper,Ts,Tr,CO2_%,Desiccant_%,Humidifier_%,Txchg_sp,CO2_r_sp,H2O_r_sp,SS_s,SS_r
1,1786459421,0,20260811 09:43:40,09:43:40,15,1786459417,0.001716681,1.716681085,16.62177521,459.1197143,-101.7671935,-10.37063146,46.78680026,0.048667726,2.963228978,0.048227994,0.030181673,266.1434955,35.15891355,34.22435714,5.410241106,35.70231738,1.913244946,5.358881683,3.49699616,-75.70563584,-27.34525204,-2.137134663,160.955473,1.621938492,0.349451762,16.62177521,470.5557038,462.8023879,-2.707981387,66.70382342,1.716681085,18.27345819,19.26975636,0.201531541,78.43,0,0,1,0,52658.37243,1499.951429,1273.81995,0.849240799,0.177434743,6,0.5,0: Broadleaf,2,TRUE,1786459417,459.1197143,461.9227857,18.77470714,18.23545714,500.3487143,23.22522143,381.5197857,101.8093571,0.096091057,34.05318571,34.22435714,999.9,0,0,10012.10571,0,16.57916429,-2.803046857,467.9024286,470.5024286,0.539237093,461.9227857,18.23545714,1.911437143,1.856539286,16.72622143,16.27107143,1499.951429,0.691973857,0.308026143,0,2.410628571,0,28259.09286,13609.00714,46.437,48.125,47.281,46.67371429,46.187,1037.926429,462.025,0,1786459358,0,1786459371,09:42:50,1786208397,1786459371,1,-2.566,-0.971,-41.229,-4.451,412,17,0.91,0.28,1.1323766,-31.13116431,4.112316874,0,2.512367647,-1.027653166,0.289970486,0,0.207388473,2.537075945,0.312828088,0,0,3,0/3,2.96575,2.76353,0.11545,0.11028,0.11536,0.0962298,27380.4,18285.7,31735.8,22391.9,37903.8,27485,45690.8,32730.2,2.14473,2.56422,0.110093,0,32.4662,999.9,72.9,30.1,30.6817,62.32,-100,3,0.402861,0,20.3057,5.21325,12.0329,4.9592,3.30032,7716.9,9999,9999,149.5,4.97294,1.87529,1.88154,1.881,1.8787,1.8744,1.87453,1.87683,0,0,0,0,11111111,oooooooo,on,on,on,on,0,100,100,-41.229,-4.4505,-41.229,0,0,0,-4.450509524,0,0,0,-1,-1,-1,-1,4183.7,0.8,0.157471,4.99878,2.89795,2.90161,2.99805,2.30469,34.5092,15.9533,2,752.88,1255.37,32.7229,32.3985,30.0015,32.0236,31.8948,-1,40,10,-999.9,400,20,99.8754,86.0106
2,1786459547,126,20260811 09:45:46,09:45:46,15,1786459539,0.001155753,1.15575266,1.114561588,383.1576452,308.0444227,31.40136038,39.05823449,0.032417663,2.961207715,0.032221788,0.020156117,266.1482181,35.61150807,34.4833,5.488749458,36.06331096,1.966074685,5.45173095,3.522674772,-50.96869231,-19.42772154,-1.523600037,194.2282042,1.165310441,1.1143067,1.114561588,393.2534843,391.1047455,0.060663288,66.7685483,1.15575266,17.42159837,19.21993455,-0.007881593,78.43,0,0,1,0,52548.36801,1499.990323,1273.851852,0.849240047,0.17743329,6,0.5,0: Broadleaf,2,TRUE,1786459539,383.1576452,385.5954839,19.28700968,17.61385484,424.3866452,23.73751935,391.8878387,101.8377419,0.100024377,34.36160645,34.4833,999.9,0,0,9997.854516,0,27.83724516,-2.437832939,390.6929355,392.5091613,1.673163226,385.5954839,17.61385484,1.964143871,1.793753871,17.15818387,15.73186452,1499.990323,0.691998774,0.308001226,0,2.441116129,0,23933.94516,13609.47097,46.808,48.36280645,47.57419355,46.99593548,46.5,1037.990968,461.9993548,0,1786459484,0,1786459371,09:42:50,1786208397,1786459371,1,-2.566,-0.971,-41.229,-4.451,412,17,0.91,0.28,-1.41685791,-17.10141107,2.493925307,0,2.450538235,-0.034024451,0.24012551,1,1.668075,0.567800826,0.1270313,0,1,3,1/3,2.9707,2.76479,0.102784,0.0953528,0.114915,0.0916062,27752.9,18604.5,31715.3,22407.7,37896.5,27647.2,45657.9,32756.8,1.66812,2.6241,0.110224,0,32.7152,999.9,70.2,30.4,30.0495,62.53,-100,3,0.438811,0,20.3065,5.21639,12.0327,4.95965,3.301,7716.9,9999,9999,149.5,4.97293,1.87531,1.88155,1.88104,1.87873,1.8744,1.87453,1.87682,0,0,0,0,11111111,oooooooo,on,on,on,on,0,100,100,-41.229,-4.4506,-41.229,0,0,0,-4.450509524,0,0,0,-1,-1,-1,-1,4185.8,2.9,0.157471,4.99878,2.89795,2.90161,2.99805,2.30347,34.6921,15.9445,2,413.951,1348.14,33.0309,32.8348,30.0013,32.438,32.2546,-1,40,10,-999.9,400,20,99.8064,86.0767
3,1786459667,246,20260811 09:47:46,09:47:46,15,1786459659,0.001032389,1.032389257,1.785712409,378.1833871,255.0258133,25.99840166,38.55360158,0.027566917,2.961827724,0.027425166,0.017153404,266.149368,35.94017692,34.783,5.58084976,33.98696352,1.883774851,5.54263946,3.697074908,-45.52836622,-19.77020373,-1.554656251,199.2961418,1.331906907,0.957122631,1.785712409,387.4743227,385.0024303,-0.046423241,66.7685483,1.032389257,17.10525771,18.56336727,0.01208968,78.43,0,0,1,0,52515.37767,1499.993548,1273.85489,0.849240246,0.177433675,6,0.5,0: Broadleaf,2,TRUE,1786459659,378.1833871,380.7823226,18.47849032,17.0371,419.4123871,22.92899677,391.0542903,101.8442258,0.099970845,34.6591871,34.783,999.9,0,0,10000.73226,0,28.49780968,-2.598953548,385.3030968,387.3821935,1.441396129,380.7823226,17.0371,1.881926774,1.735129677,16.48437419,15.21420645,1499.993548,0.691991484,0.308008516,0,2.504193548,0,22662.30323,13609.47419,47.127,48.663,47.929,47.25,46.8506129,1037.983226,462.0103226,0,1786459604,0,1786459371,09:42:50,1786208397,1786459371,1,-2.566,-0.971,-41.229,-4.451,412,17,0.91,0.28,-2.356992927,-2.307492125,0.640023169,0,2.485355882,0.753599694,0.265338012,1,1.462665854,-0.393281603,0.043633251,0,1,3,1/3,2.96894,2.76475,0.101642,0.0943402,0.112655,0.0917564,27778.1,18625.3,31705,22408.7,37981.8,27643,45643,32757.7,1.6629,2.62637,0.114787,0,32.9492,999.9,67.1,30.6,29.0523,62.17,-100,3,0.46138,0,20.3063,5.21594,12.033,4.95965,3.301,7716.9,9999,9999,149.6,4.97295,1.87531,1.88155,1.88099,1.8787,1.8744,1.87451,1.87683,0,0,0,0,11111111,oooooooo,on,on,on,on,0,100,100,-41.229,-4.4505,-41.229,0,0,0,-4.450509524,0,0,0,-1,-1,-1,-1,4187.8,4.9,0.157471,4.99878,2.89795,2.90161,2.99805,2.28271,34.8296,15.9358,2,412.655,1357.48,33.3067,33.1294,30.0008,32.7273,32.5311,-1,40,10,-999.9,400,20,99.774,86.0796
4,1786459787,366,20260811 09:49:46,09:49:46,15,1786459779,0.001317506,1.317506482,-0.13119835,415.5009355,397.5469679,40.52740511,42.35769883,0.036248533,2.961474905,0.036003839,0.022524246,266.1488975,36.09381617,34.99032258,5.645345076,36.62667059,2.055774104,5.612779077,3.589570972,-58.10203586,-16.67252349,-1.31399835,190.0603398,-10.49742697,1.418648956,-0.13119835,397.1087838,410.9711091,-2.002922506,66.7685483,1.317506482,17.76956038,19.99266667,-0.029185143,78.43,0,0,1,0,52466.63083,1499.996452,1273.856845,0.849239906,0.177433018,6,0.5,0: Broadleaf,2,TRUE,1786459779,415.5009355,400.2352581,20.16578065,18.02408065,456.7299355,24.61628065,389.4217097,101.8436452,0.100045474,34.88589677,34.99032258,999.9,0,0,9998.789355,0,28.77957097,15.26566129,424.0529355,407.584129,2.14169871,400.2352581,18.02408065,2.053753871,1.835636452,17.86484839,16.0920871,1499.996452,0.692003581,0.307996419,0,2.538654839,0,22008.22258,13609.55161,47.37093548,48.937,48.163,47.5,47.11687097,1038.002258,461.9941935,0,1786459724,0,1786459371,09:42:50,1786208397,1786459371,1,-2.566,-0.971,-41.229,-4.451,412,17,0.91,0.28,12.9743885,49.39099767,5.674542636,0,2.520123529,0.227969447,0.246904633,1,2.03496425,2.59994758,0.275213863,0,1,3,1/3,2.96784,2.76464,0.105993,0.0959877,0.117393,0.0938118,27636.4,18582.4,31697.6,22398.4,37769.8,27567.5,45631.8,32742.7,1.65947,2.61847,0.1163,0,33.125,999.9,68.3,30.8,29.912,62.53,-100,3,0.476395,0,20.3062,5.21654,12.0335,4.9598,3.301,7716.9,9999,9999,149.6,4.97297,1.87531,1.88154,1.88101,1.87871,1.8744,1.87452,1.87679,0,0,0,0,11111111,oooooooo,on,on,on,on,0,100,100,-41.229,-4.4505,-41.229,0,0,0,-4.450509524,0,0,0,-1,-1,-1,-1,4189.8,6.9,0.157471,4.99878,2.89795,2.90161,2.99805,2.2937,34.9674,15.927,2,411.94,1350.43,33.5589,33.3292,30.0007,32.9422,32.7478,-1,40,10,-999.9,400,20,99.75,86.0401
5,1786459907,486,20260811 09:51:46,09:51:46,15,1786459899,0.00137011,1.370110175,-0.445185024,483.8236452,474.9820795,48.42076937,49.32209898,0.038537792,2.961973942,0.038261388,0.023938036,266.1494839,36.29973862,35.20224839,5.711940963,38.77818902,2.203184392,5.681504082,3.508756571,-60.4218587,-15.42411638,-1.217961356,189.0855475,-9.530078011,1.32802573,-0.445185024,470.7814468,483.2971758,-1.727031195,66.7685483,1.370110175,19.52739827,21.6070097,-0.000755192,78.43,0,0,1,0,52443.40697,1500.003871,1273.862768,0.849239654,0.177432531,6,0.5,0: Broadleaf,2,TRUE,1786459899,483.8236452,470.0760645,21.61207097,19.60222903,525.0526452,26.06257419,387.8885161,101.8423226,0.099985274,35.10565806,35.20224839,999.9,0,0,10001.74806,0,29.34588387,13.74763,494.5110645,479.4754194,2.009824516,470.0760645,19.60222903,2.201023871,1.99633871,18.96976129,17.41524516,1500.003871,0.692011,0.307989,0,2.506651613,0,21604.90968,13609.65806,47.47358065,49.11280645,48.308,47.687,47.25,1038.02,461.983871,0,1786459844,0,1786459371,09:42:50,1786208397,1786459371,1,-2.566,-0.971,-41.229,-4.451,412,17,0.91,0.28,11.20462445,51.64898835,5.51276843,0,2.485041176,0.550352939,0.225424169,1,1.973602,0.962240375,0.094944977,0,1,3,1/3,2.96602,2.76474,0.118214,0.109236,0.122743,0.100522,27259,18290.3,31698.8,22374.7,37541.9,27332.8,45632.8,32706,1.65478,2.62052,0.12435,0,33.2251,999.9,71.5,31,31.6705,61.87,-100,3,0.48049,0,20.3064,5.21609,12.0338,4.9597,3.301,7716.9,9999,9999,149.6,4.97298,1.87531,1.88155,1.88106,1.87876,1.8744,1.87454,1.87683,0,0,0,0,11111111,oooooooo,on,on,on,on,0,100,100,-41.229,-4.4506,-41.229,0,0,0,-4.450509524,0,0,0,-1,-1,-1,-1,4191.8,8.9,0.157471,4.99878,2.89795,2.90283,2.99805,2.27661,35.1055,15.9095,2,410.055,1356.43,33.7725,33.4429,29.9999,33.0769,32.8859,-1,40,10,-999.9,400,20,99.7529,85.9459
6,1786460027,606,20260811 09:53:46,09:53:46,15,1786460019,0.001429346,1.42934581,1.069275677,481.0792903,411.6151216,41.96234107,49.04390583,0.039573859,2.962538457,0.039282509,0.024577566,266.1478764,36.56035908,35.47439032,5.798459782,38.74540032,2.235193279,5.768925499,3.563266503,-63.03415024,-14.77376453,-1.169500413,187.1704612,8.824969901,1.319990985,1.069275677,507.5067588,500.6102,0.761028347,66.75621094,1.42934581,19.98795477,22.03201273,0.01504632,78.43,0,0,1,0,52412.58048,1499.988065,1273.849965,0.849240067,0.177433329,6,0.5,0: Broadleaf,2,TRUE,1786460019,481.0792903,495.7309677,21.92535806,19.92577419,522.3082903,26.37587097,387.3955161,101.8455806,0.099996348,35.38189032,35.47439032,999.9,0,0,10004.62871,0,49.70054839,-14.65170216,491.8640323,505.8097419,1.99958129,495.7309677,19.92577419,2.232998065,2.029350645,19.20098387,17.67513226,1499.988065,0.691997839,0.308002161,0,2.537316129,0,21235.64516,13609.46129,47.57216129,49.25,48.393,47.875,47.375,1037.988387,461.9996774,0,1786459964,0,1786459371,09:42:50,1786208397,1786459371,1,-2.566,-0.971,-41.229,-4.451,412,17,0.91,0.28,-13.98490758,-3.771208424,7.861620363,0,2.523926471,0.296854093,0.21088751,1,2.029806,-0.484764653,0.059550142,0,1,3,1/3,2.96605,2.76466,0.121151,0.113187,0.124146,0.102159,27173,18206.5,31704.4,22371.4,37488.2,27279.2,45640.6,32701.3,1.65513,2.62208,0.128318,0,33.4265,999.9,71.4,31.2,31.9909,62.35,-100,3,0.475838,0,20.3066,5.21609,12.0329,4.95995,3.301,7716.9,9999,9999,149.7,4.97297,1.87531,1.88156,1.881,1.87871,1.8744,1.87453,1.87683,0,0,0,0,11111111,oooooooo,on,on,on,on,0,100,100,-41.229,-4.4505,-41.229,0,0,0,-4.450509524,0,0,0,-1,-1,-1,-1,4193.8,10.9,0.157471,4.99878,2.89795,2.90161,2.99805,2.31201,35.2671,15.892,2,410.454,1359.91,34.027,33.4399,30.0001,33.1132,32.9423,-1,40,10,-999.9,400,20,99.7701,85.9335
7,1786460147,726,20260811 09:55:46,09:55:46,15,1786460139,0.001521257,1.521256893,2.444713793,375.2285161,256.8589474,26.18681375,38.25461159,0.039796477,2.962513406,0.039501851,0.024714946,266.1515404,36.71521219,35.62637419,5.847271954,35.59173957,2.073586245,5.826032303,3.773685709,-67.08742897,-10.54067629,-0.835755345,187.6876798,2.161320256,1.613774618,2.444713793,386.1327742,382.6114848,-0.048846811,66.75621094,1.521256893,18.06016,20.32768424,0.005063472,78.43,0,0,1,0,52381.64632,1500.009032,1273.867742,0.849240048,0.177433292,6,0.5,0: Broadleaf,2,TRUE,1786460139,375.2285161,379.5137742,20.3392129,17.89066129,416.4575161,24.78971935,387.400871,101.8501935,0.099978,35.56037742,35.62637419,999.9,0,0,10004.03355,0,127.2718387,-4.285325484,383.0187742,386.4274194,2.448541613,379.5137742,17.89066129,2.071553548,1.822168387,18.0020871,15.97783548,1500.009032,0.691999065,0.308000968,0,2.510348387,0,20935.06452,13609.65161,47.875,49.379,48.659,48.034,47.625,1038.003871,462.0051613,0,1786460084,0,1786459371,09:42:50,1786208397,1786459371,1,-2.566,-0.971,-41.229,-4.451,412,17,0.91,0.28,-4.170122927,-4.546563972,0.951469634,0,2.512329412,0.240015267,0.256007395,1,2.541971463,-2.019149895,0.206404323,0,1,3,1/3,2.96541,2.76447,0.101016,0.0949412,0.118519,0.0954381,27794,18603.7,31702.6,22398.6,37728.2,27517.4,45639.4,32742.2,1.65418,2.61575,0.122048,0,33.6758,999.9,65.3,31.4,29.5894,62.2301,-100,3,0.485348,0,20.3065,5.21609,12.0329,4.9597,3.301,7716.9,9999,9999,149.7,4.97294,1.87531,1.88155,1.88102,1.87873,1.87443,1.87453,1.87682,0,0,0,0,11111111,oooooooo,on,on,on,on,0,100,100,-41.229,-4.4505,-41.229,0,0,0,-4.450509524,0,0,0,-1,-1,-1,-1,4195.8,12.9,0.157471,4.99878,2.89795,2.90039,2.99805,2.27661,35.4059,15.8745,2,410.378,1352.55,34.217,33.5036,30.0005,33.1954,33.0354,-1,40,10,-999.9,400,20,99.7663,86.0398
8,1786460267,846,20260811 09:57:46,09:57:46,15,1786460259,0.001572512,1.572511553,2.124806348,374.6576452,270.8480959,27.61273752,38.1960345,0.040837831,2.961343127,0.040527527,0.025357387,266.1487088,36.93172653,35.87269677,5.927140896,36.06128987,2.127671533,5.900153711,3.799469363,-69.34775948,-13.23617506,-1.052322066,182.5124522,0.51094397,1.420271437,2.124806348,382.5653646,380.8729394,-0.24395005,66.75621094,1.572511553,18.80244088,21.03048182,0.020395134,78.43,0,0,1,0,52309.41731,1499.99129,1273.852839,0.849240157,0.177433503,6,0.5,0: Broadleaf,2,TRUE,1786460259,374.6576452,376.2785806,20.86992581,18.70885806,415.8866452,25.32042903,386.0953871,101.8491613,0.100004819,35.78979032,35.87269677,999.9,0,0,9997.500968,0,32.07242581,-1.620872768,382.643129,383.4523871,2.161066452,376.2785806,18.70885806,2.125586452,1.905483226,18.41206452,16.6799,1499.99129,0.691994903,0.308005097,0,2.476951613,0,20718,13609.48065,48.125,49.56606452,48.917,48.19106452,47.85874194,1037.986129,462.0051613,0,1786460204,0,1786459371,09:42:50,1786208397,1786459371,1,-2.566,-0.971,-41.229,-4.451,412,17,0.91,0.28,-1.100530044,-11.20516364,1.704199817,0,2.485017647,-0.075272729,0.237209689,1,2.207616341,-0.626821672,0.089180145,0,1,3,1/3,2.96471,2.76448,0.100588,0.0936857,0.120826,0.097838,27800.4,18620.7,31695.4,22388.5,37621,27430.8,45628.7,32726.2,1.65158,2.6118,0.118848,0,33.9685,999.9,65.3,31.6,29.9292,62.1701,-100,3,0.497881,0,20.3069,5.21624,12.033,4.9598,3.301,7716.9,9999,9999,149.7,4.97294,1.87531,1.88155,1.88106,1.87867,1.8744,1.87452,1.87683,0,0,0,0,11111111,oooooooo,on,on,on,on,0,100,100,-41.229,-4.4505,-41.229,0,0,0,-4.450509524,0,0,0,-1,-1,-1,-1,4197.8,14.9,0.157471,4.99878,2.89795,2.89917,2.99805,2.2644,35.5451,15.8569,2,409.623,1349.33,34.4231,33.6391,30.0006,33.3225,33.1564,-1,40,10,-999.9,400,20,99.7431,85.9989
9,1786460387,966,20260811 09:59:46,09:59:46,15,1786460379,0.001753377,1.753376791,2.351491613,371.1276452,267.6207732,27.28133127,37.83284873,0.045332749,2.962341331,0.04495085,0.028128325,266.1473101,37.04216841,36.03242581,5.979437328,36.32554278,2.1618836,5.951414444,3.817553728,-77.32391647,-13.64505285,-1.086133917,174.0922069,1.708409952,1.564029148,2.351491613,381.8046777,378.3863152,-0.045369619,66.75621094,1.753376791,18.68892809,21.29421636,0.008095827,78.43,0,0,1,0,52310.99562,1499.984516,1273.846984,0.849240089,0.177433372,6,0.5,0: Broadleaf,2,TRUE,1786460379,371.1276452,374.6896452,21.20735806,18.8249871,412.3566452,25.65786129,385.5470645,101.8402903,0.09996991,35.9469871,36.03242581,999.9,0,0,10004.03065,0,28.83698387,-3.561919032,379.168871,381.8784194,2.382380323,374.6896452,18.8249871,2.159764194,1.917142258,18.66685806,16.77595484,1499.984516,0.691996968,0.308003032,0,2.432267742,0,20454.11613,13609.39677,48.37093548,49.78,49.151,48.375,48.06606452,1037.984839,461.9996774,0,1786460324,0,1786459371,09:42:50,1786208397,1786459371,1,-2.566,-0.971,-41.229,-4.451,412,17,0.91,0.28,-4.232792927,5.175147596,1.719241758,0,2.497426471,-0.820233768,0.222787059,1,2.328029512,1.261917909,0.143006622,0,1,3,1/3,2.9639,2.76474,0.100101,0.0937107,0.121607,0.0971216,27810.3,18620.9,31690.2,22389.9,37580.9,27454.7,45620.1,32729,1.64898,2.60407,0.115119,0,34.1918,999.9,64.3,31.8,29.8071,62.1401,-100,3,0.512154,0,20.3068,5.2119,12.0332,4.9597,3.301,7716.9,9999,9999,149.8,4.97295,1.87531,1.88152,1.88104,1.87871,1.87445,1.87453,1.87683,0,0,0,0,11111111,oooooooo,on,on,on,on,0,100,100,-41.229,-4.4505,-41.229,0,0,0,-4.450509524,0,0,0,-1,-1,-1,-1,4199.8,16.9,0.157471,4.99878,2.89795,2.90039,2.99805,2.29736,35.6613,15.8482,2,408.945,1340.7,34.5833,33.7957,30.0006,33.4639,33.2898,-1,40,10,-999.9,400,20,99.7254,86.0056
10,1786460507,1086,20260811 10:01:46,10:01:46,15,1786460499,0.001746399,1.746399135,2.587770403,376.1633871,262.3895076,26.74745803,38.3453382,0.044549313,2.962370023,0.044180445,0.027645665,266.1479777,37.18024652,36.15687419,6.020459963,35.89783955,2.152509365,5.996208664,3.867950597,-77.01620187,-11.7353949,-0.935301211,176.4610798,2.64432508,1.724106293,2.587770403,388.1537772,384.3267152,-0.040921548,66.75621094,1.746399135,18.45028506,21.1145903,-7.63341E-05,78.43,0,0,1,0,52288.67743,1499.996774,1273.856613,0.849239568,0.177432367,6,0.5,0: Broadleaf,2,TRUE,1786460499,376.1633871,381.2941613,21.11587097,18.4861871,417.3923871,25.56638387,385.0729677,101.8380323,0.099954045,36.08339355,36.15687419,999.9,0,0,10004.41516,0,29.79426129,-5.130765161,384.2777742,388.4755806,2.629691935,381.2941613,18.4861871,2.150397097,1.882594839,18.59749032,16.4899871,1499.996774,0.692014548,0.307985452,0,2.416574194,0,20210.46129,13609.60645,48.562,49.925,49.34248387,48.5,48.25,1038.019355,461.9774194,0,1786460444,0,1786459371,09:42:50,1786208397,1786459371,1,-2.566,-0.971,-41.229,-4.451,412,17,0.91,0.28,-5.013706585,-0.810488571,0.328666151,0,2.415764706,-0.021142855,0.257260936,1,2.595500244,0.574644878,0.061253573,0,1,3,1/3,2.96293,2.7645,0.101148,0.0946597,0.120982,0.0964285,27773.1,18602.4,31685.3,22391.6,37602.9,27477.5,45613.7,32731.2,1.6465,2.60247,0.116602,0,34.2849,999.9,62.6,32,29.3519,62.3201,-100,3,0.523714,0,20.3064,5.2134,12.0327,4.9597,3.301,7716.9,9999,9999,149.8,4.97296,1.87531,1.88153,1.88106,1.87873,1.87442,1.87451,1.87683,0,0,0,0,11111111,oooooooo,on,on,on,on,0,100,100,-41.229,-4.4505,-41.229,0,0,0,-4.450509524,0,0,0,-1,-1,-1,-1,4201.8,18.9,0.157471,4.99878,2.89795,2.90039,2.99805,2.30591,35.7777,15.8219,2,408.258,1340.92,34.7186,33.9368,30.0004,33.5916,33.4109,-1,40,10,-999.9,400,20,99.7108,86.0116
11,1786460627,1206,20260811 10:03:46,10:03:46,15,1786460619,0.001801075,1.801075076,2.141354845,395.0691613,298.896783,30.46975466,40.2736366,0.046364742,2.962511186,0.045965363,0.028763947,266.149839,37.30613988,36.30114516,6.068322596,37.01543657,2.23665579,6.042494694,3.831666805,-79.42741087,-12.41448485,-0.990742473,173.3172008,1.224905707,1.70715165,2.141354845,400.3594619,401.9114242,-0.72104838,66.75621094,1.801075076,19.10203091,21.94027333,-0.010456952,78.43,0,0,1,0,52269.06674,1499.991935,1273.853913,0.849240508,0.17743418,6,0.5,0: Broadleaf,2,TRUE,1786460619,395.0691613,398.0381935,21.94074839,19.33070645,436.2981613,26.39125484,383.831871,101.8407097,0.100014997,36.22341613,36.30114516,999.9,0,0,10004.95258,0,30.16416452,-2.969130774,403.9316774,405.8856452,2.610036452,398.0381935,19.33070645,2.234458065,1.968651613,19.2115,17.19383226,1499.991935,0.691983,0.308017,0,2.559567742,0,20001.83548,13609.42903,48.70122581,50.10467742,49.5,48.679,48.437,1037.969032,462.0229032,0,1786460564,0,1786459371,09:42:50,1786208397,1786459371,1,-2.566,-0.971,-41.229,-4.451,412,17,0.91,0.28,-6.29460885,93.67802344,9.308615111,0,2.508591176,0.686103897,0.205373992,1,2.541701,2.251336886,0.226708275,0,1,3,1/3,2.96241,2.76464,0.104151,0.0951657,0.123629,0.0985422,27677.4,18584.6,31682.5,22383,37486.4,27402.2,45609.3,32718.3,1.64445,2.59623,0.116013,0,34.439,999.9,63.4,32.1,29.8937,62.3801,-100,3,0.533763,0,20.3065,5.21459,12.0336,4.9597,3.301,7716.9,9999,9999,149.8,4.97292,1.87531,1.88154,1.88103,1.8787,1.87446,1.87452,1.87683,0,0,0,0,11111111,oooooooo,on,on,on,on,0,100,100,-41.229,-4.4505,-41.229,0,0,0,-4.450509524,0,0,0,-1,-1,-1,-1,4203.8,20.9,0.157471,4.99878,2.89795,2.89917,2.99805,2.33032,35.9178,15.8044,2,407.776,1334.34,34.8652,34.0573,30.0005,33.7135,33.5328,-1,40,10,-999.9,400,20,99.7015,85.9781
12,1786460747,1326,20260811 10:05:46,10:05:46,15,1786460739,0.00157193,1.571929619,2.580699254,412.0446774,287.2110781,29.27875715,42.00449413,0.04038119,2.961837602,0.040077809,0.025075698,266.1544745,37.45968083,36.37636129,6.093406735,37.18896251,2.258854881,6.073992736,3.834551854,-69.32209618,-9.291748592,-0.742311633,186.7983181,15.79813305,1.523479347,2.580699254,460.3338171,437.3754,2.731537203,66.75621094,1.571929619,20.04013122,22.2887097,0.019489636,78.43,0,0,1,0,52233.94463,1500.026129,1273.88221,0.849240013,0.177433226,6,0.5,0: Broadleaf,2,TRUE,1786460739,412.0446774,437.7643871,22.15832258,19.82570968,453.2736774,26.60883548,383.1895806,101.8416129,0.099988177,36.31817097,36.37636129,999.9,0,0,10001.04484,0,51.11027097,-25.71963871,421.3823871,446.6207419,2.33261,437.7643871,19.82570968,2.256639032,2.019082581,19.37010645,17.59438387,1500.026129,0.692000161,0.307999935,0,2.569993548,0,19819.5,13609.80645,48.8363871,50.308,49.645,48.875,48.562,1038.017419,462.0087097,0,1786460684,0,1786459371,09:42:50,1786208397,1786459371,1,-2.566,-0.971,-41.229,-4.451,412,17,0.91,0.28,-23.2044575,-72.32512908,8.140982645,0,2.532808824,0.364902979,0.203611849,1,2.32948425,-0.388940826,0.079642707,0,1,3,1/3,2.96166,2.76458,0.110564,0.108567,0.124794,0.102589,27476.1,18297.4,31679.5,22368.9,37433.6,27261,45604.9,32696.3,1.64205,2.5925,0.116296,0,34.5199,999.9,64.1,32.3,30.5704,62.0501,-100,3,0.542363,0,20.3068,5.21564,12.0338,4.9597,3.301,7716.9,9999,9999,149.9,4.97295,1.87531,1.88156,1.88108,1.87872,1.87445,1.87454,1.87683,0,0,0,0,11111111,oooooooo,on,on,on,on,0,100,100,-41.229,-4.4506,-41.229,0,0,0,-4.450509524,0,0,0,-1,-1,-1,-1,4205.8,22.9,0.157471,4.99878,2.89795,2.90039,2.99805,2.32788,36.0347,15.7869,2,407.053,1331.25,34.9921,34.1721,30.0002,33.8275,33.6462,-1,40,10,-999.9,400,20,99.692,85.9218
13,1786460867,1446.1,20260811 10:07:46,10:07:46,15,1786460859,0.001677712,1.677712299,2.128413715,456.8910667,352.8511641,35.96994122,46.57585544,0.043479829,2.960831317,0.043128203,0.026986482,266.147961,37.57896491,36.52111,6.141933079,38.2399884,2.341378047,6.122852399,3.800555032,-73.98711238,-9.066130316,-0.725555739,182.3691626,6.598840776,1.527611848,2.128413715,483.3466946,473.7624,0.893822919,66.75569866,1.677712299,20.67892999,23.10830303,0.017559636,78.43,0,0,1,0,52180.70325,1499.985333,1273.84794,0.849240264,0.177433709,6,0.5,0: Broadleaf,2,TRUE,1786460859,456.8910667,468.3414,22.96801,20.62589667,498.1200667,27.41851667,382.3535667,101.8408667,0.09996526,36.46431333,36.52111,999.9,0,0,9995.414667,0,46.79827333,-11.45044043,467.6318,478.2048667,2.342114333,468.3414,20.62589667,2.339083667,2.100560333,19.94800333,18.22340667,1499.985333,0.691990533,0.308009533,0,2.54123,0,19628.81333,13609.4,48.812,50.375,49.63326667,48.937,48.6082,1037.976667,462.0086667,0,1786460804,0,1786459371,09:42:50,1786208397,1786459371,1,-2.566,-0.971,-41.229,-4.451,412,17,0.91,0.28,-15.2770792,55.27383499,6.016521383,0,2.507652941,0.384638651,0.264175093,1,2.31201475,0.497431857,0.0507702,0,1,3,1/3,2.96063,2.76454,0.116429,0.109856,0.127398,0.104282,27298.2,18267.6,31683.5,22364.8,37327,27204.6,45610.5,32690.4,1.64002,2.59722,0.126339,0,34.5115,999.9,65,32.5,31.351,62.001,-100,3,0.539576,0,20.3066,5.21549,12.0332,4.95975,3.301,7716.9,9999,9999,149.9,4.97292,1.87534,1.88156,1.88109,1.87875,1.87448,1.87454,1.87683,0,0,0,0,11111111,oooooooo,on,on,on,on,0,100,100,-41.229,-4.4506,-41.229,0,0,0,-4.450509524,0,0,0,-1,-1,-1,-1,4207.8,24.9,0.157471,4.99878,2.89795,2.90039,2.99805,2.28882,36.1754,15.7606,2,406.101,1338.91,35.103,34.1946,29.9998,33.8612,33.6807,-1,40,10,-999.9,400,20,99.7043,85.9063
14,1786460987,1566.1,20260811 10:09:46,10:09:46,15,1786460979,0.001916184,1.916183562,-0.926600231,432.6117097,435.709961,44.41528549,44.09945678,0.049275314,2.962013441,0.048824406,0.030555422,266.1466923,37.7066832,36.71745484,6.208292952,38.40623413,2.376053456,6.186634824,3.832239496,-84.5036951,-10.20097685,-0.817576923,170.6244434,-8.92214189,1.964539373,-0.926600231,416.9615385,431.5586727,-1.896080505,66.75569866,1.916183562,20.06539915,23.16958848,-0.019943152,78.43,0,0,1,0,52182.27459,1499.980645,1273.843732,0.849240113,0.177433418,6,0.5,0: Broadleaf,2,TRUE,1786460979,432.6117097,419.9232903,23.30887097,20.29287742,473.8407097,27.75938065,381.7146452,101.8377742,0.099958394,36.65357419,36.71745484,999.9,0,0,10002.41871,0,30.90877097,12.68835484,442.9363871,428.6225484,3.015993548,419.9232903,20.29287742,2.373722581,2.066579677,20.18554194,17.96331613,1499.980645,0.691997065,0.308002968,0,2.489354839,0,19484.65161,13609.3871,48.875,50.44716129,49.687,49.062,48.687,1037.980968,461.9996774,0,1786460924,0,1786459371,09:42:50,1786208397,1786459371,1,-2.566,-0.971,-41.229,-4.451,412,17,0.91,0.28,10.27511065,44.06412045,6.632879002,0,2.477123529,0.299691361,0.216374912,1,2.970649,1.307445478,0.136981175,0,1,3,1/3,2.96013,2.76466,0.109163,0.100634,0.12753,0.101988,27529.9,18467,31691.4,22376.9,37330.3,27290,45621.7,32709.3,1.64005,2.59613,0.131231,0,34.6222,999.9,63.8,32.6,30.9464,62.001,-100,3,0.531052,0,20.3073,5.21579,12.0336,4.9598,3.301,7716.9,9999,9999,149.9,4.97294,1.87532,1.88156,1.88109,1.87871,1.87447,1.87453,1.87683,0,0,0,0,11111111,oooooooo,on,on,on,on,0,100,100,-41.229,-4.4505,-41.229,0,0,0,-4.450509524,0,0,0,-1,-1,-1,-1,4209.8,26.9,0.157471,4.99878,2.89795,2.89917,2.99805,2.29248,36.3165,15.7606,2,405.938,1336.95,35.2669,34.1407,29.9998,33.8285,33.6646,-1,40,10,-999.9,400,20,99.729,85.9545
15,1786461107,1686.1,20260811 10:11:46,10:11:46,15,1786461099,0.001761177,1.761177168,1.203707511,486.2183548,415.675915,42.37219139,49.56298031,0.045647202,2.962525722,0.045260034,0.028322033,266.1456631,37.84962042,36.84448065,6.25155554,39.44815598,2.454378117,6.221781617,3.797177424,-77.66791313,-13.94936199,-1.119054102,173.4093339,1.400897762,1.738486859,1.203707511,498.8935022,498.1687333,-0.174977757,66.75569866,1.761177168,21.38259511,24.08883697,-0.000208584,78.43,0,0,1,0,52179.3106,1499.975484,1273.83929,0.849240074,0.177433342,6,0.5,0: Broadleaf,2,TRUE,1786461099,486.2183548,489.7528387,24.07772258,21.40799032,527.4473548,28.52823548,381.3029677,101.8356452,0.099997155,36.75714194,36.84448065,999.9,0,0,10005.53258,0,33.33819677,-3.534363452,498.2144194,500.4669677,2.669735484,489.7528387,21.40799032,2.451971935,2.180097419,20.71115484,18.81679355,1499.975484,0.691997903,0.308002097,0,2.487425806,0,19306.57742,13609.34516,48.883,50.562,49.70732258,49.187,48.73780645,1037.979355,461.996129,0,1786461044,0,1786459371,09:42:50,1786208397,1786459371,1,-2.566,-0.971,-41.229,-4.451,412,17,0.91,0.28,-6.211484175,57.64887815,6.953656681,0,2.516038235,-0.360126821,0.246942733,1,2.66138275,0.30664334,0.036074447,0,1,3,1/3,2.95973,2.76456,0.120393,0.113403,0.130497,0.107161,27188.1,18190.5,31697.3,22359.2,37209.9,27110.9,45629.9,32682.6,1.63913,2.60292,0.128608,0,34.7592,999.9,65.8,32.8,32.2783,61.941,-100,3,0.522284,0,20.3071,5.21594,12.0339,4.95975,3.301,7716.9,9999,9999,150,4.97296,1.87532,1.88156,1.8811,1.87876,1.87451,1.87454,1.87683,0,0,0,0,11111111,oooooooo,on,on,on,on,0,100,100,-41.229,-4.4505,-41.229,0,0,0,-4.450509524,0,0,0,-1,-1,-1,-1,4211.8,28.9,0.157471,4.99878,2.89795,2.90039,2.99805,2.33154,36.4578,15.7256,2,405.123,1345.97,35.3846,34.066,29.9997,33.7737,33.6163,-1,40,10,-999.9,400,20,99.7472,85.8853
16,1786461227,1806.1,20260811 10:13:46,10:13:46,15,1786461219,0.001660866,1.660865934,1.017228785,441.6612581,378.5527592,38.58768381,45.02063336,0.043358468,2.962334388,0.04300897,0.026911772,266.1533009,37.80683772,36.75501613,6.221058463,39.56024915,2.452136286,6.198485446,3.768922178,-73.24418767,-10.61474024,-0.850945526,181.4434275,5.939536324,1.679486329,1.017228785,476.3209203,459.2764182,2.223077135,66.75569866,1.660865934,21.65282214,24.10784424,0.012140043,78.43,0,0,1,0,52185.42228,1500.021935,1273.878426,0.849239865,0.177432939,6,0.5,0: Broadleaf,2,TRUE,1786461219,441.6612581,452.1887097,24.05593871,21.4733,482.8902903,28.50644516,380.7930323,101.8348065,0.099951329,36.68855161,36.75501613,999.9,0,0,10004.53,0,39.03982581,-10.52746645,452.5479355,462.1151613,2.582634194,452.1887097,21.4733,2.449731613,2.186728065,20.69630968,18.86502581,1500.021935,0.692003935,0.307996032,0,2.521845161,0,19106.57742,13609.79032,48.897,50.558,49.687,49.187,48.69919355,1038.021935,462,0,1786461164,0,1786459371,09:42:50,1786208397,1786459371,1,-2.566,-0.971,-41.229,-4.451,412,17,0.91,0.28,-0.9306865,-260.2190895,25.31733099,0,2.516058824,-0.252837284,0.220491223,1,2.6759705,-2.272952871,0.221981113,0,1,3,1/3,2.95933,2.76461,0.114233,0.11506,0.1306,0.108295,27383.8,18152.7,31702.9,22354.2,37211.1,27070.7,45637.4,32675.4,1.63888,2.60018,0.126407,0,34.7185,999.9,65.5,32.9,32.3122,62.031,-100,3,0.515648,0,20.3069,5.21594,12.0339,4.95975,3.301,7716.9,9999,9999,150,4.97295,1.87535,1.88156,1.8811,1.87873,1.87452,1.87454,1.87683,0,0,0,0,11111111,oooooooo,on,on,on,on,0,100,100,-41.229,-4.4505,-41.229,0,0,0,-4.450509524,0,0,0,-1,-1,-1,-1,4213.8,30.9,0.157471,4.99878,2.89795,2.90039,2.99805,2.32422,36.5759,15.7169,2,404.616,1340.78,35.3914,33.9792,30.0002,33.7061,33.562,-1,40,10,-999.9,400,20,99.7641,85.8662
17,1786461347,1926.1,20260811 10:15:46,10:15:46,15,1786461339,0.001693558,1.693557665,1.433563042,436.507,360.8097477,36.77999053,44.49636804,0.04489275,2.961494153,0.044518089,0.027857206,266.1523244,37.75015976,36.7003129,6.202474688,40.27671948,2.489910598,6.182009436,3.712564089,-74.68589303,-9.644498461,-0.772997064,181.0489358,-1.594097385,1.76396478,1.433563042,449.3547649,445.7040061,0.194159509,66.75569866,1.693557665,21.78993648,24.3968897,-0.00079242,78.43,0,0,1,0,52169.8394,1500.007742,1273.867171,0.849240397,0.177433967,6,0.5,0: Broadleaf,2,TRUE,1786461339,436.507,435.2099032,24.42589032,21.71735161,477.736,28.87640645,381.2118387,101.8373871,0.099965671,36.63990645,36.7003129,999.9,0,0,9999.512903,0,31.58797419,1.297279613,447.4362258,444.8714516,2.708556774,435.2099032,21.71735161,2.487470968,2.211639032,20.94474839,19.04683226,1500.007742,0.691987194,0.308012806,0,2.510490323,0,18948.51935,13609.58387,48.794,50.437,49.59045161,49.048,48.625,1037.985484,462.0222581,0,1786461284,0,1786459371,09:42:50,1786208397,1786459371,1,-2.566,-0.971,-41.229,-4.451,412,17,0.91,0.28,3.6213217,-68.16534538,6.811796185,0,2.517176471,-0.321561498,0.166595283,1,2.72202125,-0.617176323,0.068351392,0,1,3,1/3,2.95956,2.76447,0.111711,0.105239,0.131506,0.108525,27464.5,18354.4,31705.8,22354.2,37175.6,27063.6,45641.9,32675.4,1.6398,2.59855,0.1316,0,34.5707,999.9,65.4,33.1,32.628,62.211,-100,3,0.508923,0,20.3072,5.21534,12.0339,4.9597,3.301,7716.9,9999,9999,150,4.97294,1.87532,1.88156,1.8811,1.87871,1.87451,1.87454,1.87683,0,0,0,0,11111111,oooooooo,on,on,on,on,0,100,100,-41.229,-4.4505,-41.229,0,0,0,-4.450509524,0,0,0,-1,-1,-1,-1,4215.8,32.9,0.157471,4.99878,2.89795,2.89917,2.99805,2.28149,36.6706,15.6818,2,404.804,1336.95,35.3298,33.9235,29.9995,33.6456,33.4946,-1,40,10,-999.9,400,20,99.7735,85.8662
18,1786461467,2046.1,20260811 10:17:46,10:17:46,15,1786461459,0.001800111,1.800110735,-0.629209807,456.8389032,450.4952894,45.92571978,46.57241917,0.047638283,2.96218186,0.047216723,0.029548016,266.1484279,37.78794429,36.78652903,6.231785957,40.48687911,2.51186602,6.204148295,3.719919937,-79.38488341,-12.98080241,-1.040920787,172.7418213,-0.177304866,1.754448942,-0.629209807,461.1956157,466.9170242,-0.6789488,66.75569866,1.800110735,21.86980403,24.63685394,6.27417E-05,78.43,0,0,1,0,52178.497,1500.001935,1273.860755,0.849239407,0.177432056,6,0.5,0: Broadleaf,2,TRUE,1786461459,456.8389032,457.8228065,24.63943548,21.94208387,498.0679032,29.08994839,380.6445484,101.845,0.099950048,36.70524516,36.78652903,999.9,0,0,10002.66387,0,93.63751935,-0.983803613,468.3795806,468.0939355,2.697356452,457.8228065,21.94208387,2.509402258,2.234690323,21.08760968,19.21315806,1500.001935,0.692019548,0.307980452,0,2.473148387,0,18779.4129,13609.67097,48.649,50.31606452,49.47967742,48.875,48.5,1038.030968,461.9709677,0,1786461404,0,1786459371,09:42:50,1786208397,1786459371,1,-2.566,-0.971,-41.229,-4.451,412,17,0.91,0.28,1.1898587,-28.98510342,7.116220523,0,2.462932353,0.025969437,0.204576824,1,2.730768,-0.409821839,0.08487284,0,1,3,1/3,2.95926,2.76452,0.115309,0.108086,0.132286,0.108834,27361.6,18297.2,31714.9,22355.3,37152.2,27056.2,45654.7,32677.6,1.64,2.6036,0.13512,0,34.6138,999.9,65,33.2,32.6071,62.151,-100,3,0.495417,0,20.3075,5.2137,12.033,4.95975,3.301,7716.9,9999,9999,150.1,4.97296,1.87534,1.88156,1.88109,1.87878,1.87451,1.87454,1.87683,0,0,0,0,11111111,oooooooo,on,on,on,on,0,100,100,-41.229,-4.4506,-41.229,0,0,0,-4.450509524,0,0,0,-1,-1,-1,-1,4217.8,34.9,0.15625,4.99878,2.89795,2.89917,2.99805,2.30591,36.7892,15.6731,2,404.281,1342.04,35.3333,33.7915,29.9996,33.5287,33.3853,-1,40,10,-999.9,400,20,99.8019,85.8713
19,1786461587,2166.1,20260811 10:19:46,10:19:46,15,1786461579,0.001798511,1.798511076,0.450589867,428.0680968,387.565503,39.51064766,43.6397141,0.047128166,2.962392548,0.046715573,0.029234002,266.1493594,37.87232507,36.87206452,6.2609846,40.18930744,2.50489765,6.232746492,3.75608695,-79.31433844,-13.21046947,-1.060132705,172.5644188,-10.17892422,1.909745461,0.450589867,417.8717958,427.0048,-1.421268029,66.75569866,1.798511076,21.6016474,24.46722182,-0.011989628,78.43,0,0,1,0,52170.32069,1499.995484,1273.856352,0.849240125,0.17743344,6,0.5,0: Broadleaf,2,TRUE,1786461579,428.0680968,413.2998065,24.57089355,21.63216452,469.2970968,29.02140323,380.3320323,101.8457097,0.100019116,36.78934839,36.87206452,999.9,0,0,10003.78871,0,31.55583226,14.76827613,438.8515484,422.4381935,2.938737742,413.2998065,21.63216452,2.502440323,2.203143226,21.04232581,18.98517742,1499.995484,0.691996839,0.308003161,0,2.468264516,0,18612.22903,13609.50968,48.687,50.375,49.5,48.937,48.5,1037.990645,462.0048387,0,1786461524,0,1786459371,09:42:50,1786208397,1786459371,1,-2.566,-0.971,-41.229,-4.451,412,17,0.91,0.28,15.307234,-25.36823752,2.940115187,0,2.493552941,-0.432229184,0.205942904,1,2.9351315,-0.159936811,0.03671403,0,1,3,1/3,2.95946,2.76441,0.10845,0.0999626,0.131779,0.10789,27579.5,18469.2,31720.9,22361.2,37180.2,27092.2,45663.2,32686.4,1.6414,2.60645,0.137176,0,34.6761,999.9,63.7,33.4,32.3167,62.091,-100,3,0.486552,0,20.3074,5.21729,12.0335,4.9598,3.301,7716.9,9999,9999,150.1,4.97296,1.87538,1.88156,1.88109,1.87878,1.87452,1.87454,1.87683,0,0,0,0,11111111,oooooooo,on,on,on,on,0,100,100,-41.229,-4.4505,-41.229,0,0,0,-4.450509524,0,0,0,-1,-1,-1,-1,4219.8,36.9,0.15625,4.99878,2.89795,2.89917,2.99805,2.30957,36.908,15.6556,2,404.501,1344.25,35.3887,33.6823,29.9999,33.4259,33.2899,-1,40,10,-999.9,400,20,99.8206,85.8943
20,1786461707,2286.1,20260811 10:21:46,10:21:46,15,1786461699,0.001782642,1.782641794,1.723153135,466.9106667,381.8265881,38.92561156,47.5995748,0.046981271,2.961946185,0.046571172,0.02914353,266.1476945,37.92122358,36.92917667,6.28054664,40.76886962,2.547240851,6.248004604,3.733305789,-78.61450313,-15.18492594,-1.219366411,171.128899,-0.420738769,1.772947129,1.723153135,476.0358372,476.5530788,-0.477033119,66.7612998,1.782641794,22.30919544,24.99703818,-0.000611751,78.43,0,0,1,0,52150.13606,1499.982333,1273.84553,0.849240355,0.177433886,6,0.5,0: Broadleaf,2,TRUE,1786461699,466.9106667,467.5390333,24.98623,22.31782667,508.1396667,29.43673667,388.6926333,101.8458667,0.099919107,36.83408333,36.92917667,999.9,0,0,10001.24267,0,55.89063667,-0.628344537,478.8759333,478.2118333,2.668397,467.5390333,22.31782667,2.544744333,2.272980333,21.31550667,19.48616,1499.982333,0.691987867,0.308012167,0,2.507206667,0,18455.49333,13609.37667,48.80786667,50.479,49.625,49.062,48.625,1037.97,462.0123333,0,1786461644,0,1786459371,09:42:50,1786208397,1786459371,1,-2.566,-0.971,-41.229,-4.451,412,17,0.91,0.28,-1.506030728,20.4188107,5.95745696,0,2.471005882,0.11874102,0.239058293,1,2.50380725,2.598558011,0.310398666,0,1,3,1/3,2.96324,2.76448,0.116888,0.115132,0.133468,0.110475,27321.3,18147.3,31724,22348.2,37111.1,26998.7,45667.5,32667.8,1.64902,2.605,0.13642,0,34.7371,999.9,64.5,33.5,32.906,62.181,-88.129,3,0.479865,0,20.3072,5.21729,12.0335,4.95975,3.301,7716.9,9999,9999,150.1,4.973,1.87543,1.88156,1.88109,1.87877,1.87451,1.87454,1.87683,0,0,0,0,11111111,oooooooo,on,on,on,on,0,100,100,-41.229,-4.4505,-41.229,0,0,0,-4.450509524,0,0,0,-1,-1,-1,-1,4221.8,38.9,0.15625,4.99878,2.89795,2.89795,2.99805,2.30347,37.0032,15.6205,2,408.355,1340.41,35.4205,33.6061,29.9998,33.3518,33.2094,-1,40,10,-999.9,400,20,99.8302,85.845
21,1786461827,2406.1,20260811 10:23:46,10:23:46,15,1786461819,0.00171973,1.719730088,1.063188356,423.5779677,361.2134521,36.82388701,43.18163439,0.044911034,2.961337485,0.04453605,0.027868461,266.1461073,37.96218538,36.95867097,6.290669783,40.34762189,2.524325644,6.256442203,3.766344139,-75.84009689,-15.94765247,-1.281213456,173.0771445,-0.11971359,1.75498224,1.063188356,434.2954431,432.8522182,-0.038311905,66.75677817,1.719730088,22.13925335,24.77244,0.000165231,78.43,0,0,1,0,52128.70608,1499.977097,1273.840742,0.849240128,0.177433447,6,0.5,0: Broadleaf,2,TRUE,1786461819,423.5779677,424.5576452,24.76165484,22.07309355,464.8069677,29.21216129,381.9572903,101.8449677,0.099981419,36.85878065,36.95867097,999.9,0,0,9997.880645,0,46.40475806,-0.97965099,434.3328387,434.1405161,2.688578065,424.5576452,22.07309355,2.521849355,2.248032258,21.16820645,19.30874194,1499.977097,0.69199571,0.30800429,0,2.455983871,0,18335.70645,13609.33548,48.875,50.56606452,49.75,49.187,48.69716129,1037.977742,461.9993548,0,1786461764,0,1786459371,09:42:50,1786208397,1786459371,1,-2.566,-0.971,-41.229,-4.451,412,17,0.91,0.28,0.538752983,-22.46508772,3.154697814,0,2.487923529,-0.515960273,0.212040321,1,2.699201,-0.237695235,0.033685417,0,1,3,1/3,2.96055,2.76454,0.109611,0.103976,0.132803,0.109942,27550.3,18379.6,31728,22352.1,37143.9,27019.1,45673.4,32673.1,1.64405,2.61068,0.135891,0,34.7703,999.9,63.4,33.6,32.5255,61.821,-100,3,0.474477,0,20.3073,5.21684,12.0336,4.9598,3.301,7716.9,9999,9999,150.2,4.97297,1.87541,1.88156,1.88109,1.87875,1.87451,1.87454,1.87683,0,0,0,0,11111111,oooooooo,on,on,on,on,0,100,100,-41.229,-4.4505,-41.229,0,0,0,-4.450509524,0,0,0,-1,-1,-1,-1,4223.8,40.9,0.15625,4.99878,2.89795,2.89917,2.99805,2.33643,37.1225,15.6118,2,405.174,1347.3,35.4519,33.542,30,33.2787,33.14,-1,40,10,-999.9,400,20,99.8428,85.8593
22,1786461947,2526.1,20260811 10:25:46,10:25:46,15,1786461939,0.001764412,1.764411944,2.423709987,422.3155806,314.9087279,32.10272979,43.05210295,0.04613272,2.961925144,0.045737231,0.02862102,266.1481954,38.04405336,37.04761935,6.321284807,40.70802454,2.559921722,6.288494101,3.761363085,-77.81056674,-15.21524375,-1.223210049,171.8991749,3.444517969,1.832495939,2.423709987,448.524753,436.3443758,1.195552729,66.75677817,1.764411944,22.36070249,25.08142,-0.001405095,78.43,0,0,1,0,52129.58288,1499.991935,1273.853061,0.84923994,0.177433084,6,0.5,0: Broadleaf,2,TRUE,1786461939,422.3155806,428.9596774,25.1113129,22.29756452,463.5445806,29.56182903,380.9465484,101.8429677,0.099998432,36.95233548,37.04761935,999.9,0,0,10001.40806,0,27.87805484,-6.644062759,433.1936774,438.743129,2.813758387,428.9596774,22.29756452,2.557411935,2.270849355,21.39655484,19.47107742,1499.991935,0.692002742,0.307997258,0,2.524854839,0,17839.74194,13609.50645,49,50.687,49.812,49.272,48.812,1037.997419,461.9945161,0,1786461884,0,1786459371,09:42:50,1786208397,1786459371,1,-2.566,-0.971,-41.229,-4.451,412,17,0.91,0.28,-3.348680964,-90.51066336,10.92806806,0,2.497014706,-0.03424141,0.236794985,1,2.837999756,-0.53769324,0.066038602,0,1,3,1/3,2.95966,2.76443,0.110329,0.106652,0.133761,0.110825,27527,18319.6,31726.7,22345.8,37101,26984.9,45671.1,32664,1.6422,2.60963,0.135515,0,34.8745,999.9,63.3,33.8,32.839,62.121,-100,3,0.475643,0,20.307,5.21699,12.0336,4.9597,3.301,7716.9,9999,9999,150.2,4.97296,1.87544,1.88156,1.8811,1.87879,1.87454,1.87454,1.87684,0,0,0,0,11111111,oooooooo,on,on,on,on,0,100,100,-41.229,-4.4505,-41.229,0,0,0,-4.450509524,0,0,0,-1,-1,-1,-1,4225.8,42.9,0.157471,4.99878,2.89795,2.89795,2.99805,2.3291,37.2899,15.5768,2,404.002,1345.15,35.5311,33.5329,30.0002,33.2526,33.1117,-1,40,10,-999.9,400,20,99.8383,85.8353
23,1786462067,2646.1,20260811 10:27:46,10:27:46,15,1786462059,0.001743068,1.743068415,-3.032831594,493.1513226,566.0055781,57.69951417,50.2726348,0.046680577,2.961614976,0.046275642,0.028958365,266.1515157,37.90582288,36.89666129,6.269402986,41.61621862,2.59653739,6.239243921,3.672865596,-76.8693171,-14.09083379,-1.131317419,174.0600474,2.442664188,1.718137685,-3.032831594,503.4504688,507.8414545,0.072925058,66.75677817,1.743068415,22.82080251,25.49773515,0.000380813,78.43,0,0,1,0,52144.97892,1500.005484,1273.865042,0.849240257,0.177433695,6,0.5,0: Broadleaf,2,TRUE,1786462059,493.1513226,498.342129,25.47083226,22.82905484,534.3803226,29.92133871,380.2838065,101.8416452,0.099954706,36.80840968,36.89666129,999.9,0,0,9999.779677,0,25.98543871,-5.190762968,506.0407419,509.9845806,2.641780645,498.342129,22.82905484,2.593991935,2.324948387,21.62856774,19.8503,1500.005484,0.691990968,0.308009,0,2.591748387,0,17576.94839,13609.6,48.937,50.637,49.798,49.262,48.812,1037.990968,462.0145161,0,1786462004,0,1786459371,09:42:50,1786208397,1786459371,1,-2.566,-0.971,-41.229,-4.451,412,17,0.91,0.28,-8.2009463,40.90583714,9.395998522,0,2.567079412,-0.064841865,0.277365612,1,2.649946,-0.030229644,0.024967198,1,2,3,2/3,2.95933,2.76456,0.12204,0.118164,0.135056,0.11214,27166,18077.4,31728.5,22338.3,37047.5,26936.6,45673.5,32653.6,1.64147,2.61077,0.131801,0,34.7522,999.9,63.8,33.9,33.2843,61.971,-100,3,0.473735,0,20.3075,5.21699,12.0332,4.95975,3.301,7716.9,9999,9999,150.2,4.97299,1.87542,1.88156,1.8811,1.87876,1.87451,1.87454,1.87683,0,0,0,0,11111111,oooooooo,on,on,on,on,0,100,100,-41.229,-4.4505,-41.229,0,0,0,-4.450509524,0,0,0,-1,-1,-1,-1,4227.8,44.9,0.15625,4.99878,2.89795,2.89917,2.99805,2.33276,37.3858,15.5592,2,403.45,1345.95,35.4801,33.5218,29.9999,33.2252,33.0706,-1,40,10,-999.9,400,20,99.8436,85.8074
24,1786462187,2766.1,20260811 10:29:46,10:29:46,15,1786462179,0.001760931,1.760930531,-0.640082146,509.4409677,501.0466957,51.07498423,51.93066758,0.047944809,2.96104673,0.047517671,0.029736604,266.1484837,37.83182914,36.80331613,6.237507106,42.21838751,2.624095713,6.21552804,3.613411392,-77.65703643,-10.30681795,-0.827014211,177.3576151,-0.441812721,1.754057337,-0.640082146,521.5386837,522.1441091,0.06168043,66.75677817,1.760930531,23.03473893,25.73946788,8.11789E-05,78.43,0,0,1,0,52140.48747,1499.98871,1273.850768,0.849240237,0.177433658,6,0.5,0: Broadleaf,2,TRUE,1786462179,509.4409677,510.1533871,25.74243548,23.0476129,550.6699677,30.19294516,380.4859677,101.8365806,0.099994668,36.73875161,36.80331613,999.9,0,0,9997.056129,0,29.56247097,-0.712444677,522.9016452,522.1884839,2.694828387,510.1533871,23.0476129,2.621523548,2.347090968,21.8013129,20.00328387,1499.98871,0.691991871,0.308008129,0,2.524067742,0,17595.66452,13609.43226,48.812,50.5,49.629,49.062,48.629,1037.980323,462.0083871,0,1786462124,0,1786459371,09:42:50,1786208397,1786459371,1,-2.566,-0.971,-41.229,-4.451,412,17,0.91,0.28,3.587325875,-58.91685191,9.330201588,0,2.560073529,-0.073019103,0.256835843,1,2.7070105,-0.19975925,0.039784643,0,1,3,1/3,2.95929,2.76433,0.12431,0.117573,0.135808,0.113019,27101.3,18085.3,31734.7,22332.7,37021.5,26903.5,45681.7,32645.7,1.64207,2.6152,0.139147,0,34.5599,999.9,63.9,34,33.5277,62.391,-100,3,0.465122,0,20.3076,5.21579,12.0335,4.9596,3.301,7716.9,9999,9999,150.3,4.97299,1.87543,1.88156,1.8811,1.87877,1.87452,1.87454,1.87685,0,0,0,0,11111111,oooooooo,on,on,on,on,0,100,100,-41.229,-4.4505,-41.229,0,0,0,-4.450509524,0,0,0,-1,-1,-1,-1,4229.8,46.9,0.15625,4.99878,2.89795,2.89917,2.99805,2.31812,37.4338,15.533,2,403.334,1350.77,35.3881,33.4362,29.9998,33.1429,32.9897,-1,40,10,-999.9,400,20,99.8622,85.7864
25,1786462307,2886.1,20260811 10:31:46,10:31:46,15,1786462299,0.001669557,1.669557266,0.799918645,497.1672258,440.6487703,44.91565238,50.67662001,0.045132464,2.960059517,0.044753627,0.028004789,266.1496606,37.85445896,36.8258,6.245176896,41.95757162,2.607729138,6.21515745,3.637447757,-73.62747543,-14.06541579,-1.1290957,177.3276737,18.46263147,1.636301394,0.799918645,559.2494779,531.859103,3.757576823,66.75194778,1.669557266,23.22475985,25.67330364,0.014796935,78.43,0,0,1,0,52112.5623,1500.001935,1273.861394,0.849239833,0.177432878,6,0.5,0: Broadleaf,2,TRUE,1786462299,497.1672258,527.6130323,25.58334516,23.065,538.3962258,30.03385484,379.877871,101.8307419,0.099991584,36.73766129,36.8258,999.9,0,0,9992.035161,0,32.55652258,-30.44592903,510.2208065,540.0719677,2.518353226,527.6130323,23.065,2.605172258,2.348726452,21.69889677,20.01434194,1500.001935,0.692005645,0.307994355,0,2.543322581,0,17677.13871,13609.60645,48.67493548,50.375,49.47580645,48.94106452,48.53793548,1038.009677,461.9922581,0,1786462244,0,1786459371,09:42:50,1786208397,1786459371,1,-2.566,-0.971,-41.229,-4.451,412,17,0.91,0.28,-24.45104785,-118.2924459,13.97685733,0,2.549058824,0.745637888,0.226747801,1,2.578900488,-1.175577073,0.117135643,0,1,3,1/3,2.95864,2.76443,0.126077,0.124197,0.135652,0.113753,27051,17946.2,31739.4,22328.5,37032.8,26876.4,45687.8,32639.6,1.64123,2.61192,0.139758,0,34.5728,999.9,63.6,34.1,33.5585,62.1511,-100,3,0.45783,0,20.3078,5.21579,12.0333,4.9597,3.301,7716.9,9999,9999,150.3,4.97304,1.87541,1.88156,1.8811,1.87877,1.87453,1.87454,1.87683,0,0,0,0,11111111,oooooooo,on,on,on,on,0,100,100,-41.229,-4.4505,-41.229,0,0,0,-4.450509524,0,0,0,-1,-1,-1,-1,4231.8,48.9,0.15625,4.99878,2.89795,2.89917,2.99805,2.34863,37.4819,15.5242,2,402.416,1344.24,35.3575,33.348,29.9998,33.0609,32.9105,-1,40,10,-999.9,400,20,99.8762,85.7703
26,1786462427,3006.5,20260811 10:33:47,10:33:47,15,1786462419,0.001807437,1.807437042,-1.265520658,497.54,509.2733702,51.90948894,50.7135237,0.048877407,2.961227066,0.0484336,0.030310538,266.1505463,37.83682846,36.85084333,6.253729418,42.04056472,2.615466862,6.221293361,3.638262556,-79.70797354,-15.18815723,-1.218996913,170.0354186,-1.803490574,1.826937364,-1.265520658,507.0713211,509.3086848,-0.027098511,66.75194778,1.807437042,22.80958281,25.62022606,-0.002999977,78.43,0,0,1,0,52142.57806,1499.998667,1273.859377,0.849240339,0.177433855,6,0.5,0: Broadleaf,2,TRUE,1786462419,497.54,496.1248667,25.65981,22.84374,538.769,30.11031667,379.2644,101.8285333,0.10000246,36.75570667,36.85084333,999.9,0,0,9998.868333,0,26.75950333,1.415160867,510.6431,507.7231667,2.816067667,496.1248667,22.84374,2.612900667,2.326144667,21.74738667,19.85856667,1499.998667,0.691988733,0.308011367,0,2.558013333,0,17145.07667,13609.51333,48.68286667,50.3204,49.5,48.937,48.5,1037.982333,462.0166667,0,1786462365,0,1786459371,09:42:50,1786208397,1786459371,1,-2.566,-0.971,-41.229,-4.451,412,17,0.91,0.28,5.302455268,-61.90454446,10.81467731,0,2.517261765,0.893245221,0.217826605,1,2.832720244,-0.16085101,0.04827301,0,1,3,1/3,2.95809,2.76446,0.122272,0.116116,0.135469,0.112053,27170.9,18118.7,31741.6,22336.6,37042.9,26937.9,45691,32651.7,1.6408,2.61238,0.138335,0,34.6281,999.9,62.5,34.3,33.3466,62.2311,-100,3,0.454306,0,20.3081,5.2131,12.032,4.9598,3.301,7716.9,9999,9999,150.3,4.97298,1.8754,1.88157,1.8811,1.87878,1.8745,1.87453,1.87684,0,0,0,0,11111111,oooooooo,on,on,on,on,0,100,100,-41.229,-4.4505,-41.229,0,0,0,-4.450509524,0,0,0,-1,-1,-1,-1,4233.8,50.9,0.15625,4.99878,2.89795,2.89795,2.99805,2.27905,37.53,15.4892,2,401.872,1343.79,35.3564,33.2963,29.9999,33.0041,32.8562,-1,40,10,-999.9,400,20,99.8831,85.8018
27,1786462547,3126.5,20260811 10:35:47,10:35:47,15,1786462539,0.001812348,1.812347821,0.73803952,402.8335484,355.0767807,36.18939897,41.05676517,0.048105217,2.960814069,0.047675196,0.029835312,266.1475577,37.82602466,36.85339032,6.254599808,40.96926588,2.547469794,6.218002053,3.707130014,-79.92453892,-17.13737506,-1.375584919,167.7100588,-1.80783165,1.843058187,0.73803952,406.2785321,409.7247091,-0.667470155,66.75194778,1.812347821,22.02292328,24.93329758,-0.014281766,78.43,0,0,1,0,52132.31791,1499.997419,1273.856884,0.849239384,0.17743201,6,0.5,0: Broadleaf,2,TRUE,1786462539,402.8335484,401.1492581,24.99481613,22.15391613,444.0625484,29.44532258,379.5257742,101.8199032,0.10002211,36.74602903,36.85339032,999.9,0,0,9997.374839,0,30.73448065,1.684338935,413.1604516,410.238,2.840892581,401.1492581,22.15391613,2.544970968,2.255712258,21.31699355,19.36336452,1499.997419,0.692020742,0.307979226,0,2.503635484,0,17166.23226,13609.64516,48.629,50.31606452,49.5,48.875,48.5,1038.029032,461.9683871,0,1786462485,0,1786459371,09:42:50,1786208397,1786459371,1,-2.566,-0.971,-41.229,-4.451,412,17,0.91,0.28,-0.522005195,40.745323,4.408417088,0,2.503008824,0.00380596,0.227718379,1,2.79855439,1.062615052,0.115667674,0,1,3,1/3,2.95878,2.76454,0.105551,0.0975203,0.133333,0.109528,27691.6,18513.4,31744.7,22352.7,37138.1,27033.1,45695.9,32674.5,1.64258,2.6159,0.13417,0,34.6756,999.9,60.2,34.3,32.1229,62.0211,-100,3,0.452492,0,20.308,5.21355,12.0336,4.9598,3.301,7716.9,9999,9999,150.4,4.97297,1.8754,1.88156,1.88109,1.87875,1.87447,1.87454,1.87683,0,0,0,0,11111111,oooooooo,on,on,on,on,0,100,100,-41.229,-4.4505,-41.229,0,0,0,-4.450509524,0,0,0,-1,-1,-1,-1,4235.8,52.9,0.15625,4.99878,2.89795,2.89795,2.99805,2.34985,37.6022,15.4717,2,402.66,1348.15,35.3604,33.2668,30.0002,32.9685,32.8182,-1,40,10,-999.9,400,20,99.8934,85.8625
28,1786462667,3246.5,20260811 10:37:47,10:37:47,15,1786462659,0.00174569,1.745690071,1.169300775,501.0499355,432.7628794,44.10403416,51.06335253,0.046844636,2.960639364,0.04643673,0.029059309,266.1479873,37.87471998,36.89348387,6.268314944,41.80431492,2.603889578,6.228757924,3.664425365,-76.98493212,-18.49050835,-1.484801344,169.1877455,7.292091919,1.663561729,1.169300775,530.4391659,521.8839394,0.95566962,66.75194778,1.745690071,23.0450366,25.63659333,0.012745714,78.43,0,0,1,0,52121.89595,1499.997419,1273.857106,0.849239532,0.177432297,6,0.5,0: Broadleaf,2,TRUE,1786462659,501.0499355,513.9286129,25.55019677,22.98090645,542.2789355,30.00070645,378.5615161,101.8127097,0.099991868,36.77763871,36.89348387,999.9,0,0,9997.090968,0,31.84880323,-12.8787629,514.1877097,526.0170645,2.569277419,513.9286129,22.98090645,2.601336452,2.33975129,21.6747871,19.95262258,1499.997419,0.692014935,0.307985065,0,2.476987097,0,17217.54194,13609.61935,48.687,50.37093548,49.526,48.875,48.504,1038.021613,461.9758065,0,1786462605,0,1786459371,09:42:50,1786208397,1786459371,1,-2.566,-0.971,-41.229,-4.451,412,17,0.91,0.28,-12.3794,2.393264465,5.591244896,0,2.483344118,0.529019095,0.250070494,1,2.586437,-0.405052683,0.068646829,0,1,3,1/3,2.95745,2.76448,0.124343,0.117901,0.135536,0.112864,27108.4,18079.5,31743.5,22333.5,37042.2,26908.8,45693.7,32646.2,1.63943,2.61658,0.132147,0,34.7508,999.9,61.5,34.4,33.0019,62.2611,-100,3,0.45439,0,20.308,5.21564,12.0339,4.95965,3.301,7716.9,9999,9999,150.4,4.97297,1.87542,1.88156,1.8811,1.87875,1.87447,1.87454,1.87683,0,0,0,0,11111111,oooooooo,on,on,on,on,0,100,100,-41.229,-4.4506,-41.229,0,0,0,-4.450509524,0,0,0,-1,-1,-1,-1,4237.8,54.9,0.15625,4.99878,2.89795,2.89795,2.99805,2.30591,37.6745,15.4629,2,400.929,1349.04,35.3711,33.2759,30.0001,32.9705,32.8152,-1,40,10,-999.9,400,20,99.8891,85.7884
29,1786462787,3366.5,20260811 10:39:47,10:39:47,15,1786462779,0.001794935,1.794934957,-0.153240672,470.953129,448.3877114,45.69463043,47.9942439,0.048003729,2.961415594,0.047575598,0.029772896,266.1480347,37.84950067,36.88788065,6.266396633,41.58726467,2.588618634,6.224546514,3.677777999,-79.1566316,-19.57586575,-1.571407562,165.8441298,-14.70000711,1.907327274,-0.153240672,453.287399,466.8606727,-1.912363538,66.75194778,1.794934957,22.42595177,25.30586909,-0.013050043,78.43,0,0,1,0,52145.8992,1499.999355,1273.858597,0.84923943,0.177432099,6,0.5,0: Broadleaf,2,TRUE,1786462779,470.953129,449.0765484,25.40133871,22.45490645,512.182129,29.85185484,378.5348065,101.8087419,0.100006387,36.76526774,36.88788065,999.9,0,0,10001.88097,0,34.06641935,21.87663839,483.2284839,459.3925806,2.946435484,449.0765484,22.45490645,2.586076774,2.286103548,21.57857097,19.57878065,1499.999355,0.692017871,0.307982129,0,2.494664516,0,17081.10645,13609.64194,48.683,50.375,49.5,48.915,48.5,1038.028065,461.9712903,0,1786462725,0,1786459371,09:42:50,1786208397,1786459371,1,-2.566,-0.971,-41.229,-4.451,412,17,0.91,0.28,18.33387171,39.16723902,8.926804314,0,2.474291176,0.218546983,0.198371355,1,2.917008049,0.393166829,0.082827183,0,1,3,1/3,2.95733,2.76448,0.115249,0.10699,0.134478,0.111022,27391.8,18312.8,31745.5,22345.1,37089.8,26978.2,45696.6,32662.8,1.6396,2.61205,0.131447,0,34.7793,999.9,60.1,34.5,32.4301,61.9911,-100,3,0.453422,0,20.308,5.21534,12.033,4.95965,3.301,7716.9,9999,9999,150.4,4.97296,1.8754,1.88156,1.88109,1.87873,1.87446,1.87453,1.87683,0,0,0,0,11111111,oooooooo,on,on,on,on,0,100,100,-41.229,-4.4505,-41.229,0,0,0,-4.450509524,0,0,0,-1,-1,-1,-1,4239.8,56.9,0.15625,4.99878,2.89795,2.89795,2.99805,2.30347,37.7228,15.4454,2,400.969,1342.19,35.3459,33.2787,29.9999,32.96,32.8028,-1,40,10,-999.9,400,20,99.8953,85.8323
30,1786462907,3486.5,20260811 10:41:47,10:41:47,15,1786462899,0.001791876,1.791876315,-0.088227343,448.4153226,424.7717532,43.28769353,45.69716539,0.047327413,2.961215508,0.046911177,0.029356577,266.1490591,37.9082823,36.93635806,6.283010162,40.98582395,2.559278938,6.244302765,3.723731224,-79.02174549,-18.05894511,-1.450485459,167.617883,-9.032101405,1.91768234,-0.088227343,433.3327425,447.8628848,-2.064698163,66.75194778,1.791876315,22.07067151,24.99992545,-0.019460597,78.43,0,0,1,0,52130.45801,1499.991613,1273.853265,0.849240258,0.177433698,6,0.5,0: Broadleaf,2,TRUE,1786462899,448.4153226,435.4586452,25.11359032,22.14953548,489.6443226,29.56410968,378.4388387,101.808129,0.0999974,36.82323871,36.93635806,999.9,0,0,10000.80677,0,33.2081,12.95662939,459.9670323,445.3235806,2.964059677,435.4586452,22.14953548,2.556767419,2.255001613,21.39241613,19.3581871,1499.991613,0.691991806,0.308008194,0,2.561809677,0,16969.9,13609.45806,48.75,50.437,49.562,49,48.56606452,1037.98129,462.0103226,0,1786462845,0,1786459371,09:42:50,1786208397,1786459371,1,-2.566,-0.971,-41.229,-4.451,412,17,0.91,0.28,6.462071463,103.9501016,13.14139184,0,2.499844118,0.33984263,0.243392264,1,2.861027317,1.753340697,0.219343353,0,1,3,1/3,2.95728,2.76456,0.112111,0.105233,0.133527,0.110235,27488.1,18352.7,31744.5,22349.8,37130,27007.3,45695.9,32669.1,1.63932,2.61525,0.134941,0,34.7643,999.9,58.9,34.6,31.962,62.0211,-100,3,0.456375,0,20.3078,5.21579,12.033,4.95985,3.301,7716.9,9999,9999,150.5,4.97297,1.87542,1.88156,1.88107,1.87871,1.87451,1.8745,1.87683,0,0,0,0,11111111,oooooooo,on,on,on,on,0,100,100,-41.229,-4.4506,-41.229,0,0,0,-4.450509524,0,0,0,-1,-1,-1,-1,4241.8,58.9,0.15625,4.99878,2.89795,2.89795,2.99805,2.30591,37.7953,15.4104,2,400.882,1347.15,35.3883,33.2935,30.0002,32.9717,32.8168,-1,40,10,-999.9,400,20,99.8932,85.8496
31,1786463027,3606.5,20260811 10:43:47,10:43:47,15,1786463019,0.001686684,1.68668449,1.532070667,397.328871,318.57147,32.46387928,40.48961604,0.043694818,2.96054851,0.043339687,0.027118971,266.1516853,37.97433562,36.96926129,6.294308087,39.94384972,2.499527719,6.257603452,3.794780368,-74.38278602,-17.09155934,-1.373572352,173.3037675,5.090862953,1.772583803,1.532070667,424.9053959,412.8002242,1.387130874,66.75187768,1.68668449,22.06394052,24.56056909,0.012603861,78.43,0,0,1,0,52104.93078,1500.009355,1273.868061,0.849240078,0.17743335,6,0.5,0: Broadleaf,2,TRUE,1786463019,397.328871,406.485,24.52812903,21.79620968,438.557871,28.97864516,379.7562258,101.8045484,0.099992145,36.86217742,36.96926129,999.9,0,0,9997.377419,0,25.92802903,-9.156038774,407.3197419,415.5442581,2.731923548,406.485,21.79620968,2.497074839,2.218952258,21.00743548,19.09920968,1500.009355,0.69199729,0.308002742,0,2.479177419,0,16396.01613,13609.64839,48.875,50.502,49.687,49.129,48.687,1038.002581,462.0067742,0,1786462965,0,1786459371,09:42:50,1786208397,1786459371,1,-2.566,-0.971,-41.229,-4.451,412,17,0.91,0.28,-4.7586148,-117.6769475,11.62230199,0,2.53185,-0.462953405,0.246037067,1,2.81536625,-2.472017448,0.241582891,0,1,3,1/3,2.9583,2.76437,0.106248,0.102851,0.132184,0.109812,27667.2,18403.5,31741.9,22352.4,37185.3,27022.3,45692.7,32671.8,1.64088,2.60625,0.137035,0,34.7698,999.9,57.7,34.7,31.4866,61.6311,-100,3,0.463115,0,20.3077,5.21504,12.0338,4.9598,3.301,7716.9,9999,9999,150.5,4.97298,1.8754,1.88156,1.88107,1.87879,1.87445,1.87454,1.87683,0,0,0,0,11111111,oooooooo,on,on,on,on,0,100,100,-41.229,-4.4505,-41.229,0,0,0,-4.450509524,0,0,0,-1,-1,-1,-1,4243.8,60.9,0.15625,4.99878,2.89795,2.89795,2.99805,2.2998,37.8679,15.4104,2,402.034,1334.99,35.4358,33.3609,30.0004,33.0264,32.8649,-1,40,10,-999.9,400,20,99.8856,85.8578
32,1786463147,3726.5,20260811 10:45:47,10:45:47,15,1786463139,0.001928611,1.928610588,1.751097791,364.4380968,288.4086675,29.38637403,37.13312195,0.050505692,2.960371001,0.050031841,0.031312104,266.147211,37.89570001,36.94289677,6.285253945,40.42687125,2.527431267,6.251859689,3.757822678,-85.05172691,-15.56507203,-1.250709009,164.279703,0.425979068,1.999039097,1.751097791,374.4045879,372.4085576,-0.120908446,66.75187768,1.928610588,21.41543958,24.64146788,-0.029682926,78.43,0,0,1,0,52102.45283,1499.994194,1273.854261,0.849239462,0.177432161,6,0.5,0: Broadleaf,2,TRUE,1786463139,364.4380968,366.2689032,24.80513871,21.71370968,405.6670968,29.25564839,378.3595161,101.7914194,0.100019216,36.84537097,36.94289677,999.9,0,0,9997.660645,0,27.10905806,-1.830779515,373.7080968,374.398871,3.09143129,366.2689032,21.71370968,2.524951613,2.210269355,21.18818387,19.03619677,1499.994194,0.692017419,0.307982581,0,2.5607,0,16357.16774,13609.59677,49.062,50.625,49.86483871,49.25,48.812,1038.022903,461.9712903,0,1786463085,0,1786459371,09:42:50,1786208397,1786459371,1,-2.566,-0.971,-41.229,-4.451,412,17,0.91,0.28,-2.288227291,7.604589909,1.837024991,0,2.534302941,0.064701307,0.205205396,1,3.03108122,1.639850383,0.176435892,0,1,3,1/3,2.95701,2.76457,0.0988202,0.0911408,0.132309,0.107647,27890.7,18649.6,31735,22359.7,37172.2,27096.5,45682.7,32682.5,1.63775,2.6073,0.127763,0,34.8722,999.9,56.6,34.8,31.0606,62.2611,-100,3,0.476286,0,20.3079,5.21639,12.0338,4.9598,3.301,7716.9,9999,9999,150.5,4.97295,1.87538,1.88156,1.88109,1.87873,1.87448,1.87454,1.87683,0,0,0,0,11111111,oooooooo,on,on,on,on,0,100,100,-41.229,-4.4506,-41.229,0,0,0,-4.450509524,0,0,0,-1,-1,-1,-1,4245.8,62.9,0.15625,4.99878,2.89795,2.89673,2.99805,2.30103,37.9164,15.3841,2,400.836,1338.44,35.4502,33.4733,30.0008,33.1238,32.9544,-1,40,10,-999.9,400,20,99.8639,85.8859
33,1786463267,3846.5,20260811 10:47:47,10:47:47,15,1786463259,0.00180381,1.803810314,1.606032827,364.9159032,289.4899499,29.49254031,37.17675514,0.046939759,2.960877351,0.046530235,0.029117893,266.1482215,37.87706545,36.87756129,6.26286505,39.82512465,2.482958153,6.234652558,3.779906898,-79.54803484,-13.18826486,-1.058949252,172.3529726,1.431278088,1.697597521,1.606032827,375.9443662,373.8277333,-0.070679555,66.75187768,1.803810314,21.75698595,24.45342121,0.012379931,78.43,0,0,1,0,52124.99559,1499.999355,1273.858694,0.849239494,0.177432224,6,0.5,0: Broadleaf,2,TRUE,1786463259,364.9159032,368.1767742,24.37197419,21.73844516,406.1449032,28.82248387,377.3393871,101.7776129,0.099983587,36.79494194,36.87756129,999.9,0,0,10001.88774,0,33.38594194,-3.260777742,374.0317419,376.3580645,2.633523226,368.1767742,21.73844516,2.480522258,2.21248871,20.89923226,19.05295484,1499.999355,0.692016129,0.307983871,0,2.573429032,0,16553.70323,13609.62581,49.187,50.5863871,50,49.147,48.917,1038.024839,461.9745161,0,1786463205,0,1786459371,09:42:50,1786208397,1786459371,1,-2.566,-0.971,-41.229,-4.451,412,17,0.91,0.28,-3.686624878,8.580489408,1.01349409,0,2.546297059,0.128212382,0.196293592,1,2.645343902,-0.218409617,0.057861761,0,1,3,1/3,2.9559,2.76442,0.0990469,0.0918132,0.13172,0.108141,27875.1,18632.5,31725.9,22356.4,37187.6,27076.4,45669.7,32676.6,1.6342,2.60115,0.123821,0,34.8892,999.9,56.2,34.9,31.0167,61.9911,-100,3,0.493209,0,20.3079,5.21684,12.0339,4.9598,3.301,7716.9,9999,9999,150.6,4.97296,1.87543,1.88156,1.8811,1.87875,1.87453,1.87454,1.87683,0,0,0,0,11111111,oooooooo,on,on,on,on,0,100,100,-41.229,-4.4506,-41.229,0,0,0,-4.450509524,0,0,0,-1,-1,-1,-1,4247.8,64.9,0.15625,4.99878,2.89795,2.89673,2.99805,2.34863,37.9164,15.3579,2,399.667,1332.16,35.4032,33.6404,30.0008,33.2702,33.086,-1,40,10,-999.9,400,20,99.8355,85.8716
34,1786463387,3966.5,20260811 10:49:47,10:49:47,15,1786463379,0.001675131,1.675130607,1.659868973,361.1345806,280.1853721,28.54582882,36.7930911,0.043730138,2.959566782,0.043374319,0.027140677,266.1525162,37.93071102,36.90643226,6.272749882,40.17559008,2.507585313,6.241564362,3.765164568,-73.87325975,-14.55461037,-1.169455404,176.5551906,2.726183942,1.713632716,1.659868973,374.3253247,370.3916606,0.175327168,66.75187768,1.675130607,22.13393566,24.65884667,0.009684857,78.43,0,0,1,0,52084.53937,1500.00871,1273.868003,0.849240404,0.177433981,6,0.5,0: Broadleaf,2,TRUE,1786463379,361.1345806,366.4671935,24.61265806,21.94804516,402.3635806,29.06316452,376.3673871,101.7819355,0.100002926,36.8152129,36.90643226,999.9,0,0,9994.033871,0,33.34894839,-5.332543581,370.2473548,374.6918065,2.664600645,366.4671935,21.94804516,2.505122258,2.233913871,21.05980968,19.20732258,1500.00871,0.691986742,0.308013323,0,2.421480645,0,16452.87419,13609.6,49.312,50.61890323,50.10467742,49.187,49.004,1037.985806,462.0229032,0,1786463325,0,1786459371,09:42:50,1786208397,1786459371,1,-2.566,-0.971,-41.229,-4.451,412,17,0.91,0.28,-3.907763025,-22.67343306,3.820490365,0,2.428455882,0.402250571,0.221731462,1,2.6414645,0.133196848,0.122445448,0,1,3,1/3,2.95494,2.76445,0.098464,0.0949803,0.132338,0.110249,27884.2,18557.4,31716.7,22344.8,37150.8,26997.2,45656,32658.4,1.63075,2.59827,0.119187,0,34.9955,999.9,56.7,35,31.4676,62.4411,-100,3,0.512066,0,20.3079,5.21624,12.0339,4.95975,3.301,7716.9,9999,9999,150.6,4.97299,1.87545,1.88156,1.88109,1.87875,1.87452,1.87454,1.87683,0,0,0,0,11111111,oooooooo,on,on,on,on,0,100,100,-41.229,-4.4505,-41.229,0,0,0,-4.450509524,0,0,0,-1,-1,-1,-1,4249.8,66.9,0.155029,4.99878,2.89795,2.89673,2.99805,2.32178,37.9649,15.3404,2,398.715,1331.59,35.4141,33.8345,30.0009,33.4475,33.2571,-1,40,10,-999.9,400,20,99.8058,85.825
35,1786463507,4086.5,20260811 10:51:47,10:51:47,15,1786463499,0.001675622,1.675622476,1.546467445,369.7732258,292.0926737,29.75777336,37.67170093,0.043577221,2.960484999,0.043223984,0.027046488,266.1531036,38.01783994,36.99613871,6.303550026,40.26579482,2.525279111,6.271524311,3.778270914,-73.89495121,-14.88863447,-1.19695005,176.1725678,7.011521452,1.520615165,1.546467445,394.7349023,385.5846061,0.944085561,66.75187768,1.675622476,22.70478146,25.01456667,0.036344381,78.43,0,0,1,0,52095.73401,1500.01871,1273.875881,0.849239994,0.177433189,6,0.5,0: Broadleaf,2,TRUE,1786463499,369.7732258,381.8702258,24.78732258,22.41877419,411.0022258,29.23783226,375.6536774,101.7778387,0.100010461,36.90285484,36.99613871,999.9,0,0,9999.640968,0,31.45647097,-12.09713806,379.172129,390.6294194,2.368546452,381.8702258,22.41877419,2.522799032,2.281733548,21.17419677,19.54711935,1500.01871,0.691999613,0.308000677,0,2.510467742,0,16310.89032,13609.73871,49.437,50.687,50.19106452,49.24593548,49.12093548,1038.013226,462.0054839,0,1786463445,0,1786459371,09:42:50,1786208397,1786459371,1,-2.566,-0.971,-41.229,-4.451,412,17,0.91,0.28,-9.43734725,-52.32542105,5.824364949,0,2.506326471,-0.05409778,0.21350641,1,2.48976325,-2.298760413,0.225572083,0,1,3,1/3,2.95432,2.76436,0.101156,0.0958417,0.133398,0.111691,27790.9,18531,31706.2,22334.9,37093.8,26940.8,45640.4,32643.4,1.62757,2.59575,0.11551,0,35.1361,999.9,57.1,35,31.6901,62.1412,-99.988,3,0.533257,0,20.3075,5.21654,12.0338,4.9598,3.301,7716.9,9999,9999,150.6,4.97297,1.87544,1.88156,1.88105,1.87875,1.87451,1.87454,1.87683,0,0,0,0,11111111,oooooooo,on,on,on,on,0,100,100,-41.229,-4.4505,-41.229,0,0,0,-4.450509524,0,0,0,-1,-1,-1,-1,4251.8,68.9,0.15625,4.99878,2.89795,2.89673,2.99805,2.30591,38.0377,15.3228,2,398.1,1332.14,35.4851,34.0604,30.0009,33.6604,33.4623,-1,40,10,-999.9,400,20,99.7722,85.7862
36,1786463627,4206.5,20260811 10:53:47,10:53:47,15,1786463619,0.001875118,1.875117657,1.902092478,362.2739677,277.6590253,28.28331571,36.90248856,0.047674325,2.960057562,0.04725183,0.029570041,266.1449912,37.97258965,36.98133226,6.298457295,38.72390931,2.429333032,6.273470512,3.869124263,-82.69268866,-11.61710019,-0.934033426,170.9011689,1.456874774,1.845808411,1.902092478,373.5716702,370.7329576,-0.037719054,66.75187768,1.875117657,20.98783715,23.86701818,0.005397247,78.43,0,0,1,0,52082.37098,1499.970968,1273.835522,0.849240118,0.177433428,6,0.5,0: Broadleaf,2,TRUE,1786463619,362.2739677,365.6691613,23.84890968,20.9708871,403.5029677,28.2994129,375.6303871,101.7634839,0.100000235,36.90853548,36.98133226,999.9,0,0,9998.628065,0,27.2039129,-3.395211613,371.1248387,373.5019355,2.878024194,365.6691613,20.9708871,2.426947419,2.13407,20.54469677,18.47572258,1499.970968,0.691995774,0.308004226,0,2.498967742,0,15805.87419,13609.3,49.5,50.75,50.282,49.312,49.187,1037.973548,461.9967742,0,1786463565,0,1786459371,09:42:50,1786208397,1786459371,1,-2.566,-0.971,-41.229,-4.451,412,17,0.91,0.28,-3.181406098,-4.169240279,0.645530544,0,2.52095,-0.234818948,0.230277311,1,2.91348439,-0.702716237,0.086829162,0,1,3,1/3,2.95409,2.76443,0.0983587,0.0912838,0.129684,0.10511,27869.9,18647.5,31698.7,22363.4,37245.8,27175.1,45630.9,32685.6,1.6268,2.59433,0.116732,0,35.1015,999.9,53.4,35.1,29.8087,62.1112,-100,3,0.549754,0,20.3075,5.21624,12.0339,4.95975,3.301,7716.9,9999,9999,150.7,4.97299,1.87543,1.88156,1.88108,1.87877,1.87449,1.87452,1.87683,0,0,0,0,11111111,oooooooo,on,on,on,on,0,100,100,-41.229,-4.4505,-41.229,0,0,0,-4.450509524,0,0,0,-1,-1,-1,-1,4253.8,70.9,0.15625,4.99878,2.89795,2.89673,2.99805,2.31567,38.1106,15.3228,2,398.653,1333.68,35.5187,34.2601,30.0006,33.8449,33.6368,-1,40,10,-999.9,400,20,99.7502,85.8966
37,1786463747,4326.5,20260811 10:55:47,10:55:47,15,1786463739,0.001841541,1.841541428,1.894651093,368.0418387,282.7061384,28.79631475,37.48856918,0.047112012,2.960088653,0.046699383,0.029223886,266.1467239,38.05532354,37.04639355,6.320862021,39.3338682,2.47761711,6.298940895,3.843244912,-81.21197699,-10.15831284,-0.817286598,173.9591475,-1.171115035,1.877834074,1.894651093,376.2044766,374.4515394,-0.191703206,66.75050743,1.841541428,21.38777009,24.28232606,-0.001991763,78.43,0,0,1,0,52070.70108,1499.990323,1273.851077,0.849239531,0.177432294,6,0.5,0: Broadleaf,2,TRUE,1786463739,368.0418387,367.273,24.32386129,21.38916774,409.2708387,28.77437097,374.585871,101.7595161,0.100015142,36.98273871,37.04639355,999.9,0,0,9999.194194,0,25.03526774,0.768873548,377.2173226,375.3004516,2.934684516,367.273,21.38916774,2.475183871,2.176552581,20.86422258,18.79071613,1499.990323,0.692015613,0.307985129,0,2.518374194,0,15636.90645,13609.54839,49.562,50.804,50.32825806,49.3363871,49.25,1038.016774,461.9735484,0,1786463685,0,1786459371,09:42:50,1786208397,1786459371,1,-2.566,-0.971,-41.229,-4.451,412,17,0.91,0.28,3.366523,-57.01869517,5.81553202,0,2.526723529,0.047190221,0.217283483,1,2.93867525,-0.115318987,0.053185592,0,1,3,1/3,2.95297,2.76437,0.098978,0.0916756,0.130941,0.106937,27848.1,18634.1,31696.1,22357.3,37189.6,27111.4,45627.2,32675.8,1.624,2.59547,0.117771,0,35.1537,999.9,54.1,35.2,30.3627,62.1112,-97.0633,3,0.558181,0,20.307,5.21205,12.0339,4.9596,3.301,7716.9,9999,9999,150.7,4.97295,1.87543,1.88156,1.88106,1.87872,1.87447,1.87454,1.87683,0,0,0,0,11111111,oooooooo,on,on,on,on,0,100,100,-41.229,-4.4505,-41.229,0,0,0,-4.450509524,0,0,0,-1,-1,-1,-1,4255.8,72.9,0.155029,4.99878,2.89795,2.89551,2.99805,2.33765,38.135,15.2966,2,397.781,1338.06,35.5853,34.3748,30.0003,33.9723,33.7653,-1,40,10,-999.9,400,20,99.7421,85.8718
38,1786463867,4446.5,20260811 10:57:47,10:57:47,15,1786463859,0.00176381,1.763809724,2.214931452,364.8606129,266.6257627,27.15716765,37.16287854,0.045475956,2.961580671,0.045091553,0.028216487,266.1469236,38.16004576,37.15039677,6.356820635,40.24382321,2.546778533,6.328371238,3.810042102,-77.78400883,-13.13113701,-1.056900861,174.1748769,11.15913421,1.677600693,2.214931452,399.8935825,384.1671758,1.711612215,66.75050743,1.763809724,22.553251,25.12699576,0.02311729,78.43,0,0,1,0,52098.50925,1499.992258,1273.852647,0.849239481,0.177432198,6,0.5,0: Broadleaf,2,TRUE,1786463859,364.8606129,383.7924839,25.00396129,22.37330968,406.0896452,29.45447419,373.0605806,101.7550323,0.099969968,37.06815484,37.15039677,999.9,0,0,10008.09677,0,31.0457871,-18.93190613,374.2177742,392.5778065,2.630646774,383.7924839,22.37330968,2.54427871,2.276598387,21.31252258,19.51138387,1499.992258,0.692018097,0.307982613,0,2.538467742,0,15839.81935,13609.57742,49.625,50.875,50.437,49.383,49.312,1038.021935,461.9722581,0,1786463805,0,1786459371,09:42:50,1786208397,1786459371,1,-2.566,-0.971,-41.229,-4.451,412,17,0.91,0.28,-14.79848341,-89.35426578,9.249140357,0,2.534729412,0.00278074,0.262858106,1,2.66008878,-0.950579791,0.116531993,0,1,3,1/3,2.95163,2.76465,0.100882,0.100477,0.133579,0.110891,27788.8,18440.9,31695.8,22342.2,37076.6,26972.7,45626.6,32653.1,1.62073,2.59218,0.119328,0,35.2263,999.9,56,35.3,31.6058,62.0212,-83.6899,3,0.560846,0,20.3072,5.21355,12.0339,4.95975,3.301,7716.9,9999,9999,150.7,4.97295,1.87543,1.88156,1.88109,1.87877,1.87451,1.87454,1.87684,0,0,0,0,11111111,oooooooo,on,on,on,on,0,100,100,-41.229,-4.4505,-41.229,0,0,0,-4.450509524,0,0,0,-1,-1,-1,-1,4257.8,74.9,0.155029,4.99878,2.89795,2.89673,2.99805,2.29858,38.135,15.2703,2,396.374,1335,35.6505,34.4277,30.0003,34.0483,33.849,-1,40,10,-999.9,400,20,99.741,85.8128
39,1786464395,4974.1,20260811 11:06:34,11:06:34,15,1786464392,0.002489978,2.489978474,2.141240877,364.44225,289.0758175,29.43514243,37.10932871,0.06336921,2.958726071,0.062624756,0.03920663,266.1471184,37.30467934,36.30515,6.069655922,35.82035404,2.185171937,6.100363873,3.884483985,-109.8080507,14.67898505,1.173972014,172.1920247,-0.65284625,0.525879789,2.141240877,371.3581436,371.0307394,-0.4504339,66.7586324,2.489978474,20.64591111,22.32879697,0.266908459,78.43,0,0,1,0,52129.98184,1499.99,1273.851038,0.849239687,0.177432595,6,0.5,0: Broadleaf,2,TRUE,1786464392,364.44225,363.70675,21.460075,20.6394125,405.67125,25.9106,376.2285,101.73,0.094990675,36.397175,36.30515,999.9,0,0,9994.37,0,21.795725,0.73531425,372.43425,371.371625,0.8206865,363.70675,20.6394125,2.1831325,2.099645,18.8355,18.216475,1499.99,0.692011,0.307989,0,2.731675,0,33080.85,13609.5,49.187,50.312,49.937,48.937,48.937,1038.00875,461.98125,0,1786464332,0,1786459371,09:42:50,1786208397,1786459371,1,-2.566,-0.971,-41.229,-4.451,412,17,0.91,0.28,2.723200175,-17.90840255,2.221928352,0,2.580426471,0.726880061,0.279241678,1,0.767109925,-4.769682653,0.618192216,0,1,3,1/3,2.96524,2.755,0.0982461,0.0908981,0.125308,0.104023,27863.9,18658,31690.1,22368,37429.1,27210.2,45624,32688.9,1.87395,2.54463,0.126928,0,34.2854,999.9,51.3,35.5,29.2822,62.3476,-61.7388,3,0.590221,0,20.3063,5.21115,12.0339,4.9591,3.30032,7716.9,9999,9999,150.9,4.97295,1.87545,1.88157,1.88108,1.87877,1.87453,1.87454,1.87683,0,0,0,0,11111111,oooooooo,on,on,on,on,0,100,100,-41.229,-4.4505,-41.229,0,0,0,-4.450509524,0,0,0,-1,-1,-1,-1,4266.6,83.7,0.155029,4.99878,2.89795,2.89429,2.99805,2.32544,38.2568,15.2003,2,571.517,1274.59,35.2455,34.7425,30.0006,34.4428,34.2493,-1,40,10,-999.9,400,20,99.7303,85.9088
40,1786464523,5102.1,20260811 11:08:42,11:08:42,15,1786464515,0.001544897,1.544896675,1.672210679,365.9163871,279.7909344,28.49306039,37.26381534,0.040594635,2.959484897,0.04028781,0.025207255,266.1437929,37.53128651,36.50794516,6.137505798,39.30923719,2.396029706,6.095335033,3.741476092,-68.12994337,-20.07366885,-1.606469282,176.3337114,-1.224324906,1.750534626,1.672210679,371.2821554,371.5207758,-0.422214426,66.74978843,1.544896675,20.76406878,23.35044848,-0.020977723,78.43,0,0,1,0,52154.18711,1499.969032,1273.833435,0.849239823,0.177432858,6,0.5,0: Broadleaf,2,TRUE,1786464515,365.9163871,364.9827742,23.52809355,20.79439032,407.1453871,27.97860968,375.1719355,101.7370323,0.099935571,36.38213226,36.50794516,999.9,0,0,9997.980645,0,10.5222671,0.933529413,374.7333871,372.7337097,2.733712581,364.9827742,20.79439032,2.39368,2.115559355,20.32089677,18.3368,1499.969032,0.692005548,0.307994452,0,2.557348387,0,24921.25484,13609.30645,49.187,50.25,49.921,48.87296774,48.812,1037.987419,461.9816129,0,1786464461,0,1786459371,09:42:50,1786208397,1786459371,1,-2.566,-0.971,-41.229,-4.451,412,17,0.91,0.28,1.746557068,-12.44696303,1.393699214,0,2.596438235,-0.736056527,0.241368745,1,2.785783659,-1.055970941,0.105486671,0,1,3,1/3,2.95297,2.76438,0.0983121,0.0907761,0.127784,0.104601,27851,18658.8,31678.3,22366.5,37305.1,27192.5,45601,32688.9,1.62153,2.58035,0.141412,0,34.2375,999.9,51.3,35.5,29.2815,62.2076,-71.6867,3,0.602698,0,20.307,5.21519,12.0339,4.9598,3.301,7716.9,9999,9999,150.9,4.97296,1.87541,1.88156,1.88108,1.87869,1.87446,1.87452,1.87683,0,0,0,0,11111111,oooooooo,on,on,on,on,0,100,100,-41.229,-4.4505,-41.229,0,0,0,-4.450509524,0,0,0,-1,-1,-1,-1,4268.8,85.9,0.155029,4.99878,2.89795,2.89551,2.99805,2.30835,38.2568,15.1652,2,399.442,1328.43,35.2456,34.8785,30.0002,34.5476,34.3708,-1,40,10,-999.9,400,20,99.6854,85.9065
41,1786464643,5222.1,20260811 11:10:42,11:10:42,15,1786464635,0.001569849,1.569849425,2.193799962,362.7586774,256.4158125,26.11114787,36.94017686,0.040582366,2.959233038,0.0402757,0.025199672,266.1526328,37.68885548,36.71551935,6.207635779,39.12590887,2.406375729,6.150338225,3.801260049,-69.23035965,-27.03194193,-2.167413548,167.7229177,2.306116681,1.573395554,2.193799962,377.5593407,372.2895152,0.243108775,66.7524012,1.569849425,21.20085724,23.63851515,0.000325356,78.43,0,0,1,0,52119.30422,1500.008387,1273.867819,0.849240464,0.177434096,6,0.5,0: Broadleaf,2,TRUE,1786464635,362.7586774,367.3390645,23.63100968,21.18514516,403.9877097,28.0815129,376.8519355,101.7313226,0.099947519,36.54608065,36.71551935,999.9,0,0,9997.113871,0,16.27807742,-4.580286445,371.5384839,375.2895806,2.445868387,367.3390645,21.18514516,2.404012581,2.155191613,20.39083548,18.63307742,1500.008387,0.691983839,0.308016161,0,2.532380645,0,22841.44839,13609.5871,49.125,50.32216129,49.937,48.875,48.812,1037.982581,462.0258065,0,1786464581,0,1786459371,09:42:50,1786208397,1786459371,1,-2.566,-0.971,-41.229,-4.451,412,17,0.91,0.28,-3.074082751,-28.5889713,2.966545034,0,2.562573529,0.247683732,0.214338326,1,2.444900244,-0.046867108,0.011902098,1,2,3,2/3,2.95518,2.76448,0.0984658,0.0917973,0.128717,0.106009,27845.8,18635.7,31677.8,22363.9,37262.9,27146.8,45598,32685.4,1.62517,2.58083,0.147283,0,34.3523,999.9,51.7,35.6,29.6716,62.0576,-98.5216,3,0.601281,0,20.3072,5.21549,12.0339,4.95975,3.301,7716.9,9999,9999,150.9,4.97296,1.87544,1.88159,1.88109,1.87874,1.87447,1.87453,1.87684,0,0,0,0,11111111,oooooooo,on,on,on,on,0,100,100,-41.229,-4.4505,-41.229,0,0,0,-4.450509524,0,0,0,-1,-1,-1,-1,4270.8,87.9,0.155029,4.99878,2.89795,2.89551,2.99805,2.31567,38.2568,15.1652,2,401.615,1329.58,35.3072,34.8881,30,34.5737,34.3922,-1,40,10,-999.9,400,20,99.6808,85.8969
42,1786464763,5342.1,20260811 11:12:42,11:12:42,15,1786464755,0.001981441,1.981440542,2.181917906,369.5153548,281.565802,28.67032071,37.62574736,0.051857076,2.959599713,0.051357535,0.03214294,266.1510423,37.5976209,36.70626774,6.204495324,39.68689191,2.442781957,6.155135461,3.761713367,-87.38152789,-23.28722395,-1.866976847,153.6153136,1.437967453,2.101017883,2.181917906,378.2210538,376.8587879,-0.312438415,66.7524012,1.981440542,20.6657813,23.87067273,-0.014917965,78.43,0,0,1,0,52127.16095,1500.000645,1273.861132,0.84924039,0.177433952,6,0.5,0: Broadleaf,2,TRUE,1786464755,369.5153548,373.0439677,23.9901,20.72236774,410.7443548,28.44060968,376.5206129,101.7245806,0.100003558,36.56031935,36.70626774,999.9,0,0,9999.855484,0,21.08267097,-3.528570645,378.5980323,380.9380645,3.267737742,373.0439677,20.72236774,2.440381935,2.107973226,20.63419677,18.27911935,1500.000645,0.691987226,0.308012806,0,2.518625806,0,22343.11935,13609.51935,49.179,50.5,50,48.875,48.812,1037.980968,462.0196774,0,1786464701,0,1786459371,09:42:50,1786208397,1786459371,1,-2.566,-0.971,-41.229,-4.451,412,17,0.91,0.28,-5.0416985,25.83076728,3.296298532,0,2.492641176,0.374209322,0.263774282,1,3.1849085,1.308633996,0.207024109,0,1,3,1/3,2.95482,2.76439,0.0992652,0.0932247,0.129435,0.104716,27826.4,18613.5,31683.5,22372.2,37238.3,27196.3,45605.8,32697.5,1.62625,2.57982,0.140451,0,34.4487,999.9,50.8,35.6,29.1605,62.1476,-99.984,3,0.593092,0,20.3078,5.21564,12.0339,4.95965,3.301,7716.9,9999,9999,151,4.97296,1.87543,1.88156,1.88105,1.87872,1.87443,1.87449,1.87683,0,0,0,0,11111111,oooooooo,on,on,on,on,0,100,100,-41.229,-4.4506,-41.229,0,0,0,-4.450509524,0,0,0,-1,-1,-1,-1,4272.8,89.9,0.155029,4.99878,2.89795,2.89551,2.99805,2.323,38.208,15.1565,2,401.942,1327.22,35.3118,34.8111,29.9997,34.522,34.3504,-1,40,10,-999.9,400,20,99.6983,85.9288
43,1786464883,5462.1,20260811 11:14:42,11:14:42,15,1786464875,0.002257018,2.25701803,2.704819438,362.5973226,269.6191809,27.45185186,36.91861964,0.059383938,2.959893666,0.058729911,0.036764356,266.151485,37.54470204,36.71660323,6.208003788,39.95574407,2.461714266,6.161102299,3.746289522,-99.53449511,-22.11486791,-1.773051715,142.7290703,1.872904905,2.023155526,2.704819438,374.8586477,370.6904545,-0.032550261,66.7524012,2.25701803,20.95215518,24.31067879,0.017655974,78.43,0,0,1,0,52132.35911,1499.998387,1273.859652,0.849240681,0.177434514,6,0.5,0: Broadleaf,2,TRUE,1786464875,362.5973226,366.7441935,24.1778,21.03683226,403.8263226,28.62831935,377.1270968,101.7171613,0.09997121,36.57801613,36.71660323,999.9,0,0,10002.25194,0,17.93211935,-4.146998065,371.5811613,374.6250968,3.140977742,366.7441935,21.03683226,2.459297097,2.139805161,20.75951613,18.51846774,1499.998387,0.691978387,0.308021613,0,2.49233871,0,21521.90323,13609.47097,49.25,50.675,50.062,48.933,48.875,1037.964839,462.0335484,0,1786464821,0,1786459371,09:42:50,1786208397,1786459371,1,-2.566,-0.971,-41.229,-4.451,412,17,0.91,0.28,-3.379599073,-17.39446537,1.777660885,0,2.477067647,0.581636366,0.22312956,1,3.190294634,-0.400414286,0.150507356,0,1,3,1/3,2.95549,2.76449,0.0981409,0.0918395,0.130846,0.104895,27866.5,18643.3,31689.1,22373.5,37183.7,27193,45613.3,32699.9,1.62808,2.58305,0.136107,0,34.5235,999.9,50.9,35.6,29.2166,61.9676,-100,3,0.583996,0,20.3073,5.21609,12.0338,4.9598,3.301,7716.9,9999,9999,151,4.97297,1.87538,1.88157,1.88106,1.87874,1.87448,1.87453,1.87683,0,0,0,0,11111111,oooooooo,on,on,on,on,0,100,100,-41.229,-4.4505,-41.229,0,0,0,-4.450509524,0,0,0,-1,-1,-1,-1,4274.8,91.9,0.155029,4.99878,2.89795,2.89429,2.99805,2.29126,38.1837,15.139,2,402.562,1330.58,35.2952,34.7098,29.9998,34.4468,34.2836,-1,40,10,-999.9,400,20,99.7151,85.9344
44,1786465003,5582.1,20260811 11:16:42,11:16:42,15,1786464995,0.002295677,2.295677215,2.953835126,363.5467742,266.4204816,27.12632691,37.0155049,0.061166721,2.959281593,0.060472941,0.037857266,266.1511163,37.52647501,36.68184839,6.196212815,40.53096958,2.49598956,6.158228105,3.700223255,-101.2393652,-17.92517964,-1.43714083,145.5494307,2.027115926,2.449522237,2.953835126,375.1547761,371.4967697,-0.168225609,66.74698267,2.295677215,20.81217119,24.42971818,-0.002356756,78.43,0,0,1,0,52116.45413,1500.01129,1273.869232,0.849239763,0.177432742,6,0.5,0: Broadleaf,2,TRUE,1786464995,363.5467742,368.2340645,24.51429355,20.67550968,404.7757742,28.96480323,373.4735806,101.7177097,0.100013742,36.56949355,36.68184839,999.9,0,0,9998.727097,0,18.86254839,-4.687361935,372.6828387,376.0082903,3.838778387,368.2340645,20.67550968,2.49353871,2.103066774,20.98429677,18.24223226,1500.01129,0.692007774,0.307992226,0,2.571890323,0,21116.87097,13609.71613,49.25,50.75,50.125,48.937,48.875,1038.019677,461.9916129,0,1786464941,0,1786459371,09:42:50,1786208397,1786459371,1,-2.566,-0.971,-41.229,-4.451,412,17,0.91,0.28,-4.550322927,-1.570716585,0.361610161,0,2.562667647,0.283148967,0.225207419,1,3.970037561,-2.598454286,0.257344085,0,1,3,1/3,2.9516,2.76451,0.0982939,0.0916795,0.131244,0.105114,27865.5,18648.7,31692.9,22375.7,37171,27188.7,45619.1,32702.6,1.62118,2.58938,0.134528,0,34.5067,999.9,50.8,35.7,29.3219,62.2677,-85.9455,3,0.574774,0,20.3077,5.2113,12.0339,4.95975,3.301,7716.9,9999,9999,151,4.97299,1.87541,1.88156,1.88105,1.8787,1.87447,1.87452,1.87683,0,0,0,0,11111111,oooooooo,on,on,on,on,0,100,100,-41.229,-4.4505,-41.229,0,0,0,-4.450509524,0,0,0,-1,-1,-1,-1,4276.8,93.9,0.155029,4.99878,2.89795,2.89551,2.99805,2.24243,38.1593,15.1039,2,398.25,1338.22,35.2933,34.6113,29.9997,34.3579,34.2038,-1,40,10,-999.9,400,20,99.7276,85.9422
45,1786465123,5702.1,20260811 11:18:42,11:18:42,15,1786465115,0.002299497,2.299497432,2.882157785,363.4479355,269.024374,27.39178027,37.0058885,0.061766578,2.960310258,0.061059451,0.038225015,266.1490222,37.56388009,36.70499677,6.204064003,41.06273938,2.534104277,6.171298641,3.669959726,-101.4078367,-15.44479806,-1.238218494,148.0581689,4.69938626,2.133504929,2.882157785,382.5541661,375.1241818,0.381246899,66.74698267,2.299497432,21.68468625,25.07107273,0.026307082,78.43,0,0,1,0,52139.12009,1499.992903,1273.854223,0.849240166,0.177433521,6,0.5,0: Broadleaf,2,TRUE,1786465115,363.4479355,372.2511613,24.88833548,21.54314194,404.6769355,29.33884194,373.1453226,101.7189355,0.100018165,36.60822258,36.70499677,999.9,0,0,10004.44032,0,19.79903548,-8.80319,372.7246452,380.4475161,3.345207097,372.2511613,21.54314194,2.531617419,2.191346129,21.23109032,18.89893548,1499.992903,0.691994387,0.308005613,0,2.515006452,0,20782.87742,13609.46774,49.312,50.86687097,50.187,49,48.94309677,1037.986774,462.006129,0,1786465061,0,1786459371,09:42:50,1786208397,1786459371,1,-2.566,-0.971,-41.229,-4.451,412,17,0.91,0.28,-8.4590775,-5.399432645,2.334836553,0,2.499544118,0.028478224,0.220953823,1,3.34863475,-0.17763636,0.031648952,0,1,3,1/3,2.95184,2.76436,0.0989515,0.0923943,0.1333,0.107913,27850.8,18628.7,31698.7,22368.9,37089.2,27095.2,45627.1,32692.2,1.6224,2.5883,0.135787,0,34.5172,999.9,52,35.7,30.0115,62.1177,-66.9872,3,0.564487,0,20.3076,5.21609,12.0339,4.9598,3.301,7716.9,9999,9999,151.1,4.97299,1.87545,1.88158,1.88109,1.87877,1.87452,1.87454,1.87685,0,0,0,0,11111111,oooooooo,on,on,on,on,0,100,100,-41.229,-4.4505,-41.229,0,0,0,-4.450509524,0,0,0,-1,-1,-1,-1,4278.8,95.9,0.155029,4.99878,2.89795,2.89551,2.99805,2.30957,38.135,15.0952,2,398.426,1334.74,35.2996,34.5021,29.9998,34.2622,34.1089,-1,40,10,-999.9,400,20,99.7454,85.9155
46,1786465243,5822.1,20260811 11:20:42,11:20:42,15,1786465235,0.002386358,2.386358099,3.636681702,364.6642581,255.0053853,25.96350454,37.12847911,0.064510886,2.96131617,0.063740209,0.039906105,266.1469823,37.57120473,36.74341935,6.217114775,41.57227596,2.569747064,6.181396145,3.647367711,-105.2383922,-16.81531528,-1.348081614,142.7451933,4.877838172,2.517975062,3.636681702,384.0522653,375.4477515,0.372900453,66.74698267,2.386358099,21.25488078,25.13736182,-0.017330866,78.43,0,0,1,0,52162.53733,1499.994516,1273.854387,0.849239363,0.17743197,6,0.5,0: Broadleaf,2,TRUE,1786465235,364.6642581,373.9790645,25.23924839,21.29475806,405.8932581,29.68976129,373.3445484,101.7155484,0.099966252,36.63809355,36.74341935,999.9,0,0,10010.48065,0,24.83777419,-9.314697419,374.1064516,382.1160323,3.944502258,373.9790645,21.29475806,2.567226129,2.16600871,21.45906452,18.71286129,1499.994516,0.692020323,0.307979677,0,2.693116129,0,20812.90968,13609.60968,49.375,50.98780645,50.272,49.08841935,49,1038.028065,461.9664516,0,1786465181,0,1786459371,09:42:50,1786208397,1786459371,1,-2.566,-0.971,-41.229,-4.451,412,17,0.91,0.28,-7.461823415,-42.47696258,5.362915498,0,2.665379412,0.160615747,0.216797118,1,3.913269756,0.699450732,0.115970971,0,1,3,1/3,2.95196,2.76438,0.0991426,0.0952254,0.133478,0.106933,27850.1,18574.9,31704.2,22373.8,37087.3,27131.4,45634.7,32699.8,1.62332,2.59098,0.136353,0,34.557,999.9,51.8,35.7,29.8997,62.1477,-47.0833,3,0.555516,0,20.3073,5.21639,12.0339,4.9597,3.301,7716.9,9999,9999,151.1,4.97297,1.87539,1.88157,1.88107,1.87875,1.8745,1.87454,1.87685,0,0,0,0,11111111,oooooooo,on,on,on,on,0,100,100,-41.229,-4.4505,-41.229,0,0,0,-4.450509524,0,0,0,-1,-1,-1,-1,4280.8,97.9,0.155029,4.99878,2.89795,2.89551,2.99805,2.32666,38.1106,15.0777,2,398.416,1336.76,35.3138,34.4029,29.9999,34.1631,34.0179,-1,40,10,-999.9,400,20,99.7623,85.9348
47,1786465363,5942.1,20260811 11:22:42,11:22:42,15,1786465355,0.002637555,2.637554681,2.651556113,367.4495161,288.0044344,29.32138881,37.40959806,0.071624889,2.958881526,0.070675444,0.044256408,266.1511067,37.56239997,36.81810645,6.24255152,42.06929108,2.608276035,6.199952431,3.634275485,-116.3161614,-19.97643765,-1.603831499,128.2546761,8.089662426,2.381406161,2.651556113,391.6533907,382.8988,0.620891855,66.74698267,2.637554681,21.59668115,25.68405818,0.005987152,78.43,0,0,1,0,52084.1682,1500.000968,1273.86141,0.849240392,0.177433957,6,0.5,0: Broadleaf,2,TRUE,1786465355,367.4495161,381.8817419,25.61935484,21.88376452,408.6785161,30.06986452,372.6954839,101.7087742,0.100036045,36.69287742,36.81810645,999.9,0,0,9997.337097,0,26.67312581,-14.43223645,377.111129,390.426129,3.735579355,381.8817419,21.88376452,2.605711613,2.225770968,21.70224516,19.14838065,1500.000968,0.691987742,0.308012355,0,2.686022581,0,20552.59355,13609.53871,49.5,51.167,50.421,49.284,49.129,1037.98129,462.02,0,1786465301,0,1786459371,09:42:50,1786208397,1786459371,1,-2.566,-0.971,-41.229,-4.451,412,17,0.91,0.28,-14.131662,1.378412533,4.371240488,0,2.676741176,0.908256682,0.217641042,1,3.663526,1.414515872,0.190823456,0,1,3,1/3,2.95184,2.76457,0.10034,0.0935371,0.135143,0.106611,27810,18608.2,31700.8,22372.2,37012,27139.5,45629.5,32697.8,1.62328,2.59392,0.132576,0,34.6895,999.9,52.2,35.7,30.1298,62.1477,-26.3061,3,0.558435,0,20.3076,5.21519,12.0339,4.95965,3.301,7716.9,9999,9999,151.1,4.97295,1.87542,1.88157,1.88109,1.87876,1.87452,1.87454,1.87683,0,0,0,0,11111111,oooooooo,on,on,on,on,0,100,100,-41.229,-4.4505,-41.229,0,0,0,-4.450509524,0,0,0,-1,-1,-1,-1,4282.8,99.9,0.155029,4.99878,2.89795,2.89673,2.99805,2.32544,38.1593,15.0602,2,398.34,1340.8,35.3655,34.401,30.0003,34.1538,34.0056,-1,40,10,-999.9,400,20,99.7512,85.9293
48,1786465483,6062.1,20260811 11:24:42,11:24:42,15,1786465475,0.002370577,2.370576616,3.383532306,357.1504839,251.9097088,25.64489019,36.3586024,0.063047822,2.960512599,0.062311293,0.039010015,266.1500626,37.68337605,36.87444839,6.261800064,41.11577282,2.556582304,6.218008634,3.70521776,-104.5424288,-20.49355873,-1.64531491,139.4687602,2.916871257,2.397027212,3.383532306,371.5203104,365.7716,0.025508144,66.74698267,2.370576616,21.59757132,25.18601455,0.016050502,78.43,0,0,1,0,52121.29734,1499.990645,1273.853052,0.849240664,0.177434482,6,0.5,0: Broadleaf,2,TRUE,1786465475,357.1504839,363.227129,25.11330323,21.34966774,398.3794839,29.56380968,372.5381935,101.7019677,0.099945003,36.74604839,36.87444839,999.9,0,0,10007.25742,0,27.91467097,-6.076703548,366.3506129,371.1515806,3.76363129,363.227129,21.34966774,2.554072258,2.171304194,21.37523548,18.75157419,1499.990645,0.691978419,0.308021581,0,2.703419355,0,20284.73226,13609.40323,49.625,51.25,50.5,49.375,49.25,1037.960323,462.0303226,0,1786465421,0,1786459371,09:42:50,1786208397,1786459371,1,-2.566,-0.971,-41.229,-4.451,412,17,0.91,0.28,-5.469139268,-17.11138181,2.452830505,0,2.718179412,0.180301002,0.253548839,1,3.801361951,-1.21441777,0.15223168,0,1,3,1/3,2.95083,2.7646,0.0972639,0.0922667,0.133654,0.107939,27902.1,18630.3,31697.6,22367.6,37072.6,27092.5,45625.6,32689.8,1.62073,2.5932,0.131201,0,34.7837,999.9,51.6,35.7,29.7862,61.9377,-1.44631,3,0.564451,0,20.3077,5.21579,12.0338,4.95975,3.301,7716.9,9999,9999,151.2,4.97296,1.87545,1.88157,1.88105,1.87873,1.87448,1.87453,1.87683,0,0,0,0,11111111,oooooooo,on,on,on,on,0,100,100,-41.229,-4.4505,-41.229,0,0,0,-4.450509524,0,0,0,-1,-1,-1,-1,4284.8,101.9,0.155029,4.99878,2.89795,2.89673,2.99805,2.27051,38.208,15.0339,2,397.097,1340.27,35.3883,34.4548,30.0005,34.1859,34.0329,-1,40,10,-999.9,400,20,99.742,85.9097
49,1786465603,6182.1,20260811 11:26:42,11:26:42,15,1786465595,0.002525517,2.525517238,1.65765012,386.3122581,324.5503028,33.03959661,39.32703516,0.066908675,2.959387466,0.066079507,0.041373333,266.1495754,37.84818431,37.10358387,6.340613382,41.6853834,2.621092472,6.287797445,3.71952091,-111.3753102,-24.45487534,-1.968217915,128.3511719,-2.712705092,2.463304049,1.65765012,384.4656177,390.0963758,-1.183170718,66.74698267,2.525517238,21.78026487,25.7463697,-0.000564657,78.43,0,0,1,0,52055.07452,1499.99871,1273.858906,0.849240001,0.177433203,6,0.5,0: Broadleaf,2,TRUE,1786465595,386.3122581,383.476871,25.74717742,21.88334839,427.5412581,30.19769032,372.6688065,101.7011935,0.09996429,36.95030645,37.10358387,999.9,0,0,10000.95129,0,26.35857742,2.835389484,396.5214839,392.0572258,3.863829355,383.476871,21.88334839,2.61852129,2.225565484,21.78254516,19.14740645,1499.99871,0.691999839,0.308000129,0,2.604825806,0,20065.1871,13609.55484,49.81606452,51.5,50.69512903,49.68903226,49.46748387,1037.999032,461.9996774,0,1786465541,0,1786459371,09:42:50,1786208397,1786459371,1,-2.566,-0.971,-41.229,-4.451,412,17,0.91,0.28,-2.674707951,104.3410373,11.23680267,0,2.600929412,-0.10672574,0.25323167,1,3.844414878,0.69673777,0.094248652,0,1,3,1/3,2.95099,2.76444,0.101463,0.0916846,0.135304,0.107989,27769.1,18638.7,31694.4,22363.7,36998.4,27086.5,45620.3,32684.5,1.62098,2.5809,0.134055,0,34.9598,999.9,52.2,35.8,30.3003,62.0277,29.8998,3,0.573201,0,20.3073,5.21519,12.0339,4.95975,3.301,7716.9,9999,9999,151.2,4.97295,1.87546,1.88156,1.88109,1.87874,1.87452,1.87454,1.87683,0,0,0,0,11111111,oooooooo,on,on,on,on,0,100,100,-41.229,-4.4505,-41.229,0,0,0,-4.450509524,0,0,0,-1,-1,-1,-1,4286.8,103.9,0.15625,4.99878,2.89795,2.89551,2.99805,2.2937,38.2812,15.0076,2,397.626,1323.68,35.5509,34.5543,30.0005,34.2603,34.1005,-1,40,10,-999.9,400,20,99.7311,85.8952
50,1786465723,6302.1,20260811 11:28:42,11:28:42,15,1786465715,0.002428876,2.428875806,3.177071365,354.7533226,253.4648736,25.80342617,36.11487083,0.062475083,2.959642556,0.061751581,0.038659044,266.1439464,37.99482098,37.22587097,6.383026544,40.35787256,2.55458846,6.329839256,3.828438084,-107.1134231,-24.48683648,-1.972951414,132.5707355,3.120609352,2.5178571,3.177071365,367.9930061,363.5216909,-0.106997322,66.74698267,2.428875806,21.26089843,25.07522061,-8.10801E-05,78.43,0,0,1,0,52041.82881,1499.967419,1273.832294,0.849239975,0.177433152,6,0.5,0: Broadleaf,2,TRUE,1786465715,354.7533226,361.2176452,25.09350645,21.14021935,395.9823226,29.54401613,372.5520323,101.7027742,0.099995581,37.07240645,37.22587097,999.9,0,0,10002.24258,0,27.2268,-6.464226452,363.8845484,369.0189677,3.953276129,361.2176452,21.14021935,2.552079032,2.150020645,21.36248387,18.59445161,1499.967419,0.692000806,0.307999194,0,2.670916129,0,19777.50323,13609.2871,50,51.69309677,50.917,49.937,49.659,1037.97871,461.9887097,0,1786465661,0,1786459371,09:42:50,1786208397,1786459371,1,-2.566,-0.971,-41.229,-4.451,412,17,0.91,0.28,-6.2631955,-1.777510694,0.910773235,0,2.686397059,-0.184817412,0.217073986,1,4.07957275,-2.142426979,0.213102074,0,1,3,1/3,2.95128,2.76433,0.0967972,0.0911306,0.133232,0.106914,27908.1,18651.8,31689.1,22366.1,37081.8,27121.6,45613.3,32687.8,1.6208,2.58675,0.131689,0,35.1114,999.9,50.9,35.8,29.5441,61.9977,58.117,3,0.58643,0,20.3073,5.21444,12.0339,4.9597,3.301,7716.9,9999,9999,151.2,4.97298,1.87545,1.88156,1.88106,1.87873,1.8745,1.87453,1.87683,0,0,0,0,11111111,oooooooo,on,on,on,on,0,100,100,-41.229,-4.4505,-41.229,0,0,0,-4.450509524,0,0,0,-1,-1,-1,-1,4288.8,105.9,0.15625,4.99878,2.89795,2.89673,2.99805,2.29492,38.4034,14.9901,2,398.145,1334.51,35.6816,34.696,30.0006,34.3775,34.2101,-1,40,10,-999.9,400,20,99.7151,85.9041
51,1786465843,6422.5,20260811 11:30:43,11:30:43,15,1786465835,0.002514889,2.514889367,2.542441243,370.6635161,285.3477398,29.04946585,37.73493057,0.063797645,2.959532956,0.063043359,0.039469126,266.1497102,38.13131313,37.38399032,6.438232451,40.04115845,2.556543682,6.384789504,3.881688769,-110.9066211,-24.42004919,-1.970657981,128.8523819,0.167080987,2.563034407,2.542441243,373.6591243,376.6047531,-1.009858873,66.74698267,2.514889367,20.97617185,25.02531166,-0.012461357,78.43,0,0,1,0,52012.15466,1499.997097,1273.857755,0.849240147,0.177433484,6,0.5,0: Broadleaf,2,TRUE,1786465835,370.6635161,372.4612258,25.11247419,21.09146774,411.8925161,29.5629871,372.8425161,101.7037419,0.099993613,37.23093871,37.38399032,999.9,0,0,10001.52581,0,27.10618387,-1.79778629,380.2115161,380.4868387,4.020994839,372.4612258,21.09146774,2.554031613,2.145080968,21.37494839,18.55758387,1499.997097,0.691996,0.308004,0,2.713996774,0,19574.32581,13609.53226,50.19512903,51.937,51.11280645,50.187,49.86280645,1037.990645,462.0064516,0,1786465781,0,1786459371,09:42:50,1786208397,1786459371,1,-2.566,-0.971,-41.229,-4.451,412,17,0.91,0.28,-9.493403049,120.7120267,12.67994615,0,2.723617647,0.429368994,0.229484429,1,3.819741951,2.8172767,0.323599608,0,1,3,1/3,2.9508,2.76462,0.0990612,0.0906843,0.133007,0.104818,27833.4,18665.9,31684.3,22372.5,37086.4,27193.2,45606.4,32697.6,1.61917,2.58435,0.131726,0,35.2612,999.9,49.9,35.8,28.9652,61.9577,86.7508,3,0.596692,0,20.3075,5.2125,12.0339,4.9597,3.301,7716.9,9999,9999,151.3,4.97302,1.87545,1.88156,1.88108,1.87878,1.87451,1.87454,1.87684,0,0,0,0,11111111,oooooooo,on,on,on,on,0,100,100,-41.229,-4.4505,-41.229,0,0,0,-4.450509524,0,0,0,-1,-1,-1,-1,4290.8,107.9,0.15625,4.99878,2.89795,2.89429,2.99805,2.32056,38.4769,14.9726,2,397.846,1333.12,35.8401,34.8262,30.0003,34.4922,34.3144,-1,40,10,-999.9,400,20,99.7001,85.9293
52,1786465963,6542.5,20260811 11:32:43,11:32:43,15,1786465955,0.002271178,2.271178039,2.833989687,352.1710323,252.1730219,25.67178812,35.85181339,0.056839814,2.95920655,0.056240184,0.035203462,266.1491791,38.21676504,37.43125484,6.454814667,39.49743832,2.524995994,6.392809513,3.929818673,-100.1589515,-28.28226219,-2.283359839,135.4246056,4.505148341,2.193638185,2.833989687,368.5247735,362.7338242,0.158716238,66.74698267,2.271178039,21.42418943,24.87786303,0.01410297,78.43,0,0,1,0,51999.02931,1500.000323,1273.859923,0.849239766,0.177432748,6,0.5,0: Broadleaf,2,TRUE,1786465955,352.1710323,360.6804516,24.80294194,21.35377742,393.4000323,29.25345806,372.1300323,101.7022581,0.100020094,37.25397742,37.43125484,999.9,0,0,9999.820645,0,22.00993548,-8.509301935,361.1282258,368.5504839,3.449165161,360.6804516,21.35377742,2.522516452,2.171728065,21.1725,18.75505806,1500.000323,0.692008,0.307992,0,2.474467742,0,19102.17742,13609.60645,49.776,51.40703226,50.55216129,49.663,49.42512903,1038.011935,461.9883871,0,1786465901,0,1786459371,09:42:50,1786208397,1786459371,1,-2.566,-0.971,-41.229,-4.451,412,17,0.91,0.28,-8.142770976,-3.258985923,1.029344564,0,2.488052941,0.232342247,0.236684509,1,3.530766585,-1.541429895,0.172162469,0,1,3,1/3,2.95053,2.76452,0.096605,0.0908205,0.132561,0.106987,27906.2,18656.9,31681.2,22365.4,37102,27117.6,45601.7,32686,1.61815,2.58168,0.131354,0,35.322,999.9,50.3,35.9,29.359,62.0477,96.9231,3,0.60452,0,20.3068,5.2131,12.0339,4.95965,3.301,7716.9,9999,9999,151.3,4.97296,1.87543,1.88156,1.88107,1.87877,1.87446,1.87453,1.87684,0,0,0,0,11111111,oooooooo,on,on,on,on,0,100,100,-41.229,-4.4506,-41.229,0,0,0,-4.450509524,0,0,0,-1,-1,-1,-1,4292.8,109.9,0.155029,4.99878,2.89795,2.89673,2.99805,2.32788,38.5259,14.9551,2,397.746,1330.98,35.896,34.9145,30.0005,34.5817,34.4,-1,40,10,-999.9,400,20,99.69,85.9002
53,1786466083,6662.5,20260811 11:34:43,11:34:43,15,1786466075,0.002095562,2.09556175,3.023210349,355.8877742,245.9509992,25.03697025,36.22815782,0.05363499,2.959244797,0.053100735,0.033235517,266.1520835,38.26919847,37.48143548,6.472460533,41.19938852,2.634876702,6.395426721,3.837583831,-92.41427317,-35.08978831,-2.833716947,135.8143051,3.654992225,1.998874486,3.023210349,372.596683,365.6854364,0.270195825,66.74698267,2.09556175,22.86637471,26.02267636,0.016949255,78.43,0,0,1,0,51998.7332,1500.012903,1273.870955,0.849239998,0.177433196,6,0.5,0: Broadleaf,2,TRUE,1786466075,355.8877742,362.9417742,25.88374516,22.7380871,397.1167742,30.33426129,371.395,101.6965806,0.099998084,37.26149032,37.48143548,999.9,0,0,10000.59581,0,21.45727742,-7.053894258,365.3442258,371.3870968,3.145654516,362.9417742,22.7380871,2.632286129,2.312384194,21.86833548,19.76275161,1500.012903,0.691999516,0.308000484,0,2.527690323,0,18846.13226,13609.69032,49.11480645,50.756,49.85467742,49.08435484,48.83841935,1038.009032,462.003871,0,1786466021,0,1786459371,09:42:50,1786208397,1786459371,1,-2.566,-0.971,-41.229,-4.451,412,17,0.91,0.28,-4.549093122,-40.84134916,5.697720641,0,2.564514706,0.065453016,0.255329093,1,3.211962927,-0.895763206,0.102088062,0,1,3,1/3,2.94978,2.76452,0.0971539,0.0948439,0.136068,0.112225,27885.5,18556.2,31677.1,22343.7,36947.6,26931.6,45595.4,32653.2,1.61563,2.5809,0.130557,0,35.3659,999.9,53.2,35.9,31.0551,61.8677,96.9231,3,0.610671,0,20.3068,5.2131,12.0339,4.95975,3.301,7716.9,9999,9999,151.3,4.973,1.87542,1.88156,1.88108,1.87877,1.87447,1.87452,1.87683,0,0,0,0,11111111,oooooooo,on,on,on,on,0,100,100,-41.229,-4.4505,-41.229,0,0,0,-4.450509524,0,0,0,-1,-1,-1,-1,4294.8,111.9,0.155029,4.99878,2.89795,2.89551,2.99805,2.33398,38.5504,14.9376,2,396.757,1331.49,35.9393,34.9871,30.0003,34.6605,34.4781,-1,40,10,-999.9,400,20,99.6767,85.8153
54,1786466203,6782.5,20260811 11:36:43,11:36:43,15,1786466195,0.002335218,2.335218375,2.823081285,355.046129,257.1213788,26.17228797,36.14001128,0.058346968,2.959559512,0.057715381,0.036128289,266.151009,38.17060405,37.45547742,6.463327241,39.58806224,2.526696206,6.382470025,3.936631035,-102.9831304,-36.89032397,-2.977895128,123.2996595,1.487991829,2.370213624,2.823081285,366.282358,362.6092182,-0.138290272,66.74698267,2.335218375,20.90475021,24.70873818,-0.015779801,78.43,0,0,1,0,52013.72868,1499.999032,1273.859894,0.849240477,0.17743412,6,0.5,0: Broadleaf,2,TRUE,1786466195,355.046129,358.8029032,24.82272903,21.09522258,396.275129,29.27323226,372.0522258,101.6896452,0.099976887,37.22427097,37.45547742,999.9,0,0,10003.0629,0,19.85739677,-3.756706129,364.0837097,366.535129,3.727502903,358.8029032,21.09522258,2.524215161,2.145166452,21.18342903,18.5583129,1499.999032,0.691983677,0.308016323,0,2.441993548,0,18568.88387,13609.47742,48.51,50.18306452,49.256,48.554,48.304,1037.975484,462.0235484,0,1786466141,0,1786459371,09:42:50,1786208397,1786459371,1,-2.566,-0.971,-41.229,-4.451,412,17,0.91,0.28,-3.436034878,-4.942984808,0.906954612,0,2.432635294,-0.497051184,0.220064525,1,3.67559878,1.055742648,0.121348155,0,1,3,1/3,2.9506,2.76451,0.0965296,0.0896198,0.13194,0.104879,27906.2,18686.6,31679,22371.8,37126.5,27189.6,45598.8,32695.8,1.61817,2.58195,0.130571,0,35.348,999.9,49.5,36,29.0553,62.1078,96.9231,3,0.611278,0,20.3068,5.2122,12.0339,4.9596,3.301,7716.9,9999,9999,151.4,4.97295,1.87538,1.88156,1.88107,1.87867,1.87444,1.87449,1.87683,0,0,0,0,11111111,oooooooo,on,on,on,on,0,100,100,-41.229,-4.4505,-41.229,0,0,0,-4.450509524,0,0,0,-1,-1,-1,-1,4296.8,113.9,0.155029,4.99878,2.89795,2.89429,2.99805,2.30835,38.575,14.9026,2,398.312,1333.61,35.9453,35.0093,30,34.6872,34.5078,-1,40,10,-999.9,400,20,99.6835,85.9255
55,1786466323,6902.5,20260811 11:38:43,11:38:43,15,1786466315,0.002163856,2.163855725,2.815681844,368.3693226,262.6971271,26.73907837,37.49510431,0.053425438,2.957770302,0.052895066,0.033106629,266.1528665,38.2185732,37.48087419,6.472262926,39.03175062,2.491675483,6.383714396,3.980587443,-95.42603746,-40.34732115,-3.259380773,127.1201271,5.483500834,2.065923844,2.815681844,383.1833917,379.6549273,-0.157831193,66.74698267,2.163855725,20.98073544,24.50510545,-0.01387774,78.43,0,0,1,0,51962.4679,1500.009032,1273.868429,0.849240506,0.177434176,6,0.5,0: Broadleaf,2,TRUE,1786466315,368.3693226,378.4540323,24.47937742,21.22464839,409.5983226,28.92989032,371.5242581,101.6867097,0.100008206,37.22784839,37.48087419,999.9,0,0,9993.206129,0,19.04253548,-10.08477006,377.6133226,386.662129,3.25473,378.4540323,21.22464839,2.489226452,2.158263548,20.95618065,18.655,1500.009032,0.691983742,0.308016258,0,2.481712903,0,18376.56452,13609.5871,48,49.679,48.72967742,48.11687097,47.83435484,1037.980968,462.0280645,0,1786466261,0,1786459371,09:42:50,1786208397,1786459371,1,-2.566,-0.971,-41.229,-4.451,412,17,0.91,0.28,-9.876972244,48.52685785,8.725286182,0,2.573305882,-0.610973259,0.270638886,1,3.273351707,1.036448571,0.252909996,0,1,3,1/3,2.94985,2.76445,0.0996263,0.0908746,0.13132,0.1055,27812.3,18660.5,31680.9,22371.3,37155.6,27169.8,45602,32694.6,1.61668,2.5802,0.132494,0,35.3585,999.9,49.2,36,28.8779,62.1678,96.9231,3,0.610572,0,20.3069,5.2113,12.0339,4.95975,3.301,7716.9,9999,9999,151.4,4.97295,1.87539,1.88156,1.88107,1.87873,1.87444,1.87454,1.87683,0,0,0,0,11111111,oooooooo,on,on,on,on,0,100,100,-41.229,-4.4505,-41.229,0,0,0,-4.450509524,0,0,0,-1,-1,-1,-1,4298.8,115.9,0.155029,4.99878,2.89795,2.89551,2.99805,2.31323,38.5995,14.885,2,397.545,1331.43,35.9603,35.0093,30.0001,34.6998,34.5266,-1,40,10,-999.9,400,20,99.69,85.9228
56,1786466443,7022.5,20260811 11:40:43,11:40:43,15,1786466435,0.002129807,2.129807034,0.572721172,453.4617742,409.1593374,41.64692402,46.15631694,0.054330029,2.9591219,0.053781892,0.033662469,266.1511941,38.27606739,37.54590968,6.495194127,41.32798548,2.64534913,6.400866385,3.849844997,-93.92449018,-42.88430842,-3.46465715,125.8777384,0.277159197,2.129245134,0.572721172,467.0589452,466.0742909,0.00513774,66.74698267,2.129807034,22.6894036,25.97761576,0.008234623,78.43,0,0,1,0,51992.43318,1500.007097,1273.866097,0.849240047,0.17743329,6,0.5,0: Broadleaf,2,TRUE,1786466435,453.4617742,455.4726452,25.98917742,22.63326452,494.6907742,30.43969355,370.7917097,101.6865806,0.099985652,37.27709677,37.54590968,999.9,0,0,10000.88226,0,22.90233226,-2.010800323,465.5613871,466.0206129,3.355916452,455.4726452,22.63326452,2.642748387,2.301497097,21.9333871,19.68663871,1500.007097,0.691998097,0.308001903,0,2.485716129,0,18283.46129,13609.63871,47.687,49.379,48.37093548,47.937,47.58435484,1038.002581,462.0045161,0,1786466381,0,1786459371,09:42:50,1786208397,1786459371,1,-2.566,-0.971,-41.229,-4.451,412,17,0.91,0.28,-10.62193683,161.721493,18.55973501,0,2.465317647,0.365882348,0.183627748,1,3.27759122,0.818583763,0.195006233,0,1,3,1/3,2.94914,2.76451,0.114405,0.103882,0.135867,0.110036,27355.3,18380,31680.7,22355,36961.3,27012.4,45601.1,32670.5,1.61465,2.57912,0.133179,0,35.4025,999.9,52.3,36,30.6968,62.2878,96.9231,3,0.609982,0,20.307,5.2122,12.0339,4.95975,3.301,7716.9,9999,9999,151.4,4.97297,1.87542,1.88156,1.88106,1.87872,1.87442,1.87451,1.87683,0,0,0,0,11111111,oooooooo,on,on,on,on,0,100,100,-41.229,-4.4505,-41.229,0,0,0,-4.450509524,0,0,0,-1,-1,-1,-1,4300.8,117.9,0.155029,4.99878,2.89795,2.89551,2.99805,2.32178,38.6241,14.8675,2,396.483,1330,36.032,35.0158,29.9998,34.7115,34.5368,-1,40,10,-999.9,400,20,99.6885,85.8599
57,1786466563,7142.5,20260811 11:42:43,11:42:43,15,1786466555,0.002019992,2.019991928,1.844678316,375.9103548,294.8551797,30.01137339,38.26144764,0.050187822,2.958413357,0.049719581,0.031116444,266.1510701,38.35865053,37.62968065,6.524835259,40.10155953,2.57445048,6.419826337,3.950384779,-89.08164401,-47.57345302,-3.846983218,125.6489898,16.66894975,1.790615315,1.844678316,428.1222835,404.8249273,2.859199984,66.74698267,2.019991928,22.713576,25.55861879,0.040364736,78.43,0,0,1,0,51963.23721,1500,1273.860658,0.849240439,0.177434047,6,0.5,0: Broadleaf,2,TRUE,1786466555,375.9103548,403.9355484,25.2934129,22.47292581,417.1393548,29.74391935,371.2815161,101.6834194,0.100016906,37.33140323,37.62968065,999.9,0,0,9997.175161,0,26.11439032,-28.02528516,385.6667097,413.2243871,2.820473871,403.9355484,22.47292581,2.571921935,2.285125806,21.48869677,19.57134839,1500,0.691985839,0.308014161,0,2.596848387,0,18144.6,13609.50645,47.437,49.131,48.07216129,47.82419355,47.375,1037.978065,462.0219355,0,1786466501,0,1786459371,09:42:50,1786208397,1786459371,1,-2.566,-0.971,-41.229,-4.451,412,17,0.91,0.28,-23.69472122,-45.92987749,15.36865087,0,2.591970588,0.530517949,0.222132657,1,2.912531951,-1.530343066,0.190970202,0,1,3,1/3,2.94989,2.76445,0.104129,0.0967768,0.134642,0.110343,27677.8,18527,31686.1,22356.4,37019.6,27004.5,45609.1,32672.4,1.61648,2.57833,0.134267,0,35.4915,999.9,51.8,36.1,30.5756,61.9878,96.9231,3,0.604738,0,20.3068,5.2131,12.0339,4.95975,3.301,7716.9,9999,9999,151.5,4.97294,1.87545,1.88156,1.88109,1.87875,1.8745,1.87452,1.87684,0,0,0,0,11111111,oooooooo,on,on,on,on,0,100,100,-41.229,-4.4505,-41.229,0,0,0,-4.450509524,0,0,0,-1,-1,-1,-1,4302.8,119.9,0.155029,4.99878,2.89795,2.89673,2.99805,2.27905,38.6733,14.8413,2,397.356,1328.57,36.1143,34.9774,30.0003,34.685,34.5203,-1,40,10,-999.9,400,20,99.7058,85.8649
58,1786466683,7262.5,20260811 11:44:43,11:44:43,15,1786466675,0.002124494,2.124493634,2.440992936,358.5537419,264.2689177,26.89713752,36.49339238,0.053099582,2.958805175,0.052575807,0.032906508,266.1506561,38.4168669,37.72040968,6.557070762,40.77684797,2.629963504,6.449648844,3.927107259,-93.69016924,-48.47149464,-3.922414319,120.0665779,-2.278248086,2.091768849,2.440992936,363.3568206,362.9880848,-0.51799838,66.74698267,2.124493634,22.68985784,25.92224667,0.013619619,78.43,0,0,1,0,51959.97539,1500.004194,1273.863619,0.849240039,0.177433275,6,0.5,0: Broadleaf,2,TRUE,1786466675,358.5537419,356.0829677,25.83983548,22.54535806,399.7827419,30.29035484,371.1152258,101.6794194,0.100002003,37.41654194,37.72040968,999.9,0,0,9999.790323,0,25.41739677,2.470668839,368.0642581,364.2961935,3.294487419,356.0829677,22.54535806,2.627380323,2.292399032,21.83784194,19.6229,1500.004194,0.691998,0.308002,0,2.785454839,0,17921.92903,13609.60323,47.375,49.062,48,47.85874194,47.312,1038.000968,462.0032258,0,1786466621,0,1786459371,09:42:50,1786208397,1786459371,1,-2.566,-0.971,-41.229,-4.451,412,17,0.91,0.28,4.926295951,-40.1237422,4.059899257,0,2.777064706,-0.429619546,0.286057327,1,3.382273171,-1.475938118,0.148729167,0,1,3,1/3,2.94974,2.76423,0.0965057,0.089757,0.135709,0.111193,27909.1,18665.7,31681.3,22350.1,36968.2,26970.7,45601.7,32662.9,1.6159,2.5819,0.13043,0,35.6276,999.9,52.1,36.1,30.7505,62.1678,96.9231,3,0.612015,0,20.3067,5.2113,12.0339,4.9597,3.301,7716.9,9999,9999,151.5,4.97295,1.87542,1.88156,1.88107,1.87869,1.87452,1.87454,1.87684,0,0,0,0,11111111,oooooooo,on,on,on,on,0,100,100,-41.229,-4.4505,-41.229,0,0,0,-4.450509524,0,0,0,-1,-1,-1,-1,4304.8,121.9,0.155029,4.99878,2.89795,2.89673,2.99805,2.33276,38.7471,14.8325,2,397.263,1334.74,36.205,35.0279,30.0005,34.7284,34.5666,-1,40,10,-999.9,400,20,99.6902,85.8404
59,1786466803,7382.5,20260811 11:46:43,11:46:43,15,1786466795,0.00208819,2.088190274,3.73590255,359.6803226,226.0973205,23.01280182,36.60924403,0.052511877,2.959236991,0.051999646,0.032545384,266.148909,38.44737814,37.75270645,6.568578928,41.29747553,2.666643747,6.457159216,3.901935181,-92.08919108,-50.219081,-4.064293348,119.7763436,5.154983573,2.274684588,3.73590255,385.8994175,373.0765333,0.934831862,66.74698267,2.088190274,22.70600775,26.10960303,-0.013185697,78.43,0,0,1,0,51968.66957,1500.002258,1273.861248,0.849239554,0.177432339,6,0.5,0: Broadleaf,2,TRUE,1786466795,359.6803226,369.3542581,26.19937419,22.61187742,400.9093226,30.64988387,370.4682258,101.6827419,0.099984923,37.43792903,37.75270645,999.9,0,0,10001.91258,0,26.32573871,-9.674012903,369.3571935,377.8993226,3.587505161,369.3542581,22.61187742,2.664021613,2.299235806,22.06483548,19.67079032,1500.002258,0.69201529,0.30798471,0,2.682151613,0,17726.71613,13609.67097,47.375,49.062,47.96545161,47.79,47.312,1038.023871,461.9783871,0,1786466741,0,1786459371,09:42:50,1786208397,1786459371,1,-2.566,-0.971,-41.229,-4.451,412,17,0.91,0.28,-5.612449195,-78.59380863,8.009657665,0,2.691373529,0.03565317,0.184162723,1,3.489220732,1.369493728,0.211666567,0,1,3,1/3,2.94871,2.76435,0.0984319,0.0923961,0.136234,0.110811,27842.2,18609.5,31673.5,22348,36937.2,26979.5,45590.3,32659.7,1.61295,2.57945,0.126235,0,35.7182,999.9,52,36.2,30.8626,62.1078,96.9231,3,0.624202,0,20.3067,5.2131,12.0339,4.9595,3.301,7716.9,9999,9999,151.5,4.97297,1.87546,1.88156,1.8811,1.87877,1.87453,1.87454,1.87685,0,0,0,0,11111111,oooooooo,on,on,on,on,0,100,100,-41.229,-4.4505,-41.229,0,0,0,-4.450509524,0,0,0,-1,-1,-1,-1,4306.8,123.9,0.155029,4.99878,2.89795,2.89551,2.99805,2.31567,38.8211,14.7975,2,396.126,1332.89,36.2512,35.1436,30.0006,34.8244,34.6523,-1,40,10,-999.9,400,20,99.6654,85.832
60,1786466923,7502.5,20260811 11:48:43,11:48:43,15,1786466915,0.002119568,2.119567686,1.797866275,393.3392258,314.6985956,32.03168157,40.03613936,0.052281158,2.958574543,0.051773283,0.032403521,266.1514762,38.39972699,37.72079677,6.557208591,39.99833421,2.577157401,6.443161826,3.98005119,-93.47293493,-51.4787152,-4.165725481,117.0341006,3.654539894,2.072276174,1.797866275,405.0265112,404.4260303,-0.334854601,66.74698267,2.119567686,21.996151,25.33678242,2.03829E-05,78.43,0,0,1,0,51956.67444,1500.012258,1273.870152,0.849239828,0.177432867,6,0.5,0: Broadleaf,2,TRUE,1786466915,393.3392258,400.5672903,25.31955161,22.05323226,434.5682258,29.77005806,371.0244194,101.6852903,0.099979819,37.39805161,37.72079677,999.9,0,0,9997.905161,0,25.2717129,-7.228150065,403.5571613,409.6005484,3.266319355,400.5672903,22.05323226,2.574623548,2.242487097,21.50609032,19.26909032,1500.012258,0.692005226,0.307994774,0,2.707683871,0,17530.49032,13609.70323,47.25,48.937,47.875,47.562,47.187,1038.017097,461.9951613,0,1786466861,0,1786459371,09:42:50,1786208397,1786459371,1,-2.566,-0.971,-41.229,-4.451,412,17,0.91,0.28,-9.741855659,52.41137659,5.783701062,0,2.72,0.155468293,0.218885884,1,3.273609268,0.058039652,0.056808008,1,2,3,2/3,2.94911,2.76425,0.103986,0.0971293,0.133854,0.10881,27669.4,18519.1,31672.4,22356.3,37038.5,27050.3,45589.6,32671.8,1.6135,2.57708,0.128552,0,35.6539,999.9,50.4,36.2,29.9115,62.2578,96.9231,3,0.628831,0,20.307,5.2131,12.0339,4.9594,3.301,7716.9,9999,9999,151.6,4.97297,1.87546,1.88157,1.8811,1.87877,1.87451,1.87453,1.87685,0,0,0,0,11111111,oooooooo,on,on,on,on,0,100,100,-41.229,-4.4505,-41.229,0,0,0,-4.450509524,0,0,0,-1,-1,-1,-1,4308.8,125.9,0.155029,4.99878,2.89795,2.89795,2.99805,2.28394,38.8457,14.7887,2,396.74,1330.39,36.2119,35.215,30.0001,34.8839,34.7012,-1,40,10,-999.9,400,20,99.6631,85.8639
61,1786467043,7622.5,20260811 11:50:43,11:50:43,15,1786467035,0.002024478,2.02447837,2.292485962,372.7184839,275.6175596,28.05370685,37.93711511,0.048971018,2.959029334,0.04852519,0.030367961,266.1494149,38.54430192,37.86049677,6.607114344,39.34424224,2.551685816,6.485538089,4.055428528,-89.27949614,-54.55006514,-4.419133947,117.9007197,2.605913281,2.074963504,2.292485962,386.5860028,382.5159273,0.038951947,66.74698267,2.02447837,21.83428354,25.03614788,-0.000787538,78.43,0,0,1,0,51949.35453,1499.994194,1273.855403,0.849240223,0.17743363,6,0.5,0: Broadleaf,2,TRUE,1786467035,372.7184839,378.1890968,25.06939355,21.79451935,413.9474839,29.5199129,370.6301935,101.6849032,0.100000806,37.51854839,37.86049677,999.9,0,0,10000.52226,0,26.37203226,-5.470567158,382.3025806,386.6154516,3.274881935,378.1890968,21.79451935,2.549178065,2.216173226,21.34392258,19.07964516,1499.994194,0.691993323,0.308006677,0,2.673119355,0,17338.99677,13609.4871,47.187,48.875,47.812,47.56606452,47.133,1037.984839,462.0093548,0,1786466981,0,1786459371,09:42:50,1786208397,1786459371,1,-2.566,-0.971,-41.229,-4.451,412,17,0.91,0.28,-3.802328046,-43.30365802,4.555141426,0,2.728252941,-0.542490453,0.204982044,1,3.307763171,-0.946278188,0.100154528,0,1,3,1/3,2.94915,2.76453,0.100164,0.0947009,0.13292,0.108657,27788.4,18570.2,31673.7,22358,37079.6,27056.5,45591.2,32673.8,1.61378,2.5749,0.130549,0,35.7645,999.9,49.8,36.3,29.7176,61.9278,96.9231,3,0.629268,0,20.3068,5.21145,12.0339,4.95945,3.301,7716.9,9999,9999,151.6,4.97299,1.87545,1.88156,1.88109,1.87876,1.87454,1.87453,1.87683,0,0,0,0,11111111,oooooooo,on,on,on,on,0,100,100,-41.229,-4.4505,-41.229,0,0,0,-4.450509524,0,0,0,-1,-1,-1,-1,4310.8,127.9,0.155029,4.99878,2.89795,2.89551,2.99805,2.31567,38.9198,14.7625,2,397.021,1327.82,36.2963,35.2345,30.0001,34.9088,34.7313,-1,40,10,-999.9,400,20,99.6668,85.8696
62,1786467163,7742.5,20260811 11:52:43,11:52:43,15,1786467155,0.002069568,2.069567629,2.316322178,370.6792258,276.8966693,28.18451798,37.7303755,0.051371122,2.958822428,0.050880724,0.031844123,266.1490723,38.58202658,37.92743226,6.63114262,41.21739348,2.680334294,6.502920414,3.950808326,-91.26793244,-57.37071375,-4.650568802,112.8598573,2.656294784,2.130252172,2.316322178,386.1172815,381.3974545,0.123011628,66.74698267,2.069567629,22.5117179,26.15681818,-0.044993325,78.43,0,0,1,0,51935.32102,1499.989355,1273.851561,0.849240401,0.177433974,6,0.5,0: Broadleaf,2,TRUE,1786467155,370.6792258,376.2693871,26.33274194,22.96794516,411.9082258,30.78324839,369.857129,101.687129,0.100003535,37.56777742,37.92743226,999.9,0,0,9999.13,0,25.57922581,-5.590186806,380.7042258,385.1165806,3.364793548,376.2693871,22.96794516,2.677702258,2.335546774,22.14885484,19.92047097,1499.989355,0.691986323,0.308013677,0,2.669335484,0,17091.67742,13609.42258,47.187,48.81606452,47.812,47.625,47.125,1037.972581,462.0167742,0,1786467101,0,1786459371,09:42:50,1786208397,1786459371,1,-2.566,-0.971,-41.229,-4.451,412,17,0.91,0.28,-7.222199537,31.39093127,4.535604859,0,2.685129412,0.124372806,0.250276635,1,3.035331463,5.93294007,0.602638438,0,1,3,1/3,2.94888,2.76442,0.0997684,0.0914374,0.136272,0.109188,27797.8,18633,31670.6,22353.1,36933,27035.2,45586.2,32667.6,1.6127,2.57167,0.128221,0,35.8698,999.9,51.1,36.3,30.4911,62.4078,96.9231,3,0.635254,0,20.3066,5.2113,12.0339,4.95965,3.301,7716.9,9999,9999,151.6,4.97299,1.87544,1.88157,1.8811,1.87879,1.87452,1.87454,1.87685,0,0,0,0,11111111,oooooooo,on,on,on,on,0,100,100,-41.229,-4.4505,-41.229,0,0,0,-4.450509524,0,0,0,-1,-1,-1,-1,4312.8,129.9,0.155029,4.99878,2.89795,2.89551,2.99805,2.30591,38.994,14.7449,2,396.763,1324.56,36.3888,35.2935,30.0006,34.9741,34.8009,-1,40,10,-999.9,400,20,99.6563,85.8523
63,1786467283,7862.5,20260811 11:54:43,11:54:43,15,1786467275,0.002110399,2.110398877,2.395355012,354.7075161,260.5607527,26.52146661,36.10429985,0.052175741,2.958492324,0.051669886,0.032338719,266.1477874,38.46614976,37.82823226,6.595559149,40.62297775,2.626552268,6.465681281,3.96900688,-93.06859049,-58.38613087,-4.728730432,109.9643356,2.943105085,1.781368503,2.395355012,370.6973304,365.1067273,0.227687819,66.74698267,2.110398877,22.61144873,25.91944364,0.002885472,78.43,0,0,1,0,51943.63736,1499.999677,1273.858713,0.849239325,0.177431896,6,0.5,0: Broadleaf,2,TRUE,1786467275,354.7075161,360.5021613,25.80462258,22.99172258,395.9365161,30.25513548,370.1662258,101.6860968,0.100017716,37.46217097,37.82823226,999.9,0,0,9997.359677,0,26.05766129,-5.794676452,364.1030323,368.9852903,2.812903871,360.5021613,22.99172258,2.623970323,2.337937419,21.81641935,19.93914194,1499.999677,0.692022903,0.307977097,0,2.691154839,0,16870.4,13609.67419,47.062,48.70325806,47.70529032,47.409,47.05,1038.033548,461.966129,0,1786467221,0,1786459371,09:42:50,1786208397,1786459371,1,-2.566,-0.971,-41.229,-4.451,412,17,0.91,0.28,-4.205746374,-27.96215945,2.792847808,0,2.680814706,-0.758944238,0.263115371,1,2.70695439,2.26879338,0.30420245,0,1,3,1/3,2.94893,2.76427,0.096873,0.0906224,0.135569,0.109728,27884.1,18647.7,31667.3,22350.9,36959.7,27015.5,45581.8,32663.8,1.61197,2.5773,0.12384,0,35.8175,999.9,50.9,36.4,30.5425,61.9578,96.9231,3,0.640084,0,20.3065,5.2113,12.0339,4.9592,3.301,7716.9,9999,9999,151.7,4.97298,1.87545,1.88156,1.88109,1.87877,1.87452,1.87453,1.87683,0,0,0,0,11111111,oooooooo,on,on,on,on,0,100,100,-41.229,-4.4505,-41.229,0,0,0,-4.450509524,0,0,0,-1,-1,-1,-1,4314.8,131.9,0.155029,4.99878,2.89795,2.89673,2.99805,2.30103,39.0188,14.7099,2,396.671,1333.71,36.3094,35.3542,30.0003,35.0341,34.8493,-1,40,10,-999.9,400,20,99.6465,85.8429
64,1786467403,7982.5,20260811 11:56:43,11:56:43,15,1786467395,0.00189702,1.897020031,2.314258553,356.0442903,254.8601895,25.94064074,36.2395439,0.046096457,2.958452886,0.045701128,0.028598441,266.1515732,38.43197278,37.72795484,6.559757728,39.2152756,2.523302699,6.434489265,4.036455029,-83.65858335,-56.56503886,-4.577117152,121.3508338,2.304551041,2.09913353,2.314258553,368.16236,364.8892121,-0.078124884,66.74698267,1.897020031,21.55277835,24.65228182,-0.012660866,78.43,0,0,1,0,51957.34775,1500.009355,1273.868003,0.849240039,0.177433276,6,0.5,0: Broadleaf,2,TRUE,1786467395,356.0442903,360.9828387,24.79080645,21.47826129,397.2733226,29.24131613,370.7893871,101.6838387,0.09996989,37.37330645,37.72795484,999.9,0,0,9997.358065,0,26.04307097,-4.938563226,365.0952258,368.9062258,3.31255129,360.9828387,21.47826129,2.520824194,2.183990968,21.16144839,18.84526774,1500.009355,0.691999774,0.308000129,0,2.737274194,0,16729.02581,13609.65484,46.933,48.508,47.562,47.183,46.875,1038.004516,462.0048387,0,1786467341,0,1786459371,09:42:50,1786208397,1786459371,1,-2.566,-0.971,-41.229,-4.451,412,17,0.91,0.28,-4.50027878,-7.441980627,1.027282264,0,2.736402941,-0.263378156,0.285714106,1,3.286953171,-0.574562927,0.16246309,0,1,3,1/3,2.94834,2.76437,0.0968772,0.0903819,0.131678,0.107518,27884.2,18660.5,31667.8,22360.5,37126.5,27094,45583.1,32677.6,1.6114,2.5715,0.124529,0,35.7084,999.9,48.6,36.4,29.1604,62.1978,96.9231,3,0.641613,0,20.3069,5.21265,12.0339,4.9594,3.301,7716.9,9999,9999,151.7,4.97296,1.87543,1.88157,1.88109,1.87877,1.87453,1.87454,1.87685,0,0,0,0,11111111,oooooooo,on,on,on,on,0,100,100,-41.229,-4.4505,-41.229,0,0,0,-4.450509524,0,0,0,-1,-1,-1,-1,4316.8,133.9,0.155029,4.99878,2.89795,2.89551,2.99805,2.35474,39.0436,14.7012,2,396.452,1325.76,36.2283,35.3737,30.0001,35.0533,34.874,-1,40,10,-999.9,400,20,99.6487,85.8794
65,1786467523,8102.6,20260811 11:58:43,11:58:43,15,1786467515,0.001843985,1.843985416,2.207777019,359.1297097,261.2912259,26.5943477,36.55239604,0.045793895,2.958996265,0.045403786,0.028412139,266.1537053,38.31500084,37.6115,6.518392349,40.21515465,2.569318,6.388929801,3.949074349,-81.31975684,-58.81135684,-4.752337884,121.2702538,4.267427526,1.630993292,2.207777019,375.1854347,370.5904909,0.130235418,66.74698267,1.843985416,22.55654363,25.38199091,0.01108871,78.43,0,0,1,0,51994.49429,1500.017097,1273.874971,0.849240301,0.177433781,6,0.5,0: Broadleaf,2,TRUE,1786467515,359.1297097,367.0100645,25.24371935,22.66223871,400.3587097,29.69422581,369.5137419,101.6804839,0.100001148,37.24283548,37.6115,999.9,0,0,10000.76935,0,24.36563548,-7.880364194,368.4303871,375.5204194,2.581476774,367.0100645,22.66223871,2.566791613,2.304305161,21.45619355,19.70641935,1500.017097,0.691990129,0.308009871,0,2.827770968,0,16264.69677,13609.68065,46.754,48.375,47.393,46.98374194,46.74187097,1037.996774,462.0203226,0,1786467461,0,1786459371,09:42:50,1786208397,1786459371,1,-2.566,-0.971,-41.229,-4.451,412,17,0.91,0.28,-6.696663171,-7.651684808,3.281980533,0,2.791864706,0.1891673,0.193609726,1,2.57328878,0.951010453,0.149375871,0,1,3,1/3,2.94798,2.76441,0.0978773,0.0912605,0.133941,0.110566,27854.8,18634.8,31669.3,22351.1,37031.6,26989.4,45585.1,32663,1.61017,2.57272,0.126012,0,35.5709,999.9,50.3,36.4,30.1836,62.1896,96.9231,3,0.639024,0,20.3072,5.21265,12.0339,4.9595,3.301,7716.9,9999,9999,151.7,4.97295,1.87545,1.88157,1.88106,1.87873,1.87452,1.87453,1.87683,0,0,0,0,11111111,oooooooo,on,on,on,on,0,100,100,-41.229,-4.4506,-41.229,0,0,0,-4.450509524,0,0,0,-1,-1,-1,-1,4318.8,135.9,0.155029,4.99878,2.89795,2.89551,2.99805,2.30957,39.0188,14.6749,2,395.771,1327.57,36.1266,35.3541,29.9999,35.0532,34.8716,-1,40,10,-999.9,400,20,99.6533,85.8421
66,1786467643,8222.6,20260811 12:00:43,12:00:43,15,1786467635,0.001885593,1.885593033,2.093238445,360.1779677,268.4958818,27.32742877,36.65880345,0.047229836,2.959038805,0.046815003,0.029296344,266.146144,38.15423355,37.45260645,6.462317784,40.15038952,2.544263846,6.336834775,3.918053939,-83.15465276,-57.42225294,-4.633096275,120.936142,3.944705652,1.800353326,2.093238445,375.6799654,371.205903,0.140482195,66.74698267,1.885593033,21.93972838,24.98802182,-0.007712866,78.43,0,0,1,0,52020.86315,1499.987742,1273.848823,0.849239488,0.177432213,6,0.5,0: Broadleaf,2,TRUE,1786467635,360.1779677,367.6325161,24.99775484,22.14887742,401.4069677,29.44826129,369.6926774,101.6797097,0.099984619,37.09265484,37.45260645,999.9,0,0,10001.08677,0,25.06467742,-7.454626774,369.4124516,375.9597097,2.84888129,367.6325161,22.14887742,2.541763226,2.252090968,21.29640323,19.33742581,1499.987742,0.692017968,0.307982032,0,2.75093871,0,16125.16774,13609.53871,46.562,48.143,47.187,46.71748387,46.522,1038.017097,461.9706452,0,1786467581,0,1786459371,09:42:50,1786208397,1786459371,1,-2.566,-0.971,-41.229,-4.451,412,17,0.91,0.28,-7.537120244,12.52370571,2.751884363,0,2.768491176,-0.694733383,0.204212295,1,2.819216585,1.318520906,0.162964802,0,1,3,1/3,2.94801,2.76443,0.0980277,0.0910108,0.132729,0.108646,27856.5,18649,31676.1,22361.6,37090.9,27061,45595.1,32678.9,1.61122,2.57453,0.129819,0,35.352,999.9,49.4,36.5,29.8054,62.3396,96.9231,3,0.628915,0,20.3071,5.2128,12.0339,4.95935,3.301,7716.9,9999,9999,151.8,4.97295,1.8754,1.88157,1.88109,1.87877,1.8745,1.87454,1.87685,0,0,0,0,11111111,oooooooo,on,on,on,on,0,100,100,-41.229,-4.4505,-41.229,0,0,0,-4.450509524,0,0,0,-1,-1,-1,-1,4320.8,137.9,0.155029,4.99878,2.89795,2.89551,2.99805,2.31201,38.9693,14.6574,2,395.911,1328.55,35.9744,35.2456,29.9996,34.9673,34.793,-1,40,10,-999.9,400,20,99.6749,85.8834
67,1786467763,8342.6,20260811 12:02:43,12:02:43,15,1786467755,0.001704948,1.704947595,2.174553529,354.3687419,254.0317991,25.85559309,36.06798057,0.043244965,2.958206489,0.042896804,0.02684155,266.1460587,38.15892843,37.41740968,6.449953416,40.8733153,2.584168925,6.322386392,3.865784491,-75.18818892,-58.46589038,-4.716871952,127.7751075,-0.012074057,1.691161142,2.174553529,363.0903233,361.4079576,-0.270583948,66.74698267,1.704947595,22.85183418,25.46300121,0.009694883,78.43,0,0,1,0,52004.35811,1499.984516,1273.846335,0.849239657,0.177432537,6,0.5,0: Broadleaf,2,TRUE,1786467755,354.3687419,355.3201935,25.38951935,22.71896452,395.5977419,29.84004194,370.3103226,101.6809355,0.099995794,37.0508129,37.41740968,999.9,0,0,9996.246452,0,22.33666452,-0.951381871,363.6003871,363.5802258,2.670553548,355.3201935,22.71896452,2.581629677,2.310085806,21.55047419,19.74673871,1499.984516,0.692010161,0.307989839,0,2.684548387,0,15896.24194,13609.46452,46.437,48.038,47.028,46.625,46.375,1038.006452,461.9780645,0,1786467701,0,1786459371,09:42:50,1786208397,1786459371,1,-2.566,-0.971,-41.229,-4.451,412,17,0.91,0.28,-1.094559075,0.553051486,0.493137987,0,2.689158824,-0.264168069,0.177974607,1,2.678006,-0.286326979,0.058817978,0,1,3,1/3,2.94877,2.76411,0.0962035,0.0885888,0.134271,0.112248,27920.6,18691.3,31684.2,22352.3,37034.4,26939.9,45607.2,32664.4,1.61345,2.57845,0.134006,0,35.2506,999.9,50.9,36.5,30.7112,62.5796,96.9231,3,0.615518,0,20.307,5.21295,12.0339,4.95925,3.301,7716.9,9999,9999,151.8,4.97293,1.8754,1.88157,1.88109,1.87873,1.8745,1.87452,1.87683,0,0,0,0,11111111,oooooooo,on,on,on,on,0,100,100,-41.229,-4.4505,-41.229,0,0,0,-4.450509524,0,0,0,-1,-1,-1,-1,4322.8,139.9,0.155029,4.99878,2.89795,2.89551,2.99805,2.29492,38.8951,14.6224,2,396.538,1332.18,35.9121,35.1038,29.9996,34.8503,34.6902,-1,40,10,-999.9,400,20,99.7011,85.846
68,1786467883,8462.6,20260811 12:04:43,12:04:43,15,1786467875,0.001782279,1.782279237,2.40856286,361.8075806,256.6573113,26.12216017,36.8241821,0.045364007,2.958994606,0.044981155,0.02814735,266.1489813,38.01599014,37.29165806,6.405945377,40.61483352,2.550644492,6.280081119,3.855300885,-78.59851433,-58.04148558,-4.675756849,124.8332245,1.137161239,1.860372132,2.40856286,374.3873795,370.251,0.020102658,66.74698267,1.782279237,22.20536868,25.02296061,-3.12958E-05,78.43,0,0,1,0,52047.2509,1499.995806,1273.8564,0.849239974,0.17743315,6,0.5,0: Broadleaf,2,TRUE,1786467875,361.8075806,364.7425806,25.06077419,22.1201129,403.0365806,29.51128387,370.0697742,101.6783548,0.100004913,36.92781935,37.29165806,999.9,0,0,10000.96935,0,22.11002903,-2.935026935,371.1079032,372.9933548,2.940670968,364.7425806,22.1201129,2.548139355,2.249137097,21.33726774,19.31659032,1499.995806,0.69200071,0.30799929,0,2.796448387,0,15711.8129,13609.53548,46.59858065,48.34045161,47.32632258,46.86070968,46.5863871,1037.998387,461.9974194,0,1786467821,0,1786459371,09:42:50,1786208397,1786459371,1,-2.566,-0.971,-41.229,-4.451,412,17,0.91,0.28,-2.884104512,-9.929475157,1.60796079,0,2.805179412,0.023931238,0.242016313,1,2.941277561,-0.600151359,0.101550598,0,1,3,1/3,2.94848,2.76433,0.0979188,0.0909018,0.132929,0.109581,27874.7,18654.1,31691.6,22364.1,37099.6,27035.8,45617.8,32682.3,1.61418,2.5815,0.133902,0,35.1263,999.9,50,36.5,30.1669,62.0696,96.9231,3,0.602965,0,20.3078,5.21325,12.0339,4.9593,3.301,7716.9,9999,9999,151.8,4.97299,1.87546,1.88157,1.88109,1.87876,1.87449,1.87454,1.87683,0,0,0,0,11111111,oooooooo,on,on,on,on,0,100,100,-41.229,-4.4505,-41.229,0,0,0,-4.450509524,0,0,0,-1,-1,-1,-1,4324.8,141.9,0.155029,4.99878,2.89795,2.89551,2.99805,2.29736,38.8211,14.6049,2,396.286,1334.29,35.7959,34.9596,29.9995,34.7242,34.5729,-1,40,10,-999.9,400,20,99.7242,85.8925
69,1786468003,8582.6,20260811 12:06:43,12:06:43,15,1786467995,0.001827564,1.827563534,2.032794561,362.2699032,272.5415161,27.73833987,36.87058707,0.046943115,2.958856007,0.046533256,0.029119811,266.1480582,37.9201423,37.1785,6.366567612,40.70166174,2.544343916,6.251204022,3.822223697,-80.59555183,-53.44619671,-4.301654442,127.8046552,3.519183126,1.737436604,2.032794561,377.1811535,372.7275636,0.153188872,66.74698267,1.827563534,22.16467566,25.04195394,0.000824239,78.43,0,0,1,0,52057.46049,1499.987097,1273.849326,0.849240189,0.177433565,6,0.5,0: Broadleaf,2,TRUE,1786467995,362.2699032,368.9851613,24.99930968,22.25726452,403.4989032,29.44982581,370.6726452,101.6765484,0.10001859,36.84345161,37.1785,999.9,0,0,10000.36097,0,26.93724194,-6.715107097,371.5587097,377.3846452,2.742049677,368.9851613,22.25726452,2.541846452,2.263043548,21.29693548,19.41565806,1499.987097,0.691994032,0.308005968,0,2.746258065,0,15826.27097,13609.42903,47.181,48.927,47.95732258,47.3363871,47.0863871,1037.981613,462.0054839,0,1786467941,0,1786459371,09:42:50,1786208397,1786459371,1,-2.566,-0.971,-41.229,-4.451,412,17,0.91,0.28,-7.040436585,13.56287791,2.160496061,0,2.738058824,-0.12950649,0.190336696,1,2.725870488,0.810422927,0.098270703,0,1,3,1/3,2.94982,2.76438,0.098387,0.0920209,0.133012,0.109377,27866.8,18634.1,31698.6,22367.3,37103.8,27046.1,45628.1,32687.1,1.61768,2.58605,0.136755,0,34.9802,999.9,50,36.5,30.1671,62.0396,96.9231,3,0.591537,0,20.3078,5.21325,12.0339,4.95965,3.301,7716.9,9999,9999,151.9,4.97297,1.87539,1.88156,1.88109,1.8787,1.87447,1.87454,1.87683,0,0,0,0,11111111,oooooooo,on,on,on,on,0,100,100,-41.229,-4.4505,-41.229,0,0,0,-4.450509524,0,0,0,-1,-1,-1,-1,4326.8,143.9,0.155029,4.99878,2.89795,2.89551,2.99805,2.32056,38.7471,14.5873,2,397.601,1338.65,35.6838,34.8283,29.9997,34.6042,34.4593,-1,40,10,-999.9,400,20,99.7464,85.9048
70,1786468123,8702.6,20260811 12:08:43,12:08:43,15,1786468115,0.001829166,1.829165883,2.100216353,369.1220645,275.6485727,28.05446935,37.56784788,0.046386818,2.958828742,0.045986567,0.028777277,266.1512265,37.95285351,37.19676452,6.372909206,39.93813937,2.501136451,6.262526224,3.871772755,-80.66621545,-51.07611419,-4.11195663,130.2969402,2.428975385,1.791876023,2.100216353,381.1439704,378.5397455,-0.122774724,66.74698267,1.829165883,21.81429964,24.61745758,0.010309567,78.43,0,0,1,0,52051.11793,1500.006129,1273.865381,0.849240117,0.177433426,6,0.5,0: Broadleaf,2,TRUE,1786468115,369.1220645,374.1266774,24.57486129,21.74439355,410.3510645,29.02537419,370.5057419,101.6762258,0.099992652,36.87657097,37.19676452,999.9,0,0,10000.23806,0,22.62189355,-5.004556419,378.4216452,382.4423548,2.830464839,374.1266774,21.74439355,2.498677419,2.210886452,21.0178871,19.04125161,1500.006129,0.691996419,0.308003581,0,2.731745161,0,15322.78387,13609.61613,47.649,49.32012903,48.437,47.73170968,47.49593548,1037.998387,462.0077419,0,1786468061,0,1786459371,09:42:50,1786208397,1786459371,1,-2.566,-0.971,-41.229,-4.451,412,17,0.91,0.28,-6.038725585,37.52150484,5.405571367,0,2.741717647,-0.04309855,0.207451724,1,2.798265854,0.096850453,0.126556546,1,2,3,2/3,2.94933,2.76463,0.0994482,0.0916425,0.131724,0.107818,27834.2,18646.2,31698.6,22372.3,37158.4,27100,45627.9,32694.9,1.617,2.58405,0.137053,0,34.9897,999.9,49,36.5,29.5637,62.2196,96.9231,3,0.590046,0,20.3075,5.21415,12.0339,4.95955,3.301,7716.9,9999,9999,151.9,4.973,1.87546,1.88157,1.8811,1.87875,1.87449,1.87454,1.87685,0,0,0,0,11111111,oooooooo,on,on,on,on,0,100,100,-41.229,-4.4506,-41.229,0,0,0,-4.450509524,0,0,0,-1,-1,-1,-1,4328.8,145.9,0.155029,4.99878,2.89795,2.89429,2.99805,2.32666,38.7471,14.5786,2,396.968,1334.72,35.6725,34.7832,30.0002,34.5548,34.414,-1,40,10,-999.9,400,20,99.7463,85.9249
71,1786468243,8822.6,20260811 12:10:43,12:10:43,15,1786468235,0.001690134,1.690133649,2.568381743,361.840871,246.8723082,25.12587998,36.82701541,0.043200384,2.959600127,0.0428531,0.026814157,266.1557333,38.04712203,37.24927419,6.391171562,40.64258037,2.553465001,6.282733473,3.837706561,-74.5348939,-50.05693562,-4.031029369,137.5328744,1.347665718,1.720725365,2.568381743,376.2396759,370.8220242,0.163531949,66.74698267,1.690133649,22.47093722,25.12916606,0.001275916,78.43,0,0,1,0,52063.06322,1500.033548,1273.888481,0.849239993,0.177433187,6,0.5,0: Broadleaf,2,TRUE,1786468235,361.840871,365.0323548,25.08886452,22.37156129,403.069871,29.53937742,370.416,101.6768387,0.099987406,36.93555161,37.24927419,999.9,0,0,10004.55323,0,21.19347742,-3.191497129,371.1524516,373.3856774,2.717306129,365.0323548,22.37156129,2.550957742,2.274671613,21.35532581,19.49811613,1500.033548,0.692000742,0.307999258,0,2.65946129,0,15148.71935,13609.88065,48.08232258,49.762,48.891,48.181,47.907,1038.023548,462.01,0,1786468181,0,1786459371,09:42:50,1786208397,1786459371,1,-2.566,-0.971,-41.229,-4.451,412,17,0.91,0.28,-1.969264512,-39.32664203,4.210136164,0,2.678773529,0.009825821,0.232500045,1,2.741764634,-0.344266829,0.057626564,0,1,3,1/3,2.94932,2.76445,0.0980872,0.0915518,0.133316,0.109891,27875,18640.6,31697.3,22363.5,37088.8,27026.1,45625.8,32681.8,1.61653,2.58565,0.136279,0,35.0402,999.9,50.1,36.5,30.2304,61.8596,96.9231,3,0.592564,0,20.3077,5.2113,12.0339,4.9597,3.301,7716.9,9999,9999,151.9,4.97297,1.87544,1.88156,1.88108,1.87876,1.87446,1.87453,1.87684,0,0,0,0,11111111,oooooooo,on,on,on,on,0,100,100,-41.229,-4.4505,-41.229,0,0,0,-4.450509524,0,0,0,-1,-1,-1,-1,4330.8,147.9,0.155029,4.99878,2.89795,2.89429,2.99805,2.30591,38.7717,14.5348,2,396.706,1336.9,35.7237,34.8054,30.0003,34.5548,34.4062,-1,40,10,-999.9,400,20,99.7418,85.8906
72,1786468363,8942.6,20260811 12:12:43,12:12:43,15,1786468355,0.001684018,1.684018387,2.441500544,357.9550968,247.3253565,25.17145896,36.43076535,0.042976298,2.958269563,0.042632439,0.026675939,266.1471071,37.96674331,37.13891613,6.352842557,40.09351208,2.507652928,6.254510511,3.84518963,-74.26521085,-45.57910627,-3.6686622,142.6341277,1.972576668,1.748296996,2.441500544,370.4420646,366.3087576,0.013682428,66.74698267,1.684018387,21.96959369,24.62636788,-9.40283E-05,78.43,0,0,1,0,52039.19151,1499.990968,1273.851765,0.849239623,0.177432473,6,0.5,0: Broadleaf,2,TRUE,1786468355,357.9550968,362.1566774,24.63926129,21.88192903,399.1840968,29.08977419,371.0587097,101.6746774,0.100002348,36.85312903,37.13891613,999.9,0,0,9997.219355,0,19.35557419,-4.201662387,366.9976129,370.2589032,2.757329032,362.1566774,21.88192903,2.505190645,2.224840968,21.06026452,19.14222581,1499.990968,0.692013032,0.307986968,0,2.704325806,0,14983.26774,13609.54839,48.36890323,50,49.19106452,48.35467742,48.129,1038.012581,461.9783871,0,1786468301,0,1786459371,09:42:50,1786208397,1786459371,1,-2.566,-0.971,-41.229,-4.451,412,17,0.91,0.28,-4.728002293,-7.014042711,3.327088172,0,2.712541176,-0.465775396,0.216957129,1,2.78046439,-0.719285436,0.085965225,0,1,3,1/3,2.94911,2.7645,0.0973006,0.091936,0.13176,0.109238,27901.5,18636.6,31699.7,22368,37158,27051.1,45629.3,32687.9,1.61628,2.58547,0.139274,0,34.8739,999.9,49.3,36.5,29.746,62.2196,96.9231,3,0.590452,0,20.3078,5.21415,12.0339,4.95965,3.301,7716.9,9999,9999,152,4.97299,1.87542,1.88156,1.8811,1.87875,1.87448,1.87453,1.87683,0,0,0,0,11111111,oooooooo,on,on,on,on,0,100,100,-41.229,-4.4505,-41.229,0,0,0,-4.450509524,0,0,0,-1,-1,-1,-1,4332.8,149.9,0.155029,4.99878,2.89795,2.89429,2.99805,2.30835,38.7717,14.5261,2,396.427,1335.99,35.6503,34.7878,29.9998,34.528,34.3727,-1,40,10,-999.9,400,20,99.7495,85.9074
73,1786468483,9062.6,20260811 12:14:43,12:14:43,15,1786468475,0.001709007,1.709006669,2.473036754,356.7485161,245.6293286,24.99745595,36.30594673,0.043320253,2.958582731,0.042970929,0.026887981,266.1479921,37.90598129,37.06736452,6.328098384,39.37286842,2.455282321,6.235975229,3.872816063,-75.36719409,-42.83327446,-3.445186215,144.5023373,2.434977659,1.796868409,2.473036754,370.4886986,365.9231576,0.068764181,66.74698267,1.709006669,21.3267637,24.07846364,-0.007175255,78.43,0,0,1,0,52057.06296,1499.985161,1273.847826,0.849240285,0.17743375,6,0.5,0: Broadleaf,2,TRUE,1786468475,356.7485161,361.7132903,24.12602903,21.29579677,397.9775161,28.57654194,371.7399032,101.669,0.100019597,36.79882258,37.06736452,999.9,0,0,9999.553548,0,23.33370645,-4.964722258,365.5682581,369.583871,2.830230323,361.7132903,21.29579677,2.45287,2.165123226,20.7171,18.70654194,1499.985161,0.691989871,0.308010129,0,2.674425806,0,15060.34839,13609.39032,48.58232258,50.125,49.423,48.433,48.312,1037.975484,462.0096774,0,1786468421,0,1786459371,09:42:50,1786208397,1786459371,1,-2.566,-0.971,-41.229,-4.451,412,17,0.91,0.28,-5.48632775,9.253549306,1.262298391,0,2.678897059,-0.064490452,0.215246654,1,2.867586,-0.700077073,0.079015746,0,1,3,1/3,2.95055,2.76438,0.0972281,0.0896349,0.130053,0.106528,27908.8,18694.7,31705,22380.8,37237.2,27149,45637.4,32706.7,1.62005,2.58945,0.142023,0,34.7761,999.9,48,36.5,28.9645,62.2796,96.9231,3,0.581819,0,20.3078,5.21459,12.0339,4.95975,3.301,7716.9,9999,9999,152,4.97298,1.87541,1.88156,1.88108,1.87874,1.87449,1.87452,1.87683,0,0,0,0,11111111,oooooooo,on,on,on,on,0,100,100,-41.229,-4.4505,-41.229,0,0,0,-4.450509524,0,0,0,-1,-1,-1,-1,4334.8,151.9,0.155029,4.99878,2.89795,2.89429,2.99805,2.34253,38.7225,14.5173,2,398.101,1340.19,35.5442,34.6992,29.9997,34.4481,34.2934,-1,40,10,-999.9,400,20,99.7668,85.9565
74,1786468603,9182.6,20260811 12:16:43,12:16:43,15,1786468595,0.001698154,1.69815379,1.916939236,358.5548065,267.6566459,27.23899154,36.48955291,0.043401807,2.95921037,0.043051246,0.026938289,266.1505304,37.90495206,37.0669871,6.327968086,39.89871765,2.487583705,6.234746005,3.840384382,-74.88858215,-43.35751115,-3.486545003,144.4178921,1.751916398,1.862125086,1.916939236,369.5159191,366.9012545,-0.077895871,66.74698267,1.69815379,21.59318823,24.34084545,-0.008263931,78.43,0,0,1,0,52075.43218,1500.005161,1273.864287,0.849239936,0.177433076,6,0.5,0: Broadleaf,2,TRUE,1786468595,358.5548065,362.4668065,24.44357419,21.50647742,399.7838065,28.89408387,371.1028065,101.6684516,0.099959381,36.79521613,37.0669871,999.9,0,0,10003.16742,0,27.3214129,-3.911947742,367.5387742,370.4334839,2.937095161,362.4668065,21.50647742,2.48514,2.186529677,20.92942903,18.86386774,1500.005161,0.692002323,0.307997677,0,2.744832258,0,14997.75161,13609.64194,48.762,50.34045161,49.61890323,48.562,48.48577419,1038.006774,461.9983871,0,1786468541,0,1786459371,09:42:50,1786208397,1786459371,1,-2.566,-0.971,-41.229,-4.451,412,17,0.91,0.28,-4.298015366,0.841574216,1.273701728,0,2.714211765,0.314300994,0.18866437,1,2.966288049,-1.185942021,0.135811538,0,1,3,1/3,2.94904,2.76444,0.0974144,0.0913286,0.130887,0.107867,27904.9,18655.9,31706.9,22375.7,37203.5,27102.3,45640.1,32699.4,1.6172,2.5895,0.140525,0,34.8079,999.9,48.7,36.5,29.3856,62.0696,96.9231,3,0.578059,0,20.3075,5.21145,12.0339,4.95965,3.301,7716.9,9999,9999,152,4.97299,1.87545,1.88157,1.8811,1.87876,1.87449,1.87452,1.87684,0,0,0,0,11111111,oooooooo,on,on,on,on,0,100,100,-41.229,-4.4505,-41.229,0,0,0,-4.450509524,0,0,0,-1,-1,-1,-1,4336.8,153.9,0.155029,4.99878,2.89795,2.89551,2.99805,2.30835,38.6979,14.491,2,396.245,1339.39,35.5181,34.641,30,34.3951,34.2492,-1,40,10,-999.9,400,20,99.7728,85.9372
75,1786468723,9302.6,20260811 12:18:43,12:18:43,15,1786468715,0.001807402,1.807401665,0.54300445,393.1653548,350.8863816,35.70901631,40.01166418,0.04633813,2.958332035,0.045938648,0.02874726,266.1530825,37.95663871,37.14359355,6.354463036,40.32671969,2.525200365,6.261854137,3.829262671,-79.70641344,-42.90064358,-3.453436758,140.0925887,-6.438644762,1.937246776,0.54300445,382.0996079,393.1781091,-1.689638704,66.74698267,1.807401665,21.4777037,24.61541697,-0.034854398,78.43,0,0,1,0,52037.21504,1500.012258,1273.870984,0.849240383,0.177433938,6,0.5,0: Broadleaf,2,TRUE,1786468715,393.1653548,383.9959032,24.81329677,21.76190323,434.3943548,29.2638,371.4717097,101.6680645,0.09996689,36.87460645,37.14359355,999.9,0,0,9998.223871,0,25.9941,9.169347194,403.1696129,392.5422903,3.051387419,383.9959032,21.76190323,2.522719677,2.21249129,21.17373226,19.05184516,1500.012258,0.691986903,0.308013097,0,2.780577419,0,14855.33226,13609.63871,49.02,50.57012903,49.82419355,48.812,48.69512903,1037.989355,462.0229032,0,1786468661,0,1786459371,09:42:50,1786208397,1786459371,1,-2.566,-0.971,-41.229,-4.451,412,17,0.91,0.28,1.77249178,152.3217248,16.52639287,0,2.809108824,-0.597352175,0.248224779,1,2.940267805,2.599251638,0.276642099,0,1,3,1/3,2.9497,2.76462,0.101985,0.0911254,0.131702,0.106987,27763.9,18662.3,31707.3,22378.4,37169.4,27132.7,45640.9,32703.8,1.61855,2.58873,0.141244,0,34.8706,999.9,48.6,36.4,29.1677,62.1596,96.9231,3,0.577243,0,20.3076,5.2113,12.0339,4.9597,3.301,7716.9,9999,9999,152.1,4.97297,1.87545,1.88156,1.88107,1.87875,1.87448,1.87454,1.87683,0,0,0,0,11111111,oooooooo,on,on,on,on,0,100,100,-41.229,-4.4505,-41.229,0,0,0,-4.450509524,0,0,0,-1,-1,-1,-1,4338.8,155.9,0.155029,4.99878,2.89795,2.89307,2.99805,2.3291,38.6979,14.456,2,396.878,1337.7,35.5351,34.6284,30,34.3733,34.2243,-1,40,10,-999.9,400,20,99.7742,85.9483
76,1786468843,9422.6,20260811 12:20:43,12:20:43,15,1786468835,0.001718411,1.718411074,0.167479847,371.6039355,342.3372625,34.83871965,37.8171083,0.04298659,2.958485742,0.042642592,0.026682298,266.1489435,38.11196367,37.27567097,6.40036925,39.29109549,2.478248395,6.307404679,3.922120855,-75.78192836,-42.79842719,-3.449445496,144.1191424,8.491682083,1.536439093,0.167479847,397.1972106,389.1992485,1.090214866,66.74698267,1.718411074,21.97316053,24.48195091,0.02381071,78.43,0,0,1,0,52019.26751,1499.994516,1273.855403,0.84924004,0.177433278,6,0.5,0: Broadleaf,2,TRUE,1786468835,371.6039355,386.2382258,24.35212258,21.93150645,412.8329677,28.80262903,371.564129,101.6672581,0.099985726,37.00733871,37.27567097,999.9,0,0,9999.174839,0,21.15216452,-14.63417387,380.8796452,394.8999032,2.420615806,386.2382258,21.93150645,2.475814839,2.229717742,20.86833226,19.1772129,1499.994516,0.691998645,0.30800129,0,2.669029032,0,14487.62903,13609.51613,49.25,50.875,50.11483871,49.157,48.937,1037.994194,462.0003226,0,1786468781,0,1786459371,09:42:50,1786208397,1786459371,1,-2.566,-0.971,-41.229,-4.451,412,17,0.91,0.28,-12.57407098,-28.44676265,8.905549239,0,2.683838235,0.34911994,0.203513533,1,2.478073415,-0.907894913,0.140379354,0,1,3,1/3,2.95012,2.76433,0.101493,0.0960615,0.131346,0.108421,27778,18557.2,31706,22374,37182.7,27083.2,45638.6,32696.5,1.61908,2.58353,0.145487,0,34.9323,999.9,48.9,36.5,29.5088,62.0696,96.9231,3,0.578034,0,20.3078,5.2116,12.0339,4.9594,3.301,7716.9,9999,9999,152.1,4.97298,1.87542,1.88156,1.8811,1.87874,1.87446,1.87452,1.87684,0,0,0,0,11111111,oooooooo,on,on,on,on,0,100,100,-41.229,-4.4505,-41.229,0,0,0,-4.450509524,0,0,0,-1,-1,-1,-1,4340.8,157.9,0.155029,4.99878,2.89795,2.89551,2.99805,2.3291,38.7225,14.4472,2,397.188,1330.07,35.6577,34.641,30,34.3773,34.2244,-1,40,10,-999.9,400,20,99.7696,85.93
77,1786469206,9785.5,20260811 12:26:46,12:26:46,15,1786469198,0.001533798,1.533798465,1.868891522,376.5267419,286.2294836,29.12418889,38.31204185,0.042408692,2.956960636,0.042073671,0.026325924,266.147023,37.45927062,36.33195806,6.078587653,41.61564257,2.526083431,6.070033466,3.552504222,-67.64051229,-4.092868556,-0.327426454,194.0862157,9.232424493,1.48945581,1.868891522,402.6390458,393.264903,0.920709945,66.75665049,1.533798465,22.74886715,24.93150182,0.020914468,78.43,0,0,1,0,52093.59061,1499.978387,1273.842194,0.849240365,0.177433905,6,0.5,0: Broadleaf,2,TRUE,1786469198,376.5267419,391.9317097,24.82608387,22.54130645,417.7557419,29.27658387,381.4319355,101.6512581,0.099926068,36.30628387,36.33195806,999.9,0,0,9992.100968,0,34.3614129,-15.4050129,386.1126129,400.9712903,2.284766774,391.9317097,22.54130645,2.523600968,2.291351613,21.17949355,19.61525484,1499.978387,0.691988129,0.308011903,0,2.768745161,0,28245.88065,13609.32581,49.25,50.663,50.08841935,49.01,48.94309677,1037.966774,462.0116129,0,1786469144,0,1786459371,09:42:50,1786208397,1786459371,1,-2.566,-0.971,-41.229,-4.451,412,17,0.91,0.28,-14.7165195,-23.22001779,3.124424632,0,2.767955882,-0.143640949,0.208285823,1,2.32597025,-1.46676349,0.150640242,0,1,3,1/3,2.95991,2.76447,0.102286,0.0994636,0.13275,0.111755,27762.5,18473.3,31716.1,22356.9,37141.4,26957.5,45661.7,32666.8,1.6354,2.58503,0.12973,0,34.2629,999.9,50.4,36.5,30.416,62.3696,10.2644,3,0.576443,0,20.3074,5.21429,12.0339,4.9597,3.301,7716.9,9999,9999,152.2,4.97298,1.87543,1.88156,1.88109,1.87871,1.87445,1.8745,1.87683,0,0,0,0,11111111,oooooooo,on,on,on,on,0,100,100,-41.229,-4.4505,-41.229,0,0,0,-4.450509524,0,0,0,-1,-1,-1,-1,4346.8,163.9,0.155029,4.99878,2.89795,2.89673,2.99805,2.32422,38.6979,14.386,2,406.175,1331.71,35.2521,34.6088,30.0002,34.3546,34.1996,-1,40,10,-999.9,400,20,99.8126,85.8569
78,1786469331,9910.5,20260811 12:28:51,12:28:51,15,1786469323,0.001181133,1.181132512,-0.513792002,380.2402903,383.3707218,39.01322186,38.69465757,0.032279301,2.958277341,0.032084898,0.02007043,266.1517039,37.59218422,36.33370968,6.079171641,40.9360466,2.490713091,6.084400662,3.58845855,-52.08794378,2.500339063,0.199979737,216.764079,-7.319461333,1.350701693,-0.513792002,373.3269359,381.9059273,-1.074764255,66.73883889,1.181132512,22.13297594,24.24367152,-0.02688561,78.43,0,0,1,0,52123.92205,1500.009355,1273.868071,0.849240084,0.177433363,6,0.5,0: Broadleaf,2,TRUE,1786469323,380.2402903,369.1161613,24.47545806,22.32178387,421.4692903,28.92597742,367.0869032,101.6636774,0.100019265,36.3493871,36.33370968,999.9,0,0,9998.345161,0,27.91549355,11.12413871,389.7809355,377.5443226,2.15367,369.1161613,22.32178387,2.488264194,2.269312903,20.94970323,19.45983226,1500.009355,0.691996839,0.308003129,0,2.730670968,0,23488.91935,13609.63871,49.1006129,50.27,49.812,48.83841935,48.75,1038.002258,462.0070968,0,1786469269,0,1786459371,09:42:50,1786208397,1786459371,1,-2.566,-0.971,-41.229,-4.451,412,17,0.91,0.28,10.02415025,18.80119621,2.516287442,0,2.693182353,0.10685409,0.251489214,1,2.09426475,0.891182927,0.132038545,0,1,3,1/3,2.94559,2.7644,0.100048,0.090733,0.13053,0.109061,27825.3,18661.8,31709.1,22368.2,37223.4,27056.5,45645.5,32687.8,1.60975,2.58463,0.130139,0,34.2301,999.9,49.7,36.5,29.9895,62.2296,81.6026,3,0.58263,0,20.3077,5.21145,12.0339,4.95935,3.301,7716.9,9999,9999,152.2,4.97296,1.87543,1.88156,1.8811,1.87874,1.8745,1.87452,1.87686,0,0,0,0,11111111,oooooooo,on,on,on,on,0,100,100,-41.229,-4.4505,-41.229,0,0,0,-4.450509524,0,0,0,-1,-1,-1,-1,4348.9,166,0.155029,4.99878,2.89795,2.89673,2.99805,2.31689,38.7717,14.3772,2,392.177,1332.2,35.1467,34.6694,30.0002,34.4014,34.2492,-1,40,10,-999.9,400,20,99.7826,85.9075
79,1786469451,10030.5,20260811 12:30:51,12:30:51,15,1786469443,0.001040262,1.040262154,0.042604551,388.2386129,363.1597538,36.95693733,39.50908639,0.02777572,2.959431401,0.027631704,0.017282692,266.149012,37.72978374,36.51645161,6.140366166,40.38998203,2.471281922,6.118551674,3.669084244,-45.875561,-10.36450019,-0.829785383,209.0791654,2.34467631,1.0072781,0.042604551,399.7635782,399.2397152,0.06267099,66.73883889,1.040262154,22.6686259,24.32904242,0.000796129,78.43,0,0,1,0,52139.47,1500.002903,1273.86179,0.84923955,0.177432331,6,0.5,0: Broadleaf,2,TRUE,1786469443,388.2386129,392.7323548,24.2842129,22.66983226,429.4676129,28.73472258,365.2733871,101.665,0.099958652,36.45149032,36.51645161,999.9,0,0,10004.76097,0,23.90869032,-4.493750358,397.9013548,401.8421613,1.61437871,392.7323548,22.66983226,2.468855806,2.304730645,20.82262581,19.70944194,1500.002903,0.692014,0.307985968,0,2.727829032,0,22647.66774,13609.66452,49.062,50.125,49.75,48.75,48.687,1038.024516,461.9783871,0,1786469389,0,1786459371,09:42:50,1786208397,1786459371,1,-2.566,-0.971,-41.229,-4.451,412,17,0.91,0.28,-5.190189539,24.87190416,4.24134952,0,2.722282353,0.384705884,0.191471604,1,1.596903415,0.548125296,0.076127327,0,1,3,1/3,2.94347,2.7645,0.103266,0.0974144,0.130844,0.111702,27723.3,18515.5,31706.5,22357.4,37206.5,26962.7,45641,32671.3,1.6049,2.58505,0.129104,0,34.4527,999.9,50.3,36.5,30.3549,62.3797,96.9231,3,0.588069,0,20.3076,5.21504,12.0339,4.95965,3.301,7716.9,9999,9999,152.3,4.97299,1.87541,1.88157,1.88108,1.87876,1.87453,1.87452,1.87683,0,0,0,0,11111111,oooooooo,on,on,on,on,0,100,100,-41.229,-4.4505,-41.229,0,0,0,-4.450509524,0,0,0,-1,-1,-1,-1,4350.9,168,0.155029,4.99878,2.89795,2.89795,2.99805,2.323,38.7964,14.3597,2,389.78,1333.71,35.1483,34.7208,30.0002,34.4514,34.2933,-1,40,10,-999.9,400,20,99.7734,85.8648
80,1786469571,10150.5,20260811 12:32:51,12:32:51,15,1786469563,0.001182549,1.182548816,1.601616343,382.2967097,282.0430472,28.70162413,38.90376515,0.03199372,2.958285532,0.031802731,0.019893771,266.14879,37.80904607,36.67892581,6.195222183,41.80890678,2.574311801,6.157328664,3.620910382,-52.1504028,-17.87850274,-1.433842333,194.6860421,3.294337292,1.244287116,1.601616343,407.4668471,396.7700545,1.109028603,66.73883889,1.182548816,23.41331116,25.30852909,-0.000160466,78.43,0,0,1,0,52087.53437,1499.996129,1273.856545,0.849239888,0.177432985,6,0.5,0: Broadleaf,2,TRUE,1786469563,382.2967097,388.4911935,25.29706129,23.30430645,423.5257097,29.74756774,365.1659355,101.6632903,0.099984539,36.56682581,36.67892581,999.9,0,0,9998.429677,0,25.76099355,-6.194393097,392.2186129,397.7606774,1.992754839,388.4911935,23.30430645,2.571782903,2.369193226,21.48804839,20.15463226,1499.996129,0.692003968,0.307996032,0,2.666809677,0,22170.42581,13609.55484,49.06606452,50.187,49.812,48.812,48.75,1038.002903,461.9932258,0,1786469509,0,1786459371,09:42:50,1786208397,1786459371,1,-2.566,-0.971,-41.229,-4.451,412,17,0.91,0.28,-5.381035951,-41.77267915,6.434263163,0,2.649308824,0.358828112,0.21115498,1,1.965750488,0.350832544,0.108280035,0,1,3,1/3,2.94363,2.76453,0.102783,0.0967565,0.133864,0.113384,27734.6,18521.5,31702.6,22348.5,37072.6,26900.7,45634.6,32658.1,1.60485,2.58275,0.122882,0,34.7196,999.9,51.4,36.5,31.0157,62.1396,96.9231,3,0.593801,0,20.3076,5.2137,12.0339,4.95965,3.301,7716.9,9999,9999,152.3,4.97298,1.87542,1.88159,1.88108,1.87875,1.87453,1.87454,1.87683,0,0,0,0,11111111,oooooooo,on,on,on,on,0,100,100,-41.229,-4.4505,-41.229,0,0,0,-4.450509524,0,0,0,-1,-1,-1,-1,4352.9,170,0.155029,4.99878,2.89795,2.89795,2.99805,2.34131,38.8704,14.3422,2,390.036,1331.42,35.2432,34.7801,30.0004,34.507,34.3461,-1,40,10,-999.9,400,20,99.76,85.8304
81,1786469691,10270.5,20260811 12:34:51,12:34:51,15,1786469683,0.001373964,1.373964137,2.102589851,374.4443548,262.6796422,26.73122342,38.10480181,0.036579947,2.958432431,0.03633052,0.022728843,266.1543962,37.84400886,36.7730871,6.227208145,41.13557583,2.544533243,6.185724137,3.682674902,-60.59181842,-19.49080463,-1.564420057,184.507353,6.426208009,1.38941972,2.102589851,402.4706183,390.4869455,1.171497888,66.73883889,1.373964137,22.99815192,25.07246,0.014886952,78.43,0,0,1,0,52077.56226,1500.019355,1273.877039,0.849240401,0.177433975,6,0.5,0: Broadleaf,2,TRUE,1786469683,374.4443548,385.8556452,25.00435806,22.77896452,415.6733548,29.45486774,365.241871,101.6635806,0.100009377,36.65088387,36.7730871,999.9,0,0,9999.234194,0,27.80573548,-11.41136129,384.0472903,394.8509355,2.225392903,385.8556452,22.77896452,2.542035161,2.315793226,21.29815806,19.78635484,1500.019355,0.691987548,0.308012548,0,2.709996774,0,21705.88387,13609.70645,49.187,50.25,49.875,48.937,48.86687097,1037.993548,462.026129,0,1786469629,0,1786459371,09:42:50,1786208397,1786459371,1,-2.566,-0.971,-41.229,-4.451,412,17,0.91,0.28,-11.447998,-20.51510769,4.035010574,0,2.717894118,-0.118285717,0.213044189,1,2.297755,-1.879308068,0.181984534,0,1,3,1/3,2.9439,2.7643,0.101687,0.0959241,0.133129,0.112263,27764.1,18541.1,31698,22351.9,37099.5,26938.8,45628.5,32663.3,1.60525,2.5823,0.117701,0,34.8898,999.9,50.5,36.5,30.473,62.2596,96.9231,3,0.602668,0,20.3075,5.21429,12.0339,4.9595,3.301,7716.9,9999,9999,152.3,4.97301,1.87542,1.88157,1.88109,1.87876,1.87446,1.87453,1.87683,0,0,0,0,11111111,oooooooo,on,on,on,on,0,100,100,-41.229,-4.4505,-41.229,0,0,0,-4.450509524,0,0,0,-1,-1,-1,-1,4354.9,172,0.155029,4.99878,2.89795,2.89795,2.99805,2.30591,38.9198,14.3072,2,390.672,1332.4,35.3395,34.8746,30.0002,34.5887,34.4241,-1,40,10,-999.9,400,20,99.7463,85.8437
82,1786469811,10390.5,20260811 12:36:51,12:36:51,15,1786469803,0.001768282,1.768282169,1.450284836,382.6704516,313.4958647,31.90284964,38.9423889,0.048151269,2.958578921,0.047720106,0.029863483,266.1496451,37.85037647,36.86755484,6.259442203,42.64826503,2.653656492,6.222190961,3.605785711,-77.98124367,-17.419261,-1.399447112,169.3496933,-4.475864301,1.98935934,1.450284836,385.5032429,387.111697,-0.561278501,66.73883889,1.768282169,22.71322352,25.81552485,-0.032156468,78.43,0,0,1,0,52063.67116,1499.997742,1273.85821,0.849240085,0.177433364,6,0.5,0: Broadleaf,2,TRUE,1786469803,382.6704516,376.5683226,26.07636452,22.89357419,423.8994516,30.52688387,365.2425484,101.664871,0.099947126,36.75834516,36.86755484,999.9,0,0,9999.938065,0,22.70168387,6.102254516,392.9170645,385.3912258,3.18278871,376.5683226,22.89357419,2.651049032,2.327471613,21.98454194,19.86731935,1499.997742,0.691996806,0.308003452,0,2.698303226,0,21307.32258,13609.55161,49.21951613,50.25,49.937,48.897,48.883,1037.994194,462.0035484,0,1786469749,0,1786459371,09:42:50,1786208397,1786459371,1,-2.566,-0.971,-41.229,-4.451,412,17,0.91,0.28,7.76817225,-52.32946711,5.230615201,0,2.718667647,-0.589715812,0.254364915,1,3.04579225,2.102120938,0.27371552,0,1,3,1/3,2.9437,2.76455,0.100906,0.0929557,0.135312,0.110623,27785.5,18604.6,31695.1,22355.2,37002.5,26993.1,45623.4,32668.9,1.60475,2.58602,0.115246,0,35.0128,999.9,50.3,36.5,30.3542,62.2297,96.9231,3,0.610079,0,20.3072,5.21355,12.0339,4.9596,3.301,7716.9,9999,9999,152.4,4.97297,1.87544,1.88157,1.88107,1.87869,1.87451,1.87453,1.87683,0,0,0,0,11111111,oooooooo,on,on,on,on,0,100,100,-41.229,-4.4505,-41.229,0,0,0,-4.450509524,0,0,0,-1,-1,-1,-1,4356.9,174,0.155029,4.99878,2.89795,2.89673,2.99805,2.30713,38.9693,14.2896,2,390.773,1339.26,35.4323,34.9559,30.0004,34.6619,34.4921,-1,40,10,-999.9,400,20,99.736,85.8576
83,1786469931,10510.5,20260811 12:38:51,12:38:51,15,1786469923,0.001808354,1.808354317,1.672436573,392.6927419,316.0737354,32.1652734,39.9624138,0.048685315,2.957936276,0.048244487,0.030192078,266.148953,37.95806819,36.9710871,6.294935527,42.28525415,2.648067263,6.262389374,3.646868265,-79.74842537,-15.13610999,-1.217589083,170.0468286,2.231040588,1.854287619,1.672436573,415.2167922,406.1256182,0.871441149,66.73883889,1.808354317,22.95290677,25.95028545,-0.012318978,78.43,0,0,1,0,52025.68744,1499.995161,1273.855897,0.849240004,0.177433208,6,0.5,0: Broadleaf,2,TRUE,1786469923,392.6927419,397.5530968,26.02137097,23.05504194,433.9217419,30.47187419,365.3073871,101.6650968,0.099997239,36.87617097,36.9710871,999.9,0,0,9996.271613,0,21.46132903,-4.860381106,403.1840323,406.9346774,2.966323871,397.5530968,23.05504194,2.645465161,2.343892903,21.95022903,19.98113871,1499.995161,0.691999871,0.308000226,0,2.735616129,0,20649.06774,13609.53226,49.3,50.312,50,49,49,1037.996452,461.9987097,0,1786469869,0,1786459371,09:42:50,1786208397,1786459371,1,-2.566,-0.971,-41.229,-4.451,412,17,0.91,0.28,-3.645195861,-37.05276427,6.604078142,0,2.714802941,0.950965621,0.271985333,1,2.936372439,0.690412474,0.07201178,0,1,3,1/3,2.94423,2.76436,0.104262,0.0964594,0.135733,0.11168,27678.6,18529.1,31691.9,22351.2,36981.4,26955.9,45619.1,32662.7,1.6052,2.5807,0.115,0,35.1279,999.9,50.4,36.5,30.416,61.8997,96.9231,3,0.615617,0,20.3071,5.21355,12.0339,4.95955,3.301,7716.9,9999,9999,152.4,4.97295,1.87544,1.88157,1.88109,1.87869,1.87451,1.87451,1.87683,0,0,0,0,11111111,oooooooo,on,on,on,on,0,100,100,-41.229,-4.4505,-41.229,0,0,0,-4.450509524,0,0,0,-1,-1,-1,-1,4358.9,176,0.155029,4.99878,2.89795,2.89673,2.99805,2.31079,39.0188,14.2809,2,391.374,1332.75,35.5519,35.0302,30.0002,34.7314,34.558,-1,40,10,-999.9,400,20,99.7263,85.8417
84,1786470051,10630.5,20260811 12:40:51,12:40:51,15,1786470043,0.00174128,1.741279528,1.10983355,385.2696129,325.3960299,33.11477911,39.20797108,0.046537923,2.958272428,0.046134997,0.028870284,266.1489133,37.9943284,36.97436452,6.296061952,41.84669308,2.623356156,6.268968854,3.672705797,-76.79042718,-12.59479402,-1.013154033,175.750538,3.265066721,1.614603868,1.10983355,400.8133607,397.1946909,0.243197191,66.73883889,1.741279528,23.39812044,25.95121394,0.027489108,78.43,0,0,1,0,52032.02844,1499.994516,1273.855388,0.84924003,0.177433258,6,0.5,0: Broadleaf,2,TRUE,1786470043,385.2696129,391.6543226,25.77790645,23.19423871,426.4986129,30.22840968,365.2906452,101.6676452,0.099973577,36.89539355,36.97436452,999.9,0,0,9997.927097,0,28.87766452,-6.384775194,395.4639032,400.9543871,2.583666129,391.6543226,23.19423871,2.620778065,2.358103548,21.79656774,20.07849355,1499.994516,0.691999387,0.308000548,0,2.697909677,0,20546.92903,13609.51935,49.312,50.3,50,49,49,1037.995161,462,0,1786469989,0,1786459371,09:42:50,1786208397,1786459371,1,-2.566,-0.971,-41.229,-4.451,412,17,0.91,0.28,-7.367945146,14.49756512,3.486526927,0,2.729488235,-0.311541626,0.239480943,1,2.614172683,-0.849619861,0.096901357,0,1,3,1/3,2.94362,2.76444,0.102683,0.0972815,0.135793,0.113756,27729,18508.2,31693.9,22346.3,36981,26886.2,45621.6,32654.6,1.6037,2.58302,0.114366,0,35.1277,999.9,50.6,36.6,30.7014,62.2597,96.9231,3,0.615257,0,20.3074,5.2137,12.0339,4.9595,3.301,7716.9,9999,9999,152.4,4.973,1.8754,1.88159,1.8811,1.87876,1.87453,1.87453,1.87683,0,0,0,0,11111111,oooooooo,on,on,on,on,0,100,100,-41.229,-4.4505,-41.229,0,0,0,-4.450509524,0,0,0,-1,-1,-1,-1,4360.9,178,0.155029,4.99878,2.89795,2.89673,2.99805,2.32056,39.0436,14.2634,2,390.681,1336.71,35.5956,35.0478,30,34.7568,34.5831,-1,40,10,-999.9,400,20,99.7321,85.8215
85,1786470171,10750.5,20260811 12:42:51,12:42:51,15,1786470163,0.001906667,1.906667245,1.01874115,401.8314516,347.3697801,35.34858469,40.89064137,0.051331951,2.960351739,0.050842548,0.031820174,266.1490294,38.02396194,37.02759032,6.314379781,42.36812362,2.666610692,6.293907928,3.64776909,-84.08402551,-9.495080068,-0.76373474,171.8061891,3.133564863,1.809406597,1.01874115,415.4602765,414.1415152,-0.054988024,66.73883889,1.906667245,23.35742034,26.30112727,0.012915108,78.43,0,0,1,0,52078.53745,1499.992903,1273.854226,0.849240169,0.177433526,6,0.5,0: Broadleaf,2,TRUE,1786470163,401.8314516,408.1805484,26.20472581,23.30700645,443.0604516,30.65523548,364.8369032,101.6607419,0.099937084,36.96809677,37.02759032,999.9,0,0,10010.40258,0,21.3917871,-6.349065452,412.6447419,417.9209355,2.897717419,408.1805484,23.30700645,2.66399129,2.369408065,22.06465484,20.15616774,1499.992903,0.691994742,0.308005065,0,2.580880645,0,20361.01613,13609.49032,49.312,50.25,50,48.937,49,1037.987097,462.0064516,0,1786470109,0,1786459371,09:42:50,1786208397,1786459371,1,-2.566,-0.971,-41.229,-4.451,412,17,0.91,0.28,-8.622217293,45.25370597,6.001108952,0,2.582608824,0.074131388,0.249750178,1,2.907376341,-0.100859164,0.042246127,0,1,3,1/3,2.94339,2.7646,0.105624,0.0981827,0.136827,0.113431,27638.7,18491,31694.5,22347.8,36937.5,26898.2,45622.3,32657.2,1.60363,2.58153,0.117682,0,35.1469,999.9,50.6,36.6,30.7024,62.1697,96.9231,3,0.613112,0,20.3075,5.2116,12.0339,4.95965,3.301,7716.9,9999,9999,152.5,4.97298,1.87539,1.88157,1.88108,1.87873,1.87448,1.87453,1.87683,0,0,0,0,11111111,oooooooo,on,on,on,on,0,100,100,-41.229,-4.4505,-41.229,0,0,0,-4.450509524,0,0,0,-1,-1,-1,-1,4362.9,180,0.155029,4.99878,2.89795,2.89795,2.99805,2.32666,39.0683,14.2634,2,390.624,1334.49,35.6371,35.035,29.9999,34.7536,34.5831,-1,40,10,-999.9,400,20,99.7337,85.8279
86,1786470291,10870.5,20260811 12:44:51,12:44:51,15,1786470283,0.001956688,1.956688278,1.663327131,386.936129,314.8981387,32.04210255,39.37224645,0.052635253,2.958676597,0.052120529,0.032621157,266.1503036,38.08651176,37.11482903,6.34450333,42.63137612,2.694163002,6.319671677,3.650340328,-86.28995304,-11.46657945,-0.923558022,167.4702131,0.105845611,2.026022355,1.663327131,397.7313184,395.9194242,-0.137189018,66.73883889,1.956688278,23.35557645,26.47680364,0.001470343,78.43,0,0,1,0,52018.41408,1500.010645,1273.868323,0.849239522,0.177432277,6,0.5,0: Broadleaf,2,TRUE,1786470283,386.936129,388.3999032,26.47725484,23.23252581,428.165129,30.92776452,364.723,101.653871,0.099993558,37.04294194,37.11482903,999.9,0,0,10001.57419,0,20.26414839,-1.463714516,397.4598065,397.6380323,3.24472871,388.3999032,23.23252581,2.691515806,2.361677419,22.23340645,20.10323871,1500.010645,0.692015484,0.307985032,0,2.592503226,0,20034.69677,13609.74194,49.375,50.437,50.07012903,49.137,49.07825806,1038.03129,461.9793548,0,1786470229,0,1786459371,09:42:50,1786208397,1786459371,1,-2.566,-0.971,-41.229,-4.451,412,17,0.91,0.28,-2.478325425,-7.606318368,5.601796436,0,2.580891176,0.415845685,0.242911982,1,3.28283025,-1.197096248,0.1448624,0,1,3,1/3,2.943,2.76444,0.102411,0.0973101,0.137341,0.113623,27738.8,18508.5,31695.3,22347.3,36916.3,26891.8,45623.4,32656.4,1.60303,2.5832,0.116639,0,35.2561,999.9,50.6,36.6,30.704,62.1697,96.9231,3,0.61326,0,20.3075,5.21265,12.0339,4.9593,3.301,7716.9,9999,9999,152.5,4.973,1.87544,1.88162,1.88109,1.8787,1.87448,1.87454,1.87684,0,0,0,0,11111111,oooooooo,on,on,on,on,0,100,100,-41.229,-4.4505,-41.229,0,0,0,-4.450509524,0,0,0,-1,-1,-1,-1,4364.9,182,0.155029,4.99878,2.89795,2.89673,2.99805,2.31445,39.118,14.2371,2,390.319,1337.26,35.7303,35.035,30.0003,34.7584,34.5957,-1,40,10,-999.9,400,20,99.7362,85.8259
87,1786470411,10990.5,20260811 12:46:51,12:46:51,15,1786470403,0.001997236,1.997235924,2.688860571,362.0459032,261.3212937,26.5890894,36.83768265,0.053049337,2.95678363,0.052526195,0.032875444,266.1483702,38.13104225,37.16082258,6.360435081,42.0156908,2.663137711,6.338436095,3.69729737,-88.07810425,-10.12794491,-0.81665827,167.1256627,1.952812693,2.243259258,2.688860571,377.1915444,371.4530545,0.168566704,66.73883889,1.997235924,22.81213127,26.06854303,-0.006837983,78.43,0,0,1,0,51955.65015,1499.984839,1273.847777,0.849240435,0.17743404,6,0.5,0: Broadleaf,2,TRUE,1786470403,362.0459032,366.5924194,26.17369032,22.58159032,403.2749032,30.62420645,364.8915484,101.6486774,0.099974684,37.0972871,37.16082258,999.9,0,0,9991.35129,0,19.52762258,-4.546578871,371.776871,375.0631613,3.592094516,366.5924194,22.58159032,2.660521935,2.295390323,22.04319677,19.64366774,1499.984839,0.691985806,0.308014194,0,2.478867742,0,19534.66129,13609.38387,49.5,50.61890323,50.187,49.30393548,49.19106452,1037.967742,462.0170968,0,1786470349,0,1786459371,09:42:50,1786208397,1786459371,1,-2.566,-0.971,-41.229,-4.451,412,17,0.91,0.28,-1.807689875,-87.35531497,8.670464119,0,2.532373529,-0.414317796,0.214389705,1,3.61280175,-1.80826818,0.227997657,0,1,3,1/3,2.94265,2.7644,0.0981204,0.0935398,0.136077,0.11211,27868.9,18589.9,31692.7,22352.4,36967.3,26943.9,45619.5,32664.1,1.6023,2.58297,0.112727,0,35.3327,999.9,49.5,36.6,30.0377,62.2597,96.9231,3,0.618697,0,20.3066,5.20816,12.0339,4.95875,3.30032,7716.9,9999,9999,152.5,4.97299,1.87542,1.88158,1.88109,1.87872,1.87453,1.87452,1.87683,0,0,0,0,11111111,oooooooo,on,on,on,on,0,100,100,-41.229,-4.4506,-41.229,0,0,0,-4.450509524,0,0,0,-1,-1,-1,-1,4366.9,184,0.155029,4.99878,2.89795,2.89795,2.99805,2.31323,39.1676,14.2196,2,390.131,1337.82,35.8029,35.0863,30.0003,34.7996,34.6388,-1,40,10,-999.9,400,20,99.7279,85.8458
88,1786470531,11110.5,20260811 12:48:51,12:48:51,15,1786470523,0.002103212,2.103211715,1.929421301,379.1658065,304.2869777,30.95910552,38.57751094,0.057104405,2.95811178,0.056498989,0.035365727,266.1509161,38.08690334,37.12593548,6.348347329,43.10747949,2.729864644,6.332693714,3.618482685,-92.75163662,-7.218681932,-0.581666046,165.5989315,5.208480924,1.984711342,1.929421301,403.0694662,393.7551212,0.84085699,66.73883889,2.103211715,23.66250046,26.91401697,0.013605316,78.43,0,0,1,0,51995.882,1500.000323,1273.860823,0.849240366,0.177433906,6,0.5,0: Broadleaf,2,TRUE,1786470523,379.1658065,388.9720968,26.83095161,23.65356452,420.3948065,31.28145806,364.7260323,101.643129,0.099987777,37.08067097,37.12593548,999.9,0,0,9999.427419,0,20.65029032,-9.806263871,389.6198387,398.3958387,3.177377419,388.9720968,23.65356452,2.727181935,2.404223226,22.44980323,20.39217419,1500.000323,0.691987065,0.308012935,0,2.58196129,0,19486.46452,13609.52258,49.516,50.683,50.25,49.32216129,49.25,1037.981935,462.0183871,0,1786470469,0,1786459371,09:42:50,1786208397,1786459371,1,-2.566,-0.971,-41.229,-4.451,412,17,0.91,0.28,-6.369971488,-59.45804628,7.308961993,0,2.555538235,0.097343009,0.248021675,1,3.19771439,-0.318943066,0.072382866,0,1,3,1/3,2.94325,2.76443,0.10201,0.0965913,0.138627,0.113939,27749.3,18521.4,31693.4,22345.3,36859.8,26879.8,45620.9,32653.6,1.60327,2.5815,0.118911,0,35.2124,999.9,50.8,36.7,30.998,61.9597,96.9231,3,0.618364,0,20.3075,5.2113,12.0339,4.9594,3.301,7716.9,9999,9999,152.6,4.97301,1.87544,1.8816,1.8811,1.87871,1.87454,1.87452,1.87684,0,0,0,0,11111111,oooooooo,on,on,on,on,0,100,100,-41.229,-4.4505,-41.229,0,0,0,-4.450509524,0,0,0,-1,-1,-1,-1,4368.9,186,0.155029,4.99878,2.89795,2.89673,2.99805,2.29858,39.1924,14.2021,2,390.739,1335.78,35.7911,35.0991,30.0002,34.8139,34.646,-1,40,10,-999.9,400,20,99.7306,85.8182
89,1786470651,11230.5,20260811 12:50:51,12:50:51,15,1786470643,0.00203247,2.03246975,1.46093046,383.6244516,319.4423398,32.5006728,39.03068325,0.054707643,2.958700215,0.054151824,0.033894358,266.150219,38.132278,37.14533871,6.355067734,42.67389077,2.706461081,6.342194331,3.648606653,-89.63191596,-5.931178658,-0.477935095,170.1091893,6.091393078,1.945182927,1.46093046,405.8482993,398.7025333,0.649404103,66.73883889,2.03246975,23.71503743,26.74849636,0.026154779,78.43,0,0,1,0,52007.8926,1499.996774,1273.857774,0.849240342,0.177433861,6,0.5,0: Broadleaf,2,TRUE,1786470643,383.6244516,394.8763548,26.60124194,23.48541935,424.8534516,31.05174516,364.611,101.6419032,0.100003694,37.10815484,37.14533871,999.9,0,0,10002.88581,0,19.90545484,-11.25193645,394.1084194,404.3735806,3.115815806,394.8763548,23.48541935,2.703801935,2.387103871,22.30820323,20.27612258,1499.996774,0.691989935,0.308010065,0,2.576283871,0,19186.63226,13609.50968,49.562,50.639,50.28,49.312,49.25,1037.980645,462.016129,0,1786470589,0,1786459371,09:42:50,1786208397,1786459371,1,-2.566,-0.971,-41.229,-4.451,412,17,0.91,0.28,-12.31943732,18.72307129,4.327259014,0,2.581347059,0.005280364,0.223152927,1,3.17984,-1.515710801,0.164080338,0,1,3,1/3,2.94354,2.76438,0.102868,0.0979265,0.13815,0.11433,27721.8,18492.4,31692.4,22343.5,36878.7,26865.4,45619.1,32650.5,1.60368,2.57965,0.117086,0,35.2673,999.9,50.6,36.7,30.8813,61.9297,96.9231,3,0.620178,0,20.3073,5.21325,12.0339,4.9597,3.301,7716.9,9999,9999,152.6,4.97303,1.87542,1.88158,1.88109,1.87871,1.87453,1.87451,1.87683,0,0,0,0,11111111,oooooooo,on,on,on,on,0,100,100,-41.229,-4.4505,-41.229,0,0,0,-4.450509524,0,0,0,-1,-1,-1,-1,4370.9,188,0.155029,4.99878,2.89795,2.89673,2.99805,2.28271,39.1924,14.1846,2,391.039,1333.44,35.8021,35.112,30.0002,34.8298,34.6649,-1,40,10,-999.9,400,20,99.7269,85.8106
90,1786470771,11350.6,20260811 12:52:51,12:52:51,15,1786470763,0.002030182,2.030181851,2.797603742,375.4810645,273.4544051,27.82103071,38.20114078,0.05467908,2.958107254,0.054123728,0.033876756,266.1549848,38.08749549,37.08820968,6.335298462,42.49310877,2.688297382,6.326431414,3.647001081,-89.53101965,-4.094455643,-0.329833897,172.1996756,7.00870013,1.9128261,2.797603742,398.4198142,390.484097,0.447030091,66.73883889,2.030181851,23.43582028,26.56031152,0.01492858,78.43,0,0,1,0,51998.71427,1500.029677,1273.885161,0.849239972,0.177433146,6,0.5,0: Broadleaf,2,TRUE,1786470763,375.4810645,388.1920645,26.42341935,23.35991613,416.7100645,30.87393226,364.7359032,101.6392581,0.099935706,37.06253548,37.08820968,999.9,0,0,9999.782581,0,20.43017419,-12.71100613,385.6722903,397.4770645,3.063505484,388.1920645,23.35991613,2.685655161,2.374282903,22.19751613,20.18940323,1500.029677,0.692000129,0.307999871,0,2.421916129,0,18904.30645,13609.84194,49.562,50.643,50.312,49.312,49.25,1038.021935,462.0077419,0,1786470709,0,1786459371,09:42:50,1786208397,1786459371,1,-2.566,-0.971,-41.229,-4.451,412,17,0.91,0.28,-15.94691439,68.62941408,7.009081992,0,2.464302941,-0.262158897,0.211719096,1,3.031837317,0.751001394,0.088288349,0,1,3,1/3,2.94291,2.76439,0.101427,0.0950399,0.137567,0.113615,27768,18555.9,31694.2,22348.6,36905.5,26893,45621.5,32657.8,1.60245,2.58225,0.118751,0,35.1707,999.9,50,36.7,30.5134,62.1588,96.9231,3,0.618491,0,20.3072,5.21325,12.0339,4.95975,3.301,7716.9,9999,9999,152.6,4.97299,1.87543,1.88159,1.88109,1.87873,1.87452,1.87453,1.87683,0,0,0,0,11111111,oooooooo,on,on,on,on,0,100,100,-41.229,-4.4506,-41.229,0,0,0,-4.450509524,0,0,0,-1,-1,-1,-1,4372.9,190,0.155029,4.99878,2.89795,2.89673,2.99805,2.34619,39.2173,14.1933,2,390.368,1337.13,35.792,35.1087,30.0001,34.8298,34.6618,-1,40,10,-999.9,400,20,99.7324,85.8301
91,1786470891,11470.6,20260811 12:54:51,12:54:51,15,1786470883,0.002032843,2.03284345,1.621527189,379.3727419,312.1953789,31.76177555,38.59618909,0.055859673,2.958296119,0.055280254,0.034601716,266.1476741,38.06073706,37.05247419,6.322959504,43.5070632,2.748543511,6.317465048,3.574415993,-89.64839616,-2.540998563,-0.204619073,173.7536603,4.382300331,1.874324006,1.621527189,394.4828265,391.2711576,0.066012655,66.73883889,2.03284345,24.08954315,27.1733503,0.020277221,78.43,0,0,1,0,52008.36707,1499.983871,1273.846684,0.849240254,0.177433691,6,0.5,0: Broadleaf,2,TRUE,1786470883,379.3727419,387.7580968,27.01620323,24.01381613,420.6017419,31.46671613,364.4473871,101.636871,0.099982587,37.03654194,37.05247419,999.9,0,0,10001.08871,0,20.33177742,-8.38536,389.9067742,397.2987097,3.002385484,387.7580968,24.01381613,2.745845806,2.44069129,22.56199032,20.63622903,1499.983871,0.691992032,0.308007968,0,2.500048387,0,18665.16774,13609.38387,49.512,50.562,50.25,49.24187097,49.19106452,1037.976129,462.0077419,0,1786470829,0,1786459371,09:42:50,1786208397,1786459371,1,-2.566,-0.971,-41.229,-4.451,412,17,0.91,0.28,-8.04491745,4.908023212,4.158274593,0,2.493535294,-0.046466003,0.162679596,1,3.04424775,-0.506739625,0.0806586,0,1,3,1/3,2.94301,2.76439,0.101548,0.09675,0.139417,0.116052,27764.9,18511.7,31694.9,22337.5,36827.1,26806,45622.3,32641.7,1.60245,2.58308,0.11912,0,35.1311,999.9,51.2,36.7,31.2455,62.1288,96.9231,3,0.617091,0,20.3076,5.21429,12.0339,4.9596,3.301,7716.9,9999,9999,152.7,4.97303,1.87545,1.88159,1.88109,1.87878,1.87454,1.87454,1.87683,0,0,0,0,11111111,oooooooo,on,on,on,on,0,100,100,-41.229,-4.4505,-41.229,0,0,0,-4.450509524,0,0,0,-1,-1,-1,-1,4374.9,192,0.155029,4.99878,2.89795,2.89673,2.99805,2.28394,39.2422,14.1846,2,390.303,1338.23,35.7463,35.0863,30.0001,34.8171,34.6523,-1,40,10,-999.9,400,20,99.7343,85.7875
92,1786471011,11590.6,20260811 12:56:51,12:56:51,15,1786471003,0.002037182,2.037181622,2.04861159,380.6153871,301.6309965,30.68690703,38.72250907,0.056077058,2.958916838,0.055493267,0.034735237,266.1507001,38.01239667,37.01235161,6.30913061,43.49046817,2.740443888,6.301251752,3.568686723,-89.83970954,-3.652004584,-0.293899365,172.3650866,2.622438934,1.946532101,2.04861159,395.0493969,391.5487152,0.006033086,66.73883889,2.037181622,23.93311964,27.05832848,0.016485515,78.43,0,0,1,0,52033.82604,1499.997097,1273.858268,0.849240489,0.177434143,6,0.5,0: Broadleaf,2,TRUE,1786471003,380.6153871,386.1559355,26.93666129,23.81642581,421.8444194,31.38716452,364.2223226,101.6366129,0.099970494,36.98945806,37.01235161,999.9,0,0,10004.63548,0,20.24614194,-5.540546452,391.1516774,395.5773548,3.120235161,386.1559355,23.81642581,2.737753226,2.420622258,22.51344839,20.50224194,1499.997097,0.691983742,0.308016258,0,2.498429032,0,18424.88065,13609.4871,49.48170968,50.437,50.187,49.125,49.157,1037.973548,462.0235484,0,1786470949,0,1786459371,09:42:50,1786208397,1786459371,1,-2.566,-0.971,-41.229,-4.451,412,17,0.91,0.28,-6.645338049,10.26908718,2.842732894,0,2.523170588,-0.212522539,0.255463507,1,3.126102683,-0.20186676,0.056243958,0,1,3,1/3,2.94289,2.76442,0.101601,0.0953756,0.139065,0.115336,27762.8,18541.7,31694.3,22339.7,36841.4,26830.4,45621.4,32645,1.60222,2.57643,0.11728,0,35.1158,999.9,50.9,36.7,31.0586,62.2188,96.9231,3,0.617543,0,20.3074,5.21444,12.0339,4.9597,3.301,7716.9,9999,9999,152.7,4.97297,1.87542,1.88158,1.88104,1.87872,1.87452,1.87453,1.87683,0,0,0,0,11111111,oooooooo,on,on,on,on,0,100,100,-41.229,-4.4505,-41.229,0,0,0,-4.450509524,0,0,0,-1,-1,-1,-1,4376.9,194,0.155029,4.99878,2.89795,2.89673,2.99805,2.34009,39.2422,14.1671,2,390.18,1328.53,35.7104,35.0838,30.0001,34.8171,34.6523,-1,40,10,-999.9,400,20,99.7323,85.7962
93,1786471131,11710.6,20260811 12:58:51,12:58:51,15,1786471123,0.002279006,2.27900569,2.003162198,375.9495161,305.2845606,31.05738441,38.24631229,0.063575199,2.956681913,0.062825418,0.039332514,266.1518742,37.85700587,36.9090871,6.273659524,43.81787851,2.746899631,6.268901472,3.526759893,-100.5041509,-2.214126244,-0.178148724,163.2554483,-0.10325364,2.200252139,2.003162198,382.4465553,383.5618242,-0.62211718,66.73883889,2.27900569,23.17458719,26.93448242,-0.012573662,78.43,0,0,1,0,51986.31878,1500.002581,1273.863029,0.849240558,0.177434278,6,0.5,0: Broadleaf,2,TRUE,1786471123,375.9495161,377.1420645,27.00118065,23.47451613,417.1785161,31.45168387,364.2267742,101.6325806,0.099994194,36.89519677,36.9090871,999.9,0,0,9992.357097,0,20.04235484,-1.192592581,386.3822581,386.2090323,3.526662581,377.1420645,23.47451613,2.744197419,2.385774194,22.55219355,20.26696452,1500.002581,0.691983,0.308017,0,2.577629032,0,18184.28065,13609.52581,49.375,50.312,50.10264516,48.97358065,49.062,1037.973871,462.0287097,0,1786471069,0,1786459371,09:42:50,1786208397,1786459371,1,-2.566,-0.971,-41.229,-4.451,412,17,0.91,0.28,-1.472338095,19.51553064,3.028446347,0,2.591623529,0.136699775,0.215102017,1,3.50139561,1.33273777,0.171522939,0,1,3,1/3,2.94305,2.76429,0.100089,0.0919486,0.138628,0.112245,27811.1,18622.8,31696,22352.6,36862.2,26940.2,45624.3,32664.6,1.60308,2.58343,0.117436,0,34.9923,999.9,49.8,36.8,30.5587,62.0388,96.9231,3,0.615971,0,20.3074,5.2128,12.0339,4.9595,3.301,7716.9,9999,9999,152.7,4.973,1.87543,1.88157,1.88109,1.87875,1.87454,1.87454,1.87683,0,0,0,0,11111111,oooooooo,on,on,on,on,0,100,100,-41.229,-4.4505,-41.229,0,0,0,-4.450509524,0,0,0,-1,-1,-1,-1,4378.9,196,0.155029,4.99878,2.89795,2.89673,2.99805,2.26929,39.2422,14.1408,2,390.556,1338.32,35.6376,35.0653,30,34.7995,34.6334,-1,40,10,-999.9,400,20,99.7383,85.8469
94,1786471251,11830.6,20260811 13:00:51,13:00:51,15,1786471243,0.002065485,2.065485159,2.727005937,374.756871,280.3650197,28.5209996,38.12330289,0.058232362,2.959415464,0.05760321,0.036057966,266.1513007,37.82019327,36.80754194,6.238948006,44.12490807,2.75247481,6.237916248,3.486473196,-91.08789551,-0.482761387,-0.038771035,174.5418727,3.307004265,1.992683781,2.727005937,393.1057904,386.3339212,0.300881074,66.73883889,2.065485159,23.78596894,27.09362788,5.85628E-05,78.43,0,0,1,0,52078.83071,1500.004839,1273.864442,0.849240222,0.177433628,6,0.5,0: Broadleaf,2,TRUE,1786471243,374.756871,381.4303548,27.05717419,23.8655,415.985871,31.5076871,364.4671613,101.6281613,0.099934571,36.80451613,36.80754194,999.9,0,0,10008.2971,0,19.36099677,-6.673522258,385.1788387,390.7559032,3.191672581,381.4303548,23.8655,2.749772258,2.425409355,22.58560968,20.53435484,1500.004839,0.691993,0.308007,0,2.482822581,0,17745.20968,13609.56774,49.308,50.24390323,50,48.903,48.98983871,1037.992258,462.0125806,0,1786471189,0,1786459371,09:42:50,1786208397,1786459371,1,-2.566,-0.971,-41.229,-4.451,412,17,0.91,0.28,-5.424916276,-24.68996427,2.889023641,0,2.50505,-0.776511847,0.254762417,1,3.159952683,1.033071638,0.110305132,0,1,3,1/3,2.94287,2.76458,0.100682,0.0945339,0.139154,0.114671,27796.4,18563.6,31700,22345,36844.3,26856.9,45630.2,32652.7,1.60273,2.58162,0.12226,0,34.8326,999.9,50.5,36.8,30.9886,61.9789,96.9231,3,0.609901,0,20.3076,5.21459,12.0339,4.9595,3.301,7716.9,9999,9999,152.8,4.97295,1.87545,1.88157,1.8811,1.87873,1.87452,1.87454,1.87683,0,0,0,0,11111111,oooooooo,on,on,on,on,0,100,100,-41.229,-4.4505,-41.229,0,0,0,-4.450509524,0,0,0,-1,-1,-1,-1,4380.9,198,0.155029,4.99878,2.89795,2.89673,2.99805,2.2876,39.2671,14.1408,2,390.143,1334.85,35.5606,35.0125,29.9999,34.7559,34.5925,-1,40,10,-999.9,400,20,99.751,85.8164
95,1786471371,11950.6,20260811 13:02:51,13:02:51,15,1786471363,0.002114898,2.114897634,1.99683956,384.4069677,310.2230274,31.55666804,39.10284538,0.059473548,2.956900863,0.058816901,0.036818956,266.1482388,37.78773735,36.78384516,6.230871699,43.88432584,2.734386647,6.230895873,3.496485052,-93.26698567,0.011313141,0.000909147,172.8934754,-3.453152762,2.063907764,1.99683956,383.5770405,388.4079515,-1.135057403,66.73883889,2.114897634,23.42353353,26.87474061,-0.007384701,78.43,0,0,1,0,52010.98006,1500.00129,1273.860168,0.849239382,0.177432007,6,0.5,0: Broadleaf,2,TRUE,1786471363,384.4069677,380.0277419,26.88083871,23.57402903,425.6359677,31.33134516,364.4167742,101.6224839,0.100035906,36.78391613,36.78384516,999.9,0,0,9994.59129,0,20.24942258,4.379165484,395.0253548,389.2038387,3.306814194,380.0277419,23.57402903,2.731697419,2.39565,22.47702581,20.33413871,1500.00129,0.692022,0.307979,0,2.539512903,0,17637.9,13609.66774,49.2113871,50.129,49.917,48.81606452,48.879,1038.032258,461.9696774,0,1786471309,0,1786459371,09:42:50,1786208397,1786459371,1,-2.566,-0.971,-41.229,-4.451,412,17,0.91,0.28,-0.448648293,79.02105786,8.312421637,0,2.541852941,-0.050249051,0.229170315,1,3.281660244,0.82046676,0.131509811,0,1,3,1/3,2.94328,2.76432,0.10094,0.0911196,0.138495,0.113108,27792.8,18640.3,31704.5,22352.9,36876.8,26914.2,45636.1,32664.7,1.60445,2.58477,0.121687,0,34.8033,999.9,49.8,36.8,30.5624,62.3389,96.9231,3,0.60216,0,20.3075,5.21444,12.0339,4.9595,3.301,7716.9,9999,9999,152.8,4.97298,1.87545,1.88159,1.8811,1.87876,1.87453,1.87454,1.87683,0,0,0,0,11111111,oooooooo,on,on,on,on,0,100,100,-41.229,-4.4505,-41.229,0,0,0,-4.450509524,0,0,0,-1,-1,-1,-1,4382.9,200,0.155029,4.99878,2.89795,2.89673,2.99805,2.31201,39.2422,14.1233,2,390.733,1338.18,35.5222,34.935,29.9997,34.6863,34.5274,-1,40,10,-999.9,400,20,99.7644,85.8475
96,1786471491,12070.6,20260811 13:04:51,13:04:51,15,1786471483,0.002066685,2.066684719,1.717976863,385.8394516,318.9839207,32.44692561,39.24744531,0.059101378,2.958020774,0.058453119,0.03659085,266.1502581,37.73124025,36.72706774,6.211557808,44.68691491,2.773977915,6.207584303,3.437579893,-91.14079611,-1.865831947,-0.149794334,172.9938357,6.46868958,1.968025313,1.717976863,406.3735205,400.6562909,0.391200286,66.73883889,2.066684719,24.1244022,27.33953091,0.010656519,78.43,0,0,1,0,52054.14055,1500.008065,1273.866345,0.849239664,0.177432551,6,0.5,0: Broadleaf,2,TRUE,1786471483,385.8394516,397.725,27.27082258,24.12291613,427.0684839,31.72133548,364.8816774,101.6196129,0.100014632,36.71536774,36.72706774,999.9,0,0,10001.22516,0,19.84531935,-11.88549903,396.6566129,407.5565161,3.147908387,397.725,24.12291613,2.77124871,2.451360323,22.71380645,20.70709677,1500.008065,0.69201129,0.307989161,0,2.554716129,0,17488.98065,13609.69677,49.125,50.062,49.83029032,48.73577419,48.812,1038.021935,461.9854839,0,1786471429,0,1786459371,09:42:50,1786208397,1786459371,1,-2.566,-0.971,-41.229,-4.451,412,17,0.91,0.28,-10.77000537,-13.78882829,2.677385526,0,2.560873529,-0.443387324,0.250622704,1,3.143494634,0.172022509,0.036405624,0,1,3,1/3,2.94367,2.76436,0.103287,0.098151,0.139926,0.115932,27723.9,18486,31708.4,22340.4,36819.4,26813.9,45641.2,32646.6,1.60545,2.58137,0.121847,0,34.7603,999.9,51.1,36.8,31.3602,62.2189,96.9231,3,0.594507,0,20.3077,5.21489,12.0339,4.9596,3.301,7716.9,9999,9999,152.8,4.97301,1.87539,1.88157,1.88109,1.87871,1.87453,1.87453,1.87683,0,0,0,0,11111111,oooooooo,on,on,on,on,0,100,100,-41.229,-4.4506,-41.229,0,0,0,-4.450509524,0,0,0,-1,-1,-1,-1,4384.9,202,0.155029,4.99878,2.89795,2.89673,2.99805,2.34131,39.2422,14.1233,2,390.902,1331.79,35.4543,34.8467,29.9999,34.6122,34.4608,-1,40,10,-999.9,400,20,99.7761,85.7998
97,1786471611,12190.6,20260811 13:06:51,13:06:51,15,1786471603,0.00202308,2.023080216,2.386328753,380.3540323,294.76026,29.98307349,38.68968938,0.057907005,2.957514967,0.057284428,0.035858145,266.1535791,37.63825501,36.61629677,6.174026606,44.37659643,2.73902286,6.17222383,3.435003746,-89.21783751,-0.850719144,-0.068238689,176.0167838,1.670292673,2.072123099,2.386328753,396.8846337,391.0284909,0.254400792,66.73883889,2.023080216,23.73385307,26.92517818,0.005475152,78.43,0,0,1,0,52057.37914,1500.022581,1273.879059,0.849239921,0.177433048,6,0.5,0: Broadleaf,2,TRUE,1786471603,380.3540323,384.3974194,26.92702903,23.61077419,421.5830323,31.37754194,364.8079677,101.6201935,0.100009477,36.61096129,36.61629677,999.9,0,0,9998.299032,0,15.15609355,-4.043243006,390.8792903,393.693,3.316264194,384.3974194,23.61077419,2.736329677,2.399329032,22.50491613,20.35909355,1500.022581,0.692002645,0.307997387,0,2.582951613,0,16986.11935,13609.78387,49.012,49.911,49.74593548,48.57012903,48.70325806,1038.02,462.0032258,0,1786471549,0,1786459371,09:42:50,1786208397,1786459371,1,-2.566,-0.971,-41.229,-4.451,412,17,0.91,0.28,-1.955592273,-40.4654172,4.546378361,0,2.556911765,0.296351411,0.20770417,1,3.369069024,-1.420854146,0.155553027,0,1,3,1/3,2.94368,2.76425,0.101543,0.0948658,0.138715,0.114485,27780.4,18560,31711,22348.1,36874.1,26867.1,45645.5,32657.8,1.60613,2.58343,0.121225,0,34.6632,999.9,50.3,36.8,30.8685,62.1589,96.9231,3,0.587609,0,20.3079,5.2134,12.0339,4.9596,3.301,7716.9,9999,9999,152.9,4.97298,1.87541,1.88156,1.88109,1.87869,1.87454,1.87453,1.87683,0,0,0,0,11111111,oooooooo,on,on,on,on,0,100,100,-41.229,-4.4505,-41.229,0,0,0,-4.450509524,0,0,0,-1,-1,-1,-1,4386.9,204,0.155029,4.99878,2.89795,2.89673,2.99805,2.34131,39.2173,14.1058,2,390.882,1333.24,35.3691,34.7673,29.9997,34.5359,34.3853,-1,40,10,-999.9,400,20,99.785,85.8294
98,1786471731,12310.6,20260811 13:08:51,13:08:51,15,1786471723,0.002057496,2.057495984,1.39901761,411.3175484,351.8855504,35.79482418,41.8404203,0.059361852,2.958046459,0.058707905,0.036750595,266.1472859,37.6847802,36.68838387,6.198428566,45.08035208,2.790936855,6.191027192,3.407491711,-90.73557291,-3.48271077,-0.279481094,171.6495211,2.643004052,2.007588975,1.39901761,426.2419645,423.2496424,0.08720382,66.73883889,2.057495984,24.1823446,27.46939394,0.001094196,78.43,0,0,1,0,52063.14458,1499.982258,1273.845261,0.849240219,0.177433623,6,0.5,0: Broadleaf,2,TRUE,1786471723,411.3175484,417.031871,27.43665806,24.22016129,452.5465484,31.88716774,364.2175161,101.6229355,0.099980206,36.66654516,36.68838387,999.9,0,0,10001.04387,0,14.5892871,-5.714242581,422.9211613,427.3830968,3.216493871,417.031871,24.22016129,2.788194516,2.461325161,22.81435161,20.77299032,1499.982258,0.691992774,0.308007161,0,2.648732258,0,16754.13548,13609.37419,48.937,49.875,49.667,48.562,48.629,1037.976774,462.0054839,0,1786471669,0,1786459371,09:42:50,1786208397,1786459371,1,-2.566,-0.971,-41.229,-4.451,412,17,0.91,0.28,-4.47441895,-12.36726874,2.774728869,0,2.648170588,0.202102365,0.143915086,1,3.2068665,0.365625816,0.044328305,0,1,3,1/3,2.94281,2.76445,0.107221,0.101982,0.140372,0.116441,27609.8,18406.9,31716.3,22339.1,36808.4,26797.3,45652.3,32644.8,1.6048,2.5891,0.125207,0,34.6762,999.9,51.4,36.9,31.715,62.1289,96.9231,3,0.576771,0,20.3078,5.21265,12.0339,4.95945,3.301,7716.9,9999,9999,152.9,4.97299,1.87541,1.88156,1.88109,1.8787,1.87451,1.87449,1.87683,0,0,0,0,11111111,oooooooo,on,on,on,on,0,100,100,-41.229,-4.4505,-41.229,0,0,0,-4.450509524,0,0,0,-1,-1,-1,-1,4388.9,206,0.155029,4.99878,2.89795,2.89673,2.99805,2.31323,39.1924,14.0795,2,389.653,1339.59,35.3595,34.6606,29.9997,34.4372,34.2896,-1,40,10,-999.9,400,20,99.8006,85.7949
99,1786471851,12430.6,20260811 13:10:51,13:10:51,15,1786471843,0.002066981,2.066981091,2.008850974,434.0034839,357.336747,36.34866067,44.14727984,0.059556517,2.957313772,0.058898139,0.036869883,266.1436787,37.73939348,36.76227742,6.223528899,45.28377424,2.812266123,6.210317425,3.411262777,-91.15386613,-6.195838166,-0.497642801,168.2963316,-1.876794587,2.125730394,2.008850974,447.3262673,443.6141697,0.045135333,66.73883889,2.066981091,24.24316155,27.60422121,-0.006489593,78.43,0,0,1,0,52032.79918,1499.966129,1273.831178,0.849239961,0.177433126,6,0.5,0: Broadleaf,2,TRUE,1786471843,434.0034839,432.4339355,27.64685161,24.2470129,475.2324839,32.09736452,364.7750645,101.6210323,0.099994132,36.72341613,36.76227742,999.9,0,0,9997.075484,0,14.51061935,1.569578774,446.3434839,443.1796774,3.399839677,432.4339355,24.2470129,2.809499677,2.464006129,22.94001935,20.79066774,1499.966129,0.692000355,0.307999613,0,2.508754839,0,16532.58065,13609.27742,48.937,49.94106452,49.679,48.625,48.687,1037.97871,461.9877419,0,1786471789,0,1786459371,09:42:50,1786208397,1786459371,1,-2.566,-0.971,-41.229,-4.451,412,17,0.91,0.28,-0.061643366,15.19290307,4.421951135,0,2.529702941,0.03796333,0.230425062,1,3.38297878,0.203600488,0.038365903,0,1,3,1/3,2.94322,2.76437,0.110663,0.103038,0.140798,0.11647,27508.9,18385.1,31722.2,22338.6,36796,26796.3,45660.2,32644.5,1.60637,2.59107,0.124425,0,34.7553,999.9,51.6,36.9,31.8418,62.0389,96.9231,3,0.566489,0,20.3079,5.21145,12.0339,4.95955,3.301,7716.9,9999,9999,152.9,4.973,1.87539,1.88157,1.88105,1.87866,1.87449,1.87449,1.87683,0,0,0,0,11111111,oooooooo,on,on,on,on,0,100,100,-41.229,-4.4505,-41.229,0,0,0,-4.450509524,0,0,0,-1,-1,-1,-1,4390.9,208,0.155029,4.99878,2.89795,2.89673,2.99805,2.32422,39.1676,14.0795,2,389.987,1340.48,35.4051,34.5553,29.9997,34.3343,34.1929,-1,40,10,-999.9,400,20,99.8184,85.7936
100,1786471971,12550.6,20260811 13:12:51,13:12:51,15,1786471963,0.002061598,2.061597575,2.276490422,364.2076774,283.2066964,28.80593817,37.04482971,0.05869795,2.957200913,0.058058283,0.036343318,266.1523687,37.56247609,36.56233871,6.155816075,43.92425511,2.701316073,6.149941681,3.454500002,-90.91645305,-2.779715057,-0.222863179,172.2333374,1.745366486,2.105176797,2.276490422,377.6249832,373.8108242,-0.002227912,66.73883889,2.061597575,23.20725872,26.51935394,-0.001617835,78.43,0,0,1,0,52059.45139,1500.013871,1273.871835,0.849240037,0.177433272,6,0.5,0: Broadleaf,2,TRUE,1786471963,364.2076774,368.3362903,26.55809355,23.19012581,405.4366774,31.0086,365.074871,101.6134839,0.099994468,36.54490323,36.56233871,999.9,0,0,9997.178065,0,17.65227097,-4.128678387,374.1442903,377.080871,3.367956452,368.3362903,23.19012581,2.69866,2.356430323,22.27695484,20.06743548,1500.013871,0.691999613,0.308000677,0,2.542274194,0,16727.83226,13609.7,48.937,49.937,49.625,48.625,48.625,1038.007742,462.006129,0,1786471909,0,1786459371,09:42:50,1786208397,1786459371,1,-2.566,-0.971,-41.229,-4.451,412,17,0.91,0.28,-3.379225537,-14.88332645,1.711688729,0,2.522685294,-0.029621084,0.211456514,1,3.395141951,-0.599062578,0.064499354,0,1,3,1/3,2.94364,2.76423,0.0985331,0.091521,0.137557,0.113015,27889.7,18637.6,31728,22357.8,36941.3,26924.5,45669.5,32673,1.6084,2.5914,0.122525,0,34.5751,999.9,49.5,36.9,30.5464,62.1589,96.9231,3,0.5578,0,20.308,5.21355,12.0339,4.9595,3.301,7716.9,9999,9999,153,4.97299,1.87538,1.88156,1.88106,1.87869,1.87443,1.87445,1.87683,0,0,0,0,11111111,oooooooo,on,on,on,on,0,100,100,-41.229,-4.4505,-41.229,0,0,0,-4.450509524,0,0,0,-1,-1,-1,-1,4392.9,210,0.155029,4.99878,2.89795,2.89551,2.99805,2.3645,39.1676,14.0707,2,390.559,1338.83,35.3066,34.4511,29.9998,34.2303,34.0911,-1,40,10,-999.9,400,20,99.8378,85.8681
101,1786472091,12670.6,20260811 13:14:51,13:14:51,15,1786472083,0.001954972,1.95497166,1.759614767,398.9069677,329.0798883,33.46944745,40.57129064,0.057144956,2.956589115,0.056538377,0.035390448,266.1509827,37.55589894,36.53277097,6.145856931,45.34458084,2.783462003,6.138466717,3.362394929,-86.21425022,-3.501562117,-0.280708616,176.1544617,1.974462087,1.926997595,1.759614767,413.6784174,409.9861879,0.100294154,66.73883889,1.95497166,24.37031009,27.42265394,0.009017489,78.43,0,0,1,0,52047.70231,1500.003548,1273.8633,0.849240191,0.177433569,6,0.5,0: Broadleaf,2,TRUE,1786472083,398.9069677,403.421129,27.3676871,24.2833871,440.1359677,31.81819032,364.6065806,101.606129,0.100017816,36.51080323,36.53277097,999.9,0,0,9994.432258,0,17.98064194,-4.514197129,410.1312581,413.4614194,3.084293226,403.421129,24.2833871,2.780724516,2.467342903,22.77010323,20.8126129,1500.003548,0.691993032,0.308006613,0,2.502054839,0,16321.1129,13609.57097,48.875,49.94716129,49.60467742,48.625,48.60467742,1037.992903,462.0106452,0,1786472029,0,1786459371,09:42:50,1786208397,1786459371,1,-2.566,-0.971,-41.229,-4.451,412,17,0.91,0.28,-4.478518561,-8.245627882,2.701410235,0,2.498941176,-0.026300996,0.248603255,1,3.07550561,-0.081299373,0.040458973,1,2,3,2/3,2.9433,2.76429,0.104994,0.0996804,0.140313,0.117011,27692.2,18452.2,31730.4,22335.8,36825.2,26776.8,45672.1,32640.6,1.60747,2.59253,0.126921,0,34.4834,999.9,51.6,36.9,31.8459,61.9489,96.9231,3,0.551222,0,20.3078,5.214,12.0339,4.9595,3.301,7716.9,9999,9999,153,4.973,1.87539,1.88157,1.8811,1.87867,1.87449,1.87448,1.87683,0,0,0,0,11111111,oooooooo,on,on,on,on,0,100,100,-41.229,-4.4505,-41.229,0,0,0,-4.450509524,0,0,0,-1,-1,-1,-1,4394.9,212,0.155029,4.99878,2.89795,2.89795,2.99805,2.30591,39.1676,14.0532,2,389.656,1338.88,35.2317,34.37,29.9999,34.1529,34.012,-1,40,10,-999.9,400,20,99.8443,85.7832
102,1786472211,12790.6,20260811 13:16:51,13:16:51,15,1786472203,0.002051219,2.051219054,1.646915233,380.0279677,316.0624491,32.14235839,38.64741026,0.059618384,2.957889832,0.058958772,0.036907888,266.1486336,37.49970454,36.50787742,6.137483023,44.94232707,2.754068313,6.128005585,3.38341471,-90.45876028,-4.498477554,-0.360371566,170.8310242,-0.9668908,2.128387079,1.646915233,388.1536309,387.4057212,-0.280671424,66.73883889,2.051219054,23.66097908,27.01823273,-0.008811108,78.43,0,0,1,0,52089.58449,1499.99,1273.851823,0.84924021,0.177433605,6,0.5,0: Broadleaf,2,TRUE,1786472203,380.0279677,379.7680323,27.08132258,23.67556129,421.2569677,31.53182903,364.807871,101.5962581,0.099968361,36.47966774,36.50787742,999.9,0,0,10002.78129,0,15.90707742,0.259864862,390.6061613,388.9772903,3.405754516,379.7680323,23.67556129,2.75136129,2.40535,22.59512581,20.39980645,1499.99,0.691991903,0.308007935,0,2.574654839,0,16146.15806,13609.45484,48.875,49.879,49.56606452,48.562,48.562,1037.982581,462.0074194,0,1786472149,0,1786459371,09:42:50,1786208397,1786459371,1,-2.566,-0.971,-41.229,-4.451,412,17,0.91,0.28,-0.55258547,3.425047611,2.975950141,0,2.552873529,0.628682963,0.225396349,1,3.43096878,-0.420452822,0.05846429,0,1,3,1/3,2.94335,2.76447,0.100952,0.0942333,0.139076,0.114781,27818.2,18572.5,31731.3,22346,36878.8,26856.8,45673.3,32655.7,1.60818,2.5976,0.121631,0,34.5348,999.9,50.6,36.8,31.0616,62.3389,96.9231,3,0.549395,0,20.3074,5.20786,12.0339,4.9588,3.30032,7716.9,9999,9999,153,4.97301,1.87543,1.88156,1.88109,1.87872,1.8745,1.87451,1.87683,0,0,0,0,11111111,oooooooo,on,on,on,on,0,100,100,-41.229,-4.4505,-41.229,0,0,0,-4.450509524,0,0,0,-1,-1,-1,-1,4396.9,214,0.155029,4.99878,2.89795,2.89551,2.99805,2.29248,39.1676,14.0182,2,389.769,1345.26,35.1968,34.3311,29.9999,34.1004,33.9597,-1,40,10,-999.9,400,20,99.847,85.8227
103,1786472331,12910.6,20260811 13:18:51,13:18:51,15,1786472323,0.002090714,2.090713881,1.334520145,394.0035484,339.109971,34.48342646,40.06544645,0.061843838,2.957271172,0.061134232,0.038271972,266.148886,37.49847015,36.5227129,6.142472319,45.96517456,2.818089359,6.130922782,3.32438296,-92.20048214,-5.477788804,-0.438965712,168.0316493,-1.105016634,2.164236341,1.334520145,396.9504595,401.3272727,-0.917655569,66.73883889,2.090713881,24.12956265,27.62017455,-0.017187688,78.43,0,0,1,0,52070.42132,1499.990645,1273.852442,0.849240258,0.177433697,6,0.5,0: Broadleaf,2,TRUE,1786472323,394.0035484,393.5884516,27.7130871,24.25105161,435.2325484,32.16359677,364.6858065,101.5880323,0.100002323,36.48835484,36.5227129,999.9,0,0,10000.08129,0,18.42989032,0.415091871,405.2339032,403.3715806,3.462030968,393.5884516,24.25105161,2.815318387,2.463617419,22.97416774,20.78792903,1499.990645,0.691990548,0.308009742,0,2.577532258,0,16305.26452,13609.44194,48.86687097,49.937,49.56606452,48.562,48.562,1037.980645,462.01,0,1786472269,0,1786459371,09:42:50,1786208397,1786459371,1,-2.566,-0.971,-41.229,-4.451,412,17,0.91,0.28,-3.894621268,81.14780341,8.199065013,0,2.560473529,0.008829645,0.258051286,1,3.412043902,1.045355331,0.114179969,0,1,3,1/3,2.94364,2.76451,0.103341,0.0952083,0.140868,0.116192,27746.1,18544.1,31733.2,22335.8,36803.7,26801.8,45675.4,32640.7,1.60865,2.58822,0.124201,0,34.5387,999.9,51.6,36.8,31.6769,62.1889,96.9231,3,0.547104,0,20.3083,5.21519,12.0339,4.9595,3.301,7716.9,9999,9999,153.1,4.97299,1.87544,1.8816,1.88109,1.87875,1.87451,1.87451,1.87683,0,0,0,0,11111111,oooooooo,on,on,on,on,0,100,100,-41.229,-4.4505,-41.229,0,0,0,-4.450509524,0,0,0,-1,-1,-1,-1,4398.9,216,0.155029,4.99878,2.89795,2.89795,2.99805,2.33643,39.1676,14.0182,2,389.837,1330.68,35.1824,34.3,30.0001,34.0635,33.92,-1,40,10,-999.9,400,20,99.8522,85.7835
104,1786472452,13031,20260811 13:20:51,13:20:51,15,1786472444,0.002002572,2.002572265,2.542874848,392.4903871,303.0685412,30.81448343,39.90644651,0.058505525,2.956855602,0.057869948,0.036225246,266.1510018,37.59954024,36.63445161,6.180164267,45.7571986,2.81741165,6.157308001,3.362752617,-88.31343687,-10.79000004,-0.865581485,166.1819834,4.113606429,1.966480342,2.542874848,413.1635722,406.0261526,0.394006445,66.73883889,2.002572265,24.6357327,27.77818579,0.007375142,78.43,0,0,1,0,52045.18995,1500.004839,1273.864287,0.849240119,0.177433429,6,0.5,0: Broadleaf,2,TRUE,1786472444,392.4903871,400.5327742,27.70998387,24.56247097,433.7193871,32.16048387,364.4761935,101.575,0.099965361,36.56676452,36.63445161,999.9,0,0,9999.006774,0,16.85796452,-8.04245229,403.6761613,410.6189355,3.147505161,400.5327742,24.56247097,2.814640323,2.494933548,22.97018387,20.99344194,1500.004839,0.691995548,0.308004226,0,2.587290323,0,16171.8,13609.59355,48.937,50,49.633,48.671,48.625,1037.997419,462.0074194,0,1786472390,0,1786459371,09:42:50,1786208397,1786459371,1,-2.566,-0.971,-41.229,-4.451,412,17,0.91,0.28,-8.330643927,-11.7134272,4.914934587,0,2.574252941,0.38596486,0.206885176,1,3.150672683,-0.032034464,0.036076975,1,2,3,2/3,2.94323,2.76446,0.104319,0.0994525,0.141349,0.118055,27712.4,18447.2,31729.5,22324,36779,26730.6,45670,32622.8,1.6072,2.59798,0.117812,0,34.7528,999.9,52.3,36.9,32.2865,62.1289,96.9231,3,0.552104,0,20.3083,5.21355,12.0339,4.95965,3.301,7716.9,9999,9999,153.1,4.97302,1.87543,1.88158,1.88109,1.87874,1.87448,1.87451,1.87683,0,0,0,0,11111111,oooooooo,on,on,on,on,0,100,100,-41.229,-4.4505,-41.229,0,0,0,-4.450509524,0,0,0,-1,-1,-1,-1,4400.9,218,0.155029,4.99878,2.89795,2.89795,2.99805,2.31079,39.2422,13.9919,2,389.188,1345.44,35.2438,34.3424,30.0002,34.0908,33.9423,-1,40,10,-999.9,400,20,99.8404,85.737
105,1786472572,13151,20260811 13:22:51,13:22:51,15,1786472564,0.002122533,2.122532794,1.694176331,401.0907419,335.9816431,34.1582128,40.77765317,0.06145662,2.957568714,0.060755888,0.038034722,266.1471806,37.72589688,36.82191935,6.24385253,45.90455498,2.8509413,6.210584769,3.39291123,-93.60369622,-15.58068478,-1.251681574,155.711118,0.845834556,2.127857884,1.694176331,411.0774306,410.6532121,-0.337326952,66.73883889,2.122532794,24.63215892,28.03001333,-0.000271825,78.43,0,0,1,0,52038.75177,1499.990645,1273.851558,0.849239669,0.17743256,6,0.5,0: Broadleaf,2,TRUE,1786472564,401.0907419,403.8876129,28.04198065,24.63795484,442.3197419,32.4924871,364.5428065,101.5669355,0.099966568,36.72420323,36.82191935,999.9,0,0,10003.84677,0,21.73716452,-2.796929126,412.6625806,414.0900968,3.404021935,403.8876129,24.63795484,2.848138065,2.502402581,23.16576774,21.04210968,1499.990645,0.692010968,0.307989548,0,2.630474194,0,16136.1,13609.54516,49.062,50.11890323,49.754,48.77,48.75,1038.010323,461.9806452,0,1786472510,0,1786459371,09:42:50,1786208397,1786459371,1,-2.566,-0.971,-41.229,-4.451,412,17,0.91,0.28,-0.798517071,-28.84358849,5.356676514,0,2.567426471,0.823998467,0.27020069,1,3.410899756,-0.106878815,0.025998661,0,1,3,1/3,2.94321,2.76437,0.105042,0.100341,0.142047,0.118091,27684,18426.8,31723,22321.8,36742.1,26726.7,45660.5,32619.4,1.6065,2.58915,0.110734,0,35.0333,999.9,52.4,36.9,32.3511,62.0989,96.9231,3,0.563125,0,20.3078,5.2128,12.0339,4.95965,3.301,7716.9,9999,9999,153.1,4.97301,1.87541,1.88156,1.88107,1.87875,1.8745,1.87454,1.87683,0,0,0,0,11111111,oooooooo,on,on,on,on,0,100,100,-41.229,-4.4505,-41.229,0,0,0,-4.450509524,0,0,0,-1,-1,-1,-1,4402.9,220,0.155029,4.99878,2.89795,2.89795,2.99805,2.32178,39.3169,13.9919,2,389.222,1334.02,35.3627,34.4539,30.0005,34.1718,34.0166,-1,40,10,-999.9,400,20,99.8198,85.7283
106,1786472692,13271,20260811 13:24:51,13:24:51,15,1786472684,0.002213291,2.213290972,1.32494193,389.3604194,335.0920704,34.06821556,39.58558219,0.063338733,2.957054537,0.062594576,0.039187741,266.1518488,37.78381421,36.88260645,6.264591435,45.37374712,2.830486637,6.238159325,3.434104798,-97.60613187,-12.33556423,-0.991835903,155.2183168,-3.929981666,2.281812095,1.32494193,386.388762,393.7878,-1.333252421,66.73883889,2.213290972,24.03892499,27.7322697,-0.017077411,78.43,0,0,1,0,52010.61729,1500.009677,1273.86839,0.849240115,0.177433421,6,0.5,0: Broadleaf,2,TRUE,1786472684,389.3604194,384.3452581,27.84042581,24.1827129,430.5894194,32.29092581,363.8807419,101.5682258,0.099997832,36.80522903,36.88260645,999.9,0,0,10000.80226,0,12.51589677,5.015111516,400.5109355,393.8712581,3.657695484,384.3452581,24.1827129,2.827704194,2.456196774,23.0466871,20.73893226,1500.009677,0.691996548,0.308003452,0,2.515041935,0,15285.2,13609.64839,49.137,50.129,49.875,48.875,48.86077419,1038.000968,462.0087097,0,1786472630,0,1786459371,09:42:50,1786208397,1786459371,1,-2.566,-0.971,-41.229,-4.451,412,17,0.91,0.28,3.776364395,38.81415225,5.353119176,0,2.530938235,-0.17165011,0.203346854,1,3.62078375,0.749882139,0.075105056,0,1,3,1/3,2.94259,2.76436,0.101889,0.0917815,0.141107,0.115445,27776.8,18612.9,31718.2,22335,36777.3,26822.7,45653.5,32639.1,1.60483,2.58752,0.113379,0,35.0539,999.9,51.2,36.9,31.6108,62.219,96.9231,3,0.573758,0,20.3077,5.21624,12.0339,4.95965,3.301,7716.9,9999,9999,153.2,4.973,1.87545,1.88157,1.88108,1.87871,1.87446,1.87453,1.87683,0,0,0,0,11111111,oooooooo,on,on,on,on,0,100,100,-41.229,-4.4505,-41.229,0,0,0,-4.450509524,0,0,0,-1,-1,-1,-1,4404.9,222,0.155029,4.99878,2.89795,2.89795,2.99805,2.26929,39.3667,13.9657,2,388.801,1333.34,35.4569,34.5745,30.0004,34.2679,34.0988,-1,40,10,-999.9,400,20,99.8046,85.7796
107,1786472812,13391,20260811 13:26:51,13:26:51,15,1786472804,0.002201445,2.201445244,0.908934359,440.1451613,393.2748081,39.98445483,44.74978809,0.06297488,2.957207887,0.062239232,0.038964899,266.1503119,37.91239265,37.00538065,6.306730633,45.73877281,2.872918357,6.281144378,3.433812277,-97.08373527,-11.87128843,-0.955605034,156.2396832,-1.232000578,2.070357376,0.908934359,444.0872827,449.2885636,-0.93167034,66.73883889,2.201445244,24.76335475,28.29563818,-0.000112567,78.43,0,0,1,0,51993.91066,1499.995484,1273.856845,0.849240454,0.177434076,6,0.5,0: Broadleaf,2,TRUE,1786472804,440.1451613,439.6156774,28.25714194,24.93596129,481.3741935,32.70764516,363.459,101.5705161,0.100005374,36.93091935,37.00538065,999.9,0,0,10001.44677,0,236.820871,0.529545161,452.9440323,450.8592581,3.321172258,439.6156774,24.93596129,2.870089677,2.532756129,23.29282258,21.23836129,1499.995484,0.691986355,0.308013645,0,2.461219355,0,15831.90323,13609.46774,49.145,50.312,49.875,49.004,48.921,1037.974194,462.0212903,0,1786472750,0,1786459371,09:42:50,1786208397,1786459371,1,-2.566,-0.971,-41.229,-4.451,412,17,0.91,0.28,1.100746454,26.81279571,7.74130638,0,2.467423529,-0.371410238,0.198486897,1,3.297783171,0.980788641,0.139690067,0,1,3,1/3,2.94249,2.76456,0.111507,0.102237,0.142789,0.11794,27480.7,18389.5,31720,22324.1,36707.2,26734.2,45655.2,32623.2,1.60425,2.58757,0.119042,0,35.1125,999.9,52.4,36.9,32.3501,62.009,96.9231,3,0.571916,0,20.3077,5.2122,12.0339,4.9596,3.301,7716.9,9999,9999,153.2,4.97297,1.87545,1.88158,1.88109,1.8787,1.87448,1.87453,1.87683,0,0,0,0,11111111,oooooooo,on,on,on,on,0,100,100,-41.229,-4.4505,-41.229,0,0,0,-4.450509524,0,0,0,-1,-1,-1,-1,4406.9,224,0.155029,4.99878,2.89795,2.89673,2.99805,2.31567,39.3917,13.9657,2,388.644,1333.94,35.575,34.6064,29.9999,34.2982,34.1225,-1,40,10,-999.9,400,20,99.809,85.7378
108,1786472932,13511,20260811 13:28:51,13:28:51,15,1786472924,0.002189983,2.18998309,1.325879827,403.5593548,347.3046742,35.31081792,41.03028826,0.061701381,2.95765716,0.060995111,0.038184726,266.1500387,38.05916227,37.17299677,6.36465792,45.49555327,2.880202368,6.3307338,3.484455552,-96.57825429,-15.62641485,-1.259588987,152.6857806,5.698197915,2.188700698,1.325879827,423.8070066,419.3416182,0.307160745,66.73883889,2.18998309,24.78619465,28.30061576,-0.000195308,78.43,0,0,1,0,51982.46631,1500.001613,1273.861345,0.849239984,0.177433168,6,0.5,0: Broadleaf,2,TRUE,1786472924,403.5593548,414.4235806,28.32864839,24.81804516,444.7883548,32.77915806,363.4756129,101.5710323,0.099980377,37.07499677,37.17299677,999.9,0,0,10003.94516,0,17.43695161,-10.86413968,415.3250323,424.9705806,3.510606129,414.4235806,24.81804516,2.87737129,2.520794839,23.33480968,21.16139032,1500.001613,0.692001323,0.307998677,0,2.733793548,0,15229.80645,13609.6,49.25,50.56606452,50,49.258,49.062,1038.001935,461.9996774,0,1786472870,0,1786459371,09:42:50,1786208397,1786459371,1,-2.566,-0.971,-41.229,-4.451,412,17,0.91,0.28,-12.64717707,46.39828934,5.100992857,0,2.733244118,-0.033012982,0.206873811,1,3.502869756,0.114827247,0.020034818,0,1,3,1/3,2.94274,2.76443,0.106483,0.0999614,0.142817,0.118116,27640.1,18437.2,31724.4,22325.2,36710.9,26730.5,45661.8,32625.2,1.6051,2.59205,0.116955,0,35.2928,999.9,52.5,37,32.5878,61.919,96.9231,3,0.565168,0,20.3078,5.21459,12.0339,4.9595,3.301,7716.9,9999,9999,153.2,4.97301,1.87546,1.88158,1.88109,1.87873,1.8745,1.87453,1.87683,0,0,0,0,11111111,oooooooo,on,on,on,on,0,100,100,-41.229,-4.4505,-41.229,0,0,0,-4.450509524,0,0,0,-1,-1,-1,-1,4408.9,226,0.155029,4.99878,2.89795,2.89795,2.99805,2.34131,39.4416,13.9569,2,388.94,1340.05,35.7142,34.5612,29.9997,34.2656,34.1007,-1,40,10,-999.9,400,20,99.8233,85.7426
109,1786473052,13631,20260811 13:30:51,13:30:51,15,1786473044,0.002290248,2.290248162,0.668772035,407.3036129,367.8732052,37.4013576,41.4102138,0.063805003,2.956588726,0.063049802,0.039473233,266.1476638,38.14668619,37.25962581,6.394777108,45.05555779,2.869971325,6.369849728,3.524805783,-100.9999439,-11.42403772,-0.922072829,152.8016093,-21.40581996,2.591468308,0.668772035,373.3679362,394.605503,-3.104010368,66.73883889,2.290248162,23.95871958,27.92703394,-0.036007749,78.43,0,0,1,0,51933.29924,1499.993871,1273.854252,0.849239638,0.177432501,6,0.5,0: Broadleaf,2,TRUE,1786473044,407.3036129,373.8166129,28.22853548,24.08457742,448.5326129,32.67904516,364.6245806,101.5691935,0.09996059,37.18795484,37.25962581,999.9,0,0,9998.064516,0,17.42728387,33.48708065,419.1383548,383.0428387,4.143964194,373.8166129,24.08457742,2.867149677,2.446249677,23.27551935,20.67312581,1499.993871,0.69201229,0.30798771,0,2.752035484,0,15146.26452,13609.55806,49.375,50.758,50.125,49.44512903,49.161,1038.013871,461.98,0,1786472990,0,1786459371,09:42:50,1786208397,1786459371,1,-2.566,-0.971,-41.229,-4.451,412,17,0.91,0.28,30.28773122,29.623837,8.70549755,0,2.717579412,0.855564552,0.188184749,1,4.13482122,-0.283485157,0.112373005,0,1,3,1/3,2.94313,2.76437,0.101924,0.0904178,0.141681,0.115384,27783.9,18645,31727.2,22339.7,36762.6,26831.1,45666.2,32646.9,1.60677,2.59323,0.117701,0,35.3548,999.9,51.3,37,31.8445,61.919,96.9231,3,0.56047,0,20.3077,5.214,12.0339,4.9596,3.301,7716.9,9999,9999,153.3,4.973,1.87543,1.88157,1.88105,1.87867,1.87444,1.87449,1.87683,0,0,0,0,11111111,oooooooo,on,on,on,on,0,100,100,-41.229,-4.4505,-41.229,0,0,0,-4.450509524,0,0,0,-1,-1,-1,-1,4410.9,228,0.155029,4.99878,2.89795,2.89673,2.99805,2.31079,39.4666,13.9219,2,389.608,1341.06,35.8331,34.5059,30.0002,34.2179,34.067,-1,40,10,-999.9,400,20,99.8326,85.7992
110,1786473172,13751,20260811 13:32:51,13:32:51,15,1786473164,0.002107036,2.107035543,1.345330003,399.906871,341.2045387,34.68714125,40.65486987,0.058494295,2.957157783,0.057859024,0.036218391,266.1490589,38.19865181,37.25091613,6.391743343,44.85501098,2.858012285,6.371667785,3.533731059,-92.92026745,-9.203011183,-0.742650825,163.2831294,-1.197890522,2.218653407,1.345330003,411.6294348,409.3061515,0.007115893,66.73883889,2.107035543,24.62598777,28.04688303,-0.005583983,78.43,0,0,1,0,51948.33069,1500.003548,1273.862303,0.849239527,0.177432286,6,0.5,0: Broadleaf,2,TRUE,1786473164,399.906871,399.3951613,28.11320645,24.56117097,441.135871,32.56371613,364.2328387,101.5608387,0.100004906,37.19319032,37.25091613,999.9,0,0,10002.11548,0,16.0528129,0.511846387,411.4749677,409.4519355,3.552039677,399.3951613,24.56117097,2.85520129,2.494453226,23.20672903,20.99032581,1500.003548,0.692016,0.307984,0,2.765616129,0,14887.43226,13609.67097,49.419,50.875,50.187,49.562,49.20122581,1038.026129,461.9774194,0,1786473110,0,1786459371,09:42:50,1786208397,1786459371,1,-2.566,-0.971,-41.229,-4.451,412,17,0.91,0.28,2.98360922,-55.54225994,5.712859847,0,2.738152941,0.289864016,0.211532416,1,3.538827317,-0.190607456,0.088319376,0,1,3,1/3,2.94326,2.76437,0.104745,0.0986277,0.142073,0.117686,27697.4,18467.2,31728.1,22328.3,36746.2,26747.3,45666.6,32629.7,1.60642,2.59205,0.121534,0,35.2869,999.9,52,37,32.2843,61.979,96.9231,3,0.559761,0,20.3077,5.21549,12.0339,4.9596,3.301,7716.9,9999,9999,153.3,4.97301,1.87545,1.88158,1.88109,1.87876,1.87448,1.87452,1.87683,0,0,0,0,11111111,oooooooo,on,on,on,on,0,100,100,-41.229,-4.4505,-41.229,0,0,0,-4.450509524,0,0,0,-1,-1,-1,-1,4412.9,230,0.155029,4.99878,2.89795,2.89795,2.99805,2.33154,39.4666,13.9219,2,389.4,1339.12,35.8755,34.5028,29.9999,34.2145,34.0547,-1,40,10,-999.9,400,20,99.8342,85.7545
111,1786473292,13871,20260811 13:34:51,13:34:51,15,1786473284,0.001994223,1.994222943,2.892698759,369.503,265.5866655,26.99826749,37.561904,0.054767131,2.9567791,0.054209751,0.0339307,266.149277,38.11587742,37.10869677,6.342381791,43.74586614,2.770391652,6.332922163,3.571990139,-87.9452318,-4.362064633,-0.35161612,173.4903645,6.620213497,2.014015922,2.892698759,391.0981306,383.6304545,0.359287669,66.73883889,1.994222943,24.18435302,27.30834,0.008080952,78.43,0,0,1,0,51956.24676,1500,1273.859729,0.849239819,0.177432851,6,0.5,0: Broadleaf,2,TRUE,1786473284,369.503,381.6232258,27.25282581,24.02851935,410.732,31.70332903,364.5673871,101.5552258,0.099981319,37.08133226,37.10869677,999.9,0,0,10000.51968,0,16.36262258,-12.12045277,379.8550968,391.0196452,3.224299032,381.6232258,24.02851935,2.767665161,2.440220968,22.69247097,20.63289355,1500,0.692004226,0.307995774,0,2.637551613,0,14808.90645,13609.5871,49.437,50.78,50.187,49.47154839,49.187,1038.009032,461.9909677,0,1786473230,0,1786459371,09:42:50,1786208397,1786459371,1,-2.566,-0.971,-41.229,-4.451,412,17,0.91,0.28,-12.0203249,-12.18952996,7.114079808,0,2.662779412,-0.551445381,0.228351339,1,3.2250545,-0.718787392,0.123164375,0,1,3,1/3,2.943,2.76437,0.10035,0.0965539,0.13989,0.116833,27833.3,18513.7,31727.9,22333.1,36840.5,26778.3,45668,32636,1.60607,2.59048,0.121385,0,35.1509,999.9,50.8,37,31.5377,62.009,96.9231,3,0.561098,0,20.308,5.21459,12.0339,4.95955,3.301,7716.9,9999,9999,153.3,4.973,1.87545,1.88157,1.88109,1.87873,1.87451,1.87452,1.87684,0,0,0,0,11111111,oooooooo,on,on,on,on,0,100,100,-41.229,-4.4505,-41.229,0,0,0,-4.450509524,0,0,0,-1,-1,-1,-1,4414.9,232,0.155029,4.99878,2.89795,2.89795,2.99805,2.32178,39.4666,13.9044,2,389.163,1336.61,35.8,34.4871,30.0004,34.2055,34.0486,-1,40,10,-999.9,400,20,99.8357,85.7719
112,1786473412,13991,20260811 13:36:51,13:36:51,15,1786473404,0.00199015,1.99014978,2.146469929,377.7275161,293.2948674,29.81387648,38.39658569,0.053790293,2.955432937,0.053252271,0.03333056,266.1488026,38.18791083,37.1895129,6.370390729,43.12684952,2.741727443,6.357356203,3.628663286,-87.7656053,-5.986306293,-0.483116044,171.913775,14.03943581,1.880558996,2.146469929,420.353741,401.8926485,2.058202295,66.73883889,1.99014978,24.2102404,27.15386242,0.02886729,78.43,0,0,1,0,51906.29941,1499.992581,1273.853865,0.84924011,0.177433413,6,0.5,0: Broadleaf,2,TRUE,1786473404,377.7275161,402.0161613,26.97182258,23.95860645,418.9565161,31.42232903,364.3622258,101.5515484,0.099996855,37.15194194,37.1895129,999.9,0,0,9993.246129,0,12.6812871,-24.28866129,388.1984839,411.8867419,3.013202903,402.0161613,23.95860645,2.73903129,2.433035161,22.52108387,20.58480968,1499.992581,0.691995419,0.308004581,0,2.551954839,0,14623.16129,13609.48387,49.44512903,50.625,50.21341935,49.32419355,49.187,1037.989355,462.0032258,0,1786473350,0,1786459371,09:42:50,1786208397,1786459371,1,-2.566,-0.971,-41.229,-4.451,412,17,0.91,0.28,-21.45328537,-54.66814077,5.698506052,0,2.565176471,-0.107025212,0.240399479,1,3.084035854,-1.540747735,0.154632372,0,1,3,1/3,2.94252,2.7643,0.10364,0.101925,0.139435,0.116409,27728.8,18404.9,31725.1,22334.9,36857.1,26793.1,45664,32638.4,1.60473,2.58967,0.123315,0,35.2081,999.9,50.4,37,31.29,62.339,96.9231,3,0.567241,0,20.3078,5.21175,12.0339,4.9598,3.301,7716.9,9999,9999,153.4,4.97299,1.87543,1.88156,1.88109,1.87867,1.87447,1.87444,1.87683,0,0,0,0,11111111,oooooooo,on,on,on,on,0,100,100,-41.229,-4.4505,-41.229,0,0,0,-4.450509524,0,0,0,-1,-1,-1,-1,4416.9,234,0.155029,4.99878,2.89795,2.89795,2.99805,2.31567,39.4416,13.8956,2,388.619,1336.05,35.8009,34.5376,30.0001,34.243,34.0794,-1,40,10,-999.9,400,20,99.827,85.7783
113,1786473532,14111,20260811 13:38:51,13:38:51,15,1786473524,0.002032539,2.032538907,1.990791881,430.4656452,350.1161631,35.58932374,43.75685221,0.055937913,2.956372983,0.055356505,0.034649549,266.1503387,38.27356744,37.2969129,6.407779128,44.5210025,2.845343137,6.391013179,3.562435991,-89.63496578,-7.665341167,-0.619034519,168.2309973,3.446465225,1.986723479,1.990791881,454.7720622,445.9942848,0.749901635,66.73883889,2.032538907,24.90377512,28.06663152,0.011121437,78.43,0,0,1,0,51916.61541,1499.992258,1273.854416,0.849240661,0.177434475,6,0.5,0: Broadleaf,2,TRUE,1786473524,430.4656452,437.5582258,27.99155806,24.80755484,471.6946452,32.44207097,363.9026452,101.5500323,0.100012761,37.24881935,37.2969129,999.9,0,0,9998.727097,0,12.51613548,-7.092582135,442.8620323,448.6894839,3.184014194,437.5582258,24.80755484,2.842545806,2.519208065,23.13324194,21.15108065,1499.992258,0.691977387,0.308022613,0,2.555693548,0,14441.66774,13609.40645,49.45732258,50.75,50.23170968,49.437,49.24390323,1037.961613,462.0306452,0,1786473470,0,1786459371,09:42:50,1786208397,1786459371,1,-2.566,-0.971,-41.229,-4.451,412,17,0.91,0.28,-5.022508005,-64.28676043,6.439363482,0,2.566852941,-0.410395718,0.252467879,1,3.1850565,-0.192622739,0.028655588,0,1,3,1/3,2.94263,2.76433,0.111119,0.105841,0.142123,0.118633,27497.7,18314.9,31725.6,22323.1,36742.5,26711.6,45664.1,32621.1,1.60478,2.5874,0.125676,0,35.2736,999.9,51.9,37,32.2241,61.9489,96.9231,3,0.565879,0,20.3081,5.21415,12.0339,4.9596,3.301,7716.9,9999,9999,153.4,4.97298,1.87544,1.88157,1.88109,1.87871,1.87444,1.87451,1.87683,0,0,0,0,11111111,oooooooo,on,on,on,on,0,100,100,-41.229,-4.4505,-41.229,0,0,0,-4.450509524,0,0,0,-1,-1,-1,-1,4418.9,236,0.155029,4.99878,2.89795,2.89795,2.99805,2.34131,39.4416,13.8781,2,388.693,1332.86,35.8772,34.5529,29.9999,34.252,34.0855,-1,40,10,-999.9,400,20,99.8277,85.7328
114,1786473652,14231,20260811 13:40:51,13:40:51,15,1786473644,0.002194566,2.194566052,1.569928361,376.2199032,313.2838273,31.84299846,38.23998801,0.05971375,2.956703425,0.059051776,0.036966224,266.1502695,38.13989705,37.19696129,6.372977558,43.48793723,2.765395518,6.358994457,3.60758204,-96.7803629,-6.422863942,-0.518155559,162.4288871,-5.367425379,2.431364594,1.569928361,375.8863441,379.2467394,-0.833309104,66.73883889,2.194566052,23.22194551,26.97461879,-0.027927931,78.43,0,0,1,0,51941.22557,1499.994516,1273.85609,0.849240498,0.177434162,6,0.5,0: Broadleaf,2,TRUE,1786473644,376.2199032,368.888129,27.20703871,23.31249677,417.4489032,31.65754516,364.3890968,101.5426774,0.099972748,37.15666774,37.19696129,999.9,0,0,10001.32613,0,12.63341935,7.331664484,386.7428065,377.6932903,3.894554516,368.888129,23.31249677,2.762676452,2.367212581,22.66251935,20.14114839,1499.994516,0.691982419,0.308017581,0,2.563796774,0,14339.99032,13609.44839,49.5,50.75,50.25,49.429,49.25,1037.97129,462.0232258,0,1786473590,0,1786459371,09:42:50,1786208397,1786459371,1,-2.566,-0.971,-41.229,-4.451,412,17,0.91,0.28,9.95917022,-57.67772745,5.850795969,0,2.525905882,0.634053477,0.247256371,1,3.909091707,-0.474034495,0.093332477,0,1,3,1/3,2.94273,2.76437,0.0993865,0.09237,0.138799,0.113188,27861.4,18614.5,31726.2,22351.3,36885.7,26911,45665.8,32663.2,1.60572,2.58798,0.123739,0,35.215,999.9,49.2,37,30.5461,62.189,96.9231,3,0.566189,0,20.3082,5.21504,12.0339,4.9595,3.301,7716.9,9999,9999,153.4,4.97298,1.87543,1.88158,1.8811,1.87873,1.87451,1.87451,1.87683,0,0,0,0,11111111,oooooooo,on,on,on,on,0,100,100,-41.229,-4.4505,-41.229,0,0,0,-4.450509524,0,0,0,-1,-1,-1,-1,4420.9,238,0.155029,4.99878,2.89795,2.89673,2.99805,2.30469,39.4416,13.8518,2,389.164,1333.7,35.8381,34.5438,30.0002,34.243,34.0824,-1,40,10,-999.9,400,20,99.8307,85.8427