obs,time,elapsed,date,hhmmss,averaging,kam,TIME,E,Emm,A,Ca,Ci,Pci,Pca,gsw,gbw,gtw,gtc,Rabs,TleafEB,TleafCnd,SVPleaf,RHcham,VPcham,SVPcham,VPDleaf,LatHFlux,SenHFlux,NetTherm,EBSum,Asty,Esty,Adyn,Crd,Csd,dCsd/dt,αVc,Edyn,Hr,Hs,dHs/dt,αVh,Leak,LeakPct,CorrFact,CorrFactPct,Fan,DarkAdaptedID,Qmax_d,Fo,Fm,Fv/Fm,A_dark,LightAdaptedID,Qmax,Fs,Fm',PhiPS2,PS2/1,Qabs_fs,A_fs,ETR,PhiCO2,NPQ,alt._Fo',DarkPulseID,Fmin,Fo',Fv'/Fm',qP,qN,qP_Fo,qN_Fo,qL,1-qL,ID,P1_dur,P1_Fmax,T@P1_Fmax,Q@P1_Fmax,P1_PredF,P1_ΔF,P2_dur,P2_ramp,P2_int,P2_int_se,P2_slp,P2_slp_se,P2_R2,P2_dQdt,P3_dur,P3_Fmax,T@P3_Fmax,Q@P3_Fmax,P3_PredF,P3_ΔF,ID,Dur,DCo,InitSlope,Fo,F1,T@F1,T@HIR,F2,T@F2,DCmax,T@DCmax,PhiPS2_dc,Qin,Qabs,alpha,convert,S,K,Geometry,Custom,UseDynamic,TIME,CO2_s,CO2_r,H2O_s,H2O_r,CO2_a,H2O_a,Flow,Pa,ΔPcham,Tair,Tleaf,Tleaf2,Offset,Offset2,Fan_speed,Qamb_in,Qamb_out,ΔCO2,CO2_s_d,CO2_r_d,ΔH2O,CO2_b,H2O_b,e_s,e_r,Td_s,Td_r,Q,f_red,f_blue,f_farred,F,Q_modavg,F_dc,Pc,Tled,TDigital,TPreamp,TPwrSpy,TDrive,Q_red,Q_blue,Q_farred,TSPF,state,F_avg,dF/dt,dF_dc/dt,F_dc_avg,period,time,hhmmss,co2_t,h2o_t,count,co2_adj,h2o_adj,co2_match,h2o_match,co2_at,h2o_at,co2_cv,h2o_cv,ΔCO2:MN,ΔCO2:SLP,ΔCO2:SD,ΔCO2:OK,ΔH2O:MN,ΔH2O:SLP,ΔH2O:SD,ΔH2O:OK,Stable,Total,State,Vflow,VPchamber,abs_c_a,abs_c_b,abs_h_a,abs_h_b,Wc_s,Wc_r,Wco_s,Wco_r,Ww_s,Ww_r,Wwo_s,Wwo_r,Flow_s_v,Flow_r_v,Tleaf_mv,Tleaf2_mv,Tleaf_j,Tleaf2_j,Console_RH,Console_T,Console_H2O,Fan_%,Flow_%,Pump,Tchp_pwm,Txchg_pwm,diag_20v,diag_5_4v,diag_12v,diag_5va,diag_3_3vf,AccH2O_hum,AccCO2_soda,AccH2O_des,CO2_hrs,ADC_CH1,ADC_CH2,ADC_CH3,ADC_CH4,ADC_CH5,ADC_CH6,ADC_CH7,ADC_CH8,DAC_1,DAC_2,DAC_3,DAC_4,GPIO,GPIO_dir,excit_5v,power_12v,power_5v,ch1_pullup,AuxPower,MatchValveR,MatchValveS,MatchCO2,MatchH2O,cf_co2_a,cf_co2_b,cf_co2_c,cf_co2_d,cf_h2o_a,cf_h2o_b,cf_h2o_c,cf_h2o_d,co2_fit_low,co2_fit_high,h2o_fit_low,h2o_fit_high,co2_elapsed,h2o_elapsed,CO2_f,CO2_f_s,Pump_f,Pump_f_s,Pump_p,Pump_p_s,Tboard,V_system,DIAG,Flow_s,Flow_r,Txchg,Tirga,Tchopper,Ts,Tr,CO2_%,Desiccant_%,Humidifier_%,Txchg_sp,CO2_r_sp,H2O_r_sp,SS_s,SS_r
1,1784907576,0,20260724 23:39:36,23:39:36,15,,1784907568,0.001359909,1.359908662,3.379625114,373.3228,240.0382673,24.60253172,38.26342411,0.046093809,1.931467902,0.045491312,0.028485546,287.4186863,30.40173638,28.64084,3.938941915,24.35104695,0.948044829,3.893240529,2.990897086,-59.97197198,-20.92929461,-2.374732124,204.1426876,4.309368919,1.312491243,3.379625114,384.2140721,377.8501636,0.110304294,66.74902154,1.359908662,7.133453072,9.283414485,0.005250839,78.43,0,0,1,0,26016.68922,RECT-7-20260501-00_41_31,10045.8,693.115,1861.02,0.627561767,-1,MPF-1-20260724-23_37_07,10321.4,1613.291538,1677.5,0.038276281,0.5,1261.19792,3.379625114,24.13698305,0.003472591,0.109400894,665.9796104,-,0,665.9796104,0.602992781,0.06347718,0.153568031,0.065226981,0.157136068,0.026203886,0.973796114,1,290,1677.5,45,10321.4,1672.16,5.34,300,24.1,1652.197854,2.464029501,20.60599401,2.245526177,0.750462365,-0.007262795,290,1698.14,895,10248.7,1672.3,25.84,,,,,,,,,,,,,,1499.984667,1261.19792,0.840807208,0.191614416,6,0.5,0: Broadleaf,2,TRUE,1784907568,373.3228,381.1442,9.249740667,7.130586667,411.6674,12.46602,368.1708,102.3942,0.100006393,28.43984667,28.64084,999.9,0,0,5001.248,0,16.76290667,-7.821388667,376.8082,383.8815333,2.119154667,381.1442,7.130586667,0.947119267,0.730130333,6.127291333,2.416736,1499.984667,0.973005667,0.026994307,0,1613.569333,4.99958,24482.55333,14722.01333,42.03306667,43.1374,42.4122,43.1746,43.8998,1454.625333,40.36,0,1784907527,0,1613.291538,-20.86700852,-287.1760681,24479.51154,15,1784907523,23:38:43,1784907521,1784907523,1,-38.345,-3.216,-38.345,-3.216,378,7,0.05,0.03,-8.012299,10.88615008,1.59740192,0,2.1405625,-0.211104812,0.052537455,0,0,2,0/2,2.94611,2.73189,0.10248,0.0962251,0.0737045,0.0474702,27860,18671.6,31800.4,22490.6,39687.6,29151.8,45678.5,32928.4,1.67065,2.714,0.132922,0,26.4856,999.9,52.594,26.536,17.8899,26.8104,96.9231,3,-0.0289202,0,20.3069,5.21669,12.0279,4.95975,3.301,9999,7162.5,9999,126.9,4.97346,1.87286,1.87057,1.87225,1.87271,1.87378,1.87317,1.87775,0,0,0,0,11111111,oooooooo,on,on,on,on,0,100,100,-38.345,-3.2163,-38.3445,0,0,0,-3.216286364,0,0,0,-1,-1,-1,-1,0.9,0.9,0.158691,4.99756,2.64526,2.74658,2.8479,2.21436,30.4154,15.8657,2,380.81,1342.83,26.7025,26.7588,30.0013,26.4034,26.2219,-1,40,10,-999.9,400,20,99.9428,86.4738
2,1784907732,155.9000001,20260724 23:42:12,23:42:12,15,,1784907724,0.001469474,1.469474334,3.82153282,379.1574,239.3967328,24.53817714,38.86365255,0.049549481,1.93039001,0.048853611,0.030595214,287.4231497,30.76373326,28.92986,4.005478516,25.03129804,0.997610029,3.985450644,3.007868487,-64.80381815,-9.00770807,-1.02615247,212.585471,2.843671377,1.453147747,3.82153282,387.4642368,381.9651152,-0.110734367,66.74902154,1.469474334,7.429767681,9.766040485,0.006183296,78.43,0,0,1,0,25954.6315,RECT-7-20260501-00_41_31,10045.8,693.115,1861.02,0.627561767,-1,MPF-2-20260724-23_39_43,10323.6,1569.3492,1636.38,0.040962857,0.5,1261.214058,3.82153282,25.83146558,0.00382293,0.137278627,659.4012582,-,0,659.4012582,0.597036594,0.068610295,0.186947816,0.071062533,0.192344412,0.028828329,0.971171671,2,290,1636.38,25,10323.6,1632.59,3.79,300,24.1,1613.770114,2.558177189,19.42821435,2.330475429,0.7128167,-0.007260793,290,1657.53,895,10244.6,1632.73,24.8,,,,,,,,,,,,,,1500.003333,1261.214058,0.840807504,0.191615007,6,0.5,0: Broadleaf,2,TRUE,1784907724,379.1574,384.734,9.732776,7.36883,417.5022,12.94906667,365.2379333,102.4000667,0.09998358,28.84330667,28.92986,999.9,0,0,4996.458,0,14.49927333,-5.576555333,382.8842,387.5902667,2.363946,384.734,7.36883,0.9966378,0.754569467,6.867306667,2.879907333,1500.003333,0.972993333,0.027006687,0,1569.541333,4.99958,23954.6,14722.15333,42.687,43.66633333,43.04546667,43.75,44.562,1454.630667,40.37533333,0,154.7,0,1569.3492,-14.4723077,-232.8000005,23951.572,15,1784907523,23:38:43,1784907521,1784907523,1,-38.345,-3.216,-38.345,-3.216,378,7,0.05,0.03,-5.360433333,-5.649926494,0.678200825,0,2.373405238,-0.282381039,0.035651554,0,0,2,0/2,2.94301,2.73186,0.10313,0.0972873,0.0757825,0.0494495,27821.5,18639.2,31781.5,22479.6,39571.7,29076.9,45648.7,32912.9,1.66153,2.70788,0.134502,0,26.7514,999.9,53.162,26.778,18.3395,26.8404,96.9231,3,0.00734248,0,20.3069,5.21684,12.0279,4.9598,3.301,9999,7162.5,9999,127,4.97348,1.87286,1.87057,1.87225,1.87272,1.87378,1.87318,1.87775,0,0,0,0,11111111,oooooooo,on,on,on,on,0,100,100,-38.345,-3.2162,-38.3445,0,0,0,-3.216286364,0,0,0,-1,-1,-1,-1,3.5,3.5,0.158691,4.99756,2.64526,2.74658,2.8479,2.24487,30.7604,15.8307,2,378.862,1344.98,27.105,27.2311,30.001,26.871,26.6864,-1,40,10,-999.9,400,20,99.8801,86.4325
3,1784907852,275.9000001,20260724 23:44:12,23:44:12,15,,1784907844,0.001543365,1.543365194,3.920629355,373.079875,234.2838192,24.01296208,38.23888872,0.051236952,1.930610558,0.050493344,0.031624251,287.4257632,30.99882478,29.15535625,4.058069585,24.7745337,1.002572164,4.046785204,3.055497421,-68.06240504,-5.013551687,-0.572465168,213.7773413,3.253216888,1.557651611,3.920629355,381.6914644,375.9752485,-0.104572459,66.74902154,1.543365194,7.193141321,9.752214545,-0.005161565,78.43,0,0,1,0,25937.68386,RECT-7-20260501-00_41_31,10045.8,693.115,1861.02,0.627561767,-1,MPF-3-20260724-23_41_43,10316.6,1530.434,1596.75,0.041531862,0.5,1261.22685,3.920629355,26.19054949,0.003901463,0.165504932,652.8717476,-,0,652.8717476,0.59112463,0.070259061,0.218739711,0.073388038,0.226276966,0.029971992,0.970028008,3,290,1596.75,45,10316.6,1592.3,4.45,300,24.1,1574.620399,2.498425755,18.24199661,2.275536911,0.696527508,-0.007259669,290,1616.14,895,10242.2,1592.43,23.71,,,,,,,,,,,,,,1500.01875,1261.22685,0.84080739,0.19161478,6,0.5,0: Broadleaf,2,TRUE,1784907844,373.079875,379.3868125,9.781651875,7.244604375,411.4243125,12.9979375,364.7740625,102.3951875,0.099991913,29.1071875,29.15535625,999.9,0,0,4997.6175,0,15.92770625,-6.306980625,376.7651875,382.1554375,2.5370475,379.3868125,7.244604375,1.001593875,0.741812125,6.93956625,2.63979,1500.01875,0.97299825,0.02700185,0,1530.9225,4.99958,23390.58125,14722.3125,43,43.906,43.312,43.9881875,44.875,1454.64875,40.37,0,118.7,0,1530.434,-19.69615384,-394.930769,23382.26,15,1784907523,23:38:43,1784907521,1784907523,1,-38.345,-3.216,-38.345,-3.216,378,7,0.05,0.03,-6.1357195,-2.507358947,0.455837036,0,2.517318,0.444263459,0.044264507,0,0,2,0/2,2.94232,2.73187,0.101941,0.0961448,0.0755999,0.0481953,27849.6,18661.5,31772.9,22479.1,39568,29116.4,45635.7,32914.7,1.6581,2.70195,0.132348,0,26.9942,999.9,52.368,26.969,18.2712,26.7804,96.9231,3,0.0273679,0,20.3069,5.21699,12.0279,4.9597,3.301,9999,7162.5,9999,127,4.97349,1.87286,1.87057,1.87225,1.87272,1.87378,1.87317,1.87775,0,0,0,0,11111111,oooooooo,on,on,on,on,0,100,100,-38.344,-3.2162,-38.3445,0,0,0,-3.216286364,0,0,0,-1,-1,-1,-1,5.5,5.5,0.157471,4.99756,2.64526,2.74536,2.8479,2.23755,30.9985,15.8219,2,378.855,1343.6,27.364,27.5297,30.0008,27.1778,26.9922,-1,40,10,-999.9,400,20,99.8521,86.4345
4,1784907972,395.9000001,20260724 23:46:12,23:46:12,15,,1784907964,0.001460346,1.460345769,3.991534725,375.6039375,226.5417684,23.21835374,38.49579328,0.048126979,1.930881779,0.04747037,0.029727229,287.4155436,31.13018169,29.1769375,4.063134267,24.27043895,0.987883583,4.070316095,3.075250684,-64.4012484,3.181485909,0.363442207,226.5592233,4.81614514,1.446082065,3.991534725,390.6593703,380.8895394,0.421089946,66.74902154,1.460345769,7.361550412,9.683269455,0.006997241,78.43,0,0,1,0,25936.06273,RECT-7-20260501-00_41_31,10045.8,693.115,1861.02,0.627561767,-1,MPF-4-20260724-23_43_43,10313.4,1491.4948,1557.28,0.042243656,0.5,1261.181697,3.991534725,26.63846263,0.003957824,0.195045207,646.175342,-,0,646.175342,0.585061555,0.07220378,0.250023736,0.07612574,0.260072523,0.031281572,0.968718428,4,290,1557.28,55,10313.4,1553.09,4.19,300,24.1,1534.181219,1.996095813,19.49929863,1.817852225,0.804276642,-0.007259039,290,1576.42,895,10241.2,1553.22,23.2,,,,,,,,,,,,,,1499.965,1261.181697,0.840807417,0.191614833,6,0.5,0: Broadleaf,2,TRUE,1784907964,375.6039375,384.4351875,9.6387925,7.27885375,413.9484375,12.855075,364.11375,102.390375,0.100012988,29.2075,29.1769375,999.9,0,0,4998.985625,0,16.376975,-8.831171875,379.259625,387.254,2.359941875,384.4351875,7.27885375,0.986918938,0.745283688,6.72464375,2.705313125,1499.965,0.972999,0.027000963,0,1491.929375,4.99958,22843.36875,14721.7875,43.125,43.89825,43.375,44,45,1454.599375,40.37,0,118.8999999,0,1491.4948,-15.26307694,-243.815385,22838.38,15,1784907523,23:38:43,1784907521,1784907523,1,-38.345,-3.216,-38.345,-3.216,378,7,0.05,0.03,-8.7531365,-13.19435143,2.399430716,0,2.3742335,-0.336490376,0.038324153,0,0,2,0/2,2.94212,2.73187,0.102805,0.0970539,0.0753184,0.0492011,27818.3,18640.2,31768.6,22476.6,39574.4,29082.5,45629.1,32911.5,1.65632,2.69445,0.136968,0,26.9562,999.9,51.947,27.15,18.3199,26.8405,96.9231,3,0.0399746,0,20.3068,5.21654,12.0279,4.95975,3.301,9999,7162.5,9999,127,4.97353,1.87286,1.87057,1.87227,1.87276,1.87378,1.87319,1.87775,0,0,0,0,11111111,oooooooo,on,on,on,on,0,100,100,-38.345,-3.2163,-38.3445,0,0,0,-3.216286364,0,0,0,-1,-1,-1,-1,7.5,7.5,0.157471,4.99756,2.64526,2.74536,2.8479,2.23999,31.1722,15.8132,2,379.223,1338.18,27.5096,27.7307,30.0005,27.4043,27.2255,-1,40,10,-999.9,400,20,99.8381,86.4256
5,1784908092,515.9000001,20260724 23:48:12,23:48:12,15,,1784908084,0.00147677,1.476770072,3.50162943,372.6020625,239.9664748,24.5931155,38.18635734,0.048263572,1.930592336,0.047603161,0.029810558,287.4202944,31.26394399,29.3311,4.099473655,24.35077206,0.999197811,4.103351668,3.100275844,-65.12556015,1.704994803,0.195086609,224.1948157,2.828035466,1.505085416,3.50162943,380.8192567,375.5737091,-0.07812855,66.74902154,1.476770072,7.31249897,9.731625636,-0.000214398,78.43,0,0,1,0,25916.99139,RECT-7-20260501-00_41_31,10045.8,693.115,1861.02,0.627561767,-1,MPF-5-20260724-23_45_43,10315.1,1469.7596,1531.67,0.040420195,0.5,1261.205025,3.50162943,25.4890765,0.003569308,0.215026736,641.723131,-,0,641.723131,0.581030424,0.0695664,0.270114693,0.073829862,0.282000676,0.030373925,0.969626075,5,290,1531.67,45,10315.1,1526.8,4.87,300,24.1,1516.352513,2.341106855,10.78072186,2.131887467,0.477340307,-0.007258766,290,1545.74,895,10240.3,1526.88,18.86,,,,,,,,,,,,,,1499.993125,1261.205025,0.840807204,0.191614408,6,0.5,0: Broadleaf,2,TRUE,1784908084,372.6020625,378.2035625,9.749638125,7.286094375,410.94675,12.96593125,362.9920625,102.385625,0.100005606,29.34748125,29.3311,999.9,0,0,4998.008125,0,23.28150625,-5.60141375,376.2705625,380.9793125,2.463545,378.2035625,7.286094375,0.998221813,0.745990438,6.890440625,2.7190325,1499.993125,0.97300075,0.026998988,0,1469.96,4.99958,22535.34375,14722.075,43.1909375,43.8631875,43.437,43.878875,45.003875,1454.633125,40.36,0,118.7,0,1469.7596,-14.01153844,-219.9999997,22530.508,15,1784907523,23:38:43,1784907521,1784907523,1,-38.345,-3.216,-38.345,-3.216,378,7,0.05,0.03,-5.667836,0.126157895,0.258686259,0,2.4725795,-0.206520451,0.027026773,0,0,2,0/2,2.94104,2.73183,0.101728,0.0956209,0.0754569,0.0489361,27848.6,18668.4,31765.7,22475.4,39564.6,29089.2,45624.9,32910.3,1.65345,2.69335,0.142463,0,27.0317,999.9,51.63,27.332,18.404,26.8405,96.9231,3,0.0499492,0,20.3069,5.21654,12.0279,4.95965,3.301,9999,7162.5,9999,127.1,4.9735,1.87286,1.87059,1.87225,1.87272,1.87378,1.8732,1.87775,0,0,0,0,11111111,oooooooo,on,on,on,on,0,100,100,-38.345,-3.2163,-38.3445,0,0,0,-3.216286364,0,0,0,-1,-1,-1,-1,9.5,9.5,0.157471,4.99756,2.64526,2.74536,2.8479,2.27417,31.3462,15.7957,2,378.756,1341.02,27.6349,27.8755,30.0006,27.5819,27.4163,-1,40,10,-999.9,400,20,99.8289,86.4218
6,1784908212,635.9000001,20260724 23:50:12,23:50:12,15,,1784908204,0.001421178,1.421177666,3.624733082,369.8938125,223.1604423,22.87059906,37.90856924,0.044603941,1.931744291,0.044039585,0.027574851,287.4193444,31.55115694,29.6861,4.184234054,23.03720729,0.959999205,4.167168324,3.224234849,-62.67393508,-7.390983566,-0.847790407,216.5066354,3.709030071,1.461368273,3.624733082,380.2430083,373.6243818,0.076882173,66.74902154,1.421177666,7.014032863,9.347253455,-0.000285508,78.43,0,0,1,0,25922.92858,RECT-7-20260501-00_41_31,10045.8,693.115,1861.02,0.627561767,-1,MPF-6-20260724-23_47_43,10313.4,1423.280769,1479.7,0.038128831,0.5,1261.200825,3.624733082,24.04405637,0.003666928,0.257700885,632.4170864,-,0,632.4170864,0.572604524,0.06658842,0.31036879,0.071726807,0.326499159,0.029587735,0.970412265,6,290,1479.7,45,10313.4,1475.39,4.31,300,24.2,1463.929592,2.851364855,11.81668065,2.59601426,0.425280096,-0.007257606,290,1493.23,865,10238.8,1475.47,17.76,,,,,,,,,,,,,,1499.988125,1261.200825,0.840807207,0.191614413,6,0.5,0: Broadleaf,2,TRUE,1784908204,369.8938125,376.9288125,9.36721625,6.970645,408.238125,12.5835125,362.437625,102.385,0.100005056,29.61513125,29.6861,999.9,0,0,5002.8525,0,79.4326125,-7.035151875,373.39125,379.574625,2.396569375,376.9288125,6.970645,0.959064,0.713690813,6.30887,2.097246875,1499.988125,0.973005375,0.026994763,0,1423.76875,4.99958,21911.31875,14722.04375,43.5,44.027125,43.694875,44.062,45.28875,1454.628125,40.36,0,118.6000001,0,1423.280769,-27.36683762,-555.5555558,21901.69231,15,1784907523,23:38:43,1784907521,1784907523,1,-38.345,-3.216,-38.345,-3.216,378,7,0.05,0.03,-6.372692,-13.49582797,1.315620035,0,2.395879,-0.109476992,0.041342795,0,0,2,0/2,2.94012,2.73189,0.101382,0.0958679,0.0737363,0.0475133,27854.1,18664.7,31760.6,22477.7,39632.7,29137.9,45618,32916.4,1.65073,2.69253,0.142027,0,27.394,999.9,50.134,27.513,18.0601,26.8405,96.9231,3,0.062312,0,20.3065,5.21624,12.0279,4.95975,3.301,9999,7162.5,9999,127.1,4.97352,1.87286,1.87057,1.87225,1.87274,1.87378,1.87322,1.87775,0,0,0,0,11111111,oooooooo,on,on,on,on,0,100,100,-38.345,-3.2162,-38.3445,0,0,0,-3.216286364,0,0,0,-1,-1,-1,-1,11.5,11.5,0.157471,4.99756,2.64526,2.74414,2.8479,2.20947,31.5206,15.7694,2,378.403,1344.32,27.8806,28.0467,30.0006,27.7678,27.6106,-1,40,10,-999.9,400,20,99.8135,86.4351
7,1784908332,755.9000001,20260724 23:52:12,23:52:12,15,,1784908324,0.001336142,1.336142023,3.252856306,381.92425,238.1374168,24.40551397,39.14150806,0.041219856,1.931688212,0.040737373,0.025503737,287.4280882,31.91215137,30.02246875,4.265951345,23.32929799,0.990760703,4.246851765,3.275190641,-58.92386323,-8.134727522,-0.936211032,219.4332864,4.826164514,1.325062036,3.252856306,392.4620821,387.2720121,-0.033719419,66.72862947,1.336142023,7.499678434,9.689339939,0.000896743,78.43,0,0,1,0,25893.35455,RECT-7-20260501-00_41_31,10045.8,693.115,1861.02,0.627561767,-1,MPF-7-20260724-23_49_43,10314.1,1376.116154,1433.68,0.040151112,0.5,1261.239188,3.252856306,25.3200779,0.003371967,0.298072094,623.8583374,-,0,623.8583374,0.564855241,0.071082127,0.345419692,0.077729634,0.365903049,0.03222488,0.96777512,7,290,1433.68,35,10314.1,1430.19,3.49,300,24.2,1420.521221,2.00552926,9.975963727,1.825528585,0.516097802,-0.007256433,290,1448.27,895,10235.6,1430.27,18,,,,,,,,,,,,,,1500.03375,1261.239188,0.840807207,0.191614414,6,0.5,0: Broadleaf,2,TRUE,1784908324,381.92425,390.7800625,9.6673725,7.48797625,420.269,12.88366875,361.270375,102.385,0.100003394,29.94435625,30.02246875,999.9,0,0,5002.618125,0,15.6410125,-8.8556725,385.6525625,393.728375,2.179395625,390.7800625,7.48797625,0.989792938,0.766655563,6.76698,3.10429875,1500.03375,0.97300325,0.026996538,0,1376.38,4.99958,21225.8375,14722.475,43.784875,44.3238125,44,44.433125,45.625,1454.6725,40.36125,0,118.8999999,0,1376.116154,-14.83760683,-184.9094017,21221.57692,15,1784907523,23:38:43,1784907521,1784907523,1,-38.345,-3.216,-38.345,-3.216,378,7,0.05,0.03,-9.10350381,13.15323351,5.188017614,0,2.170554286,0.065672727,0.03541174,1,1,2,1/2,2.93914,2.73183,0.103806,0.0983603,0.0751921,0.0497327,27773.2,18606.4,31754.7,22470,39562.7,29058.2,45609.7,32903.3,1.6469,2.69,0.140551,0,27.7395,999.9,51.282,27.684,18.6598,26.8406,96.9231,3,0.0744563,0,20.3056,5.21429,12.0282,4.95935,3.30032,9999,7162.5,9999,127.1,4.97351,1.87286,1.87059,1.87225,1.87274,1.87378,1.87319,1.87775,0,0,0,0,11111111,oooooooo,on,on,on,on,0,100,100,-38.344,-3.2163,-38.3445,0,0,0,-3.216286364,0,0,0,-1,-1,-1,-1,13.5,13.5,0.157471,4.99756,2.64526,2.74414,2.8479,2.27417,31.7392,15.7694,2,377.486,1345.03,28.1517,28.2257,30.0006,27.9538,27.8003,-1,40,10,-999.9,400,20,99.7952,86.4025
8,1784908452,875.9000001,20260724 23:54:12,23:54:12,15,,1784908444,0.001252038,1.252037681,3.32079988,378.5988125,221.2639948,22.67684725,38.80173749,0.0379405,1.930794716,0.037531136,0.023493371,287.4243382,32.13925359,30.23980625,4.319487799,23.02991369,0.989045721,4.294613236,3.330442078,-55.21486175,-10.48086441,-1.20924564,220.5193664,4.571761411,1.233964183,3.32079988,390.2903088,383.4590485,0.168560339,66.72862947,1.252037681,7.599262989,9.662028909,-6.71115E-05,78.43,0,0,1,0,25854.28309,RECT-7-20260501-00_41_31,10045.8,693.115,1861.02,0.627561767,-1,MPF-8-20260724-23_51_43,10305.5,1347.4604,1404.71,0.040755458,0.5,1261.22055,3.32079988,25.70081085,0.003425888,0.32484285,618.3095063,-,0,618.3095063,0.559831206,0.072799547,0.367189303,0.080452505,0.390708148,0.033405547,0.966594453,8,290,1404.71,65,10305.5,1401.04,3.67,300,24.2,1389.453024,1.934382064,11.9418358,1.760509854,0.621679807,-0.007255606,290,1418.87,885,10234.1,1401.12,17.75,,,,,,,,,,,,,,1500.01125,1261.22055,0.840807394,0.191614788,6,0.5,0: Broadleaf,2,TRUE,1784908444,378.5988125,386.9791875,9.650380625,7.61795125,416.9433125,12.86665625,360.7670625,102.38775,0.099992181,30.13911875,30.23980625,999.9,0,0,4998.75,0,15.74306875,-8.380376875,382.2881875,389.949875,2.032429375,386.9791875,7.61795125,0.988080625,0.77998475,6.74178125,3.348098125,1500.01125,0.972994625,0.027005519,0,1347.74,4.99958,20812.06875,14722.225,44,44.60925,44.242125,44.6715,45.812,1454.64125,40.37,0,118.7,0,1347.4604,-11.25307689,-170.4769227,20808.304,15,1784907523,23:38:43,1784907521,1784907523,1,-38.345,-3.216,-38.345,-3.216,378,7,0.05,0.03,-8.1514585,-2.344917744,0.947182806,0,2.0286485,0.228979398,0.034139487,0,0,2,0/2,2.93861,2.73198,0.103129,0.0976047,0.0750545,0.0503753,27790.6,18618.1,31751.4,22465.9,39563.8,29033,45604.3,32897.3,1.6446,2.68722,0.145584,0,27.8929,999.9,51.428,27.885,18.9345,26.9306,96.9231,3,0.0865498,0,20.3063,5.21729,12.0281,4.9598,3.301,9999,7162.5,9999,127.1,4.97353,1.87286,1.87061,1.87226,1.87275,1.87378,1.8732,1.87775,0,0,0,0,11111111,oooooooo,on,on,on,on,0,100,100,-38.344,-3.2163,-38.3445,0,0,0,-3.216286364,0,0,0,-1,-1,-1,-1,15.5,15.5,0.157471,4.99756,2.64526,2.74414,2.8479,2.29614,31.9365,15.7519,2,377.279,1345.08,28.3509,28.3962,30.0007,28.1289,27.9767,-1,40,10,-999.9,400,20,99.784,86.3868
9,1784908572,995.9000001,20260724 23:56:12,23:56:12,15,,1784908564,0.001196753,1.196752752,2.836756263,385.2276875,240.6218343,24.66247504,39.48381598,0.035844513,1.931465386,0.035479019,0.022206915,287.4214882,32.27911495,30.30065625,4.334581403,22.35578164,0.966711916,4.324214342,3.367869488,-52.77679636,-4.349995739,-0.502161523,229.7925346,0.846986798,1.23080864,2.836756263,387.838824,386.2736,-0.424797378,66.72862947,1.196752752,7.321579734,9.379906727,-0.009588289,78.43,0,0,1,0,25860.54907,RECT-7-20260501-00_41_31,10045.8,693.115,1861.02,0.627561767,-1,MPF-9-20260724-23_53_43,10314.9,1326.19,1381.08,0.039744258,0.5,1261.20795,2.836756263,25.06288716,0.003042128,0.347510644,613.687702,-,0,613.687702,0.555646522,0.071527953,0.384773168,0.079786036,0.410940958,0.033099198,0.966900802,9,290,1381.08,25,10314.9,1378.62,2.46,300,24.2,1363.424525,2.050530849,15.6788567,1.866064756,0.716010604,-0.00725523,290,1396.87,895,10233.1,1378.75,18.12,,,,,,,,,,,,,,1499.99625,1261.20795,0.840807402,0.191614804,6,0.5,0: Broadleaf,2,TRUE,1784908564,385.2276875,387.4270625,9.43181875,7.40213125,423.5721875,12.64810625,360.410125,102.39475,0.100001175,30.25888125,30.30065625,999.9,0,0,5001.210625,0,25.21195625,-2.199372688,388.89575,390.3165,2.029685625,387.4270625,7.40213125,0.965769063,0.757939875,6.40990375,2.942438125,1499.99625,0.972995625,0.027004644,0,1326.350625,4.99958,20522.65,14722.1,44.1210625,44.75,44.3710625,44.8395625,46,1454.62625,40.37,0,118.7,0,1326.19,-6.373076912,-137.0846152,20519.596,15,1784907523,23:38:43,1784907521,1784907523,1,-38.345,-3.216,-38.345,-3.216,378,7,0.05,0.03,-3.26031015,22.23324284,2.352015488,0,2.0191605,0.442233835,0.058788586,0,0,2,0/2,2.93778,2.73182,0.10352,0.0976618,0.0737487,0.0491388,27775,18617.6,31748.1,22467.2,39615,29074.4,45598.6,32901.6,1.64218,2.68337,0.14415,0,27.9515,999.9,50.44,28.087,18.7887,26.8407,96.9231,3,0.0963643,0,20.3063,5.21714,12.0279,4.9599,3.301,9999,7162.5,9999,127.2,4.97355,1.87286,1.87068,1.87231,1.87276,1.87378,1.87327,1.87775,0,0,0,0,11111111,oooooooo,on,on,on,on,0,100,100,-38.345,-3.2163,-38.3445,0,0,0,-3.216286364,0,0,0,-1,-1,-1,-1,17.5,17.5,0.157471,4.99756,2.64526,2.74536,2.8479,2.23145,32.1564,15.7169,2,376.886,1343.07,28.5042,28.547,30.0004,28.2829,28.1311,-1,40,10,-999.9,400,20,99.7723,86.3956
10,1784908692,1115.9,20260724 23:58:12,23:58:12,15,,1784908684,0.001102649,1.102649467,2.991418995,376.11425,210.3586913,21.55967097,38.54796503,0.032250652,1.930746945,0.031954339,0.019997857,287.4198257,32.49928485,30.50015,4.384387841,21.50117861,0.939618322,4.370078213,3.444769519,-48.62684147,-5.944864642,-0.687831344,232.1602882,2.60551846,1.124031051,2.991418995,384.3594749,379.3892545,-0.008359252,66.72862947,1.102649467,7.336767536,9.159528727,0.00023417,78.43,0,0,1,0,25827.10466,RECT-7-20260501-00_41_31,10045.8,693.115,1861.02,0.627561767,-1,MPF-10-20260724-23_55_43,10306.3,1308.2612,1363.54,0.040540652,0.5,1261.2006,2.991418995,25.56494703,0.003164777,0.364844449,610.1998154,-,0,610.1998154,0.552488511,0.073378271,0.397723035,0.082453369,0.425959303,0.034225128,0.965774872,10,290,1363.54,55,10306.3,1360.22,3.32,300,24.2,1346.440507,2.557518859,14.19724235,2.327206154,0.570662351,-0.007254633,290,1377.91,895,10232,1360.32,17.59,,,,,,,,,,,,,,1499.9875,1261.2006,0.840807407,0.191614814,6,0.5,0: Broadleaf,2,TRUE,1784908684,376.11425,381.17225,9.16789875,7.30769375,414.45875,12.3841875,359.226875,102.3900625,0.099978838,30.4430375,30.50015,999.9,0,0,4998.4375,0,19.8473625,-5.058148125,379.594375,383.9783125,1.860205625,381.17225,7.30769375,0.938701688,0.748235063,5.998128125,2.761289375,1499.9875,0.97299775,0.027002631,0,1308.461875,4.99958,20340.29375,14722.0125,44.242125,44.8553125,44.4960625,44.875,46.062,1454.6175,40.37,0,118.7,0,1308.2612,-9.413076945,-51.84615386,20336.852,15,1784907523,23:38:43,1784907521,1784907523,1,-38.345,-3.216,-38.345,-3.216,378,7,0.05,0.03,-5.076575238,1.607464675,0.885728579,0,1.866072381,-0.259362078,0.039564146,0,0,2,0/2,2.93661,2.73185,0.10224,0.095926,0.0727767,0.0485263,27812.9,18654.2,31746.7,22468.5,39655.3,29095.5,45597,32904.5,1.63905,2.68307,0.154674,0,27.998,999.9,49.469,28.298,18.6559,26.8707,96.9231,3,0.104035,0,20.3059,5.21729,12.0281,4.95975,3.301,9999,7162.5,9999,127.2,4.97354,1.87286,1.87071,1.87232,1.87279,1.87378,1.87322,1.87775,0,0,0,0,11111111,oooooooo,on,on,on,on,0,100,100,-38.344,-3.2163,-38.3445,0,0,0,-3.216286364,0,0,0,-1,-1,-1,-1,19.5,19.5,0.157471,4.99756,2.64526,2.74536,2.8479,2.2522,32.3549,15.6906,2,375.976,1345.64,28.6658,28.6577,30.0005,28.4076,28.262,-1,40,10,-999.9,400,20,99.7684,86.4021
11,1784908812,1235.9,20260725 00:00:12,00:00:12,15,,1784908804,0.001063243,1.063242724,3.067020871,373.2615625,195.1837301,20.00221052,38.25142777,0.030499186,1.930962476,0.03023407,0.018919921,287.4236194,32.71883282,30.77215625,4.453101104,21.35216477,0.944124429,4.421680141,3.508976675,-46.88900412,-12.90084642,-1.496007268,226.1377616,4.005449384,0.9626938,3.067020871,383.8689999,377.6872545,0.134096123,66.72862947,1.063242724,7.60651773,9.286518848,0.009280218,78.43,0,0,1,0,25815.46875,RECT-7-20260501-00_41_31,10045.8,693.115,1861.02,0.627561767,-1,MPF-11-20260724-23_57_43,10304.8,1291.1148,1346.4,0.041061497,0.5,1261.219725,3.067020871,25.89378519,0.003224673,0.382219251,606.7432414,-,0,606.7432414,0.549358852,0.074744399,0.410292223,0.084626465,0.440635154,0.035125195,0.964874805,11,290,1346.4,55,10304.8,1342.91,3.49,300,24.2,1330.933966,2.07201079,12.33592757,1.885060578,0.604656965,-0.007253706,290,1361.2,895,10229.9,1342.99,18.21,,,,,,,,,,,,,,1500.010625,1261.219725,0.840807195,0.191614389,6,0.5,0: Broadleaf,2,TRUE,1784908804,373.2615625,380.56375,9.212868125,7.61714125,411.60625,12.42915625,358.6420625,102.378875,0.100007394,30.64823125,30.77215625,999.9,0,0,4999.884375,0,104.10215,-7.30214375,376.732375,383.4848125,1.59572625,380.56375,7.61714125,0.943204313,0.779835438,6.067203125,3.345179375,1500.010625,0.973001875,0.026998069,0,1291.226875,4.99958,20154.20625,14722.24375,44.562,45.125,44.812,45.128875,46.375,1454.650625,40.36,0,118.7,0,1291.1148,-6.81538461,92.32307485,20152.732,15,1784907523,23:38:43,1784907521,1784907523,1,-38.345,-3.216,-38.345,-3.216,378,7,0.05,0.03,-6.8044335,-6.899684662,0.871693965,0,1.618324,-0.280338045,0.072794835,0,0,2,0/2,2.93652,2.73187,0.10193,0.0966495,0.0733184,0.0501671,27815.9,18633.2,31739.8,22461.7,39623.5,29034.9,45587.3,32893,1.6375,2.67967,0.154648,0,28.2743,999.9,49.744,28.51,18.9937,26.8707,96.9231,3,0.116349,0,20.3058,5.21699,12.0284,4.95975,3.301,9999,7162.5,9999,127.3,4.97354,1.87289,1.87073,1.87228,1.87274,1.87378,1.87321,1.87775,0,0,0,0,11111111,oooooooo,on,on,on,on,0,100,100,-38.345,-3.2162,-38.3445,0,0,0,-3.216286364,0,0,0,-1,-1,-1,-1,21.5,21.5,0.157471,4.99756,2.64526,2.74414,2.8479,2.26685,32.6204,15.6993,2,376.045,1344.29,28.8807,28.8129,30.0005,28.5658,28.4203,-1,40,10,-999.9,400,20,99.747,86.3735
12,1784908932,1355.9,20260725 00:02:12,00:02:12,15,,1784908924,0.000952656,0.952655913,2.923633004,379.3935,189.8785533,19.45895865,38.8806545,0.027152745,1.930529609,0.026942353,0.016857737,287.4208882,32.89997642,30.82843125,4.46743363,21.07696883,0.939390487,4.456952489,3.528043143,-42.01212577,-4.281538026,-0.497086051,240.6301383,2.426667912,0.974502427,2.923633004,387.3156953,382.4318364,-0.006668953,66.72862947,0.952655913,7.598990753,9.177908727,0.000235521,78.43,0,0,1,0,25792.77234,RECT-7-20260501-00_41_31,10045.8,693.115,1861.02,0.627561767,-1,MPF-12-20260724-23_59_43,10297.1,1278.163846,1331.95,0.040381511,0.5,1261.20765,2.923633004,25.46473543,0.003111013,0.39721461,603.7913684,-,0,603.7913684,0.546686161,0.073865984,0.420822424,0.084194125,0.453007736,0.034893526,0.965106474,12,290,1331.95,85,10297.1,1329.66,2.29,300,24.2,1315.628638,1.978221698,14.44337783,1.799619939,0.697013504,-0.007253353,290,1347.2,885,10229.2,1329.75,17.45,,,,,,,,,,,,,,1499.99625,1261.20765,0.840807202,0.191614404,6,0.5,0: Broadleaf,2,TRUE,1784908924,379.3935,384.0773125,9.1664775,7.549195625,417.738,12.38276875,358.2194375,102.3810625,0.100014538,30.78729375,30.82843125,999.9,0,0,4997.96875,0,115.6709125,-4.68384375,382.9033125,386.999,1.61728125,384.0773125,7.549195625,0.938473938,0.772894875,5.994630625,3.218804375,1499.99625,0.97300225,0.026997769,0,1278.27375,4.99958,20026.3375,14722.11875,44.656,45.25,44.878875,45.312,46.5,1454.63625,40.36,0,118.5,0,1278.163846,-4.192820524,39.62051308,20025.85,15,1784907523,23:38:43,1784907521,1784907523,1,-38.345,-3.216,-38.345,-3.216,378,7,0.05,0.03,-4.451228571,-11.50330675,1.811933665,0,1.614257619,-0.158281558,0.033379709,0,0,2,0/2,2.93562,2.73175,0.102794,0.0972429,0.0728233,0.0503693,27785.5,18619.2,31736.3,22460,39640.1,29026.9,45582,32891.1,1.63475,2.675,0.148952,0,28.4045,999.9,49.359,28.732,19.0906,26.9008,96.9231,3,0.125564,0,20.3057,5.21444,12.0279,4.9598,3.301,9999,7162.5,9999,127.3,4.97353,1.87287,1.87072,1.87228,1.87276,1.87378,1.87327,1.87775,0,0,0,0,11111111,oooooooo,on,on,on,on,0,100,100,-38.345,-3.2163,-38.3445,0,0,0,-3.216286364,0,0,0,-1,-1,-1,-1,23.5,23.5,0.157471,4.99756,2.64526,2.74292,2.8479,2.24854,32.8424,15.6731,2,375.385,1340.55,29.0034,28.9544,30.0003,28.7029,28.5539,-1,40,10,-999.9,400,20,99.7356,86.3679
13,1784909052,1475.9,20260725 00:04:12,00:04:12,15,,1784909044,0.001030929,1.030929014,2.224465372,386.31425,244.972444,25.10601352,39.59143578,0.029071371,1.930679402,0.028830356,0.01804046,287.4221944,33.06264489,31.05640625,4.525907904,21.28737095,0.959271547,4.506294127,3.566636357,-45.46396951,-7.92946161,-0.92245247,233.1063108,1.46985773,0.95991917,2.224465372,388.2901302,388.252097,-0.492854212,66.72206199,1.030929014,7.643177418,9.362898909,-0.000367917,78.43,0,0,1,0,25779.97721,RECT-7-20260501-00_41_31,10045.8,693.115,1861.02,0.627561767,-1,MPF-13-20260725-00_01_43,10303.7,1267.2852,1321.78,0.041228344,0.5,1261.213425,2.224465372,25.99887022,0.002556637,0.407965017,601.6927401,-,0,601.6927401,0.544786016,0.07567805,0.428196877,0.086683369,0.461715636,0.035931086,0.964068914,13,290,1321.78,55,10303.7,1319.07,2.71,300,24.2,1305.189242,2.011970015,14.30161995,1.830182418,0.685617573,-0.007253054,290,1337.97,895,10228.4,1319.17,18.8,,,,,,,,,,,,,,1500.003125,1261.213425,0.840807199,0.191614397,6,0.5,0: Broadleaf,2,TRUE,1784909044,386.31425,389.407875,9.360111875,7.761886875,424.658875,12.5764,356.996375,102.3850625,0.099988919,30.980225,31.05640625,999.9,0,0,4998.399375,0,386.4228125,-3.093655125,389.9643125,392.454375,1.598224375,389.407875,7.761886875,0.958335375,0.794700938,6.29785625,3.61209125,1500.003125,0.973004,0.0269961,0,1267.361875,4.99958,19883.98125,14722.18125,44.75,45.437,45,45.437,46.625,1454.643125,40.36,0,118.9000001,0,1267.2852,-3.029230767,12.40769212,19884.672,15,1784907523,23:38:43,1784907521,1784907523,1,-38.345,-3.216,-38.345,-3.216,378,7,0.05,0.03,-3.7898896,25.70070388,4.16715953,0,1.5722025,0.613451278,0.083274901,0,0,2,0/2,2.93462,2.73184,0.103751,0.0966655,0.0735629,0.0499755,27753.3,18630.1,31733.8,22459.2,39604.9,29038,45578.2,32890.3,1.63177,2.6737,0.152238,0,28.5832,999.9,49.408,28.933,19.3332,26.8708,96.9231,3,0.133562,0,20.3059,5.21654,12.0282,4.95975,3.301,9999,7162.5,9999,127.3,4.97358,1.87289,1.87073,1.87227,1.87278,1.87378,1.87329,1.87775,0,0,0,0,11111111,oooooooo,on,on,on,on,0,100,100,-38.344,-3.2162,-38.3445,0,0,0,-3.216286364,0,0,0,-1,-1,-1,-1,25.5,25.5,0.157471,4.99756,2.64526,2.74414,2.84912,2.27417,33.0429,15.6381,2,374.517,1341.46,29.1602,29.0681,30.0004,28.8229,28.6766,-1,40,10,-999.9,400,20,99.7276,86.3654
14,1784909172,1596,20260725 00:06:12,00:06:12,15,,1784909164,0.000921761,0.921760626,2.743268274,373.148375,181.4751134,18.59894486,38.24307321,0.025188606,1.930334195,0.025007423,0.015645809,287.4202944,33.26533225,31.27934375,4.583733663,19.94968757,0.907292999,4.547905806,3.676440663,-40.64964359,-14.34449736,-1.672192763,230.7539607,1.963745318,0.987712926,2.743268274,379.4764216,375.6204098,-0.104699928,66.72206199,0.921760626,7.208532871,8.803232156,-0.006469573,78.43,0,0,1,0,25757.61105,RECT-7-20260501-00_41_31,10045.8,693.115,1861.02,0.627561767,-1,MPF-14-20260725-00_03_43,10308,1256.7556,1310.6,0.041083778,0.5,1261.205025,2.743268274,25.9075339,0.002968009,0.419975584,599.3652983,-,0,599.3652983,0.542678698,0.07570553,0.436268338,0.087199527,0.471288333,0.036105085,0.963894915,14,290,1310.6,35,10308,1308.03,2.57,300,24.2,1292.902339,2.030823518,15.59610393,1.847167018,0.717993726,-0.007252598,290,1326.12,885,10227.4,1308.15,17.97,,,,,,,,,,,,,,1499.993125,1261.205025,0.840807204,0.191614408,6,0.5,0: Broadleaf,2,TRUE,1784909164,373.148375,377.07225,8.852711875,7.205695,411.4930625,12.069,356.6335,102.3875625,0.100015569,31.14150625,31.27934375,999.9,0,0,4996.835,0,21.77505625,-3.923846875,376.4815,379.809,1.64701625,377.07225,7.205695,0.906407625,0.737773313,5.492789375,2.563189375,1499.993125,0.973006,0.0269944,0,1256.770625,4.99958,19592.68125,14722.10625,44.917625,45.562,45.156,45.562,46.77325,1454.633125,40.36,0,118.7,0,1256.7556,-3.816923079,-30.09230787,19591.484,15,1784907523,23:38:43,1784907521,1784907523,1,-38.345,-3.216,-38.345,-3.216,378,7,0.05,0.03,-3.722650476,-5.302948857,0.618097466,0,1.651188571,-0.230103448,0.03120495,0,0,2,0/2,2.93456,2.73186,0.101455,0.0951932,0.0710761,0.0482825,27822.2,18663.2,31731.9,22462.9,39709.7,29096.5,45575.9,32898.1,1.63105,2.67193,0.151038,0,28.8079,999.9,47.455,29.124,18.7747,26.7863,96.9231,3,0.141314,0,20.3056,5.21534,12.0281,4.9598,3.301,9999,7162.5,9999,127.4,4.97351,1.87287,1.87072,1.87233,1.87274,1.87378,1.8732,1.87775,0,0,0,0,11111111,oooooooo,on,on,on,on,0,100,100,-38.345,-3.2162,-38.3445,0,0,0,-3.216286364,0,0,0,-1,-1,-1,-1,27.5,27.5,0.157471,4.99756,2.64526,2.74414,2.8479,2.27905,33.2216,15.6381,2,374.753,1341.49,29.3128,29.1813,30.0003,28.9358,28.7911,-1,40,10,-999.9,400,20,99.7222,86.3834
15,1784909292,1716,20260725 00:08:12,00:08:12,15,,1784909284,0.000834739,0.834738564,3.160520233,379.221125,142.145364,14.56820101,38.86563319,0.022927328,1.93077967,0.022777145,0.014249127,287.4243319,33.32096144,31.192075,4.561021622,19.87742791,0.905194881,4.553883355,3.655826741,-36.81197067,-2.863185899,-0.333589841,247.4155855,4.688966474,0.79923345,3.160520233,396.718193,386.1260545,0.686205376,66.72206199,0.834738564,7.612160874,8.897882667,0.012463476,78.43,0,0,1,0,25766.73187,RECT-7-20260501-00_41_31,10045.8,693.115,1861.02,0.627561767,-1,MPF-15-20260725-00_05_43,10308,1248.883846,1303.38,0.041811409,0.5,1261.222875,3.160520233,26.36675254,0.003298799,0.427841458,597.8507597,-,0,597.8507597,0.541307401,0.077241524,0.441461035,0.089299163,0.477470342,0.03697614,0.96302386,15,290,1303.38,35,10308,1299.33,4.05,300,24.2,1283.50234,2.494298005,16.32012895,2.268702221,0.648893287,-0.007252572,290,1317.03,895,10227.2,1299.46,17.57,,,,,,,,,,,,,,1500.014375,1261.222875,0.840807192,0.191614385,6,0.5,0: Broadleaf,2,TRUE,1784909284,379.221125,387.6510625,8.832199375,7.494476875,417.56575,12.04848125,355.308875,102.3880625,0.099986363,31.16456875,31.192075,999.9,0,0,4998.671875,0,24.85855,-8.429854,382.6005,390.5786875,1.3377225,387.6510625,7.494476875,0.904311375,0.76734475,5.459471875,3.11587375,1500.014375,0.9730065,0.026993825,0,1248.9825,4.99958,19456.8,14722.31875,44.937,45.558125,45.1715,45.5738125,46.812,1454.654375,40.36,0,118.8999999,0,1248.883846,-4.228376054,-150.6905984,19453.74231,15,1784907523,23:38:43,1784907521,1784907523,1,-38.345,-3.216,-38.345,-3.216,378,7,0.05,0.03,-6.288323429,-44.70369662,6.726936757,0,1.378900476,-0.974753766,0.106837461,0,0,2,0/2,2.93216,2.73175,0.103333,0.0982253,0.071544,0.0501764,27764.8,18598.2,31732.9,22460.1,39690.5,29033.7,45577,32892.7,1.62582,2.671,0.153642,0,28.701,999.9,47.754,29.296,19.0819,26.8463,96.9231,3,0.143516,0,20.3055,5.21669,12.0281,4.9598,3.301,9999,7162.5,9999,127.4,4.97356,1.8729,1.87073,1.87233,1.87278,1.87378,1.87325,1.87775,0,0,0,0,11111111,oooooooo,on,on,on,on,0,100,100,-38.345,-3.2163,-38.3445,0,0,0,-3.216286364,0,0,0,-1,-1,-1,-1,29.5,29.5,0.157471,4.99756,2.64526,2.74292,2.8479,2.24609,33.3335,15.6118,2,372.439,1341.6,29.3741,29.2348,30.0002,28.9998,28.8553,-1,40,10,-999.9,400,20,99.7249,86.3705
16,1784909412,1836,20260725 00:10:12,00:10:12,15,,1784909404,0.000852436,0.852435572,2.861105269,371.9925625,157.6212105,16.15446981,38.12521552,0.023170604,1.931185745,0.023017261,0.01439948,287.4179132,33.37110278,31.32285625,4.595094717,19.72559363,0.901223298,4.568801906,3.693871419,-37.59240873,-10.49925485,-1.224146732,238.1021029,4.147250091,0.787796014,2.861105269,383.6214364,376.9057455,0.242701745,66.72206199,0.852435572,7.510524768,8.857476545,0.009017674,78.43,0,0,1,0,25771.93315,RECT-7-20260501-00_41_31,10045.8,693.115,1861.02,0.627561767,-1,MPF-16-20260725-00_07_43,10299.8,1242.2892,1295.44,0.041029148,0.5,1261.19685,2.861105269,25.87291637,0.003061461,0.436592972,596.1746654,-,0,596.1746654,0.539789828,0.076009488,0.447153485,0.088242726,0.48426884,0.036476958,0.963523042,16,290,1295.44,65,10299.8,1292.71,2.73,300,24.2,1275.988284,2.756697453,17.21870229,2.507175226,0.627492451,-0.007252087,290,1311.03,895,10226.4,1292.83,18.2,,,,,,,,,,,,,,1499.98375,1261.19685,0.840807009,0.191614018,6,0.5,0: Broadleaf,2,TRUE,1784909404,371.9925625,379.495,8.79335,7.473976875,410.3370625,12.0096375,355.1089375,102.3891875,0.100000081,31.2220125,31.32285625,999.9,0,0,5000.31375,0,19.88315,-7.50250625,375.292625,382.3526875,1.319375,379.495,7.473976875,0.900344813,0.765255,5.3961425,3.078365625,1499.98375,0.97300775,0.026992388,0,1242.32875,4.99958,19351.99375,14722.025,45.062,45.519375,45.25,45.562,46.875,1454.63375,40.35,0,118.7,0,1242.2892,-4.341538435,-17.16153843,19351.532,15,1784907523,23:38:43,1784907521,1784907523,1,-38.345,-3.216,-38.345,-3.216,378,7,0.05,0.03,-7.070456667,-6.333977922,0.969608984,0,1.346714286,-0.381563377,0.058315736,0,0,2,0/2,2.93293,2.73191,0.101702,0.0956883,0.0713489,0.0493776,27816.6,18652.5,31734.5,22462.5,39700.6,29061.9,45579,32897.1,1.62735,2.6697,0.162266,0,28.7032,999.9,47.088,29.467,19.0028,26.7863,96.9231,3,0.145318,0,20.3056,5.21654,12.0294,4.95985,3.301,9999,7162.5,9999,127.4,4.97355,1.8729,1.87073,1.8723,1.87277,1.87378,1.87326,1.87775,0,0,0,0,11111111,oooooooo,on,on,on,on,0,100,100,-38.344,-3.2163,-38.3445,0,0,0,-3.216286364,0,0,0,-1,-1,-1,-1,31.5,31.5,0.15625,4.99756,2.64526,2.7417,2.8479,2.23877,33.4456,15.5855,2,373.431,1340.82,29.4638,29.2574,30.0003,29.0409,28.9047,-1,40,10,-999.9,400,20,99.7295,86.3811
17,1784909532,1956,20260725 00:12:12,00:12:12,15,,1784909524,0.00087824,0.878240344,2.806674547,372.48075,165.9156362,17.0043105,38.17469212,0.023708632,1.931018048,0.023548097,0.014731894,287.4169632,33.44428878,31.39014375,4.612711674,19.454424,0.893042256,4.590432775,3.719669419,-38.73039918,-8.862592613,-1.034177823,238.7897936,1.70824369,0.952538398,2.806674547,378.2057261,374.6024727,-0.154637018,66.72206199,0.878240344,7.093971626,8.642095333,-0.008514057,78.43,0,0,1,0,25760.78834,RECT-7-20260501-00_41_31,10045.8,693.115,1861.02,0.627561767,-1,MPF-17-20260725-00_09_43,10290,1235.0572,1288.5,0.041476756,0.5,1261.19265,2.806674547,26.15508986,0.003018313,0.444330617,594.7005563,-,0,594.7005563,0.538455137,0.077029177,0.452113409,0.089761751,0.490211104,0.037090828,0.962909172,17,290,1288.5,105,10290,1285.7,2.8,300,24.2,1274.054691,2.105139392,11.98465135,1.914498055,0.583252116,-0.007251986,290,1303.91,895,10225.8,1285.77,18.14,,,,,,,,,,,,,,1499.97875,1261.19265,0.840807012,0.191614023,6,0.5,0: Broadleaf,2,TRUE,1784909524,372.48075,375.96875,8.71365375,7.11722625,410.8253125,11.9299375,354.88175,102.3876875,0.100003794,31.3050125,31.39014375,999.9,0,0,4999.68625,0,20.1875125,-3.487981875,375.755125,378.6636875,1.59642625,375.96875,7.11722625,0.892169563,0.728715438,5.264856875,2.389559375,1499.97875,0.9730075,0.026992694,0,1235.09875,4.99958,19242.36875,14721.975,45.187,45.585625,45.437,45.5895625,47.031,1454.62875,40.35,0,118.7,0,1235.0572,-2.508461527,-302.1230763,19237.908,15,1784907523,23:38:43,1784907521,1784907523,1,-38.345,-3.216,-38.345,-3.216,378,7,0.05,0.03,-3.159386,-5.100377143,0.78499747,0,1.5920245,-0.028546917,0.029007086,1,1,2,1/2,2.93244,2.7318,0.101215,0.0950733,0.0702998,0.0475616,27830.3,18668.4,31733.2,22466.7,39744.1,29124.4,45577.3,32905.1,1.62622,2.668,0.159699,0,28.7715,999.9,45.794,29.628,18.6511,26.8764,96.9231,3,0.149568,0,20.3055,5.21729,12.0281,4.9598,3.301,9999,7162.5,9999,127.5,4.97362,1.87291,1.87073,1.87235,1.8728,1.87378,1.87323,1.87775,0,0,0,0,11111111,oooooooo,on,on,on,on,0,100,100,-38.344,-3.2163,-38.3445,0,0,0,-3.216286364,0,0,0,-1,-1,-1,-1,33.5,33.5,0.15625,4.99756,2.64526,2.7417,2.8479,2.29126,33.558,15.5855,2,373.173,1339.75,29.5763,29.3152,30.0001,29.1001,28.9658,-1,40,10,-999.9,400,20,99.7257,86.4001
18,1784909652,2076,20260725 00:14:12,00:14:12,15,,1784909644,0.000860667,0.860666514,2.906192803,367.9878125,150.9423245,15.46951068,37.71368577,0.023201695,1.930478176,0.023047886,0.014418663,287.4213622,33.4690109,31.35420625,4.603295351,19.11970761,0.878552432,4.595009769,3.724742918,-37.95539325,-3.296605381,-0.384754228,245.7846093,2.957202734,0.858344486,2.906192803,375.6696647,371.0231152,-0.040233782,66.72206199,0.860666514,7.105507338,8.555413939,-0.000679042,78.43,0,0,1,0,25745.92442,RECT-7-20260501-00_41_31,10045.8,693.115,1861.02,0.627561767,-1,MPF-18-20260725-00_11_43,10307.5,1229.479615,1282.77,0.041543211,0.5,1261.20975,2.906192803,26.1973513,0.003097179,0.450782291,593.4770009,-,0,593.4770009,0.537347302,0.077311658,0.456197542,0.090375532,0.495117325,0.037318789,0.962681211,18,290,1282.77,35,10307.5,1280.47,2.3,300,24.2,1269.161569,2.047452864,11.65940486,1.862145666,0.583355382,-0.007252266,290,1297.82,895,10226.4,1280.56,17.26,,,,,,,,,,,,,,1499.99875,1261.20975,0.840807201,0.191614401,6,0.5,0: Broadleaf,2,TRUE,1784909644,367.9878125,373.526,8.572394375,7.1324825,406.332375,11.788675,354.599375,102.38625,0.099985938,31.32253125,31.35420625,999.9,0,0,4997.500625,0,29.93866875,-5.538231875,371.1695625,376.20925,1.4399125,373.526,7.1324825,0.877694813,0.730267813,5.030105625,2.419466875,1499.99875,0.97300625,0.026994113,0,1229.494375,4.99958,19185,14722.175,45.0895625,45.7145625,45.5,45.625,46.95275,1454.639375,40.36,0,118.5,0,1229.479615,-2.727179486,-91.62051287,19183.91154,15,1784907523,23:38:43,1784907521,1784907523,1,-38.345,-3.216,-38.345,-3.216,378,7,0.05,0.03,-5.33395619,-3.101248831,0.618128279,0,1.46014619,-0.289144675,0.043284272,0,0,2,0/2,2.93156,2.73173,0.100576,0.0946168,0.0699244,0.0478102,27850.3,18679,31733.7,22468.2,39761,29118.9,45578.2,32907.5,1.6242,2.668,0.169836,0,28.5919,999.9,45.342,29.789,18.6387,26.8764,96.9231,3,0.150465,0,20.3056,5.21654,12.0288,4.9597,3.301,9999,7162.5,9999,127.5,4.97359,1.87292,1.87073,1.87232,1.87279,1.87378,1.87324,1.87775,0,0,0,0,11111111,oooooooo,on,on,on,on,0,100,100,-38.344,-3.2163,-38.3445,0,0,0,-3.216286364,0,0,0,-1,-1,-1,-1,35.5,35.5,0.15625,4.99756,2.64526,2.74048,2.8479,2.24487,33.6705,15.5505,2,372.334,1340.66,29.6183,29.3455,30.0002,29.1359,29.0061,-1,40,10,-999.9,400,20,99.7273,86.4062
19,1784909772,2196,20260725 00:16:12,00:16:12,15,,1784909764,0.000797376,0.79737624,2.707431566,376.16025,156.5295602,16.04201697,38.55098747,0.02138264,1.931610443,0.021252006,0.013294174,287.4211194,33.68792707,31.5891625,4.665162723,19.90196215,0.924767728,4.646615853,3.740394995,-35.16429217,-7.305209303,-0.853920875,244.0976971,2.670372612,0.778230866,2.707431566,384.3300396,379.5353455,0.022024825,66.72206199,0.79737624,7.793435607,9.066345212,0.007475655,78.43,0,0,1,0,25757.50437,RECT-7-20260501-00_41_31,10045.8,693.115,1861.02,0.627561767,-1,MPF-19-20260725-00_13_43,10298.7,1222.9904,1275.97,0.041521039,0.5,1261.211025,2.707431566,26.18339602,0.002939581,0.458513915,592.0173199,-,0,592.0173199,0.536025675,0.077460914,0.461031335,0.090896707,0.500939717,0.037496781,0.962503219,19,290,1275.97,65,10298.7,1273.86,2.11,300,24.2,1257.243519,2.039818203,17.1096898,1.854918938,0.752390658,-0.007251591,290,1292.96,895,10224.8,1273.98,18.98,,,,,,,,,,,,,,1500.000625,1261.211025,0.840807,0.191614,6,0.5,0: Broadleaf,2,TRUE,1784909764,376.16025,381.1849375,9.023396875,7.7156225,414.504875,12.2396625,353.8264375,102.3855625,0.099980488,31.5190125,31.5891625,999.9,0,0,5002.265625,0,29.67449375,-5.024633125,379.5855,384.148875,1.307773125,381.1849375,7.7156225,0.923865813,0.789968438,5.767929375,3.5277925,1500.000625,0.97301,0.0269898,0,1223.08,4.99958,19157.89375,14722.19375,45.312,46,45.636625,45.91375,47.13275,1454.650625,40.35,0,118.8999999,0,1222.9904,-3.473076923,-63.61538469,19156.404,15,1784907523,23:38:43,1784907521,1784907523,1,-38.345,-3.216,-38.345,-3.216,378,7,0.05,0.03,-3.743008435,-22.07047207,2.322449823,0,1.3437595,-0.741802556,0.072649271,0,0,2,0/2,2.93098,2.73174,0.102129,0.096294,0.0722602,0.0512772,27802.7,18638.2,31734.3,22460.8,39661.5,29000.3,45579.2,32893.2,1.62243,2.66738,0.169631,0,28.8354,999.9,46.82,29.95,19.4286,26.9964,96.9231,3,0.15295,0,20.3058,5.21714,12.0293,4.95965,3.301,9999,7162.5,9999,127.5,4.97357,1.87288,1.87073,1.87237,1.87281,1.87376,1.87327,1.87775,0,0,0,0,11111111,oooooooo,on,on,on,on,0,100,100,-38.345,-3.2163,-38.3445,0,0,0,-3.216286364,0,0,0,-1,-1,-1,-1,37.5,37.5,0.15625,4.99756,2.64526,2.7417,2.8479,2.27783,33.8057,15.5242,2,371.661,1340.82,29.7421,29.3827,30.0003,29.1789,29.0537,-1,40,10,-999.9,400,20,99.7295,86.3724
20,1784909892,2316,20260725 00:18:12,00:18:12,15,,1784909884,0.000860437,0.860436504,2.602315703,372.5644375,173.8410224,17.81530493,38.18056848,0.022974161,1.931083184,0.02282339,0.014278082,287.4267132,33.67555196,31.62591875,4.674906373,19.71862875,0.916820912,4.649516577,3.75808546,-37.94524984,-9.985962617,-1.167872925,238.3276278,2.168409594,0.822064922,2.602315703,379.0794786,375.4190606,-0.103718482,66.72206199,0.860436504,7.494773297,8.945188303,-0.00029416,78.43,0,0,1,0,25743.66098,RECT-7-20260501-00_41_31,10045.8,693.115,1861.02,0.627561767,-1,MPF-20-20260725-00_15_43,10305.3,1216.0852,1268.79,0.041539419,0.5,1261.23105,2.602315703,26.19540281,0.00285619,0.46676755,590.4669895,-,0,590.4669895,0.534621971,0.077698676,0.466119867,0.091553046,0.507087477,0.037726389,0.962273611,20,290,1268.79,35,10305.3,1266.55,2.24,300,24.2,1253.547421,2.026209392,13.3967449,1.842310887,0.65379836,-0.00725103,290,1284.15,895,10223.4,1266.65,17.5,,,,,,,,,,,,,,1500.02375,1261.23105,0.840807387,0.191614775,6,0.5,0: Broadleaf,2,TRUE,1784909884,372.5644375,376.7659375,8.94630125,7.563090625,410.909125,12.16258125,353.39975,102.3804375,0.100005163,31.53,31.62591875,999.9,0,0,5000.3125,0,26.262425,-4.20137,375.9276875,379.6371875,1.38320875,376.7659375,7.563090625,0.915926188,0.77431275,5.64343,3.244494375,1500.02375,0.97299425,0.027005675,0,1216.125,4.99958,19036.6125,14722.35,45.562,45.9803125,45.812,45.9960625,47.312,1454.65375,40.37,0,118.7,0,1216.0852,-2.732307697,-163.8846148,19032.82,15,1784907523,23:38:43,1784907521,1784907523,1,-38.345,-3.216,-38.345,-3.216,378,7,0.05,0.03,-4.8926515,13.18715233,1.318138655,0,1.35682,0.514366015,0.055284424,0,0,2,0/2,2.93075,2.73169,0.1013,0.0946784,0.0716396,0.0490372,27826.4,18673.6,31732.3,22463.5,39684.8,29074.3,45575.4,32899.6,1.62155,2.66943,0.167742,0,28.8942,999.9,45.782,30.132,19.1966,26.9064,96.9231,3,0.158791,0,20.3056,5.214,12.0315,4.9597,3.301,9999,7162.5,9999,127.5,4.97357,1.87291,1.87073,1.87233,1.87278,1.87378,1.87324,1.87775,0,0,0,0,11111111,oooooooo,on,on,on,on,0,100,100,-38.345,-3.2163,-38.3445,0,0,0,-3.216286364,0,0,0,-1,-1,-1,-1,39.5,39.5,0.157471,4.99756,2.64526,2.74048,2.84912,2.23389,33.9639,15.498,2,371.532,1344.98,29.7969,29.4472,30.0002,29.2387,29.107,-1,40,10,-999.9,400,20,99.722,86.3867
21,1784910012,2436,20260725 00:20:12,00:20:12,15,,1784910004,0.000804481,0.804481113,2.753615731,373.1695,148.2244222,15.18951053,38.24108044,0.021187741,1.931447989,0.021059459,0.013173622,287.4165007,33.85010016,31.7849375,4.717264825,19.40360422,0.9101013,4.690372414,3.807163525,-35.47761707,-10.49742658,-1.229351445,240.2121056,1.751252335,0.824041009,2.753615731,380.2030067,375.7482727,-0.034637679,66.72206199,0.804481113,7.506170093,8.864579212,-0.000230849,78.43,0,0,1,0,25739.86492,RECT-7-20260501-00_41_31,10045.8,693.115,1861.02,0.627561767,-1,MPF-21-20260725-00_17_43,10290.2,1209.391923,1261.92,0.041625521,0.5,1261.1859,2.753615731,26.24875982,0.002976259,0.474752758,588.9747879,-,0,588.9747879,0.533270898,0.078056989,0.470973826,0.092348128,0.512969805,0.038013813,0.961986187,21,290,1261.92,95,10290.2,1259.66,2.26,300,24.2,1243.066879,1.954682625,17.07662578,1.777223699,0.767297157,-0.007250776,290,1278.88,895,10223.1,1259.77,19.11,,,,,,,,,,,,,,1499.97,1261.1859,0.840807416,0.191614833,6,0.5,0: Broadleaf,2,TRUE,1784910004,373.1695,376.6715625,8.88107875,7.49178875,411.5138125,12.09735625,352.7223125,102.3764375,0.099998663,31.684125,31.7849375,999.9,0,0,5002.0325,0,23.05223125,-3.502028125,376.513375,379.51475,1.38929125,376.6715625,7.49178875,0.909213063,0.766982438,5.537384375,3.110440625,1499.97,0.97299325,0.027006788,0,1209.4625,4.99958,18989.2125,14721.8,45.617125,45.937,45.812,46,47.433125,1454.6,40.37,0,118.5,0,1209.391923,-2.926153835,314.9128207,18992.90769,15,1784907523,23:38:43,1784907521,1784907523,1,-38.345,-3.216,-38.345,-3.216,378,7,0.05,0.03,-3.529888,-5.619602707,1.175080028,0,1.3879035,-0.072577895,0.021274499,1,1,2,1/2,2.93018,2.73178,0.10137,0.0951033,0.071294,0.0493495,27822.3,18664.1,31730.4,22462.8,39697.7,29063.6,45573.2,32898.4,1.6198,2.6676,0.167757,0,29.0827,999.9,45.306,30.333,19.2164,27.0264,96.9231,3,0.163613,0,20.3055,5.21684,12.03,4.9598,3.301,9999,7162.5,9999,127.6,4.97357,1.87294,1.87073,1.87233,1.87281,1.87378,1.87327,1.87775,0,0,0,0,11111111,oooooooo,on,on,on,on,0,100,100,-38.344,-3.2163,-38.3445,0,0,0,-3.216286364,0,0,0,-1,-1,-1,-1,41.5,41.5,0.15625,4.99756,2.64526,2.7417,2.8479,2.24609,34.1452,15.498,2,370.938,1343.55,29.871,29.5114,30.0001,29.2945,29.161,-1,40,10,-999.9,400,20,99.7168,86.3836
22,1784910132,2556,20260725 00:22:12,00:22:12,15,,1784910124,0.000783302,0.783302406,2.458661017,379.132375,168.0491111,17.22103202,38.85203989,0.020362502,1.931500844,0.020243992,0.012663085,287.4243382,34.06205406,32.02246875,4.781159275,19.52491131,0.92646267,4.745028826,3.854696604,-34.5436361,-13.95096058,-1.637305682,237.2924358,0.753798978,0.784867067,2.458661017,383.3248696,380.8832485,-0.232684717,66.72206199,0.783302406,7.720489878,9.042552606,3.00073E-05,78.43,0,0,1,0,25723.93431,RECT-7-20260501-00_41_31,10045.8,693.115,1861.02,0.627561767,-1,MPF-22-20260725-00_19_43,10299.5,1202.6316,1255.83,0.042361148,0.5,1261.22055,2.458661017,26.71337495,0.002742313,0.481904398,587.6447434,-,0,587.6447434,0.532066646,0.079616243,0.475264457,0.094538799,0.51818427,0.038903075,0.961096925,22,290,1255.83,55,10299.5,1253.03,2.8,300,24.2,1235.512009,2.364085871,18.03767902,2.149348359,0.715529195,-0.007250568,290,1273.68,895,10222.5,1253.16,20.52,,,,,,,,,,,,,,1500.01125,1261.22055,0.840807394,0.191614788,6,0.5,0: Broadleaf,2,TRUE,1784910124,379.132375,380.9234375,9.040760625,7.715784375,417.477,12.25706875,352.204625,102.3761875,0.099998794,31.88849375,32.02246875,999.9,0,0,5002.265625,0,78.6543125,-1.791006,382.5913125,383.8855,1.32497625,380.9234375,7.715784375,0.925559125,0.789913,5.794394375,3.52723125,1500.01125,0.97299475,0.027005113,0,1202.6925,4.99958,19042.51875,14722.23125,45.6909375,46.07775,45.933125,46.187,47.562,1454.64125,40.37,0,118.8999999,0,1202.6316,-3.662307696,1660.869234,19072.748,15,1784907523,23:38:43,1784907521,1784907523,1,-38.345,-3.216,-38.345,-3.216,378,7,0.05,0.03,-3.09103981,22.00185047,2.588890059,0,1.299434286,0.431783377,0.055193652,0,0,2,0/2,2.92974,2.73177,0.102241,0.0952774,0.0720824,0.0504822,27796,18658.8,31731.5,22461,39664.6,29025.8,45574.2,32894.9,1.61865,2.66593,0.161722,0,29.4028,999.9,45.501,30.545,19.5356,26.9664,96.9231,3,0.167241,0,20.3048,5.21415,12.0297,4.95915,3.30025,9999,7162.5,9999,127.6,4.97357,1.87291,1.87073,1.87232,1.8728,1.87377,1.87328,1.87775,0,0,0,0,11111111,oooooooo,on,on,on,on,0,100,100,-38.345,-3.2163,-38.3445,0,0,0,-3.216286364,0,0,0,-1,-1,-1,-1,43.5,43.5,0.15625,4.99756,2.64526,2.7417,2.8479,2.26562,34.3497,15.4804,2,370.65,1342.45,30.0297,29.5704,30.0004,29.3506,29.2187,-1,40,10,-999.9,400,20,99.7194,86.3754
23,1784910252,2676,20260725 00:24:12,00:24:12,15,,1784910244,0.000729981,0.729981486,2.533978382,374.0963125,140.2841856,14.37656169,38.33802571,0.018710826,1.931303283,0.0186107,0.011640639,287.4211319,34.21961437,32.18711875,4.825890015,19.21407532,0.918838167,4.78210974,3.907051848,-32.19218354,-16.7777046,-1.972186112,236.4790577,2.473931477,0.719845112,2.533978382,381.4736701,377.2247576,-0.014137315,66.71312185,0.729981486,7.75339884,8.985785879,0.000209584,78.43,0,0,1,0,25707.21785,RECT-7-20260501-00_41_31,10045.8,693.115,1861.02,0.627561767,-1,MPF-23-20260725-00_21_43,10280.5,1195.71,1247.7,0.04166867,0.5,1261.206375,2.533978382,26.27639635,0.002802062,0.491560471,585.8584325,-,0,585.8584325,0.530449281,0.078553543,0.480974345,0.093745774,0.525145453,0.038488643,0.961511357,23,290,1247.7,135,10280.5,1246.59,1.11,300,24.2,1230.850363,1.690633078,16.1813804,1.536987589,0.798326749,-0.007250346,290,1265.67,895,10221.9,1246.68,18.99,,,,,,,,,,,,,,1499.994375,1261.206375,0.840807403,0.191614807,6,0.5,0: Broadleaf,2,TRUE,1784910244,374.0963125,378.7766875,8.965875625,7.748716875,412.441,12.18215625,351.6670625,102.3816875,0.100011531,32.02598125,32.18711875,999.9,0,0,5001.17125,0,120.5333563,-4.68032125,377.48075,381.7348125,1.217159375,378.7766875,7.748716875,0.917941813,0.793327,5.67509375,3.58820375,1499.994375,0.97299525,0.027004538,0,1195.795625,4.99958,18958.4125,14722.0875,45.812,46.2460625,46,46.312,47.6405,1454.624375,40.37,0,118.7,0,1195.71,-3.413076919,-155.2692305,18957.948,15,1784907523,23:38:43,1784907521,1784907523,1,-38.345,-3.216,-38.345,-3.216,378,7,0.05,0.03,-4.828736,2.416185564,1.143371576,0,1.220633,0.234454737,0.057006251,0,0,2,0/2,2.92929,2.73174,0.101635,0.0957039,0.071844,0.0515251,27812.9,18647.9,31729.7,22458.7,39673.1,28990.5,45572.3,32891.2,1.61733,2.66418,0.15863,0,29.6172,999.9,45.184,30.746,19.6239,26.9364,96.9231,3,0.172403,0,20.3054,5.21459,12.0285,4.9597,3.301,9999,7162.5,9999,127.7,4.97357,1.87296,1.87073,1.87235,1.87284,1.87375,1.87327,1.87775,0,0,0,0,11111111,oooooooo,on,on,on,on,0,100,100,-38.345,-3.2163,-38.3445,0,0,0,-3.216286364,0,0,0,-1,-1,-1,-1,45.5,45.5,0.157471,4.99756,2.64526,2.74048,2.8479,2.22534,34.5777,15.4454,2,370.315,1341.29,30.1552,29.6417,30.0004,29.415,29.2811,-1,40,10,-999.9,400,20,99.7146,86.3659
24,1784910372,2796,20260725 00:26:12,00:26:12,15,,1784910364,0.000723869,0.723869427,2.507392687,372.8088125,137.3987901,14.08131962,38.20732369,0.018379773,1.930987672,0.018283133,0.011435599,287.4210132,34.33222583,32.312375,4.86016213,19.0547449,0.916918095,4.812019789,3.943244035,-31.92264175,-18.33976714,-2.158653018,234.9999513,2.847909595,0.759936514,2.507392687,381.5628118,376.7272788,0.06746135,66.71312185,0.723869427,7.712457597,8.937775273,8.59106E-05,78.43,0,0,1,0,25689.9645,RECT-7-20260501-00_41_31,10045.8,693.115,1861.02,0.627561767,-1,MPF-24-20260725-00_23_43,10254,1188.6072,1239.15,0.040788282,0.5,1261.20585,2.507392687,25.72121012,0.002780984,0.501852076,583.9664694,-,0,583.9664694,0.528736255,0.077142965,0.486956878,0.092563297,0.532466254,0.037900582,0.962099418,24,290,1239.15,295,10254,1238.72,0.43,300,24.2,1221.578337,2.139640444,17.57560949,1.945083894,0.744636756,-0.007250038,290,1257.41,895,10221.3,1238.77,18.64,,,,,,,,,,,,,,1499.99375,1261.20585,0.840807404,0.191614807,6,0.5,0: Broadleaf,2,TRUE,1784910364,372.8088125,378.1603125,8.94684875,7.659678125,411.153375,12.1631375,351.0665,102.3850625,0.09997115,32.13620625,32.312375,999.9,0,0,4999.6875,0,227.4406875,-5.351489375,376.174375,381.0791875,1.287169375,378.1603125,7.659678125,0.916024125,0.78423725,5.64496625,3.424956875,1499.99375,0.972996313,0.0270034,0,1188.660625,4.99958,18809.3,14722.06875,45.9215,46.312,46.0895625,46.39825,47.753875,1454.62375,40.37,0,118.7,0,1188.6072,-2.359230757,-828.1923072,18792.808,15,1784907523,23:38:43,1784907521,1784907523,1,-38.345,-3.216,-38.345,-3.216,378,7,0.05,0.03,-5.600077,3.987803008,0.866221968,0,1.2893095,-0.211946617,0.043644739,0,0,2,0/2,2.92782,2.73171,0.101497,0.0953593,0.0715953,0.0508714,27813.7,18654.1,31726.2,22457.9,39679,29009.8,45566.9,32890.6,1.6133,2.65933,0.155553,0,29.7727,999.9,44.702,30.988,19.6833,26.9364,96.9231,3,0.180663,0,20.3049,5.21534,12.0291,4.95975,3.301,9999,7162.5,9999,127.7,4.97359,1.87298,1.87073,1.87233,1.87278,1.87378,1.87329,1.87774,0,0,0,0,11111111,oooooooo,on,on,on,on,0,100,100,-38.345,-3.2163,-38.3445,0,0,0,-3.216286364,0,0,0,-1,-1,-1,-1,47.5,47.5,0.157471,4.99756,2.64526,2.74048,2.8479,2.27783,34.8755,15.4454,2,368.728,1336.1,30.2716,29.7361,30.0005,29.5016,29.3636,-1,40,10,-999.9,400,20,99.7031,86.3638
25,1784910492,2916,20260725 00:28:12,00:28:12,15,,1784910484,0.000662605,0.662604785,2.22372572,373.5721875,148.9731704,15.26753577,38.28559679,0.017146774,1.930866951,0.017062628,0.010671668,287.4236257,34.18122667,31.9793,4.769491441,18.8825916,0.899693318,4.764670744,3.869798123,-29.22087103,-1.85943086,-0.218329202,256.1249946,1.865878045,0.6659601,2.22372572,379.8246815,376.3843455,-0.051508245,66.71312185,0.662604785,7.669394572,8.792880061,9.14268E-05,78.43,0,0,1,0,25701.68609,RECT-7-20260501-00_41_31,10045.8,693.115,1861.02,0.627561767,-1,MPF-25-20260725-00_25_43,10299.6,1183.562308,1234.12,0.040966593,0.5,1261.2174,2.22372572,25.83389025,0.002556043,0.507973293,582.8469563,-,0,582.8469563,0.527722623,0.077629026,0.490465671,0.093451433,0.536773111,0.038228525,0.961771475,25,290,1234.12,55,10299.6,1231.89,2.23,300,24.2,1220.732843,1.961977528,11.49100819,1.783776394,0.597115293,-0.007250723,290,1249.7,885,10222.5,1231.97,17.73,,,,,,,,,,,,,,1500.0075,1261.2174,0.840807396,0.191614792,6,0.5,0: Broadleaf,2,TRUE,1784910484,373.5721875,377.1921875,8.77876875,7.648748125,411.91675,11.9950625,350.4965,102.385125,0.100011944,31.9614375,31.9793,999.9,0,0,4999.18,0,36.0425,-3.620045625,376.88075,380.0995625,1.1300225,377.1921875,7.648748125,0.898816063,0.783118438,5.3717925,3.404890625,1500.0075,0.972994,0.027005938,0,1183.544375,4.99958,18787.9375,14722.20625,45.761625,46.2066875,45.937,46.308125,47.652125,1454.6375,40.37,0,118.5,0,1183.562308,-1.877606828,179.7743588,18790.05385,15,1784907523,23:38:43,1784907521,1784907523,1,-38.345,-3.216,-38.345,-3.216,378,7,0.05,0.03,-3.753658,3.950669774,0.651680488,0,1.1404915,-0.121762556,0.021165361,0,0,2,0/2,2.92812,2.73178,0.101406,0.0951601,0.0709388,0.050722,27815.2,18658.2,31725,22458.1,39705.1,29014.8,45564.5,32891.2,1.6135,2.659,0.158168,0,29.4116,999.9,43.987,31.27,19.682,26.9364,96.9231,3,0.185259,0,20.3045,5.21654,12.0284,4.95975,3.301,9999,7162.5,9999,127.7,4.9736,1.87302,1.87074,1.87238,1.87285,1.87375,1.87329,1.87775,0,0,0,0,11111111,oooooooo,on,on,on,on,0,100,100,-38.344,-3.2162,-38.3445,0,0,0,-3.216286364,0,0,0,-1,-1,-1,-1,49.5,49.5,0.157471,4.99756,2.64526,2.74048,2.8479,2.25464,35.244,15.4192,2,369.161,1336.98,30.1814,29.8001,30.0003,29.5655,29.4235,-1,40,10,-999.9,400,20,99.6985,86.365
26,1784910612,3036,20260725 00:30:12,00:30:12,15,,1784910604,0.000634718,0.63471818,2.462624695,370.18025,112.6177516,11.54100222,37.93585848,0.016315153,1.930613381,0.016238942,0.010156156,287.4090194,34.21821893,32.02746875,4.7825123,18.60518375,0.887798778,4.771781831,3.894713522,-27.99107173,-4.130803135,-0.485268929,254.8018756,2.009118027,0.615382558,2.462624695,376.9062806,372.9822,-0.04251787,66.71312185,0.63471818,7.709604343,8.709376061,0.008636073,78.43,0,0,1,0,25693.3915,RECT-7-20260501-00_41_31,10045.8,693.115,1861.02,0.627561767,-1,MPF-26-20260725-00_27_43,10299.8,1177.8768,1227.72,0.040598182,0.5,1261.152825,2.462624695,25.60025596,0.002745603,0.515834229,581.4155451,-,0,581.4155451,0.526426591,0.07712031,0.494918565,0.093233696,0.542253009,0.038067604,0.961932396,26,290,1227.72,55,10299.8,1225.63,2.09,300,24.2,1210.220182,2.115640934,15.87343626,1.92350571,0.708640561,-0.007250772,290,1243.58,875,10223.1,1225.75,17.83,,,,,,,,,,,,,,1499.930625,1261.152825,0.840807438,0.191614875,6,0.5,0: Broadleaf,2,TRUE,1784910604,370.18025,374.012125,8.663190625,7.618164375,408.5246875,11.87949375,350.2599375,102.3794375,0.099985656,31.98778125,32.02746875,999.9,0,0,4998.398125,0,42.0775,-3.831889375,373.41525,376.88325,1.045026063,374.012125,7.618164375,0.886931125,0.779942125,5.180383125,3.34672125,1499.930625,0.972993,0.027007075,0,1177.901875,4.99958,18612.3125,14721.425,45.75,46.1909375,45.937,46.2303125,47.5659375,1454.560625,40.37,0,118.8999999,0,1177.8768,-3.247692306,28.21538439,18613.716,15,1784907523,23:38:43,1784907521,1784907523,1,-38.345,-3.216,-38.345,-3.216,378,7,0.05,0.03,-3.7106545,-3.129984812,0.461257894,0,1.0798735,-0.78367615,0.076694198,0,0,2,0/2,2.92726,2.73178,0.100787,0.0947284,0.0705816,0.0507647,27832,18665.3,31722.5,22456.2,39717.5,29011.2,45561.2,32888.8,1.6115,2.6605,0.169031,0,29.2968,999.9,43.267,31.562,19.6845,26.9364,96.9231,3,0.192734,0,20.3041,5.21669,12.0296,4.9597,3.301,9999,7162.5,9999,127.8,4.97362,1.87302,1.87074,1.87239,1.87284,1.87377,1.87329,1.87775,0,0,0,0,11111111,oooooooo,on,on,on,on,0,100,100,-38.345,-3.2163,-38.3445,0,0,0,-3.216286364,0,0,0,-1,-1,-1,-1,51.5,51.5,0.157471,4.99756,2.64526,2.74048,2.8479,2.25586,35.638,15.4104,2,368.557,1341.06,30.2169,29.8681,30.0007,29.6443,29.5093,-1,40,10,-999.9,400,20,99.6911,86.3583
27,1784910732,3156,20260725 00:32:12,00:32:12,15,,1784910724,0.000669278,0.669277845,2.42636498,372.71,129.4416513,13.26418481,38.19245404,0.017135665,1.930894756,0.01705163,0.010664784,287.4224299,34.31947804,32.16791875,4.820655227,18.96976275,0.911094615,4.802878281,3.909560612,-29.51515299,-6.801529083,-0.799901135,250.3058467,2.248912798,0.652590455,2.42636498,380.2141827,376.0144606,-1.47989E-05,66.71312185,0.669277845,7.757251261,8.897328242,-9.41843E-05,78.43,0,0,1,0,25690.98855,RECT-7-20260501-00_41_31,10045.8,693.115,1861.02,0.627561767,-1,MPF-27-20260725-00_29_43,10281,1171.3008,1221.65,0.041214096,0.5,1261.211681,2.42636498,25.98984944,0.002716725,0.52336594,580.050663,-,0,580.050663,0.525190797,0.07847452,0.499129824,0.095261809,0.547450349,0.03886209,0.96113791,27,290,1221.65,135,10281,1219.01,2.64,300,24.2,1202.566238,1.945939764,16.90527486,1.769179796,0.765309874,-0.007250691,290,1237.19,885,10222.4,1219.1,18.09,,,,,,,,,,,,,,1500.000625,1261.211681,0.840807437,0.191614873,6,0.5,0: Broadleaf,2,TRUE,1784910724,372.71,376.990125,8.89113,7.78030375,411.0545,12.10741875,349.3551875,102.3723125,0.099995844,32.10258125,32.16791875,999.9,0,0,4999.921875,0,253.757575,-4.280140625,376.053625,379.94625,1.110825,376.990125,7.78030375,0.910205313,0.796487563,5.553105,3.64480375,1500.000625,0.9729935,0.027006525,0,1171.38625,4.99958,18853.29375,14722.14375,45.819875,46.312,46,46.386625,47.710625,1454.63,40.371875,0,118.7,0,1171.3008,-2.83384616,-349.4923066,18849.604,15,1784907523,23:38:43,1784907521,1784907523,1,-38.345,-3.216,-38.345,-3.216,378,7,0.05,0.03,-4.250323333,0.419752208,0.379093122,0,1.111,0.151531948,0.032287304,0,0,2,0/2,2.92647,2.73162,0.10129,0.0945979,0.0713574,0.0505078,27808.2,18663,31714,22450.7,39673.2,29012,45548.8,32881.1,1.6088,2.65468,0.161916,0,29.5579,999.9,42.98,31.844,19.8727,26.9064,96.9231,3,0.209863,0,20.3039,5.21489,12.0285,4.9598,3.301,9999,7162.5,9999,127.8,4.97365,1.87302,1.87081,1.87237,1.87285,1.87378,1.87332,1.87775,0,0,0,0,11111111,oooooooo,on,on,on,on,0,100,100,-38.344,-3.2163,-38.3445,0,0,0,-3.216286364,0,0,0,-1,-1,-1,-1,53.5,53.5,0.157471,4.99756,2.64526,2.73926,2.8479,2.25342,36.0582,15.3754,2,368.034,1336.09,30.3097,30.0493,30.0007,29.8078,29.666,-1,40,10,-999.9,400,20,99.664,86.3377
28,1784910853,3276.9,20260725 00:34:13,00:34:13,15,,1784910845,0.000634111,0.634110696,2.488296375,374.1680625,109.7505055,11.24625867,38.34142539,0.016048376,1.930226544,0.015974616,0.009990733,287.4214882,34.46298565,32.37265,4.876729699,19.10369247,0.924284114,4.838248497,3.952445585,-27.96428171,-14.59734944,-1.720156998,243.1397,2.817514317,0.598964761,2.488296375,383.8692789,378.3666727,0.153129751,66.71312185,0.634110696,8.083513557,9.078219515,0.009642123,78.43,0,0,1,0,25663.52893,RECT-7-20260501-00_41_31,10045.8,693.115,1861.02,0.627561767,-1,MPF-28-20260725-00_31_44,10299.4,1164.8296,1215.54,0.041718413,0.5,1261.20795,2.488296375,26.30779721,0.002765838,0.531023249,578.6695738,-,0,578.6695738,0.523940328,0.07962436,0.503356951,0.09706733,0.552681939,0.039556167,0.960443833,28,290,1215.54,55,10299.4,1213.33,2.21,300,24.2,1201.157332,2.188947621,12.5395763,1.990047724,0.586437572,-0.007250606,290,1230.23,875,10222.4,1213.42,16.81,,,,,,,,,,,,,,1499.99625,1261.20795,0.840807402,0.191614804,6,0.5,0: Broadleaf,2,TRUE,1784910845,374.1680625,379.40675,9.01994625,7.99763625,412.5125,12.23623125,348.36525,102.371125,0.100008238,32.232375,32.37265,999.9,0,0,4997.1875,0,150.481925,-5.2386225,377.5736875,382.4655,1.022308625,379.40675,7.99763625,0.923381188,0.818726313,5.76032375,4.035718125,1499.99625,0.97299425,0.027005663,0,1164.915,4.99958,18664.44375,14722.1,45.875,46.437,46.0935,46.444875,47.75,1454.62625,40.37,0,119.9000001,0,1164.8296,-3.294615381,736.6153834,18667.976,15,1784907523,23:38:43,1784907521,1784907523,1,-38.345,-3.216,-38.345,-3.216,378,7,0.05,0.03,-5.197207143,-5.103635065,0.979961042,0,1.06645181,-0.789288545,0.081705924,0,0,2,0/2,2.92569,2.73167,0.101677,0.0949171,0.0721647,0.0522471,27785.8,18647.7,31703,22440.9,39624.9,28944.8,45533.3,32865.5,1.60545,2.64908,0.160985,0,29.7683,999.9,43.133,32.126,20.2639,27.0364,96.9231,3,0.228049,0,20.3037,5.21699,12.0288,4.95975,3.301,9999,7162.5,9999,127.8,4.97363,1.87302,1.87086,1.8724,1.87286,1.87377,1.87331,1.87774,0,0,0,0,11111111,oooooooo,on,on,on,on,0,100,100,-38.345,-3.2163,-38.3445,0,0,0,-3.216286364,0,0,0,-1,-1,-1,-1,55.5,55.5,0.157471,4.99756,2.64526,2.73926,2.8479,2.2937,36.4107,15.3491,2,367.323,1332.01,30.416,30.2587,30.0007,29.9996,29.8477,-1,40,10,-999.9,400,20,99.6299,86.2981
29,1784910973,3396.9,20260725 00:36:13,00:36:13,15,,1784910965,0.000694666,0.694665594,2.17017052,377.71925,163.7664123,16.78207093,38.70702886,0.01771256,1.930971587,0.01762279,0.011022271,287.4216069,34.46160855,32.3201125,4.862286164,19.34496805,0.937142587,4.844373918,3.925143578,-30.63475269,-6.802450361,-0.80117525,249.1832286,2.031779721,0.677452028,2.17017052,383.8575856,381.0076182,-0.119782314,66.71312185,0.694665594,7.935777244,9.12851903,-0.000472848,78.43,0,0,1,0,25679.9544,RECT-7-20260501-00_41_31,10045.8,693.115,1861.02,0.627561767,-1,MPF-29-20260725-00_33_44,10294.5,1158.7092,1208.62,0.041295693,0.5,1261.208475,2.17017052,26.04123876,0.002513598,0.539789181,577.0965829,-,0,577.0965829,0.522516107,0.079032382,0.508129995,0.096819236,0.558607078,0.039362178,0.960637822,29,290,1208.62,75,10294.5,1206.64,1.98,300,24.2,1194.738828,1.776436495,12.24695703,1.615026503,0.672529446,-0.007250544,290,1223.03,885,10222,1206.72,16.31,,,,,,,,,,,,,,1499.996875,1261.208475,0.840807402,0.191614804,6,0.5,0: Broadleaf,2,TRUE,1784910965,377.71925,381.6690625,9.14502625,7.986055625,416.0639375,12.36133125,347.510125,102.3756875,0.099970956,32.25476875,32.3201125,999.9,0,0,5000.078125,0,469.6041875,-3.949813125,381.205375,384.7415625,1.158970625,381.6690625,7.986055625,0.9362295,0.81757875,5.960005625,4.01608375,1499.996875,0.97299375,0.027006213,0,1158.765625,4.99958,18692.05625,14722.0875,45.925375,46.437,46.069875,46.562,47.812,1454.626875,40.37,0,118.7,0,1158.7092,-2.063846158,-1171.115387,18673.692,15,1784907523,23:38:43,1784907521,1784907523,1,-38.345,-3.216,-38.345,-3.216,378,7,0.05,0.03,-5.097924,27.2858788,2.845775587,0,1.1400715,0.478617293,0.048943581,0,0,2,0/2,2.9242,2.73169,0.102086,0.0951186,0.0722927,0.0516587,27764.9,18639.6,31694.5,22436.8,39608.1,28957.9,45520.5,32860.3,1.60117,2.64497,0.153385,0,29.8202,999.9,42.657,32.357,20.3025,27.0065,96.9231,3,0.244782,0,20.3037,5.21714,12.0285,4.9598,3.301,9999,7162.5,9999,127.9,4.97365,1.87302,1.87084,1.8724,1.87286,1.87377,1.87332,1.87775,0,0,0,0,11111111,oooooooo,on,on,on,on,0,100,100,-38.344,-3.2163,-38.3445,0,0,0,-3.216286364,0,0,0,-1,-1,-1,-1,57.5,57.5,0.157471,4.99756,2.64526,2.73926,2.8479,2.30225,36.6233,15.3404,2,366.127,1330.07,30.4784,30.4603,30.0006,30.1891,30.0271,-1,40,10,-999.9,400,20,99.6024,86.2836
30,1784911093,3516.9,20260725 00:38:13,00:38:13,15,,1784911085,0.000640728,0.640727801,2.112576328,381.1938125,155.1889583,15.90288203,39.06257439,0.016237176,1.930637706,0.016161691,0.010107809,287.4227944,34.53356238,32.328775,4.86466508,18.86798252,0.916686729,4.858424729,3.947978351,-28.25609604,-2.365971699,-0.278788385,256.5219383,0.413927043,0.726329165,2.112576328,384.8068247,382.8719455,-0.22491172,66.70697718,0.640727801,7.736180117,8.887290242,-0.006046023,78.43,0,0,1,0,25667.41195,RECT-7-20260501-00_41_31,10045.8,693.115,1861.02,0.627561767,-1,MPF-30-20260725-00_35_44,10290,1153.101923,1202.2,0.04084019,0.5,1261.213725,2.112576328,25.75410435,0.002467921,0.548011978,575.6288077,-,0,575.6288077,0.52118715,0.078359933,0.512544355,0.096443771,0.564104101,0.039117301,0.960882699,30,290,1202.2,95,10290,1199.95,2.25,300,24.2,1186.236441,2.681477619,14.10961689,2.437875913,0.544694001,-0.007250673,290,1217.44,885,10222.2,1200.04,17.4,,,,,,,,,,,,,,1500.003125,1261.213725,0.840807399,0.191614797,6,0.5,0: Broadleaf,2,TRUE,1784911085,381.1938125,382.3861875,8.945526875,7.703039375,419.5385625,12.1618125,347.608375,102.3743125,0.100001375,32.30604375,32.328775,999.9,0,0,4998.75,0,109.19,-1.1923615,384.6346875,385.35475,1.242489375,382.3861875,7.703039375,0.915791813,0.788592813,5.641175625,3.503521875,1500.003125,0.97299375,0.027006225,0,1153.125625,4.99958,18349.45625,14722.15,45.875,46.437,46.062,46.5,47.812,1454.633125,40.37,0,118.5,0,1153.101923,-0.75111112,154.2564105,18349.91538,15,1784907523,23:38:43,1784907521,1784907523,1,-38.345,-3.216,-38.345,-3.216,378,7,0.05,0.03,-2.707362571,20.26730743,2.660523947,0,1.239884762,-0.123487013,0.053155163,0,0,2,0/2,2.92454,2.73164,0.102381,0.0957824,0.0712026,0.0509095,27750.9,18625.9,31689.6,22437.2,39648.5,28982.1,45513.3,32862,1.60113,2.6473,0.158697,0,29.7394,999.9,41.698,32.599,20.1193,27.0365,96.9231,3,0.253902,0,20.3041,5.21624,12.0299,4.9597,3.301,9999,7162.5,9999,127.9,4.97365,1.87302,1.87082,1.87237,1.87286,1.87376,1.8733,1.87775,0,0,0,0,11111111,oooooooo,on,on,on,on,0,100,100,-38.345,-3.2163,-38.3445,0,0,0,-3.216286364,0,0,0,-1,-1,-1,-1,59.5,59.5,0.15625,4.99756,2.64526,2.73926,2.8479,2.23145,36.7654,15.3316,2,366.797,1336.4,30.5364,30.5957,30.0002,30.3261,30.1624,-1,40,10,-999.9,400,20,99.5868,86.2869
31,1784911213,3636.9,20260725 00:40:13,00:40:13,15,,1784911205,0.00057176,0.57175983,2.360673815,376.277,102.3766652,10.49102117,38.55888415,0.014641923,1.930979175,0.014580522,0.009118321,287.4255319,34.40548677,32.10161875,4.802616832,18.60173986,0.895908964,4.816264344,3.906707868,-25.21460849,5.224016124,0.614297582,268.0492371,3.558482535,0.597568555,2.360673815,385.801585,380.565503,0.144201457,66.70697718,0.57175983,7.767161743,8.746237455,0.000190582,78.43,0,0,1,0,25688.84479,RECT-7-20260501-00_41_31,10045.8,693.115,1861.02,0.627561767,-1,MPF-31-20260725-00_37_44,10305.6,1148.0216,1195.35,0.039593759,0.5,1261.223475,2.360673815,24.96828926,0.002664614,0.556882921,574.0536872,-,0,574.0536872,0.519761001,0.076176856,0.517239646,0.094235567,0.569969304,0.038091274,0.961908726,31,290,1195.35,35,10305.6,1193.95,1.4,300,24.2,1185.005719,1.598631956,9.220728211,1.453530538,0.589696924,-0.0072513,290,1209.96,885,10223.1,1194.03,15.93,,,,,,,,,,,,,,1500.014375,1261.223475,0.840807592,0.191615185,6,0.5,0: Broadleaf,2,TRUE,1784911205,376.277,382.8243125,8.742730625,7.717639375,414.621625,11.95900625,346.7071875,102.37475,0.099980456,32.1518,32.10161875,999.9,0,0,5000.155625,0,78.26011875,-6.54720375,379.595625,385.801875,1.025091625,382.8243125,7.717639375,0.8950345,0.790091125,5.31115,3.530305625,1500.014375,0.9729925,0.027007644,0,1148.0925,4.99958,18091.78125,14722.25625,45.769375,46.25775,45.9409375,46.378875,47.687,1454.634375,40.38,0,118.9000001,0,1148.0216,-1.753076927,-224.8538462,18087.352,15,1784907523,23:38:43,1784907521,1784907523,1,-38.345,-3.216,-38.345,-3.216,378,7,0.05,0.03,-6.228446,-15.82058526,2.043234307,0,1.0222838,-0.234062256,0.0409728,0,0,2,0/2,2.92373,2.73174,0.102102,0.0969699,0.0705871,0.0513199,27763.2,18603.9,31693.8,22440.2,39679.8,28973.4,45518.9,32866.3,1.5994,2.6468,0.163108,0,29.4354,999.9,41.21,32.791,20.0996,27.1564,96.9231,3,0.251616,0,20.3045,5.21684,12.029,4.95975,3.301,9999,7162.5,9999,127.9,4.97364,1.87302,1.87084,1.87241,1.87286,1.87375,1.87332,1.87775,0,0,0,0,11111111,oooooooo,on,on,on,on,0,100,100,-38.344,-3.2162,-38.3445,0,0,0,-3.216286364,0,0,0,-1,-1,-1,-1,61.5,61.5,0.15625,4.99756,2.64526,2.73926,2.8479,2.2644,36.8366,15.3228,2,366.109,1336.58,30.4589,30.6069,29.9997,30.3628,30.2043,-1,40,10,-999.9,400,20,99.5996,86.2984
32,1784911333,3756.9,20260725 00:42:13,00:42:13,15,,1784911325,0.000617207,0.617206748,2.089106828,378.8969375,148.75411,15.24285029,38.82561157,0.015716559,1.930897007,0.015645835,0.009784975,287.4227257,34.45612072,32.2144375,4.833346871,18.70213529,0.904210805,4.834799829,3.929136066,-27.21881759,0.553674,0.065167761,260.8227499,0.588745183,0.645405923,2.089106828,381.7302381,380.4181939,-0.300804833,66.70697718,0.617206748,7.720040519,8.794675333,-0.00154535,78.43,0,0,1,0,25681.26723,RECT-7-20260501-00_41_31,10045.8,693.115,1861.02,0.627561767,-1,MPF-32-20260725-00_39_44,10295.9,1142.812692,1190.34,0.039927506,0.5,1261.214157,2.089106828,25.17856801,0.002449312,0.563435657,572.8957108,-,0,572.8957108,0.518712544,0.076974245,0.520664043,0.095585113,0.574259036,0.038587439,0.961412561,32,290,1190.34,75,10295.9,1187.61,2.73,300,24.2,1174.409422,2.532022742,13.59563277,2.302302762,0.554649084,-0.007251456,290,1203.41,885,10223.6,1187.71,15.7,,,,,,,,,,,,,,1500.00375,1261.214157,0.840807336,0.191614671,6,0.5,0: Broadleaf,2,TRUE,1784911325,378.8969375,380.3414375,8.824141875,7.71520625,417.2415,12.04044375,346.1215,102.370125,0.099986863,32.21975625,32.2144375,999.9,0,0,5000.038125,0,134.4937313,-1.444496231,382.2701875,383.2985625,1.108936875,380.3414375,7.71520625,0.903328313,0.789806063,5.443840625,3.525361875,1500.00375,0.972999875,0.027000244,0,1142.88,4.99958,17986.6375,14722.1875,45.687,46.187,45.925375,46.2460625,47.5895625,1454.636875,40.366875,0,118.7,0,1142.812692,-3.210598279,49.38461534,17986.23462,15,1784907523,23:38:43,1784907521,1784907523,1,-38.345,-3.216,-38.345,-3.216,378,7,0.05,0.03,-2.088566176,11.96952503,1.648103495,0,1.065442905,0.538977117,0.086402208,0,0,2,0/2,2.9233,2.73173,0.101955,0.0950087,0.0707951,0.0506063,27775.6,18650,31702.4,22446.8,39682,29004.3,45531.6,32876.5,1.5993,2.64823,0.173021,0,29.4108,999.9,40.685,33.002,20.081,27.0064,96.9231,3,0.242607,0,20.3047,5.21684,12.0306,4.95975,3.301,9999,7162.5,9999,127.9,4.97366,1.87302,1.87087,1.8724,1.87286,1.87374,1.87332,1.87775,0,0,0,0,11111111,oooooooo,on,on,on,on,0,100,100,-38.344,-3.2163,-38.3445,0,0,0,-3.216286364,0,0,0,-1,-1,-1,-1,63.5,63.5,0.15625,4.99756,2.64526,2.73804,2.8479,2.24731,36.908,15.3053,2,365.858,1338.2,30.4692,30.528,29.9998,30.323,30.1834,-1,40,10,-999.9,400,20,99.627,86.3246
33,1784911453,3876.9,20260725 00:44:13,00:44:13,15,,1784911445,0.000596993,0.596992561,2.098945067,375.007875,132.7096695,13.59851127,38.42635457,0.014915601,1.930789736,0.014851882,0.009288128,287.4271914,34.59317505,32.43988125,4.895267279,18.33034057,0.89274363,4.870305747,4.002523649,-26.32737195,-9.428850166,-1.111780343,250.5591889,1.356488191,0.570036148,2.098945067,379.7492062,377.3397394,-0.162342459,66.70697718,0.596992561,7.741363885,8.74645103,0.002436766,78.43,0,0,1,0,25667.78937,RECT-7-20260501-00_41_31,10045.8,693.115,1861.02,0.627561767,-1,MPF-33-20260725-00_41_45,10305.5,1136.4484,1184.41,0.040494086,0.5,1261.230824,2.098945067,25.53619451,0.00245708,0.571263329,571.518541,-,0,571.518541,0.517465623,0.078254639,0.524706657,0.097622813,0.579336504,0.039354164,0.960645836,33,290,1184.41,35,10305.5,1181.81,2.6,300,24.2,1169.703256,1.665246258,12.47431904,1.514078118,0.707966054,-0.007251281,290,1198.59,885,10223,1181.91,16.68,,,,,,,,,,,,,,1500.023125,1261.230824,0.840807587,0.191615174,6,0.5,0: Broadleaf,2,TRUE,1784911445,375.007875,377.734,8.712403125,7.731384375,413.35225,11.92868125,345.6018125,102.368125,0.100002031,32.3493,32.43988125,999.9,0,0,4999.6875,0,130.1184125,-2.726296875,378.3036875,380.67725,0.981020063,377.734,7.731384375,0.891872813,0.791447625,5.260226875,3.55479375,1500.023125,0.97299325,0.0270068,0,1136.490625,4.99958,17818.85,14722.35,45.812,46.25,45.9960625,46.312,47.66375,1454.645,40.38,0,118.7,0,1136.4484,-3.692307676,-303.1923071,17812.208,15,1784907523,23:38:43,1784907521,1784907523,1,-38.345,-3.216,-38.345,-3.216,378,7,0.05,0.03,-3.188487143,9.616684675,1.012151939,0,0.982393524,-0.016928026,0.013565943,1,1,2,1/2,2.92274,2.73171,0.101382,0.094658,0.0705993,0.0505927,27795.8,18658.7,31705,22448.4,39694.1,29007,45535.9,32879,1.5984,2.6466,0.171531,0,29.6742,999.9,40.172,33.183,20.03,27.0364,96.9231,3,0.239162,0,20.3045,5.21684,12.0288,4.95965,3.301,9999,7162.5,9999,128,4.97366,1.87302,1.87088,1.8724,1.87286,1.87376,1.87332,1.87775,0,0,0,0,11111111,oooooooo,on,on,on,on,0,100,100,-38.344,-3.2162,-38.3445,0,0,0,-3.216286364,0,0,0,-1,-1,-1,-1,65.5,65.5,0.15625,4.99756,2.64526,2.73804,2.8479,2.29248,37.0509,15.2878,2,365.285,1335.68,30.5788,30.4806,30.0001,30.2997,30.1755,-1,40,10,-999.9,400,20,99.6359,86.331
34,1784911573,3996.9,20260725 00:46:13,00:46:13,15,,1784911565,0.000626678,0.626678261,2.183025795,375.6365625,135.5593291,13.88989218,38.48906149,0.015676636,1.930530787,0.015606256,0.009760207,287.4199444,34.61232872,32.50990625,4.914640352,18.80132378,0.917247882,4.878634572,3.99739247,-27.63651133,-13.56536744,-1.600530663,244.617535,0.289982097,0.551340787,2.183025795,380.1864239,377.2858667,-0.119248624,66.70697718,0.626678261,7.98544053,9.004064121,0.006803222,78.43,0,0,1,0,25659.00116,RECT-7-20260501-00_41_31,10045.8,693.115,1861.02,0.627561767,-1,MPF-34-20260725-00_43_44,10299,1130.045769,1176.91,0.039819723,0.5,1261.201125,2.183025795,25.11034004,0.002523805,0.581276393,569.7665043,-,0,569.7665043,0.51587929,0.077188064,0.529803019,0.096867952,0.585758259,0.038918046,0.961081954,34,290,1176.91,55,10299,1174.4,2.51,300,24.2,1161.74284,1.841314705,13.03439604,1.673904646,0.684096218,-0.007250559,290,1190.84,895,10221.3,1174.5,16.34,,,,,,,,,,,,,,1499.988125,1261.201125,0.840807407,0.191614813,6,0.5,0: Broadleaf,2,TRUE,1784911565,375.6365625,376.5018125,8.951941875,8.000844375,413.981125,12.16823125,344.6998125,102.3635625,0.100002913,32.37956875,32.50990625,999.9,0,0,4998.828125,0,209.483875,-0.865351563,379.0295,379.538625,0.951095938,376.5018125,8.000844375,0.9163525,0.818995,5.650066875,4.040510625,1499.988125,0.972996,0.0270037,0,1130.05625,4.99958,17659.25,14722.05,46.027125,46.3474375,46.1909375,46.437,47.8553125,1454.618125,40.37,0,118.1000001,0,1130.045769,-2.245811964,42.34188023,17659.51923,15,1784907523,23:38:43,1784907521,1784907523,1,-38.345,-3.216,-38.345,-3.216,378,7,0.05,0.03,1.20498881,-36.02487351,3.688279635,0,0.968717381,-0.286916883,0.065760528,0,0,2,0/2,2.92181,2.73165,0.101379,0.0950287,0.0717376,0.0515079,27795.7,18649.4,31704.8,22446.4,39644.7,28975.6,45535.2,32875.1,1.59655,2.64757,0.172593,0,29.7095,999.9,40.441,33.385,20.396,26.8564,96.9231,3,0.240208,0,20.3044,5.21519,12.0287,4.9597,3.301,9999,7162.5,9999,128,4.97369,1.87302,1.87088,1.87241,1.87285,1.87374,1.87332,1.87775,0,0,0,0,11111111,oooooooo,on,on,on,on,0,100,100,-38.345,-3.2163,-38.3445,0,0,0,-3.216286364,0,0,0,-1,-1,-1,-1,67.5,67.5,0.15625,4.99756,2.64526,2.73682,2.84912,2.25342,37.1941,15.2528,2,364.403,1337.33,30.6662,30.4859,30.0001,30.3099,30.186,-1,40,10,-999.9,400,20,99.6346,86.3218
35,1784911693,4116.9,20260725 00:48:13,00:48:13,15,,1784911685,0.00054983,0.549830197,2.213345763,373.683375,100.5582842,10.30302066,38.28692548,0.013776424,1.929663801,0.013722016,0.00858113,287.4277819,34.47958405,32.27696875,4.850453003,17.77935411,0.859430129,4.833865863,3.991022874,-24.24751168,-6.307592313,-0.743097688,256.1295802,1.531221662,0.531988457,2.213345763,378.3817774,375.9640061,-0.187212682,66.70697718,0.549830197,7.480488039,8.417833879,0.001135834,78.43,0,0,1,0,25651.42032,RECT-7-20260501-00_41_31,10045.8,693.115,1861.02,0.627561767,-1,MPF-35-20260725-00_45_44,10295.6,1123.9444,1169.8,0.039199521,0.5,1261.235775,2.213345763,24.71991931,0.002547776,0.590887331,568.0949037,-,0,568.0949037,0.514365786,0.076209426,0.534617204,0.09619686,0.591846083,0.038519865,0.961480135,35,290,1169.8,65,10295.6,1167.89,1.91,300,24.2,1160.448369,2.037210277,7.666503973,1.851780076,0.379710341,-0.007250027,290,1182.48,885,10220,1167.95,14.53,,,,,,,,,,,,,,1500.029375,1261.235775,0.840807384,0.191614769,6,0.5,0: Broadleaf,2,TRUE,1784911685,373.683375,376.69075,8.388105,7.47108,412.0279375,11.60438125,345.154875,102.3581875,0.100011194,32.2163375,32.27696875,999.9,0,0,4995.4675,0,52.66085,-3.00741625,376.8445,379.5261875,0.91702425,376.69075,7.47108,0.85859125,0.764726375,4.714715,3.068855,1500.029375,0.972999125,0.027000825,0,1123.994375,4.99958,17736.25625,14722.41875,46.25,46.3395625,46.375,46.417625,48,1454.659375,40.37,0,118.8999999,0,1123.9444,-1.443846156,289.5230778,17737.096,15,1784907523,23:38:43,1784907521,1784907523,1,-38.345,-3.216,-38.345,-3.216,378,7,0.05,0.03,-4.34633381,23.21843065,2.463456782,0,0.877491619,0.565106104,0.063693754,0,0,2,0/2,2.92247,2.73166,0.10114,0.0942314,0.0691148,0.0492402,27805.7,18671.8,31707.6,22453.6,39760.4,29056.2,45538.9,32887.9,1.59803,2.64622,0.181329,0,29.3281,999.9,38.732,33.506,19.6684,26.9464,96.9231,3,0.23784,0,20.3047,5.21579,12.0312,4.95975,3.301,9999,7162.5,9999,128.1,4.9737,1.87302,1.87087,1.87241,1.87286,1.87374,1.87332,1.87775,0,0,0,0,11111111,oooooooo,on,on,on,on,0,100,100,-38.345,-3.2163,-38.3445,0,0,0,-3.216286364,0,0,0,-1,-1,-1,-1,69.5,69.5,0.15625,4.99756,2.64526,2.73682,2.8479,2.25952,37.242,15.244,2,365.028,1334.74,30.5978,30.4572,29.9999,30.2863,30.1584,-1,40,10,-999.9,400,20,99.6431,86.3529
36,1784911813,4236.9,20260725 00:50:13,00:50:13,15,,1784911805,0.000551491,0.551490739,2.30246838,369.85625,84.47065409,8.654334203,37.89315507,0.013656825,1.930789813,0.013603387,0.008506901,287.4284944,34.61594308,32.4039875,4.885362729,17.40693027,0.848035197,4.871825095,4.037327532,-24.32074159,-5.117459351,-0.603322959,257.3869705,2.524337641,0.541688635,2.30246838,377.4676248,373.1364606,0.036683768,66.70697718,0.551490739,7.401788756,8.305747152,0.005411715,78.43,0,0,1,0,25667.8896,RECT-7-20260501-00_41_31,10045.8,693.115,1861.02,0.627561767,-1,MPF-36-20260725-00_47_44,10292.9,1117.6436,1162.98,0.038982958,0.5,1261.238925,2.30246838,24.58341176,0.002618432,0.600216685,566.481633,-,0,566.481633,0.512905095,0.076004232,0.539219244,0.09648814,0.597685599,0.038523015,0.961476985,36,290,1162.98,75,10292.9,1161.81,1.17,300,24.2,1156.571994,1.873912032,5.389396738,1.703271089,0.263386898,-0.007249671,290,1175.46,895,10219.5,1161.85,13.61,,,,,,,,,,,,,,1500.033125,1261.238925,0.840807382,0.191614765,6,0.5,0: Broadleaf,2,TRUE,1784911805,369.85625,374.607375,8.27725,7.3405075,408.2006875,11.4935375,344.0891875,102.35375,0.099987294,32.354825,32.4039875,999.9,0,0,5000.39,0,423.1693125,-4.751235,372.943125,377.3775625,0.936741875,374.607375,7.3405075,0.847207938,0.751328813,4.5238725,2.819253125,1500.033125,0.972999125,0.027000819,0,1117.71375,4.99958,17811.35625,14722.475,46.319875,46.3710625,46.5,46.444875,48.0895625,1454.663125,40.37,0,118.7,0,1117.6436,-3.47384617,-155.6461536,17807.396,15,1784907523,23:38:43,1784907521,1784907523,1,-38.345,-3.216,-38.345,-3.216,378,7,0.05,0.03,-4.793273333,1.376201299,0.348259833,0,0.954026143,-0.366894779,0.042421152,0,0,2,0/2,2.92076,2.73161,0.100659,0.094679,0.0686147,0.0490875,27823.2,18665.5,31710.5,22457,39785.4,29065.6,45542.9,32893.2,1.59502,2.6482,0.186339,0,29.3985,999.9,38.207,33.616,19.5219,26.9764,96.9231,3,0.23378,0,20.3046,5.21639,12.0305,4.95965,3.301,9999,7162.5,9999,128.1,4.97368,1.87302,1.87088,1.87241,1.87286,1.87375,1.87331,1.87775,0,0,0,0,11111111,oooooooo,on,on,on,on,0,100,100,-38.345,-3.2163,-38.3445,0,0,0,-3.216286364,0,0,0,-1,-1,-1,-1,71.5,71.5,0.155029,4.99756,2.64526,2.73682,2.8479,2.30225,37.2659,15.2265,2,363.32,1336.97,30.6179,30.4146,30.0001,30.2472,30.1286,-1,40,10,-999.9,400,20,99.652,86.3665
37,1784911933,4356.9,20260725 00:52:13,00:52:13,15,,1784911925,0.00063071,0.630710243,2.237416275,371.4019375,122.2711247,12.52688833,38.05077125,0.015427664,1.93087873,0.015359509,0.009605791,287.4278944,34.79620379,32.65324375,4.954504201,17.58650242,0.867036062,4.930122208,4.087468139,-27.81432171,-9.11373911,-1.07684508,249.4229885,1.54634445,0.573783685,2.237416275,376.5198671,373.7674424,-0.151425895,66.70697718,0.630710243,7.381342882,8.474296364,-0.000108581,78.43,0,0,1,0,25652.45864,RECT-7-20260501-00_41_31,10045.8,693.115,1861.02,0.627561767,-1,MPF-37-20260725-00_49_44,10301.6,1110.653846,1156.6,0.039725189,0.5,1261.238625,2.237416275,25.05147152,0.002566855,0.609043749,564.9636337,-,0,564.9636337,0.511530664,0.077659448,0.543510312,0.099131911,0.603148373,0.039503545,0.960496455,37,290,1156.6,35,10301.6,1154.19,2.41,300,24.2,1141.901056,2.26926675,12.65458198,2.062264101,0.573519501,-0.007248945,290,1169.98,895,10217.6,1154.29,15.69,,,,,,,,,,,,,,1500.033125,1261.238625,0.840807182,0.191614365,6,0.5,0: Broadleaf,2,TRUE,1784911925,371.4019375,374.474125,8.46287375,7.469464375,409.746625,11.679175,343.621375,102.35175,0.0999806,32.56569375,32.65324375,999.9,0,0,5000.859375,0,52.12428125,-3.072070625,374.57175,377.29225,0.993410875,374.474125,7.469464375,0.86618975,0.764512563,4.840904375,3.06437875,1500.033125,0.97300325,0.026996563,0,1110.64625,4.99958,17504.6875,14722.49375,46.562,46.6405,46.73425,46.761625,48.32775,1454.673125,40.36,0,118.5,0,1110.653846,-2.390427356,-99.35042751,17501.42308,15,1784907523,23:38:43,1784907521,1784907523,1,-38.345,-3.216,-38.345,-3.216,378,7,0.05,0.03,-3.621511905,10.01363455,1.189759623,0,0.934178619,0.968613506,0.102298988,0,0,2,0/2,2.92059,2.73173,0.100726,0.0942701,0.0693266,0.0485706,27822,18675.7,31711.4,22459.1,39756.6,29084.2,45544.9,32896.4,1.59448,2.64807,0.181943,0,29.7082,999.9,38.06,33.727,19.5669,27.0064,96.9231,3,0.233674,0,20.3038,5.2134,12.0288,4.95925,3.30025,9999,7162.5,9999,128.1,4.97371,1.87302,1.87088,1.87241,1.87286,1.87377,1.87332,1.87775,0,0,0,0,11111111,oooooooo,on,on,on,on,0,100,100,-38.345,-3.2163,-38.3445,0,0,0,-3.216286364,0,0,0,-1,-1,-1,-1,73.5,73.5,0.155029,4.99756,2.64526,2.7356,2.8479,2.27783,37.3378,15.2353,2,363.044,1336.79,30.7767,30.4222,30.0001,30.2472,30.1286,-1,40,10,-999.9,400,20,99.6558,86.3747
38,1784912053,4476.9,20260725 00:54:13,00:54:13,15,,1784912045,0.000567596,0.567595876,2.339068462,370.873,84.91792364,8.700190315,37.99746325,0.013858653,1.931205682,0.013803638,0.008632199,287.4287257,34.92737472,32.74318125,4.979660294,17.89142308,0.887445145,4.960170809,4.092215149,-25.03097811,-7.250970225,-0.857434093,254.2893432,2.909332232,0.572318071,2.339068462,379.1883763,374.6448061,0.054687877,66.70697718,0.567595876,7.700155684,8.678674606,0.000439772,78.43,0,0,1,0,25651.4171,RECT-7-20260501-00_41_31,10045.8,693.115,1861.02,0.627561767,-1,MPF-38-20260725-00_51_44,10301.6,1104.386,1149.76,0.039463888,0.5,1261.2423,2.339068462,24.88676251,0.002647444,0.618616059,563.3266419,-,0,563.3266419,0.510048495,0.077372815,0.548095585,0.099363838,0.609005013,0.039466426,0.960533574,38,290,1149.76,35,10301.6,1147.82,1.94,300,24.2,1136.870956,1.921532168,11.28064885,1.746244027,0.598456652,-0.007248741,290,1163.73,885,10217.6,1147.91,15.82,,,,,,,,,,,,,,1500.0375,1261.2423,0.84080718,0.19161436,6,0.5,0: Broadleaf,2,TRUE,1784912045,370.873,376.3240625,8.661879375,7.671128125,409.2175625,11.87815625,343.59425,102.354125,0.099985294,32.6735375,32.74318125,999.9,0,0,5002.11,0,133.3535,-5.451100625,374.113625,379.233375,0.990750938,376.3240625,7.671128125,0.886579313,0.785172,5.174713125,3.441913125,1500.0375,0.973003,0.026996869,0,1104.463125,4.99958,17260.65625,14722.525,46.585625,46.812,46.753875,46.937,48.437,1454.6775,40.36,0,118.8999999,0,1104.386,-3.295384616,242.0461539,17263.424,15,1784907523,23:38:43,1784907521,1784907523,1,-38.345,-3.216,-38.345,-3.216,378,7,0.05,0.03,-4.952650476,-5.638034026,0.84248636,0,0.998266286,-0.19682813,0.026099853,0,0,2,0/2,2.9207,2.73165,0.100934,0.095363,0.0703004,0.0505228,27816.1,18650.3,31712.1,22455.6,39716,29018.8,45546.2,32889.9,1.59452,2.65105,0.17155,0,29.9548,999.9,38.707,33.828,20.0128,27.0064,96.9231,3,0.23375,0,20.3047,5.21265,12.0321,4.95985,3.301,9999,7162.5,9999,128.2,4.97369,1.87302,1.87088,1.87241,1.87286,1.87376,1.87332,1.87775,0,0,0,0,11111111,oooooooo,on,on,on,on,0,100,100,-38.345,-3.2163,-38.3445,0,0,0,-3.216286364,0,0,0,-1,-1,-1,-1,75.5,75.5,0.155029,4.99756,2.64526,2.73682,2.8479,2.29004,37.3618,15.2003,2,363.069,1340.93,30.8432,30.4314,30.0001,30.2472,30.1208,-1,40,10,-999.9,400,20,99.6584,86.3592
39,1784912350,4773.9,20260725 00:59:10,00:59:10,15,,1784912342,0.001792431,1.792430805,4.244421013,371.1843125,214.0215516,21.92592958,38.02682971,0.049137014,1.93080832,0.048452741,0.030343648,287.4230257,33.97495585,32.046925,4.787780434,22.94174377,1.106941129,4.825008684,3.680839305,-79.04619852,14.25693861,1.676450594,224.3102164,7.578749232,1.763135408,4.244421013,394.3130883,380.2886121,0.836228285,66.70805352,1.792430805,7.89070361,10.8756097,0.01228116,78.43,0,0,1,0,25682.97795,RECT-7-20260501-00_41_31,10045.8,693.115,1861.02,0.627561767,-1,MPF-39-20260725-00_56_42,10314.6,1604.635769,1648.5,0.026608572,0.5,1261.2171,4.244421013,16.77959294,0.004158222,0.128917197,661.3606335,-,0,661.3606335,0.598810656,0.044435702,0.177150286,0.045912622,0.181966855,0.018314452,0.981685548,39,290,1648.5,65,10314.6,1648.36,0.14,300,24.2,1597.2958,2.364881559,52.67129784,2.153538412,0.955285496,-0.007263064,290,1689.48,895,10238.7,1648.74,40.74,,,,,,,,,,,,,,1500.0075,1261.2171,0.840807196,0.191614392,6,0.5,0: Broadleaf,2,TRUE,1784912342,371.1843125,385.570875,10.80498125,7.757394375,408.5553125,13.96616875,343.3703125,102.3473125,0.099985044,32.1838875,32.046925,999.9,0,0,5000.781875,0,43.31086875,-14.38649438,375.2389375,388.5858125,3.047588125,385.570875,7.757394375,1.10586,0.793947875,8.391105625,3.598005,1500.0075,0.973005688,0.026994294,0,1608.035625,4.99958,24664.0625,14722.25,46.409875,46.875,46.6405,46.937,48.25,1454.6475,40.36,0,295.7,0,1604.635769,-194.5849572,-2858.075213,24613.50385,15,1784912304,00:58:24,1784912304,1784912303,2,0.974,0.055,-37.371,-3.161,378,7,0.44,0.03,-12.996409,-34.72034887,4.359360563,0,3.1190155,-1.530793534,0.152382928,0,0,2,0/2,2.92088,2.73166,0.101727,0.0963888,0.0796705,0.0510697,27801.9,18635.5,31723,22462.8,39328,29010.7,45562.5,32899.4,1.59543,2.64867,0.174809,0,29.1916,999.9,38.463,33.999,20.0772,27.0964,96.9231,3,0.218778,0,20.3055,5.21729,12.029,4.9597,3.301,9999,7162.5,9999,128.2,4.97368,1.87302,1.87088,1.87241,1.87287,1.87378,1.87332,1.87775,0,0,0,0,11111111,oooooooo,on,on,on,on,0,100,100,-37.371,-3.1612,-37.371,0,0,0,-3.161191,0,0,0,-1,-1,-1,-1,0.8,0.8,0.155029,4.99756,2.64526,2.73682,2.8479,2.21924,37.2181,15.1565,2,362.812,1334.38,30.6759,30.2738,29.9997,30.106,29.9813,-1,40,10,-999.9,400,20,99.6935,86.3852
40,1784912492,4916,20260725 01:01:32,01:01:32,15,,1784912484,0.001874207,1.874206853,3.729147842,369.0385333,232.6468175,23.83359911,37.80630465,0.050992719,1.930937821,0.050256252,0.03147544,287.4184607,33.95304909,32.1095,4.80475802,22.66698945,1.094256327,4.827532699,3.710501693,-82.6525222,8.706984204,1.024133193,214.4970559,3.697204878,1.863598061,3.729147842,378.7847248,372.7860667,-0.071874981,66.70805352,1.874206853,7.410356012,10.66027879,-0.001286686,78.43,0,0,1,0,25685.48815,RECT-7-20260501-00_41_31,10045.8,693.115,1861.02,0.627561767,-1,MPF-40-20260725-00_59_03,10326.2,1411.945385,1473.55,0.041806939,0.5,1261.1988,3.729147842,26.36343084,0.003749724,0.262950019,631.2910051,-,0,631.2910051,0.571584944,0.073142128,0.315085683,0.078936254,0.331764998,0.032702375,0.967297625,40,290,1473.55,45,10326.2,1472.58,0.97,300,24.2,1437.557075,2.247234954,36.16350295,2.047708797,0.917620953,-0.007267698,290,1504.66,895,10245.2,1472.86,31.8,,,,,,,,,,,,,,1499.986,1261.1988,0.840807048,0.191614096,6,0.5,0: Broadleaf,2,TRUE,1784912484,369.0385333,376.6960667,10.68136,7.461676,406.4096,13.84255333,343.5788667,102.3454,0.100012147,32.19314,32.1095,999.9,0,0,5001.416667,0,24.05320667,-7.657494,373.0229333,379.5280667,3.219689333,376.6960667,7.461676,1.093189333,0.763668,8.221362,3.049093333,1499.986,0.9730064,0.02699354,0,1412.126,4.99958,21508.27333,14722.04667,46.28306667,46.812,46.562,46.75413333,48.125,1454.634,40.352,0,140.9000001,0,1411.945385,-23.66222219,-454.0273499,21504.53462,15,1784912304,00:58:24,1784912304,1784912303,2,0.974,0.055,-37.371,-3.161,378,7,0.44,0.03,-7.728105238,3.72174,0.686884339,0,3.236804762,-0.067545974,0.047397107,1,1,2,1/2,2.92091,2.73171,0.100321,0.0947967,0.0787221,0.0490856,27853.2,18674.6,31731.4,22470,39380.9,29081.5,45576.6,32910.7,1.59825,2.65473,0.189129,0,29.045,999.9,37.639,34.05,19.7037,27.0492,96.9231,3,0.209703,0,20.3055,5.21669,12.0294,4.95975,3.301,9999,7162.5,9999,128.3,4.97372,1.87302,1.87088,1.8724,1.87286,1.87377,1.87332,1.87775,0,0,0,0,11111111,oooooooo,on,on,on,on,0,100,100,-37.371,-3.1612,-37.371,0,0,0,-3.161191,0,0,0,-1,-1,-1,-1,3.1,3.2,0.155029,4.99756,2.64526,2.7356,2.8479,2.26562,37.1225,15.139,2,363.71,1341.14,30.6141,30.1547,29.9998,30.0026,29.8888,-1,40,10,-999.9,400,20,99.7224,86.4141
41,1784912612,5036,20260725 01:03:32,01:03:32,15,,1784912604,0.001854993,1.854993258,3.897729633,370.1070625,224.6150875,23.00965056,37.91390094,0.049526471,1.930988714,0.048831455,0.030581291,287.4226194,34.08754624,32.300975,4.857034169,22.17616942,1.07829812,4.8624183,3.778736049,-81.80520268,2.042379826,0.240599333,207.9003959,6.339616444,1.845499295,3.897729633,386.5870273,376.7518424,0.385673788,66.70805352,1.854993258,7.320434673,10.51538545,-0.000258848,78.43,0,0,1,0,25676.22513,RECT-7-20260501-00_41_31,10045.8,693.115,1861.02,0.627561767,-1,MPF-41-20260725-01_01_03,10277.8,1367.4428,1428.89,0.04300345,0.5,1261.214569,3.897729633,27.11828898,0.003883344,0.30242356,622.9496314,-,0,622.9496314,0.564032479,0.076242862,0.349035088,0.083513574,0.37000441,0.034733052,0.965266948,41,290,1428.89,285,10277.8,1428.27,0.62,300,24.2,1393.731495,2.16882143,35.49560615,1.976164692,0.920143432,-0.007267236,290,1459.4,895,10244.8,1428.38,31.02,,,,,,,,,,,,,,1500.004375,1261.214569,0.84080726,0.191614521,6,0.5,0: Broadleaf,2,TRUE,1784912604,370.1070625,382.322,10.52610625,7.34990125,407.4780625,13.68729375,344.9538125,102.340375,0.099985594,32.32059375,32.300975,999.9,0,0,5001.875,0,25.2640875,-12.2149375,374.0441875,385.15275,3.176208125,382.322,7.34990125,1.07724625,0.75219275,8.0052675,2.83565,1500.004375,0.973000938,0.026998956,0,1367.741875,4.99958,20878.35625,14722.2,46.226375,46.667625,46.5,46.628875,48.062,1454.64125,40.363125,0,118.7,0,1367.4428,-14.22615382,-221.2307689,20872.476,15,1784912304,00:58:24,1784912304,1784912303,2,0.974,0.055,-37.371,-3.161,378,7,0.44,0.03,-12.425485,-0.017445113,1.083997142,1,3.1574165,0.358141805,0.035220894,0,1,2,1/2,2.92206,2.73169,0.101162,0.0966318,0.0781131,0.0484519,27831.1,18640.8,31735.5,22474.6,39412.3,29107.4,45582.6,32917.9,1.60142,2.6547,0.196908,0,29.1268,999.9,37.175,34.07,19.4835,26.9892,96.9231,3,0.203592,0,20.306,5.21654,12.0282,4.9598,3.301,9999,7162.5,9999,128.3,4.97364,1.87302,1.87088,1.87241,1.87286,1.87378,1.87329,1.87775,0,0,0,0,11111111,oooooooo,on,on,on,on,0,100,100,-37.371,-3.1612,-37.371,0,0,0,-3.161191,0,0,0,-1,-1,-1,-1,5.1,5.2,0.155029,4.99756,2.64526,2.73438,2.8479,2.24609,37.027,15.1215,2,364.916,1339.43,30.6244,30.0772,29.9998,29.9255,29.8135,-1,40,10,-999.9,400,20,99.7354,86.4326
42,1784912732,5156,20260725 01:05:32,01:05:32,15,,1784912724,0.001723323,1.723323014,3.141775626,372.7365625,241.7722004,24.76681595,38.18262739,0.045353144,1.929912358,0.044769258,0.02803262,287.4219694,34.27953577,32.51003125,4.914674994,22.17676916,1.086970671,4.901393269,3.827704323,-75.99854494,-4.99223003,-0.589443687,205.8417508,5.647566852,1.668671838,3.141775626,387.7982491,379.472303,0.365505299,66.70805352,1.723323014,7.74993362,10.65845152,0.00514658,78.43,0,0,1,0,25637.71525,RECT-7-20260501-00_41_31,10045.8,693.115,1861.02,0.627561767,-1,MPF-42-20260725-01_03_03,10287.9,1344.414615,1399.7,0.039498024,0.5,1261.207725,3.141775626,24.90760669,0.003283976,0.329584911,617.336884,-,0,617.336884,0.558950572,0.07066461,0.3709305,0.078243077,0.394997881,0.032448227,0.967551773,42,290,1399.7,215,10287.9,1398.65,1.05,300,24.2,1371.980766,2.075361727,27.43190949,1.890859303,0.882585634,-0.007266742,290,1423.41,895,10243.9,1398.76,24.65,,,,,,,,,,,,,,1499.995625,1261.207725,0.840807603,0.191615205,6,0.5,0: Broadleaf,2,TRUE,1784912724,372.7365625,383.604625,10.61094375,7.749044375,410.1075625,13.7721375,346.1265625,102.338625,0.100017281,32.46205,32.51003125,999.9,0,0,4997.46125,0,24.774525,-10.86800063,376.734125,386.6004375,2.861898125,383.604625,7.749044375,1.085909375,0.7930265,8.1229675,3.58308625,1499.995625,0.972992,0.0270077,0,1344.6275,4.99958,20548.99375,14722.0875,46.25,46.687,46.5,46.75,48.125,1454.615625,40.38,0,118.5,0,1344.414615,-12.90529915,-223.4666668,20545.9,15,1784912304,00:58:24,1784912304,1784912303,2,0.974,0.055,-37.371,-3.161,378,7,0.44,0.03,-9.970507,-11.93877474,2.405846264,0,2.847337,0.318905865,0.03240028,0,0,2,0/2,2.92352,2.73166,0.101623,0.0974087,0.0787618,0.0506287,27821.4,18623.7,31740.5,22473.1,39390.9,29037.4,45590,32913.9,1.6048,2.65295,0.196237,0,29.3179,999.9,38.06,34.07,19.9477,26.9592,96.9231,3,0.197632,0,20.3058,5.21639,12.0285,4.9598,3.301,9999,7162.5,9999,128.3,4.97367,1.87302,1.87088,1.87241,1.87286,1.87376,1.87328,1.87775,0,0,0,0,11111111,oooooooo,on,on,on,on,0,100,100,-37.371,-3.1611,-37.371,0,0,0,-3.161191,0,0,0,-1,-1,-1,-1,7.1,7.2,0.153809,4.99756,2.64526,2.73438,2.8479,2.25952,36.9556,15.1127,2,366.274,1335.47,30.7064,30.0142,30,29.8584,29.7487,-1,40,10,-999.9,400,20,99.7515,86.4239
43,1784912852,5276,20260725 01:07:32,01:07:32,15,,1784912844,0.001634966,1.634965561,2.790805297,377.1609375,252.8168351,25.89981373,38.63824189,0.042987377,1.931706252,0.042462918,0.026585911,287.4168569,34.28723477,32.4914,4.909513949,22.07192358,1.080352026,4.894689049,3.829161923,-72.10198124,-5.583320881,-0.658484186,209.0730706,0.34807516,1.651451217,2.790805297,378.9675695,377.9650061,-0.498381742,66.70648336,1.634965561,7.727807534,10.52588788,-0.000451641,78.43,0,0,1,0,25683.98659,RECT-7-20260501-00_41_31,10045.8,693.115,1861.02,0.627561767,-1,MPF-43-20260725-01_05_03,10324.5,1310.4468,1361.52,0.037511898,0.5,1261.187475,2.790805297,23.65476826,0.003005743,0.366869381,609.7949456,-,0,609.7949456,0.552121933,0.06794133,0.399208758,0.076410559,0.427688896,0.031615385,0.968384615,43,290,1361.52,45,10324.5,1360.19,1.33,300,24.2,1336.037726,2.057777854,24.93834434,1.87476123,0.863379341,-0.007266522,290,1382.44,875,10243.9,1360.38,22.06,,,,,,,,,,,,,,1499.971875,1261.187475,0.840807415,0.191614831,6,0.5,0: Broadleaf,2,TRUE,1784912844,377.1609375,378.8378125,10.54568125,7.7235925,414.5319375,13.70688125,347.4098125,102.345,0.099972544,32.4377875,32.4914,999.9,0,0,5004.64875,0,25.22626875,-1.676848038,381.1808125,381.7865,2.822096875,378.8378125,7.7235925,1.079298125,0.790470688,8.03321375,3.53730875,1499.971875,0.972992938,0.027006838,0,1310.788125,4.99958,19991.99375,14721.8375,46.253875,46.70275,46.511625,46.812,48.1405,1454.601875,40.37,0,118.9000001,0,1310.4468,-13.32692308,-177.3384616,19987.232,15,1784912304,00:58:24,1784912304,1784912303,2,0.974,0.055,-37.371,-3.161,378,7,0.44,0.03,-2.41724643,19.93449128,2.595403378,0,2.8243065,-0.063782707,0.019111652,1,1,2,1/2,2.92449,2.73165,0.101288,0.0953617,0.0781915,0.0508721,27832.7,18667,31741.4,22474.2,39416.1,29031.3,45590.9,32915.4,1.60695,2.6565,0.188854,0,29.4182,999.9,38.207,34.05,20.0015,27.0492,96.9231,3,0.194522,0,20.306,5.21714,12.0288,4.96,3.301,9999,7162.5,9999,128.4,4.97362,1.87301,1.87088,1.87241,1.87286,1.87377,1.87326,1.87775,0,0,0,0,11111111,oooooooo,on,on,on,on,0,100,100,-37.371,-3.1612,-37.371,0,0,0,-3.161191,0,0,0,-1,-1,-1,-1,9.1,9.2,0.153809,4.99756,2.64526,2.73438,2.8479,2.23633,36.8604,15.0952,2,367.09,1339.33,30.7171,29.9678,29.9999,29.8056,29.6923,-1,40,10,-999.9,400,20,99.7537,86.4279
44,1784912972,5396,20260725 01:09:32,01:09:32,15,,1784912964,0.001503949,1.503949188,2.669087423,382.401625,253.6871741,25.98988985,39.17650211,0.039504847,1.930280739,0.039061126,0.024452655,287.4245819,34.24296589,32.41185,4.88753082,21.72082724,1.057457558,4.868403705,3.830073262,-66.32415919,-7.229285975,-0.852502394,213.0186344,4.628570153,1.431658026,2.669087423,393.7343192,388.3241212,0.100965673,66.70648336,1.503949188,7.806530692,10.35782788,0.00121411,78.43,0,0,1,0,25656.51113,RECT-7-20260501-00_41_31,10045.8,693.115,1861.02,0.627561767,-1,MPF-44-20260725-01_07_03,10330.2,1290.478462,1340.5,0.037315583,0.5,1261.219275,2.669087423,23.53156602,0.002909159,0.388302872,605.5421932,-,0,605.5421932,0.548271396,0.068060422,0.414599125,0.077267064,0.445686935,0.031936571,0.968063429,44,290,1340.5,25,10330.2,1339.33,1.17,300,24.2,1316.041788,2.468580574,24.05540743,2.249103094,0.80336376,-0.007266788,290,1361.51,875,10244.2,1339.52,21.99,,,,,,,,,,,,,,1500.009375,1261.219275,0.840807595,0.19161519,6,0.5,0: Broadleaf,2,TRUE,1784912964,382.401625,391.3124375,10.3218375,7.882605625,419.772625,13.483025,348.523,102.3485625,0.100013944,32.34238125,32.41185,999.9,0,0,4998.515625,0,20.18528125,-8.910645,386.390125,394.4216875,2.439225625,391.3124375,7.882605625,1.0564225,0.8067725,7.7186275,3.826565625,1500.009375,0.972992625,0.027007125,0,1290.49375,4.99958,19668.5125,14722.21875,46.187,46.569875,46.437,46.687,48.062,1454.629375,40.38,0,118.7,0,1290.478462,-6.065641018,-85.61709399,19666.76538,15,1784912304,00:58:24,1784912304,1784912303,2,0.974,0.055,-37.371,-3.161,378,7,0.44,0.03,-8.5050435,6.795633835,3.665376554,0,2.4253525,0.429507519,0.071678683,0,0,2,0/2,2.92623,2.7317,0.103257,0.0968565,0.0774752,0.0503992,27777.1,18638.8,31747.2,22477.2,39454.5,29049.6,45599.6,32919.6,1.61095,2.65835,0.191107,0,29.3089,999.9,38.329,34.05,20.0638,26.6892,96.9231,3,0.188974,0,20.306,5.21684,12.0284,4.95975,3.301,9999,7162.5,9999,128.4,4.97362,1.87302,1.87086,1.8724,1.87285,1.87376,1.87329,1.87775,0,0,0,0,11111111,oooooooo,on,on,on,on,0,100,100,-37.371,-3.1611,-37.371,0,0,0,-3.161191,0,0,0,-1,-1,-1,-1,11.1,11.2,0.153809,4.99756,2.64526,2.73438,2.8479,2.27539,36.7654,15.0777,2,368.751,1340.4,30.6228,29.9011,29.9999,29.7355,29.6194,-1,40,10,-999.9,400,20,99.7724,86.4391
45,1784913092,5516,20260725 01:11:32,01:11:32,15,,1784913084,0.001254241,1.254241412,3.33368929,374.176875,194.4048861,19.916847,38.33454869,0.033111607,1.931199069,0.032799418,0.02052744,287.4261694,34.09310149,32.07119375,4.79435872,20.56000932,0.98722686,4.801684885,3.80713186,-55.31204625,2.810448995,0.330309541,235.2548817,5.766366939,1.266580566,3.33368929,391.8429182,381.1078606,0.642307595,66.70648336,1.254241412,7.537606103,9.668139212,0.000747195,78.43,0,0,1,0,25699.77286,RECT-7-20260501-00_41_31,10045.8,693.115,1861.02,0.627561767,-1,MPF-45-20260725-01_09_03,10323.3,1276.883846,1326.63,0.037498137,0.5,1261.229382,3.33368929,23.64687624,0.003436083,0.402817666,602.695751,-,0,602.695751,0.545694164,0.068716398,0.424683861,0.078524035,0.457562901,0.032434494,0.967565506,45,290,1326.63,55,10323.3,1323.78,2.85,300,24.2,1304.079334,2.421052661,20.33900365,2.206108642,0.752206652,-0.007267468,290,1344.99,895,10245.3,1323.93,21.06,,,,,,,,,,,,,,1500.021875,1261.229382,0.840807326,0.191614652,6,0.5,0: Broadleaf,2,TRUE,1784913084,374.176875,384.9145625,9.63615,7.4777425,411.547875,12.79735,348.69475,102.350375,0.099966675,32.0981875,32.07119375,999.9,0,0,5002.265625,0,18.04280625,-10.73763313,377.817625,387.8146875,2.158405625,384.9145625,7.4777425,0.986263313,0.765349813,6.714994375,3.08014625,1500.021875,0.972998188,0.027001638,0,1276.93125,4.99958,19453.56875,14722.35625,46,46.3316875,46.2145625,46.45275,47.875,1454.655,40.366875,0,118.5,0,1276.883846,-4.997606838,-82.89230758,19452.17692,15,1784912304,00:58:24,1784912304,1784912303,2,0.974,0.055,-37.371,-3.161,378,7,0.44,0.03,-10.1449755,-27.08519865,3.678620637,0,2.1840425,-0.470785714,0.050839191,0,0,2,0/2,2.9257,2.73181,0.102189,0.0968367,0.0745665,0.0496398,27814.7,18644.4,31752,22483.2,39586,29081.4,45606.9,32929.1,1.60995,2.6575,0.190675,0,28.9684,999.9,37.547,34.039,19.6417,27.0492,96.9231,3,0.180198,0,20.3062,5.21609,12.0282,4.95985,3.301,9999,7162.5,9999,128.4,4.97363,1.873,1.87087,1.8724,1.87285,1.87375,1.8733,1.87775,0,0,0,0,11111111,oooooooo,on,on,on,on,0,100,100,-37.371,-3.1612,-37.371,0,0,0,-3.161191,0,0,0,-1,-1,-1,-1,13.1,13.2,0.153809,4.99756,2.64526,2.73438,2.8479,2.24731,36.6706,15.0689,2,367.736,1336.98,30.4317,29.796,29.9997,29.6368,29.5208,-1,40,10,-999.9,400,20,99.788,86.4633
46,1784913212,5636,20260725 01:13:32,01:13:32,15,,1784913204,0.001232548,1.232548054,2.637238888,372.0270625,225.0051953,23.05183262,38.11425582,0.032969967,1.931029405,0.032660402,0.020440322,287.4202882,33.94945232,31.946175,4.760555091,21.06954759,1.003011447,4.760479278,3.757543644,-54.35536919,-0.029279716,-0.003436831,233.0322024,1.611288326,1.225513702,2.637238888,378.1987882,374.6486545,-0.131777798,66.70648336,1.232548054,7.667797248,9.769373212,-0.000538121,78.43,0,0,1,0,25708.39834,RECT-7-20260501-00_41_31,10045.8,693.115,1861.02,0.627561767,-1,MPF-46-20260725-01_11_04,10321.7,1266.5072,1314.31,0.036371024,0.5,1261.20735,2.637238888,22.93570114,0.002883934,0.415967314,600.1400279,-,0,600.1400279,0.543380155,0.066934766,0.433594007,0.07695297,0.468111704,0.031717334,0.968282666,46,290,1314.31,65,10321.7,1311.51,2.8,300,24.2,1288.778734,2.639661126,23.46032152,2.405566592,0.772563944,-0.007268118,290,1331.33,885,10246.5,1311.67,19.66,,,,,,,,,,,,,,1499.99625,1261.20735,0.840807002,0.191614004,6,0.5,0: Broadleaf,2,TRUE,1784913204,372.0270625,375.5783125,9.790231875,7.705541875,409.3980625,12.951425,349.2650625,102.35025,0.099973825,31.94589375,31.946175,999.9,0,0,5001.5625,0,27.62788125,-3.551389375,375.70525,378.4949375,2.084691875,375.5783125,7.705541875,1.002032625,0.788664188,6.945963125,3.50475375,1499.99625,0.97300725,0.026992656,0,1266.60875,4.99958,19304.20625,14722.14375,45.8435,46.187,46.031,46.2655,47.7224375,1454.64625,40.35,0,118.9000001,0,1266.5072,-4.773076926,-81.92307695,19302.248,15,1784912304,00:58:24,1784912304,1784912303,2,0.974,0.055,-37.371,-3.161,378,7,0.44,0.03,-3.683914,-0.329206917,0.90642378,0,2.086269,-0.05094406,0.034810479,1,1,2,1/2,2.92651,2.73175,0.100835,0.0948021,0.0749612,0.0504283,27862.6,18688.7,31758.1,22485.4,39576.7,29059.5,45615.6,32931.5,1.61252,2.6616,0.191659,0,28.7968,999.9,38.182,34.019,19.9544,27.0492,96.9231,3,0.169428,0,20.3064,5.21325,12.0279,4.9597,3.301,9999,7162.5,9999,128.5,4.97363,1.87302,1.87087,1.87237,1.87286,1.87376,1.87325,1.87775,0,0,0,0,11111111,oooooooo,on,on,on,on,0,100,100,-37.371,-3.1612,-37.371,0,0,0,-3.161191,0,0,0,-1,-1,-1,-1,15.1,15.2,0.153809,4.99756,2.64526,2.73438,2.8479,2.21924,36.5759,15.0251,2,368.425,1340.42,30.2797,29.6615,29.9998,29.5184,29.4093,-1,40,10,-999.9,400,20,99.8072,86.4705
47,1784913332,5756,20260725 01:15:32,01:15:32,15,,1784913324,0.001080278,1.080277563,2.69314926,372.515625,202.7124822,20.76713018,38.16282251,0.028503,1.930590159,0.028271265,0.017690204,287.4226694,33.94499704,31.9591875,4.764063819,20.21284462,0.958814335,4.743589305,3.805249483,-47.64024051,-7.915434325,-0.929091692,230.9379029,5.024413722,1.076508055,2.69314926,386.1504383,378.7400848,0.35946563,66.70648336,1.080277563,7.627701766,9.397355576,0.007002567,78.43,0,0,1,0,25702.93473,RECT-7-20260501-00_41_31,10045.8,693.115,1861.02,0.627561767,-1,MPF-47-20260725-01_13_03,10322.4,1257.141538,1304.05,0.035971367,0.5,1261.215525,2.69314926,22.68382346,0.002928246,0.427107856,597.9916877,-,0,597.9916877,0.541435,0.066437093,0.440979822,0.076781428,0.476896665,0.031602511,0.968397489,47,290,1304.05,65,10322.4,1302.59,1.46,300,24.2,1285.252192,1.911552329,17.89842778,1.742181788,0.790334817,-0.007268508,290,1320.92,895,10247.5,1302.72,18.2,,,,,,,,,,,,,,1500.005625,1261.215525,0.840807197,0.191614394,6,0.5,0: Broadleaf,2,TRUE,1784913324,372.515625,381.808375,9.359195625,7.532595,409.886625,12.5203875,350.3008125,102.34625,0.099982975,31.8831375,31.9591875,999.9,0,0,4999.921875,0,20.46826875,-9.292516875,376.0351875,384.7061875,1.8266,381.808375,7.532595,0.957879563,0.770933688,6.290953125,3.182338125,1500.005625,0.97300525,0.026994669,0,1257.175625,4.99958,19151.88125,14722.225,45.687,46,45.878875,46.062,47.503875,1454.645625,40.36,0,118.7,0,1257.141538,-2.867008549,-29.36410269,19151.23462,15,1784912304,00:58:24,1784912304,1784912303,2,0.974,0.055,-37.371,-3.161,378,7,0.44,0.03,-8.638525,-12.08988271,2.057985719,0,1.8517835,-0.648429023,0.067921748,0,0,2,0/2,2.92747,2.73165,0.101714,0.096277,0.0734124,0.050354,27840.8,18661.5,31763.9,22489,39650.9,29066.5,45624.1,32936.6,1.61518,2.66155,0.201982,0,28.6598,999.9,37.853,33.999,19.76,26.9592,96.9231,3,0.161207,0,20.3063,5.21639,12.0281,4.9598,3.301,9999,7162.5,9999,128.5,4.97364,1.87301,1.87085,1.87237,1.87285,1.87376,1.8733,1.87775,0,0,0,0,11111111,oooooooo,on,on,on,on,0,100,100,-37.371,-3.1612,-37.371,0,0,0,-3.161191,0,0,0,-1,-1,-1,-1,17.1,17.2,0.153809,4.99756,2.64526,2.73315,2.8479,2.26807,36.4814,15.0164,2,369.224,1338.14,30.1526,29.5506,29.9998,29.4144,29.3109,-1,40,10,-999.9,400,20,99.8257,86.4841
48,1784913452,5876,20260725 01:17:32,01:17:32,15,,1784913444,0.001011051,1.011051481,2.274259395,374.229375,223.1492403,22.85944982,38.33612702,0.027468124,1.930220258,0.027252802,0.017052207,287.4226694,33.6295894,31.5494375,4.654651981,20.59951241,0.958342608,4.652258698,3.696309373,-44.5873703,-0.9424118,-0.110229817,241.7826575,2.630082723,0.974661136,2.274259395,382.1137592,378.1243818,0.008839828,66.70648336,1.011051481,7.740524865,9.397674121,0.006252307,78.43,0,0,1,0,25722.90166,RECT-7-20260501-00_41_31,10045.8,693.115,1861.02,0.627561767,-1,MPF-48-20260725-01_15_03,10328.8,1249.032692,1295.95,0.036203023,0.5,1261.215525,2.274259395,22.82990735,0.002596114,0.436027625,596.282657,-,0,596.282657,0.539887606,0.067056592,0.446788421,0.077827777,0.483832161,0.032012519,0.967987481,48,290,1295.95,45,10328.8,1292.36,3.59,300,24.2,1275.451005,2.179168569,17.46901256,1.986408156,0.734192046,-0.00726939,290,1310.77,885,10249.3,1292.5,18.27,,,,,,,,,,,,,,1500.005625,1261.215525,0.840807197,0.191614394,6,0.5,0: Broadleaf,2,TRUE,1784913444,374.229375,379.3535,9.355143125,7.703108125,411.600375,12.51633125,350.6740625,102.3401875,0.099999138,31.54038125,31.5494375,999.9,0,0,4998.671875,0,21.08655,-5.124033125,377.7635,382.2983125,1.65203625,379.3535,7.703108125,0.9574065,0.788337375,6.283774375,3.498918125,1500.005625,0.973002,0.0269984,0,1249.009375,4.99958,19026.9375,14722.20625,45.48425,45.812,45.652125,45.91375,47.3435,1454.645625,40.36,0,118.5,0,1249.032692,-1.142905988,-40.67008551,19026.51538,15,1784912304,00:58:24,1784912304,1784912303,2,0.974,0.055,-37.371,-3.161,378,7,0.44,0.03,-6.0060765,17.39736496,2.289958045,0,1.6505865,-0.013116541,0.008187104,1,1,2,1/2,2.9285,2.73175,0.10152,0.0951516,0.0734076,0.050911,27850.6,18685.8,31767.8,22489.9,39655.9,29050.3,45629.7,32937.4,1.61773,2.66408,0.191957,0,28.4206,999.9,38.219,33.979,19.929,26.9592,96.9231,3,0.154217,0,20.3066,5.21609,12.0282,4.9598,3.301,9999,7162.5,9999,128.5,4.97362,1.87302,1.87084,1.87237,1.87286,1.87377,1.87328,1.87775,0,0,0,0,11111111,oooooooo,on,on,on,on,0,100,100,-37.371,-3.1611,-37.371,0,0,0,-3.161191,0,0,0,-1,-1,-1,-1,19.1,19.2,0.153809,4.99756,2.64526,2.73438,2.8479,2.22412,36.3871,15.0076,2,370.023,1339.66,29.8983,29.4508,29.9998,29.3203,29.2155,-1,40,10,-999.9,400,20,99.8378,86.4867
49,1784913572,5996,20260725 01:19:32,01:19:32,15,,1784913564,0.000926067,0.926067363,2.722838005,372.2919375,183.5934758,18.80623555,38.13539582,0.02542807,1.930205483,0.025243427,0.015793619,287.4216069,33.41323976,31.28905,4.586265829,20.2666163,0.929596589,4.586836672,3.656669241,-40.83957073,0.227633958,0.026558795,246.836229,5.033021067,0.910868731,2.722838005,388.0059151,379.0160182,0.562491339,66.71470236,0.926067363,7.656829034,9.128884545,0.010277559,78.43,0,0,1,0,25743.83325,RECT-7-20260501-00_41_31,10045.8,693.115,1861.02,0.627561767,-1,MPF-49-20260725-01_17_04,10330.4,1242.6376,1287.96,0.035189292,0.5,1261.208475,2.722838005,22.1905164,0.002951802,0.444936178,594.5854976,-,0,594.5854976,0.53835096,0.065364965,0.452498727,0.076191949,0.490673471,0.031276263,0.968723737,49,290,1287.96,45,10330.4,1285.83,2.13,300,24.2,1276.074853,2.302351324,10.08186434,2.099069945,0.451721672,-0.007270181,290,1301.67,875,10251.7,1285.91,15.76,,,,,,,,,,,,,,1499.996875,1261.208475,0.840807402,0.191614804,6,0.5,0: Broadleaf,2,TRUE,1784913564,372.2919375,381.45225,9.075068125,7.53599125,409.6629375,12.2362625,351.87425,102.334125,0.099991838,31.2912375,31.28905,999.9,0,0,4998.90625,0,20.7425125,-9.160359375,375.7014375,384.3490625,1.53907875,381.45225,7.53599125,0.928689438,0.771189063,5.843116875,3.18663625,1499.996875,0.972997938,0.027002056,0,1242.660625,4.99958,18926.4,14722.11875,45.2185,45.542625,45.394375,45.617125,47.062,1454.626875,40.37,0,118.9000001,0,1242.6376,-3.007692322,-12.58461534,18925.848,15,1784912304,00:58:24,1784912304,1784912303,2,0.974,0.055,-37.371,-3.161,378,7,0.44,0.03,-8.1552535,-25.30029789,2.962664972,0,1.582564,-1.008543158,0.098789782,0,0,2,0/2,2.92943,2.73176,0.101809,0.096343,0.0722652,0.0504623,27846.7,18665.2,31773,22494.3,39712.2,29070.5,45637.7,32944.5,1.62053,2.66817,0.19335,0,28.1333,999.9,37.95,33.939,19.7473,27.0192,96.9231,3,0.146405,0,20.3066,5.21624,12.0282,4.95985,3.301,9999,7162.5,9999,128.6,4.97364,1.87302,1.87082,1.8724,1.87286,1.87377,1.87329,1.87775,0,0,0,0,11111111,oooooooo,on,on,on,on,0,100,100,-37.371,-3.1612,-37.371,0,0,0,-3.161191,0,0,0,-1,-1,-1,-1,21.1,21.2,0.153809,4.99756,2.64526,2.73438,2.8479,2.29126,36.2929,14.9814,2,370.883,1343.3,29.6419,29.3365,29.9998,29.2139,29.1123,-1,40,10,-999.9,400,20,99.8549,86.5048
50,1784913692,6116,20260725 01:21:32,01:21:32,15,,1784913684,0.000886109,0.886109276,2.916115544,376.8755625,171.4756736,17.56445861,38.60381522,0.024758198,1.930124506,0.024583111,0.015380072,287.4166194,33.19942168,31.0771125,4.531251811,20.71085285,0.937637642,4.527276827,3.59361417,-39.07741905,-1.602475834,-0.186567322,246.5501572,6.555521845,0.889540354,2.916115544,394.2372457,384.2758788,0.648925473,66.71470236,0.886109276,7.693213512,9.17829303,0.000878772,78.43,0,0,1,0,25761.36485,RECT-7-20260501-00_41_31,10045.8,693.115,1861.02,0.627561767,-1,MPF-50-20260725-01_19_04,10326.8,1237.211923,1282.39,0.035229592,0.5,1261.186425,2.916115544,22.21554182,0.003105104,0.45121219,593.3956499,-,0,593.3956499,0.537273645,0.065571041,0.456468038,0.076667221,0.495442694,0.031449398,0.968550602,50,290,1282.39,65,10326.8,1279.68,2.71,300,24.2,1266.563383,2.418033994,13.54537123,2.204909956,0.574078701,-0.007271287,290,1295.18,865,10253.9,1279.77,15.41,,,,,,,,,,,,,,1499.970625,1261.186425,0.840807416,0.191614832,6,0.5,0: Broadleaf,2,TRUE,1784913684,376.8755625,388.5931875,9.15382875,7.655028125,414.2465625,12.315025,352.8411875,102.3311875,0.100010119,31.0617125,31.0771125,999.9,0,0,4998.71125,0,20.9579,-11.71752375,380.3571875,391.5908125,1.498800625,388.5931875,7.655028125,0.9367225,0.783348375,5.9675875,3.408838125,1499.970625,0.97299375,0.027006063,0,1237.263125,4.99958,18857.7625,14721.84375,44.9803125,45.28875,45.175375,45.3631875,46.812,1454.600625,40.37,0,118.7,0,1237.211923,-1.417094041,-14.1435898,18858.04231,15,1784912304,00:58:24,1784912304,1784912303,2,0.974,0.055,-37.371,-3.161,378,7,0.44,0.03,-10.56424429,-23.59729403,4.688793025,0,1.515314286,-0.248115584,0.051847792,0,0,2,0/2,2.9304,2.73174,0.102996,0.0971352,0.0725016,0.0505015,27815.2,18650.9,31778.6,22496.5,39709.1,29072.1,45645.7,32947.4,1.62332,2.6695,0.194609,0,27.9291,999.9,38.182,33.909,19.8352,26.9292,96.9231,3,0.138976,0,20.3063,5.21669,12.0282,4.95975,3.301,9999,7162.5,9999,128.6,4.9736,1.87295,1.87081,1.87239,1.87286,1.87375,1.87323,1.87775,0,0,0,0,11111111,oooooooo,on,on,on,on,0,100,100,-37.371,-3.1612,-37.371,0,0,0,-3.161191,0,0,0,-1,-1,-1,-1,23.1,23.2,0.153809,4.99756,2.64526,2.73438,2.8479,2.25464,36.1989,14.9551,2,371.761,1342.97,29.413,29.2247,29.9999,29.1112,29.0126,-1,40,10,-999.9,400,20,99.8724,86.5127
51,1784913812,6236,20260725 01:23:32,01:23:32,15,,1784913804,0.000885642,0.88564205,2.378093595,377.035375,206.585057,21.16060977,38.61992032,0.024900648,1.930518206,0.024723585,0.015468044,287.4242757,33.05822887,30.9706625,4.503837385,20.75198818,0.931957718,4.490932195,3.571879666,-39.05681439,-5.235778793,-0.608703491,242.522979,3.847097732,0.848772631,2.378093595,387.8542316,382.0541212,0.227231538,66.71470236,0.88564205,7.703017567,9.139843152,0.005769715,78.43,0,0,1,0,25783.18472,RECT-7-20260501-00_41_31,10045.8,693.115,1861.02,0.627561767,-1,MPF-51-20260725-01_21_03,10330.5,1232.44,1276.87,0.034796025,0.5,1261.22145,2.378093595,21.94274634,0.00267843,0.457485883,592.2109916,-,0,592.2109916,0.536201029,0.064893618,0.460392381,0.076110697,0.500169106,0.031182624,0.968817376,51,290,1276.87,55,10330.5,1273.63,3.24,300,24.2,1258.0927,1.746799507,16.05166344,1.593084341,0.783821441,-0.007272068,290,1290.89,895,10254.8,1273.75,17.14,,,,,,,,,,,,,,1500.0125,1261.22145,0.840807293,0.191614587,6,0.5,0: Broadleaf,2,TRUE,1784913804,377.035375,384.1041875,9.09844,7.671739375,414.406375,12.2596375,353.70425,102.3305,0.099995606,30.92035625,30.9706625,999.9,0,0,5000.390625,0,23.7521625,-7.068786875,380.4974375,387.07375,1.42670125,384.1041875,7.671739375,0.931047063,0.785052,5.87974125,3.439659375,1500.0125,0.973000688,0.026999075,0,1232.5425,4.99958,18793.18125,14722.275,44.761625,45.13275,44.9803125,45.187,46.625,1454.6475,40.365,0,118.8999999,0,1232.44,-2.206153836,-11.23846147,18792.324,15,1784912304,00:58:24,1784912304,1784912303,2,0.974,0.055,-37.371,-3.161,378,7,0.44,0.03,-6.3790925,-12.77480797,1.413565833,0,1.456695,-0.52064391,0.059331709,0,0,2,0/2,2.93138,2.73177,0.102429,0.0970474,0.0723251,0.0506839,27836.8,18655.1,31782.7,22499,39722,29069.7,45651.7,32950.9,1.6257,2.66972,0.191644,0,27.8334,999.9,38.28,33.888,19.863,26.9591,96.9231,3,0.131616,0,20.3069,5.21684,12.0279,4.95965,3.301,9999,7162.5,9999,128.6,4.97362,1.87299,1.87082,1.87239,1.87286,1.87376,1.87329,1.87775,0,0,0,0,11111111,oooooooo,on,on,on,on,0,100,100,-37.371,-3.1612,-37.371,0,0,0,-3.161191,0,0,0,-1,-1,-1,-1,25.1,25.2,0.153809,4.99756,2.64526,2.73438,2.8479,2.25098,36.1285,14.9376,2,372.468,1341.22,29.2597,29.1265,29.9998,29.0172,28.9208,-1,40,10,-999.9,400,20,99.8854,86.5221
52,1784913932,6356,20260725 01:25:32,01:25:32,15,,1784913924,0.000924342,0.924341987,2.317310083,379.358875,219.5963543,22.49201859,38.85559436,0.026147136,1.930764431,0.025952002,0.016237412,287.4237132,32.94641525,30.90743125,4.487621717,20.96060161,0.93612502,4.466117135,3.551496698,-40.76348162,-8.760590096,-1.017557189,236.8820843,0.341385111,0.923471291,2.317310083,381.6460662,380.3909515,-0.353836304,66.71470236,0.924341987,7.504726271,9.110317152,-0.00630439,78.43,0,0,1,0,25797.80274,RECT-7-20260501-00_41_31,10045.8,693.115,1861.02,0.627561767,-1,MPF-52-20260725-01_23_04,10331.5,1228.1884,1272.58,0.034883151,0.5,1261.221169,2.317310083,21.99768409,0.002630237,0.46239922,591.2865065,-,0,591.2865065,0.53536398,0.065157822,0.463435834,0.076607906,0.50384235,0.031368918,0.968631082,52,290,1272.58,55,10331.5,1269.41,3.17,300,24.2,1257.704514,2.216718887,12.09242589,2.021874831,0.560921722,-0.007272588,290,1285.58,875,10256.4,1269.49,16.09,,,,,,,,,,,,,,1500.0125,1261.221169,0.840807106,0.191614212,6,0.5,0: Broadleaf,2,TRUE,1784913924,379.358875,380.5288125,9.139670625,7.592019375,416.729875,12.30085625,354.743125,102.324375,0.099996544,30.82326875,30.90743125,999.9,0,0,5001.719375,0,24.32810625,-1.169917538,382.858125,383.4399375,1.54765,380.5288125,7.592019375,0.935211,0.77684875,5.944265625,3.29068125,1500.0125,0.973004375,0.026995331,0,1228.2225,4.99958,18792.3625,14722.2875,44.5974375,45.05425,44.8238125,45.062,46.4409375,1454.656875,40.355625,0,118.9000001,0,1228.1884,-2.743076919,-18.16153841,18792.012,15,1784912304,00:58:24,1784912304,1784912303,2,0.974,0.055,-37.371,-3.161,378,7,0.44,0.03,-1.45547603,5.608926505,1.404423193,0,1.518883,0.664608722,0.065889219,0,0,2,0/2,2.9326,2.73183,0.102079,0.0961839,0.0721395,0.0496133,27852.1,18676.9,31787.4,22503.5,39736.3,29109.1,45658.9,32958.2,1.62905,2.66968,0.191368,0,27.7791,999.9,38.072,33.838,19.7022,26.8692,96.9231,3,0.125612,0,20.3066,5.21714,12.0279,4.95975,3.301,9999,7162.5,9999,128.7,4.9736,1.87297,1.8708,1.87239,1.87286,1.87377,1.87328,1.87775,0,0,0,0,11111111,oooooooo,on,on,on,on,0,100,100,-37.371,-3.1612,-37.371,0,0,0,-3.161191,0,0,0,-1,-1,-1,-1,27.1,27.2,0.153809,4.99756,2.64526,2.73315,2.8479,2.27661,36.0582,14.9201,2,373.709,1339.24,29.1504,29.0385,29.9999,28.9309,28.8367,-1,40,10,-999.9,400,20,99.9008,86.5405
53,1784914053,6476.9,20260725 01:27:33,01:27:33,15,,1784914045,0.00083634,0.836339916,2.135636703,379.841375,217.386819,22.26426781,38.90249711,0.023630116,1.930500122,0.023470597,0.014683365,287.4211257,32.92529668,30.880925,4.480839326,20.83710778,0.927697438,4.452141095,3.553141888,-36.88259031,-11.71322967,-1.360150859,237.4651548,2.354491937,0.815486033,2.135636703,387.0090532,383.4232,-0.005456541,66.71470236,0.836339916,7.709913788,9.092125455,0.001627312,78.43,0,0,1,0,25796.13481,RECT-7-20260501-00_41_31,10045.8,693.115,1861.02,0.627561767,-1,MPF-53-20260725-01_25_05,10318.1,1223.4364,1266.97,0.034360403,0.5,1261.2087,2.135636703,21.66781971,0.002486216,0.468874559,590.0725174,-,0,590.0725174,0.534264807,0.064313432,0.467407197,0.075861672,0.508645823,0.031018849,0.968981151,53,290,1266.97,115,10318.1,1264.63,2.34,300,24.2,1250.516117,2.523835618,14.56290672,2.302156605,0.588328106,-0.007273079,290,1280.36,895,10256.8,1264.71,15.65,,,,,,,,,,,,,,1499.9975,1261.2087,0.840807202,0.191614403,6,0.5,0: Broadleaf,2,TRUE,1784914045,379.841375,384.331625,9.057975625,7.696026875,417.212375,12.21916875,356.0043125,102.31775,0.099995069,30.76838125,30.880925,999.9,0,0,5000.938125,0,27.3354375,-4.49024375,383.3133125,387.3123125,1.361946875,384.331625,7.696026875,0.926792813,0.787441188,5.81358875,3.482886875,1499.9975,0.973006,0.0269936,0,1223.513125,4.99958,18696.5375,14722.175,44.50775,45,44.75,45.058125,46.386625,1454.6375,40.36,0,119.9000001,0,1223.4364,-1.75384615,-2.807692305,18696.516,15,1784912304,00:58:24,1784912304,1784912303,2,0.974,0.055,-37.371,-3.161,378,7,0.44,0.03,-4.406148095,1.696771169,0.67091646,0,1.359026667,0.07788,0.014190676,1,1,2,1/2,2.93355,2.73178,0.102651,0.096587,0.072117,0.0507283,27836.4,18668.2,31789.4,22502.8,39739.6,29073.2,45661.4,32956.1,1.63127,2.67432,0.188015,0,27.7961,999.9,38.39,33.828,19.8541,26.9392,96.9231,3,0.120755,0,20.3064,5.21579,12.0279,4.95965,3.301,9999,7162.5,9999,128.7,4.97361,1.87299,1.87076,1.87236,1.87284,1.87376,1.87326,1.87775,0,0,0,0,11111111,oooooooo,on,on,on,on,0,100,100,-37.371,-3.1611,-37.371,0,0,0,-3.161191,0,0,0,-1,-1,-1,-1,29.1,29.2,0.153809,4.99756,2.64526,2.73438,2.8479,2.2583,36.0113,14.8938,2,374.47,1344.44,29.0971,28.972,29.9999,28.8615,28.7677,-1,40,10,-999.9,400,20,99.9066,86.5361
54,1784914173,6596.9,20260725 01:29:33,01:29:33,15,,1784914165,0.000863562,0.863562051,2.345383813,373.0854375,203.7765306,20.86942975,38.20891595,0.024667094,1.930466633,0.02449332,0.015323836,287.4140007,32.68385626,30.6341375,4.418118958,20.50938074,0.901098198,4.393590474,3.517020759,-38.08308646,-10.13108165,-1.17367448,238.0261581,2.026628838,0.866435247,2.345383813,379.5413874,376.0503818,-0.063176606,66.71470236,0.863562051,7.330671731,8.775851697,-0.000810878,78.43,0,0,1,0,25815.15545,RECT-7-20260501-00_41_31,10045.8,693.115,1861.02,0.627561767,-1,MPF-54-20260725-01_27_05,10333.2,1219.0936,1262.55,0.034419548,0.5,1261.1772,2.345383813,21.70457443,0.002652588,0.474016871,589.1119881,-,0,589.1119881,0.533395122,0.064529176,0.470529311,0.076314944,0.512430377,0.031182931,0.968817069,54,290,1262.55,55,10333.2,1259.06,3.49,300,24.2,1244.289871,2.085013264,15.26637396,1.90212209,0.697022774,-0.007273751,290,1273.67,865,10259,1259.17,14.5,,,,,,,,,,,,,,1499.96,1261.1772,0.840807222,0.191614444,6,0.5,0: Broadleaf,2,TRUE,1784914165,373.0854375,377.033,8.798643125,7.3559275,410.4564375,11.95983125,357.1646875,102.3133125,0.100001194,30.53679375,30.6341375,999.9,0,0,5001.015,0,28.56085625,-3.947471875,376.39725,379.8269375,1.442713125,377.033,7.3559275,0.900220063,0.752610938,5.3942425,2.843518125,1499.96,0.973003,0.026997044,0,1219.115625,4.99958,18606.54375,14721.775,44.3710625,44.819875,44.562,44.9488125,46.25775,1454.6,40.36,0,118.7,0,1219.0936,-0.937692291,-102.7846153,18604.684,15,1784912304,00:58:24,1784912304,1784912303,2,0.974,0.055,-37.371,-3.161,378,7,0.44,0.03,-4.028477619,2.382616364,0.436115283,0,1.464001905,-0.298646494,0.039412226,0,0,2,0/2,2.9348,2.73183,0.101308,0.0950208,0.070671,0.0486445,27880.3,18705.3,31791.8,22508.4,39804.7,29145.9,45664.7,32966.2,1.63412,2.67383,0.182554,0,27.6383,999.9,37.596,33.768,19.3797,26.8792,96.9231,3,0.117759,0,20.3067,5.21609,12.0284,4.9598,3.301,9999,7162.5,9999,128.7,4.9736,1.87295,1.87078,1.87236,1.87286,1.87375,1.87323,1.87775,0,0,0,0,11111111,oooooooo,on,on,on,on,0,100,100,-37.371,-3.1612,-37.371,0,0,0,-3.161191,0,0,0,-1,-1,-1,-1,31.1,31.2,0.155029,4.99756,2.64526,2.73315,2.8479,2.2522,35.9412,14.885,2,375.609,1342.33,28.9191,28.9169,30,28.8034,28.7075,-1,40,10,-999.9,400,20,99.9139,86.5606
55,1784914293,6716.9,20260725 01:31:33,01:31:33,15,,1784914285,0.000776289,0.776289052,2.443056666,371.0791875,179.6481535,18.39810131,38.0029093,0.022328099,1.930188382,0.022185594,0.013878724,287.4186319,32.60503461,30.5460875,4.395927161,20.73614208,0.905211698,4.365381441,3.490715463,-34.23434721,-12.67779838,-1.467465157,239.0390212,3.556745073,0.780918638,2.443056666,381.9779938,375.9655152,0.248911283,66.72353673,0.776289052,7.574845778,8.859647515,0.00068204,78.43,0,0,1,0,25817.84157,RECT-7-20260501-00_41_31,10045.8,693.115,1861.02,0.627561767,-1,MPF-55-20260725-01_29_05,10336.5,1215.0028,1258.4,0.034486014,0.5,1261.197675,2.443056666,21.74684034,0.00272999,0.47887794,588.2068627,-,0,588.2068627,0.532575602,0.064753274,0.473455201,0.076770479,0.515983749,0.03134834,0.96865166,55,290,1258.4,45,10336.5,1254.9,3.5,300,24.2,1245.079377,1.876178574,10.15085606,1.711762302,0.556720969,-0.007274214,290,1270.02,895,10259.2,1254.97,15.05,,,,,,,,,,,,,,1499.984375,1261.197675,0.840807209,0.191614417,6,0.5,0: Broadleaf,2,TRUE,1784914285,371.0791875,377.532625,8.838934375,7.54034375,408.4501875,12.0001125,357.6259375,102.311875,0.099983663,30.42425625,30.5460875,999.9,0,0,4999.921875,0,26.20490625,-6.4534075,374.38825,380.401,1.29859,377.532625,7.54034375,0.904327688,0.771466688,5.45978875,3.192726875,1499.984375,0.97300225,0.0269979,0,1215.035,4.99958,18510.68125,14722.025,44.25,44.6715,44.433125,44.75,46.117125,1454.624375,40.36,0,118.7,0,1215.0028,-3.156923068,11.49230759,18510.952,15,1784912304,00:58:24,1784912304,1784912303,2,0.974,0.055,-37.371,-3.161,378,7,0.44,0.03,-5.561550952,-14.93373273,1.844311405,0,1.315431429,-0.338333766,0.036077951,0,0,2,0/2,2.93515,2.73184,0.10133,0.0954837,0.0710955,0.0499026,27882.5,18695,31794.8,22507.3,39790.2,29104.9,45669,32963.2,1.63522,2.6723,0.185147,0,27.5341,999.9,38.115,33.747,19.6251,26.9092,96.9231,3,0.11422,0,20.3068,5.21669,12.0279,4.9598,3.301,9999,7162.5,9999,128.8,4.97363,1.87299,1.87079,1.8724,1.87285,1.87378,1.87325,1.87775,0,0,0,0,11111111,oooooooo,on,on,on,on,0,100,100,-37.371,-3.1612,-37.371,0,0,0,-3.161191,0,0,0,-1,-1,-1,-1,33.1,33.2,0.153809,4.99756,2.64526,2.73438,2.8479,2.25098,35.8944,14.8588,2,375.862,1338.79,28.7857,28.8581,29.9999,28.7461,28.6487,-1,40,10,-999.9,400,20,99.9233,86.5543
56,1784914413,6836.9,20260725 01:33:33,01:33:33,15,,1784914405,0.000810352,0.81035156,2.063100673,381.45375,223.0341686,22.84082848,39.06450626,0.023445128,1.930142517,0.023288059,0.014569061,287.4193454,32.52131226,30.48596875,4.380830902,20.91558031,0.909339824,4.347667196,3.471491077,-35.73650381,-13.80912618,-1.597419606,236.2762958,1.677200659,0.817766758,2.063100673,386.7945597,384.3796848,-0.140181526,66.72353673,0.81035156,7.519070753,8.862593939,-0.000320045,78.43,0,0,1,0,25822.82981,RECT-7-20260501-00_41_31,10045.8,693.115,1861.02,0.627561767,-1,MPF-56-20260725-01_31_05,10334.7,1211.561154,1255.01,0.034620319,0.5,1261.200826,2.063100673,21.83158726,0.002428718,0.482872646,587.4651325,-,0,587.4651325,0.531904023,0.065087529,0.475841297,0.077325561,0.518886382,0.031559822,0.968440178,56,290,1255.01,55,10334.7,1251.29,3.72,300,24.2,1239.004829,1.596270139,12.6945134,1.4565082,0.730675289,-0.007274675,290,1267.21,895,10260.1,1251.38,15.83,,,,,,,,,,,,,,1499.988125,1261.200826,0.840807207,0.191614414,6,0.5,0: Broadleaf,2,TRUE,1784914405,381.45375,384.774125,8.87944375,7.526506875,418.82475,12.04064375,359.4426875,102.3095625,0.099985869,30.3532625,30.48596875,999.9,0,0,4999.843125,0,21.707475,-3.32021375,384.8713125,387.692125,1.35293875,384.774125,7.526506875,0.908452875,0.770034438,5.5253375,3.166573125,1499.988125,0.973000125,0.026999881,0,1211.544375,4.99958,18457.64375,14722.03125,44.101375,44.50775,44.312,44.562,45.937,1454.6275,40.36,0,118.5,0,1211.561154,0.447521368,3.381196566,18457.92692,15,1784912304,00:58:24,1784912304,1784912303,2,0.974,0.055,-37.371,-3.161,378,7,0.44,0.03,-5.936699524,37.18866779,4.658153231,0,1.341372857,0.09403013,0.023600447,1,1,2,1/2,2.93687,2.7318,0.102874,0.0961748,0.0710954,0.049664,27836.6,18682.9,31796.8,22509.8,39793,29115.5,45672,32966.8,1.63925,2.6727,0.186842,0,27.4525,999.9,38.146,33.687,19.5754,26.9092,96.9231,3,0.110447,0,20.3067,5.21579,12.0279,4.95975,3.301,9999,7162.5,9999,128.8,4.97363,1.873,1.87074,1.87239,1.87286,1.87378,1.87328,1.87775,0,0,0,0,11111111,oooooooo,on,on,on,on,0,100,100,-37.371,-3.1612,-37.371,0,0,0,-3.161191,0,0,0,-1,-1,-1,-1,35.1,35.2,0.153809,4.99756,2.64526,2.73438,2.8479,2.23267,35.8244,14.8325,2,377.616,1338.14,28.6851,28.8039,30,28.6909,28.5943,-1,40,10,-999.9,400,20,99.9298,86.5637
57,1784914533,6956.9,20260725 01:35:33,01:35:33,15,,1784914525,0.000790294,0.790294244,1.671878899,399.2513125,263.778353,27.01223938,40.88535661,0.0229692,1.930099635,0.022818417,0.014274975,287.4281331,32.52906951,30.523075,4.390143208,21.52112973,0.935668103,4.347671867,3.454475105,-34.85197617,-17.66797891,-2.044226678,232.8639514,13.75743279,0.639314837,1.671878899,431.069098,416.504503,1.563227634,66.72353673,0.790294244,8.074665238,9.253082727,0.014405654,78.43,0,0,1,0,25821.93499,RECT-7-20260501-00_41_31,10045.8,693.115,1861.02,0.627561767,-1,MPF-57-20260725-01_33_05,10330.2,1207.241154,1251.56,0.035410884,0.5,1261.237348,1.671878899,22.3307648,0.002118458,0.486960274,586.7080827,-,0,586.7080827,0.531218573,0.066659725,0.47826595,0.079361166,0.521840389,0.032396013,0.967603987,57,290,1251.56,75,10330.2,1248.12,3.44,300,24.1,1235.451448,2.228489479,13.08189859,2.033445754,0.596473084,-0.007274926,290,1264.41,885,10260.5,1248.2,16.21,,,,,,,,,,,,,,1500.03125,1261.237348,0.840807382,0.191614763,6,0.5,0: Broadleaf,2,TRUE,1784914525,399.2513125,422.6195,9.136931875,8.0805225,436.6223125,12.298125,359.788625,102.3050625,0.100002506,30.35328125,30.523075,999.9,0,0,4999.88375,0,21.6112625,-23.36808469,402.9336875,426.06275,1.056409938,422.6195,8.0805225,0.934752688,0.826676875,5.936766875,4.173350625,1500.03125,0.973000125,0.0269999,0,1207.208125,4.99958,18430.175,14722.45,44.062,44.511625,44.2965,44.562,45.902125,1454.664375,40.37,0,118.8,0,1207.241154,1.452649577,48.71452993,18430.73462,15,1784912304,00:58:24,1784912304,1784912303,2,0.974,0.055,-37.371,-3.161,378,7,0.44,0.03,-21.59557929,3.169088571,11.15833597,0,1.047445286,0.206101403,0.073270141,0,0,2,0/2,2.93765,2.73185,0.108654,0.101583,0.0728747,0.051977,27659.5,18567.1,31799.2,22504.7,39719.7,29036.1,45675.8,32957,1.64128,2.676,0.187572,0,27.4924,999.9,39.403,33.657,20.1888,26.8793,96.9231,3,0.107436,0,20.3066,5.21594,12.0279,4.95985,3.301,9999,7162.5,9999,128.8,4.9736,1.87299,1.87074,1.8724,1.87286,1.87378,1.87324,1.87775,0,0,0,0,11111111,oooooooo,on,on,on,on,0,100,100,-37.371,-3.1612,-37.371,0,0,0,-3.161191,0,0,0,-1,-1,-1,-1,37.1,37.2,0.155029,4.99756,2.64526,2.73438,2.8479,2.27417,35.7777,14.8238,2,378.418,1341.98,28.6696,28.7615,30,28.6481,28.5522,-1,40,10,-999.9,400,20,99.9378,86.5405
58,1784914653,7076.9,20260725 01:37:33,01:37:33,15,,1784914645,0.000882072,0.882072331,1.766734015,388.8389375,258.8232749,26.50379408,39.81754399,0.025415132,1.929726396,0.025230631,0.015785609,287.4175632,32.59605392,30.70315625,4.435582363,21.71775317,0.949737074,4.373090839,3.485845289,-38.89938978,-25.80923442,-2.990930625,219.7180084,0.010980665,0.827557319,1.766734015,391.4573239,390.6029455,-0.280935699,66.72353673,0.882072331,7.797402002,9.254472667,-0.000712433,78.43,0,0,1,0,25804.11356,RECT-7-20260501-00_41_31,10045.8,693.115,1861.02,0.627561767,-1,MPF-58-20260725-01_35_05,10329.8,1202.9876,1245.77,0.034342134,0.5,1261.19295,1.766734015,21.65602851,0.002193744,0.49387126,585.4325607,-,0,585.4325607,0.530063687,0.064788694,0.482326794,0.077412491,0.526797984,0.031529345,0.968470655,58,290,1245.77,75,10329.8,1242.72,3.05,300,24.2,1228.173093,2.383488463,15.03069383,2.174789856,0.630443555,-0.007274656,290,1258.29,865,10260.8,1242.82,15.47,,,,,,,,,,,,,,1499.97875,1261.19295,0.840807212,0.191614423,6,0.5,0: Broadleaf,2,TRUE,1784914645,388.8389375,389.391375,9.274674375,7.913561875,426.2099375,12.43586875,361.417,102.301125,0.099998306,30.455075,30.70315625,999.9,0,0,4998.515625,0,23.64700625,-0.5523945,392.479125,392.4974375,1.36111,389.391375,7.913561875,0.94881025,0.809566938,6.153139375,3.87529375,1499.97875,0.973000125,0.026999875,0,1203.029375,4.99958,18383.94375,14721.925,44.125,44.625,44.3474375,44.625,45.937,1454.61875,40.36,0,118.7,0,1202.9876,-2.89076923,-58.84615376,18382.948,15,1784912304,00:58:24,1784912304,1784912303,2,0.974,0.055,-37.371,-3.161,378,7,0.44,0.03,-0.998662448,8.71025481,1.456302266,0,1.318714286,0.783820519,0.085456952,0,0,2,0/2,2.9389,2.73178,0.103959,0.0972994,0.0728019,0.0507765,27805.5,18657.6,31799.6,22507.1,39723.1,29076.8,45676.2,32961.5,1.64405,2.67575,0.18838,0,27.6625,999.9,39.257,33.616,20.0685,26.9393,96.9231,3,0.10747,0,20.3065,5.21639,12.0279,4.95975,3.301,9999,7162.5,9999,128.9,4.97367,1.87302,1.87076,1.87237,1.87286,1.87377,1.87329,1.87775,0,0,0,0,11111111,oooooooo,on,on,on,on,0,100,100,-37.371,-3.1612,-37.371,0,0,0,-3.161191,0,0,0,-1,-1,-1,-1,39.1,39.2,0.155029,4.99756,2.64526,2.73438,2.8479,2.27539,35.7544,14.7887,2,379.749,1341.22,28.7306,28.755,30.0001,28.6314,28.5357,-1,40,10,-999.9,400,20,99.9388,86.5513
59,1784914773,7196.9,20260725 01:39:33,01:39:33,15,,1784914765,0.000842611,0.842611013,1.738985691,384.618375,247.2711165,25.3205363,39.38488111,0.023494461,1.929693102,0.023336696,0.014599521,287.4161382,32.87906664,31.043575,4.522599147,20.79811326,0.923599306,4.440784098,3.59899984,-37.15914567,-33.2810035,-3.868489107,213.1074999,1.182410683,0.854784901,1.738985691,388.9070728,387.3823394,-0.184312302,66.73186229,0.842611013,7.537772619,8.97997097,-0.007049113,78.43,0,0,1,0,25780.51314,RECT-7-20260501-00_41_31,10045.8,693.115,1861.02,0.627561767,-1,MPF-59-20260725-01_37_05,10328.8,1196.063077,1239.08,0.034716825,0.5,1261.18665,1.738985691,21.89219789,0.002171753,0.501936921,583.9509227,-,0,583.9509227,0.528722179,0.065661752,0.487005763,0.078790624,0.53252619,0.032057875,0.967942125,59,290,1239.08,75,10328.8,1236.7,2.38,300,24.2,1224.659585,2.187572247,12.43456215,1.995773795,0.580954159,-0.007274066,290,1253.27,895,10258.6,1236.78,16.49,,,,,,,,,,,,,,1499.97125,1261.18665,0.840807216,0.191614431,6,0.5,0: Broadleaf,2,TRUE,1784914765,384.618375,387.1166875,9.01953375,7.619129375,421.989375,12.18071875,362.927375,102.299875,0.100019725,30.72366875,31.043575,999.9,0,0,4998.4375,0,22.00804375,-2.4981649,388.11925,390.0889375,1.4004025,387.1166875,7.619129375,0.922697563,0.779436375,5.74967125,3.337696875,1499.97125,0.97300275,0.026997331,0,1196.011875,4.99958,18265.21875,14721.88125,44.30425,44.8710625,44.562,44.909875,46.152125,1454.61125,40.36,0,118.5,0,1196.063077,-4.402735042,-29.6102565,18264.86538,15,1784912304,00:58:24,1784912304,1784912303,2,0.974,0.055,-37.371,-3.161,378,7,0.44,0.03,-2.269482829,1.281981694,1.6208555,0,1.34677381,0.849811948,0.08725873,0,0,2,0/2,2.94101,2.73184,0.103385,0.0964997,0.0715908,0.049557,27821.7,18675.6,31797.9,22509,39773.5,29117.8,45674.2,32965.8,1.64815,2.67635,0.184834,0,28.0326,999.9,38.628,33.606,19.7353,26.8793,96.9231,3,0.110727,0,20.3064,5.21669,12.0279,4.9598,3.301,9999,7162.5,9999,128.9,4.97365,1.87299,1.8708,1.87238,1.87286,1.87378,1.87326,1.87775,0,0,0,0,11111111,oooooooo,on,on,on,on,0,100,100,-37.371,-3.1612,-37.371,0,0,0,-3.161191,0,0,0,-1,-1,-1,-1,41.1,41.2,0.155029,4.99756,2.64526,2.73438,2.84912,2.29004,35.7777,14.78,2,381.986,1342.5,28.9272,28.7993,30.0003,28.6551,28.5535,-1,40,10,-999.9,400,20,99.934,86.5609
60,1784914893,7316.9,20260725 01:41:33,01:41:33,15,,1784914885,0.000804446,0.804446482,1.31670334,407.8413125,294.2542022,30.13118919,41.76233901,0.022650844,1.929695719,0.022504167,0.014078204,287.4262319,32.88752284,30.99460625,4.509991073,21.33556153,0.947134038,4.439227142,3.562857035,-35.47608985,-28.82515283,-3.349637635,219.7753516,-1.177887694,0.852574548,1.31670334,407.3219831,408.7189455,-0.48256217,66.73186229,0.804446482,7.751974845,9.180126182,-0.012838363,78.43,0,0,1,0,25781.15349,RECT-7-20260501-00_41_31,10045.8,693.115,1861.02,0.627561767,-1,MPF-60-20260725-01_39_05,10333.3,1190.8912,1234.25,0.035129674,0.5,1261.231275,1.31670334,22.1533217,0.001836858,0.507814462,582.8759507,-,0,582.8759507,0.527748875,0.066565133,0.490375087,0.080125662,0.5366618,0.032579983,0.967420017,60,290,1234.25,55,10333.3,1232.15,2.1,300,24.2,1220.635769,1.995007963,11.89948585,1.820008977,0.604225534,-0.007273881,290,1248.44,895,10258.1,1232.24,16.2,,,,,,,,,,,,,,1500.024375,1261.231275,0.840807187,0.191614374,6,0.5,0: Broadleaf,2,TRUE,1784914885,407.8413125,406.4706875,9.24949125,7.8549,445.2123125,12.4106875,363.4134375,102.2985,0.100000913,30.71753125,30.99460625,999.9,0,0,4998.515625,0,20.86965625,1.370631,411.648875,409.6901875,1.394591875,406.4706875,7.8549,0.946209688,0.803544813,6.11332125,3.7679375,1500.024375,0.973004,0.0269959,0,1190.85125,4.99958,18192.96875,14722.4,44.378875,45,44.644375,45.062,46.25,1454.664375,40.36,0,118.9000001,0,1190.8912,-0.576923076,-9.707692287,18192.264,15,1784912304,00:58:24,1784912304,1784912303,2,0.974,0.055,-37.371,-3.161,378,7,0.44,0.03,-3.694188286,84.97923717,12.5382129,0,1.328302381,1.27366987,0.155829624,0,0,2,0/2,2.94178,2.73204,0.107077,0.0975662,0.0724751,0.0506527,27704.7,18650.2,31795.2,22505.1,39731.8,29078.3,45670,32959.1,1.64925,2.6713,0.183839,0,28.0372,999.9,39.281,33.566,20.0255,26.9394,96.9231,3,0.114314,0,20.3064,5.21669,12.0285,4.9597,3.301,9999,7162.5,9999,128.9,4.97364,1.87296,1.87081,1.8724,1.87286,1.87378,1.87329,1.87775,0,0,0,0,11111111,oooooooo,on,on,on,on,0,100,100,-37.371,-3.1612,-37.371,0,0,0,-3.161191,0,0,0,-1,-1,-1,-1,43.1,43.2,0.155029,4.99756,2.64526,2.73438,2.8479,2.24731,35.801,14.7537,2,382.72,1335.74,28.9634,28.8449,30.0001,28.6851,28.5773,-1,40,10,-999.9,400,20,99.9252,86.5443
61,1784915013,7436.9,20260725 01:43:33,01:43:33,15,,1784915005,0.000726069,0.726068573,2.028627784,379.502125,200.9801526,20.57938628,38.85916458,0.020169988,1.929955377,0.020053609,0.012543906,287.4136444,32.97557997,31.0274875,4.518453687,20.41591581,0.909357853,4.454161456,3.609095834,-32.01962406,-26.13289408,-3.037748362,226.2233779,0.152084267,0.814124327,2.028627784,383.7719974,381.0256727,-0.083594705,66.73186229,0.726068573,7.58990468,8.825290909,-0.005766195,78.43,0,0,1,0,25782.76967,RECT-7-20260501-00_41_31,10045.8,693.115,1861.02,0.627561767,-1,MPF-61-20260725-01_41_05,10335.2,1184.7196,1226.91,0.034387526,0.5,1261.175625,2.028627784,21.68435505,0.002401432,0.516834976,581.2338218,-,0,581.2338218,0.526262055,0.065342971,0.495481207,0.079038582,0.542946558,0.032057835,0.967942165,61,290,1226.91,45,10335.2,1224.28,2.63,300,24.2,1212.291083,2.407244895,12.38794066,2.195945657,0.531960584,-0.007273459,290,1240.14,895,10257.4,1224.37,15.77,,,,,,,,,,,,,,1499.958125,1261.175625,0.840807223,0.191614446,6,0.5,0: Broadleaf,2,TRUE,1784915005,379.502125,380.261375,8.88087125,7.552079375,416.873125,12.04205625,364.343375,102.295125,0.099992244,30.776325,31.0274875,999.9,0,0,4999.76625,0,20.602825,-0.759259938,382.9026875,383.1551875,1.32879125,380.261375,7.552079375,0.9084695,0.77254075,5.525475,3.21237875,1499.958125,0.97300425,0.0269956,0,1184.8025,4.99958,18074.76875,14721.7625,44.5,45.1131875,44.75,45.187,46.375,1454.598125,40.36,0,118.7,0,1184.7196,-3.445384609,-77.43846142,18073.528,15,1784912304,00:58:24,1784912304,1784912303,2,0.974,0.055,-37.371,-3.161,378,7,0.44,0.03,-0.4742567,-21.43383411,3.140220236,0,1.3365955,-0.526483759,0.063227868,0,0,2,0/2,2.94205,2.73191,0.102309,0.0959783,0.0709229,0.0503107,27852.3,18683.8,31795.1,22506.2,39798.3,29090.8,45669.7,32961.4,1.6494,2.67132,0.180926,0,28.077,999.9,38.744,33.546,19.731,26.9694,96.9231,3,0.116153,0,20.3064,5.21729,12.0285,4.95975,3.301,9999,7162.5,9999,129,4.97361,1.87298,1.87077,1.8724,1.87286,1.87378,1.87329,1.87775,0,0,0,0,11111111,oooooooo,on,on,on,on,0,100,100,-37.371,-3.1612,-37.371,0,0,0,-3.161191,0,0,0,-1,-1,-1,-1,45.1,45.2,0.155029,4.99756,2.64526,2.7356,2.8479,2.22656,35.8244,14.7274,2,382.929,1336.17,29.0364,28.8775,30.0002,28.709,28.5949,-1,40,10,-999.9,400,20,99.9246,86.5497
62,1784915133,7556.9,20260725 01:45:33,01:45:33,15,,1784915125,0.000668359,0.668359314,2.018215185,373.013875,184.9968478,18.94242941,38.19410482,0.018848759,1.929961411,0.018747086,0.011726018,287.4218382,32.79848353,30.74265,4.445602258,20.21633547,0.890257708,4.403655197,3.555344551,-29.47464573,-17.2570243,-2.001198161,238.68897,1.121885983,0.664217012,2.018215185,377.9102432,375.3180485,-0.100629116,66.73186229,0.668359314,7.64052444,8.722535091,0.00054483,78.43,0,0,1,0,25799.94021,RECT-7-20260501-00_41_31,10045.8,693.115,1861.02,0.627561767,-1,MPF-62-20260725-01_43_05,10333.3,1179.394,1221.69,0.034620894,0.5,1261.21185,2.018215185,21.8321409,0.002393107,0.523316062,580.0596806,-,0,580.0596806,0.525198962,0.065919578,0.499102111,0.080018919,0.5474161,0.032421133,0.967578867,62,290,1221.69,55,10333.3,1217.54,4.15,300,24.2,1207.116475,2.284603998,10.77291762,2.08421307,0.488273023,-0.007273814,290,1232.18,875,10258.5,1217.62,14.56,,,,,,,,,,,,,,1500.00125,1261.21185,0.8408072,0.191614399,6,0.5,0: Broadleaf,2,TRUE,1784915125,373.013875,375.2605,8.694495625,7.6144575,410.384875,11.8556875,365.7881875,102.29325,0.100005006,30.57679375,30.74265,999.9,0,0,4999.883125,0,26.17285,-2.2466875,376.2855625,378.1399375,1.0800375,375.2605,7.6144575,0.889389063,0.7789085,5.220156875,3.32854875,1500.00125,0.9730035,0.026996469,0,1179.4125,4.99958,17981.125,14722.1875,44.42925,44.960625,44.628875,45.1131875,46.312,1454.64125,40.36,0,118.7,0,1179.394,-1.408461547,-61.82307689,17979.608,15,1784912304,00:58:24,1784912304,1784912303,2,0.974,0.055,-37.371,-3.161,378,7,0.44,0.03,-2.324302381,0.028931688,0.585844755,1,1.104529524,-0.371750649,0.043048511,0,1,2,1/2,2.94357,2.73196,0.101188,0.0948026,0.0704813,0.0502514,27888.5,18709.3,31796.7,22507.5,39819.2,29094.1,45671.8,32963.1,1.65237,2.66857,0.180859,0,27.8113,999.9,38.719,33.546,19.7166,26.9394,96.9231,3,0.115351,0,20.3064,5.21729,12.0279,4.9598,3.301,9999,7162.5,9999,129,4.97361,1.87295,1.87079,1.87237,1.87286,1.87377,1.87327,1.87775,0,0,0,0,11111111,oooooooo,on,on,on,on,0,100,100,-37.371,-3.1612,-37.371,0,0,0,-3.161191,0,0,0,-1,-1,-1,-1,47.1,47.2,0.155029,4.99756,2.64526,2.73438,2.8479,2.24365,35.801,14.7099,2,384.457,1332.08,28.922,28.8701,30,28.707,28.5901,-1,40,10,-999.9,400,20,99.9294,86.5544
63,1784915253,7676.9,20260725 01:47:33,01:47:33,15,,1784915245,0.000690999,0.690998547,1.964823003,373.561,196.8460088,20.1556111,38.24995124,0.019668932,1.930526029,0.019558278,0.012233813,287.4259944,32.66742368,30.6008625,4.409721004,20.25405456,0.88570412,4.372971926,3.524016884,-30.47303592,-15.22278443,-1.762482429,239.9676916,0.784269626,0.761415603,1.964823003,378.8078619,375.8761091,-0.041233606,66.73186229,0.690998547,7.429852662,8.59817,-0.005610857,78.43,0,0,1,0,25824.43738,RECT-7-20260501-00_41_31,10045.8,693.115,1861.02,0.627561767,-1,MPF-63-20260725-01_45_05,10326.9,1175.712,1216.79,0.033759318,0.5,1261.230225,1.964823003,21.28913584,0.002350739,0.529450439,578.9527123,-,0,578.9527123,0.524196688,0.064402005,0.502493127,0.078441782,0.551611646,0.031713307,0.968286693,63,290,1216.79,85,10326.9,1213.41,3.38,300,24.2,1204.361809,2.031829239,9.349105831,1.853786672,0.475992501,-0.007274469,290,1227.65,885,10259.2,1213.47,14.18,,,,,,,,,,,,,,1500.023125,1261.230225,0.840807188,0.191614376,6,0.5,0: Broadleaf,2,TRUE,1784915245,373.561,375.3078125,8.65006375,7.416285,410.932,11.8112625,367.0816875,102.2928125,0.099972719,30.4546,30.6008625,999.9,0,0,5002.265625,0,23.83794375,-1.746882219,376.8206875,378.112,1.23377875,375.3078125,7.416285,0.884839125,0.758632375,5.146385,2.955815625,1500.023125,0.97300225,0.026997913,0,1175.7575,4.99958,17915.8875,14722.38125,44.25,44.761625,44.5,44.8710625,46.125,1454.663125,40.36,0,118.7,0,1175.712,-0.661538467,-47.15384605,17914.796,15,1784912304,00:58:24,1784912304,1784912303,2,0.974,0.055,-37.371,-3.161,378,7,0.44,0.03,-1.286702995,-11.43011062,1.305510254,0,1.220184762,0.080156883,0.046147057,1,1,2,1/2,2.94436,2.73189,0.101294,0.0947308,0.0698913,0.0491393,27887.6,18714.6,31799.2,22512,39847.9,29135.1,45675.5,32970.9,1.65462,2.66705,0.183508,0,27.594,999.9,38.292,33.506,19.4563,26.9094,96.9231,3,0.112241,0,20.3064,5.21699,12.0284,4.9598,3.301,9999,7162.5,9999,129,4.97362,1.87299,1.87079,1.87239,1.87286,1.87378,1.87326,1.87775,0,0,0,0,11111111,oooooooo,on,on,on,on,0,100,100,-37.371,-3.1612,-37.371,0,0,0,-3.161191,0,0,0,-1,-1,-1,-1,49.1,49.2,0.155029,4.99756,2.64526,2.73438,2.8479,2.2229,35.7311,14.6749,2,385.456,1329.35,28.7969,28.8306,30,28.6768,28.5656,-1,40,10,-999.9,400,20,99.9374,86.5735
64,1784915373,7796.9,20260725 01:49:33,01:49:33,15,,1784915365,0.00066984,0.669840081,1.916498252,386.0756875,207.0678059,21.20275991,39.53231683,0.018994043,1.930050106,0.018890805,0.011815982,287.4207694,32.71476633,30.6596125,4.424557759,20.26042805,0.887960287,4.382732117,3.536597472,-29.53994758,-17.27927829,-2.002041395,238.5995022,4.047556125,0.630843427,1.916498252,395.7666316,390.9849515,0.222948882,66.73979105,0.669840081,7.651155969,8.713899152,0.002157835,78.43,0,0,1,0,25809.15119,RECT-7-20260501-00_41_31,10045.8,693.115,1861.02,0.627561767,-1,MPF-64-20260725-01_47_05,10339.4,1172.292,1213.86,0.034244476,0.5,1261.207125,1.916498252,21.59468876,0.002312466,0.533142208,578.2885548,-,0,578.2885548,0.523595345,0.065402561,0.50451714,0.079824098,0.554120412,0.032262911,0.967737089,64,290,1213.86,35,10339.4,1210.64,3.22,300,24.2,1201.869609,2.469261855,9.067514165,2.252939558,0.36649573,-0.007274498,290,1224.97,895,10259.4,1210.71,14.26,,,,,,,,,,,,,,1499.995625,1261.207125,0.840807203,0.191614405,6,0.5,0: Broadleaf,2,TRUE,1784915365,386.0756875,393.0639375,8.671889375,7.65344375,423.4466875,11.83308125,368.4278125,102.29525,0.100000756,30.49355,30.6596125,999.9,0,0,5000.15625,0,18.5949875,-6.988275,389.4530625,396.095375,1.018445,393.0639375,7.65344375,0.887092875,0.782910688,5.182944375,3.401119375,1499.995625,0.973001375,0.026998763,0,1172.334375,4.99958,17847.825,14722.125,44.1909375,44.687,44.4409375,44.75,46.062,1454.635625,40.36,0,118.7,0,1172.292,-1.329230781,-55.75384604,17846.612,15,1784912304,00:58:24,1784912304,1784912303,2,0.974,0.055,-37.371,-3.161,378,7,0.44,0.03,-5.064958095,-19.32933117,4.678905095,0,1.045934286,-0.17145787,0.060522827,0,0,2,0/2,2.94626,2.73189,0.104188,0.100262,0.0704533,0.0508411,27800.9,18598.8,31802.5,22510.2,39828.7,29079.5,45681.2,32966.8,1.65877,2.67048,0.189066,0,27.5836,999.9,38.829,33.475,19.6937,26.8795,96.9231,3,0.108595,0,20.3064,5.21519,12.0279,4.9597,3.301,9999,7162.5,9999,129.1,4.97359,1.87296,1.87075,1.87236,1.87286,1.87378,1.87323,1.87775,0,0,0,0,11111111,oooooooo,on,on,on,on,0,100,100,-37.371,-3.1612,-37.371,0,0,0,-3.161191,0,0,0,-1,-1,-1,-1,51.1,51.2,0.153809,4.99756,2.64526,2.7356,2.8479,2.229,35.7078,14.6661,2,387.41,1333.58,28.7823,28.7837,30,28.6408,28.5346,-1,40,10,-999.9,400,20,99.9491,86.5643
65,1784915493,7916.9,20260725 01:51:33,01:51:33,15,,1784915485,0.0006154,0.615399717,2.658064144,389.9461875,127.1042287,13.01500515,39.9290542,0.0172217,1.929782264,0.017136771,0.010718077,287.4214819,32.91038391,30.90350625,4.486616829,20.47261337,0.90628838,4.426832879,3.580328449,-27.13912754,-24.43862519,-2.837809515,233.0059197,8.720985765,0.657212632,2.658064144,417.2911531,401.0716667,1.624777669,66.73979105,0.615399717,7.947725144,8.880115212,0.006646302,78.43,0,0,1,0,25787.55158,RECT-7-20260501-00_41_31,10045.8,693.115,1861.02,0.627561767,-1,MPF-65-20260725-01_49_05,10338.9,1167.755,1209.44,0.034466365,0.5,1261.210275,2.658064144,21.73466659,0.00290044,0.538745204,577.2834692,-,0,577.2834692,0.522685318,0.065940947,0.507565209,0.080734034,0.557904967,0.032598121,0.967401879,65,290,1209.44,35,10338.9,1206.79,2.65,300,24.2,1195.653284,2.100952011,11.51592174,1.916770823,0.563154107,-0.007274159,290,1223.08,885,10258.7,1206.88,16.2,,,,,,,,,,,,,,1499.999375,1261.210275,0.840807201,0.191614401,6,0.5,0: Broadleaf,2,TRUE,1784915485,389.9461875,404.5095625,8.850790625,7.794063125,427.3171875,12.0119875,369.8564375,102.2963125,0.100006488,30.66860625,30.90350625,999.9,0,0,4998.984375,0,18.205375,-14.563405,393.428375,407.6886875,1.056727813,404.5095625,7.794063125,0.905402,0.797302875,5.476884375,3.65784875,1499.999375,0.973003,0.026997044,0,1167.864375,4.99958,17773.64375,14722.1625,44.312,44.875,44.562,44.8905,46.187,1454.639375,40.36,0,118.5,0,1167.755,-2.348376086,-22.89230768,17773.43846,15,1784912304,00:58:24,1784912304,1784912303,2,0.974,0.055,-37.371,-3.161,378,7,0.44,0.03,-13.6913115,-68.07448556,8.736516977,0,1.08029075,-1.018083654,0.111558793,0,0,2,0/2,2.94782,2.73191,0.106336,0.104015,0.0712726,0.0524796,27735.1,18519.1,31803.4,22507.4,39794.4,29024.2,45682.3,32960.9,1.66215,2.67173,0.188388,0,27.8341,999.9,39.592,33.465,20.0707,26.9095,96.9231,3,0.106555,0,20.3065,5.21624,12.0279,4.95985,3.301,9999,7162.5,9999,129.1,4.97358,1.87289,1.87075,1.87237,1.87286,1.87378,1.87324,1.87775,0,0,0,0,11111111,oooooooo,on,on,on,on,0,100,100,-37.371,-3.1612,-37.371,0,0,0,-3.161191,0,0,0,-1,-1,-1,-1,53.1,53.2,0.155029,4.99756,2.64526,2.7356,2.8479,2.29126,35.6845,14.6486,2,389.045,1334.99,28.906,28.764,30,28.6187,28.5175,-1,40,10,-999.9,400,20,99.9516,86.5508
66,1784915613,8037,20260725 01:53:33,01:53:33,15,,1784915605,0.000849857,0.849856608,-0.496765651,440.0508,448.088202,45.88181915,45.05883246,0.023902821,1.930872053,0.023739644,0.014851845,287.4231207,32.99380559,31.13629333,4.546555622,21.91542692,0.979846023,4.471033242,3.566709599,-37.47867642,-30.57889189,-3.555944287,215.8096081,-10.05480255,0.858167371,-0.496765651,413.9777121,432.0941939,-2.376500735,66.73979105,0.849856608,8.008892182,9.491003333,-0.014079162,78.43,0,0,1,0,25800.01987,RECT-7-20260501-00_41_31,10045.8,693.115,1861.02,0.627561767,-1,MPF-66-20260725-01_51_05,10330.4,1164.489615,1206.62,0.034916034,0.5,1261.21752,-0.496765651,22.01835674,0.000399007,0.542341417,576.6402066,-,0,576.6402066,0.522102894,0.066875771,0.509506614,0.082044741,0.560319547,0.033116018,0.966883982,66,290,1206.62,65,10330.4,1204.78,1.84,300,24.2,1196.491662,2.386024796,8.565974796,2.176603757,0.356143957,-0.007273569,290,1220.28,895,10257.5,1204.84,15.44,,,,,,,,,,,,,,1500.008,1261.21752,0.840807196,0.191614392,6,0.5,0: Broadleaf,2,TRUE,1784915605,440.0508,424.3976667,9.569312,8.194481333,477.4218,12.73050667,370.9352667,102.2946,0.100015493,30.84254,31.13629333,999.9,0,0,5003.625333,0,17.56895333,15.65321067,444.3026667,427.9061333,1.374830667,424.3976667,8.194481333,0.978888267,0.838250733,6.60578,4.369928667,1500.008,0.9730052,0.02699452,0,1164.498667,4.99958,17730.50667,14722.23333,44.437,45.125,44.75,45.125,46.312,1454.648,40.36,0,118.9000001,0,1164.489615,-1.771965814,-16.39658114,17730.10769,15,1784912304,00:58:24,1784912304,1784912303,2,0.974,0.055,-37.371,-3.161,378,7,0.44,0.03,14.1471165,65.85625038,9.737030277,0,1.308888,1.217104962,0.128840313,0,0,2,0/2,2.94917,2.73204,0.111144,0.100675,0.0737975,0.0518037,27584.8,18586.8,31802.3,22505.9,39683.8,29043.1,45680.2,32959,1.66505,2.67322,0.191275,0,28.0558,999.9,40.471,33.435,20.4811,26.9505,96.9191,3,0.108252,0,20.3063,5.21504,12.0279,4.9598,3.301,9999,7162.5,9999,129.1,4.97358,1.87291,1.87079,1.87235,1.87286,1.87378,1.87324,1.87775,0,0,0,0,11111111,oooooooo,on,on,on,on,0,100,100,-37.371,-3.1612,-37.371,0,0,0,-3.161191,0,0,0,-1,-1,-1,-1,55.2,55.2,0.155029,4.99756,2.64526,2.73438,2.8479,2.22412,35.7311,14.6224,2,390.617,1337.33,29.0524,28.7808,30.0003,28.6285,28.5255,-1,40,10,-999.9,400,20,99.9475,86.5454
67,1784915733,8157,20260725 01:55:33,01:55:33,15,,1784915725,0.000785175,0.785175279,1.184073374,392.9613125,284.2209508,29.10230551,40.23658404,0.02144689,1.929709103,0.021315344,0.013333842,287.4216944,33.20531844,31.35768125,4.604205137,20.67909967,0.934443124,4.518780501,3.669762013,-34.6262298,-34.21954039,-3.989718425,214.5862058,6.773110646,0.690210245,1.184073374,402.9135045,400.3154848,0.09307719,66.74598833,0.785175279,7.861436423,9.13770903,-0.002670923,78.43,0,0,1,0,25755.30196,RECT-7-20260501-00_41_31,10045.8,693.115,1861.02,0.627561767,-1,MPF-67-20260725-01_53_05,10336.6,1155.2008,1196.96,0.034887716,0.5,1261.212244,1.184073374,22.00040701,0.001731725,0.554788798,574.4247409,-,0,574.4247409,0.520096962,0.067079253,0.516137453,0.082881045,0.568590767,0.033355225,0.966644775,67,290,1196.96,35,10336.6,1193.85,3.11,300,24.2,1180.350218,2.035308701,13.95897592,1.856365867,0.66880816,-0.00727267,290,1210.19,895,10255.7,1193.96,16.23,,,,,,,,,,,,,,1500.001875,1261.212244,0.840807112,0.191614223,6,0.5,0: Broadleaf,2,TRUE,1784915725,392.9613125,404.3111875,9.126023125,8.02410125,430.3323125,12.2872125,372.3919375,102.29325,0.099995231,31.02875625,31.35768125,999.9,0,0,4998.828125,0,17.52376875,-11.349917,396.5805625,407.5821875,1.101920625,404.3111875,8.02410125,0.93352975,0.820810938,5.91817875,4.070639375,1500.001875,0.973005063,0.026994731,0,1155.26875,4.99958,17607.99375,14722.2,44.687,45.378875,45,45.437,46.562,1454.64625,40.355625,0,118.7,0,1155.2008,-1.638461545,17.923077,17607.728,15,1784912304,00:58:24,1784912304,1784912303,2,0.974,0.055,-37.371,-3.161,378,7,0.44,0.03,-10.25178438,26.17581319,8.554460286,0,1.095595714,0.920625429,0.140177577,0,0,2,0/2,2.95055,2.7319,0.105907,0.098805,0.0722842,0.0509393,27744.9,18626.1,31799.7,22506.9,39745.7,29071.8,45676.6,32961.6,1.66712,2.6699,0.190943,0,28.2787,999.9,39.806,33.425,20.1333,26.9505,96.863,3,0.113229,0,20.3062,5.21639,12.0279,4.95975,3.301,9999,7162.5,9999,129.2,4.97362,1.87289,1.8708,1.87229,1.87284,1.87378,1.87322,1.87775,0,0,0,0,11111111,oooooooo,on,on,on,on,0,100,100,-37.371,-3.1612,-37.371,0,0,0,-3.161191,0,0,0,-1,-1,-1,-1,57.2,57.2,0.155029,4.99756,2.64526,2.7356,2.8479,2.22168,35.7544,14.5786,2,391.954,1333.36,29.2156,28.8431,30.0003,28.6722,28.5627,-1,40,10,-999.9,400,20,99.9394,86.551
68,1784915853,8277,20260725 01:57:33,01:57:33,15,,1784915845,0.000716374,0.716374029,1.95153233,373.339875,195.8350039,20.05149916,38.22618041,0.01952192,1.929630679,0.019412859,0.012142784,287.4205944,33.22888145,31.26366875,4.579646939,19.97311702,0.902405627,4.518101137,3.677241312,-31.59209468,-24.7123857,-2.880005657,228.2361084,1.981066822,0.771100256,1.95153233,379.7691095,376.7818909,-0.02348729,66.74598833,0.716374029,7.539697626,8.752113636,-0.008534094,78.43,0,0,1,0,25753.70967,RECT-7-20260501-00_41_31,10045.8,693.115,1861.02,0.627561767,-1,MPF-68-20260725-01_55_05,10336,1148.431923,1188.76,0.03392449,0.5,1261.205175,1.95153233,21.39287128,0.002340248,0.565513644,572.5294712,-,0,572.5294712,0.518380942,0.065443166,0.521742291,0.081364842,0.575611886,0.032625479,0.967374521,68,290,1188.76,35,10336,1186.09,2.67,300,24.2,1176.945111,2.202797663,9.448470409,2.008985924,0.441331758,-0.007272309,290,1200.24,895,10254.9,1186.16,14.08,,,,,,,,,,,,,,1499.993125,1261.205175,0.840807304,0.191614608,6,0.5,0: Broadleaf,2,TRUE,1784915845,373.339875,376.982375,8.81343625,7.58644625,410.710875,11.97461875,373.7459375,102.28975,0.100010556,31.02611875,31.26366875,999.9,0,0,4998.67125,0,21.87966875,-3.6423225,376.6595,379.864,1.226988125,376.982375,7.58644625,0.901522438,0.776014375,5.414965,3.275743125,1499.993125,0.972999938,0.026999706,0,1148.504375,4.99958,17543.79375,14722.09375,44.8159375,45.492125,45.0895625,45.6210625,46.75,1454.628125,40.365,0,118.8,0,1148.431923,-2.881709402,-31.18974361,17543.21154,15,1784912304,00:58:24,1784912304,1784912303,2,0.974,0.055,-37.371,-3.161,378,7,0.44,0.03,-3.605042,-0.484399398,0.837202995,0,1.1953675,0.498845865,0.060872728,0,0,2,0/2,2.9516,2.73196,0.101467,0.0952265,0.0705538,0.0498368,27880.9,18701.5,31798,22508.9,39817.9,29108.9,45673.9,32965.6,1.66925,2.66777,0.181355,0,28.3026,999.9,39.018,33.405,19.7152,26.8905,96.903,3,0.117553,0,20.3063,5.21624,12.0279,4.95965,3.301,9999,7162.5,9999,129.2,4.97363,1.87293,1.87077,1.87239,1.87286,1.87375,1.87325,1.87775,0,0,0,0,11111111,oooooooo,on,on,on,on,0,100,100,-37.371,-3.1612,-37.371,0,0,0,-3.161191,0,0,0,-1,-1,-1,-1,59.2,59.2,0.155029,4.99756,2.64526,2.73438,2.8479,2.24609,35.7544,14.5698,2,393.313,1331.15,29.2667,28.9022,30.0003,28.7146,28.5998,-1,40,10,-999.9,400,20,99.9339,86.5603
69,1784915973,8397,20260725 01:59:33,01:59:33,15,,1784915965,0.00069003,0.690030193,0.701497266,408.1710625,327.8086207,33.56422222,41.79250752,0.019111808,1.930218536,0.019007299,0.011888904,287.4134819,33.1986225,31.228475,4.570482924,21.15532403,0.953658573,4.507889226,3.616824351,-30.43033152,-25.18754261,-2.933403359,228.8622044,3.005024649,0.624972332,0.701497266,408.8863694,412.3470121,-0.637187398,66.74598833,0.690030193,8.274424923,9.355542485,0.001657531,78.43,0,0,1,0,25771.71917,RECT-7-20260501-00_41_31,10045.8,693.115,1861.02,0.627561767,-1,MPF-69-20260725-01_57_05,10319,1144.803077,1186.03,0.034760439,0.5,1261.174613,0.701497266,21.91949139,0.001349137,0.569117139,571.8954741,-,0,571.8954741,0.517806907,0.067130118,0.523603412,0.083639011,0.577949405,0.033535384,0.966464616,69,290,1186.03,105,10319,1183.35,2.68,300,24.2,1173.867527,2.118014059,9.783272078,1.931658869,0.478110296,-0.007272461,290,1198.19,895,10254.8,1183.41,14.78,,,,,,,,,,,,,,1499.956875,1261.174613,0.840807248,0.191614497,6,0.5,0: Broadleaf,2,TRUE,1784915965,408.1710625,413.394125,9.31401,8.322063125,445.5420625,12.4752,374.50675,102.2896875,0.09999995,30.98643125,31.228475,999.9,0,0,5001.1325,0,20.13261875,-5.22311625,412.00875,416.86375,0.991946813,413.394125,8.322063125,0.952726875,0.851261063,6.212708125,4.59191125,1499.956875,0.9730015,0.026998269,0,1144.765,4.99958,17492.8875,14721.73125,44.812,45.375,45.062,45.437,46.687,1454.595625,40.36125,0,118.6999998,0,1144.803077,0.896410257,1.552136735,17492.85385,15,1784912304,00:58:24,1784912304,1784912303,2,0.974,0.055,-37.371,-3.161,378,7,0.44,0.03,-7.762998095,86.0782239,9.981664104,0,0.977020714,0.524426416,0.067700378,0,0,2,0/2,2.95247,2.73198,0.107888,0.0998815,0.0732883,0.0537234,27680.9,18597.7,31797.2,22499.7,39699.6,28975,45673.4,32948.6,1.6706,2.6668,0.189733,0,28.1606,999.9,40.856,33.395,20.6306,26.8306,96.891,3,0.119593,0,20.3061,5.21699,12.0281,4.9598,3.301,9999,7162.5,9999,129.2,4.97363,1.87295,1.87082,1.87237,1.87286,1.87375,1.87325,1.87775,0,0,0,0,11111111,oooooooo,on,on,on,on,0,100,100,-37.371,-3.1612,-37.371,0,0,0,-3.161191,0,0,0,-1,-1,-1,-1,61.2,61.2,0.155029,4.99756,2.64526,2.7356,2.8479,2.28638,35.7544,14.5611,2,394.179,1330.28,29.2238,28.9272,30,28.7414,28.6231,-1,40,10,-999.9,400,20,99.9321,86.5195
70,1784916093,8517,20260725 02:01:33,02:01:33,15,,1784916085,0.000690413,0.690413478,1.296340463,408.126,276.680523,28.32994165,41.78893997,0.018743212,1.929846589,0.018642665,0.011660654,287.4204257,33.36672955,31.45775,4.630471292,20.68967404,0.941650211,4.551305204,3.688821081,-30.44723438,-31.53769769,-3.680873259,221.7546204,3.202178735,0.601051008,1.296340463,418.5859132,414.5384182,0.27324374,66.74598833,0.690413478,8.299781383,9.282745515,0.012883656,78.43,0,0,1,0,25748.10606,RECT-7-20260501-00_41_31,10045.8,693.115,1861.02,0.627561767,-1,MPF-70-20260725-01_59_05,10318.2,1140.3652,1180.88,0.03430899,0.5,1261.2009,1.296340463,21.63526448,0.001820757,0.575960301,570.6953482,-,0,570.6953482,0.516720286,0.066397606,0.527107654,0.08306213,0.58235901,0.033228658,0.966771342,70,290,1180.88,105,10318.2,1179.01,1.87,300,24.2,1169.420551,2.276471513,9.89704666,2.076010917,0.44803132,-0.007271868,290,1195.18,885,10254,1179.07,16.11,,,,,,,,,,,,,,1499.9875,1261.2009,0.840807607,0.191615214,6,0.5,0: Broadleaf,2,TRUE,1784916085,408.126,413.628,9.19649875,8.246075,445.497,12.35768125,375.952375,102.29225,0.100001338,31.154625,31.45775,999.9,0,0,4999.451875,0,18.9795875,-5.502157375,411.9140625,417.06725,0.950423625,413.628,8.246075,0.940731313,0.84351025,6.029205625,4.46108375,1499.9875,0.972992,0.0270075,0,1140.331875,4.99958,17402.23125,14721.99375,44.937,45.437,45.183125,45.5,46.784875,1454.6075,40.38,0,118.7,0,1140.3652,-1.97230769,-13.36153844,17401.744,15,1784912304,00:58:24,1784912304,1784912303,2,0.974,0.055,-37.371,-3.161,378,7,0.44,0.03,-7.2338714,34.5074723,6.573839613,0,0.9569224,-0.182273414,0.041934963,0,0,2,0/2,2.95346,2.73193,0.108208,0.101285,0.0729757,0.053528,27669.7,18568.5,31796,22499.7,39711.4,28981.1,45671.4,32948.8,1.67255,2.66733,0.189938,0,28.4035,999.9,40.807,33.395,20.6072,26.8906,92.9247,3,0.121829,0,20.3061,5.21669,12.0279,4.95965,3.301,9999,7162.5,9999,129.3,4.97361,1.87294,1.87082,1.87237,1.87286,1.87378,1.87326,1.87775,0,0,0,0,11111111,oooooooo,on,on,on,on,0,100,100,-37.371,-3.1611,-37.371,0,0,0,-3.161191,0,0,0,-1,-1,-1,-1,63.2,63.2,0.155029,4.99756,2.64526,2.7356,2.8479,2.24365,35.7544,14.5173,2,395.392,1331.74,29.339,28.9642,30.0003,28.7734,28.6555,-1,40,10,-999.9,400,20,99.928,86.5199
71,1784916213,8637,20260725 02:03:33,02:03:33,15,,1784916205,0.00071478,0.714780073,1.967321972,375.97825,191.7586337,19.63485059,38.49775429,0.018936999,1.929433077,0.018834346,0.011780643,287.4236257,33.55074733,31.69711875,4.693831073,19.8694797,0.914321888,4.601639811,3.779509185,-31.52180123,-36.32754367,-4.249871748,215.324409,-0.072914387,0.778726071,1.967321972,379.962753,377.6953636,-0.123776823,66.75362533,0.714780073,7.688094413,8.8747,-0.007179486,78.43,0,0,1,0,25721.41584,RECT-7-20260501-00_41_31,10045.8,693.115,1861.02,0.627561767,-1,MPF-71-20260725-02_01_05,10324.4,1134.0764,1174.55,0.034458814,0.5,1261.2174,1.967321972,21.73002791,0.002352744,0.584453621,569.2128116,-,0,569.2128116,0.515377965,0.066861248,0.531402833,0.08406867,0.587778972,0.033558832,0.966441168,71,290,1174.55,75,10324.4,1171.39,3.16,300,24.2,1159.953845,2.03770687,11.80870941,1.858070333,0.59058716,-0.007271261,290,1186.5,885,10252.8,1171.47,15.03,,,,,,,,,,,,,,1500.0075,1261.2174,0.840807396,0.191614792,6,0.5,0: Broadleaf,2,TRUE,1784916205,375.97825,376.3278125,8.929485625,7.70247375,413.34925,12.0906625,377.3911875,102.2935625,0.100004919,31.34788125,31.69711875,999.9,0,0,4997.65875,0,17.1949125,-0.34944095,379.365875,379.2489375,1.227010625,376.3278125,7.70247375,0.913428938,0.787913563,5.60398,3.49131375,1500.0075,0.9729945,0.027005213,0,1134.14,4.99958,17315.075,14722.20625,45.062,45.625,45.3316875,45.687,46.937,1454.6375,40.37,0,118.7,0,1134.0764,-3.327692292,-61.96923085,17313.708,15,1784912304,00:58:24,1784912304,1784912303,2,0.974,0.055,-37.371,-3.161,378,7,0.44,0.03,0.07433099,-14.02800254,1.605447507,0,1.216817143,0.055515584,0.029548168,1,1,2,1/2,2.95509,2.73192,0.101593,0.0948786,0.0711084,0.0507039,27874.2,18705,31795.3,22504.9,39790.4,29076.9,45669.9,32959.6,1.67555,2.67,0.191245,0,28.5997,999.9,39.58,33.385,19.9758,26.8907,72.48,3,0.125874,0,20.3062,5.21729,12.0279,4.95975,3.301,9999,7162.5,9999,129.3,4.97362,1.87299,1.87077,1.8724,1.87286,1.87378,1.87326,1.87775,0,0,0,0,11111111,oooooooo,on,on,on,on,0,100,100,-37.371,-3.1612,-37.371,0,0,0,-3.161191,0,0,0,-1,-1,-1,-1,65.2,65.2,0.155029,4.99756,2.64526,2.7356,2.8479,2.27905,35.7777,14.5085,2,397.24,1336.62,29.4981,29.0172,30.0002,28.8178,28.7002,-1,40,10,-999.9,400,20,99.9253,86.5447
72,1784916333,8757,20260725 02:05:33,02:05:33,15,,1784916325,0.000725696,0.725696083,1.90696437,370.4294375,190.6165278,19.51774036,37.92926913,0.018867165,1.929964401,0.018765294,0.011737415,287.4225569,33.71692028,31.86779375,4.739467694,19.12207614,0.88853573,4.646648845,3.850931964,-32.00319725,-36.27706946,-4.249948523,214.8923417,2.637605614,0.754591096,1.90696437,378.9290841,374.6170364,0.176840208,66.75362533,0.725696083,7.474374662,8.640762667,-0.002881048,78.43,0,0,1,0,25720.19797,RECT-7-20260501-00_41_31,10045.8,693.115,1861.02,0.627561767,-1,MPF-72-20260725-02_03_05,10323.2,1127.1692,1166.9,0.034048162,0.5,1261.212675,1.90696437,21.47098661,0.002304896,0.594841032,567.4100927,-,0,567.4100927,0.513745743,0.066274343,0.536575977,0.08385829,0.594329162,0.0333621,0.9666379,72,290,1166.9,75,10323.2,1164.59,2.31,300,24.2,1152.620713,2.163578072,12.35589805,1.972583371,0.583552607,-0.007270676,290,1180.02,885,10251.4,1164.67,15.35,,,,,,,,,,,,,,1500.001875,1261.212675,0.840807399,0.191614798,6,0.5,0: Broadleaf,2,TRUE,1784916325,370.4294375,375.061,8.677725625,7.490048125,407.8004375,11.8389125,377.9020625,102.2926875,0.100009438,31.5191375,31.86779375,999.9,0,0,4999.923125,0,17.67314375,-4.63146125,373.672,377.89125,1.18767875,375.061,7.490048125,0.8876675,0.766176688,5.192290625,3.095550625,1500.001875,0.972997625,0.027002338,0,1127.270625,4.99958,17215.6125,14722.175,45.25,45.8435,45.562,45.937,47.128875,1454.631875,40.37,0,118.7,0,1127.1692,-2.522307674,-33.59999994,17214.728,15,1784912304,00:58:24,1784912304,1784912303,2,0.974,0.055,-37.371,-3.161,378,7,0.44,0.03,-4.230587,-9.351444812,0.966637269,0,1.176621,0.126597293,0.024126907,0,0,2,0/2,2.95584,2.73207,0.101047,0.0950346,0.0700366,0.0492196,27888.8,18703.4,31793,22507,39833.7,29126.3,45666.7,32964.2,1.67663,2.66537,0.196382,0,28.6978,999.9,38.756,33.365,19.5376,26.8907,39.7756,3,0.130373,0,20.3063,5.21474,12.0279,4.9593,3.301,9999,7162.5,9999,129.3,4.9736,1.87297,1.87079,1.87236,1.87286,1.87378,1.87328,1.87775,0,0,0,0,11111111,oooooooo,on,on,on,on,0,100,100,-37.371,-3.1612,-37.371,0,0,0,-3.161191,0,0,0,-1,-1,-1,-1,67.2,67.2,0.155029,4.99756,2.64526,2.7356,2.84912,2.26807,35.801,14.4998,2,398.126,1331.12,29.6601,29.0838,30.0003,28.8724,28.7518,-1,40,10,-999.9,400,20,99.9181,86.5554
73,1784916453,8877,20260725 02:07:33,02:07:33,15,,1784916445,0.000713884,0.713883663,1.753719587,374.1875,202.8464959,20.76936708,38.31290016,0.018382633,1.93027297,0.018285927,0.011437351,287.4195761,33.86458503,31.97939375,4.769516753,18.8387871,0.88255023,4.684750804,3.886966523,-31.48226955,-32.92677729,-3.861688928,219.1488403,-0.394575697,0.782443629,1.753719587,375.5023841,375.0476121,-0.329575669,66.75362533,0.713883663,7.355770302,8.552460242,-0.008869976,78.43,0,0,1,0,25715.84665,RECT-7-20260501-00_41_31,10045.8,693.115,1861.02,0.627561767,-1,MPF-73-20260725-02_05_05,10332.5,1121.6348,1161.18,0.034056046,0.5,1261.199544,1.753719587,21.47573512,0.002183413,0.602697256,566.0542231,-,0,566.0542231,0.512518108,0.066448474,0.54043127,0.084486556,0.599226821,0.03353448,0.96646552,73,290,1161.18,35,10332.5,1158.93,2.25,300,24.2,1145.459106,2.264545441,13.91430485,2.064410478,0.618678042,-0.007270124,290,1173.65,895,10250.2,1159.03,14.62,,,,,,,,,,,,,,1499.98625,1261.199544,0.840807404,0.191614807,6,0.5,0: Broadleaf,2,TRUE,1784916445,374.1875,374.0260625,8.619531875,7.389345,411.5585,11.780725,378.3324375,102.2895625,0.100015344,31.6629875,31.97939375,999.9,0,0,5001.36625,0,17.97415,0.161500912,377.4409375,376.8104375,1.230188125,374.0260625,7.389345,0.8816885,0.75585325,5.09513125,2.904031875,1499.98625,0.972999813,0.027000369,0,1121.674375,4.99958,17161.11875,14722.0125,45.437,46,45.687,46.1210625,47.312,1454.62375,40.37,0,118.7,0,1121.6348,-2.15846154,-10.13076921,17161.26,15,1784912304,00:58:24,1784912304,1784912303,2,0.974,0.055,-37.371,-3.161,378,7,0.44,0.03,-0.216442721,6.686276788,0.832310664,0,1.2182635,0.17111594,0.029219146,0,0,2,0/2,2.95627,2.73201,0.101051,0.094167,0.069626,0.0487924,27886.9,18721.8,31791.2,22507.8,39849,29140.9,45664.1,32966,1.6775,2.66453,0.190932,0,28.8841,999.9,38.463,33.355,19.3791,26.8308,4.51923,3,0.133651,0,20.3062,5.21729,12.0279,4.95965,3.301,9999,7162.5,9999,129.4,4.97363,1.87296,1.87077,1.87237,1.87286,1.87377,1.87327,1.87775,0,0,0,0,11111111,oooooooo,on,on,on,on,0,100,100,-37.371,-3.1612,-37.371,0,0,0,-3.161191,0,0,0,-1,-1,-1,-1,69.2,69.2,0.155029,4.99756,2.64526,2.7356,2.8479,2.23755,35.801,14.456,2,398.846,1330.76,29.7981,29.1368,30,28.9163,28.7911,-1,40,10,-999.9,400,20,99.9125,86.5593
74,1784916573,8997,20260725 02:09:33,02:09:33,15,,1784916565,0.00063591,0.63590952,2.034182771,366.1508125,149.3478073,15.29144933,37.48951322,0.016286932,1.92980867,0.016210952,0.010138642,287.4186698,33.89060924,31.97536875,4.768430118,18.41449417,0.862475553,4.683677681,3.905954565,-28.04360985,-32.92015771,-3.861688273,222.593214,1.944669647,0.675541126,2.034182771,372.4199943,369.1460545,0.002918604,66.75362533,0.63590952,7.440357546,8.43170897,0.001148528,78.43,0,0,1,0,25704.70016,RECT-7-20260501-00_41_31,10045.8,693.115,1861.02,0.627561767,-1,MPF-74-20260725-02_07_05,10326.9,1116.8544,1156.52,0.034297375,0.5,1261.195832,2.034182771,21.62785312,0.002405798,0.609155051,564.9445448,-,0,564.9445448,0.511513381,0.067050787,0.543564032,0.085595969,0.603216871,0.033916665,0.966083335,74,290,1156.52,55,10326.9,1153.76,2.76,300,24.2,1141.524895,2.336649645,12.63078455,2.130064072,0.556696476,-0.007269846,290,1168.98,885,10249.7,1153.85,15.13,,,,,,,,,,,,,,1499.981875,1261.195832,0.840807381,0.191614762,6,0.5,0: Broadleaf,2,TRUE,1784916565,366.1508125,369.6305625,8.423585625,7.3602225,403.5218125,11.584775,377.9615625,102.2881875,0.099986831,31.65895,31.97536875,999.9,0,0,4999.491875,0,19.253725,-3.47981125,369.26125,372.371375,1.063362563,369.6305625,7.3602225,0.861633313,0.752863938,4.76537875,2.847759375,1499.981875,0.972999813,0.027000356,0,1116.931875,4.99958,17096.6375,14721.96875,45.5,46.00775,45.75,46.125,47.3631875,1454.620625,40.36875,0,118.7,0,1116.8544,-1.444615388,-41.80769216,17096.204,15,1784912304,00:58:24,1784912304,1784912303,2,0.974,0.055,-37.371,-3.161,378,7,0.44,0.03,-3.338461,-3.173808722,0.421896105,0,1.0999118,-0.817435038,0.080234202,0,0,2,0/2,2.9556,2.7321,0.100007,0.093985,0.0691235,0.0495152,27918.4,18724.9,31790.3,22507.1,39869.2,29117.4,45662.5,32964.5,1.67575,2.66475,0.19503,0,28.7998,999.9,38.463,33.334,19.3565,26.8608,-31.5304,3,0.135724,0,20.3061,5.21804,12.0281,4.9597,3.301,9999,7162.5,9999,129.4,4.97359,1.87295,1.8708,1.87238,1.87286,1.87376,1.87326,1.87775,0,0,0,0,11111111,oooooooo,on,on,on,on,0,100,100,-37.371,-3.1612,-37.371,0,0,0,-3.161191,0,0,0,-1,-1,-1,-1,71.2,71.2,0.155029,4.99756,2.64526,2.73438,2.8479,2.22534,35.7777,14.4472,2,398.075,1331.68,29.8362,29.1663,30.0002,28.9441,28.8171,-1,40,10,-999.9,400,20,99.9092,86.5558
75,1784916693,9117,20260725 02:11:33,02:11:33,15,,1784916685,0.00068167,0.681670065,1.408561588,372.077625,223.866342,22.92005243,38.09433163,0.01747364,1.929960031,0.017386223,0.010874207,287.4193444,33.93270982,32.028375,4.782757572,18.71636531,0.879590645,4.699580448,3.903166927,-30.06164987,-32.221066,-3.781482539,221.355146,3.143010974,0.741448227,1.408561588,377.7756088,375.5350303,-0.001446701,66.75362533,0.681670065,7.389727351,8.533316424,-0.008557281,78.43,0,0,1,0,25703.63484,RECT-7-20260501-00_41_31,10045.8,693.115,1861.02,0.627561767,-1,MPF-75-20260725-02_09_05,10317,1112.378846,1151.41,0.033898571,0.5,1261.200825,1.408561588,21.37645298,0.001909737,0.616296541,563.7224388,-,0,563.7224388,0.510406859,0.066414803,0.54699093,0.085166004,0.607592227,0.033657162,0.966342838,75,290,1151.41,95,10317,1149.11,2.3,300,24.2,1137.290079,2.049203608,12.1962539,1.867980403,0.603564004,-0.007269558,290,1163.27,855,10250.7,1149.19,14.08,,,,,,,,,,,,,,1499.988125,1261.200825,0.840807207,0.191614413,6,0.5,0: Broadleaf,2,TRUE,1784916685,372.077625,377.5004375,8.591199375,7.425266875,409.448625,11.7523875,378.2783125,102.28275,0.10000315,31.7187,32.028375,999.9,0,0,5000.390625,0,19.8167,-5.422599375,375.3019375,380.32425,1.16593375,377.5004375,7.425266875,0.878732313,0.759477375,5.0469825,2.9712675,1499.988125,0.97300075,0.026999525,0,1112.409375,4.99958,17063.54375,14722.05,45.562,45.9881875,45.800375,46.069875,47.375,1454.628125,40.36,0,118.5,0,1112.378846,-0.279316242,62.78632489,17064.15,15,1784912304,00:58:24,1784912304,1784912303,2,0.974,0.055,-37.371,-3.161,378,7,0.44,0.03,-5.0019075,5.853249474,1.717726811,0,1.12667555,0.696268466,0.082203425,0,0,2,0/2,2.95561,2.73191,0.101219,0.0991149,0.0695301,0.0489805,27880.3,18619.1,31789.9,22507.4,39851.3,29134.5,45662.1,32965.3,1.67577,2.6658,0.194445,0,28.8593,999.9,38.512,33.314,19.3606,26.8009,-68.1851,3,0.137957,0,20.3062,5.21924,12.0279,4.9597,3.301,9999,7162.5,9999,129.4,4.97361,1.87291,1.87077,1.8724,1.87286,1.87375,1.87328,1.87775,0,0,0,0,11111111,oooooooo,on,on,on,on,0,100,100,-37.371,-3.1612,-37.371,0,0,0,-3.161191,0,0,0,-1,-1,-1,-1,73.2,73.2,0.155029,4.99756,2.64526,2.7356,2.8479,2.24487,35.7311,14.4385,2,398.232,1333.73,29.8922,29.1936,30.0001,28.9691,28.8405,-1,40,10,-999.9,400,20,99.9081,86.5576
76,1784916813,9237,20260725 02:13:33,02:13:33,15,,1784916805,0.000698232,0.698231742,1.649049188,376.6666875,208.1613925,21.31131714,38.56268992,0.017673434,1.929970043,0.017584013,0.010998004,287.4212444,34.00515274,32.11348125,4.805839967,18.06737322,0.852897834,4.720652103,3.952942133,-30.79201984,-32.86698444,-3.860381276,219.9018589,1.313314359,0.617955677,1.649049188,380.721167,379.3736545,-0.180890618,66.75362533,0.698231742,7.278873851,8.366932121,0.001239843,78.43,0,0,1,0,25697.38435,RECT-7-20260501-00_41_31,10045.8,693.115,1861.02,0.627561767,-1,MPF-76-20260725-02_11_05,10307.7,1108.3912,1146.87,0.033551144,0.5,1261.209225,1.649049188,21.15750588,0.002100404,0.622694813,562.6319997,-,0,562.6319997,0.509419551,0.065861515,0.550028189,0.084800829,0.61147953,0.033432055,0.966567945,76,290,1146.87,135,10307.7,1144.56,2.31,300,24.2,1129.76327,1.487949001,15.24886959,1.356311188,0.81865611,-0.007269599,290,1159.14,895,10249,1144.64,14.5,,,,,,,,,,,,,,1499.998125,1261.209225,0.840807201,0.191614402,6,0.5,0: Broadleaf,2,TRUE,1784916805,376.6666875,379.1194375,8.33080375,7.358625,414.0376875,11.4919875,378.20675,102.2788125,0.100004631,31.7976,32.11348125,999.9,0,0,5000.625,0,18.574675,-2.4527275,379.8310625,381.930125,0.972178063,379.1194375,7.358625,0.8520645,0.752631375,4.60548125,2.8434325,1499.998125,0.973002,0.0269984,0,1108.415,4.99958,16986.54375,14722.1375,45.569875,46,45.812,46.125,47.437,1454.638125,40.36,0,118.9000001,0,1108.3912,-0.877692301,-18.61538468,16985.66,15,1784912304,00:58:24,1784912304,1784912303,2,0.974,0.055,-37.371,-3.161,378,7,0.44,0.03,-3.9669645,29.65220995,2.880572745,0,0.93762345,0.756424105,0.083361472,0,0,2,0/2,2.95584,2.73192,0.101816,0.0943238,0.0687724,0.0477796,27862.3,18720.8,31790.6,22510.7,39884.8,29176.7,45663,32971.5,1.67598,2.66075,0.193305,0,28.974,999.9,37.999,33.284,19.0715,26.8309,-100,3,0.138554,0,20.3061,5.21849,12.0279,4.9597,3.301,9999,7162.5,9999,129.5,4.97357,1.87289,1.87074,1.87241,1.87286,1.87378,1.87325,1.87775,0,0,0,0,11111111,oooooooo,on,on,on,on,0,100,100,-37.371,-3.1612,-37.371,0,0,0,-3.161191,0,0,0,-1,-1,-1,-1,75.2,75.2,0.155029,4.99756,2.64526,2.73438,2.8479,2.2522,35.6613,14.4035,2,398.438,1326.79,29.9557,29.2137,30.0001,28.9863,28.8553,-1,40,10,-999.9,400,20,99.9102,86.5725
77,1784917329,9752.9,20260725 02:22:09,02:22:09,15,,1784917321,-0.000108427,-0.108427309,-5.755125309,790.6109333,-2500.883033,-256.0627538,80.94981254,-0.002750637,1.930028339,-0.002752817,-0.001720315,287.423974,32.68819978,30.72870667,4.442062468,11.77614346,0.506650423,4.302345879,3.935412045,4.781644332,-58.08512053,-6.721596674,227.3989011,-6.593549602,-0.093951746,-5.755125309,783.8429819,793.7134424,-0.107880917,66.75322384,-0.108427309,5.100681264,4.931351758,-5.75268E-05,78.43,0,0,1,0,25836.36029,RECT-7-20260501-00_41_31,10045.8,693.115,1861.02,0.627561767,-1,MPF-77-20260725-02_19_41,10386.5,2.903864,0.4,-6.25966,0.5,1261.21894,-5.755125309,-3947.400876,-0.003770262,4651.55,0.399855185,-,0,0.399855185,0.000362038,-17290.07325,0.999999922,0.003614566,1.593126153,-2380.802075,2381.802075,77,290,0.4,55,10386.5,0.15,0.25,300,24.1,-1.227712731,1.267942886,1.426476877,1.162700793,0.051014661,-0.007312059,290,0.53,865,10312,0.16,0.37,,,,,,,,,,,,,,1500.009333,1261.21894,0.840807395,0.19161479,6,0.5,0: Broadleaf,2,TRUE,1784917321,790.6109333,780.1166,4.948292667,5.095429333,827.9819333,8.109484,381.2245333,102.2889333,0.100003027,30.17047333,30.72870667,999.9,0,0,5000.374,0,0.5202038,10.494306,794.5426667,784.1122667,-0.147137,780.1166,5.095429333,0.5061552,0.521205667,-2.622665333,-2.227290667,1500.009333,0.9729972,0.027002947,0,2.95642,4.99958,128.807,14722.24,44.562,45.562,45.2374,45.25,46.5124,1454.639333,40.37,0,514.7,0,2.903864,0.659346143,-9.73461535,128.75536,15,1784912304,00:58:24,1784912304,1784912303,2,0.974,0.055,-37.371,-3.161,378,7,0.44,0.03,10.560437,-1.803020752,0.391158059,0,-0.1399889,-0.143552211,0.015670955,0,0,2,0/2,2.95841,2.73195,0.166764,0.160694,0.0523011,0.0362698,25888.7,17395.9,31838.4,22569.5,40659.3,29617.8,45734.3,33068,1.69142,2.67817,0.214882,0,27.2048,999.9,31.242,33.073,15.4945,26.7411,-100,3,0.0713872,0,20.3075,5.22088,12.0279,4.95975,3.301,9999,7162.5,9999,129.6,4.97356,1.87291,1.87075,1.87231,1.87286,1.87377,1.87328,1.87775,0,0,0,0,11111111,oooooooo,on,on,on,on,0,100,100,-37.371,-3.1612,-37.371,0,0,0,-3.161191,0,0,0,-1,-1,-1,-1,83.8,83.8,0.153809,4.99756,2.64526,2.73438,2.8479,2.22656,35.1516,14.3159,2,403.299,1339.8,29.3839,28.5123,29.9985,28.4066,28.3187,-1,40,10,-999.9,400,20,100.064,86.8149