obs,time,elapsed,date,hhmmss,averaging,kam,TIME,E,Emm,A,Ca,Ci,Pci,Pca,gsw,gbw,gtw,gtc,Rabs,TleafEB,TleafCnd,SVPleaf,RHcham,VPcham,SVPcham,VPDleaf,LatHFlux,SenHFlux,NetTherm,EBSum,Asty,Esty,Adyn,Crd,Csd,dCsd/dt,αVc,Edyn,Hr,Hs,dHs/dt,αVh,Leak,LeakPct,CorrFact,CorrFactPct,Fan,Qin,Qabs,alpha,convert,S,K,Geometry,Custom,UseDynamic,TIME,CO2_s,CO2_r,H2O_s,H2O_r,CO2_a,H2O_a,Flow,Pa,ΔPcham,Tair,Tleaf,Tleaf2,Offset,Offset2,Fan_speed,Qamb_in,Qamb_out,ΔCO2,CO2_s_d,CO2_r_d,ΔH2O,CO2_b,H2O_b,e_s,e_r,Td_s,Td_r,Q,f_red,f_blue,f_farred,F,Q_modavg,F_dc,Pc,Tled,TDigital,TPreamp,TPwrSpy,TDrive,Q_red,Q_blue,Q_farred,TSPF,state,time,hhmmss,co2_t,h2o_t,count,co2_adj,h2o_adj,co2_match,h2o_match,co2_at,h2o_at,co2_cv,h2o_cv,ΔCO2:MN,ΔCO2:SLP,ΔCO2:SD,ΔCO2:OK,ΔH2O:MN,ΔH2O:SLP,ΔH2O:SD,ΔH2O:OK,Stable,Total,State,Vflow,VPchamber,abs_c_a,abs_c_b,abs_h_a,abs_h_b,Wc_s,Wc_r,Wco_s,Wco_r,Ww_s,Ww_r,Wwo_s,Wwo_r,Flow_s_v,Flow_r_v,Tleaf_mv,Tleaf2_mv,Tleaf_j,Tleaf2_j,Console_RH,Console_T,Console_H2O,Fan_%,Flow_%,Pump,Tchp_pwm,Txchg_pwm,diag_20v,diag_5_4v,diag_12v,diag_5va,diag_3_3vf,AccH2O_des,CO2_hrs,AccH2O_hum,AccCO2_soda,ADC_CH1,ADC_CH2,ADC_CH3,ADC_CH4,ADC_CH5,ADC_CH6,ADC_CH7,ADC_CH8,DAC_1,DAC_2,DAC_3,DAC_4,GPIO,GPIO_dir,excit_5v,power_12v,power_5v,ch1_pullup,AuxPower,MatchValveR,MatchValveS,MatchCO2,MatchH2O,cf_co2_a,cf_co2_b,cf_co2_c,cf_co2_d,cf_h2o_a,cf_h2o_b,cf_h2o_c,cf_h2o_d,co2_fit_low,co2_fit_high,h2o_fit_low,h2o_fit_high,co2_elapsed,h2o_elapsed,CO2_f,CO2_f_s,Pump_f,Pump_f_s,Pump_p,Pump_p_s,Tboard,V_system,DIAG,Flow_s,Flow_r,Txchg,Tirga,Tchopper,Ts,Tr,CO2_%,Desiccant_%,Humidifier_%,Txchg_sp,CO2_r_sp,H2O_r_sp,SS_s,SS_r
1,1786545524,0,20260812 22:38:44,22:38:44,15,,1786545516,0.000705323,0.705322807,1.682388022,370.471372,239.5972408,24.32875503,37.61774228,0.023383929,1.389233746,0.023167445,0.014498936,287.4352313,34.5047851,32.47366875,4.904606594,41.16014553,1.917100812,4.657662862,2.987505782,-31.10473578,-68.36868298,-11.16264878,176.7991637,-3.189832757,0.736605729,1.682388022,368.1762958,371.2994606,-0.959348965,60.8541089,0.705322807,17.85017941,18.84900061,-0.001323801,69.65,61,15,1.004804863,0.480486256,25512.94479,1500.024375,1261.235775,0.840810187,0.191620374,6,0.5,0: Broadleaf,2,TRUE,1786545516,370.5109375,366.3598125,18.8802125,17.85135625,384.7445,19.221375,419.40325,101.4401875,0.1000262,31.560825,32.47366875,999.9,0,0,5001.71875,0,55.11268125,4.151225875,377.6408125,373.0185625,1.028881875,366.3598125,17.85135625,1.91521125,1.810841875,16.76023125,15.8807,1500.024375,0.972992875,0.027007094,0,3.1384375,0,29144.3125,12844.05625,41.933125,43.9409375,42.937,42.511625,42.0155,1459.514375,40.51,0,1786545520,0,1786545502,22:38:22,1786545502,1786545491,1,-2.061,-0.989,-14.234,-0.341,383,18,0.37,0.03,3.7154003,14.68727468,1.952409391,0,0.917829165,1.624844901,0.257474228,0,0,2,0/2,2.99563,2.7595,0.087766,0.0858648,0.0958184,0.0898973,32444,23335.8,33665.5,25803.7,38861.9,31791.6,49161.3,40315.6,1.71965,2.7041,0.230242,0,28.7244,999.9,75.43,28.893,29.7214,29.0046,-100,3,0.108532,0,20.2436,5.20516,11.9556,4.96975,3.294,9999,153,9999,7168.5,4.97359,1.87286,1.87073,1.87231,1.8728,1.87377,1.87319,1.87775,0,0,0,0,11111111,oooooooo,on,on,on,on,0,100,100,-14.234,-0.3411,-14.23363636,0,0,0,-0.34115,0,0,0,-1,-1,-1,-1,0.4,0.6,0.157471,4.99756,2.64526,2.72339,2.8479,2.2168,32.4875,15.9007,2,344.141,1268.44,29.5691,28.9539,30.0012,28.8369,28.7757,-1,40,10,-999.9,400,20,102.174,94.6205
2,1786545656,132,20260812 22:40:56,22:40:56,15,,1786545648,0.000410429,0.410429153,1.479605341,382.4780273,192.3304331,19.53259174,38.8434999,0.013504903,1.38854104,0.013432355,0.008401707,287.43228,34.78145425,32.53326,4.921116206,40.98184172,1.922555985,4.691238617,2.998560221,-18.09992567,-63.3217517,-10.35325556,195.6573471,0.466547653,0.409286907,1.479605341,392.4119534,389.9489879,0.050531626,60.8541089,0.410429153,18.38279532,18.96111697,0.000119213,69.65,62,15,1.004890056,0.489005647,25481.58036,1500.012,1261.22508,0.840809994,0.191619987,6,0.5,0: Broadleaf,2,TRUE,1786545648,382.5128667,383.4058,18.93072,18.35606,396.7464667,19.27186,417.1654,101.4574667,0.100001027,31.68738,32.53326,999.9,0,0,4997.459333,0,76.60364667,-0.892935933,389.8937333,390.5751333,0.574656667,383.4058,18.35606,1.920664,1.86236,16.80502,16.32024,1500.012,0.972998067,0.027001733,0,2.409,0,25361.63333,12843.96667,41.937,43.9916,42.937,42.583,42.00413333,1459.512,40.5,0,1786545652,0,1786545502,22:38:22,1786545502,1786545491,1,-2.061,-0.989,-14.234,-0.341,383,18,0.37,0.03,-2.11305215,19.73733947,3.861246779,0,0.5882791,-0.237791188,0.025890245,0,0,2,0/2,2.99263,2.75943,0.0910806,0.0874807,0.0962305,0.0918142,32302.3,23276.8,33642.4,25785.5,38822.7,31698.7,49131.7,40289.1,1.7073,2.7024,0.243135,0,28.606,999.9,75.803,29.054,30.1419,29.1546,-100,3,0.133034,0,20.2441,5.20486,11.956,4.9697,3.294,9999,153.1,9999,7168.5,4.97358,1.87286,1.87067,1.87225,1.87282,1.87378,1.87318,1.87774,0,0,0,0,11111111,oooooooo,on,on,on,on,0,100,100,-14.234,-0.3411,-14.23363636,0,0,0,-0.34115,0,0,0,-1,-1,-1,-1,2.6,2.8,0.15625,4.99756,2.64526,2.72461,2.8479,2.22534,32.5982,15.892,2,340.037,1272.32,29.6397,29.2968,30.0006,29.1466,29.0597,-1,40,10,-999.9,400,20,102.109,94.5565
3,1786545776,252,20260812 22:42:56,22:42:56,15,,1786545768,0.000429614,0.429614104,2.272989724,395.0956894,120.0243385,12.18949439,40.12533413,0.013931022,1.388204196,0.013853819,0.008665538,287.4306333,34.97582321,32.79970667,4.995527631,41.17027941,1.95389794,4.745894289,3.041629691,-18.945982,-67.95500614,-11.13924457,189.3904006,0.56906761,0.448598598,2.272989724,406.7846836,402.2632,0.204913911,60.8541089,0.429614104,18.62523569,19.23141879,-0.000135403,69.65,61,15,1.00481591,0.481591005,25454.69907,1500.003333,1261.2178,0.840809998,0.191619996,6,0.5,0: Broadleaf,2,TRUE,1786545768,395.1492667,396.2174667,19.23913333,18.6102,409.3828667,19.58028,417.6766,101.4585333,0.09998834,31.89171333,32.79970667,999.9,0,0,4995.75,0,58.71529333,-1.068009033,402.9008,403.7308,0.628921467,396.2174667,18.6102,1.951974667,1.888165333,17.06005333,16.53641333,1500.003333,0.972999933,0.026999787,0,2.822666667,0,24316.98667,12843.92667,42.062,44.0496,43,42.7458,42.125,1459.503333,40.5,0,1786545772,0,1786545502,22:38:22,1786545502,1786545491,1,-2.061,-0.989,-14.234,-0.341,383,18,0.37,0.03,0.829189225,-55.99653968,5.615236114,0,0.62116115,0.02101015,0.024520055,1,1,2,1/2,2.9927,2.75953,0.0933476,0.0928378,0.0972541,0.09275,32216.6,23135.6,33637.4,25780.8,38770.6,31660.3,49125.6,40283.1,1.70777,2.69815,0.23197,0,29.0387,999.9,75.852,29.185,30.39,28.9446,-100,3,0.138735,0,20.2442,5.20471,11.956,4.9697,3.294,9999,153.1,9999,7168.5,4.97359,1.87287,1.87072,1.8723,1.87285,1.87377,1.87321,1.87775,0,0,0,0,11111111,oooooooo,on,on,on,on,0,100,100,-14.234,-0.3411,-14.23363636,0,0,0,-0.34115,0,0,0,-1,-1,-1,-1,4.6,4.8,0.15625,4.99756,2.64526,2.72339,2.8479,2.23267,32.6869,15.8832,2,340.919,1268.59,29.7759,29.3924,30.0002,29.2626,29.1727,-1,40,10,-999.9,400,20,102.096,94.5412
4,1786545896,372,20260812 22:44:56,22:44:56,15,,1786545888,0.000427813,0.427812818,5.298316665,403.7165797,-219.0533706,-22.2462809,41.00001936,0.013778379,1.390114564,0.013702957,0.00857109,287.4336733,35.1443476,32.97108667,5.043905201,41.37780607,1.982955878,4.792317588,3.060949323,-18.86654528,-68.00555417,-11.15099715,189.4105767,17.16803925,0.395003786,5.298316665,455.1103988,429.3296788,3.088210964,60.8541089,0.427812818,19.01203341,19.57022727,0.006756814,69.65,61,15,1.004808115,0.480811503,25495.769,1500.019333,1261.23124,0.84080999,0.191619979,6,0.5,0: Broadleaf,2,TRUE,1786545888,403.8412667,428.6461333,19.52565333,18.97131333,418.0749333,19.8668,417.1457333,101.4564667,0.0999752,32.06366667,32.97108667,999.9,0,0,5005.25,0,137.6618667,-24.80498,411.8837333,436.936,0.554335267,428.6461333,18.97131333,1.981006,1.924764,17.29332,16.83860667,1500.019333,0.973000667,0.026999007,0,2.471666667,0,23694.84667,12844.04,42.1374,44.125,43.0746,42.8456,42.25,1459.519333,40.5,0,1786545892,0,1786545502,22:38:22,1786545502,1786545491,1,-2.061,-0.989,-14.234,-0.341,383,18,0.37,0.03,-20.00566381,-89.8763213,10.316223,0,0.578377238,-0.356903143,0.037842751,0,0,2,0/2,2.99209,2.75944,0.0981843,0.098688,0.0985924,0.0939945,32045.1,22983.9,33637.7,25778,38709,31614.1,49126.6,40280.5,1.7075,2.69898,0.220995,0,29.3857,999.9,75.791,29.285,30.5435,29.1546,-100,3,0.138272,0,20.2441,5.20471,11.956,4.96975,3.294,9999,153.1,9999,7168.5,4.97358,1.87286,1.87072,1.87232,1.87284,1.87378,1.87322,1.87775,0,0,0,0,11111111,oooooooo,on,on,on,on,0,100,100,-14.234,-0.3412,-14.23363636,0,0,0,-0.34115,0,0,0,-1,-1,-1,-1,6.6,6.8,0.15625,4.99756,2.64526,2.72217,2.8479,2.25098,32.7758,15.8832,2,340.982,1270.76,29.9244,29.3974,30.0001,29.297,29.2152,-1,40,10,-999.9,400,20,102.097,94.5334
5,1786546016,492,20260812 22:46:56,22:46:56,15,,1786546008,0.000596788,0.596788261,1.177003588,392.8439439,277.9303391,28.22638286,39.89691662,0.019301491,1.389735495,0.019153793,0.011984296,287.4274667,35.18979916,33.05158667,5.066769294,41.68904349,2.012707671,4.827905613,3.054061624,-26.3183623,-64.21536481,-10.54331467,186.3504249,2.4048123,0.567945148,1.177003588,398.7137365,400.2437515,-0.557895881,60.8541089,0.596788261,18.99549098,19.83640424,0.000318934,69.65,60,14,1.004733027,0.473302665,25473.75541,1499.986667,1261.2038,0.840810007,0.191620014,6,0.5,0: Broadleaf,2,TRUE,1786546008,392.8716667,396.6428,19.81807333,19.01961333,407.1053333,20.1592,416.312,101.4592,0.099999867,32.19450667,33.05158667,999.9,0,0,5003.25,0,80.96263333,-3.771200667,400.8151333,404.3332667,0.798452133,396.6428,19.01961333,2.010722667,1.929712667,17.52902667,16.8791,1499.986667,0.973000467,0.026999253,0,2.893333333,0,23241.86667,12843.79333,42.2164,44.1746,43.17873333,42.92873333,42.312,1459.486667,40.5,0,1786546012,0,1786545502,22:38:22,1786545502,1786545491,1,-2.061,-0.989,-14.234,-0.341,383,18,0.37,0.03,-10.71574667,93.59110286,11.27321277,0,0.791366429,0.166243013,0.033752163,0,0,2,0/2,2.99194,2.75948,0.0927318,0.0901198,0.099609,0.0938973,32238.7,23202.2,33637.6,25777.9,38659.4,31616.2,49126.6,40280.6,1.70837,2.69945,0.213534,0,29.5954,999.9,75.021,29.406,30.4429,29.1846,-100,3,0.137721,0,20.244,5.20486,11.956,4.9696,3.294,9999,153.2,9999,7168.5,4.97359,1.87288,1.87073,1.87235,1.87284,1.87378,1.87321,1.87775,0,0,0,0,11111111,oooooooo,on,on,on,on,0,100,100,-14.234,-0.3411,-14.23363636,0,0,0,-0.34115,0,0,0,-1,-1,-1,-1,8.6,8.8,0.15625,4.99756,2.64526,2.72217,2.8479,2.24609,32.8647,15.8482,2,341.474,1271.85,30.0526,29.3974,30.0001,29.3104,29.2327,-1,40,10,-999.9,400,20,102.097,94.5335
6,1786546136,612,20260812 22:48:56,22:48:56,15,,1786546128,0.000675963,0.675963169,3.230932318,389.9707741,139.7022376,14.18826357,39.60572301,0.021964199,1.388692075,0.021773015,0.013625173,287.4294933,35.29176181,33.13394,5.090253043,42.0845987,2.048013759,4.866421023,3.042239284,-29.80997576,-59.80189664,-9.836815437,187.9808055,3.170166799,0.641714915,3.230932318,402.5171143,397.6080485,0.027366877,60.8541089,0.675963169,19.30055989,20.21051879,0.006704229,69.65,60,14,1.004740879,0.474087885,25431.76258,1499.997333,1261.21276,0.840810001,0.191620003,6,0.5,0: Broadleaf,2,TRUE,1786546128,390.047,394.9564,20.16540667,19.26332667,404.2806,20.50655333,416.2024667,101.4607333,0.10001338,32.33516667,33.13394,999.9,0,0,4998.041333,0,58.67446667,-4.909267267,398.0743333,402.7139333,0.902087267,394.9564,19.26332667,2.045997333,1.954471333,17.80486667,17.0802,1499.997333,0.973001267,0.026998393,0,1.797,0,22878.51333,12843.86667,42.312,44.25,43.25,43,42.437,1459.497333,40.5,0,1786546132,0,1786545502,22:38:22,1786545502,1786545491,1,-2.061,-0.989,-14.234,-0.341,383,18,0.37,0.03,-4.82418395,-17.33551439,3.602178143,0,0.91035465,-0.166144737,0.018571322,0,0,2,0/2,2.9922,2.75949,0.0924357,0.0943352,0.101083,0.0950395,32250,23093.3,33638.2,25776.1,38589.9,31574.6,49127.9,40279.3,1.70968,2.69813,0.205003,0,29.7968,999.9,74.716,29.537,30.5473,29.1846,-100,3,0.136159,0,20.244,5.20486,11.9554,4.9697,3.294,9999,153.2,9999,7168.5,4.97362,1.87289,1.87073,1.87233,1.87285,1.87378,1.87323,1.87775,0,0,0,0,11111111,oooooooo,on,on,on,on,0,100,100,-14.234,-0.3412,-14.23363636,0,0,0,-0.34115,0,0,0,-1,-1,-1,-1,10.6,10.8,0.15625,4.99756,2.64526,2.72217,2.8479,2.26196,32.9537,15.8394,2,342.064,1269.89,30.1775,29.3848,30.0001,29.3053,29.2327,-1,40,10,-999.9,400,20,102.099,94.529
7,1786546256,732.0999999,20260812 22:50:56,22:50:56,15,,1786546248,0.00081369,0.813690288,2.361117049,395.6178417,238.3152911,24.20276656,40.17806087,0.026884482,1.389144897,0.026598741,0.016649633,287.4301256,35.30761488,33.14736667,5.094090734,42.88703821,2.097303105,4.890295978,2.99678763,-35.88374171,-54.33334178,-8.938766697,188.2742754,-3.643554965,0.778015162,2.361117049,391.7566041,396.3004909,-1.371952203,60.8541089,0.813690288,19.52873768,20.67266667,0.00089774,69.65,59,14,1.004660391,0.466039149,25437.76127,1500.000667,1261.215559,0.840809999,0.191619999,6,0.5,0: Broadleaf,2,TRUE,1786546248,395.6735333,390.8842667,20.65133333,19.557,409.9070667,20.99248667,415.7814,101.4577333,0.100024253,32.42187333,33.14736667,999.9,0,0,5000.416667,0,48.43491333,4.789101333,404.0169333,398.6816667,1.094336,390.8842667,19.557,2.095236667,1.984207333,18.18300667,17.31886667,1500.000667,0.973001733,0.026997973,0,3.077,0,22574.32,12843.90667,42.38326667,44.312,43.312,43.0998,42.5,1459.501333,40.5,0,1786546252,0,1786545502,22:38:22,1786545502,1786545491,1,-2.061,-0.989,-14.234,-0.341,383,18,0.37,0.03,1.842441905,51.44730234,5.500525375,0,1.07509619,0.446093766,0.046748408,0,0,2,0/2,2.99166,2.75945,0.0919093,0.0889316,0.102839,0.0956993,32267.6,23227,33637,25771.6,38504.9,31545.1,49126.7,40273.3,1.70935,2.69832,0.205468,0,29.8313,999.9,74.661,29.668,30.7556,28.7046,-100,3,0.136087,0,20.244,5.20366,11.956,4.9694,3.294,9999,153.2,9999,7168.5,4.97359,1.87289,1.87073,1.87234,1.87285,1.87375,1.8732,1.87775,0,0,0,0,11111111,oooooooo,on,on,on,on,0,100,100,-14.233,-0.3412,-14.23363636,0,0,0,-0.34115,0,0,0,-1,-1,-1,-1,12.6,12.8,0.15625,4.99756,2.64526,2.72217,2.8479,2.24121,33.0652,15.8307,2,341.895,1270.18,30.2704,29.3823,30,29.3029,29.2323,-1,40,10,-999.9,400,20,102.097,94.514
8,1786546376,852.0999999,20260812 22:52:56,22:52:56,15,,1786546368,0.001058452,1.058452311,3.325355969,322.3137472,157.7139014,16.0161933,32.7316694,0.035212669,1.389750016,0.034724421,0.021746066,287.4281,35.20447946,33.13968667,5.091895282,43.01463213,2.106135712,4.896323898,2.98575957,-46.67774692,-52.14574671,-8.575728814,180.0288776,-7.014153027,1.037612393,3.325355969,316.554111,318.8825697,-1.236557086,60.8541089,1.058452311,19.22173987,20.71644727,-0.00034715,69.65,59,14,1.004657466,0.465746585,25453.6662,1499.99,1261.2066,0.840810005,0.191620011,6,0.5,0: Broadleaf,2,TRUE,1786546368,322.3921333,312.8216,20.73944,19.28339333,336.6258,21.08061333,416.724,101.4522,0.099997767,32.44370667,33.13968667,999.9,0,0,5003.666667,0,50.26697333,9.570495333,329.2201333,318.9726667,1.456050667,312.8216,19.28339333,2.104067333,1.956346667,18.25,17.09534,1499.99,0.9730016,0.026998127,0,2.525,0,22339.84,12843.79333,42.4622,44.437,43.375,43.17046667,42.583,1459.49,40.5,0,1786546372,0,1786545502,22:38:22,1786545502,1786545491,1,-2.061,-0.989,-14.234,-0.341,383,18,0.37,0.03,10.54992048,-34.64148857,4.243457485,0,1.430519524,0.532644935,0.055398091,0,0,2,0/2,2.9918,2.75943,0.0780359,0.0755523,0.102969,0.0945523,32758.2,23569.1,33634.8,25773,38493.8,31585.6,49124,40275,1.7101,2.69688,0.197697,0,29.9069,999.9,73.092,29.789,30.3253,29.3346,-100,3,0.138847,0,20.2442,5.20441,11.956,4.9697,3.294,9999,153.3,9999,7168.5,4.97358,1.87288,1.87073,1.87232,1.87281,1.87377,1.87321,1.87775,0,0,0,0,11111111,oooooooo,on,on,on,on,0,100,100,-14.234,-0.3411,-14.23363636,0,0,0,-0.34115,0,0,0,-1,-1,-1,-1,14.6,14.8,0.15625,4.99756,2.64526,2.72217,2.8479,2.24243,33.1545,15.8219,2,342.358,1268.46,30.3698,29.401,30.0004,29.3216,29.2502,-1,40,10,-999.9,400,20,102.091,94.5185
9,1786546496,972.0999999,20260812 22:54:56,22:54:56,15,,1786546488,0.001384193,1.384192614,2.898119144,323.1796692,209.2676284,21.25049951,32.81792532,0.046615015,1.387682108,0.045762246,0.028676722,287.4301267,34.99248493,33.02676667,5.059710173,42.93861505,2.096396484,4.882310437,2.963313689,-61.04289427,-47.42029057,-7.803944098,171.1629977,-4.478346219,1.202494803,2.898119144,316.5161396,321.1070545,-1.517037603,60.8541089,1.384192614,18.61413262,20.61946424,-0.008186803,69.65,59,14,1.004667672,0.466767156,25398.27055,1500.000667,1261.21556,0.84081,0.191619999,6,0.5,0: Broadleaf,2,TRUE,1786546488,323.2481333,317.3932667,20.64459333,18.95802,337.4818,20.98576667,416.9696,101.447,0.0999983,32.39291333,33.02676667,999.9,0,0,4993.75,0,48.74104,5.854841733,330.0620667,323.5291333,1.686594,317.3932667,18.95802,2.094332667,1.923234,18.17614,16.82463333,1500.000667,0.973001467,0.026998233,0,1.958333333,0,22115.13333,12843.88667,42.562,44.39153333,43.4916,43.0956,42.625,1459.500667,40.5,0,1786546492,0,1786545502,22:38:22,1786545502,1786545491,1,-2.061,-0.989,-14.234,-0.341,383,18,0.37,0.03,1.052050286,85.83810343,9.085018357,0,1.598680476,2.469938182,0.279625383,0,0,2,0/2,2.99211,2.75952,0.0782536,0.0743337,0.102512,0.0922492,32737.5,23597.6,33622.1,25770.7,38503.7,31664.2,49106.9,40270.2,1.7106,2.6952,0.193361,0,29.8727,999.9,70.333,29.88,29.3364,28.7946,-100,3,0.150107,0,20.2443,5.20426,11.956,4.96945,3.294,9999,153.3,9999,7168.5,4.9736,1.87288,1.87073,1.87233,1.87284,1.87378,1.87323,1.87775,0,0,0,0,11111111,oooooooo,on,on,on,on,0,100,100,-14.234,-0.3411,-14.23363636,0,0,0,-0.34115,0,0,0,-1,-1,-1,-1,16.6,16.8,0.15625,4.99756,2.64526,2.72217,2.8479,2.23633,33.244,15.8132,2,343.098,1267.75,30.4009,29.5085,30.0006,29.41,29.3289,-1,40,10,-999.9,400,20,102.054,94.5084
10,1786546616,1092.1,20260812 22:56:56,22:56:56,15,,1786546608,0.000986253,0.986253349,3.744954479,373.3802401,182.651346,18.54619803,37.91258059,0.034109691,1.388718087,0.033651,0.021072573,287.4310133,35.17777662,32.91737333,5.0286992,44.23833248,2.158086648,4.878318253,2.870612552,-43.49377269,-40.35066509,-6.63150934,196.9550662,12.74512226,0.945168567,3.744954479,399.640825,389.6166182,0.779810876,60.8541089,0.986253349,20.03029731,21.33468606,0.012297519,69.65,59,14,1.004661862,0.466186247,25429.772,1500.005333,1261.21948,0.840809997,0.191619994,6,0.5,0: Broadleaf,2,TRUE,1786546608,373.4686,392.1955333,21.25381333,19.93148667,387.7024,21.59496667,417.7610667,101.4388,0.099997493,32.37842,32.91737333,999.9,0,0,4999.25,0,49.12932667,-18.726982,381.5788667,400.1712667,1.32233,392.1955333,19.93148667,2.15596,2.021825333,18.63875333,17.61614,1500.005333,0.9730016,0.026998053,0,2.809,0,21876.74,12843.95333,42.625,44.43286667,43.5124,43.2164,42.687,1459.505333,40.5,0,1786546612,0,1786545502,22:38:22,1786545502,1786545491,1,-2.061,-0.989,-14.234,-0.341,383,18,0.37,0.03,-18.0149665,17.11386632,9.509071426,0,1.377017,-0.926981053,0.091337082,0,0,2,0/2,2.9929,2.75944,0.0907442,0.0906166,0.105328,0.0975851,32282.4,23164.9,33610.6,25751.5,38363.2,31453.2,49092.2,40244.9,1.71102,2.6908,0.189625,0,29.8381,999.9,72.494,30.011,30.4679,29.0046,-100,3,0.161031,0,20.2442,5.20381,11.956,4.9697,3.29402,9999,153.3,9999,7168.5,4.97361,1.8729,1.87073,1.87236,1.87283,1.87378,1.87326,1.87775,0,0,0,0,11111111,oooooooo,on,on,on,on,0,100,100,-14.234,-0.3412,-14.23363636,0,0,0,-0.34115,0,0,0,-1,-1,-1,-1,18.6,18.8,0.15625,4.99756,2.64526,2.72217,2.8479,2.2522,33.3559,15.7781,2,344,1263.8,30.4309,29.6551,30.0004,29.533,29.4416,-1,40,10,-999.9,400,20,102.021,94.4447
11,1786546736,1212.1,20260812 22:58:56,22:58:56,15,,1786546728,0.001021158,1.021158104,4.223069857,405.0532762,200.0622155,20.31422768,41.1289281,0.035807072,1.388251142,0.035301792,0.022108423,287.4360877,35.25233423,32.99732667,5.051348161,45.25871935,2.219319521,4.903628632,2.832028641,-45.03307241,-39.4569392,-6.492275609,196.4538005,8.080992618,1.002759265,4.223069857,428.1047512,418.5078061,0.590831633,60.8541089,1.021158104,20.4941647,21.89062788,0.005040104,69.65,58,14,1.004586321,0.458632139,25408.60168,1500.032667,1261.242381,0.840809943,0.191619885,6,0.5,0: Broadleaf,2,TRUE,1786546728,405.153,417.2506667,21.8567,20.45906667,419.3866,22.19785333,419.1074667,101.4395333,0.100018407,32.47013333,32.99732667,999.9,0,0,4996.916667,0,48.37905333,-12.09768733,414.2062667,425.9656667,1.397631333,417.2506667,20.45906667,2.217131333,2.075357333,19.08664667,18.03128,1500.032667,0.973002467,0.026997247,0,3.043666667,0,21668.13333,12844.17333,42.625,44.4916,43.50826667,43.312,42.7248,1459.534,40.498,0,1786546732,0,1786545502,22:38:22,1786545502,1786545491,1,-2.061,-0.989,-14.234,-0.341,383,18,0.37,0.03,-9.7174517,-40.30146722,6.57204605,0,1.410371,-0.213755188,0.02080356,0,0,2,0/2,2.99429,2.75944,0.0956955,0.095278,0.107393,0.0991166,32105.3,23040.7,33609.5,25745.7,38266.2,31392.7,49091.2,40237.8,1.71413,2.6903,0.195786,0,29.8371,999.9,73.739,30.132,31.2047,29.2746,-100,3,0.163427,0,20.244,5.20471,11.956,4.96965,3.294,9999,153.4,9999,7168.5,4.9736,1.87289,1.87073,1.87232,1.87284,1.87376,1.87325,1.87775,0,0,0,0,11111111,oooooooo,on,on,on,on,0,100,100,-14.233,-0.3412,-14.23363636,0,0,0,-0.34115,0,0,0,-1,-1,-1,-1,20.6,20.8,0.15625,4.99756,2.64526,2.72095,2.8479,2.24731,33.4681,15.7519,2,345.855,1264.5,30.475,29.718,30.0002,29.5973,29.5071,-1,40,10,-999.9,400,20,102.019,94.4261
12,1786546856,1332.1,20260812 23:00:56,23:00:56,15,,1786546848,0.001055146,1.055146097,6.114759639,391.4650839,108.3499709,11.00189272,39.74949715,0.036497196,1.389495591,0.035972868,0.022529523,287.43608,35.35804332,33.1518,5.095358449,45.04153619,2.224355518,4.938453939,2.871002931,-46.53194287,-41.66121726,-6.858243048,192.3846768,25.50989989,1.028967529,6.114759639,455.2879479,424.667303,3.738789911,60.8541089,1.055146097,20.5314652,21.95818,0.007781048,69.65,58,14,1.004581699,0.458169935,25434.11694,1500.032,1261.24188,0.840809983,0.191619965,6,0.5,0: Broadleaf,2,TRUE,1786546848,391.6093333,428.5639333,21.90612667,20.4711,405.8428667,22.24728,418.8356667,101.4403333,0.100005213,32.59565333,33.1518,999.9,0,0,5003,0,60.98873333,-36.95468667,400.3804667,437.5212667,1.435021333,428.5639333,20.4711,2.222162667,2.076594667,19.12297333,18.04072,1500.032,0.9730024,0.026997293,0,2.202666667,0,21473.2,12844.15333,42.687,44.562,43.5914,43.3666,42.7996,1459.532,40.5,0,1786546852,0,1786545502,22:38:22,1786545502,1786545491,1,-2.061,-0.989,-14.234,-0.341,383,18,0.37,0.03,-32.178145,-82.38500301,11.57410738,0,1.4813775,-0.749469023,0.07632409,0,0,2,0/2,2.99403,2.75945,0.0968861,0.0979765,0.107646,0.0992154,32064.4,22973.3,33610.8,25747.1,38256.2,31391.3,49093.4,40240,1.7142,2.69215,0.193,0,30.0038,999.9,73.184,30.242,31.1655,29.0346,-100,3,0.162063,0,20.2442,5.20486,11.956,4.9697,3.294,9999,153.4,9999,7168.5,4.9736,1.87289,1.87073,1.87235,1.87283,1.87378,1.87323,1.87775,0,0,0,0,11111111,oooooooo,on,on,on,on,0,100,100,-14.234,-0.3411,-14.23363636,0,0,0,-0.34115,0,0,0,-1,-1,-1,-1,22.6,22.8,0.15625,4.99756,2.64526,2.72095,2.8479,2.23999,33.5355,15.7519,2,346.005,1267.84,30.5605,29.7206,30.0002,29.6173,29.5349,-1,40,10,-999.9,400,20,102.023,94.4313
13,1786546976,1452.1,20260812 23:02:56,23:02:56,15,,1786546968,0.001166498,1.166497521,3.619551292,366.3108585,206.7280295,20.99112202,37.19512998,0.040186455,1.388067469,0.039551119,0.024775695,287.4337989,35.36184215,33.22672667,5.116825344,45.01704362,2.230417752,4.954607349,2.886407592,-51.44254069,-42.88807285,-7.07207822,186.0311072,7.56917924,1.152562737,3.619551292,383.8026564,377.483097,0.175235339,60.8541089,1.166497521,20.34388681,21.97865758,0.000355396,69.65,58,14,1.004590055,0.459005483,25388.02925,1500.02,1261.231799,0.840809989,0.191619978,6,0.5,0: Broadleaf,2,TRUE,1786546968,366.3964,377.8145333,21.96594667,20.35590667,380.63,22.30708667,418.1186,101.4398,0.099996367,32.65361333,33.22672667,999.9,0,0,4996,0,47.66248,-11.41824667,374.6253333,385.6651333,1.610036667,377.8145333,20.35590667,2.228222,2.064899333,19.16666667,17.95097333,1500.02,0.973001933,0.026997773,0,1.882333333,0,21327.67333,12844.04,42.687,44.6166,43.625,43.3162,42.812,1459.520667,40.5,0,1786546972,0,1786545502,22:38:22,1786545502,1786545491,1,-2.061,-0.989,-14.234,-0.341,383,18,0.37,0.03,-13.20345238,33.43945792,4.228151725,0,1.591061429,0.356362597,0.039046671,0,0,2,0/2,2.99325,2.75945,0.0886481,0.0888124,0.107702,0.0984376,32357.3,23207.5,33611.3,25748.1,38252.3,31418.9,49094.4,40241.3,1.71295,2.69358,0.195913,0,30.0736,999.9,72.238,30.343,30.9412,29.1546,-100,3,0.1611,0,20.244,5.20486,11.956,4.96975,3.294,9999,153.4,9999,7168.5,4.97359,1.8729,1.87073,1.87237,1.87281,1.87377,1.87324,1.87775,0,0,0,0,11111111,oooooooo,on,on,on,on,0,100,100,-14.234,-0.3412,-14.23363636,0,0,0,-0.34115,0,0,0,-1,-1,-1,-1,24.6,24.8,0.15625,4.99756,2.64526,2.72095,2.8479,2.25586,33.6029,15.7256,2,345.422,1270.12,30.6138,29.7129,30.0002,29.6205,29.5425,-1,40,10,-999.9,400,20,102.025,94.4346
14,1786547096,1572.1,20260812 23:04:56,23:04:56,15,,1786547088,0.001087293,1.087293439,4.296311813,360.0162139,161.4403036,16.39346892,36.55787609,0.037373212,1.388323491,0.036823159,0.02306322,287.4331667,35.43947217,33.21388667,5.113141038,44.77278389,2.223085193,4.965260141,2.890055845,-47.94964066,-39.08076715,-6.443877852,193.958881,14.85183823,1.051975874,4.296311813,392.5137673,379.1399515,1.221664071,60.8541089,1.087293439,20.52287149,21.96977636,0.011679331,69.65,57,14,1.00450984,0.450984044,25392.05619,1500.016667,1261.229,0.840809991,0.191619982,6,0.5,0: Broadleaf,2,TRUE,1786547088,360.1177333,381.8560667,21.89259333,20.42432,374.3514,22.23376667,418.5416,101.4450667,0.10001568,32.69174667,33.21388667,999.9,0,0,4997,0,48.07256667,-21.738508,368.1784,389.8183333,1.468294,381.8560667,20.42432,2.220895333,2.071943333,19.11381333,18.00495333,1500.016667,0.973002267,0.02699746,0,3.104,0,21180.10667,12844.04667,42.75413333,44.687,43.687,43.41633333,42.875,1459.516667,40.5,0,1786547092,0,1786545502,22:38:22,1786545502,1786545491,1,-2.061,-0.989,-14.234,-0.341,383,18,0.37,0.03,-22.32087238,29.70767532,6.433358907,0,1.527237143,-1.013311948,0.107411254,0,0,2,0/2,2.9939,2.7594,0.0890596,0.0879517,0.107709,0.0992174,32342.7,23228,33611.3,25746.5,38252.1,31389.3,49094.5,40239.7,1.7148,2.6914,0.189528,0,30.1531,999.9,71.67,30.444,30.8794,29.2146,-100,3,0.160724,0,20.2443,5.20441,11.956,4.9698,3.294,9999,153.5,9999,7168.5,4.97359,1.87295,1.87073,1.87235,1.87283,1.87378,1.87329,1.87775,0,0,0,0,11111111,oooooooo,on,on,on,on,0,100,100,-14.234,-0.3412,-14.23363636,0,0,0,-0.34115,0,0,0,-1,-1,-1,-1,26.6,26.8,0.15625,4.99756,2.64526,2.72217,2.8479,2.23267,33.693,15.7081,2,346.329,1267.02,30.673,29.7103,30.0002,29.6234,29.5476,-1,40,10,-999.9,400,20,102.025,94.43
15,1786547216,1692.1,20260812 23:06:56,23:06:56,15,,1786547208,0.001041831,1.041831006,4.171196815,398.9248154,197.6796528,20.07348619,40.50903399,0.036073627,1.389446094,0.035561288,0.02227123,287.4289067,35.50384371,33.26557333,5.127986062,45.43039981,2.261270141,4.977438347,2.866715921,-45.94474736,-39.72511394,-6.547884688,195.2111607,-4.101929095,0.981944669,4.171196815,397.120649,398.8940121,-1.358478013,60.8541089,1.041831006,20.89949585,22.31760909,0.006537184,69.65,57,14,1.004504706,0.450470567,25420.86981,1499.994667,1261.21048,0.840809976,0.191619952,6,0.5,0: Broadleaf,2,TRUE,1786547208,399.0232667,393.7260667,22.26853333,20.89724667,413.2568,22.60968,418.1509333,101.4455333,0.100002133,32.73525333,33.26557333,999.9,0,0,5002.5,0,49.70517333,5.29725,408.1111333,402.1292,1.371285333,393.7260667,20.89724667,2.259045333,2.119934,19.38728,18.36974667,1499.994667,0.973002267,0.026997453,0,2.706,0,21035.68,12843.87333,42.812,44.75413333,43.75,43.50413333,42.937,1459.496,40.49866667,0,1786547212,0,1786545502,22:38:22,1786545502,1786545491,1,-2.061,-0.989,-14.234,-0.341,383,18,0.37,0.03,0.425012,72.4792015,8.243079833,0,1.362473,0.185760902,0.023486258,0,0,2,0/2,2.99335,2.7595,0.0921492,0.0891056,0.10898,0.10039,32226.7,23191,33604.9,25738.2,38186.8,31338,49086.4,40228.4,1.7133,2.69025,0.191778,0,30.1836,999.9,72.061,30.555,31.2466,29.0346,-100,3,0.166578,0,20.2444,5.20486,11.956,4.9694,3.294,9999,153.5,9999,7168.5,4.97359,1.87288,1.87073,1.87233,1.87286,1.87378,1.87326,1.87775,0,0,0,0,11111111,oooooooo,on,on,on,on,0,100,100,-14.233,-0.3412,-14.23363636,0,0,0,-0.34115,0,0,0,-1,-1,-1,-1,28.6,28.8,0.15625,4.99756,2.64526,2.72095,2.8479,2.26196,33.7606,15.7081,2,345.854,1266.22,30.7191,29.762,30.0004,29.6668,29.5882,-1,40,10,-999.9,400,20,102.007,94.4019
16,1786547336,1812.1,20260812 23:08:56,23:08:56,15,,1786547328,0.000994018,0.994017571,4.820724899,415.7041149,174.3524055,17.70448966,42.21237547,0.034300381,1.388332285,0.033836458,0.021188945,287.4283211,35.59908653,33.33706,5.148579666,45.51873143,2.274536384,4.996923932,2.874043282,-43.8361749,-39.84795485,-6.577943362,197.166248,-1.46458658,0.955413371,4.820724899,423.9289868,420.156297,-0.566833197,60.8541089,0.994017571,21.09510666,22.44640667,0.006280214,69.65,57,14,1.004511463,0.4511463,25382.96487,1499.992,1261.208201,0.840809951,0.191619903,6,0.5,0: Broadleaf,2,TRUE,1786547328,415.8180667,414.2974667,22.39945333,21.06666,430.0516,22.7406,418.5442667,101.4442667,0.100014367,32.80467333,33.33706,999.9,0,0,4997.082667,0,183.0642667,1.520515273,425.3452,423.2131333,1.332774,414.2974667,21.06666,2.272295333,2.137094,19.48133333,18.49838,1499.992,0.9730026,0.026997033,0,3.066,0,20893.03333,12843.83333,42.875,44.854,43.812,43.6166,43,1459.494,40.49733333,0,1786547332,0,1786545502,22:38:22,1786545502,1786545491,1,-2.061,-0.989,-14.234,-0.341,383,18,0.37,0.03,-2.194613376,43.35727714,7.222522143,0,1.323562857,0.143776364,0.016177094,0,0,2,0/2,2.99397,2.75949,0.0957945,0.0936181,0.109456,0.101163,32094.8,23072.6,33602.5,25734.5,38163.6,31306.6,49083.5,40223.2,1.7146,2.6892,0.193216,0,30.2271,999.9,71.963,30.665,31.3952,29.1246,-100,3,0.169179,0,20.2442,5.20456,11.956,4.96965,3.294,9999,153.5,9999,7168.5,4.97359,1.87294,1.87073,1.87236,1.87286,1.87377,1.8733,1.87775,0,0,0,0,11111111,oooooooo,on,on,on,on,0,100,100,-14.234,-0.3411,-14.23363636,0,0,0,-0.34115,0,0,0,-1,-1,-1,-1,30.6,30.8,0.15625,4.99756,2.64526,2.72095,2.8479,2.23999,33.8509,15.6818,2,346.707,1265.46,30.7753,29.8079,30.0001,29.7065,29.6238,-1,40,10,-999.9,400,20,102.001,94.3892
17,1786547456,1932.1,20260812 23:10:56,23:10:56,15,,1786547448,0.001037162,1.037161835,4.533424337,377.9446,155.9162185,15.83204815,38.37725902,0.035079949,1.390071392,0.034595457,0.021665133,287.4303166,35.72090558,33.54364667,5.208497262,45.1824422,2.276495646,5.038451964,2.932001616,-45.73883693,-44.35089641,-7.324797138,190.0157861,5.633042295,1.002040582,4.533424337,393.9722654,387.333103,0.002104779,60.8541089,1.037161835,21.04889107,22.46216061,0.005685052,69.65,57,14,1.00450467,0.450466956,25421.07271,1500.003333,1261.217642,0.840809893,0.191619785,6,0.5,0: Broadleaf,2,TRUE,1786547448,378.0516,386.6188667,22.41924667,21.02383333,392.2850667,22.7604,419.2658667,101.442,0.100022353,32.95184,33.54364667,999.9,0,0,5005.751333,0,71.93156,-8.56723,386.7215333,394.9216,1.395429333,386.6188667,21.02383333,2.274254,2.132699333,19.49517333,18.46552,1500.003333,0.973003067,0.02699658,0,1.985666667,0,20772.93333,12843.92,42.9496,44.93286667,43.875,43.625,43.062,1459.506667,40.49466667,0,1786547452,0,1786545502,22:38:22,1786545502,1786545491,1,-2.061,-0.989,-14.234,-0.341,383,18,0.37,0.03,-10.81513095,37.70794987,4.385037753,0,1.402045714,-0.079077662,0.024860714,1,1,2,1/2,2.99488,2.75943,0.0903438,0.0902303,0.109504,0.101048,32287.4,23159,33601.7,25734.7,38159.6,31310.5,49082.5,40223.8,1.71705,2.6901,0.195146,0,30.3821,999.9,71.353,30.746,31.2752,29.3946,-100,3,0.169756,0,20.2442,5.20441,11.956,4.9695,3.294,9999,153.6,9999,7168.5,4.97359,1.87294,1.87073,1.87236,1.87286,1.87377,1.87327,1.87776,0,0,0,0,11111111,oooooooo,on,on,on,on,0,100,100,-14.234,-0.3411,-14.23363636,0,0,0,-0.34115,0,0,0,-1,-1,-1,-1,32.6,32.8,0.15625,4.99756,2.64526,2.72095,2.8479,2.24976,33.9187,15.6731,2,347.997,1267.3,30.8517,29.8259,30.0002,29.7251,29.6467,-1,40,10,-999.9,400,20,101.998,94.3904
18,1786547576,2052.1,20260812 23:12:56,23:12:56,15,,1786547568,0.001029347,1.029346574,4.610654522,375.5411609,146.3182515,14.85775839,38.13399749,0.034459562,1.387653417,0.033991129,0.021286012,287.4270733,35.86731577,33.69311333,5.25222529,45.12490739,2.291406072,5.077918615,2.960819217,-45.39418392,-45.06525194,-7.466281255,189.5013562,3.840176017,1.028407277,4.610654522,389.1351413,383.3433636,-0.16488347,60.8541089,1.029346574,21.14614602,22.5862497,0.000129482,69.65,56,13,1.004439573,0.44395728,25339.65253,1499.987333,1261.2041,0.840809834,0.191619667,6,0.5,0: Broadleaf,2,TRUE,1786547568,375.6503333,381.6793333,22.56562,21.13245333,389.8839333,22.90675333,418.9276,101.4441333,0.09998876,33.09072667,33.69311333,999.9,0,0,4993.75,0,56.50906,-6.028920667,384.3228,389.9192,1.433166667,381.6793333,21.13245333,2.289148667,2.143762,19.60024667,18.54812667,1499.987333,0.973003533,0.026996067,0,2.613333333,0,20669.94667,12843.8,43.062,45.04546667,43.9916,43.7624,43.18286667,1459.496,40.49133333,0,1786547572,0,1786545502,22:38:22,1786545502,1786545491,1,-2.061,-0.989,-14.234,-0.341,383,18,0.37,0.03,-5.222946919,-14.0748824,2.818160267,0,1.44471,-0.153596104,0.023590339,0,0,2,0/2,2.99391,2.75944,0.0897143,0.0893067,0.109955,0.101291,32308.5,23180.8,33600.6,25733,38137.7,31299.7,49081.5,40221.5,1.71545,2.68765,0.196338,0,30.5212,999.9,71.121,30.847,31.3542,29.0346,-100,3,0.171502,0,20.2441,5.20456,11.956,4.9696,3.294,9999,153.6,9999,7168.5,4.97359,1.87298,1.87073,1.87237,1.87286,1.87378,1.87328,1.87775,0,0,0,0,11111111,oooooooo,on,on,on,on,0,100,100,-14.233,-0.3412,-14.23363636,0,0,0,-0.34115,0,0,0,-1,-1,-1,-1,34.6,34.8,0.15625,4.99756,2.64526,2.71973,2.8479,2.26929,34.0092,15.6556,2,347.36,1264.21,30.9406,29.849,30.0001,29.7488,29.6696,-1,40,10,-999.9,400,20,101.996,94.3846
19,1786547696,2172.1,20260812 23:14:56,23:14:56,15,,1786547688,0.001128399,1.12839887,4.05507849,352.0099192,165.0666754,16.76109125,35.74355854,0.037682923,1.388946717,0.037124036,0.023252046,287.4289344,35.83137749,33.71684667,5.259198017,45.00661141,2.287503654,5.082594717,2.971694363,-49.76239019,-45.65687875,-7.558741763,184.4509237,-0.953402243,1.218996012,4.05507849,359.1721387,355.5984,-0.406612893,60.8541089,1.12839887,20.81842581,22.45874364,-0.00944126,69.65,56,13,1.004433232,0.443323185,25375.73619,1499.997333,1261.212481,0.840809815,0.19161963,6,0.5,0: Broadleaf,2,TRUE,1786547688,352.1058,351.362,22.52780667,20.83108,366.3391333,22.86896667,419.4504,101.4413333,0.10000568,33.10712,33.71684667,999.9,0,0,5000.25,0,56.45256,0.74369476,360.2209333,358.837,1.696732,351.362,20.83108,2.285249333,2.113131333,19.57276667,18.31848667,1499.997333,0.973004133,0.026995447,0,2.679,0,20573.64,12843.88,43.15393333,45.14566667,44.062,43.937,43.2872,1459.506,40.49066667,0,1786547692,0,1786545502,22:38:22,1786545502,1786545491,1,-2.061,-0.989,-14.234,-0.341,383,18,0.37,0.03,2.397216733,-39.01511801,4.20990042,0,1.692637143,-0.090507273,0.03479635,1,1,2,1/2,2.99437,2.75938,0.0846669,0.0840432,0.109432,0.100273,32485.4,23314.7,33598.4,25733.1,38159.8,31335.3,49078.7,40221.4,1.71655,2.68673,0.186577,0,30.6631,999.9,70.034,30.947,31.0516,29.2746,-100,3,0.17343,0,20.2441,5.20396,11.956,4.9695,3.294,9999,153.6,9999,7168.5,4.97359,1.87291,1.87073,1.87229,1.87285,1.87377,1.87322,1.87775,0,0,0,0,11111111,oooooooo,on,on,on,on,0,100,100,-14.234,-0.3411,-14.23363636,0,0,0,-0.34115,0,0,0,-1,-1,-1,-1,36.6,36.8,0.15625,4.99756,2.64526,2.71973,2.8479,2.23999,34.0771,15.6118,2,348.033,1263.41,31.0303,29.8758,30.0002,29.7735,29.6951,-1,40,10,-999.9,400,20,101.99,94.3847
20,1786547817,2293,20260812 23:16:57,23:16:57,15,,1786547809,0.001008996,1.008995557,3.553975006,373.8116758,189.526935,19.24441199,37.95653583,0.033708312,1.38873175,0.03326028,0.020827433,287.4354573,35.97018859,33.80094375,5.283970142,45.42549046,2.318964144,5.104984272,2.965005998,-44.49670407,-46.08299378,-7.636536705,189.2192227,-2.916518635,1.007397023,3.553975006,376.853373,375.8756242,-0.72983638,60.8541089,1.008995557,21.36434136,22.80858667,-0.005138452,69.65,56,13,1.004435446,0.443544576,25363.12606,1500.031875,1261.241476,0.840809783,0.191619566,6,0.5,0: Broadleaf,2,TRUE,1786547809,373.89575,370.281375,22.83811875,21.43649375,388.1295,23.17928125,419.488,101.4391875,0.100005325,33.18543125,33.80094375,999.9,0,0,4999.298125,0,78.51575625,3.6144178,382.634375,378.3929375,1.40162875,370.281375,21.43649375,2.3166825,2.174503125,19.79286875,18.775625,1500.031875,0.973004688,0.026994819,0,2.2696875,0,20472.6875,12844.16875,43.187,45.187,44.136625,43.992125,43.312,1459.54125,40.49,0,1786547813,0,1786545502,22:38:22,1786545502,1786545491,1,-2.061,-0.989,-14.234,-0.341,383,18,0.37,0.03,1.711469229,21.0475819,3.819207962,0,1.367975714,0.673267193,0.071704973,0,0,2,0/2,2.99424,2.75927,0.0880909,0.0861106,0.110741,0.101984,32362,23255.5,33596.5,25725.9,38097,31266.3,49076.3,40211.9,1.7161,2.68675,0.19604,0,30.6528,999.9,70.87,31.058,31.6232,29.1646,-100,3,0.175158,0,20.2442,5.20516,11.956,4.9693,3.294,9999,153.7,9999,7168.5,4.97359,1.87296,1.87073,1.87238,1.87286,1.87376,1.87325,1.87775,0,0,0,0,11111111,oooooooo,on,on,on,on,0,100,100,-14.233,-0.3411,-14.23363636,0,0,0,-0.34115,0,0,0,-1,-1,-1,-1,38.6,38.8,0.15625,4.99756,2.64526,2.71973,2.8479,2.26562,34.1678,15.6118,2,347.957,1263.95,31.0616,29.9032,30.0001,29.7983,29.7181,-1,40,10,-999.9,400,20,101.984,94.3607
21,1786547937,2413,20260812 23:18:57,23:18:57,15,,1786547929,0.000861002,0.861001863,4.605091732,388.741018,110.7644365,11.24668843,39.47159617,0.02800993,1.389496051,0.027699991,0.017340055,287.4311733,36.24126254,34.06153333,5.361376488,45.03481585,2.324745088,5.162106348,3.0366314,-37.97018214,-50.76335755,-8.426409174,190.2712245,12.23574398,0.863264777,4.605091732,419.5075822,406.1106121,1.154653219,60.8541089,0.861001863,21.72464365,22.92655515,0.000167264,69.65,56,13,1.004434445,0.44344447,25368.82641,1500.009333,1261.22254,0.840809795,0.19161959,6,0.5,0: Broadleaf,2,TRUE,1786547929,388.8499333,406.75,22.89554667,21.69478,403.0835333,23.2367,419.5762667,101.437,0.09999852,33.38388,34.06153333,999.9,0,0,5003.166667,0,52.55794,-17.90018,397.9615333,415.7702,1.200762667,406.75,21.69478,2.322458667,2.200656,19.83301333,18.96708667,1500.009333,0.9730058,0.02699382,0,2.622666667,0,20353.82667,12843.98,43.312,45.375,44.2872,44.062,43.4454,1459.519333,40.49,0,1786547933,0,1786545502,22:38:22,1786545502,1786545491,1,-2.061,-0.989,-14.234,-0.341,383,18,0.37,0.03,-15.49548857,-40.24684519,4.821822966,0,1.207799048,-0.126827532,0.013635586,0,0,2,0/2,2.99485,2.75942,0.0937635,0.0961867,0.111197,0.103181,32159,22995.1,33594.8,25721.3,38075.6,31220.2,49074.4,40205.9,1.71758,2.68652,0.190064,0,30.9832,999.9,70.956,31.139,31.807,28.8046,-100,3,0.176453,0,20.2445,5.20456,11.956,4.96965,3.294,9999,153.7,9999,7168.5,4.97359,1.87292,1.87073,1.87235,1.87285,1.87378,1.87324,1.87775,0,0,0,0,11111111,oooooooo,on,on,on,on,0,100,100,-14.234,-0.3411,-14.23363636,0,0,0,-0.34115,0,0,0,-1,-1,-1,-1,40.6,40.8,0.15625,4.99756,2.64526,2.71973,2.8479,2.23755,34.236,15.5768,2,348.81,1264.13,31.1646,29.9264,30.0002,29.8224,29.7411,-1,40,10,-999.9,400,20,101.98,94.3457
22,1786548057,2533,20260812 23:20:57,23:20:57,15,,1786548049,0.001003444,1.003443739,4.236748032,335.024048,110.4660818,11.21655043,34.01780951,0.032128829,1.39054297,0.031722051,0.0198624,287.4296533,36.16939298,34.10843333,5.375412012,44.25364621,2.284664342,5.162657855,3.09074767,-44.25186887,-54.17461839,-8.988033796,180.0151323,6.243803106,1.106360833,4.236748032,354.829922,345.5904364,0.529038991,60.8541089,1.003443739,21.06673582,22.47278788,-0.000575437,69.65,56,13,1.004429187,0.44291866,25398.81,1500.001333,1261.21582,0.840809799,0.191619599,6,0.5,0: Broadleaf,2,TRUE,1786548049,335.1241333,344.5407333,22.50049333,20.96144,349.3576,22.84165333,419.7080667,101.4384,0.100011107,33.38578667,34.10843333,999.9,0,0,5008.25,0,49.36296667,-9.416744,342.8380667,351.918,1.539066,344.5407333,20.96144,2.282414,2.126293333,19.55278667,18.41734667,1500.001333,0.973005733,0.0269939,0,2.111333333,0,20281.74,12843.92667,43.42873333,45.4622,44.375,44.125,43.55786667,1459.511333,40.49,0,1786548053,0,1786545502,22:38:22,1786545502,1786545491,1,-2.061,-0.989,-14.234,-0.341,383,18,0.37,0.03,-5.571755714,-61.20072857,6.67503718,0,1.604048571,-1.48054987,0.159188914,0,0,2,0/2,2.99514,2.75948,0.0830556,0.083489,0.109489,0.101176,32537.7,23321.9,33593.7,25725.8,38153.9,31294.4,49073.3,40211.4,1.7186,2.687,0.177152,0,31.2289,999.9,69.015,31.229,31.0964,28.7746,-100,3,0.177835,0,20.2444,5.20486,11.956,4.9695,3.294,9999,153.7,9999,7168.5,4.97365,1.87294,1.87073,1.87232,1.87286,1.87371,1.87325,1.87775,0,0,0,0,11111111,oooooooo,on,on,on,on,0,100,100,-14.233,-0.3411,-14.23363636,0,0,0,-0.34115,0,0,0,-1,-1,-1,-1,42.6,42.8,0.15625,4.99756,2.64526,2.72095,2.8479,2.23999,34.3042,15.5592,2,349.405,1265.25,31.2273,29.9445,30.0002,29.8395,29.7599,-1,40,10,-999.9,400,20,101.977,94.3599
23,1786548177,2653,20260812 23:22:57,23:22:57,15,,1786548169,0.000963575,0.963574841,3.025926762,350.2450969,179.1795243,18.19467945,35.56543246,0.031013351,1.388714829,0.030633656,0.019179761,287.4287667,36.21443022,34.15943333,5.390710774,44.84231972,2.317889984,5.168978764,3.07282079,-42.49365048,-56.28655762,-9.354048056,179.2945105,-2.271614346,0.950579436,3.025926762,352.2885198,352.7550545,-0.846866732,60.8541089,0.963574841,21.38336951,22.77829091,-0.007334327,69.65,56,13,1.0044388,0.443880042,25344.04229,1499.996667,1261.2119,0.840809802,0.191619604,6,0.5,0: Broadleaf,2,TRUE,1786548169,350.3167333,347.559,22.82636667,21.50413333,364.5503333,23.16752,419.5993333,101.4444,0.1000121,33.40762667,34.15943333,999.9,0,0,4998.958,0,47.60181333,2.757703353,358.5001333,355.1976,1.322217333,347.559,21.50413333,2.315608667,2.181476667,19.78538,18.82676,1499.996667,0.973005467,0.026994153,0,1.947333333,0,20160.94,12843.87333,43.4748,45.4958,44.437,44.125,43.5788,1459.506667,40.49,0,1786548173,0,1786545502,22:38:22,1786545502,1786545491,1,-2.061,-0.989,-14.234,-0.341,383,18,0.37,0.03,4.862360015,-27.41479274,4.012119225,0,1.3118165,0.296515038,0.060316757,0,0,2,0/2,2.99478,2.7594,0.0840092,0.0815337,0.11058,0.101772,32499.9,23366.7,33589.8,25720.4,38098.8,31266.6,49068.1,40203.9,1.71782,2.68862,0.177883,0,31.286,999.9,69.43,31.31,31.4274,28.9846,-100,3,0.18091,0,20.2441,5.20501,11.956,4.96965,3.294,9999,153.8,9999,7168.5,4.97366,1.87294,1.87073,1.87237,1.87286,1.87378,1.87328,1.87775,0,0,0,0,11111111,oooooooo,on,on,on,on,0,100,100,-14.234,-0.3412,-14.23363636,0,0,0,-0.34115,0,0,0,-1,-1,-1,-1,44.6,44.8,0.155029,4.99756,2.64526,2.71973,2.8479,2.27051,34.3497,15.5417,2,349.168,1268.13,31.2392,29.973,30.0002,29.8636,29.782,-1,40,10,-999.9,400,20,101.966,94.3414
24,1786548297,2773,20260812 23:24:57,23:24:57,15,,1786548289,0.000876451,0.876451114,2.940399635,323.4764531,140.2038813,14.2376612,32.84893472,0.027704333,1.388877755,0.027400947,0.017152573,287.4285133,36.32089277,34.24854,5.417531485,44.19798091,2.292656292,5.187242143,3.124875193,-38.65149414,-58.2499515,-9.686401531,180.8406662,0.505720217,1.073436465,2.940399635,333.8104548,328.8736061,0.113932506,60.8541089,0.876451114,21.15010379,22.46720182,-0.014566463,69.65,55,13,1.004359314,0.435931423,25343.32669,1499.995333,1261.21078,0.840809803,0.191619605,6,0.5,0: Broadleaf,2,TRUE,1786548289,323.5460667,324.7588,22.57669333,21.08785333,337.7796,22.91784667,420.9489333,101.4496667,0.100027,33.4706,34.24854,999.9,0,0,4999.5,0,48.40240667,-1.212800667,331.0195333,331.7550667,1.48884,324.7588,21.08785333,2.290396667,2.139354667,19.60892667,18.51507333,1499.995333,0.973006467,0.026993227,0,2.653,0,20043.80667,12843.87333,43.562,45.562,44.5,44.187,43.67873333,1459.505333,40.49,0,1786548293,0,1786545502,22:38:22,1786545502,1786545491,1,-2.061,-0.989,-14.234,-0.341,383,18,0.37,0.03,2.109817619,-87.06694675,9.698533595,0,1.44296,0.124932468,0.14166672,0,0,2,0/2,2.99598,2.75943,0.0798879,0.0825074,0.109454,0.101673,32641.7,23340.9,33585.5,25719.6,38147.7,31268.9,49062.2,40202.3,1.7201,2.68358,0.181399,0,31.3258,999.9,68.343,31.411,31.1135,28.7746,-100,3,0.185526,0,20.2441,5.20486,11.956,4.9697,3.294,9999,153.8,9999,7168.5,4.97361,1.87297,1.87074,1.87237,1.87286,1.87376,1.87322,1.87775,0,0,0,0,11111111,oooooooo,on,on,on,on,0,100,100,-14.233,-0.3411,-14.23363636,0,0,0,-0.34115,0,0,0,-1,-1,-1,-1,46.6,46.8,0.155029,4.99756,2.64526,2.71973,2.8479,2.25098,34.418,15.533,2,350.514,1261.65,31.2745,30.0193,30.0005,29.9052,29.8246,-1,40,10,-999.9,400,20,101.953,94.338
25,1786548417,2893,20260812 23:26:57,23:26:57,15,,1786548409,0.000571819,0.57181948,1.846561678,392.9960249,214.7452427,21.80874312,39.91124202,0.018247911,1.389012024,0.018115769,0.011334148,287.4292733,36.45761602,34.17407333,5.395109406,44.59667318,2.311132761,5.182298581,3.083976645,-25.21723908,-53.9542219,-8.967182383,199.29063,0.209354601,0.561375656,1.846561678,393.6037795,397.7209091,-1.18356007,60.8541089,0.57181948,22.00937268,22.79261515,0.001960291,69.65,56,13,1.004438043,0.44380434,25348.34628,1499.999333,1261.21414,0.8408098,0.191619601,6,0.5,0: Broadleaf,2,TRUE,1786548409,393.0397333,393.6510667,22.75714667,21.97904667,407.2734,23.09829333,421.1180667,101.4563333,0.100017087,33.45357333,34.17407333,999.9,0,0,4999.832,0,110.3156,-0.6111974,402.1927333,402.4974,0.778085933,393.6510667,21.97904667,2.308856667,2.229915333,19.73832,19.17886,1499.999333,0.9730054,0.02699416,0,2.471666667,0,19876.22667,12843.9,43.63326667,45.625,44.5704,44.312,43.75,1459.509333,40.49,0,1786548413,0,1786545502,22:38:22,1786545502,1786545491,1,-2.061,-0.989,-14.234,-0.341,383,18,0.37,0.03,-6.671173857,110.1982665,11.95884279,0,0.75706881,0.270153818,0.036514702,0,0,2,0/2,2.99647,2.75949,0.0918951,0.0904472,0.110676,0.104198,32206.9,23127.4,33576.6,25707,38085.3,31165.5,49050.7,40185.2,1.72008,2.6836,0.182651,0,31.2281,999.9,69.283,31.491,31.6798,28.9846,-100,3,0.193788,0,20.2443,5.20426,11.956,4.9698,3.294,9999,153.8,9999,7168.5,4.97362,1.87297,1.87073,1.87235,1.87286,1.87375,1.87322,1.87775,0,0,0,0,11111111,oooooooo,on,on,on,on,0,100,100,-14.233,-0.3411,-14.23363636,0,0,0,-0.34115,0,0,0,-1,-1,-1,-1,48.6,48.8,0.15625,4.99756,2.64526,2.71973,2.8479,2.25464,34.5092,15.5155,2,350.975,1263.29,31.3197,30.1129,30.0003,29.9874,29.8976,-1,40,10,-999.9,400,20,101.928,94.2955
26,1786548537,3013,20260812 23:28:57,23:28:57,15,,1786548529,0.000547478,0.547478362,2.588465537,376.0932193,120.4008014,12.22676503,38.19246523,0.017147851,1.389665431,0.017031161,0.010654893,287.4310467,36.58842672,34.35276667,5.449050413,44.26318017,2.309338231,5.217289453,3.139712183,-24.14379576,-58.36090329,-9.709188304,195.2171593,7.197598995,0.493348235,2.588465537,398.2881616,390.1200485,0.766577878,60.8541089,0.547478362,22.06894692,22.78966788,0.006178509,69.65,55,13,1.004356873,0.435687276,25357.46669,1500.008667,1261.22198,0.840809795,0.191619591,6,0.5,0: Broadleaf,2,TRUE,1786548529,376.1544667,386.6165333,22.74078,22.05774,390.3882,23.08194,421.6347333,101.4505333,0.099995307,33.57378667,34.35276667,999.9,0,0,5003.332667,0,150.0753333,-10.46200733,384.9077333,395.3368,0.683040933,386.6165333,22.05774,2.307063333,2.237768667,19.72579333,19.2353,1500.008667,0.973005867,0.026993813,0,2.719666667,0,19710.72,12843.97333,43.687,45.63326667,44.625,44.375,43.80373333,1459.518667,40.49,0,1786548533,0,1786545502,22:38:22,1786545502,1786545491,1,-2.061,-0.989,-14.234,-0.341,383,18,0.37,0.03,-11.60140524,17.01910597,3.373646475,0,0.672618381,0.244178026,0.027661871,0,0,2,0/2,2.99628,2.75942,0.0907091,0.0907877,0.110644,0.10438,32246.4,23117.9,33574.2,25706.3,38085.6,31158,49047.7,40184.2,1.71963,2.6811,0.195168,0,31.1913,999.9,68.978,31.562,31.6717,29.0746,-100,3,0.197182,0,20.2442,5.20456,11.956,4.96955,3.294,9999,153.9,9999,7168.5,4.97359,1.87293,1.87073,1.87234,1.87285,1.87374,1.87324,1.87775,0,0,0,0,11111111,oooooooo,on,on,on,on,0,100,100,-14.233,-0.3411,-14.23363636,0,0,0,-0.34115,0,0,0,-1,-1,-1,-1,50.6,50.8,0.15625,4.99756,2.64526,2.71973,2.8479,2.25098,34.5777,15.498,2,351.099,1260.92,31.3823,30.1768,30.0002,30.0471,29.957,-1,40,10,-999.9,400,20,101.922,94.2932
27,1786548657,3133,20260812 23:30:57,23:30:57,15,,1786548649,0.000587294,0.587294092,2.053471649,359.882564,163.5954106,16.61221222,36.54409074,0.018102992,1.389130546,0.017972944,0.011244696,287.4313,36.68424603,34.50936667,5.49670715,43.91606016,2.306065847,5.251076346,3.190641303,-25.89966947,-61.4229427,-10.23613368,189.8725541,0.753480697,0.643012314,2.053471649,370.4690298,367.5704424,-0.015565486,60.8541089,0.587294092,21.86815803,22.69011212,-0.000763138,69.65,55,13,1.004361142,0.436114244,25332.74876,1500.01,1261.2231,0.840809795,0.191619589,6,0.5,0: Broadleaf,2,TRUE,1786548649,359.9312,361.3284,22.70990667,21.81945333,374.1647333,23.05104,421.5498667,101.4444667,0.10002142,33.6892,34.50936667,999.9,0,0,5001,0,119.611,-1.397302667,368.2950667,369.3882,0.890461333,361.3284,21.81945333,2.303792667,2.213462667,19.70294,19.06004,1500.01,0.973005,0.0269945,0,2.426,0,19538.62,12844.01333,43.7416,45.708,44.687,44.43286667,43.8708,1459.52,40.49,0,1786548653,0,1786545502,22:38:22,1786545502,1786545491,1,-2.061,-0.989,-14.234,-0.341,383,18,0.37,0.03,-1.238381476,-16.01190943,4.999105201,0,0.939290429,-0.866227481,0.093413848,0,0,2,0/2,2.99712,2.75952,0.0866977,0.085387,0.110248,0.103619,32387.7,23256.3,33573.5,25707.8,38103.6,31185.6,49047,40186.1,1.72145,2.6802,0.202041,0,31.259,999.9,68.392,31.642,31.5444,28.8946,-100,3,0.19858,0,20.2441,5.20471,11.956,4.96965,3.294,9999,153.9,9999,7168.5,4.97363,1.87289,1.87073,1.87235,1.87286,1.87372,1.87322,1.87775,0,0,0,0,11111111,oooooooo,on,on,on,on,0,100,100,-14.234,-0.3412,-14.23363636,0,0,0,-0.34115,0,0,0,-1,-1,-1,-1,52.6,52.8,0.155029,4.99756,2.64526,2.71973,2.8479,2.26196,34.6235,15.4892,2,352.201,1260.45,31.4776,30.2127,30.0003,30.0835,29.9955,-1,40,10,-999.9,400,20,101.92,94.2979
28,1786548777,3253,20260812 23:32:57,23:32:57,15,,1786548769,0.0005499,0.54989972,8.091015693,310.4636335,-459.532801,-46.66463043,31.5269567,0.01682382,1.387912377,0.016711342,0.010454632,287.4269933,36.59798354,34.38144667,5.457751383,42.97215355,2.24293437,5.219506552,3.214817013,-24.25057764,-59.86509401,-9.973780567,193.3375411,17.8093136,0.69232638,8.091015693,365.519821,332.9053394,3.635203689,60.8541089,0.54989972,21.30698403,22.07157515,3.12319E-05,69.65,55,13,1.004365701,0.436570113,25306.41102,1499.987333,1261.20406,0.840809807,0.191619614,6,0.5,0: Broadleaf,2,TRUE,1786548769,310.6554667,336.1793333,22.08743333,21.12884667,324.8890667,22.42858,421.8869333,101.448,0.099985967,33.58138,34.38144667,999.9,0,0,4994.833333,0,130.9034,-25.52385333,317.6720667,343.4407333,0.958575267,336.1793333,21.12884667,2.240726,2.143479333,19.25648,18.54561333,1499.987333,0.973005,0.0269945,0,3.222333333,0,19359.95333,12843.8,43.812,45.812,44.7458,44.5,43.89153333,1459.497333,40.49,0,1786548773,0,1786545502,22:38:22,1786545502,1786545491,1,-2.061,-0.989,-14.234,-0.341,383,18,0.37,0.03,-17.00741476,-229.0681669,25.39964022,0,1.04517281,-1.991040468,0.20836382,0,0,2,0/2,2.99639,2.75946,0.0817202,0.0909218,0.107959,0.102458,32560.5,23117.9,33570,25710.6,38207.5,31230.4,49042.2,40188.9,1.71957,2.68078,0.20057,0,31.1069,999.9,66.359,31.713,30.7312,28.5346,-100,3,0.202912,0,20.2446,5.20456,11.956,4.9695,3.294,9999,153.9,9999,7168.5,4.97356,1.87288,1.87073,1.87237,1.87285,1.87373,1.87322,1.87775,0,0,0,0,11111111,oooooooo,on,on,on,on,0,100,100,-14.233,-0.3411,-14.23363636,0,0,0,-0.34115,0,0,0,-1,-1,-1,-1,54.6,54.8,0.15625,4.99756,2.64526,2.71851,2.8479,2.24487,34.6921,15.4542,2,351.513,1262.25,31.4989,30.25,30.0004,30.1232,30.0391,-1,40,10,-999.9,400,20,101.91,94.3059
29,1786548897,3373,20260812 23:34:57,23:34:57,15,,1786548889,0.000318329,0.318329224,2.914855253,404.1794259,-72.48991467,-7.361789491,41.0468665,0.009995395,1.38804382,0.009955579,0.006225801,287.4271222,36.74758922,34.39586,5.462128675,44.74177861,2.339608364,5.229135803,3.122520311,-14.03831879,-58.48387312,-9.744994597,205.1599357,-1.14249177,0.313927179,2.914855253,410.329154,409.1143212,-0.527261677,60.8541089,0.318329224,22.59567175,23.03763576,-1.03181E-05,69.65,55,13,1.004365571,0.436557054,25307.1647,1499.988,1261.204621,0.840809807,0.191619614,6,0.5,0: Broadleaf,2,TRUE,1786548889,404.2485333,402.8125333,23.03760667,22.60376,418.4821333,23.37875333,422.2651333,101.4560667,0.099984607,33.61432667,34.39586,999.9,0,0,4995.082667,0,43.45744,1.435998333,413.7811333,412.1282,0.4338424,402.8125333,22.60376,2.337306,2.293288667,19.93582,19.62932,1499.988,0.973003867,0.02699572,0,2.865333333,0,19121.62667,12843.8,43.8246,45.812,44.75,44.5704,43.9412,1459.496667,40.49,0,1786548893,0,1786545502,22:38:22,1786545502,1786545491,1,-2.061,-0.989,-14.234,-0.341,383,18,0.37,0.03,1.320447381,-5.602790338,5.141195531,0,0.423897333,0.157538338,0.018359656,0,0,2,0/2,2.997,2.75956,0.0940141,0.0927956,0.111513,0.106096,32122.2,23056,33567.4,25694.7,38040.9,31083.7,49039.3,40168.3,1.72062,2.68055,0.207555,0,31.0223,999.9,69.277,31.814,32.2631,29.2246,-100,3,0.204627,0,20.2445,5.20441,11.956,4.96965,3.294,9999,154,9999,7168.5,4.97362,1.87294,1.87073,1.87239,1.87286,1.87375,1.87328,1.87774,0,0,0,0,11111111,oooooooo,on,on,on,on,0,100,100,-14.234,-0.3411,-14.23363636,0,0,0,-0.34115,0,0,0,-1,-1,-1,-1,56.6,56.8,0.155029,4.99756,2.64526,2.71973,2.8479,2.26562,34.7379,15.4367,2,352.251,1262.68,31.5213,30.2883,30,30.162,30.0732,-1,40,10,-999.9,400,20,101.903,94.2537
30,1786549017,3493,20260812 23:36:57,23:36:57,15,,1786549009,0.00034038,0.340380352,2.074582501,378.4504712,53.65086935,5.448839083,38.43583046,0.010620366,1.389195231,0.010575465,0.006613684,287.4329899,36.77905644,34.4772,5.486888682,44.71476702,2.34408272,5.242301092,3.142805962,-15.01077351,-61.25704108,-10.20491573,200.9602596,-4.849587945,0.389376219,2.074582501,376.6576825,379.3077091,-0.988162854,60.8541089,0.340380352,22.50949376,23.02853697,-0.007050665,69.65,55,13,1.004360505,0.436050484,25336.43683,1500.018667,1261.230402,0.840809804,0.191619609,6,0.5,0: Broadleaf,2,TRUE,1786549009,378.4996,371.8446,23.08052667,22.54214667,392.7332667,23.42164667,422.0424667,101.4610667,0.09999188,33.65928667,34.4772,999.9,0,0,5000.5,0,43.91682667,6.65503,387.4422667,380.4201333,0.538363867,371.8446,22.54214667,2.341771333,2.287148667,19.96664,19.58616667,1500.018667,0.973003933,0.026995607,0,2.553666667,0,18896.83333,12844.06,43.812,45.812,44.75,44.6208,43.937,1459.526,40.49066667,0,1786549013,0,1786545502,22:38:22,1786545502,1786545491,1,-2.061,-0.989,-14.234,-0.341,383,18,0.37,0.03,8.857259524,-49.85501065,6.080846472,0,0.51061281,0.350381922,0.049596646,0,0,2,0/2,2.99715,2.75947,0.088788,0.0893735,0.111461,0.105698,32307.5,23141.7,33567.5,25693.4,38042.7,31095.9,49039.9,40166.3,1.72095,2.67935,0.21195,0,31.0209,999.9,69.015,31.884,32.2669,29.0446,-100,3,0.204088,0,20.2442,5.20441,11.956,4.96955,3.294,9999,154,9999,7168.5,4.97361,1.87292,1.87074,1.87239,1.87286,1.87372,1.87326,1.87775,0,0,0,0,11111111,oooooooo,on,on,on,on,0,100,100,-14.234,-0.3412,-14.23363636,0,0,0,-0.34115,0,0,0,-1,-1,-1,-1,58.6,58.8,0.155029,4.99756,2.64526,2.71851,2.8479,2.25586,34.8066,15.4367,2,352.47,1261.25,31.5493,30.2857,30,30.1725,30.0887,-1,40,10,-999.9,400,20,101.904,94.2489
31,1786549137,3613,20260812 23:38:57,23:38:57,15,,1786549129,0.000120136,0.120135965,2.372492254,409.0278063,-602.1677876,-61.15962495,41.54321725,0.003740387,1.389157146,0.003734801,0.002334752,287.4308377,36.92934853,34.51928667,5.499738184,44.90286362,2.359106346,5.253799326,3.140631838,-5.29799606,-61.47254919,-10.24516487,210.4151275,5.360236268,0.09816075,2.372492254,423.7300129,420.5438848,-0.046914184,60.8541089,0.120135965,23.14130839,23.26878545,0.006009396,69.65,55,13,1.004361286,0.436128567,25331.9204,1500.007333,1261.220882,0.840809811,0.191619622,6,0.5,0: Broadleaf,2,TRUE,1786549129,409.084,416.7346,23.22738,23.09156667,423.3175333,23.56854667,421.7015333,101.4657333,0.10001994,33.69847333,34.51928667,999.9,0,0,5000.082667,0,42.37049333,-7.650562933,418.8120667,426.5851333,0.135828873,416.7346,23.09156667,2.356786,2.343004667,20.06986,19.97512667,1500.007333,0.973003667,0.026995893,0,2.501666667,0,18644.34,12843.96667,43.8162,45.812,44.75,44.625,43.9412,1459.514,40.49066667,0,1786549133,0,1786545502,22:38:22,1786545502,1786545491,1,-2.061,-0.989,-14.234,-0.341,383,18,0.37,0.03,-9.139532571,47.38664945,6.763085782,0,0.178666862,-0.673321917,0.074345884,0,0,2,0/2,2.99689,2.75945,0.0958894,0.0949393,0.112403,0.108002,32054.6,22989.3,33566.2,25681,37998.8,31001,49038.4,40149.5,1.72053,2.67792,0.215713,0,31.0349,999.9,70.004,31.955,32.8605,29.1346,-100,3,0.205282,0,20.2442,5.20456,11.956,4.96975,3.294,9999,154,9999,7168.5,4.9736,1.87293,1.87073,1.87239,1.87285,1.87375,1.87324,1.87775,0,0,0,0,11111111,oooooooo,on,on,on,on,0,100,100,-14.233,-0.3411,-14.23363636,0,0,0,-0.34115,0,0,0,-1,-1,-1,-1,60.6,60.8,0.155029,4.99756,2.64526,2.71973,2.8479,2.24243,34.8755,15.4104,2,352.338,1259.5,31.574,30.2936,30.0002,30.1856,30.1043,-1,40,10,-999.9,400,20,101.9,94.2073
32,1786549257,3733,20260812 23:40:57,23:40:57,15,,1786549249,5.11135E-05,0.051113462,1.934290425,401.2042102,-1519.01625,-154.2816279,40.74902994,0.001588784,1.389710036,0.001587775,0.00099245,287.4301987,36.98888652,34.58519333,5.519912743,45.18557178,2.377401298,5.261416874,3.142511445,-2.254103679,-64.49289846,-10.74908887,209.9341077,5.326800515,0.051047811,1.934290425,420.3510011,414.4959515,0.527903296,60.8541089,0.051113462,23.35962564,23.42612,0.000702129,69.65,55,13,1.00435891,0.435890989,25345.66736,1500.003333,1261.217583,0.840809853,0.191619707,6,0.5,0: Broadleaf,2,TRUE,1786549249,401.25,408.835,23.40726667,23.33656,415.4838,23.74841333,421.1600667,101.4668,0.100005393,33.72439333,34.58519333,999.9,0,0,5002.75,0,44.00807333,-7.584746667,410.8674,418.6036667,0.070699813,408.835,23.33656,2.375062,2.367888,20.19472,20.14581333,1500.003333,0.973003333,0.026996327,0,2.736333333,0,18403.79333,12843.91333,43.875,45.812,44.812,44.65393333,44,1459.507333,40.49266667,0,1786549253,0,1786545502,22:38:22,1786545502,1786545491,1,-2.061,-0.989,-14.234,-0.341,383,18,0.37,0.03,-7.710345714,3.803581558,1.446896558,0,0.052018656,0.210190147,0.034796982,0,0,2,0/2,2.99613,2.75948,0.0948486,0.0948953,0.112967,0.108677,32089.3,22984,33564,25673.9,37970,30968.6,49035.3,40139.1,1.71885,2.68062,0.215881,0,31.0767,999.9,70.272,32.035,33.1349,28.9246,-100,3,0.20751,0,20.2438,5.20486,11.956,4.9698,3.294,9999,154.1,9999,7168.5,4.97363,1.87293,1.87074,1.87239,1.87286,1.87375,1.87329,1.87775,0,0,0,0,11111111,oooooooo,on,on,on,on,0,100,100,-14.234,-0.3412,-14.23363636,0,0,0,-0.34115,0,0,0,-1,-1,-1,-1,62.6,62.8,0.155029,4.99756,2.64526,2.71973,2.8479,2.23877,34.9444,15.4016,2,351.653,1263.92,31.6042,30.3198,30.0001,30.2091,30.1251,-1,40,10,-999.9,400,20,101.894,94.1822
33,1786549377,3853,20260812 23:42:57,23:42:57,15,,1786549369,9.02631E-05,0.090263074,2.312768844,389.038667,-940.9693898,-95.56774245,39.51196238,0.002754891,1.389215268,0.00275186,0.001720185,287.4306187,37.08018545,34.73965333,5.567446438,44.69603313,2.366216465,5.294018953,3.201229973,-3.980601574,-67.75734512,-11.31182936,204.3808427,10.93353569,0.125622087,2.312768844,422.1881272,408.8054424,1.749689607,60.8541089,0.090263074,23.19580808,23.31540909,0.000856368,69.65,54,13,1.004283262,0.428326161,25322.43002,1500.005333,1261.219283,0.840809866,0.191619731,6,0.5,0: Broadleaf,2,TRUE,1786549369,389.0934667,404.6258667,23.298,23.12449333,403.3272,23.63914667,422.4376,101.4630667,0.100005933,33.83496,34.73965333,999.9,0,0,5000.5,0,41.92964667,-15.53231933,398.3749333,414.2047333,0.173499653,404.6258667,23.12449333,2.363886,2.346282667,20.11846667,19.99766,1500.005333,0.973003333,0.02699632,0,2.965666667,0,18154.78,12843.94667,43.875,45.8414,44.812,44.687,44,1459.508667,40.49333333,0,1786549373,0,1786545502,22:38:22,1786545502,1786545491,1,-2.061,-0.989,-14.234,-0.341,383,18,0.37,0.03,-11.70628529,-66.28362483,7.425446813,0,0.214911181,-0.825351662,0.08378473,0,0,2,0/2,2.99731,2.75942,0.094048,0.0958259,0.112544,0.108068,32115.7,22960.4,33562.2,25674.1,37988.6,30990.3,49033.1,40138.8,1.7216,2.67858,0.223238,0,31.149,999.9,69.521,32.106,32.9162,28.6846,-100,3,0.209375,0,20.2442,5.20501,11.956,4.96975,3.294,9999,154.1,9999,7168.5,4.97359,1.8729,1.87073,1.87237,1.87286,1.8737,1.87329,1.87775,0,0,0,0,11111111,oooooooo,on,on,on,on,0,100,100,-14.234,-0.3411,-14.23363636,0,0,0,-0.34115,0,0,0,-1,-1,-1,-1,64.6,64.8,0.155029,4.99756,2.64526,2.71973,2.8479,2.22778,35.0134,15.3666,2,353.127,1261.42,31.64,30.3435,30.0002,30.231,30.1487,-1,40,10,-999.9,400,20,101.889,94.182
34,1786549497,3973.1,20260812 23:44:57,23:44:57,15,,1786549489,0.000182214,0.182213577,2.170064026,370.7440135,-271.4176182,-27.56417394,37.65139693,0.00543957,1.387322612,0.005427749,0.003393403,287.4319988,37.15744945,34.91855,5.622944647,44.04357991,2.347408913,5.329741402,3.275535733,-8.035618725,-72.03486492,-12.05996134,195.3015538,-0.293965134,0.218255041,2.170064026,378.1177567,376.7056061,-0.304544597,60.8541089,0.182213577,22.84213726,23.09699818,-0.000276422,69.65,54,13,1.004294188,0.4294188,25258.27288,1500.011875,1261.224846,0.840809908,0.191619816,6,0.5,0: Broadleaf,2,TRUE,1786549489,370.7955625,370.4945,23.11435625,22.8125875,385.0293125,23.45549375,422.0655625,101.4563125,0.100005488,33.95543125,34.91855,999.9,0,0,4991.52375,0,83.5115375,0.30112975,379.569125,379.14375,0.301765938,370.4945,22.8125875,2.3450975,2.3144825,19.9895625,19.77753125,1500.011875,0.973003,0.026996606,0,2.8709375,0,17907.70625,12844,43.937,45.937,44.9215,44.687,44.062,1459.513125,40.495625,0,1786549493,0,1786545502,22:38:22,1786545502,1786545491,1,-2.061,-0.989,-14.234,-0.341,383,18,0.37,0.03,0.51286255,-25.32137535,4.290098441,0,0.2873255,-0.008473624,0.048523172,1,1,2,1/2,2.99746,2.75955,0.0884969,0.0874799,0.111703,0.10688,32308.5,23173.9,33558.3,25676.2,38024.1,31033.2,49028.1,40141.1,1.72165,2.67537,0.220604,0,31.359,999.9,68.203,32.176,32.4195,29.1155,-100,3,0.213321,0,20.2442,5.20516,11.956,4.9698,3.294,9999,154.1,9999,7168.5,4.97359,1.87294,1.87075,1.87238,1.87286,1.87372,1.87323,1.87775,0,0,0,0,11111111,oooooooo,on,on,on,on,0,100,100,-14.234,-0.3412,-14.23363636,0,0,0,-0.34115,0,0,0,-1,-1,-1,-1,66.6,66.8,0.155029,4.99756,2.64526,2.71973,2.8479,2.24731,35.0825,15.3579,2,353.371,1257.53,31.7167,30.3853,30.0003,30.2691,30.1849,-1,40,10,-999.9,400,20,101.878,94.1884
35,1786549617,4093.1,20260812 23:46:57,23:46:57,15,,1786549609,-1.56859E-05,-0.015685855,2.387625496,427.4657623,8386.518205,851.705631,43.41193663,-0.000466011,1.387625017,-0.000466098,-0.000291303,287.4226366,37.29325158,34.96045333,5.636013393,44.05258065,2.352697686,5.34065803,3.283315707,0.691746221,-72.44166547,-12.13007383,203.5426435,11.74363458,-0.077576074,2.387625496,468.9747127,451.7650303,2.407024142,60.86270729,-0.015685855,23.33965874,23.24416848,0.011289632,69.65,54,13,1.004293219,0.429321888,25263.95013,1499.963333,1261.184002,0.840809888,0.191619775,6,0.5,0: Broadleaf,2,TRUE,1786549609,427.5224667,444.0447333,23.16638667,23.27329333,441.7562,23.50754667,423.4382667,101.4565333,0.099989907,33.99210667,34.96045333,999.9,0,0,4993,0,40.1061,-16.52232451,437.6619333,454.6258667,-0.106912153,444.0447333,23.27329333,2.350385333,2.361233333,20.02590667,20.10028667,1499.963333,0.9730026,0.0269971,0,2.362,0,17638.2,12843.56,44,46,45,44.64153333,44.125,1459.468,40.49333333,0,1786549613,0,1786545502,22:38:22,1786545502,1786545491,1,-2.061,-0.989,-14.234,-0.341,383,18,0.37,0.03,-17.74454839,36.30734206,9.042196454,0,-0.090593945,-0.306723686,0.032522042,0,0,2,0/2,2.99803,2.75946,0.100841,0.0992427,0.11227,0.108456,31865.3,22868.7,33552.5,25669,37995.5,30970.5,49020.3,40131,1.72195,2.67668,0.214919,0,31.4805,999.9,68.417,32.257,32.6703,28.7555,-100,3,0.219339,0,20.2446,5.20516,11.956,4.9697,3.294,9999,154.2,9999,7168.5,4.97365,1.8729,1.87075,1.8724,1.87286,1.87374,1.87328,1.87775,0,0,0,0,11111111,oooooooo,on,on,on,on,0,100,100,-14.233,-0.3411,-14.23363636,0,0,0,-0.34115,0,0,0,-1,-1,-1,-1,68.6,68.8,0.155029,4.99756,2.64526,2.71973,2.8479,2.25708,35.1286,15.3491,2,353.864,1260.66,31.7746,30.4526,30.0003,30.3289,30.2413,-1,40,10,-999.9,400,20,101.861,94.1635
36,1786549737,4213.1,20260812 23:48:57,23:48:57,15,,1786549729,9.57076E-05,0.095707629,1.90222479,384.2472414,-688.4705061,-69.91986005,39.02347756,0.002818246,1.388328531,0.002815072,0.001759705,287.4290977,37.35923496,35.13182667,5.689736199,44.14487491,2.374006027,5.377761363,3.315730172,-4.220706425,-76.01169693,-12.73976529,194.456929,4.161603902,0.112118333,1.90222479,402.4069219,396.3517758,0.578946825,60.86270729,0.095707629,23.23628658,23.36868545,-2.38126E-05,69.65,54,13,1.00429152,0.429151999,25273.90861,1499.997333,1261.212562,0.84080987,0.191619739,6,0.5,0: Broadleaf,2,TRUE,1786549729,384.2924,390.2160667,23.37580667,23.22156667,398.5259333,23.71694667,424.086,101.4582667,0.099983733,34.11627333,35.13182667,999.9,0,0,4996.374667,0,108.3930467,-5.9237686,393.4906,399.493,0.154235333,390.2160667,23.22156667,2.371664,2.356016667,20.17159333,20.0646,1499.997333,0.973003067,0.026996573,0,1.982333333,0,17387.04667,12843.89333,44.083,46.125,45.062,44.75,44.187,1459.501333,40.49333333,0,1786549733,0,1786545502,22:38:22,1786545502,1786545491,1,-2.061,-0.989,-14.234,-0.341,383,18,0.37,0.03,-4.231601075,-43.0798078,4.187887846,0,0.1694231,-0.331622165,0.032524318,0,0,2,0/2,2.99864,2.75948,0.0918386,0.0923535,0.112683,0.108118,32179.4,23041.8,33547.8,25667.4,37970.6,30979.2,49014.1,40128.3,1.7232,2.6742,0.218377,0,31.6261,999.9,68.404,32.317,32.7748,29.2955,-100,3,0.224035,0,20.2447,5.20381,11.956,4.96965,3.294,9999,154.2,9999,7168.5,4.97363,1.87294,1.87075,1.8724,1.87286,1.87376,1.87328,1.87775,0,0,0,0,11111111,oooooooo,on,on,on,on,0,100,100,-14.233,-0.3411,-14.23363636,0,0,0,-0.34115,0,0,0,-1,-1,-1,-1,70.6,70.8,0.155029,4.99756,2.64526,2.72095,2.8479,2.25098,35.1978,15.3404,2,354.815,1258.27,31.8456,30.5154,30.0002,30.3867,30.298,-1,40,10,-999.9,400,20,101.848,94.1575
37,1786549857,4333.1,20260812 23:50:57,23:50:57,15,,1786549849,1.47694E-05,0.014769368,1.337185681,407.123285,-4426.666998,-449.5856051,41.34866448,0.000432852,1.387579782,0.000432777,0.000270492,287.4288944,37.49509243,35.23594667,5.722593025,44.30415548,2.395068955,5.405969099,3.327524071,-0.651329148,-76.73523215,-12.88040117,197.1619319,-2.235885317,0.020086778,1.337185681,410.6976193,412.5041576,-0.657429743,60.86270729,0.014769368,23.56445109,23.58469818,2.00998E-05,69.65,54,13,1.004296547,0.429654704,25244.46401,1499.997333,1261.212461,0.840809802,0.191619604,6,0.5,0: Broadleaf,2,TRUE,1786549849,407.1550667,404.0206667,23.5821,23.55450667,421.3887333,23.92325333,424.6059333,101.463,0.100005607,34.21017333,35.23594667,999.9,0,0,4992.459333,0,414.569,3.134468,416.9888,413.7668,0.027586369,404.0206667,23.55450667,2.39271,2.389910667,20.31452667,20.29556667,1499.997333,0.973004133,0.026995453,0,2.897,0,17126.27333,12843.88,44.1996,46.3624,45.1746,44.937,44.312,1459.506667,40.49,0,1786549853,0,1786545502,22:38:22,1786545502,1786545491,1,-2.061,-0.989,-14.234,-0.341,383,18,0.37,0.03,1.4581142,20.92153805,3.973500534,0,0.032153132,-0.110390892,0.012223071,0,0,2,0/2,2.99939,2.75945,0.0944143,0.0934068,0.113473,0.109222,32083.8,23009.4,33543.5,25661.3,37931,30933.1,49008.5,40120,1.72435,2.67073,0.213888,0,31.759,999.9,68.911,32.388,33.1485,28.9055,-100,3,0.228227,0,20.2445,5.20187,11.956,4.9696,3.294,9999,154.2,9999,7168.5,4.97362,1.87296,1.87073,1.87238,1.87286,1.87372,1.87322,1.87775,0,0,0,0,11111111,oooooooo,on,on,on,on,0,100,100,-14.234,-0.3411,-14.23363636,0,0,0,-0.34115,0,0,0,-1,-1,-1,-1,72.6,72.8,0.155029,4.99756,2.64526,2.71973,2.8479,2.24609,35.244,15.3141,2,355.723,1254.44,31.928,30.577,30.0001,30.4454,30.3557,-1,40,10,-999.9,400,20,101.835,94.1368
38,1786549977,4453.1,20260812 23:52:57,23:52:57,15,,1786549969,-3.27576E-05,-0.032757585,0.184629581,444.1612856,723.4462953,73.47584559,45.11064089,-0.00094786,1.389373736,-0.000948219,-0.000592605,287.4300333,37.64465945,35.39526,5.773186199,44.18226722,2.4058018,5.445175069,3.367384399,1.44460951,-79.0446054,-13.26959528,196.5604422,-9.010523383,-0.052980238,0.184629581,432.9413081,443.3641939,-1.881914565,60.86270729,-0.032757585,23.76253082,23.71091091,0.000999645,69.65,54,13,1.004289569,0.428956922,25285.35334,1500.003333,1261.2175,0.840809798,0.191619596,6,0.5,0: Broadleaf,2,TRUE,1786549969,444.1656667,431.4738,23.68762667,23.76028667,458.3993333,24.02878667,425.2598667,101.4636667,0.099982307,34.33998,35.39526,999.9,0,0,5001.25,0,93.68802,12.69197467,454.9420667,441.9752,-0.0726552,431.4738,23.76028667,2.403436667,2.410808,20.38695333,20.43655333,1500.003333,0.9730054,0.02699416,0,2.430333333,0,16863.49333,12843.95333,44.375,46.75,45.3246,45.30786667,44.5,1459.513333,40.49,0,1786549973,0,1786545502,22:38:22,1786545502,1786545491,1,-2.061,-0.989,-14.234,-0.341,383,18,0.37,0.03,3.251996,151.1826641,17.57882997,0,-0.085214,0.259022698,0.025966678,0,0,2,0/2,2.99974,2.75943,0.0992922,0.0962173,0.11392,0.109766,31908.2,22934.7,33540.8,25657.8,37910,30909.8,49005.3,40114.8,1.7247,2.6697,0.214353,0,31.9374,999.9,68.899,32.458,33.2743,29.2655,-100,3,0.232541,0,20.2445,5.20366,11.956,4.96965,3.294,9999,154.3,9999,7168.5,4.9736,1.87296,1.87073,1.87239,1.87286,1.87369,1.87324,1.87775,0,0,0,0,11111111,oooooooo,on,on,on,on,0,100,100,-14.233,-0.3412,-14.23363636,0,0,0,-0.34115,0,0,0,-1,-1,-1,-1,74.6,74.8,0.155029,4.99756,2.64526,2.71973,2.8479,2.22778,35.2902,15.2791,2,356.249,1254.27,32.0328,30.6399,30.0002,30.5063,30.4168,-1,40,10,-999.9,400,20,101.828,94.1245
39,1786550412,4888.1,20260813 00:00:12,00:00:12,15,,1786550404,0.001434262,1.434262478,2.914403486,319.9107606,196.6723363,19.97119025,32.48549738,0.043278667,1.388858248,0.042543172,0.026654523,287.4281688,37.10219566,35.36533125,5.763652178,45.03252317,2.479183821,5.505318482,3.284468357,-63.25097527,-61.98198904,-10.41756629,151.7776382,1.595869179,1.531839141,2.914403486,329.755086,326.4298121,-0.150099786,60.84136027,1.434262478,22.30577084,24.33395818,-0.011009323,69.65,47,11,1.00373594,0.373593983,25255.00479,1499.993125,1261.208963,0.840809829,0.191619657,6,0.5,0: Broadleaf,2,TRUE,1786550404,319.98,322.8894375,24.4145125,22.3322,334.2883125,24.22300625,428.966875,101.4455,0.099997619,34.5375375,35.36533125,999.9,0,0,4999.609375,0,561.8966875,-2.90955625,327.98775,330.265125,2.08232875,322.8894375,22.3322,2.47674375,2.265500625,20.8744375,19.43314375,1499.993125,0.973006875,0.026992656,0,2.985,0,22930.5375,12843.8375,44.726375,47.062,45.812,45.375,44.812,1459.501875,40.49125,0,1786550408,0,1786550384,23:59:44,1786550369,1786550384,2,-0.075,0.533,-14.308,0.192,330,22,0.48,0.27,-3.306218095,-0.727111948,1.419689791,0,2.070595238,0.082633247,0.040363018,1,1,2,1/2,3.0037,2.7595,0.079067,0.0785208,0.11411,0.105041,32597.7,23389.6,33514.9,25666,37876.2,31079.9,48970.2,40121.7,1.7433,2.66412,0.191331,0,32.3071,999.9,63.484,32.791,31.2493,28.8755,-100,3,0.261631,0,20.2438,5.20456,11.956,4.96935,3.294,9999,154.4,9999,7168.5,4.97367,1.873,1.87075,1.8724,1.87286,1.8737,1.87329,1.87775,0,0,0,0,11111111,oooooooo,on,on,on,on,0,100,100,-14.309,0.1915,-14.3083,0,0,0,0.191509091,0,0,0,-1,-1,-1,-1,0.7,0.5,0.15625,4.99756,2.64526,2.71851,2.8479,2.2522,35.8477,15.2353,2,367.332,1252.54,32.3788,30.9508,30.0011,30.8053,30.7138,-1,40,10,-999.9,400,20,101.753,94.1459
40,1786550537,5013.1,20260813 00:02:17,00:02:17,15,,1786550529,0.001203518,1.203518466,2.187435583,336.209767,218.2121798,22.16224049,34.14640611,0.0345897,1.387252158,0.034117614,0.021365387,287.429375,37.47511208,35.855925,5.921672818,44.54547745,2.487302229,5.583736827,3.434370589,-53.07516436,-79.54615301,-13.43379742,141.3742602,0.013930627,1.185949817,2.187435583,341.8119069,341.652903,-0.528607396,60.84136027,1.203518466,22.78715244,24.45822485,-0.006164561,69.65,46,11,1.003666022,0.366602187,25187.32217,1499.99375,1261.210031,0.840810191,0.191620382,6,0.5,0: Broadleaf,2,TRUE,1786550529,336.261875,336.835375,24.4902875,22.88851875,350.5703125,24.29876875,431.737875,101.46275,0.100052356,34.792325,35.855925,999.9,0,0,4990.860625,0,88.41245625,-0.573525813,344.7039375,344.7261875,1.6017575,336.835375,22.88851875,2.48484875,2.32233,20.9276,19.832025,1499.99375,0.972995875,0.027003919,0,1.83375,0,18433.9875,12843.81875,44.812,47,45.875,45.5,44.937,1459.484375,40.509375,0,1786550533,0,1786550384,23:59:44,1786550369,1786550384,2,-0.075,0.533,-14.308,0.192,330,22,0.48,0.27,-2.913474905,38.60359527,4.010498243,0,1.550651429,0.939917143,0.099463378,0,0,2,0/2,3.00722,2.75945,0.0817139,0.0795979,0.114517,0.106283,32481.1,23346.8,33492.6,25650.2,37841.4,31017.1,48941.3,40099.3,1.751,2.6565,0.203568,0,32.5863,999.9,63.96,32.962,31.7804,28.8055,-100,3,0.28232,0,20.2439,5.20411,11.956,4.9691,3.294,9999,154.4,9999,7168.5,4.97363,1.87302,1.87083,1.87241,1.87286,1.87369,1.87328,1.87775,0,0,0,0,11111111,oooooooo,on,on,on,on,0,100,100,-14.308,0.1915,-14.3083,0,0,0,0.191509091,0,0,0,-1,-1,-1,-1,2.8,2.5,0.15625,4.99756,2.64526,2.71973,2.8479,2.25952,36.2224,15.2353,2,372.662,1246.11,32.526,31.2146,30.0005,31.0378,30.9315,-1,40,10,-999.9,400,20,101.69,94.0913
41,1786550657,5133.1,20260813 00:04:17,00:04:17,15,,1786550649,0.000941008,0.941007957,2.125984293,299.6059094,155.7616789,15.81979784,30.42921053,0.026264641,1.389734794,0.025991966,0.016269242,287.4260733,37.53775983,35.84784,5.919038443,43.00405908,2.392485713,5.563395093,3.52655273,-41.49845089,-84.01208797,-14.15757645,147.757958,2.224157908,1.05860072,2.125984293,310.676202,307.1427273,0.096478314,60.85988448,0.941007957,22.41377206,23.59981576,0.012785684,69.65,45,10,1.003575126,0.357512588,25263.93877,1499.979333,1261.19764,0.840810011,0.191620022,6,0.5,0: Broadleaf,2,TRUE,1786550649,299.6564,303.1504667,23.55640667,22.13600667,313.9646,23.36487333,435.0434,101.4642,0.099919973,34.72653333,35.84784,999.9,0,0,5003,0,95.11628,-3.494053333,306.8853333,310.0132,1.420391333,303.1504667,22.13600667,2.39013,2.246012,20.29706667,19.29332667,1499.979333,0.973001,0.02699866,0,1.994,0,17380.92667,12843.72,45.03306667,47,46,45.562,45.062,1459.479333,40.5,0,1786550653,0,1786550384,23:59:44,1786550369,1786550384,2,-0.075,0.533,-14.308,0.192,330,22,0.48,0.27,-3.4432375,-4.022633233,0.566888957,0,1.5650885,-3.371276842,0.35398163,0,0,2,0/2,3.00857,2.7595,0.0754432,0.0741719,0.111354,0.104369,32692.5,23487,33482.8,25653.8,37979.2,31086.5,48928.3,40102.8,1.75305,2.65385,0.191443,0,32.7247,999.9,61.684,33.133,30.9451,29.1955,-100,3,0.294179,0,20.2436,5.20501,11.956,4.96945,3.294,9999,154.5,9999,7168.5,4.97362,1.87302,1.87084,1.8724,1.87286,1.87365,1.87329,1.87775,0,0,0,0,11111111,oooooooo,on,on,on,on,0,100,100,-14.308,0.1915,-14.3083,0,0,0,0.191509091,0,0,0,-1,-1,-1,-1,4.8,4.5,0.15625,4.99756,2.64526,2.71973,2.8479,2.27539,36.5051,15.209,2,374.599,1245.4,32.6238,31.3555,30.0008,31.1832,31.079,-1,40,10,-999.9,400,20,101.661,94.1015
42,1786550777,5253.1,20260813 00:06:17,00:06:17,15,,1786550769,0.000569809,0.569808979,0.657011966,334.931447,252.2842217,25.6250588,34.01971777,0.016045841,1.38900115,0.015943571,0.009973866,287.4320267,37.78405316,35.91488,5.940913227,44.09264549,2.460951761,5.581320271,3.479961467,-25.12857597,-84.64568606,-14.280568,163.3771966,-3.003804364,0.518898217,0.657011966,332.6344886,337.8503455,-1.108497567,60.85988448,0.569808979,23.44918338,24.22359455,-0.001252111,69.65,45,10,1.003578841,0.35788409,25237.80696,1500.010667,1261.22396,0.840809994,0.191619988,6,0.5,0: Broadleaf,2,TRUE,1786550769,334.9470667,331.0606,24.2286,23.53316667,349.2556,24.03709333,435.2471333,101.4721333,0.100048327,34.78452,35.91488,999.9,0,0,4999,0,87.8646,3.886521533,343.2639333,339.0399333,0.6954378,331.0606,23.53316667,2.458526667,2.387959333,20.75451333,20.28228,1500.010667,0.9730022,0.026997453,0,2.494,0,17022.96,12843.97333,45.187,47.062,46.125,45.75,45.229,1459.510667,40.5,0,1786550773,0,1786550384,23:59:44,1786550369,1786550384,2,-0.075,0.533,-14.308,0.192,330,22,0.48,0.27,1.31109865,71.69536362,7.427340014,0,0.65478275,1.000715684,0.105491212,0,0,2,0/2,3.01018,2.75945,0.080877,0.0770112,0.113601,0.108399,32487.1,23397.5,33469.8,25635.3,37866.6,30923,48910.9,40077.4,1.7542,2.65095,0.211485,0,32.5017,999.9,63.686,33.314,32.2701,28.8055,-100,3,0.308476,0,20.2438,5.20306,11.956,4.96905,3.294,9999,154.5,9999,7168.5,4.97364,1.87302,1.87085,1.87241,1.87286,1.87368,1.87328,1.87774,0,0,0,0,11111111,oooooooo,on,on,on,on,0,100,100,-14.308,0.1915,-14.3083,0,0,0,0.191509091,0,0,0,-1,-1,-1,-1,6.8,6.5,0.15625,4.99756,2.64526,2.71973,2.8479,2.24121,36.7654,15.209,2,376.207,1244.61,32.6504,31.5262,30.0005,31.3498,31.2399,-1,40,10,-999.9,400,20,101.624,94.0387
43,1786550897,5373.1,20260813 00:08:17,00:08:17,15,,1786550889,0.000430903,0.43090336,2.804502324,328.5721536,-63.87960067,-6.48866093,33.37518196,0.011713054,1.38906042,0.011658459,0.007291421,287.4287811,38.05285492,36.16551333,6.023316784,42.97230853,2.425123403,5.643456183,3.598193381,-19.00283819,-88.45905061,-14.95600882,165.0108835,10.8218617,0.522862952,2.804502324,361.9770944,347.3943273,1.927424057,60.85988448,0.43090336,23.56464712,23.9908703,0.023989335,69.65,45,10,1.003580953,0.358095326,25222.97257,1499.994,1261.209921,0.840809977,0.191619954,6,0.5,0: Broadleaf,2,TRUE,1786550889,328.6388667,343.6886,23.87486667,23.17628667,342.9471333,23.68335333,436.7551333,101.4764,0.100016593,34.98428,36.16551333,999.9,0,0,4999.081333,0,90.80983333,-15.0497246,336.6772,351.8471333,0.698577267,343.6886,23.17628667,2.422736,2.351848,20.51653333,20.03424,1499.994,0.973002133,0.026997533,0,2.225666667,0,16838.46,12843.83333,45.2748,47.17046667,46.25,45.812,45.3204,1459.494667,40.49866667,0,1786550893,0,1786550384,23:59:44,1786550369,1786550384,2,-0.075,0.533,-14.308,0.192,330,22,0.48,0.27,-9.39441945,-112.5674733,11.36360296,0,0.85286995,-4.021743925,0.398278959,0,0,2,0/2,3.01132,2.7594,0.0831641,0.0846863,0.112808,0.109297,32394.9,23195.8,33458.8,25628,37895.8,30883.2,48896.9,40066.4,1.75532,2.64482,0.216682,0,32.664,999.9,62.831,33.475,32.1231,28.6555,-100,3,0.32045,0,20.2439,5.20187,11.956,4.9696,3.294,9999,154.5,9999,7168.5,4.97368,1.87302,1.87087,1.87239,1.87287,1.87367,1.87326,1.87775,0,0,0,0,11111111,oooooooo,on,on,on,on,0,100,100,-14.308,0.1915,-14.3083,0,0,0,0.191509091,0,0,0,-1,-1,-1,-1,8.8,8.6,0.15625,4.99756,2.64526,2.72095,2.8479,2.25952,37.0032,15.1827,2,377.724,1238.99,32.7402,31.6805,30.0003,31.503,31.3949,-1,40,10,-999.9,400,20,101.593,94.0124
44,1786551018,5494,20260813 00:10:18,00:10:18,15,,1786551010,0.0005911,0.591099965,2.062507547,365.2208526,150.8709227,15.32546208,37.09911907,0.016628024,1.390299014,0.016518326,0.010333749,287.4274155,38.09661947,36.14338667,6.016002213,44.5860043,2.53399333,5.683382869,3.482008883,-26.06750845,-77.33383348,-13.07006207,170.9560115,3.303375056,0.56282985,2.062507547,380.1377938,375.8921636,0.244130047,60.85988448,0.591099965,24.16065359,24.95212545,-0.000100774,69.65,44,10,1.003497624,0.349762421,25247.93562,1499.989333,1261.205761,0.84080982,0.19161964,6,0.5,0: Broadleaf,2,TRUE,1786551010,365.2698667,370.0688667,24.9458,24.19547333,379.5782,24.75429333,437.2718667,101.4799333,0.100025233,35.11163333,36.14338667,999.9,0,0,5005,0,91.11955333,-4.798816667,374.6149333,379.2447333,0.750326733,370.0688667,24.19547333,2.531495333,2.455352667,21.23042667,20.73351333,1499.989333,0.9730038,0.0269958,0,2.629666667,0,16788.06667,12843.80667,45.333,47.2206,46.25,45.937,45.437,1459.497333,40.49066667,0,1786551014,0,1786550384,23:59:44,1786550369,1786550384,2,-0.075,0.533,-14.308,0.192,330,22,0.48,0.27,-6.06545,13.08909974,2.605850472,0,0.703341286,0.794510961,0.088489555,0,0,2,0/2,3.01198,2.75958,0.0878926,0.0875812,0.116204,0.111014,32226.3,23117.3,33457.4,25622.6,37741,30817.5,48895.2,40059.9,1.7565,2.64337,0.209175,0,32.7804,999.9,64.302,33.657,33.2117,28.3955,-100,3,0.322685,0,20.2442,5.20501,11.956,4.96955,3.294,9999,154.6,9999,7168.5,4.97371,1.87302,1.87088,1.87239,1.87286,1.87368,1.8733,1.87774,0,0,0,0,11111111,oooooooo,on,on,on,on,0,100,100,-14.309,0.1915,-14.3083,0,0,0,0.191509091,0,0,0,-1,-1,-1,-1,10.8,10.6,0.155029,4.99756,2.64526,2.72095,2.8479,2.24365,37.1941,15.1477,2,378.866,1238.79,32.8567,31.7491,30.0001,31.5898,31.4846,-1,40,10,-999.9,400,20,101.589,93.9954
45,1786551138,5614,20260813 00:12:18,00:12:18,15,,1786551130,0.000637637,0.6376373,1.811090637,366.8316808,187.8448407,19.08052731,37.26129437,0.017879289,1.38898932,0.017752411,0.011106581,287.4290822,38.18929461,36.26294,6.055615779,44.79391201,2.561937653,5.719388054,3.493678127,-28.11980494,-77.66335554,-13.15306136,168.4928603,-2.271261311,0.645643268,1.811090637,372.3609132,372.3516848,-0.460704393,60.85988448,0.6376373,24.34639688,25.20377939,-0.000675042,69.65,44,10,1.003504135,0.350413547,25201.18431,1499.996,1261.211561,0.84080995,0.191619899,6,0.5,0: Broadleaf,2,TRUE,1786551130,366.8748,364.0934,25.22188,24.36115333,381.1830667,25.03036667,437.1453333,101.476,0.0999988,35.22581333,36.26294,999.9,0,0,4998.751333,0,90.63853333,2.78133832,376.3673333,373.1846,0.860713933,364.0934,24.36115333,2.559414,2.47207,21.40932667,20.84378,1499.996,0.973002467,0.026997187,0,2.131666667,0,16726.02,12843.84,45.3162,47.2038,46.2624,45.958,45.4622,1459.497333,40.49733333,0,1786551134,0,1786550384,23:59:44,1786550369,1786550384,2,-0.075,0.533,-14.308,0.192,330,22,0.48,0.27,3.270685943,-13.99566938,1.850754783,0,0.862457238,-0.042338805,0.028959049,1,1,2,1/2,3.01139,2.75948,0.0871305,0.0850828,0.117089,0.111355,32255.9,23180.6,33460.2,25622.5,37703.1,30805.4,48899.1,40060.5,1.756,2.64415,0.213664,0,32.831,999.9,64.351,33.828,33.5591,29.3855,-100,3,0.32017,0,20.2442,5.20426,11.956,4.9693,3.294,9999,154.6,9999,7168.5,4.97369,1.87302,1.87088,1.8724,1.87286,1.87367,1.8733,1.87775,0,0,0,0,11111111,oooooooo,on,on,on,on,0,100,100,-14.308,0.1915,-14.3083,0,0,0,0.191509091,0,0,0,-1,-1,-1,-1,12.8,12.6,0.155029,4.99756,2.64526,2.71973,2.8479,2.26562,37.3858,15.1477,2,378.73,1240.57,32.953,31.7463,29.9999,31.6103,31.5153,-1,40,10,-999.9,400,20,101.598,93.9961
46,1786551258,5734,20260813 00:14:18,00:14:18,15,,1786551250,0.000765658,0.765657562,1.360696591,342.9856186,221.3003717,22.47854577,34.83870301,0.020879879,1.389815551,0.020707164,0.012957376,287.4282267,38.27341589,36.49594,6.133470927,44.00743658,2.538008082,5.76722545,3.595462845,-33.76549849,-83.87310862,-14.2227902,155.5668294,-1.267576856,0.826967297,1.360696591,347.9212063,348.6932545,-0.48740637,60.85988448,0.765657562,23.85323006,24.92996182,-0.008050725,69.65,44,10,1.003502545,0.350254484,25212.58914,1499.990667,1261.20716,0.840810005,0.19162001,6,0.5,0: Broadleaf,2,TRUE,1786551250,343.018,341.672,24.98658667,23.88254,357.3263333,24.79508,436.6216667,101.4748,0.100021567,35.37655333,36.49594,999.9,0,0,5002.874667,0,89.96473333,1.345940647,351.8086,350.0318,1.104025333,341.672,23.88254,2.535505333,2.423474667,21.25622,20.52146667,1499.990667,0.973000467,0.026999267,0,3.132333333,0,16642.20667,12843.78667,45.25,47.12913333,46.25,45.75,45.375,1459.490667,40.5,0,1786551254,0,1786550384,23:59:44,1786550369,1786550384,2,-0.075,0.533,-14.308,0.192,330,22,0.48,0.27,1.499226338,-0.492136644,1.248885122,0,1.071287857,0.424486208,0.058577469,0,0,2,0/2,3.01127,2.7594,0.0828779,0.0813655,0.116084,0.109584,32410.8,23280.9,33464.8,25629.2,37752.5,30874.6,48905.5,40069.3,1.75653,2.6435,0.212058,0,33.0767,999.9,62.746,33.999,33.0348,28.6355,-100,3,0.316019,0,20.2443,5.20471,11.956,4.96925,3.294,9999,154.6,9999,7168.5,4.97368,1.87302,1.87088,1.87241,1.87286,1.87365,1.8733,1.87775,0,0,0,0,11111111,oooooooo,on,on,on,on,0,100,100,-14.308,0.1915,-14.3083,0,0,0,0.191509091,0,0,0,-1,-1,-1,-1,14.8,14.6,0.155029,4.99756,2.64526,2.71973,2.8479,2.26807,37.53,15.1215,2,378.92,1239.52,33.0509,31.7098,29.9999,31.5964,31.5105,-1,40,10,-999.9,400,20,101.611,94.0184
47,1786551378,5854,20260813 00:16:18,00:16:18,15,,1786551370,0.000589446,0.589446494,1.627966534,353.5548329,178.2427258,18.10519101,35.91270137,0.016379419,1.39071755,0.016272998,0.010180128,287.4283144,38.3471275,36.40296667,6.102301007,44.77269428,2.580227229,5.762948311,3.522073778,-25.99459038,-77.96392278,-13.20533395,170.2644673,-4.102415392,0.728845268,1.627966534,358.3177516,357.8897455,-0.338385631,60.85988448,0.589446494,24.51584125,25.34222242,-0.005575745,69.65,44,10,1.003498799,0.349879871,25239.4898,1499.991333,1261.207701,0.840809992,0.191619983,6,0.5,0: Broadleaf,2,TRUE,1786551370,353.5935333,348.3189333,25.40192667,24.42727333,367.9018667,25.21041333,435.718,101.4760667,0.099977653,35.36312,36.40296667,999.9,0,0,5007.25,0,92.19088667,5.274624133,362.8098,357.0406667,0.9746588,348.3189333,24.42727333,2.577684667,2.478782,21.52546667,20.88777333,1499.991333,0.973001467,0.026998227,0,1.942,0,16593.84,12843.82,45.25413333,47.125,46.187,45.75,45.375,1459.491333,40.49933333,0,1786551374,0,1786550384,23:59:44,1786550369,1786550384,2,-0.075,0.533,-14.308,0.192,330,22,0.48,0.27,8.704655333,-73.17665158,7.655891437,0,0.983711619,-0.66551174,0.110385823,0,0,2,0/2,3.01008,2.75949,0.0845902,0.0832594,0.117604,0.111889,32352.1,23225,33466.4,25620.3,37683.9,30784.5,48907.7,40058.2,1.75452,2.64562,0.212178,0,32.9822,999.9,63.594,34.15,33.7674,28.9056,-100,3,0.31404,0,20.2441,5.20381,11.956,4.9694,3.294,9999,154.7,9999,7168.5,4.97371,1.87302,1.87088,1.87241,1.87286,1.87366,1.87329,1.87775,0,0,0,0,11111111,oooooooo,on,on,on,on,0,100,100,-14.309,0.1915,-14.3083,0,0,0,0.191509091,0,0,0,-1,-1,-1,-1,16.8,16.6,0.155029,4.99756,2.64526,2.72095,2.8479,2.26196,37.6745,15.1302,2,377.759,1242.28,33.1071,31.6822,29.9999,31.577,31.4946,-1,40,10,-999.9,400,20,101.616,93.9897
48,1786551498,5974,20260813 00:18:18,00:18:18,15,,1786551490,0.000512307,0.512307286,1.578443178,343.5790942,146.7463354,14.90547712,34.89838648,0.01391773,1.388171696,0.013840673,0.008657308,287.4264533,38.45043582,36.50137333,6.135296756,43.86124908,2.536091534,5.782077773,3.599205222,-22.59275132,-80.69452464,-13.70344257,170.4357348,7.996410016,0.388588121,1.578443178,364.5190908,358.7828121,0.633205432,60.85988448,0.512307286,24.51429819,25.0930497,0.017400665,69.65,44,10,1.003509647,0.350964657,25161.74981,1499.981333,1261.19932,0.84081001,0.19162002,6,0.5,0: Broadleaf,2,TRUE,1786551490,343.6167333,354.7928667,24.96814667,24.44737333,357.925,24.77663333,434.9609333,101.4730667,0.10001234,35.42313333,36.50137333,999.9,0,0,4994.874667,0,92.25958667,-11.17610067,352.4162667,363.6841333,0.5207696,354.7928667,24.44737333,2.533592667,2.480749333,21.24384667,20.90065333,1499.981333,0.973,0.0269997,0,2.817,0,16523.98,12843.72667,45.2164,47.125,46.187,45.729,45.3708,1459.481333,40.5,0,1786551494,0,1786550384,23:59:44,1786550369,1786550384,2,-0.075,0.533,-14.308,0.192,330,22,0.48,0.27,-10.78472429,12.29390416,3.979754198,0,0.617952143,-1.275838753,0.17814389,0,0,2,0/2,3.00948,2.75932,0.0848336,0.0834335,0.11675,0.111754,32345,23222.5,33468,25622.3,37724.4,30791.5,48909.8,40060.9,1.75362,2.64675,0.219606,0,32.9751,999.9,62.605,34.322,33.5614,28.9056,-100,3,0.311941,0,20.2442,5.20381,11.956,4.9696,3.294,9999,154.7,9999,7168.5,4.97372,1.87302,1.87088,1.87241,1.87286,1.87367,1.8733,1.87775,0,0,0,0,11111111,oooooooo,on,on,on,on,0,100,100,-14.309,0.1915,-14.3083,0,0,0,0.191509091,0,0,0,-1,-1,-1,-1,18.8,18.6,0.155029,4.99756,2.64526,2.71973,2.8479,2.2583,37.7711,15.1127,2,377.173,1243.55,33.151,31.6597,30,31.5576,31.4775,-1,40,10,-999.9,400,20,101.62,93.9964
49,1786551618,6094,20260813 00:20:18,00:20:18,15,,1786551610,0.000596123,0.596123278,1.11373524,331.8712784,203.3730678,20.6567347,33.70838147,0.015940784,1.38756308,0.015839739,0.009908862,287.4320267,38.54934373,36.73898,6.215605669,43.9005091,2.558126566,5.8271,3.657479102,-26.28903655,-87.91834917,-14.96418146,158.2604595,1.082010362,0.569779052,1.11373524,340.7295367,340.0612485,-0.164296777,60.85988448,0.596123278,24.37845291,25.18392848,-0.00016566,69.65,43,10,1.003433551,0.343355147,25132.95237,1500.010667,1261.22396,0.840809994,0.191619988,6,0.5,0: Broadleaf,2,TRUE,1786551610,331.8978667,333.6523333,25.18568667,24.41951333,346.2063333,24.99418,433.4364667,101.4706667,0.09998336,35.5637,36.73898,999.9,0,0,4992,0,89.71242667,-1.7543175,340.4730667,342.004,0.7661718,333.6523333,24.41951333,2.55561,2.477867333,21.38506,20.88182,1500.010667,0.972999,0.02700072,0,2.48,0,16449.21333,12843.98667,45.187,47.1124,46.187,45.625,45.312,1459.510667,40.5,0,1786551614,0,1786550384,23:59:44,1786550369,1786550384,2,-0.075,0.533,-14.308,0.192,330,22,0.48,0.27,-2.367677738,15.65040479,1.728575498,0,0.756157286,0.295161974,0.040510883,0,0,2,0/2,3.00786,2.75953,0.0813418,0.07943,0.117029,0.1113,32468.6,23323.1,33468.2,25621.4,37710.8,30806,48910.1,40059.6,1.7508,2.6462,0.218228,0,33.2214,999.9,62.074,34.442,33.4998,29.0256,-100,3,0.311151,0,20.2442,5.20471,11.956,4.9695,3.294,9999,154.7,9999,7168.5,4.97373,1.87302,1.87088,1.87239,1.87286,1.87368,1.8733,1.87774,0,0,0,0,11111111,oooooooo,on,on,on,on,0,100,100,-14.308,0.1916,-14.3083,0,0,0,0.191509091,0,0,0,-1,-1,-1,-1,20.8,20.6,0.155029,4.99756,2.64526,2.71973,2.8479,2.24854,37.8679,15.0777,2,375.638,1242.46,33.2217,31.6488,30,31.5463,31.4637,-1,40,10,-999.9,400,20,101.621,93.9933
50,1786551738,6214,20260813 00:22:18,00:22:18,15,,1786551730,0.000262239,0.262239448,1.660275709,378.1361279,-6.241450623,-0.633956628,38.40804311,0.007131361,1.389677316,0.007111093,0.004446249,287.4301267,38.69887163,36.69404667,6.200349003,44.95102185,2.617210486,5.822360379,3.583138517,-11.56475964,-85.79121661,-14.57569185,175.4984586,9.579151155,0.234914906,1.660275709,407.4382758,397.4122606,1.379268308,60.85988448,0.262239448,25.49946592,25.8125297,0.006440165,69.65,44,10,1.003505047,0.350504726,25194.65146,1500.000667,1261.21556,0.84081,0.191619999,6,0.5,0: Broadleaf,2,TRUE,1786551730,378.1756667,391.5269333,25.76704667,25.45103333,392.4838667,25.57554,432.9716,101.472,0.10000086,35.54894667,36.69404667,999.9,0,0,5002.332667,0,87.74169333,-13.35124667,388.1779333,401.7521333,0.316020467,391.5269333,25.45103333,2.61463,2.582562667,21.75820667,21.55638667,1500.000667,0.972999667,0.02700004,0,2.116666667,0,16399.44,12843.88667,45.2164,47.125,46.187,45.708,45.3582,1459.500667,40.5,0,1786551734,0,1786550384,23:59:44,1786550369,1786550384,2,-0.075,0.533,-14.308,0.192,330,22,0.48,0.27,-12.23714,-14.31248026,2.350031191,0,0.324239429,-0.176278364,0.018363165,0,0,2,0/2,3.00754,2.75941,0.0916271,0.0914041,0.119334,0.115044,32104.2,23004.4,33467,25604,37605.9,30657.3,48908.7,40036.6,1.74972,2.64568,0.210486,0,33.2725,999.9,63.777,34.583,34.6899,29.2656,-100,3,0.312241,0,20.2441,5.20157,11.956,4.96935,3.29405,9999,154.8,9999,7168.5,4.97369,1.87302,1.87088,1.87241,1.87286,1.87367,1.87332,1.87773,0,0,0,0,11111111,oooooooo,on,on,on,on,0,100,100,-14.308,0.1915,-14.3083,0,0,0,0.191509091,0,0,0,-1,-1,-1,-1,22.8,22.6,0.155029,4.99756,2.64526,2.71973,2.8479,2.27173,37.9891,15.0777,2,375.099,1241.77,33.2897,31.6572,30.0003,31.5493,31.4672,-1,40,10,-999.9,400,20,101.618,93.9355
51,1786551858,6334,20260813 00:24:18,00:24:18,15,,1786551850,0.000516919,0.516918643,1.304016111,323.7195609,155.3641954,15.77997683,32.87943632,0.013633131,1.388397297,0.013559195,0.008481106,287.4408077,38.63344215,36.78826667,6.232377942,43.26165092,2.527276107,5.841839259,3.705101835,-22.79611214,-88.23118999,-15.01533208,161.3981735,1.135622514,0.659609557,1.304016111,335.0734296,332.2116727,0.183157781,60.85988448,0.516918643,24.15715539,24.85513273,-0.000196751,69.65,43,10,1.003430775,0.343077497,25153.2226,1500.056667,1261.262621,0.840809983,0.191619966,6,0.5,0: Broadleaf,2,TRUE,1786551850,323.7506667,325.6101333,24.88268667,23.99677333,338.0590667,24.69114667,434.0886,101.4676667,0.099987233,35.60951333,36.78826667,999.9,0,0,4996.25,0,85.69541333,-1.859395567,332.0120667,333.6162,0.885886533,325.6101333,23.99677333,2.524788,2.434896667,21.18716,20.59752667,1500.056667,0.972998467,0.0270013,0,2.668666667,0,16302.58667,12844.38667,45.187,47.125,46.187,45.687,45.3246,1459.555333,40.50066667,0,1786551854,0,1786550384,23:59:44,1786550369,1786550384,2,-0.075,0.533,-14.308,0.192,330,22,0.48,0.27,-0.22738731,-32.58172613,3.334493192,0,0.925574048,-1.314894312,0.167262401,0,0,2,0/2,3.00838,2.75946,0.0800341,0.0794329,0.115858,0.111023,32512.8,23321.3,33466.2,25619.7,37762.8,30812.9,48907.5,40055.8,1.75195,2.64453,0.22018,0,33.2202,999.9,60.56,34.755,33.2579,28.7256,-100,3,0.313021,0,20.2442,5.20411,11.956,4.9692,3.294,9999,154.8,9999,7168.5,4.97371,1.87302,1.87088,1.87241,1.87287,1.87369,1.87329,1.87774,0,0,0,0,11111111,oooooooo,on,on,on,on,0,100,100,-14.309,0.1915,-14.3083,0,0,0,0.191509091,0,0,0,-1,-1,-1,-1,24.8,24.6,0.155029,4.99756,2.64526,2.71973,2.8479,2.2583,38.1106,15.0602,2,376.258,1240.14,33.3155,31.6655,30.0002,31.5503,31.4687,-1,40,10,-999.9,400,20,101.615,93.9853
52,1786551978,6454,20260813 00:26:18,00:26:18,15,,1786551970,0.000244749,0.244748775,0.893086855,297.6785083,69.2650432,7.03480789,30.23330416,0.006585276,1.390896669,0.006568003,0.00410655,287.4294933,38.50697191,36.43994,6.114680044,43.2452973,2.490362081,5.758688774,3.624317963,-10.79342098,-81.75026026,-13.8464609,181.0393512,-0.152127417,0.208981482,0.893086855,304.0149537,303.9031091,-0.207910343,60.85988448,0.244748775,24.49021983,24.67472,0.02288019,69.65,44,10,1.003497865,0.349786488,25246.20451,1499.997333,1261.21276,0.840810001,0.191620003,6,0.5,0: Broadleaf,2,TRUE,1786551970,297.6997333,297.5763333,24.52022,24.23978667,312.0081333,24.32869333,434.6033333,101.4635333,0.100077473,35.34973333,36.43994,999.9,0,0,5008.75,0,94.85328667,0.123488267,305.183,304.9685333,0.280425647,297.5763333,24.23978667,2.487904,2.459452667,20.94748667,20.76014,1499.997333,0.972998733,0.02700098,0,2.402333333,0,16220.06667,12843.86,45.30786667,47.17873333,46.25,45.625,45.3204,1459.497333,40.5,0,1786551974,0,1786550384,23:59:44,1786550369,1786550384,2,-0.075,0.533,-14.308,0.192,330,22,0.48,0.27,-0.085010429,4.564655532,0.49906017,0,0.391936557,-2.026053179,0.218861533,0,0,2,0/2,3.01047,2.75966,0.074618,0.0725556,0.115277,0.111665,32697.7,23491,33459.9,25614.9,37783.2,30783.2,48899.6,40048.6,1.75502,2.64138,0.223838,0,32.813,999.9,59.657,34.896,33.0189,29.0256,-100,3,0.319134,0,20.2444,5.20426,11.956,4.96955,3.29402,9999,154.8,9999,7168.5,4.97376,1.87302,1.87088,1.87241,1.87287,1.87366,1.87331,1.87773,0,0,0,0,11111111,oooooooo,on,on,on,on,0,100,100,-14.308,0.1915,-14.3083,0,0,0,0.191509091,0,0,0,-1,-1,-1,-1,26.8,26.6,0.155029,4.99756,2.64526,2.71851,2.8479,2.2583,38.1837,15.0426,2,378.109,1236.38,33.2745,31.7099,30.0006,31.5918,31.5078,-1,40,10,-999.9,400,20,101.598,93.9683
53,1786552098,6574,20260813 00:28:18,00:28:18,15,,1786552090,4.40172E-05,0.044017169,2.257276442,304.7302273,-2577.003474,-261.7278574,30.94927511,0.001226036,1.388273062,0.001225435,0.000765951,287.4280177,38.42015651,36.19083333,6.031696474,44.538842,2.537498092,5.697270017,3.494198382,-1.941157149,-77.47062403,-13.11812422,194.8981123,11.53043458,0.253300742,2.257276442,337.7250097,323.994,1.899321007,60.85988448,0.044017169,25.09191596,25.04873818,0.016141939,69.65,44,10,1.003506132,0.35061318,25186.88533,1499.989333,1261.206062,0.840810021,0.191620041,6,0.5,0: Broadleaf,2,TRUE,1786552090,304.784,320.7626,24.98450667,24.64457333,319.0922667,24.79300667,434.3566,101.4628667,0.099998887,35.15574667,36.19083333,999.9,0,0,4995.875333,0,80.72856,-15.978688,312.5941333,328.8712667,0.3399461,320.7626,24.64457333,2.535,2.500509333,21.25296667,21.02822,1499.989333,0.9729968,0.027003013,0,2.798,0,16174.76667,12843.78667,45.437,47.229,46.375,45.77893333,45.437,1459.486,40.50066667,0,1786552094,0,1786550384,23:59:44,1786550369,1786550384,2,-0.075,0.533,-14.308,0.192,330,22,0.48,0.27,-12.2509119,-73.21884,7.979046718,0,0.228126143,-0.208373003,0.368754024,0,0,2,0/2,3.00895,2.75958,0.0788153,0.0810314,0.116592,0.113949,32533.7,23259.8,33444.4,25597.3,37710.8,30683.9,48878.5,40023.7,1.75075,2.63622,0.238724,0,32.3234,999.9,60.182,35.006,33.5141,28.9956,-100,3,0.334748,0,20.2442,5.20501,11.956,4.9696,3.29405,9999,154.9,9999,7168.5,4.97374,1.87302,1.87088,1.8724,1.87288,1.87365,1.87329,1.87773,0,0,0,0,11111111,oooooooo,on,on,on,on,0,100,100,-14.308,0.1915,-14.3083,0,0,0,0.191509091,0,0,0,-1,-1,-1,-1,28.8,28.6,0.155029,4.99756,2.64526,2.71973,2.8479,2.26807,38.2568,15.0076,2,376.649,1231.36,33.1425,31.8601,30.0007,31.718,31.6233,-1,40,10,-999.9,400,20,101.553,93.9073
54,1786552218,6694,20260813 00:30:18,00:30:18,15,,1786552210,9.76441E-05,0.097644114,2.075245879,331.1546186,-882.6900294,-89.64085494,33.63013305,0.002702439,1.389685381,0.002699523,0.001687464,287.43574,38.54604363,36.38734667,6.09707782,44.90753744,2.58071628,5.746733014,3.51636154,-4.306105416,-80.55725363,-13.65030529,188.9220757,20.43276851,-0.004808344,2.075245879,377.6553798,359.8350606,2.695980569,60.85988448,0.097644114,25.62559498,25.58742667,0.026757381,69.65,44,10,1.003502219,0.350221911,25214.92587,1500.03,1261.24022,0.840809997,0.191619994,6,0.5,0: Broadleaf,2,TRUE,1786552210,331.204,359.2262,25.41221333,25.41864,345.5120667,25.22067333,435.9372,101.4542,0.09997186,35.31211333,36.38734667,999.9,0,0,5003.25,0,78.70831333,-28.02234667,339.8414,368.5984,-0.006449985,359.2262,25.41864,2.578174667,2.578828667,21.5285,21.53226,1500.03,0.972998133,0.02700164,0,2.590666667,0,16126.85333,12844.14,45.5,47.3372,46.43286667,46.0248,45.562,1459.529333,40.50066667,0,1786552214,0,1786550384,23:59:44,1786550369,1786550384,2,-0.075,0.533,-14.308,0.192,330,22,0.48,0.27,-25.01970952,-42.14976623,6.829152487,0,0.186756773,-3.047798047,0.338334116,0,0,2,0/2,3.01005,2.75953,0.0853802,0.0881972,0.118469,0.115497,32292.6,23066.2,33435.3,25584.2,37620.2,30615.8,48866.6,40005.3,1.75165,2.6352,0.239618,0,32.5436,999.9,61.207,35.127,34.3189,29.1456,-100,3,0.344451,0,20.2445,5.20516,11.956,4.96945,3.294,9999,154.9,9999,7168.5,4.9737,1.87302,1.87088,1.87241,1.87287,1.87365,1.87332,1.87773,0,0,0,0,11111111,oooooooo,on,on,on,on,0,100,100,-14.309,0.1916,-14.3083,0,0,0,0.191509091,0,0,0,-1,-1,-1,-1,30.8,30.6,0.155029,4.99756,2.64526,2.72095,2.8479,2.28027,38.3545,15.0164,2,377.85,1232.27,33.1671,31.9976,30.0004,31.8388,31.737,-1,40,10,-999.9,400,20,101.527,93.8623
55,1786552338,6814,20260813 00:32:18,00:32:18,15,,1786552330,0.000269215,0.269215172,0.466135775,356.7372123,239.3350036,24.30548879,36.22818302,0.007465201,1.387796994,0.007442963,0.004653844,287.4329899,38.60960931,36.55262667,6.152543275,45.53778711,2.638265891,5.793575092,3.514277384,-11.87238909,-81.81497854,-13.90335617,179.8422661,-4.128336222,0.295630977,0.466135775,357.8800639,361.1526727,-0.71322396,60.85988448,0.269215172,25.55996399,25.94524182,-0.003970409,69.65,43,10,1.003431379,0.343137895,25148.81038,1500.014667,1261.227422,0.84081006,0.19162012,6,0.5,0: Broadleaf,2,TRUE,1786552330,356.7483333,351.2412667,25.97888,25.58469333,371.0566,25.78737333,436.7573333,101.4542667,0.099991693,35.45912,36.55262667,999.9,0,0,4993.957333,0,76.91891333,5.507143333,366.2634667,360.4638,0.394180267,351.2412667,25.58469333,2.635667333,2.595675333,21.88943333,21.63916667,1500.014667,0.972996933,0.02700284,0,2.530333333,0,16063.58,12844,45.5,47.3708,46.437,46.125,45.625,1459.509333,40.50333333,0,1786552334,0,1786550384,23:59:44,1786550369,1786550384,2,-0.075,0.533,-14.308,0.192,330,22,0.48,0.27,4.26005319,13.52310499,2.663741989,0,0.349764,0.604388883,0.074686316,0,0,2,0/2,3.01085,2.75945,0.0849838,0.0828898,0.119642,0.115116,32305.7,23201.5,33434.6,25585.6,37567.5,30629.8,48866.1,40007.3,1.75325,2.6346,0.235051,0,32.7674,999.9,61.336,35.238,34.6027,29.0256,-100,3,0.345749,0,20.2447,5.20381,11.956,4.9694,3.294,9999,154.9,9999,7168.5,4.97373,1.87302,1.87088,1.87241,1.87286,1.87364,1.87331,1.87774,0,0,0,0,11111111,oooooooo,on,on,on,on,0,100,100,-14.309,0.1915,-14.3083,0,0,0,0.191509091,0,0,0,-1,-1,-1,-1,32.8,32.6,0.155029,4.99756,2.64526,2.71851,2.8479,2.26685,38.4524,14.9901,2,379.062,1232.69,33.2339,32.0523,29.9999,31.9007,31.7987,-1,40,10,-999.9,400,20,101.525,93.8673
56,1786552458,6934,20260813 00:34:18,00:34:18,15,,1786552450,0.000172253,0.172252503,-0.154073889,370.600867,400.114386,40.63329068,37.63606928,0.00476191,1.390168113,0.004752867,0.002971353,287.4286088,38.73458091,36.64221333,6.182789912,45.75189313,2.662567953,5.819579848,3.520221959,-7.596335374,-82.58581505,-14.02202887,183.2244295,-0.111403512,0.112430427,-0.154073889,376.1607242,379.3400727,-0.537402406,60.85988448,0.172252503,26.0096717,26.23592727,0.000681526,69.65,43,10,1.003423007,0.342300749,25210.10515,1499.992667,1261.208841,0.840810005,0.191620009,6,0.5,0: Broadleaf,2,TRUE,1786552450,370.5972,370.5018667,26.2182,26.06824,384.9053333,26.02668667,436.5130667,101.4542,0.099985753,35.54028667,36.64221333,999.9,0,0,5005.625333,0,73.35767333,0.095345333,380.5752,380.419,0.149951733,370.5018667,26.06824,2.659943333,2.64473,22.03973333,21.94564667,1499.992667,0.972997267,0.0270025,0,2.143333333,0,15978.97333,12843.80667,45.5,47.3708,46.437,46.1208,45.625,1459.491333,40.5,0,1786552454,0,1786550384,23:59:44,1786550369,1786550384,2,-0.075,0.533,-14.308,0.192,330,22,0.48,0.27,-1.974287619,51.04486442,5.623973718,0,0.13959281,0.443851948,0.060401602,0,0,2,0/2,3.01062,2.75947,0.088098,0.0850706,0.120679,0.116173,32198.5,23143.1,33437.4,25582.1,37523.6,30589.3,48870.1,40002.9,1.75277,2.63465,0.228152,0,32.9557,999.9,61.769,35.349,35.0607,29.2056,-100,3,0.343613,0,20.2445,5.20396,11.956,4.9696,3.29402,9999,155,9999,7168.5,4.97372,1.87302,1.87088,1.87241,1.87287,1.87365,1.87332,1.87773,0,0,0,0,11111111,oooooooo,on,on,on,on,0,100,100,-14.308,0.1915,-14.3083,0,0,0,0.191509091,0,0,0,-1,-1,-1,-1,34.8,34.6,0.155029,4.99756,2.64526,2.71851,2.8479,2.25586,38.5259,14.9638,2,378.899,1233.23,33.3116,32.0467,29.9999,31.9147,31.821,-1,40,10,-999.9,400,20,101.534,93.8558
57,1786552578,7054.1,20260813 00:36:18,00:36:18,15,,1786552570,0.000404367,0.404367332,0.334104462,329.8688351,263.326183,26.7401939,33.49745366,0.010958207,1.388715142,0.010910394,0.006823275,287.4285733,38.62521356,36.69388,6.200292474,44.66069637,2.599745473,5.821103753,3.600547001,-17.83259934,-86.01232409,-14.62309305,168.9605569,-4.777587112,0.467690947,0.334104462,329.1509123,332.9078727,-0.766374885,60.85988448,0.404367332,24.88322211,25.51044788,-0.013453896,69.65,43,10,1.003428706,0.342870559,25168.35184,1499.989333,1261.20634,0.840810206,0.191620412,6,0.5,0: Broadleaf,2,TRUE,1786552570,329.8768,323.5369333,25.6012,24.97626667,344.1850667,25.40969333,436.0011333,101.4478,0.099997467,35.54503333,36.69388,999.9,0,0,4998.792,0,71.14388,6.339864,338.5442667,331.8248,0.6249416,323.5369333,24.97626667,2.597184667,2.533783333,21.64866,21.24508667,1499.989333,0.972994333,0.027005493,0,3.570333333,0,15863.7,12843.77333,45.437,47.312,46.4246,45.87913333,45.562,1459.479333,40.51,0,1786552574,0,1786550384,23:59:44,1786550369,1786550384,2,-0.075,0.533,-14.308,0.192,330,22,0.48,0.27,6.126484762,-0.354765195,1.362723695,0,0.605445571,0.361262416,0.041143852,0,0,2,0/2,3.00999,2.75948,0.0798843,0.0773537,0.11805,0.113003,32491.6,23349.8,33440.6,25594.7,37644.5,30713.1,48874.3,40019.4,1.75242,2.6377,0.233829,0,32.9036,999.9,59.333,35.45,33.8679,29.1128,-100,3,0.340884,0,20.2445,5.20336,11.956,4.96915,3.29405,9999,155,9999,7168.5,4.97374,1.87302,1.87088,1.87241,1.87289,1.87363,1.87331,1.87772,0,0,0,0,11111111,oooooooo,on,on,on,on,0,100,100,-14.308,0.1915,-14.3083,0,0,0,0.191509091,0,0,0,-1,-1,-1,-1,36.8,36.6,0.155029,4.99756,2.64526,2.71851,2.8479,2.24854,38.575,14.9376,2,378.629,1237.46,33.3558,32.0139,30,31.9004,31.8126,-1,40,10,-999.9,400,20,101.543,93.8976
58,1786552698,7174.1,20260813 00:38:18,00:38:18,15,,1786552690,0.000440159,0.440159095,-0.238139697,327.5353381,339.7691054,34.5009019,33.25865827,0.011987028,1.389615911,0.011929879,0.007461286,287.4312333,38.61274763,36.66681333,6.191118031,44.76687123,2.606970708,5.823437369,3.584147323,-19.41101607,-83.49596527,-14.18471544,170.3395366,-7.922458636,0.409896093,-0.238139697,317.1647737,326.2038182,-1.575207168,60.85988448,0.440159095,24.81956324,25.5541297,-0.022699716,69.65,43,10,1.003425234,0.342523413,25193.77271,1500.003333,1261.2181,0.840810198,0.191620396,6,0.5,0: Broadleaf,2,TRUE,1786552690,327.5296667,316.8346667,25.67376667,25.12535333,341.8378667,25.48225333,435.4088,101.4422,0.09999838,35.5523,36.66681333,999.9,0,0,5003.5,0,68.75446667,10.694904,336.1603333,325.0021333,0.5483956,316.8346667,25.12535333,2.604404667,2.548773333,21.69406667,21.34044667,1500.003333,0.972995333,0.02700446,0,3.069333333,0,15771.8,12843.9,45.42873333,47.25,46.375,45.812,45.5,1459.493333,40.51,0,1786552694,0,1786550384,23:59:44,1786550369,1786550384,2,-0.075,0.533,-14.308,0.192,330,22,0.48,0.27,8.014114952,32.48600649,5.452652744,0,0.446356762,2.345777844,0.268572595,0,0,2,0/2,3.00934,2.75941,0.0786248,0.07648,0.118173,0.113231,32536.7,23371.6,33441.2,25594.3,37638.6,30704.5,48874.9,40018.8,1.75147,2.6376,0.236422,0,32.8478,999.9,58.998,35.53,33.8258,28.8428,-100,3,0.339868,0,20.2444,5.20187,11.956,4.96915,3.29402,9999,155,9999,7168.5,4.97377,1.87302,1.87088,1.87241,1.87286,1.87363,1.8733,1.87772,0,0,0,0,11111111,oooooooo,on,on,on,on,0,100,100,-14.308,0.1915,-14.3083,0,0,0,0.191509091,0,0,0,-1,-1,-1,-1,38.8,38.6,0.153809,4.99756,2.64526,2.71851,2.8479,2.2583,38.5995,14.9288,2,378.05,1237.1,33.3529,31.993,30.0002,31.8867,31.8016,-1,40,10,-999.9,400,20,101.544,93.8961
59,1786552818,7294.1,20260813 00:40:18,00:40:18,15,,1786552810,3.15603E-05,0.031560314,-0.022040298,370.6524588,388.8672998,39.48354184,37.63410262,0.000883499,1.388321651,0.000883187,0.00055202,287.42794,38.72602958,36.49954,6.134680626,45.98057953,2.663581254,5.792839675,3.471099372,-1.391809828,-78.04466907,-13.25406278,194.7373983,0.950332565,0.01018618,-0.022040298,379.4286657,380.4947758,-0.187103112,60.85988448,0.031560314,26.21498082,26.25554485,0.000288239,69.65,43,10,1.003429193,0.342919333,25164.78433,1499.986,1261.20354,0.840810208,0.191620415,6,0.5,0: Broadleaf,2,TRUE,1786552810,370.6519333,371.9634667,26.2332,26.21956667,384.9603333,26.0417,434.9994,101.4347333,0.100010947,35.45682,36.49954,999.9,0,0,4997.5,0,67.60739333,-1.3114428,380.6375333,381.9788,0.013625343,371.9634667,26.21956667,2.660959333,2.659575333,22.046,22.03745333,1499.986,0.972994333,0.027005493,0,2.512666667,0,15683.44667,12843.77333,45.437,47.25,46.3456,45.937,45.52893333,1459.476,40.51,0,1786552814,0,1786550384,23:59:44,1786550369,1786550384,2,-0.075,0.533,-14.308,0.192,330,22,0.48,0.27,-0.033113905,-17.18326223,3.138205104,0,0.033882736,-0.212737455,0.04296683,0,0,2,0/2,3.0093,2.7594,0.0884993,0.0881213,0.120748,0.117115,32187.7,23060.9,33440.6,25576.1,37522.5,30550.1,48874.3,39994.3,1.75093,2.63602,0.236474,0,32.6926,999.9,61.073,35.621,35.1964,29.1728,-100,3,0.33938,0,20.2444,5.20396,11.956,4.9695,3.29402,9999,155.1,9999,7168.5,4.97372,1.87302,1.87088,1.8724,1.87286,1.87363,1.87332,1.87773,0,0,0,0,11111111,oooooooo,on,on,on,on,0,100,100,-14.308,0.1915,-14.3083,0,0,0,0.191509091,0,0,0,-1,-1,-1,-1,40.8,40.6,0.155029,4.99756,2.64526,2.71851,2.8479,2.28149,38.6241,14.9113,2,377.762,1234.75,33.344,31.9958,29.9999,31.8864,31.7987,-1,40,10,-999.9,400,20,101.543,93.835
60,1786552938,7414.1,20260813 00:42:18,00:42:18,15,,1786552930,0.000318023,0.318022694,0.279240326,299.3810198,232.5591788,23.60926606,30.39297863,0.008737578,1.389175782,0.008707161,0.0054447,287.4265467,38.37486005,36.30434,6.069386229,43.97006923,2.518294059,5.727291548,3.55109217,-14.0248008,-78.90352839,-13.36561398,181.1326035,-0.324577314,0.398258587,0.279240326,305.6222264,306.1487394,-0.166801659,60.85988448,0.318022694,24.36722746,24.79431273,-0.000124383,69.65,43,10,1.003423474,0.342347394,25206.68194,1499.978667,1261.19738,0.840810212,0.191620423,6,0.5,0: Broadleaf,2,TRUE,1786552930,299.3876667,299.1069333,24.80604,24.27406,313.6959333,24.61453333,436.5058,101.4194,0.099990387,35.25079333,36.30434,999.9,0,0,5002.458667,0,71.05099333,0.28059892,307.0032,306.5480667,0.531977333,299.1069333,24.27406,2.515814,2.46186,21.12916667,20.77644667,1499.978667,0.972994667,0.027005147,0,2.421,0,15569.28,12843.7,45.562,47.3162,46.4496,45.937,45.5704,1459.468667,40.51,0,1786552934,0,1786550384,23:59:44,1786550369,1786550384,2,-0.075,0.533,-14.308,0.192,330,22,0.48,0.27,-0.0409312,7.104066732,0.768177689,0,0.529593857,-0.400248857,0.077810466,0,0,2,0/2,3.00992,2.75948,0.0749456,0.0726777,0.115487,0.111338,32660.3,23469.4,33435,25596.3,37755.1,30771.4,48866.9,40019.6,1.7522,2.6358,0.239342,0,32.4127,999.9,56.574,35.691,32.7359,29.1428,-100,3,0.345391,0,20.2446,5.20411,11.956,4.96915,3.294,9999,155.1,9999,7168.5,4.97371,1.87302,1.87088,1.87241,1.87288,1.87363,1.87331,1.87773,0,0,0,0,11111111,oooooooo,on,on,on,on,0,100,100,-14.309,0.1915,-14.3083,0,0,0,0.191509091,0,0,0,-1,-1,-1,-1,42.8,42.6,0.153809,4.99756,2.64526,2.71851,2.8479,2.26562,38.6733,14.9026,2,378.587,1235.06,33.2884,32.0265,30.0006,31.9129,31.8288,-1,40,10,-999.9,400,20,101.527,93.9001
61,1786553058,7534.1,20260813 00:44:18,00:44:18,15,,1786553050,0.00015548,0.155480231,0.433628193,294.1141965,122.7005127,12.45477417,29.85420203,0.0043565,1.387588213,0.004348916,0.002718753,287.4268,38.36180667,36.21632667,6.040143756,45.03018691,2.564994701,5.69616712,3.475149056,-6.856678194,-79.60133033,-13.48701342,187.4817781,1.325965879,0.284405947,0.433628193,303.7894869,302.6219758,0.100943796,60.85988448,0.155480231,25.06259074,25.26255091,0.001309065,69.65,43,10,1.003428513,0.342851254,25169.7642,1499.98,1261.1985,0.840810211,0.191620422,6,0.5,0: Broadleaf,2,TRUE,1786553050,294.1245333,296.055,25.26952,24.88998,308.4328,25.07800667,436.7087333,101.4054667,0.100011107,35.15224667,36.21632667,999.9,0,0,4995.333333,0,71.06816,-1.930476667,301.7494667,303.6119333,0.3795372,296.055,24.88998,2.562467333,2.523979333,21.42878,21.18177333,1499.98,0.9729942,0.027005587,0,2.599333333,0,15489.94,12843.7,45.75413333,47.4454,46.625,46.1746,45.75,1459.47,40.51,0,1786553054,0,1786550384,23:59:44,1786550369,1786550384,2,-0.075,0.533,-14.308,0.192,330,22,0.48,0.27,-1.688179905,-2.335084597,0.638521676,0,0.385199286,-0.602747844,0.138427001,0,0,2,0/2,3.01127,2.75956,0.0742776,0.072513,0.117129,0.112614,32668.4,23461.2,33419.9,25583.5,37667.7,30711.8,48846.6,40001.6,1.7532,2.6305,0.246383,0,32.2147,999.9,57.02,35.762,33.1235,29.2628,-100,3,0.36081,0,20.2446,5.20426,11.956,4.96935,3.294,9999,155.1,9999,7168.5,4.97373,1.87302,1.87088,1.87241,1.8729,1.87363,1.87329,1.87774,0,0,0,0,11111111,oooooooo,on,on,on,on,0,100,100,-14.309,0.1915,-14.3083,0,0,0,0.191509091,0,0,0,-1,-1,-1,-1,44.8,44.6,0.153809,4.99756,2.64526,2.71851,2.8479,2.27051,38.6979,14.885,2,379.869,1229.77,33.1987,32.1775,30.0007,32.0379,31.9428,-1,40,10,-999.9,400,20,101.483,93.856
62,1786553178,7654.1,20260813 00:46:18,00:46:18,15,,1786553170,0.000322649,0.322648674,0.571652075,295.1174078,178.6427586,18.13208411,29.95415937,0.008929822,1.389979682,0.008898073,0.005564139,287.4280667,38.32416699,36.28539333,6.063080826,44.44041897,2.538621742,5.712416311,3.524459084,-14.22880653,-81.0544074,-13.71761855,178.4272342,0.974928152,0.401482383,0.571652075,304.3086707,303.1630667,0.062519971,60.85988448,0.322648674,24.5010897,24.97192121,-0.006388872,69.65,43,10,1.003419706,0.341970577,25234.36236,1499.986667,1261.2041,0.840810207,0.191620414,6,0.5,0: Broadleaf,2,TRUE,1786553170,295.131,296.6233333,25.01126667,24.47726,309.4393333,24.81976,438.2782667,101.3991333,0.099994053,35.20375333,36.28539333,999.9,0,0,5007.416,0,66.97244667,-1.492248933,302.7020667,304.0659333,0.534018333,296.6233333,24.47726,2.536123333,2.481975333,21.2602,20.90865333,1499.986667,0.972995,0.0270048,0,2.288666667,0,15408.59333,12843.75333,45.937,47.6124,46.812,46.3162,45.875,1459.476667,40.51,0,1786553174,0,1786550384,23:59:44,1786550369,1786550384,2,-0.075,0.533,-14.308,0.192,330,22,0.48,0.27,-1.353494381,-0.632766545,0.392390425,0,0.542895333,-0.172132987,0.106035694,0,0,2,0/2,3.01227,2.75951,0.0743525,0.0724425,0.116012,0.11171,32649.1,23457.7,33403.9,25578.7,37705.9,30736.2,48824.9,39992.6,1.75357,2.62775,0.251077,0,32.2448,999.9,55.762,35.812,32.4863,29.2029,-100,3,0.377724,0,20.2446,5.20411,11.956,4.9692,3.29402,9999,155.2,9999,7168.5,4.97373,1.87302,1.87088,1.8724,1.87286,1.87363,1.87325,1.87775,0,0,0,0,11111111,oooooooo,on,on,on,on,0,100,100,-14.308,0.1915,-14.3083,0,0,0,0.191509091,0,0,0,-1,-1,-1,-1,46.8,46.6,0.155029,4.99756,2.64526,2.71973,2.8479,2.28394,38.7225,14.8325,2,381.065,1229.03,33.1901,32.3672,30.0007,32.2024,32.0977,-1,40,10,-999.9,400,20,101.437,93.8362
63,1786553298,7774.1,20260813 00:48:18,00:48:18,15,,1786553290,0.000528031,0.528031001,-0.149998442,317.6034366,315.7231546,32.04367485,32.23451022,0.01471803,1.389426095,0.014631962,0.009152667,287.43782,38.32764633,36.41218667,6.105385915,45.24549583,2.599833299,5.746059914,3.505552617,-23.28616714,-82.56170902,-13.99411418,167.5958297,1.367554735,0.159847822,-0.149998442,319.1083342,324.5864364,-0.967282846,60.84418263,0.528031001,24.88831282,25.62584364,-0.006175093,69.65,43,10,1.003423016,0.342301587,25210.04362,1500.038,1261.24722,0.840810179,0.191620359,6,0.5,0: Broadleaf,2,TRUE,1786553290,317.5998667,319.5205333,25.6159,25.40502667,331.9084,25.42439333,441.6145333,101.3928667,0.10008492,35.30999333,36.41218667,999.9,0,0,5005,0,67.06459333,-1.920407333,325.9498,327.8528667,0.210876793,319.5205333,25.40502667,2.597264,2.575884,21.64914667,21.51214,1500.038,0.9729946,0.027005233,0,2.257,0,15322.47333,12844.22,46.062,47.75,46.958,46.437,46.04133333,1459.528,40.51,0,1786553294,0,1786550384,23:59:44,1786550369,1786550384,2,-0.075,0.533,-14.308,0.192,330,22,0.48,0.27,-5.660319524,98.8798161,11.27860831,0,0.045880519,4.220380964,0.471237629,0,0,2,0/2,3.01606,2.75939,0.0781962,0.0737717,0.118161,0.112201,32498.3,23414.6,33389.1,25569.2,37598.9,30708,48805.7,39979.1,1.75887,2.62348,0.251576,0,32.341,999.9,56.391,35.852,32.9262,29.2029,-100,3,0.393786,0,20.2449,5.20396,11.956,4.96905,3.294,9999,155.2,9999,7168.5,4.97372,1.87302,1.87089,1.87237,1.87287,1.87363,1.8733,1.87774,0,0,0,0,11111111,oooooooo,on,on,on,on,0,100,100,-14.308,0.1916,-14.3083,0,0,0,0.191509091,0,0,0,-1,-1,-1,-1,48.8,48.6,0.153809,4.99756,2.64526,2.71851,2.8479,2.26929,38.7471,14.8413,2,384.982,1226.42,33.2322,32.5616,30.0005,32.3852,32.2693,-1,40,10,-999.9,400,20,101.395,93.8033
64,1786553418,7894.1,20260813 00:50:18,00:50:18,15,,1786553410,0.000461967,0.461966725,0.294341069,298.8981101,245.5057203,24.91575471,30.33441333,0.012643291,1.387441864,0.012579631,0.007867962,287.4319933,38.45936024,36.50955333,6.138046471,44.50902668,2.570994962,5.776345057,3.567051509,-20.37273258,-82.60786397,-14.03507797,170.4163188,-0.198477572,0.481631412,0.294341069,305.7920984,306.0040121,-0.114367478,60.84418263,0.461966725,24.54181789,25.24502121,-0.01509392,69.65,43,10,1.003431815,0.34318146,25145.62883,1500.007333,1261.22146,0.840810196,0.191620392,6,0.5,0: Broadleaf,2,TRUE,1786553410,298.9051333,298.8322667,25.33312667,24.69999333,313.2133333,25.14161333,443.3028,101.3874667,0.1000045,35.40516667,36.50955333,999.9,0,0,4995.5,0,64.0805,0.072835153,306.6743333,306.4006,0.633127533,298.8322667,24.69999333,2.56846,2.504269333,21.46692,21.05400667,1500.007333,0.972995,0.0270048,0,2.571,0,15221.60667,12843.91333,46.187,47.937,47.125,46.6082,46.1374,1459.497333,40.51,0,1786553414,0,1786550384,23:59:44,1786550369,1786550384,2,-0.075,0.533,-14.308,0.192,330,22,0.48,0.27,-0.36021089,6.904696566,0.922741978,0,0.547144905,1.637833247,0.171093621,0,0,2,0/2,3.01712,2.75952,0.0747586,0.0727021,0.116822,0.11153,32605.2,23436.8,33375.4,25564.7,37648,30725.1,48787,39971.6,1.75942,2.61765,0.250198,0,32.4772,999.9,55.237,35.903,32.3459,29.3229,-100,3,0.408661,0,20.2449,5.20501,11.956,4.9692,3.294,9999,155.2,9999,7168.5,4.9737,1.87302,1.87089,1.8724,1.87286,1.87363,1.87329,1.87769,0,0,0,0,11111111,oooooooo,on,on,on,on,0,100,100,-14.309,0.1915,-14.3083,0,0,0,0.191509091,0,0,0,-1,-1,-1,-1,50.8,50.6,0.153809,4.99756,2.64526,2.71729,2.8479,2.26196,38.7717,14.815,2,386.36,1221.7,33.2902,32.7424,30.0006,32.5622,32.4475,-1,40,10,-999.9,400,20,101.355,93.7862
65,1786553538,8014.1,20260813 00:52:18,00:52:18,15,,1786553530,-6.78941E-05,-0.067894086,0.715155444,359.1555285,931.7833139,94.56680067,36.45073781,-0.001874587,1.387467896,-0.001875995,-0.00117237,287.4278133,38.86412566,36.66531333,6.190609941,46.01020138,2.678067168,5.820594319,3.512542773,2.99412921,-83.91693839,-14.27758659,192.2274176,6.13087266,-0.087918903,0.715155444,382.7949761,375.6016485,1.144812134,60.84087956,-0.067894086,26.5892312,26.44592909,0.008699851,69.65,43,10,1.00343327,0.343327026,25135.00385,1499.985333,1261.20298,0.840810208,0.191620416,6,0.5,0: Broadleaf,2,TRUE,1786553530,359.1726,367.3902667,26.38746667,26.50278667,373.4808667,26.19596,443.7988,101.3900667,0.10005368,35.54344667,36.66531333,999.9,0,0,4995.5,0,64.15104667,-8.217650667,368.9072667,377.3926667,-0.1153202,367.3902667,26.50278667,2.675426,2.687118,22.13494667,22.2065,1499.985333,0.9729944,0.027005407,0,2.558333333,0,15126.04667,12843.73333,46.25,48.0124,47.187,46.75,46.25,1459.475333,40.51,0,1786553534,0,1786550384,23:59:44,1786550369,1786550384,2,-0.075,0.533,-14.308,0.192,330,22,0.48,0.27,-7.477711429,-21.93641143,2.512164921,0,-0.107261657,-0.284298639,0.038959951,0,0,2,0/2,3.018,2.75939,0.0875376,0.0877691,0.121168,0.11812,32147.2,23036.2,33367.8,25543,37451.1,30473.2,48777.4,39942.7,1.75937,2.6145,0.248991,0,32.6461,999.9,58.607,35.953,34.4108,29.0529,-100,3,0.417312,0,20.2448,5.20471,11.956,4.96935,3.29402,9999,155.3,9999,7168.5,4.97371,1.87303,1.87089,1.8724,1.87287,1.87363,1.87332,1.87773,0,0,0,0,11111111,oooooooo,on,on,on,on,0,100,100,-14.309,0.1915,-14.3083,0,0,0,0.191509091,0,0,0,-1,-1,-1,-1,52.8,52.6,0.153809,4.99756,2.64526,2.71973,2.8479,2.27051,38.7964,14.8062,2,387.219,1220.1,33.3813,32.8804,30.0001,32.7066,32.5896,-1,40,10,-999.9,400,20,101.333,93.7137
66,1786553658,8134.1,20260813 00:54:18,00:54:18,15,,1786553650,3.0659E-05,0.030659037,-0.913595369,385.8873362,2021.035285,205.1258998,39.16581153,0.000858106,1.387877594,0.000857811,0.000536158,287.42946,38.87527933,36.66887333,6.191815869,46.63271707,2.723588636,5.840510284,3.468227233,-1.352063543,-79.57353599,-13.53890365,192.9649568,-1.896166651,-0.022030196,-0.913595369,389.6073488,394.2329273,-0.619773617,60.84087956,0.030659037,26.78835822,26.82928303,-9.43678E-05,69.65,42,9,1.003352293,0.335229263,25141.47839,1499.994,1261.21026,0.840810203,0.191620406,6,0.5,0: Broadleaf,2,TRUE,1786553650,385.8655333,383.2989333,26.83458667,26.86347333,400.1737333,26.64306667,443.7774667,101.3954667,0.099990293,35.60538667,36.66887333,999.9,0,0,4997.25,0,63.60863333,2.566542267,396.5056667,393.88,-0.028898819,383.2989333,26.86347333,2.720903333,2.723834667,22.4119,22.42956667,1499.994,0.9729942,0.02700566,0,2.850666667,0,15012.69333,12843.82667,46.12913333,47.937,47.0662,46.6954,46.1912,1459.484,40.51,0,1786553654,0,1786550384,23:59:44,1786550369,1786550384,2,-0.075,0.533,-14.308,0.192,330,22,0.48,0.27,0.88374781,39.61341047,4.326240778,0,-0.047322099,0.552220465,0.063729471,0,0,2,0/2,3.01735,2.7594,0.090416,0.0876011,0.122463,0.11842,32054.7,23044,33376.8,25546.7,37402.6,30467.8,48790.1,39949.5,1.75875,2.6153,0.244997,0,32.7063,999.9,59.486,36.024,35.0613,29.1429,-100,3,0.410053,0,20.2447,5.20456,11.956,4.9689,3.29402,9999,155.3,9999,7168.5,4.97374,1.87302,1.87088,1.8724,1.87287,1.87364,1.87331,1.87774,0,0,0,0,11111111,oooooooo,on,on,on,on,0,100,100,-14.308,0.1915,-14.3083,0,0,0,0.191509091,0,0,0,-1,-1,-1,-1,54.8,54.6,0.153809,4.99756,2.64526,2.71729,2.8479,2.24731,38.8211,14.7625,2,386.942,1221.72,33.4726,32.854,29.9997,32.7157,32.6125,-1,40,10,-999.9,400,20,101.36,93.7288
67,1786553778,8254.1,20260813 00:56:18,00:56:18,15,,1786553770,8.004E-05,0.080039955,-0.205572844,338.3967697,465.5159064,47.24370547,34.34279496,0.002184156,1.388806649,0.002182249,0.001364077,287.4333867,38.99367776,36.85794,6.256154842,45.82604377,2.698060272,5.887613352,3.55809457,-3.529762018,-82.8688189,-14.11304974,186.921756,-2.574939799,0.134398189,-0.205572844,344.9808183,345.7347636,-0.086051267,60.84087956,0.080039955,26.45810719,26.56642788,-0.000417531,69.65,42,9,1.00335028,0.335028019,25156.52986,1500.014667,1261.22762,0.840810192,0.191620384,6,0.5,0: Broadleaf,2,TRUE,1786553770,338.3918667,334.9712,26.58534,26.40842667,352.7003333,26.39383333,442.1704,101.3868,0.099969467,35.75115333,36.85794,999.9,0,0,5002.25,0,61.50010667,3.420592987,347.6339333,344.0574667,0.176901907,334.9712,26.40842667,2.695401333,2.677466,22.25708667,22.14745333,1500.014667,0.972992867,0.027007047,0,2.300333333,0,14899.41333,12843.98667,46.04133333,47.875,47,46.5746,46.125,1459.504667,40.51,0,1786553774,0,1786550384,23:59:44,1786550369,1786550384,2,-0.075,0.533,-14.308,0.192,330,22,0.48,0.27,5.33713499,-38.01407462,3.980120689,0,0.20488379,-0.640324558,0.073115578,0,0,2,0/2,3.01613,2.75939,0.0819861,0.0807854,0.121551,0.117468,32360.2,23222,33385.3,25553,37448.4,30507.5,48801.6,39958.8,1.75738,2.6158,0.248514,0,32.8686,999.9,58.833,36.064,34.758,28.8429,-100,3,0.40123,0,20.2449,5.20501,11.956,4.9691,3.29408,9999,155.3,9999,7168.5,4.97376,1.87303,1.87089,1.8724,1.8729,1.87366,1.8733,1.87775,0,0,0,0,11111111,oooooooo,on,on,on,on,0,100,100,-14.309,0.1915,-14.3083,0,0,0,0.191509091,0,0,0,-1,-1,-1,-1,56.8,56.6,0.153809,4.99756,2.64526,2.71851,2.8479,2.2644,38.8211,14.7449,2,385.903,1221.73,33.5507,32.7677,29.9998,32.6659,32.5779,-1,40,10,-999.9,400,20,101.385,93.7511
68,1786553898,8374.1,20260813 00:58:18,00:58:18,15,,1786553890,-0.000147764,-0.147763507,0.349315431,346.1059839,464.0223985,47.09023298,35.12376013,-0.003922404,1.387410872,-0.003928575,-0.002454804,287.4280667,39.28748537,37.12955333,6.349599921,45.46171882,2.702825897,5.945278724,3.646774024,6.516370659,-89.85644742,-15.35184507,188.7361448,8.542604479,-0.164966615,0.349315431,374.4295174,365.5193576,1.54752352,60.84087956,-0.147763507,27.00967002,26.72547636,0.01421476,69.65,42,10,1.003357535,0.33575352,25102.35278,1499.986667,1261.2041,0.840810207,0.191620414,6,0.5,0: Broadleaf,2,TRUE,1786553890,346.1143333,357.6184667,26.63337333,26.85105333,360.4224,26.44187333,441.0721333,101.3826667,0.100005573,35.92823333,37.12955333,999.9,0,0,4995.584,0,59.58440667,-11.503996,355.5851333,367.4866,-0.217674033,357.6184667,26.85105333,2.700160667,2.722228667,22.28606,22.41974,1499.986667,0.972992133,0.027007753,0,2.596333333,0,14788.84,12843.74667,45.937,47.812,46.93286667,46.437,46.05786667,1459.476667,40.51,0,1786553894,0,1786550384,23:59:44,1786550369,1786550384,2,-0.075,0.533,-14.308,0.192,330,22,0.48,0.27,-9.830755238,-25.90312753,3.536904243,0,-0.172253314,-0.986780494,0.102242569,0,0,2,0/2,3.01486,2.7594,0.0857567,0.085027,0.122191,0.119252,32232.6,23110.8,33390.3,25548.1,37423.8,30440.7,48808.4,39952.4,1.75545,2.61717,0.243142,0,33.1976,999.9,59.37,36.104,35.1543,29.0529,-100,3,0.395208,0,20.245,5.20501,11.956,4.9696,3.29405,9999,155.4,9999,7168.5,4.97373,1.87302,1.87089,1.87241,1.87286,1.87365,1.87329,1.87774,0,0,0,0,11111111,oooooooo,on,on,on,on,0,100,100,-14.308,0.1915,-14.3083,0,0,0,0.191509091,0,0,0,-1,-1,-1,-1,58.8,58.6,0.153809,4.99756,2.64526,2.71851,2.8479,2.26807,38.8457,14.7449,2,384.56,1222.76,33.6531,32.6967,30,32.6134,32.5319,-1,40,10,-999.9,400,20,101.399,93.735
69,1786554018,8494.1,20260813 01:00:18,01:00:18,15,,1786554010,0.000466158,0.466157796,0.137049405,295.8135996,261.5053172,26.53718429,30.01873955,0.012502709,1.388741388,0.012440511,0.007780882,287.4327533,38.62903504,36.69812,6.201730721,43.95203454,2.563452057,5.832385425,3.638278664,-20.5575588,-83.70296777,-14.23292126,168.9393055,0.187533784,0.516909956,0.137049405,303.8810205,303.5758909,0.021175873,60.84087956,0.466157796,24.47774077,25.17177576,-0.01266384,69.65,42,10,1.003348625,0.334862534,25168.9204,1500.011333,1261.22482,0.840810194,0.191620388,6,0.5,0: Broadleaf,2,TRUE,1786554010,295.8168667,296.2770667,25.26102,24.58101333,310.1254,25.06950667,443.049,101.3786,0.099964867,35.58014,36.69812,999.9,0,0,5002.333333,0,67.20256,-0.460133933,303.4834,303.7436,0.680017867,296.2770667,24.58101333,2.560928,2.49199,21.41897333,20.9742,1500.011333,0.972993133,0.027006713,0,1.711666667,0,14662,12843.96,46.0704,47.812,46.9664,46.437,46.062,1459.501333,40.51,0,1786554014,0,1786550384,23:59:44,1786550369,1786550384,2,-0.075,0.533,-14.308,0.192,330,22,0.48,0.27,-0.4630158,-0.125134195,0.120810316,0,0.69393895,-0.203493338,0.056236675,0,0,2,0/2,3.01575,2.75941,0.0743099,0.072275,0.116534,0.111216,32636.1,23456.7,33390.5,25574.4,37675.7,30747.7,48808.1,39986.4,1.75847,2.62143,0.231102,0,32.9102,999.9,54.511,36.155,32.368,28.8729,-100,3,0.395676,0,20.245,5.20486,11.956,4.9693,3.29402,9999,155.4,9999,7168.5,4.97375,1.87302,1.87088,1.87241,1.87286,1.87363,1.87331,1.87775,0,0,0,0,11111111,oooooooo,on,on,on,on,0,100,100,-14.308,0.1915,-14.3083,0,0,0,0.191509091,0,0,0,-1,-1,-1,-1,60.8,60.6,0.153809,4.99756,2.64526,2.71729,2.8479,2.25952,38.8951,14.7362,2,385.975,1228.3,33.6492,32.6702,30.0003,32.5819,32.5032,-1,40,10,-999.9,400,20,101.399,93.8212
70,1786554138,8614.1,20260813 01:02:18,01:02:18,15,,1786554130,-0.000126634,-0.126634414,1.777166698,295.5686926,1075.374649,109.1238399,29.99288735,-0.00346415,1.386506183,-0.003468966,-0.002167671,287.4382877,38.69566103,36.38042,6.094762848,44.26732217,2.548171749,5.756326844,3.546591099,5.584577643,-77.59826716,-13.18054594,202.2440523,8.531105703,-0.09887096,1.777166698,324.8213148,312.4264545,1.814743709,60.84087956,-0.126634414,25.66656223,25.29893273,0.031901543,69.65,42,10,1.003354576,0.335457577,25124.42413,1500.040667,1261.249441,0.840810165,0.19162033,6,0.5,0: Broadleaf,2,TRUE,1786554130,295.6111333,307.1568,25.11128,25.24216667,309.9194,24.91976667,440.3395333,101.3752,0.099983633,35.34230667,36.38042,999.9,0,0,4991.5,0,60.16744,-11.545756,303.226,315.1151333,-0.13089378,307.1568,25.24216667,2.545663333,2.558932667,21.32134,21.40467333,1500.040667,0.972992733,0.0270072,0,3.189333333,0,14569.98667,12844.18667,46.187,47.7748,47.062,46.39566667,46.104,1459.530667,40.50933333,0,1786554134,0,1786550384,23:59:44,1786550369,1786550384,2,-0.075,0.533,-14.308,0.192,330,22,0.48,0.27,-7.629474169,-73.87184354,7.406967706,0,0.002326465,-2.649337024,0.27891899,0,0,2,0/2,3.01403,2.75944,0.0763558,0.07836,0.11718,0.115932,32553.8,23286.3,33380.3,25556.2,37637.8,30563,48794.5,39961.1,1.75375,2.61842,0.253424,0,32.3077,999.9,55.488,36.175,32.985,29.0829,-100,3,0.404327,0,20.2451,5.20471,11.956,4.9695,3.294,9999,155.4,9999,7168.5,4.97374,1.87302,1.87088,1.87241,1.87286,1.87363,1.87329,1.87774,0,0,0,0,11111111,oooooooo,on,on,on,on,0,100,100,-14.308,0.1915,-14.3083,0,0,0,0.191509091,0,0,0,-1,-1,-1,-1,62.8,62.6,0.153809,4.99756,2.64526,2.71851,2.8479,2.26929,38.8457,14.7187,2,383.784,1224.91,33.48,32.7326,30.0004,32.6343,32.5491,-1,40,10,-999.9,400,20,101.37,93.7591
71,1786554259,8735,20260813 01:04:19,01:04:19,15,,1786554251,-2.85196E-05,-0.028519553,0.129292541,333.0478427,572.6423506,58.10501845,33.7937825,-0.000776957,1.386597617,-0.000777199,-0.000485727,287.43364,38.97759548,36.80465333,6.237963029,45.67760405,2.678142225,5.863140768,3.559820804,1.257712265,-84.40552283,-14.38866447,189.897165,3.177521873,-0.043495837,0.129292541,348.6862409,345.5438061,0.543856868,60.84352234,-0.028519553,26.50656727,26.43221515,0.005868203,69.65,42,10,1.003357826,0.335782602,25100.18592,1500.016,1261.22874,0.840810191,0.191620383,6,0.5,0: Broadleaf,2,TRUE,1786554251,333.0509333,337.3390667,26.39389333,26.4513,347.3594667,26.20238667,441.0872667,101.3682667,0.099985527,35.67554667,36.80465333,999.9,0,0,4992.291333,0,59.1724,-4.287895333,342.08,346.5046,-0.057403682,337.3390667,26.4513,2.675504667,2.681322667,22.13544,22.17106667,1500.016,0.972994267,0.027005607,0,2.661,0,14478.12,12844.00667,46.062,47.7206,46.9958,46.437,46.083,1459.506,40.51,0,1786554255,0,1786550384,23:59:44,1786550369,1786550384,2,-0.075,0.533,-14.308,0.192,330,22,0.48,0.27,-3.037571552,-20.39179635,2.24494917,0,-0.03171575,-0.469268141,0.048090278,0,0,2,0/2,3.01487,2.75952,0.0820876,0.081253,0.121087,0.117743,32352.9,23207.5,33381.4,25550,37465.1,30494,48796,39953.7,1.75508,2.6183,0.25294,0,32.7357,999.9,57.746,36.205,34.3889,28.7629,-100,3,0.403686,0,20.2448,5.20411,11.956,4.96925,3.29405,9999,155.5,9999,7168.5,4.97371,1.87302,1.87088,1.87241,1.87286,1.87364,1.8733,1.87773,0,0,0,0,11111111,oooooooo,on,on,on,on,0,100,100,-14.309,0.1915,-14.3083,0,0,0,0.191509091,0,0,0,-1,-1,-1,-1,64.8,64.6,0.153809,4.99756,2.64526,2.71851,2.8479,2.26074,38.8211,14.6924,2,384.63,1225.09,33.5261,32.7692,29.9999,32.6576,32.5664,-1,40,10,-999.9,400,20,101.373,93.7396
72,1786554379,8855,20260813 01:06:19,01:06:19,15,,1786554371,6.93377E-05,0.069337716,-1.071037023,356.0736942,1208.48764,122.6090331,36.12602223,0.001909799,1.385913622,0.001908338,0.001192842,287.4240933,38.99757102,36.83874667,6.249597029,46.32462822,2.726330622,5.885272535,3.523266408,-3.057793272,-81.80157857,-13.95858418,188.6061373,-18.35439353,0.10125521,-1.071037023,334.0116878,347.9074909,-2.274688604,60.84352234,0.069337716,26.617454,26.78893939,-0.012757385,69.65,42,10,1.003361141,0.336114149,25075.50966,1499.965333,1261.18622,0.840810245,0.191620491,6,0.5,0: Broadleaf,2,TRUE,1786554371,356.0480667,331.1862667,26.87189333,26.73817333,370.3564,26.68038667,440.6002,101.3566,0.09998842,35.74393333,36.83874667,999.9,0,0,4989.5,0,58.19412,24.86181333,365.8807333,340.2859333,0.133721553,331.1862667,26.73817333,2.723644667,2.71009,22.42845333,22.34632,1499.965333,0.972990067,0.027009913,0,2.204333333,0,14369.81333,12843.56,46,47.7206,46.88326667,46.4958,46.062,1459.454,40.51133333,0,1786554375,0,1786550384,23:59:44,1786550369,1786550384,2,-0.075,0.533,-14.308,0.192,330,22,0.48,0.27,23.84076667,-0.591864935,3.969045008,0,0.102225724,0.701359255,0.075584815,0,0,2,0/2,3.01456,2.75945,0.0820094,0.0764888,0.122274,0.117874,32360.2,23324.5,33385.9,25546.3,37415.9,30485.7,48802.8,39949.9,1.75495,2.61842,0.242472,0,32.8882,999.9,58.448,36.235,34.8649,29.4829,-100,3,0.399421,0,20.2451,5.20501,11.956,4.96955,3.29417,9999,155.5,9999,7168.5,4.97371,1.87302,1.87088,1.8724,1.87289,1.87363,1.87332,1.87775,0,0,0,0,11111111,oooooooo,on,on,on,on,0,100,100,-14.308,0.1915,-14.3083,0,0,0,0.191509091,0,0,0,-1,-1,-1,-1,66.8,66.6,0.153809,4.99756,2.64526,2.71851,2.8479,2.26196,38.8457,14.6661,2,384.431,1224.92,33.5941,32.7345,29.9999,32.6359,32.5491,-1,40,10,-999.9,400,20,101.387,93.7288
73,1786554499,8975,20260813 01:08:19,01:08:19,15,,1786554491,0.000249719,0.249718627,-1.294468449,356.8756083,630.0456288,63.91976725,36.20595839,0.006876307,1.388641353,0.006857446,0.004287594,287.4268667,38.87704853,36.80585333,6.238372198,46.05408198,2.706777691,5.87738931,3.531594506,-11.01259146,-81.32173949,-13.84560236,181.2469334,-12.60917363,0.33510698,-1.294468449,342.9281905,354.162303,-1.728071705,60.84352234,0.249718627,26.00624296,26.50999879,-0.027643056,69.65,42,10,1.003350392,0.335039189,25155.69394,1499.986667,1261.2035,0.840809807,0.191619614,6,0.5,0: Broadleaf,2,TRUE,1786554491,356.8447333,339.8859333,26.68022,26.23736667,371.1530667,26.48871333,440.3904,101.3526,0.10000014,35.7196,36.80585333,999.9,0,0,5003.124,0,58.53678667,16.95878667,366.6270667,349.0457333,0.442862407,339.8859333,26.23736667,2.704111333,2.659222,22.31002,22.03464,1499.986667,0.973007,0.02699254,0,2.629666667,0,14264.66,12843.77333,45.937,47.687,46.8624,46.5,46.062,1459.496667,40.49,0,1786554495,0,1786550384,23:59:44,1786550369,1786550384,2,-0.075,0.533,-14.308,0.192,330,22,0.48,0.27,14.24381524,32.4157613,4.6293158,0,0.324400199,2.206781353,0.24177351,0,0,2,0/2,3.0143,2.75947,0.0832198,0.0791896,0.121257,0.11605,32318.7,23260.6,33387.1,25550.9,37462.8,30554.7,48804.5,39955.5,1.75525,2.61853,0.2499,0,32.8006,999.9,57.343,36.265,34.2654,28.8529,-100,3,0.398097,0,20.2451,5.20441,11.956,4.9694,3.29408,9999,155.5,9999,7168.5,4.97375,1.87302,1.8709,1.87241,1.87288,1.87365,1.87332,1.87775,0,0,0,0,11111111,oooooooo,on,on,on,on,0,100,100,-14.308,0.1915,-14.3083,0,0,0,0.191509091,0,0,0,-1,-1,-1,-1,68.8,68.6,0.153809,4.99756,2.64526,2.71851,2.8479,2.29492,38.8704,14.6486,2,384.458,1224.64,33.6019,32.7142,29.9999,32.6142,32.529,-1,40,10,-999.9,400,20,101.391,93.7434
74,1786554619,9095,20260813 01:10:19,01:10:19,15,,1786554611,1.2121E-05,0.012120985,0.055605485,367.6830083,85.78314708,8.703315201,37.3040769,0.00033124,1.389626201,0.000331196,0.000207002,287.42838,39.05174534,36.86426667,6.258317792,45.95234718,2.709326429,5.895947858,3.548991362,-0.534535432,-81.46731747,-13.86833447,191.5581926,-1.838025892,0.021892601,0.055605485,373.9043307,375.1613576,-0.244074301,60.84352234,0.012120985,26.58730484,26.65853394,-0.008799639,69.65,42,10,1.003347276,0.33472756,25179.03546,1499.994,1261.20972,0.840809843,0.191619686,6,0.5,0: Broadleaf,2,TRUE,1786554611,367.6843333,365.1912667,26.70414,26.67511333,381.9926667,26.51262667,438.94,101.3571333,0.100035087,35.77684,36.86426667,999.9,0,0,5007.75,0,58.39698667,2.492891267,377.7723333,375.2002,0.029038181,365.1912667,26.67511333,2.706654667,2.703712667,22.32557333,22.30761333,1499.994,0.973006133,0.026993427,0,3.101333333,0,14160.43333,12843.86,45.875,47.6746,46.79133333,46.458,46,1459.502,40.492,0,1786554615,0,1786550384,23:59:44,1786550369,1786550384,2,-0.075,0.533,-14.308,0.192,330,22,0.48,0.27,0.881309476,12.36017945,5.091297024,0,-0.016258347,0.827940095,0.102176598,0,0,2,0/2,3.01313,2.75956,0.0873531,0.0877223,0.121872,0.1184,32178.8,23041.8,33392.6,25546.9,37440.1,30469.6,48811.8,39950.3,1.75295,2.6219,0.246398,0,32.8544,999.9,58.143,36.286,34.7818,29.0329,-100,3,0.392017,0,20.2452,5.20456,11.956,4.9693,3.294,9999,155.6,9999,7168.5,4.97378,1.87302,1.87089,1.87241,1.87288,1.87363,1.87331,1.87775,0,0,0,0,11111111,oooooooo,on,on,on,on,0,100,100,-14.308,0.1915,-14.3083,0,0,0,0.191509091,0,0,0,-1,-1,-1,-1,70.8,70.6,0.153809,4.99756,2.64526,2.71851,2.8479,2.25952,38.8951,14.6049,2,382.953,1228.56,33.6377,32.6566,29.9999,32.5672,32.4831,-1,40,10,-999.9,400,20,101.407,93.7302
75,1786554739,9215,20260813 01:12:19,01:12:19,15,,1786554731,-3.75111E-05,-0.037511103,-0.317120922,363.8692952,-137.6651716,-13.9679245,36.91927874,-0.001024857,1.388974967,-0.001025277,-0.000640761,287.4266133,39.05302989,36.81869333,6.242751756,45.75697728,2.694077984,5.887797107,3.548673772,1.654239658,-79.89754356,-13.60282003,195.5804894,0.525357226,-0.087991476,-0.317120922,373.8588653,374.3478,-0.007880479,60.84352234,-0.037511103,26.64081929,26.58000061,0.001732315,69.65,42,10,1.00334952,0.334952022,25162.21851,1499.985333,1261.20238,0.840809808,0.191619616,6,0.5,0: Broadleaf,2,TRUE,1786554731,363.8617333,364.5343333,26.55231333,26.66910667,378.1699333,26.36081333,438.5251333,101.3630667,0.099956553,35.75172,36.81869333,999.9,0,0,5004.25,0,58.60178667,-0.672697227,373.7866667,374.5226,-0.116775687,364.5343333,26.66910667,2.691423333,2.703260667,22.23284667,22.30494667,1499.985333,0.973006333,0.026993233,0,3.224666667,0,14055.44667,12843.78,45.875,47.66633333,46.75,46.5,45.9916,1459.495333,40.49,0,1786554735,0,1786550384,23:59:44,1786550369,1786550384,2,-0.075,0.533,-14.308,0.192,330,22,0.48,0.27,-0.884245543,10.69719837,2.032543846,0,-0.134161014,0.379875452,0.04337985,0,0,2,0/2,3.01234,2.75949,0.0871654,0.0849461,0.121632,0.118233,32188.6,23114.3,33395.7,25549.3,37453,30477.8,48816.1,39953.8,1.7522,2.62108,0.248645,0,32.8239,999.9,57.716,36.326,34.6014,28.9429,-100,3,0.387815,0,20.2451,5.20037,11.956,4.9693,3.29405,9999,155.6,9999,7168.5,4.97374,1.87302,1.8709,1.87241,1.87289,1.87363,1.8733,1.87772,0,0,0,0,11111111,oooooooo,on,on,on,on,0,100,100,-14.309,0.1916,-14.3083,0,0,0,0.191509091,0,0,0,-1,-1,-1,-1,72.8,72.6,0.153809,4.99756,2.64526,2.71851,2.8479,2.29126,38.8951,14.6049,2,382.263,1226.42,33.6548,32.6067,29.9999,32.5188,32.4372,-1,40,10,-999.9,400,20,101.416,93.7387
76,1786554859,9335,20260813 01:14:19,01:14:19,15,,1786554851,8.58479E-05,0.085847941,0.235016746,328.6038792,148.5919221,15.07744158,33.34303588,0.002272723,1.391976361,0.002270663,0.00141935,287.4347211,39.12141211,37.03091333,6.315524939,44.64838081,2.648708655,5.932373374,3.666816284,-3.785894191,-85.71401813,-14.58631208,183.3484967,-2.855476484,0.214118999,0.235016746,335.9178994,335.2829212,0.055472237,60.84352234,0.085847941,25.94040178,26.06436182,-0.001487134,69.65,42,10,1.003339602,0.333960215,25236.69673,1500.028,1261.238221,0.840809785,0.19161957,6,0.5,0: Broadleaf,2,TRUE,1786554851,328.6094667,324.8043333,26.10368,25.81878,342.9177333,25.91218,437.6630667,101.3688,0.09998352,35.88873333,37.03091333,999.9,0,0,5018.75,0,61.2448,3.805151667,337.4174667,333.413,0.284895393,324.8043333,25.81878,2.646102,2.617221333,21.95416,21.77427333,1500.028,0.9730052,0.02699444,0,2.585333333,0,13954.99333,12844.16,45.812,47.62913333,46.7332,46.437,45.937,1459.537333,40.49,0,1786554855,0,1786550384,23:59:44,1786550369,1786550384,2,-0.075,0.533,-14.308,0.192,330,22,0.48,0.27,5.610916905,-50.19417506,5.75686707,0,0.325966757,-1.24275487,0.159568883,0,0,2,0/2,3.01185,2.7594,0.0803017,0.0792747,0.119829,0.116368,32435.2,23266,33400.4,25558.4,37536.6,30552.1,48822.6,39966.2,1.7517,2.62633,0.249762,0,33.0193,999.9,56.269,36.346,33.7673,29.0329,-100,3,0.382769,0,20.2451,5.20336,11.956,4.969,3.29408,9999,155.6,9999,7168.5,4.97372,1.87302,1.87088,1.87239,1.87286,1.87363,1.8733,1.87771,0,0,0,0,11111111,oooooooo,on,on,on,on,0,100,100,-14.308,0.1915,-14.3083,0,0,0,0.191509091,0,0,0,-1,-1,-1,-1,74.8,74.6,0.153809,4.99756,2.64526,2.71729,2.8479,2.2876,38.9198,14.5698,2,381.664,1232.95,33.6873,32.5489,29.9998,32.4636,32.3857,-1,40,10,-999.9,400,20,101.429,93.7695
77,1786555737,10213.1,20260813 01:28:57,01:28:57,15,,1786555729,0.001227536,1.22753574,4.367830057,353.0953141,152.4833416,15.47127846,35.8257884,0.037793972,1.387276382,0.037231147,0.023319336,287.435575,38.47740498,36.34118125,6.08166321,48.82760802,2.884195602,5.906895135,3.197467608,-54.13432613,-39.68776154,-6.751501726,186.8619856,4.744114114,1.185403576,4.367830057,370.1689837,364.2016428,-0.005607181,60.79200682,1.22753574,26.81915728,28.41540714,-0.000441776,69.65,51,11,1.004078879,0.407887888,25108.87147,1500.0325,1261.242,0.840809782,0.191619565,6,0.5,0: Broadleaf,2,TRUE,1786555729,353.1996875,360.072125,28.4263375,26.8939375,367.5080625,28.234825,449.0569375,101.3620625,0.100027094,35.81053125,36.34118125,999.9,0,0,4995.9375,0,113.0190625,-6.87242,363.5335625,370.0235625,1.532386875,360.072125,26.8939375,2.881350625,2.726025625,23.3577,22.44281875,1500.0325,0.973007688,0.026991988,0,2.51875,0,10455.7125,12844.2,45.875,47.625,46.769375,46.378875,45.9488125,1459.5425,40.49,0,1786555734,0,1786550384,23:59:44,1786550369,1786550384,2,-0.075,0.533,-14.308,0.192,330,22,0.48,0.27,-5.905180381,-7.688048682,3.582546882,0,1.549791905,-0.149818852,0.062616349,0,0,2,0/2,3.02273,2.75955,0.0852643,0.0839572,0.127939,0.118696,32215.6,23114.8,33356.2,25524.2,37139,30431.7,48762.4,39916.1,1.7511,2.60617,0.198383,0,33.1535,999.9,57.136,36.437,34.4635,28.9575,-100,3,0.430455,0,20.2447,5.20396,11.956,4.96935,3.294,9999,155.9,9999,7168.5,4.97369,1.87302,1.87092,1.87241,1.87286,1.87363,1.87331,1.87773,0,0,0,0,11111111,oooooooo,on,on,on,on,0,100,100,-14.308,0.1915,-14.3083,0,0,0,0.191509091,0,0,0,-1,-1,-1,-1,89.5,89.2,0.153809,4.99756,2.64526,2.71729,2.8479,2.26074,38.8704,14.4385,2,383.677,1211.26,33.8328,33.0334,30.0014,32.8486,32.7415,-1,40,10,-999.9,400,20,101.301,93.6489
78,1786555863,10339.1,20260813 01:31:03,01:31:03,15,,1786555855,0.000790646,0.790646082,2.10402717,390.7528388,235.87095,23.93691164,39.65480352,0.024498216,1.389539333,0.024260774,0.015184125,287.4264867,38.76192367,36.19571333,6.03331268,48.42296908,2.871126963,5.929266664,3.162185716,-34.86749222,-23.70991529,-4.025352063,224.8237271,4.476357472,0.737954886,2.10402717,406.0422383,403.5230485,-0.070331705,60.79799289,0.790646082,27.3570805,28.34121939,0.007214162,69.65,52,12,1.004149509,0.41495095,25167.20328,1499.984667,1261.20182,0.840809808,0.191619617,6,0.5,0: Broadleaf,2,TRUE,1786555855,390.803,397.1564,28.29168,27.33587333,405.1114667,28.10017333,448.225,101.3830667,0.100018233,35.87921333,36.19571333,999.9,0,0,5006.041333,0,59.73094667,-6.353170133,402.1815333,408.3181333,0.955812333,397.1564,27.33587333,2.868290667,2.771389333,23.28245333,22.71462,1499.984667,0.973005,0.02699476,0,3.010666667,0,10248.60667,12843.76,45.875,47.625,46.812,46.375,45.9874,1459.494667,40.49,0,1786555860,0,1786550384,23:59:44,1786550369,1786550384,2,-0.075,0.533,-14.308,0.192,330,22,0.48,0.27,-6.9048076,19.57613684,3.542101119,0,0.98199375,-0.434832947,0.061751024,0,0,2,0/2,3.02215,2.75949,0.0919097,0.0917962,0.127648,0.119994,31963.3,22907.2,33338.4,25514.3,37142.4,30374.6,48737.6,39899.9,1.74507,2.60485,0.198331,0,33.0088,999.9,57.783,36.447,34.8646,29.2575,-100,3,0.447678,0,20.245,5.20426,11.956,4.96915,3.2941,9999,155.9,9999,7168.5,4.97373,1.87302,1.87091,1.87241,1.87287,1.87365,1.87329,1.87773,0,0,0,0,11111111,oooooooo,on,on,on,on,0,100,100,-14.308,0.1915,-14.3083,0,0,0,0.191509091,0,0,0,-1,-1,-1,-1,91.6,91.3,0.153809,4.99756,2.64526,2.71729,2.8479,2.29126,38.7964,14.421,2,381.936,1213.96,33.8909,33.2953,30.0003,33.0901,32.9679,-1,40,10,-999.9,400,20,101.248,93.6114
79,1786555983,10459.1,20260813 01:33:03,01:33:03,15,,1786555975,0.000894198,0.894197672,1.876508952,364.6478269,238.696033,24.22469564,37.0072452,0.027521604,1.387655474,0.027221923,0.017040355,287.4292733,38.75759875,36.2579,6.053941231,48.23043594,2.866746232,5.943853038,3.187194999,-39.43411733,-24.98896313,-4.250465728,218.7557271,-7.970154249,0.99547885,1.876508952,362.5981419,365.6829576,-1.056160103,60.79799289,0.894197672,26.91207153,28.15674061,-0.0123614,69.65,52,12,1.004159084,0.41590836,25109.50843,1499.999333,1261.21414,0.8408098,0.191619601,6,0.5,0: Broadleaf,2,TRUE,1786555975,364.6926667,354.5080667,28.24724667,26.95202,379.001,28.05574667,446.2089333,101.3876667,0.09996736,35.92387333,36.2579,999.9,0,0,4996.541333,0,55.40030667,10.184606,375.2941333,364.3274667,1.295234,354.5080667,26.95202,2.863921333,2.732600667,23.25719333,22.48248,1499.999333,0.973005733,0.02699398,0,1.810666667,0,10163.22667,12843.9,45.8582,47.625,46.812,46.312,45.937,1459.509333,40.49,0,1786555980,0,1786550384,23:59:44,1786550369,1786550384,2,-0.075,0.533,-14.308,0.192,330,22,0.48,0.27,11.52399952,-41.28069039,4.683697351,0,1.313701905,-0.312861039,0.044794101,0,0,2,0/2,3.01963,2.75945,0.085243,0.0829257,0.126963,0.118792,32202.5,23137,33343.2,25521.2,37176.6,30423,48744.5,39910.1,1.73958,2.60853,0.197247,0,33.0573,999.9,57.472,36.437,34.6547,28.8075,-100,3,0.443857,0,20.2451,5.20456,11.956,4.96905,3.29413,9999,155.9,9999,7168.5,4.9737,1.87302,1.87088,1.8724,1.87289,1.87363,1.87328,1.87774,0,0,0,0,11111111,oooooooo,on,on,on,on,0,100,100,-14.308,0.1915,-14.3083,0,0,0,0.191509091,0,0,0,-1,-1,-1,-1,93.6,93.3,0.152588,4.99756,2.64526,2.71606,2.8479,2.25342,38.7471,14.3947,2,379.261,1220.24,33.948,33.2896,29.9997,33.1289,33.0169,-1,40,10,-999.9,400,20,101.262,93.636
80,1786556103,10579.1,20260813 01:35:03,01:35:03,15,,1786556095,0.000830472,0.830471815,1.458382535,382.1634601,271.7964469,27.58366714,38.78442781,0.025296352,1.387144625,0.025042841,0.015674341,287.4302867,38.83047616,36.32607333,6.076626041,47.99929571,2.859293198,5.956948233,3.217332843,-36.62380703,-27.08567388,-4.611220126,219.1095856,-10.47189827,0.813939323,1.458382535,371.8742313,380.0568485,-1.888685732,60.79799289,0.830471815,26.89770611,28.08564909,-0.015576506,69.65,52,12,1.004162049,0.416204883,25091.6934,1500.004667,1261.21862,0.840809797,0.191619595,6,0.5,0: Broadleaf,2,TRUE,1786556095,382.1983333,368.5168667,28.17412667,27.10903333,396.5066,27.98260667,443.6984,101.3865333,0.099955733,35.96388667,36.32607333,999.9,0,0,4994.083333,0,112.2002467,13.68157333,393.2789333,378.787,1.065084,368.5168667,27.10903333,2.856477333,2.748493333,23.21413333,22.57762,1500.004667,0.973005667,0.026994067,0,1.827,0,10127.98,12843.94,45.812,47.625,46.75,46.312,45.937,1459.514667,40.49,0,1786556100,0,1786550384,23:59:44,1786550369,1786550384,2,-0.075,0.533,-14.308,0.192,330,22,0.48,0.27,11.35300738,31.72282535,5.117588222,0,0.978074095,1.785375195,0.186523792,0,0,2,0/2,3.01726,2.75942,0.0877183,0.083768,0.126711,0.1188,32122.8,23119.9,33350.5,25525.4,37193.6,30428.1,48754.4,39916.8,1.73577,2.60935,0.201721,0,33.0544,999.9,57.331,36.416,34.5329,29.1675,-100,3,0.436448,0,20.2448,5.20441,11.956,4.9692,3.29423,9999,156,9999,7168.5,4.97369,1.87302,1.87088,1.8724,1.8729,1.87363,1.87331,1.87771,0,0,0,0,11111111,oooooooo,on,on,on,on,0,100,100,-14.308,0.1915,-14.3083,0,0,0,0.191509091,0,0,0,-1,-1,-1,-1,95.6,95.3,0.153809,4.99756,2.64526,2.71606,2.8479,2.25098,38.6733,14.3772,2,377.028,1220.89,33.9769,33.2072,29.9998,33.0894,32.9905,-1,40,10,-999.9,400,20,101.284,93.6516
81,1786556223,10699.1,20260813 01:37:03,01:37:03,15,,1786556215,0.000614716,0.614716261,2.64374244,386.1042562,144.0586077,14.61974718,39.18368157,0.018671951,1.386347512,0.018533358,0.011595715,287.4310467,38.9498512,36.33886667,6.080891264,48.03999422,2.86316467,5.959960481,3.217726594,-27.10898711,-27.33917605,-4.657550799,228.3253327,11.7320853,0.577454031,2.64374244,415.2247728,406.1916788,0.988252684,60.79799289,0.614716261,27.51078222,28.26551091,0.008769316,69.65,52,12,1.004165961,0.41659613,25068.22617,1500.008667,1261.22198,0.840809795,0.191619591,6,0.5,0: Broadleaf,2,TRUE,1786556215,386.1675333,402.2952667,28.21276667,27.45589333,400.4758,28.02126667,442.954,101.3847333,0.099984707,35.97308,36.33886667,999.9,0,0,4990.25,0,60.42516667,-16.12769133,397.3788667,413.6529333,0.756890467,402.2952667,27.45589333,2.860346667,2.783608667,23.23653333,22.78711333,1500.008667,0.973005667,0.026994067,0,2.731,0,10110.73333,12843.95333,45.76653333,47.5746,46.75,46.2458,45.875,1459.518667,40.49,0,1786556220,0,1786550384,23:59:44,1786550369,1786550384,2,-0.075,0.533,-14.308,0.192,330,22,0.48,0.27,-14.35886381,-17.29487532,4.695871897,0,0.812297,-0.915263922,0.111219795,0,0,2,0/2,3.01682,2.75946,0.0927046,0.0941595,0.127433,0.120718,31956.8,22855.6,33359.8,25522.3,37168.8,30360.1,48767.2,39913.2,1.73587,2.61295,0.201125,0,33.0707,999.9,58.314,36.416,35.1233,29.1975,-100,3,0.426075,0,20.2447,5.20202,11.956,4.9692,3.29413,9999,156,9999,7168.5,4.97374,1.87302,1.87088,1.87241,1.8729,1.87363,1.8733,1.87771,0,0,0,0,11111111,oooooooo,on,on,on,on,0,100,100,-14.309,0.1915,-14.3083,0,0,0,0.191509091,0,0,0,-1,-1,-1,-1,97.6,97.3,0.152588,4.99756,2.64526,2.71729,2.8479,2.26318,38.6241,14.3597,2,376.584,1224.6,33.989,33.094,29.9998,33.0054,32.918,-1,40,10,-999.9,400,20,101.311,93.6419
82,1786556343,10819.1,20260813 01:39:03,01:39:03,15,,1786556335,0.000615897,0.615897247,4.216828757,364.8865268,-3.677159998,-0.373190413,37.03188162,0.01891056,1.388360915,0.018768622,0.011743052,287.4287667,38.87017711,36.16862,6.024344395,47.83993333,2.839397083,5.935202842,3.184947312,-27.16106858,-20.30063085,-3.449316631,236.5177506,14.56947642,0.61052411,4.216828757,407.7686368,388.6778727,2.434431866,60.79799289,0.615897247,27.34810535,28.06907212,0.014693563,69.65,52,12,1.00415538,0.415538037,25131.79304,1499.996667,1261.2119,0.840809802,0.191619604,6,0.5,0: Broadleaf,2,TRUE,1786556335,364.9872,384.9782,27.97745333,27.17559333,379.2954667,27.78594667,442.1595333,101.3888,0.09996128,35.8974,36.16862,999.9,0,0,4999.957333,0,59.22324667,-19.99104,375.4928667,395.7344667,0.801851467,384.9782,27.17559333,2.836604667,2.755304,23.09863333,22.61850667,1499.996667,0.9730056,0.026994153,0,1.902,0,10106.86667,12843.88667,45.75,47.562,46.687,46.25,45.875,1459.506667,40.49,0,1786556340,0,1786550384,23:59:44,1786550369,1786550384,2,-0.075,0.533,-14.308,0.192,330,22,0.48,0.27,-17.39397905,-65.11084987,7.449896016,0,0.829233429,-0.853306286,0.098476722,0,0,2,0/2,3.01568,2.75956,0.0899304,0.0936986,0.126819,0.120429,32061,22871.1,33366.1,25526.2,37199.6,30374.6,48775.8,39918.8,1.7348,2.61418,0.196241,0,32.9932,999.9,57.704,36.396,34.7174,29.1675,-100,3,0.418369,0,20.2447,5.20396,11.956,4.96905,3.29423,9999,156,9999,7168.5,4.9737,1.87302,1.87088,1.8724,1.87286,1.87363,1.8733,1.87773,0,0,0,0,11111111,oooooooo,on,on,on,on,0,100,100,-14.308,0.1915,-14.3083,0,0,0,0.191509091,0,0,0,-1,-1,-1,-1,99.6,99.3,0.153809,4.99756,2.64526,2.71606,2.8479,2.24487,38.575,14.3422,2,375.518,1224.72,33.982,33.0009,29.9997,32.9202,32.8378,-1,40,10,-999.9,400,20,101.329,93.6556
83,1786556463,10939.1,20260813 01:41:03,01:41:03,15,,1786556455,0.000901744,0.901744337,1.310192746,401.5250032,307.9077838,31.24919085,40.75028991,0.028127259,1.388902807,0.027814602,0.017411928,287.4292733,38.75498963,36.20334,6.035839307,48.61737361,2.890282562,5.944958246,3.145556746,-39.76692525,-20.67296324,-3.512310488,223.4770744,-8.406362043,0.863628659,1.310192746,392.9865371,401.4901576,-1.896582647,60.84716422,0.901744337,27.15950939,28.42106242,-0.010891245,69.65,52,12,1.004153212,0.415321157,25144.86254,1499.999333,1261.21414,0.8408098,0.191619601,6,0.5,0: Broadleaf,2,TRUE,1786556455,401.5562667,390.6235333,28.47883333,27.34062667,415.8646,28.28731333,440.4094,101.3888,0.099997933,35.92725333,36.20334,999.9,0,0,5002.624667,0,52.28555333,10.932672,413.3275333,401.6055333,1.138225867,390.6235333,27.34062667,2.887432667,2.772029333,23.39262667,22.7182,1499.999333,0.973005733,0.026993993,0,1.884,0,10124.06,12843.88667,45.729,47.562,46.687,46.25,45.8456,1459.509333,40.49,0,1786556460,0,1786550384,23:59:44,1786550369,1786550384,2,-0.075,0.533,-14.308,0.192,330,22,0.48,0.27,4.73171381,104.2068647,11.40940735,0,1.067128619,1.58862826,0.166040899,0,0,2,0/2,3.0146,2.75955,0.0912489,0.0875482,0.12797,0.119555,32020.2,23027.6,33371.5,25527.3,37151,30406.1,48782.9,39921.1,1.734,2.61618,0.20314,0,32.9353,999.9,57.82,36.366,34.7305,29.0475,-100,3,0.411949,0,20.2447,5.20097,11.956,4.96935,3.29435,9999,156.1,9999,7168.5,4.97375,1.87302,1.8709,1.8724,1.87288,1.87363,1.87328,1.87773,0,0,0,0,11111111,oooooooo,on,on,on,on,0,100,100,-14.309,0.1915,-14.3083,0,0,0,0.191509091,0,0,0,-1,-1,-1,-1,101.6,101.3,0.153809,4.99756,2.64526,2.71729,2.8479,2.27661,38.5504,14.3334,2,374.614,1225.93,33.9628,32.9153,29.9998,32.8377,32.7564,-1,40,10,-999.9,400,20,101.345,93.6605
84,1786556583,11059.1,20260813 01:43:03,01:43:03,15,,1786556575,0.001034766,1.034765874,0.226231929,363.4029925,333.7061467,33.86540557,36.87912209,0.031967363,1.387479274,0.031563758,0.019763187,287.4367467,38.71935769,36.25974,6.054552527,48.26592435,2.873962056,5.954432852,3.180590472,-45.63317506,-22.70483442,-3.863080607,215.2356566,-9.401549953,1.171173923,0.226231929,357.5370511,364.3178727,-1.303438617,60.84716422,1.034765874,26.8171316,28.23860788,-0.008490682,69.65,51,12,1.004079995,0.407999456,25102.03331,1500.038667,1261.24718,0.840809779,0.191619558,6,0.5,0: Broadleaf,2,TRUE,1786556575,363.4084,351.2440667,28.31972,26.77736,377.7169333,28.12821333,440.8494667,101.3827333,0.099981033,35.95620667,36.25974,999.9,0,0,4995.917333,0,59.05445333,12.16425787,374.0005333,360.9084667,1.542369333,351.2440667,26.77736,2.87113,2.714761333,23.2988,22.37470667,1500.038667,0.973005933,0.02699382,0,2.342333333,0,10125.86667,12844.24667,45.687,47.562,46.687,46.2122,45.8204,1459.548667,40.49,0,1786556580,0,1786550384,23:59:44,1786550369,1786550384,2,-0.075,0.533,-14.308,0.192,330,22,0.48,0.27,14.8122461,-47.76014384,8.411302882,0,1.589484762,-0.912612468,0.11755292,0,0,2,0/2,3.01463,2.75939,0.0847691,0.0809042,0.127344,0.117978,32251.6,23198.5,33374.5,25530.8,37179.2,30464.5,48787.4,39926.3,1.73557,2.61725,0.199314,0,33.0353,999.9,57.032,36.346,34.2214,29.0475,-100,3,0.407508,0,20.2448,5.20516,11.956,4.96945,3.29417,9999,156.1,9999,7168.5,4.9738,1.87302,1.87088,1.87241,1.87286,1.87365,1.87329,1.87773,0,0,0,0,11111111,oooooooo,on,on,on,on,0,100,100,-14.308,0.1915,-14.3083,0,0,0,0.191509091,0,0,0,-1,-1,-1,-1,103.6,103.3,0.153809,4.99756,2.64526,2.71606,2.8479,2.27417,38.5259,14.3159,2,375.03,1226.09,33.9681,32.8512,30.0001,32.7689,32.6882,-1,40,10,-999.9,400,20,101.354,93.6728
85,1786556703,11179.1,20260813 01:45:03,01:45:03,15,,1786556695,0.000945918,0.945917629,3.143022202,310.9718231,125.2968123,12.71420146,31.55513962,0.029150409,1.387175009,0.028814326,0.018038826,287.4201533,38.5985152,36.02152667,5.975856173,47.26313895,2.788567601,5.900089716,3.187288572,-41.71496743,-17.34522226,-2.946029273,225.4139344,14.41909391,0.782830976,3.143022202,344.8851378,332.0373273,1.552500581,60.84716422,0.945917629,26.54916449,27.65367091,0.023578792,69.65,51,12,1.004079141,0.407914127,25107.26294,1499.951333,1261.17382,0.840809826,0.191619653,6,0.5,0: Broadleaf,2,TRUE,1786556695,311.0469333,330.9182667,27.48097333,26.44939333,325.3550667,27.28946,440.9572,101.3726667,0.099998327,35.78959333,36.02152667,999.9,0,0,4994.916,0,58.2796,-19.87135333,319.8372,339.9092667,1.0315724,330.9182667,26.44939333,2.785819333,2.681246,22.80018667,22.17048,1499.951333,0.9730054,0.02699432,0,2.36,0,10132.60667,12843.50667,45.92873333,47.67873333,46.812,46.375,45.9496,1459.461333,40.49,0,1786556700,0,1786550384,23:59:44,1786550369,1786550384,2,-0.075,0.533,-14.308,0.192,330,22,0.48,0.27,-19.72023333,10.96755584,3.073750706,0,1.128523619,-1.290720468,0.178023633,0,0,2,0/2,3.01448,2.75932,0.0796719,0.0796049,0.125407,0.117815,32425.8,23232.2,33369.2,25531.9,37260.2,30469.6,48780.1,39925.8,1.73487,2.61823,0.19015,0,32.9358,999.9,55.616,36.336,33.3549,29.0475,-100,3,0.412401,0,20.2449,5.20276,11.956,4.9694,3.29408,9999,156.1,9999,7168.5,4.97377,1.87302,1.87088,1.8724,1.87288,1.87363,1.87327,1.87771,0,0,0,0,11111111,oooooooo,on,on,on,on,0,100,100,-14.309,0.1915,-14.3083,0,0,0,0.191509091,0,0,0,-1,-1,-1,-1,105.6,105.3,0.153809,4.99756,2.64526,2.71606,2.8479,2.24854,38.5259,14.2984,2,374.671,1227.42,33.9259,32.8652,30.0004,32.7701,32.6846,-1,40,10,-999.9,400,20,101.339,93.6737
86,1786556823,11299.1,20260813 01:47:03,01:47:03,15,,1786556815,0.000992051,0.992051293,5.020906844,306.4502199,36.40979133,3.694522076,31.09567678,0.031083797,1.38927905,0.03070254,0.019222952,287.4356067,38.60731259,36.02986,5.978594107,48.08145267,2.842418479,5.911673466,3.136175628,-43.74946202,-15.32729292,-2.599902756,225.758949,8.405250507,0.998396204,5.020906844,335.0921147,320.7324788,1.347744983,60.84716422,0.992051293,26.78760309,28.05858061,0.006600814,69.65,51,12,1.004069803,0.406980296,25164.63839,1500.032667,1261.24214,0.840809782,0.191619565,6,0.5,0: Broadleaf,2,TRUE,1786556815,306.5699333,318.3781333,28.01224667,26.69717333,320.8782,27.82074,440.9102,101.3706,0.099964393,35.82522,36.02986,999.9,0,0,5005.375333,0,57.27798667,-11.80834333,315.4050667,327.1124,1.315056667,318.3781333,26.69717333,2.839623333,2.706313333,23.11622667,22.32337333,1500.032667,0.973007267,0.026992433,0,3.007333333,0,10146.64,12844.21333,45.8874,47.6746,46.812,46.479,46,1459.542667,40.49,0,1786556820,0,1786550384,23:59:44,1786550369,1786550384,2,-0.075,0.533,-14.308,0.192,330,22,0.48,0.27,-8.084084429,-95.03854668,10.70523565,0,1.382439524,-1.220564416,0.137049827,0,0,2,0/2,3.01446,2.75927,0.0779455,0.0798539,0.126793,0.119217,32485.5,23219.8,33368.2,25525.3,37197.1,30413.6,48778.7,39916.9,1.73505,2.6162,0.192992,0,32.9322,999.9,56.538,36.306,33.8536,29.1375,-100,3,0.413514,0,20.2446,5.20516,11.956,4.9695,3.29405,9999,156.2,9999,7168.5,4.97371,1.87302,1.87088,1.87241,1.87286,1.87363,1.87324,1.87775,0,0,0,0,11111111,oooooooo,on,on,on,on,0,100,100,-14.308,0.1915,-14.3083,0,0,0,0.191509091,0,0,0,-1,-1,-1,-1,107.6,107.3,0.153809,4.99756,2.64526,2.71729,2.8479,2.25464,38.5014,14.2896,2,374.817,1224.57,33.9054,32.8921,30,32.7793,32.6876,-1,40,10,-999.9,400,20,101.336,93.6516
87,1786556943,11419.1,20260813 01:49:03,01:49:03,15,,1786556935,0.001107402,1.107402488,2.950593684,377.2858888,227.5291152,23.08806068,38.28432895,0.035529054,1.387991192,0.035031439,0.021938777,287.4307933,38.50856017,35.99563333,5.967355813,49.1678264,2.899776854,5.897712115,3.067578959,-48.83644973,-15.96559676,-2.709672707,219.9190741,-4.860589712,1.056658202,2.950593684,375.4686177,379.2777455,-1.457477654,60.84716422,1.107402488,27.08881667,28.55503939,-0.000487484,69.65,51,12,1.004075241,0.40752407,25131.19643,1500.007333,1261.22086,0.840809796,0.191619592,6,0.5,0: Broadleaf,2,TRUE,1786556935,377.3563333,371.3145333,28.57683333,27.18656,391.6646667,28.38532667,441.1392667,101.373,0.09999458,35.78227333,35.99563333,999.9,0,0,4998.916667,0,50.01672,6.041642,388.4572667,381.6919333,1.390271333,371.3145333,27.18656,2.896918667,2.755981333,23.44698667,22.62272,1500.007333,0.973005333,0.026994413,0,2.427333333,0,10191.38,12843.98667,45.8204,47.6498,46.75,46.42046667,45.937,1459.517333,40.49,0,1786556940,0,1786550384,23:59:44,1786550369,1786550384,2,-0.075,0.533,-14.308,0.192,330,22,0.48,0.27,6.505443,-5.544352782,3.329151798,0,1.3750255,0.438062707,0.06151806,0,0,2,0/2,3.01512,2.75933,0.087789,0.0849374,0.128448,0.119402,32139.7,23089.4,33368.9,25522.8,37125.5,30405.5,48780.1,39913.8,1.737,2.618,0.196822,0,32.8223,999.9,57.307,36.296,34.2959,28.9875,-100,3,0.412287,0,20.2447,5.20441,11.956,4.96925,3.2941,9999,156.2,9999,7168.5,4.97371,1.87302,1.87087,1.87239,1.87286,1.87363,1.87323,1.87767,0,0,0,0,11111111,oooooooo,on,on,on,on,0,100,100,-14.308,0.1916,-14.3083,0,0,0,0.191509091,0,0,0,-1,-1,-1,-1,109.6,109.3,0.153809,4.99756,2.64526,2.71606,2.8479,2.26929,38.4769,14.2459,2,375.784,1226.96,33.8816,32.8833,30,32.7706,32.6782,-1,40,10,-999.9,400,20,101.338,93.6435
88,1786557063,11539.1,20260813 01:51:03,01:51:03,15,,1786557055,0.000980245,0.980245302,7.232030603,333.1011365,-53.12850702,-5.390765531,33.79861821,0.030850125,1.38943282,0.030474582,0.019079974,287.4276267,38.60377762,36.00843333,5.971556531,48.22819053,2.84965585,5.908693273,3.121900681,-43.22881782,-14.41012894,-2.44369467,227.3449852,29.00420228,0.851466088,7.232030603,400.7109289,367.8146303,4.192727488,60.84716422,0.980245302,27.10402628,28.25032727,0.023771338,69.65,51,12,1.004068942,0.406894199,25169.94155,1499.990667,1261.20686,0.840809805,0.19161961,6,0.5,0: Broadleaf,2,TRUE,1786557055,333.2735333,372.9080667,28.08468667,26.96496,347.5818667,27.89316667,441.5912,101.3665333,0.100001927,35.81606,36.00843333,999.9,0,0,5006.333333,0,51.74904667,-39.63457333,342.9052667,383.2470667,1.1197308,372.9080667,26.96496,2.846842667,2.733339333,23.15814667,22.48661333,1499.990667,0.9730056,0.026994153,0,3.08,0,10195.26,12843.82667,45.812,47.65393333,46.75,46.437,45.937,1459.500667,40.49,0,1786557060,0,1786550384,23:59:44,1786550369,1786550384,2,-0.075,0.533,-14.308,0.192,330,22,0.48,0.27,-31.52099667,-173.6168229,18.15754463,0,1.266098667,-2.229868831,0.253185592,0,0,2,0/2,3.01547,2.75945,0.0870616,0.0966923,0.127488,0.120069,32165.3,22792.2,33368.9,25521.9,37168.3,30382.8,48779.9,39912,1.7381,2.61655,0.19642,0,32.8391,999.9,56.898,36.286,34.032,29.2575,-100,3,0.411606,0,20.2447,5.20246,11.956,4.96925,3.294,9999,156.2,9999,7168.5,4.97375,1.87302,1.87088,1.8724,1.87286,1.87364,1.87326,1.87769,0,0,0,0,11111111,oooooooo,on,on,on,on,0,100,100,-14.308,0.1915,-14.3083,0,0,0,0.191509091,0,0,0,-1,-1,-1,-1,111.6,111.3,0.153809,4.99756,2.64526,2.71729,2.8479,2.25586,38.4524,14.2634,2,376.324,1224.71,33.8705,32.8774,29.9999,32.7647,32.6703,-1,40,10,-999.9,400,20,101.338,93.6396
89,1786557183,11659.1,20260813 01:53:03,01:53:03,15,,1786557175,0.001445805,1.445805361,-0.864473252,299.3372571,314.2299648,31.88181926,30.37080291,0.045933541,1.386990195,0.045104879,0.028263756,287.42978,38.26340436,35.87546,5.928042207,47.94800688,2.815949345,5.872922627,3.112092862,-63.76001642,-12.68639697,-2.152625533,208.8307411,10.43769209,1.448239459,-0.864473252,326.8073947,319.5290909,1.558395517,60.84716422,1.445805361,25.80215373,27.72602121,-0.001895234,69.65,50,11,1.003998517,0.399851652,25109.27519,1500.002,1261.21638,0.840809799,0.191619598,6,0.5,0: Broadleaf,2,TRUE,1786557175,299.3166,314.047,27.75424,25.84686667,313.6248,27.56273333,441.1124667,101.3601333,0.100016367,35.7058,35.87546,999.9,0,0,4994.624,0,47.32774,-14.7304676,307.8609333,322.3793333,1.907366,314.047,25.84686667,2.813175333,2.619844667,22.96158,21.79076667,1500.002,0.973007067,0.0269926,0,2.595,0,10210.18667,12843.93333,45.875,47.6622,46.75,46.437,45.937,1459.512,40.49,0,1786557180,0,1786550384,23:59:44,1786550369,1786550384,2,-0.075,0.533,-14.308,0.192,330,22,0.48,0.27,-10.42798371,-62.69731979,19.39906295,0,1.905010952,0.235302857,0.052668078,0,0,2,0/2,3.01514,2.75949,0.0766984,0.0791314,0.125544,0.115123,32531.7,23250.5,33370.4,25538.9,37254.8,30571.2,48782.4,39934.9,1.73883,2.6189,0.193194,0,32.7457,999.9,54.432,36.265,32.5229,29.0175,-100,3,0.410285,0,20.2451,5.20037,11.956,4.96815,3.29402,9999,156.3,9999,7168.5,4.97378,1.87302,1.87088,1.87241,1.87286,1.87364,1.87325,1.87766,0,0,0,0,11111111,oooooooo,on,on,on,on,0,100,100,-14.308,0.1915,-14.3083,0,0,0,0.191509091,0,0,0,-1,-1,-1,-1,113.6,113.3,0.153809,4.99756,2.64526,2.71606,2.8479,2.27539,38.4524,14.2371,2,376.582,1227.74,33.8412,32.8527,30.0003,32.7443,32.6529,-1,40,10,-999.9,400,20,101.343,93.6968
90,1786557303,11779.1,20260813 01:55:03,01:55:03,15,,1786557295,0.001157517,1.157516679,1.505748856,403.6161203,320.6297875,32.53010147,40.94963681,0.037590484,1.388016433,0.037033947,0.023195533,287.4294,38.47408439,35.95966667,5.95556597,49.59060911,2.92323006,5.894725054,3.03233591,-51.04648554,-13.96291757,-2.369216158,220.0507807,-4.82549066,1.102102648,1.505748856,397.7638338,406.1931636,-1.935756226,60.84716422,1.157516679,27.25876399,28.79425212,-0.001091837,69.65,50,11,1.003994681,0.399468076,25133.2895,1500,1261.2147,0.8408098,0.1916196,6,0.5,0: Broadleaf,2,TRUE,1786557295,403.6520667,397.7213333,28.81253333,27.36302,417.9602667,28.62103333,441.2363333,101.3569333,0.099957867,35.77307333,35.95966667,999.9,0,0,4999.833333,0,46.73492,5.930662533,415.6273333,408.9116,1.449507333,397.7213333,27.36302,2.920350667,2.773432,23.58062667,22.72671333,1500,0.973006667,0.026993027,0,3.149,0,10313.18,12843.91333,45.875,47.64153333,46.79546667,46.51653333,46,1459.51,40.49,0,1786557300,0,1786550384,23:59:44,1786550369,1786550384,2,-0.075,0.533,-14.308,0.192,330,22,0.48,0.27,0.631282286,102.1814472,11.00780235,0,1.401612381,1.088403117,0.113300825,0,0,2,0/2,3.01469,2.75949,0.0920149,0.087952,0.129261,0.119614,31992,23012.1,33370,25521.2,37090.3,30396.7,48781.5,39911.2,1.73778,2.61847,0.195213,0,32.8092,999.9,57.459,36.245,34.2952,29.0175,-100,3,0.410353,0,20.2448,5.20052,11.956,4.96945,3.29405,9999,156.3,9999,7168.5,4.97362,1.87302,1.87088,1.87238,1.87286,1.87363,1.87328,1.87763,0,0,0,0,11111111,oooooooo,on,on,on,on,0,100,100,-14.309,0.1915,-14.3083,0,0,0,0.191509091,0,0,0,-1,-1,-1,-1,115.6,115.3,0.153809,4.99756,2.64526,2.71606,2.8479,2.27051,38.4279,14.2108,2,376.068,1227.13,33.8382,32.8634,29.9999,32.7502,32.6536,-1,40,10,-999.9,400,20,101.341,93.6375
91,1786557424,11900,20260813 01:57:04,01:57:04,15,,1786557416,0.001039337,1.039337401,3.515403962,399.1887,213.0769605,21.61765145,40.49955547,0.033333162,1.38882914,0.032895008,0.020598267,287.419425,38.59855793,36.05843125,5.987989525,49.40918692,2.923246844,5.916403458,3.064742681,-45.8347794,-16.37366163,-2.778875034,222.4321089,4.110326395,1.037040565,3.515403962,420.7288334,412.8699394,0.537105763,60.84716422,1.039337401,27.45787751,28.83155818,0.000421502,69.65,50,11,1.003991825,0.399182495,25151.1987,1499.9475,1261.1706,0.840809828,0.191619657,6,0.5,0: Broadleaf,2,TRUE,1786557416,399.2725625,405.4194375,28.81333125,27.44565625,413.5809375,28.6218125,440.0329375,101.3546875,0.0999766,35.83975,36.05843125,999.9,0,0,5003.945625,0,43.19240625,-6.146927063,411.11825,416.860625,1.367665625,405.4194375,27.44565625,2.920366875,2.781748125,23.58071875,22.77615,1499.9475,0.973005625,0.026994088,0,2.8109375,0,10344.25,12843.475,45.8474375,47.625,46.75,46.492125,45.95275,1459.4575,40.49,0,1786557420,0,1786550384,23:59:44,1786550369,1786550384,2,-0.075,0.533,-14.308,0.192,330,22,0.48,0.27,-10.05484348,36.8204181,7.749711437,0,1.349891905,0.419718701,0.067902017,0,0,2,0/2,3.01347,2.7594,0.0935497,0.0934737,0.129449,0.120676,31942.9,22871,33374.9,25518.9,37085.6,30358.3,48788.3,39908.4,1.73615,2.619,0.195883,0,32.9007,999.9,57.936,36.225,34.5421,29.0875,-100,3,0.405483,0,20.2447,5.20426,11.956,4.9692,3.2941,9999,156.3,9999,7168.5,4.97364,1.87302,1.87088,1.87237,1.87286,1.87363,1.87326,1.87771,0,0,0,0,11111111,oooooooo,on,on,on,on,0,100,100,-14.308,0.1915,-14.3083,0,0,0,0.191509091,0,0,0,-1,-1,-1,-1,117.6,117.3,0.153809,4.99756,2.64526,2.71729,2.8479,2.2644,38.4034,14.1933,2,374.978,1227.22,33.8513,32.8123,29.9999,32.7094,32.6205,-1,40,10,-999.9,400,20,101.356,93.6301
92,1786557544,12020,20260813 01:59:04,01:59:04,15,,1786557536,0.001021565,1.021564504,4.12419678,375.1490268,159.0408734,16.13606191,38.06208927,0.032921696,1.387000443,0.032493662,0.020346532,287.4271133,38.55422744,35.99642667,5.967616095,49.4669426,2.91754103,5.897961096,3.050075066,-45.05099465,-15.95619454,-2.710031903,223.7098922,13.86094296,1.019486571,4.12419678,414.591116,397.857497,2.001329001,60.84716422,1.021564504,27.48338867,28.79866485,0.006397725,69.65,50,11,1.003999465,0.399946457,25103.34691,1499.987333,1261.20412,0.840809847,0.191619694,6,0.5,0: Broadleaf,2,TRUE,1786557536,375.2476,394.6294,28.75598,27.40891333,389.556,28.56448,439.2250667,101.3586,0.099984607,35.78304,35.99642667,999.9,0,0,4994.75,0,49.02590667,-19.38181333,386.3578667,405.7512667,1.347070667,394.6294,27.40891333,2.914664,2.778126667,23.54828667,22.75465333,1499.987333,0.973005467,0.02699426,0,2.326333333,0,10362.89333,12843.78667,45.812,47.562,46.75,46.375,45.937,1459.495333,40.492,0,1786557540,0,1786550384,23:59:44,1786550369,1786550384,2,-0.075,0.533,-14.308,0.192,330,22,0.48,0.27,-17.920135,-46.75107519,5.05821124,0,1.36981,-0.554649925,0.054276073,0,0,2,0/2,3.0135,2.75945,0.0913149,0.095696,0.129364,0.120814,32025.4,22813.2,33378.6,25516.7,37091.3,30351.8,48793.4,39905.7,1.73662,2.62015,0.191912,0,32.8978,999.9,58.168,36.195,34.6226,29.0575,-100,3,0.401192,0,20.2449,5.20306,11.956,4.96925,3.29408,9999,156.4,9999,7168.5,4.97364,1.87302,1.87088,1.87237,1.87287,1.87363,1.87325,1.87771,0,0,0,0,11111111,oooooooo,on,on,on,on,0,100,100,-14.309,0.1915,-14.3083,0,0,0,0.191509091,0,0,0,-1,-1,-1,-1,119.6,119.3,0.152588,4.99756,2.64526,2.71606,2.8479,2.26196,38.379,14.1846,2,374.968,1228,33.8456,32.7649,29.9999,32.6659,32.5779,-1,40,10,-999.9,400,20,101.367,93.6231
93,1786557664,12140,20260813 02:01:04,02:01:04,15,,1786557656,0.001148042,1.148041951,2.910455063,323.3938786,181.8951784,18.45409021,32.80977463,0.03664393,1.387569195,0.036114688,0.022618594,287.4285133,38.50529591,36.0119,5.972694668,48.93053072,2.888420674,5.903105139,3.084273994,-50.62865002,-15.93580713,-2.705871194,218.158185,5.237544172,1.135284692,2.910455063,341.3523548,335.1755091,0.383379824,60.84716422,1.148041951,27.00293369,28.50519152,0.003217055,69.65,50,11,1.003997044,0.399704414,25118.48778,1499.995333,1261.21078,0.840809803,0.191619605,6,0.5,0: Broadleaf,2,TRUE,1786557656,323.4634,331.0852667,28.4701,26.97076,337.7715333,28.27857333,439.5707333,101.3545333,0.09999874,35.79887333,36.0119,999.9,0,0,4997.75,0,65.21702667,-7.621858667,332.9422667,340.2624667,1.499334,331.0852667,26.97076,2.885572667,2.73361,23.38196,22.48854,1499.995333,0.973007,0.02699268,0,2.413666667,0,10327.37333,12843.88,45.75413333,47.562,46.687,46.3162,45.875,1459.505333,40.49,0,1786557660,0,1786550384,23:59:44,1786550369,1786550384,2,-0.075,0.533,-14.308,0.192,330,22,0.48,0.27,-4.771132905,-36.43999574,3.861927856,0,1.550368095,-0.691355065,0.084932807,0,0,2,0/2,3.01394,2.75938,0.080137,0.0817276,0.128341,0.119315,32420.2,23171.1,33379.5,25522.9,37135.1,30408.5,48794.8,39913.9,1.7381,2.6205,0.19367,0,32.8882,999.9,57.282,36.165,34.0419,29.2375,-100,3,0.399009,0,20.2449,5.20471,11.956,4.9691,3.294,9999,156.4,9999,7168.5,4.97372,1.87302,1.87088,1.8724,1.87287,1.87363,1.87324,1.87773,0,0,0,0,11111111,oooooooo,on,on,on,on,0,100,100,-14.308,0.1915,-14.3083,0,0,0,0.191509091,0,0,0,-1,-1,-1,-1,121.6,121.3,0.153809,4.99756,2.64526,2.71606,2.8479,2.28394,38.3301,14.1583,2,375.531,1227.85,33.8307,32.7316,30.0001,32.6311,32.5463,-1,40,10,-999.9,400,20,101.369,93.6438
94,1786557784,12260,20260813 02:03:04,02:03:04,15,,1786557776,0.000925411,0.925410611,2.1696416,385.881722,251.8119788,25.54757462,39.14961527,0.029713346,1.387810591,0.029364398,0.018383759,287.4231933,38.61572639,36.06299333,5.989490915,49.68518812,2.932757897,5.902680473,3.056733018,-40.81060795,-19.85912886,-3.372272947,223.3811836,17.60658653,0.975098304,2.1696416,443.5626768,419.2989333,3.881645908,60.84716422,0.925410611,27.74606011,28.93821515,0.005635918,69.65,50,11,1.003995927,0.399592704,25125.48192,1499.967333,1261.18726,0.840809818,0.191619635,6,0.5,0: Broadleaf,2,TRUE,1786557776,385.9335333,410.4002,28.90699333,27.61893333,400.2418667,28.71548,439.2793333,101.355,0.099961547,35.79756667,36.06299333,999.9,0,0,4998.915333,0,63.12642667,-24.466624,397.4220667,422.0583333,1.288056667,410.4002,27.61893333,2.929864667,2.799314667,23.63460667,22.87995333,1499.967333,0.973005733,0.02699398,0,2.167666667,0,10398.71333,12843.62,45.75,47.604,46.687,46.3204,45.875,1459.477333,40.49,0,1786557780,0,1786550384,23:59:44,1786550369,1786550384,2,-0.075,0.533,-14.308,0.192,330,22,0.48,0.27,-19.767829,-93.65644511,16.8719261,0,1.3176005,-0.840599549,0.089930581,0,0,2,0/2,3.013,2.75949,0.0944224,0.09712,0.129857,0.121159,31919.3,22774,33381.8,25512.7,37071,30335.9,48797.8,39900.3,1.73673,2.62197,0.196084,0,32.8867,999.9,58.509,36.155,34.751,29.2075,-100,3,0.396613,0,20.2449,5.20501,11.956,4.9692,3.29408,9999,156.4,9999,7168.5,4.97369,1.87302,1.87088,1.87239,1.87286,1.87364,1.87318,1.87766,0,0,0,0,11111111,oooooooo,on,on,on,on,0,100,100,-14.308,0.1915,-14.3083,0,0,0,0.191509091,0,0,0,-1,-1,-1,-1,123.6,123.3,0.153809,4.99756,2.64526,2.71606,2.8479,2.229,38.3301,14.1495,2,374.643,1229.38,33.8266,32.7026,30,32.6021,32.5168,-1,40,10,-999.9,400,20,101.376,93.6098
95,1786557904,12380,20260813 02:05:04,02:05:04,15,,1786557896,0.001110219,1.110219427,2.455336868,380.7134025,253.3154842,25.7010329,38.62664658,0.035687719,1.388270107,0.035185782,0.022035623,287.4389,38.49054767,36.03447333,5.980110296,49.5412178,2.919180198,5.892427211,3.060930098,-48.96067673,-20.09422935,-3.410070686,214.9739232,-0.927426937,1.084703892,2.455336868,391.8990834,389.6845515,-0.227876123,60.84716422,1.110219427,27.27860211,28.76236,-0.000433283,69.65,50,11,1.003993441,0.399344125,25141.05953,1500.05,1261.2567,0.840809773,0.191619546,6,0.5,0: Broadleaf,2,TRUE,1786557896,380.772,380.0705333,28.77213333,27.33108,395.0803333,28.58061333,436.8388667,101.3586,0.09999412,35.76599333,36.03447333,999.9,0,0,5001,0,48.40628,0.701354333,392.0522667,390.7503333,1.441038667,380.0705333,27.33108,2.916303333,2.770241333,23.55762,22.70779333,1500.05,0.973007,0.026992693,0,2.032,0,10383.20667,12844.34,45.687,47.55373333,46.64153333,46.187,45.812,1459.56,40.49,0,1786557900,0,1786550384,23:59:44,1786550369,1786550384,2,-0.075,0.533,-14.308,0.192,330,22,0.48,0.27,-0.97857425,33.60361827,4.321862211,0,1.424403,0.504750677,0.051915652,0,0,2,0/2,3.01128,2.75952,0.0894392,0.0854726,0.129229,0.119745,32095.5,23071.8,33382.4,25517.2,37098.6,30388.2,48799,39906.2,1.7338,2.62215,0.200242,0,32.8114,999.9,57.783,36.134,34.2809,28.8776,-100,3,0.39544,0,20.2453,5.20112,11.956,4.9694,3.2941,9999,156.5,9999,7168.5,4.9737,1.87302,1.87088,1.87237,1.87286,1.87363,1.87325,1.87772,0,0,0,0,11111111,oooooooo,on,on,on,on,0,100,100,-14.308,0.1915,-14.3083,0,0,0,0.191509091,0,0,0,-1,-1,-1,-1,125.6,125.3,0.153809,4.99756,2.64526,2.71606,2.8479,2.2644,38.3056,14.1583,2,372.985,1229.08,33.7884,32.6822,30,32.579,32.4902,-1,40,10,-999.9,400,20,101.378,93.6247
96,1786558024,12500,20260813 02:07:04,02:07:04,15,,1786558016,0.000908411,0.908411325,3.105704354,409.7349084,220.5373242,22.37548542,41.5712737,0.028969587,1.388747223,0.028638006,0.017928229,287.42484,38.64570987,36.10359333,6.00286686,49.51029432,2.926156617,5.910198389,3.076710242,-40.06093944,-21.18126183,-3.595470398,222.5871683,14.09604695,0.920836849,3.105704354,452.2021788,435.7231636,2.202004323,60.84716422,0.908411325,27.71464432,28.8837903,0.006643359,69.65,50,11,1.003991977,0.399197716,25150.24352,1499.976,1261.19454,0.840809813,0.191619626,6,0.5,0: Broadleaf,2,TRUE,1786558016,409.809,429.599,28.84079333,27.61828667,424.1173333,28.64929333,437.1106667,101.3589333,0.100016967,35.82068667,36.10359333,999.9,0,0,5003.332667,0,47.25108667,-19.78999333,421.9794,441.8014,1.222508,429.599,27.61828667,2.923274667,2.799362667,23.59724,22.88028,1499.976,0.9730064,0.02699328,0,2.153333333,0,10398.42,12843.7,45.7038,47.55373333,46.625,46.30373333,45.812,1459.486,40.49,0,1786558020,0,1786550384,23:59:44,1786550369,1786550384,2,-0.075,0.533,-14.308,0.192,330,22,0.48,0.27,-19.266635,-17.92624511,4.819310477,0,1.2464315,-0.652440451,0.066893782,0,0,2,0/2,3.01138,2.75946,0.0974864,0.0986372,0.129702,0.121456,31815.5,22733.7,33385.9,25510.1,37081.2,30322.7,48803.3,39896.2,1.73445,2.62418,0.197798,0,32.9212,999.9,58.583,36.104,34.6975,28.9676,-100,3,0.392091,0,20.2451,5.20531,11.956,4.9694,3.294,9999,156.5,9999,7168.5,4.97375,1.87302,1.87088,1.8724,1.87286,1.87363,1.87326,1.87771,0,0,0,0,11111111,oooooooo,on,on,on,on,0,100,100,-14.308,0.1915,-14.3083,0,0,0,0.191509091,0,0,0,-1,-1,-1,-1,127.6,127.3,0.153809,4.99756,2.64648,2.71729,2.8479,2.27417,38.3056,14.1408,2,373.135,1231.34,33.7957,32.6509,29.9999,32.5472,32.458,-1,40,10,-999.9,400,20,101.388,93.6002
97,1786558144,12620,20260813 02:09:04,02:09:04,15,,1786558136,0.001136933,1.136933066,2.842149674,348.725188,206.8303311,20.98338986,35.3789337,0.036048395,1.38853607,0.035536437,0.022255665,287.4364933,38.49640781,36.10844667,6.004467558,49.18093299,2.901122741,5.898876992,3.103344817,-50.13874822,-24.14843676,-4.099168552,209.0501398,-5.103780746,1.322892777,2.842149674,355.2312501,352.7811333,-0.28315609,60.84716422,1.136933066,26.92493931,28.50289333,-0.010182071,69.65,50,11,1.003992446,0.399244643,25147.29915,1500.037333,1261.24606,0.84080978,0.19161956,6,0.5,0: Broadleaf,2,TRUE,1786558136,348.793,342.4573333,28.59596,26.84168,363.1013333,28.40446,437.719,101.3522,0.099989073,35.78586,36.10844667,999.9,0,0,5002.625333,0,57.56470667,6.335626667,359.0611333,351.9033333,1.754284,342.4573333,26.84168,2.898262,2.720463333,23.45463333,22.40918667,1500.037333,0.9730076,0.026992087,0,2.195,0,10372.2,12844.24,45.6954,47.562,46.6374,46.25,45.8246,1459.547333,40.49,0,1786558140,0,1786550384,23:59:44,1786550369,1786550384,2,-0.075,0.533,-14.308,0.192,330,22,0.48,0.27,13.6358219,-115.6218195,12.23873331,0,1.81773619,-1.105334026,0.126949469,0,0,2,0/2,3.01122,2.75933,0.0832621,0.0820908,0.128333,0.119092,32318.3,23158,33387.4,25518.1,37140.9,30411.6,48805.8,39907.3,1.7349,2.62462,0.193387,0,32.9741,999.9,57.411,36.094,33.986,28.9976,-100,3,0.389787,0,20.2447,5.20516,11.956,4.9693,3.294,9999,156.5,9999,7168.5,4.97367,1.87301,1.87088,1.87238,1.87286,1.87363,1.8733,1.87773,0,0,0,0,11111111,oooooooo,on,on,on,on,0,100,100,-14.309,0.1915,-14.3083,0,0,0,0.191509091,0,0,0,-1,-1,-1,-1,129.6,129.3,0.153809,4.99756,2.64526,2.71729,2.8479,2.27417,38.2812,14.1233,2,373.165,1231.38,33.8044,32.6156,30.0001,32.5126,32.4286,-1,40,10,-999.9,400,20,101.393,93.6275
98,1786558264,12740,20260813 02:11:04,02:11:04,15,,1786558256,0.001089621,1.089620577,0.667003927,379.2418755,330.4551284,33.52329233,38.47250403,0.034969216,1.387820247,0.034486986,0.021597139,287.4329467,38.46967952,36.02118667,5.975744488,49.48866842,2.910939185,5.882031743,3.064805303,-48.05226744,-21.49234184,-3.647714972,214.2406224,-3.96786961,0.986926892,0.667003927,376.9308616,383.8967091,-1.439192379,60.84716422,1.089620577,27.22684537,28.68158485,-0.000280686,69.65,50,11,1.003994999,0.399499936,25131.29314,1500.018667,1261.23038,0.84080979,0.19161958,6,0.5,0: Broadleaf,2,TRUE,1786558256,379.2578,374.3460667,28.69452,27.38389333,393.5662,28.50302,437.0491333,101.3458,0.100022593,35.73393333,36.02118667,999.9,0,0,4999.416667,0,57.13596,4.911732733,390.4619333,384.8874667,1.310635333,374.3460667,27.38389333,2.908073333,2.775246667,23.51072667,22.73738,1500.018667,0.973007667,0.026992,0,3.2,0,10409.93333,12844.06667,45.6912,47.55786667,46.625,46.3246,45.812,1459.528667,40.49,0,1786558260,0,1786550384,23:59:44,1786550369,1786550384,2,-0.075,0.533,-14.308,0.192,330,22,0.48,0.27,2.3241767,100.8883525,11.76637925,0,1.306306,0.759122707,0.121741682,0,0,2,0/2,3.01146,2.75949,0.0881216,0.0821362,0.12893,0.119383,32149.1,23155.7,33389.3,25516.6,37116.3,30399.9,48808.4,39905.4,1.73547,2.62503,0.196029,0,32.8635,999.9,57.759,36.084,34.1763,28.9676,-100,3,0.387879,0,20.2449,5.20486,11.956,4.9692,3.2941,9999,156.6,9999,7168.5,4.97375,1.87302,1.87088,1.87236,1.87286,1.87364,1.87323,1.87768,0,0,0,0,11111111,oooooooo,on,on,on,on,0,100,100,-14.309,0.1915,-14.3083,0,0,0,0.191509091,0,0,0,-1,-1,-1,-1,131.6,131.3,0.153809,4.99756,2.64526,2.71606,2.8479,2.28271,38.2812,14.1145,2,373.327,1231.36,33.7742,32.596,30,32.4896,32.3993,-1,40,10,-999.9,400,20,101.398,93.6226
99,1786558384,12860,20260813 02:13:04,02:13:04,15,,1786558376,0.000906009,0.906008564,2.663478912,353.0413876,189.3924123,19.21157375,35.81178661,0.028723035,1.388478198,0.028396977,0.017777097,287.43738,38.58339444,36.06636667,5.990601295,49.17370098,2.895977084,5.889280299,3.094624211,-39.95497765,-23.21073677,-3.938788765,220.3328768,11.69450692,0.83476512,2.663478912,383.2275845,373.2848121,1.126284804,60.84716422,0.906008564,27.43686341,28.60132364,0.006884169,69.65,50,11,1.003992239,0.399223896,25148.60077,1500.042,1261.24998,0.840809777,0.191619555,6,0.5,0: Broadleaf,2,TRUE,1786558376,353.1049333,369.4936667,28.54925333,27.44098667,367.4131333,28.35772667,437.2308,101.338,0.099927307,35.75629333,36.06636667,999.9,0,0,5003.041333,0,51.04005333,-16.38870347,363.4822667,379.919,1.108256667,369.4936667,27.44098667,2.893121333,2.780813333,23.42526,22.7706,1500.042,0.973008267,0.02699138,0,2.529,0,10398.4,12844.28667,45.729,47.562,46.625,46.3708,45.8372,1459.552,40.49,0,1786558380,0,1786550384,23:59:44,1786550369,1786550384,2,-0.075,0.533,-14.308,0.192,330,22,0.48,0.27,-15.1839446,26.81875723,7.92270019,0,1.143602,-0.38422015,0.076378703,0,0,2,0/2,3.01087,2.75944,0.0868144,0.084495,0.128703,0.120453,32195.7,23091.9,33389.8,25511.7,37126.4,30357,48809.5,39897.9,1.73417,2.62565,0.200223,0,32.8238,999.9,58.119,36.054,34.3322,28.8176,-100,3,0.386712,0,20.2446,5.20202,11.956,4.9693,3.294,9999,156.6,9999,7168.5,4.97365,1.87301,1.87088,1.87236,1.87286,1.87363,1.87328,1.87771,0,0,0,0,11111111,oooooooo,on,on,on,on,0,100,100,-14.308,0.1915,-14.3083,0,0,0,0.191509091,0,0,0,-1,-1,-1,-1,133.6,133.3,0.153809,4.99756,2.64526,2.71729,2.8479,2.2583,38.2568,14.0883,2,372.534,1231.85,33.763,32.575,30.0001,32.4694,32.38,-1,40,10,-999.9,400,20,101.4,93.605
100,1786558504,12980,20260813 02:15:04,02:15:04,15,,1786558496,0.000760185,0.760184893,4.031870773,397.5290602,116.2346876,11.78972899,40.3215252,0.024243674,1.387682867,0.024010808,0.01502749,287.4215467,38.63912824,36.04826,5.984643325,49.53532394,2.914215295,5.883105354,3.07042803,-33.52415377,-23.26776547,-3.950016671,226.6796108,16.14323903,0.732406144,4.031870773,434.5242768,421.1819515,1.390907825,60.84716422,0.760184893,27.80091682,28.77605333,0.006211643,69.65,50,11,1.003995575,0.399557468,25127.68889,1499.958667,1261.17998,0.840809822,0.191619645,6,0.5,0: Broadleaf,2,TRUE,1786558496,397.6253333,420.1132,28.73118667,27.75798667,411.9335333,28.53968,436.7746667,101.3304,0.099983947,35.73724667,36.04826,999.9,0,0,4999.5,0,46.10653333,-22.48788667,409.3876667,432.1076,0.973197933,420.1132,27.75798667,2.911344,2.812730667,23.52937333,22.95897333,1499.958667,0.973006933,0.02699276,0,2.857,0,10420.20667,12843.57333,45.7332,47.562,46.625,46.42873333,45.854,1459.468667,40.49,0,1786558500,0,1786550384,23:59:44,1786550369,1786550384,2,-0.075,0.533,-14.308,0.192,330,22,0.48,0.27,-24.39727,55.48836992,8.683889676,0,0.9506634,0.245762256,0.044046463,0,0,2,0/2,3.01068,2.75938,0.0953661,0.0972206,0.129316,0.121693,31895.3,22763.9,33390.8,25503.6,37100.7,30307.1,48810.4,39886.8,1.73435,2.6273,0.20105,0,32.8004,999.9,58.906,36.034,34.7639,29.1176,-100,3,0.385422,0,20.2446,5.20396,11.956,4.9691,3.294,9999,156.6,9999,7168.5,4.97368,1.87302,1.87088,1.87238,1.87286,1.87363,1.87324,1.87765,0,0,0,0,11111111,oooooooo,on,on,on,on,0,100,100,-14.309,0.1915,-14.3083,0,0,0,0.191509091,0,0,0,-1,-1,-1,-1,135.6,135.3,0.153809,4.99756,2.64526,2.71729,2.8479,2.25342,38.2568,14.0795,2,372.523,1233.89,33.7501,32.5607,30,32.4522,32.3628,-1,40,10,-999.9,400,20,101.403,93.5774
101,1786558624,13100,20260813 02:17:04,02:17:04,15,,1786558616,0.000700893,0.700893289,3.433720592,411.8628862,148.31342,15.04143386,41.76970881,0.022205427,1.387916192,0.022009932,0.013773629,287.4364933,38.71912715,36.13594,6.013542251,49.60298795,2.926335042,5.899513645,3.087207209,-30.90939406,-26.04819657,-4.424258165,226.0546445,9.581377914,0.716695117,3.433720592,448.5765343,433.7643091,1.820264202,60.84716422,0.700893289,27.9530222,28.88283636,0.000399403,69.65,50,11,1.00399508,0.399508042,25130.78521,1500.037333,1261.24606,0.84080978,0.19161956,6,0.5,0: Broadleaf,2,TRUE,1786558616,411.9448667,425.4211333,28.85461333,27.90515333,426.2531333,28.6631,438.0363333,101.3165333,0.1000065,35.78782,36.13594,999.9,0,0,5001.333333,0,47.44454,-13.47624667,424.1845333,437.6336667,0.949454733,425.4211333,27.90515333,2.923446667,2.82725,23.5982,23.04404667,1500.037333,0.973008,0.026991647,0,2.709333333,0,10432,12844.22667,45.729,47.55786667,46.625,46.40393333,45.8456,1459.547333,40.49,0,1786558620,0,1786550384,23:59:44,1786550369,1786550384,2,-0.075,0.533,-14.308,0.192,330,22,0.48,0.27,-12.0126383,-22.06212839,6.73102666,0,0.98393755,-0.68782182,0.070171897,0,0,2,0/2,3.01208,2.7594,0.0970918,0.0947638,0.129672,0.122235,31836.5,22820.2,33392.7,25497.2,37085.7,30280.9,48812.6,39878,1.73725,2.62485,0.203714,0,32.8464,999.9,59.431,36.034,35.0809,28.9076,-100,3,0.383102,0,20.2446,5.20456,11.956,4.9691,3.29402,9999,156.7,9999,7168.5,4.97367,1.873,1.87088,1.87239,1.87286,1.87363,1.87327,1.87771,0,0,0,0,11111111,oooooooo,on,on,on,on,0,100,100,-14.308,0.1915,-14.3083,0,0,0,0.191509091,0,0,0,-1,-1,-1,-1,137.6,137.3,0.153809,4.99756,2.64526,2.71729,2.8479,2.24243,38.2568,14.0883,2,373.875,1229.88,33.7478,32.5347,30,32.4263,32.34,-1,40,10,-999.9,400,20,101.408,93.5557
102,1786558744,13220,20260813 02:19:04,02:19:04,15,,1786558736,0.000801196,0.801196059,2.273659968,314.4214827,155.4523162,15.7641315,31.88490029,0.02499041,1.389388315,0.024743357,0.015486591,287.43282,38.61846288,36.07018,5.991856723,48.45997956,2.851409182,5.884049494,3.140447541,-35.33274621,-24.72005003,-4.191915947,223.1881078,12.60237282,0.903564784,2.273659968,345.9981296,334.4240788,1.526108192,60.84716422,0.801196059,27.15744179,28.16140364,0.010125645,69.65,50,11,1.0039877,0.398769989,25177.11282,1500.018,1261.22982,0.84080979,0.191619581,6,0.5,0: Broadleaf,2,TRUE,1786558736,314.4756667,332.0749333,28.11814667,26.91908,328.7838667,27.92664667,437.6250667,101.3081333,0.1000148,35.74016,36.07018,999.9,0,0,5009,0,49.1441,-17.59927333,323.574,341.2636,1.199082,332.0749333,26.91908,2.848600667,2.727123333,23.16846,22.44904667,1500.018,0.973008267,0.02699138,0,2.682,0,10409.46,12844.08,45.75,47.562,46.625,46.437,45.8708,1459.528,40.49,0,1786558740,0,1786550384,23:59:44,1786550369,1786550384,2,-0.075,0.533,-14.308,0.192,330,22,0.48,0.27,-13.4995312,-83.37604692,9.482600088,0,1.266621,-2.083765444,0.213849144,0,0,2,0/2,3.01138,2.75928,0.0803347,0.0832615,0.12718,0.119847,32425.5,23120.2,33391.2,25508.4,37194.1,30374.9,48811,39893.6,1.73603,2.62602,0.199232,0,32.8531,999.9,57.594,36.014,33.9609,28.9976,-100,3,0.384538,0,20.2446,5.20426,11.956,4.9691,3.294,9999,156.7,9999,7168.5,4.97374,1.87301,1.87088,1.87241,1.87286,1.87363,1.87328,1.87769,0,0,0,0,11111111,oooooooo,on,on,on,on,0,100,100,-14.308,0.1915,-14.3083,0,0,0,0.191509091,0,0,0,-1,-1,-1,-1,139.6,139.3,0.153809,4.99756,2.64526,2.71729,2.8479,2.26196,38.2568,14.0707,2,373.222,1231.45,33.7343,32.5376,30.0002,32.4234,32.3343,-1,40,10,-999.9,400,20,101.404,93.5941
103,1786558864,13340,20260813 02:21:04,02:21:04,15,,1786558856,0.000727145,0.727144715,2.715677843,384.8815126,179.1456098,18.16629874,39.02899182,0.022892484,1.388902203,0.022684911,0.014196562,287.4272467,38.66026833,36.10200667,6.002343635,49.1818642,2.894479306,5.885257408,3.107864328,-32.06708193,-26.81548683,-4.549627906,223.99505,5.926717538,0.726835586,2.715677843,409.9086496,400.9800727,0.929447302,60.84716422,0.727144715,27.5916603,28.55826485,0.00033132,69.65,50,11,1.003989943,0.398994336,25163.01239,1499.988667,1261.20518,0.840809806,0.191619612,6,0.5,0: Broadleaf,2,TRUE,1786558856,384.9462667,393.4252,28.54369333,27.57936667,399.2545333,28.35219333,437.5284,101.3052,0.100013147,35.74388667,36.10200667,999.9,0,0,5006.75,0,50.05238667,-8.478926667,396.2568,404.5834667,0.9643406,393.4252,27.57936667,2.891632667,2.793939333,23.41670667,22.84830667,1499.988667,0.973007333,0.026992333,0,2.713,0,10440.02,12843.82667,45.75,47.562,46.64566667,46.4454,45.875,1459.498667,40.49,0,1786558860,0,1786550384,23:59:44,1786550369,1786550384,2,-0.075,0.533,-14.308,0.192,330,22,0.48,0.27,-5.69227,-56.66973023,5.716875412,0,0.97146575,-0.130642421,0.014135401,0,0,2,0/2,3.01159,2.75942,0.0917391,0.091756,0.128518,0.120985,32022.9,22900.4,33390.5,25502.2,37135.4,30329.3,48810,39884.5,1.73615,2.62577,0.202976,0,32.8296,999.9,58.412,35.993,34.398,28.4576,-100,3,0.384987,0,20.2447,5.20456,11.956,4.9691,3.294,9999,156.7,9999,7168.5,4.97369,1.87302,1.87088,1.87234,1.87286,1.87365,1.87326,1.87766,0,0,0,0,11111111,oooooooo,on,on,on,on,0,100,100,-14.309,0.1915,-14.3083,0,0,0,0.191509091,0,0,0,-1,-1,-1,-1,141.6,141.3,0.153809,4.99756,2.64526,2.71729,2.8479,2.25952,38.2568,14.0532,2,373.312,1231.09,33.7171,32.5462,30.0001,32.4277,32.3343,-1,40,10,-999.9,400,20,101.402,93.5721
104,1786558984,13460,20260813 02:23:04,02:23:04,15,,1786558976,0.000664566,0.664566079,0.068651188,420.673824,394.2497693,39.97797605,42.65744554,0.020699109,1.386034055,0.020528899,0.012845738,287.4262333,38.76114135,36.24504667,6.04967251,49.3060368,2.912099221,5.906171758,3.13757329,-29.30736408,-32.6349021,-5.554024,219.9299432,6.748995269,0.576369841,0.068651188,435.0340737,436.9061152,-0.358546202,60.84716422,0.664566079,27.92386721,28.77059273,0.006290186,69.65,50,11,1.004003873,0.400387267,25075.81924,1499.983333,1261.2007,0.840809809,0.191619618,6,0.5,0: Broadleaf,2,TRUE,1786558976,420.6754667,430.2385333,28.71817333,27.95264,434.9838667,28.52667333,436.9652,101.3026667,0.09999522,35.80830667,36.24504667,999.9,0,0,4992.749333,0,49.45760667,-9.562937333,433.1140667,442.6109333,0.765529733,430.2385333,27.95264,2.909225333,2.831674667,23.51728,23.0699,1499.983333,0.973006733,0.02699294,0,2.116333333,0,10460.66667,12843.76667,45.75,47.562,46.687,46.3666,45.875,1459.493333,40.49,0,1786558980,0,1786550384,23:59:44,1786550369,1786550384,2,-0.075,0.533,-14.308,0.192,330,22,0.48,0.27,-19.31987857,162.1895158,16.64537712,0,0.738267714,0.410782909,0.057154476,0,0,2,0/2,3.01147,2.75949,0.0972702,0.095535,0.12925,0.12169,31828.5,22799.8,33391,25496.1,37103.5,30298.9,48810.6,39876.3,1.73617,2.62695,0.204787,0,32.9394,999.9,59.083,35.973,34.759,28.9676,-100,3,0.384497,0,20.2449,5.20411,11.956,4.96905,3.294,9999,156.8,9999,7168.5,4.9737,1.87299,1.87088,1.87231,1.87287,1.87363,1.87328,1.87775,0,0,0,0,11111111,oooooooo,on,on,on,on,0,100,100,-14.308,0.1915,-14.3083,0,0,0,0.191509091,0,0,0,-1,-1,-1,-1,143.6,143.3,0.153809,4.99756,2.64526,2.71729,2.8479,2.25098,38.2324,14.0445,2,373.299,1232.74,33.7262,32.5376,30.0002,32.4234,32.3315,-1,40,10,-999.9,400,20,101.403,93.5516
105,1786559104,13580.1,20260813 02:25:04,02:25:04,15,,1786559096,0.000820509,0.820509076,2.18943178,328.1619677,175.6934179,17.81552385,33.27601813,0.025363468,1.387864479,0.025108747,0.015715639,287.4321313,38.70361466,36.260575,6.054829954,48.82092727,2.887326358,5.914116179,3.167503596,-36.18445026,-32.01282792,-5.442024799,213.7928283,0.820974184,0.850154406,2.18943178,338.5119267,335.5012424,-0.014495643,60.84716422,0.820509076,27.27677442,28.42381697,-0.008373641,69.65,49,11,1.003915576,0.391557607,25126.24573,1500.014375,1261.226775,0.840809792,0.191619584,6,0.5,0: Broadleaf,2,TRUE,1786559096,328.21425,329.72,28.47428125,27.34493125,342.5224375,28.282775,437.046625,101.3011875,0.100014975,35.832725,36.260575,999.9,0,0,5001.83625,0,47.71225,-1.505801875,337.83375,338.98975,1.12935625,329.72,27.34493125,2.884478125,2.7700725,23.375675,22.70675,1500.014375,0.973008125,0.026991494,0,2.3996875,0,10437.7625,12844.025,45.808125,47.6131875,46.687,46.375,45.886625,1459.524375,40.49,0,1786559100,0,1786550384,23:59:44,1786550369,1786550384,2,-0.075,0.533,-14.308,0.192,330,22,0.48,0.27,-0.473576,-55.20458256,7.621923634,0,1.107333,0.559294737,0.080259643,0,0,2,0/2,3.01122,2.7595,0.080333,0.0839378,0.128027,0.120537,32421.8,23094.2,33387.5,25498.7,37152.9,30340.2,48806.4,39879.9,1.73582,2.6255,0.200242,0,33.0382,999.9,58.302,35.953,34.261,28.9348,-100,3,0.387096,0,20.2447,5.20501,11.956,4.9695,3.294,9999,156.8,9999,7168.5,4.9737,1.87302,1.87088,1.87238,1.87286,1.87363,1.87321,1.87766,0,0,0,0,11111111,oooooooo,on,on,on,on,0,100,100,-14.309,0.1915,-14.3083,0,0,0,0.191509091,0,0,0,-1,-1,-1,-1,145.6,145.3,0.153809,4.99756,2.64526,2.71729,2.8479,2.25464,38.2324,14.0095,2,373.22,1230.96,33.7477,32.5623,30.0003,32.4407,32.3464,-1,40,10,-999.9,400,20,101.394,93.5606
106,1786559224,13700.1,20260813 02:27:04,02:27:04,15,,1786559216,0.000670434,0.670434106,3.343047269,377.9836781,106.8323114,10.83317195,38.32887378,0.020833256,1.386753565,0.020660932,0.012928446,287.42522,38.74464525,36.19552667,6.033250851,48.92269587,2.887507694,5.90218434,3.145743157,-29.56614409,-29.86668511,-5.078749356,222.9136414,5.707436436,0.758409265,3.343047269,403.7311818,392.8503394,1.124973706,60.84716422,0.670434106,27.53162307,28.44471818,-0.003208163,69.65,50,11,1.004000422,0.400042213,25097.36197,1499.978,1261.19622,0.840809812,0.191619624,6,0.5,0: Broadleaf,2,TRUE,1786559216,378.0636,386.2498667,28.47542,27.46946,392.3718,28.2839,437.6663333,101.3035333,0.0999822,35.79604,36.19552667,999.9,0,0,4996.249333,0,46.81802,-8.186330307,389.1446,397.1604667,1.005954667,386.2498667,27.46946,2.884657333,2.78275,23.37669333,22.78204667,1499.978,0.9730076,0.026992067,0,2.194333333,0,10456.8,12843.74,45.812,47.6082,46.687,46.4874,45.937,1459.488,40.49,0,1786559220,0,1786550384,23:59:44,1786550369,1786550384,2,-0.075,0.533,-14.308,0.192,330,22,0.48,0.27,-7.40300323,-66.73432153,9.410259308,0,1.0020923,-0.348315158,0.084294178,0,0,2,0/2,3.01133,2.75935,0.0906522,0.094282,0.128134,0.121271,32061.1,22832,33390.4,25496.9,37152.9,30313.9,48810.4,39876.9,1.73605,2.62512,0.200853,0,32.9557,999.9,58.68,35.953,34.4828,29.1748,-100,3,0.384007,0,20.2445,5.20516,11.956,4.96935,3.29405,9999,156.8,9999,7168.5,4.97374,1.87302,1.87088,1.8724,1.87288,1.87363,1.87328,1.87773,0,0,0,0,11111111,oooooooo,on,on,on,on,0,100,100,-14.308,0.1915,-14.3083,0,0,0,0.191509091,0,0,0,-1,-1,-1,-1,147.6,147.3,0.153809,4.99756,2.64526,2.71729,2.8479,2.25952,38.2324,14.0095,2,373.252,1230.15,33.7485,32.5468,29.9998,32.4263,32.3343,-1,40,10,-999.9,400,20,101.402,93.5537
107,1786559344,13820.1,20260813 02:29:04,02:29:04,15,,1786559336,0.000521667,0.52166722,2.42406792,411.2952728,155.2556629,15.74318789,41.70603917,0.016160501,1.388106209,0.016056702,0.010044709,287.4258533,38.80639954,36.24191333,6.048632295,49.15586563,2.899545059,5.898675614,3.149087236,-23.0055244,-34.17541466,-5.806778005,224.4381363,7.421955221,0.570330024,2.42406792,439.6456757,429.9144303,1.148132482,60.84716422,0.52166722,27.91724871,28.60874485,0.000707538,69.65,50,11,1.003994088,0.399408813,25137.0039,1499.981333,1261.19902,0.84080981,0.19161962,6,0.5,0: Broadleaf,2,TRUE,1786559336,411.3531333,421.8278667,28.59464,27.83688,425.6613333,28.40313333,436.8819333,101.3017333,0.099964993,35.78524,36.24191333,999.9,0,0,5003,0,45.87708667,-10.474812,423.4617333,433.9067333,0.757767067,421.8278667,27.83688,2.89669,2.819927333,23.4457,23.00116,1499.981333,0.973006333,0.026993373,0,2.46,0,10474.78667,12843.74,45.729,47.562,46.687,46.312,45.8456,1459.491333,40.49,0,1786559340,0,1786550384,23:59:44,1786550369,1786550384,2,-0.075,0.533,-14.308,0.192,330,22,0.48,0.27,-10.6735535,-8.589838647,2.951682968,0,0.73653055,-0.037849398,0.072644132,1,1,2,1/2,3.01092,2.75945,0.0966081,0.0970901,0.128711,0.122082,31852,22756,33391.1,25490.8,37128.1,30278.9,48811.4,39867.7,1.7353,2.62608,0.20767,0,32.8904,999.9,59.217,35.943,34.783,28.5748,-100,3,0.383122,0,20.2449,5.20516,11.956,4.96945,3.294,9999,156.9,9999,7168.5,4.97369,1.87297,1.87087,1.87238,1.87286,1.87363,1.87324,1.87762,0,0,0,0,11111111,oooooooo,on,on,on,on,0,100,100,-14.308,0.1915,-14.3083,0,0,0,0.191509091,0,0,0,-1,-1,-1,-1,149.6,149.3,0.153809,4.99756,2.64526,2.71729,2.8479,2.28271,38.208,14.0095,2,372.778,1231.29,33.7315,32.5232,30.0001,32.4119,32.3229,-1,40,10,-999.9,400,20,101.404,93.5318
108,1786559464,13940.1,20260813 02:31:04,02:31:04,15,,1786559456,0.000874358,0.874357507,0.804234402,336.7779718,272.558351,27.63787104,34.14984762,0.02692023,1.386506741,0.026633194,0.01667128,287.4166067,38.57988255,36.14804,6.017539858,48.17926453,2.833856152,5.881899983,3.183683706,-38.55916607,-30.98460282,-5.266972872,212.6058649,-12.14654472,1.104254993,0.804234402,327.6983166,333.7745212,-1.305771866,60.84999891,0.874357507,26.51543356,27.80197333,-0.017710643,69.65,49,11,1.003920399,0.392039916,25095.45463,1499.932667,1261.15814,0.840809836,0.191619673,6,0.5,0: Broadleaf,2,TRUE,1786559456,336.7972,320.5940667,27.94684,26.46972,351.1053333,27.75533333,434.2568,101.3016667,0.09999994,35.73352667,36.14804,999.9,0,0,4995.126,0,44.10133333,16.20304533,346.4810667,329.3107333,1.477139333,320.5940667,26.46972,2.831065333,2.681428667,23.06624667,22.17172667,1499.932667,0.973005733,0.026993973,0,1.832333333,0,10464.52667,12843.33333,45.75,47.5,46.6374,46.312,45.8246,1459.442667,40.49,0,1786559460,0,1786550384,23:59:44,1786550369,1786550384,2,-0.075,0.533,-14.308,0.192,330,22,0.48,0.27,18.454344,-77.08679639,8.109875515,0,1.4835755,-0.800454586,0.126019642,0,0,2,0/2,3.00841,2.75947,0.0796074,0.0777503,0.125858,0.117868,32453.4,23263.1,33393.4,25512.8,37255.7,30448.2,48814.5,39899.6,1.73132,2.62803,0.204161,0,32.8457,999.9,56.818,35.923,33.3368,28.9648,-100,3,0.380686,0,20.2446,5.20486,11.956,4.96925,3.29405,9999,156.9,9999,7168.5,4.9737,1.87302,1.87088,1.87235,1.87286,1.87363,1.8733,1.87769,0,0,0,0,11111111,oooooooo,on,on,on,on,0,100,100,-14.309,0.1915,-14.3083,0,0,0,0.191509091,0,0,0,-1,-1,-1,-1,151.6,151.3,0.153809,4.99756,2.64526,2.71729,2.8479,2.25708,38.208,13.9657,2,370.587,1233.64,33.714,32.5058,30.0001,32.3889,32.3002,-1,40,10,-999.9,400,20,101.411,93.6088
109,1786559584,14060.1,20260813 02:33:04,02:33:04,15,,1786559576,0.00081363,0.813629624,1.161787667,303.3018787,216.344467,21.93677327,30.75403146,0.025486992,1.387656873,0.02522976,0.015791495,287.4245867,38.39753708,35.87698,5.928538053,48.15131888,2.799323505,5.81359674,3.129214548,-35.8810664,-26.58346771,-4.504513256,220.4555393,-1.909351516,0.879748178,1.161787667,309.0699537,309.0198788,-0.289054186,60.84999891,0.813629624,26.3330427,27.51780121,-0.014245277,69.65,49,11,1.003912522,0.391252186,25145.78336,1499.974667,1261.19342,0.840809814,0.191619627,6,0.5,0: Broadleaf,2,TRUE,1786559576,303.3296,301.0679333,27.60744,26.42888,317.638,27.41594,433.7659333,101.2974,0.100031447,35.52164,35.87698,999.9,0,0,5001.000667,0,38.57656,2.261779727,311.9417333,309.2408667,1.178557333,301.0679333,26.42888,2.796563333,2.677176667,22.86379333,22.14558667,1499.974667,0.973004667,0.026995093,0,3.105333333,0,10465.79333,12843.68,45.687,47.437,46.562,46.25,45.7996,1459.484667,40.49,0,1786559580,0,1786550384,23:59:44,1786550369,1786550384,2,-0.075,0.533,-14.308,0.192,330,22,0.48,0.27,3.293185295,-25.48097735,2.521497975,0,1.1179327,1.072507218,0.124816179,0,0,2,0/2,3.00812,2.75935,0.0751791,0.0733581,0.124871,0.117399,32608.7,23374.9,33392.6,25514,37298.5,30464.8,48813.8,39900.6,1.7308,2.62738,0.198729,0,32.6388,999.9,56.196,35.903,32.9371,29.0249,-100,3,0.38124,0,20.2448,5.20531,11.956,4.96945,3.294,9999,156.9,9999,7168.5,4.97373,1.87301,1.87088,1.87239,1.87286,1.87363,1.87325,1.87762,0,0,0,0,11111111,oooooooo,on,on,on,on,0,100,100,-14.308,0.1915,-14.3083,0,0,0,0.191509091,0,0,0,-1,-1,-1,-1,153.6,153.3,0.153809,4.99756,2.64526,2.71606,2.8479,2.25342,38.1837,13.9744,2,370.232,1232.35,33.6342,32.4886,30.0002,32.3746,32.2831,-1,40,10,-999.9,400,20,101.409,93.612
110,1786559704,14180.1,20260813 02:35:04,02:35:04,15,,1786559696,0.000518546,0.518546326,2.138661203,334.0397579,110.7069025,11.22505722,33.86975256,0.016237771,1.387178245,0.016132911,0.010092434,287.428,38.45230091,35.76624667,5.892509418,47.945637,2.772736669,5.783084433,3.119772748,-22.86789296,-25.42409678,-4.305232467,234.8307778,15.20960684,0.452895172,2.138661203,371.2204829,357.5561697,1.910859466,60.84999891,0.518546326,26.8377744,27.44749697,0.014146097,69.65,49,11,1.003913431,0.391343075,25139.96608,1499.992,1261.20804,0.840809844,0.191619689,6,0.5,0: Broadleaf,2,TRUE,1786559696,334.0908,355.32,27.34606,26.73735333,348.3994,27.15453333,432.4692,101.2944,0.099975253,35.42628667,35.76624667,999.9,0,0,4998.791333,0,41.05130667,-21.22916667,343.4844667,365.0819333,0.608682667,355.32,26.73735333,2.770000667,2.708344,22.70636,22.33576,1499.992,0.973003933,0.02699588,0,2.369333333,0,10477.94,12843.85333,45.562,47.2996,46.437,46.12913333,45.6498,1459.5,40.492,0,1786559700,0,1786550384,23:59:44,1786550369,1786550384,2,-0.075,0.533,-14.308,0.192,330,22,0.48,0.27,-21.109135,8.670022556,1.634981601,0,0.6052018,-0.078794346,0.023093807,1,1,2,1/2,3.00648,2.75946,0.0844085,0.0859819,0.124703,0.11878,32285.4,23053.8,33394.5,25510.6,37309,30414.1,48815.8,39895,1.72738,2.62983,0.211149,0,32.3648,999.9,56.452,35.873,33.033,29.2049,-100,3,0.379205,0,20.2448,5.20426,11.956,4.96945,3.294,9999,157,9999,7168.5,4.97374,1.87301,1.87088,1.87237,1.87287,1.87363,1.87327,1.87772,0,0,0,0,11111111,oooooooo,on,on,on,on,0,100,100,-14.309,0.1915,-14.3083,0,0,0,0.191509091,0,0,0,-1,-1,-1,-1,155.6,155.3,0.153809,4.99756,2.64526,2.71729,2.8479,2.25098,38.135,13.9394,2,368.336,1235.33,33.5208,32.4627,29.9999,32.3517,32.2561,-1,40,10,-999.9,400,20,101.414,93.5991
111,1786559824,14300.1,20260813 02:37:04,02:37:04,15,,1786559816,0.000572421,0.572420547,0.565041703,378.4247177,309.5801231,31.38833849,38.36849412,0.017816527,1.387651039,0.017690413,0.011067764,287.4327133,38.51981489,35.94654,5.951268102,48.37316037,2.812307356,5.813776348,3.138960746,-25.2437461,-31.74531791,-5.381034407,225.0626149,7.035283938,0.553853177,0.565041703,401.1775384,396.2000545,0.751766312,60.84999891,0.572420547,26.99365873,27.76068424,0.000726018,69.65,49,11,1.003912511,0.391251071,25145.85475,1500.015333,1261.22778,0.840809925,0.19161985,6,0.5,0: Broadleaf,2,TRUE,1786559816,378.4382,388.4453333,27.73751333,26.99388,392.7466667,27.54598667,432.7392,101.2900667,0.099965033,35.5222,35.94654,999.9,0,0,5001.334,0,41.84589333,-10.00701733,389.2348,399.222,0.7436142,388.4453333,26.99388,2.809529333,2.734208,22.94017333,22.49215333,1500.015333,0.973003267,0.026996573,0,2.200333333,0,10491.60667,12844.04667,45.4958,47.25,46.37913333,46.083,45.5746,1459.518667,40.49666667,0,1786559820,0,1786550384,23:59:44,1786550369,1786550384,2,-0.075,0.533,-14.308,0.192,330,22,0.48,0.27,-9.640276,14.83834286,4.722300912,0,0.78199305,-0.487451143,0.07748787,0,0,2,0/2,3.00632,2.75937,0.0908103,0.0884419,0.125762,0.119091,32065,22992.2,33399.6,25510.7,37266.2,30403.5,48823.1,39894.8,1.72798,2.63328,0.217661,0,32.4402,999.9,57.173,35.832,33.3814,29.2349,-100,3,0.373262,0,20.2449,5.20471,11.956,4.9695,3.29408,9999,157,9999,7168.5,4.97369,1.87302,1.87088,1.87236,1.87286,1.87363,1.87327,1.87771,0,0,0,0,11111111,oooooooo,on,on,on,on,0,100,100,-14.308,0.1915,-14.3083,0,0,0,0.191509091,0,0,0,-1,-1,-1,-1,157.6,157.3,0.153809,4.99756,2.64526,2.71729,2.8479,2.26929,38.0863,13.9219,2,368.36,1239.49,33.4895,32.4044,30,32.303,32.2149,-1,40,10,-999.9,400,20,101.429,93.599
112,1786559944,14420.1,20260813 02:39:04,02:39:04,15,,1786559936,0.000697616,0.697616381,0.022555923,327.9033952,309.4923795,31.37599345,33.24248176,0.02143789,1.387707791,0.021255589,0.013300993,287.4349467,38.43107365,35.93146,5.94633401,47.57417965,2.761945488,5.805555678,3.184388522,-30.76488241,-32.53715192,-5.513938712,218.6189736,-0.571787685,0.664532003,0.022555923,335.8092652,336.507303,-0.131214869,60.84999891,0.697616381,26.3245252,27.26296667,0.000794311,69.65,49,11,1.003911863,0.391186269,25150.00405,1500.026667,1261.23734,0.840809946,0.191619891,6,0.5,0: Broadleaf,2,TRUE,1786559936,327.9039333,327.415,27.24379333,26.34862,342.2121333,27.05227333,431.5398,101.2788667,0.100021887,35.49655333,35.93146,999.9,0,0,5002.166667,0,43.30008667,0.488904733,337.0876,336.2754667,0.895155933,327.415,26.34862,2.759215333,2.668556667,22.64209333,22.09271333,1500.026667,0.973003333,0.026996507,0,2.512,0,10485.62,12844.12,45.437,47.25,46.375,46.1124,45.562,1459.528667,40.498,0,1786559940,0,1786550384,23:59:44,1786550369,1786550384,2,-0.075,0.533,-14.308,0.192,330,22,0.48,0.27,0.316609625,8.475820308,2.83916536,0,0.93807995,-0.396275504,0.102979102,0,0,2,0/2,3.00598,2.75942,0.0801442,0.0777292,0.123996,0.11648,32446.7,23274.7,33405.2,25524.2,37347.9,30509.1,48830.4,39914.7,1.7281,2.63223,0.214513,0,32.4675,999.9,55.714,35.802,32.4795,28.6649,-100,3,0.367355,0,20.2451,5.20396,11.956,4.96925,3.294,9999,157,9999,7168.5,4.97375,1.87301,1.87088,1.87235,1.87287,1.87364,1.87327,1.87773,0,0,0,0,11111111,oooooooo,on,on,on,on,0,100,100,-14.308,0.1915,-14.3083,0,0,0,0.191509091,0,0,0,-1,-1,-1,-1,159.6,159.3,0.152588,4.99756,2.64526,2.71729,2.8479,2.26074,38.062,13.9219,2,368.095,1236.81,33.4722,32.3422,29.9999,32.2466,32.1604,-1,40,10,-999.9,400,20,101.445,93.6468
113,1786560064,14540.1,20260813 02:41:04,02:41:04,15,,1786560056,0.000499226,0.499225801,0.925612924,393.0717379,279.1818399,28.30003342,39.8447955,0.01544226,1.388492377,0.015347479,0.009600642,287.4427533,38.52897392,35.97261333,5.959807543,48.3186625,2.805050253,5.805314361,3.15475729,-22.01585784,-35.6925301,-6.046437287,223.6879281,-1.007339921,0.459044377,0.925612924,399.9233841,401.2488182,-0.475586095,60.85221164,0.499225801,27.00274021,27.67921636,-0.000121403,69.65,49,11,1.003908281,0.39082811,25172.96197,1500.067333,1261.27154,0.84080995,0.191619901,6,0.5,0: Broadleaf,2,TRUE,1786560056,393.0938,391.9482,27.67202,27.05318667,407.4022,27.48051333,431.0252,101.2677333,0.10001116,35.4958,35.97261333,999.9,0,0,5006.582667,0,42.67826,1.145653153,404.2810667,402.8466667,0.618835667,391.9482,27.05318667,2.802282,2.739614667,22.89752,22.52463333,1500.067333,0.973003667,0.02699616,0,3.222666667,0,10501.76667,12844.48667,45.50413333,47.312,46.41633333,46.187,45.625,1459.568,40.49933333,0,1786560060,0,1786550384,23:59:44,1786550369,1786550384,2,-0.075,0.533,-14.308,0.192,330,22,0.48,0.27,-2.182149135,51.31887787,6.927949994,0,0.55718495,1.248624406,0.125619848,0,0,2,0/2,3.00507,2.7594,0.0916943,0.0905788,0.125471,0.119078,32039.1,22938.9,33404.7,25510.9,37282,30405.2,48829.6,39895.6,1.726,2.63225,0.215154,0,32.5115,999.9,57.087,35.772,33.2264,29.0849,-100,3,0.367094,0,20.245,5.20426,11.956,4.96935,3.294,9999,157.1,9999,7168.5,4.97373,1.87301,1.87088,1.87232,1.87286,1.87364,1.87327,1.8777,0,0,0,0,11111111,oooooooo,on,on,on,on,0,100,100,-14.308,0.1915,-14.3083,0,0,0,0.191509091,0,0,0,-1,-1,-1,-1,161.6,161.3,0.153809,4.99756,2.64526,2.71729,2.8479,2.27661,38.0377,13.9044,2,366.87,1236.28,33.4519,32.3194,29.9999,32.221,32.1327,-1,40,10,-999.9,400,20,101.443,93.6005
114,1786560184,14660.1,20260813 02:43:04,02:43:04,15,,1786560176,0.000274004,0.274003776,3.529963538,384.8762753,-285.9986826,-28.98809867,39.01007984,0.008475634,1.38720545,0.008446969,0.005281923,287.4305067,38.64125484,36.0064,5.970889058,48.68430791,2.82571679,5.804163418,3.145172268,-12.08356653,-38.45498723,-6.521407714,230.3705452,15.77149369,0.361618242,3.529963538,436.6276372,413.2271515,3.283550385,60.85221164,0.274003776,27.59990629,27.91856182,0.008291965,69.65,49,11,1.003913925,0.391392492,25136.80425,1500.002667,1261.21724,0.840809999,0.191619997,6,0.5,0: Broadleaf,2,TRUE,1786560176,384.9605333,407.0756,27.87872667,27.39018,399.2688667,27.68720667,430.0022667,101.2574667,0.099988567,35.49220667,36.0064,999.9,0,0,5000.748667,0,37.94390667,-22.11509067,396.0007333,418.5432,0.488527267,407.0756,27.39018,2.822926,2.773459333,23.01876,22.72664,1500.002667,0.973001667,0.026998227,0,2.849,0,10495.51333,12843.89333,45.50413333,47.375,46.4538,46.125,45.625,1459.502667,40.5,0,1786560180,0,1786550384,23:59:44,1786550369,1786550384,2,-0.075,0.533,-14.308,0.192,330,22,0.48,0.27,-16.04384515,-152.8659685,15.25515602,0,0.5296429,-1.526415609,0.163042526,0,0,2,0/2,3.00435,2.75942,0.0943066,0.0971143,0.126348,0.121315,31945.8,22760.7,33403.5,25495.8,37241.7,30311.9,48828.2,39875.2,1.72448,2.63293,0.2147,0,32.5354,999.9,58.412,35.762,33.9842,28.9949,-100,3,0.367927,0,20.2447,5.20456,11.956,4.96915,3.29402,9999,157.1,9999,7168.5,4.97371,1.87302,1.87088,1.87238,1.87286,1.87365,1.87329,1.87772,0,0,0,0,11111111,oooooooo,on,on,on,on,0,100,100,-14.308,0.1915,-14.3083,0,0,0,0.191509091,0,0,0,-1,-1,-1,-1,163.6,163.3,0.153809,4.99756,2.64648,2.71729,2.8479,2.26929,37.9891,13.9044,2,366.07,1237.22,33.4467,32.3223,30.0002,32.2175,32.1313,-1,40,10,-999.9,400,20,101.44,93.5497