obs,time,elapsed,date,hhmmss,averaging,TIME,E,Emm,A,Ca,Ci,Pci,Pca,gsw,gbw,gtw,gtc,Rabs,TleafEB,TleafCnd,SVPleaf,RHcham,VPcham,SVPcham,VPDleaf,LatHFlux,SenHFlux,NetTherm,EBSum,Asty,Esty,Adyn,Crd,Csd,dCsd/dt,αVc,Edyn,Hr,Hs,dHs/dt,αVh,Leak,LeakPct,CorrFact,CorrFactPct,Fan,Qin,Qabs,alpha,convert,S,K,Geometry,Custom,UseDynamic,TIME,CO2_s,CO2_r,H2O_s,H2O_r,CO2_a,H2O_a,Flow,Pa,ΔPcham,Tair,Tleaf,Tleaf2,Offset,Offset2,Fan_speed,Qamb_in,Qamb_out,ΔCO2,CO2_s_d,CO2_r_d,ΔH2O,CO2_b,H2O_b,e_s,e_r,Td_s,Td_r,Q,f_red,f_blue,f_farred,F,Q_modavg,F_dc,Pc,Tled,TDigital,TPreamp,TPwrSpy,TDrive,Q_red,Q_blue,Q_farred,TSPF,state,time,hhmmss,co2_t,h2o_t,count,co2_adj,h2o_adj,co2_match,h2o_match,co2_at,h2o_at,co2_cv,h2o_cv,ΔCO2:MN,ΔCO2:SLP,ΔCO2:SD,ΔCO2:OK,F:MN,F:SLP,F:SD,F:OK,ΔH2O:MN,ΔH2O:SLP,ΔH2O:SD,ΔH2O:OK,Stable,Total,State,Vflow,VPchamber,abs_c_a,abs_c_b,abs_h_a,abs_h_b,Wc_s,Wc_r,Wco_s,Wco_r,Ww_s,Ww_r,Wwo_s,Wwo_r,Flow_s_v,Flow_r_v,Tleaf_mv,Tleaf2_mv,Tleaf_j,Tleaf2_j,Console_RH,Console_T,Console_H2O,Fan_%,Flow_%,Pump,Tchp_pwm,Txchg_pwm,diag_20v,diag_5_4v,diag_12v,diag_5va,diag_3_3vf,AccCO2_soda,AccH2O_des,AccH2O_hum,CO2_hrs,ADC_CH1,ADC_CH2,ADC_CH3,ADC_CH4,ADC_CH5,ADC_CH6,ADC_CH7,ADC_CH8,DAC_1,DAC_2,DAC_3,DAC_4,GPIO,GPIO_dir,excit_5v,power_12v,power_5v,ch1_pullup,AuxPower,MatchValveR,MatchValveS,MatchCO2,MatchH2O,cf_co2_a,cf_co2_b,cf_co2_c,cf_co2_d,cf_h2o_a,cf_h2o_b,cf_h2o_c,cf_h2o_d,co2_fit_low,co2_fit_high,h2o_fit_low,h2o_fit_high,co2_elapsed,h2o_elapsed,CO2_f,CO2_f_s,Pump_f,Pump_f_s,Pump_p,Pump_p_s,Tboard,V_system,DIAG,Flow_s,Flow_r,Txchg,Tirga,Tchopper,Ts,Tr,CO2_%,Desiccant_%,Humidifier_%,Txchg_sp,CO2_r_sp,H2O_r_sp,SS_s,SS_r
1,1784645031,0,20260721 09:43:50,09:43:50,15,1784645023,0.002667864,2.667864454,7.269619741,417.848,292.7894655,29.61515245,42.2646088,0.106948292,2.946632551,0.104837707,0.065709725,266.1516541,31.19963929,30.42299667,4.365066605,43.07720672,1.870428027,4.342036471,2.494638578,-117.6528224,-14.67114471,-1.111210715,132.7164763,11.72125294,2.699710345,7.269619741,445.8447634,430.5369152,0.743868141,66.78174179,2.667864454,14.71092435,18.46473212,-0.000718863,78.43,0,0,1,0,52809.05355,1500.016333,1273.87333,0.849239639,0.177432504,6,0.5,0: Broadleaf,2,TRUE,1784645023,417.848,436.2412667,18.49194,14.69888,461.2191333,23.45205667,419.153,101.0482667,0.100018843,30.33064333,30.42299667,999.9,0,0,9992.953,0,120.9479,-18.39298333,425.7205333,442.7491667,3.793065333,436.2412667,14.69888,1.868579667,1.485295667,16.37258333,12.81763333,1500.016333,0.692011333,0.307988667,0,2.48647,0,15189.77667,13609.76,42.93286667,44.75,43.7624,43.3372,42.6912,1038.029333,461.987,0,1784644985,0,1784644962,09:42:41,1784644962,1784644962,1,-0.033,0.332,-43.902,-4.236,435,15,0.11,0.04,-17.15176098,-25.82461254,2.630899559,0,2.549702941,-0.347909854,0.229034674,1,3.813906585,-0.440295052,0.043506481,0,1,3,1/3,2.99773,2.76484,0.110526,0.106616,0.114248,0.0822159,27514.2,18297,31698.6,22302.3,37806.4,27807.8,45526.6,32603.1,1.76305,2.6992,0.102248,0,28.7912,999.9,79.5,27.5,28.9974,61.7394,-100,3,0.124477,0,20.3068,5.21804,12.0285,4.95965,3.301,7700.8,9999,9999,118.7,4.97298,1.87516,1.88141,1.88095,1.87866,1.87439,1.87444,1.87672,0,0,0,0,11111111,oooooooo,on,on,on,on,0,100,100,-43.533,-4.9534,-27.29005241,-0.03980678,1.13121E-05,-1.30028E-09,-1.464801879,-0.229565736,0.008659861,-0.000222848,3,2129,1,23,1.1,1.1,0.158691,4.99878,2.89795,2.91016,2.99805,2.29492,31.7392,15.892,2,443.763,1370.96,29.1352,28.9012,30.0008,28.5152,28.3359,-1,40,10,-999.9,400,20,99.6156,85.6723
2,1784645156,125.5,20260721 09:45:56,09:45:56,15,1784645148,0.003381288,3.38128838,6.205948771,426.9057667,345.5941465,34.95959876,43.18491636,0.151421255,2.94754267,0.147228724,0.092384966,266.1349362,31.00234284,30.34885,4.346568267,48.33902949,2.097347768,4.338828872,2.249220499,-149.1148176,-4.942566018,-0.374079449,111.7034732,15.61087991,4.185918159,6.205948771,464.5057308,446.2459091,1.435056997,66.79762482,3.38128838,14.89872054,20.16711939,-0.066994823,78.43,0,0,1,0,52837.71336,1499.915333,1273.78818,0.849240055,0.177433306,6,0.5,0: Broadleaf,2,TRUE,1784645148,426.9057667,451.9227667,20.73339333,14.83911333,470.5576,25.62152333,417.2652,101.058,0.09995974,30.31774667,30.34885,999.9,0,0,9997.159667,0,74.30797,-25.01709,435.9421333,458.7303,5.894271667,451.9227667,14.83911333,2.095275333,1.499611333,18.18087,12.96414667,1499.915333,0.691997533,0.3080025,0,2.634116667,0,45443.15333,13608.79,43.125,44.937,44,43.4895,42.875,1037.938667,461.9766667,0,1784645110,0,1784644962,09:42:41,1784644962,1784644962,1,-0.033,0.332,-43.902,-4.236,435,15,0.11,0.04,-20.51064475,-73.99068552,8.720296121,0,2.618344118,0.147482046,0.324269682,1,6.1844895,-6.574807205,0.635173471,0,1,3,1/3,2.99585,2.76481,0.113172,0.110226,0.119626,0.0830033,27424.6,18218.3,31690.6,22297.3,37561.3,27778.2,45510.6,32596.8,1.75532,2.69775,0.10483,0,28.6697,999.9,79.1,27.8,29.3594,61.6194,-100,3,0.141517,0,20.307,5.21714,12.0291,4.95975,3.301,7700.8,9999,9999,118.7,4.97298,1.87516,1.88143,1.88095,1.87869,1.87439,1.8745,1.87678,0,0,0,0,11111111,oooooooo,on,on,on,on,0,100,100,-43.993,-4.8881,-27.29005241,-0.03980678,1.13121E-05,-1.30028E-09,-4.888146843,0,0,0,3,2129,1,23,3.2,3.2,0.158691,4.99878,2.89795,2.91138,2.99805,2.26929,31.9805,15.8745,2,441.025,1375.17,29.2895,29.1484,30.0008,28.7721,28.6069,-1,40,10,-999.9,400,20,99.5846,85.6547
3,1784645276,245.5,20260721 09:47:56,09:47:56,15,1784645268,0.002809453,2.809452796,5.629863462,421.3120645,323.3834033,32.71599828,42.62322877,0.111026224,2.947611144,0.108754198,0.068171634,266.1480289,31.48308308,30.70003226,4.434790621,43.03500637,1.903181357,4.422402871,2.531609264,-123.8968683,-7.777441863,-0.590618876,133.8830999,3.472658626,2.885632433,5.629863462,434.2949507,427.0066909,-0.146156623,66.79762482,2.809452796,14.73592559,18.75857939,-0.007205394,78.43,0,0,1,0,52781.88976,1499.983871,1273.846868,0.849240377,0.177433927,6,0.5,0: Broadleaf,2,TRUE,1784645268,421.3120645,428.061129,18.81211935,14.73633548,464.7906129,23.70025806,416.8053548,101.0679032,0.099930206,30.65109032,30.70003226,999.9,0,0,9996.569032,0,101.5245613,-6.748993548,429.3897742,434.4635484,4.075779677,428.061129,14.73633548,1.901301935,1.48937129,16.64547097,12.85946774,1499.983871,0.691988161,0.308011839,0,2.488567742,0,22195.22581,13609.37742,43.312,45.1006129,44.2256129,43.625,43.062,1037.97,462.013871,0,1784645230,0,1784644962,09:42:41,1784644962,1784644962,1,-0.033,0.332,-43.902,-4.236,435,15,0.11,0.04,-6.336892,-21.48613283,2.962097496,0,2.5327,-0.154245989,0.264613205,1,4.07424425,-0.130190206,0.026451629,0,1,3,1/3,2.99496,2.76513,0.109695,0.104624,0.114914,0.0822846,27527.5,18334.2,31686.3,22299.5,37761.4,27803.2,45505.6,32600.9,1.75312,2.69278,0.116508,0,28.809,999.9,78.2,28,29.3618,61.3794,-100,3,0.155691,0,20.3069,5.21789,12.0279,4.95975,3.301,7700.8,9999,9999,118.8,4.97292,1.87515,1.88143,1.88095,1.87866,1.87439,1.87451,1.87681,0,0,0,0,11111111,oooooooo,on,on,on,on,0,100,100,-43.409,-4.8881,-27.29005241,-0.03980678,1.13121E-05,-1.30028E-09,-4.888146843,0,0,0,3,2129,1,23,5.2,5.2,0.158691,4.99878,2.89795,2.90894,2.99805,2.23755,32.2005,15.8482,2,441.29,1373.12,29.524,29.357,30.0005,29.0046,28.8361,-1,40,10,-999.9,400,20,99.5727,85.6647
4,1784645396,365.5,20260721 09:49:56,09:49:56,15,1784645388,0.002219162,2.219162497,4.744481755,440.1688387,330.730897,33.46225051,44.53481692,0.08296532,2.948975503,0.081690098,0.051169252,266.1488757,31.92271125,31.01865806,4.516179907,41.24311727,1.854179956,4.495731843,2.661999951,-97.86506613,-12.65162933,-0.963200492,154.6689798,2.380866035,2.269292554,4.744481755,445.4486596,444.4036,-0.919687965,66.79762482,2.219162497,15.07072382,18.27378606,-0.007622442,78.43,0,0,1,0,52771.28506,1500.000645,1273.86001,0.849239641,0.177432507,6,0.5,0: Broadleaf,2,TRUE,1784645388,440.1688387,445.0486129,18.32616129,15.10972903,484.2297097,23.2143129,415.5607742,101.0767097,0.099959381,30.93908065,31.01865806,999.9,0,0,10003.44935,0,53.24666129,-4.879770355,448.3860323,451.8766774,3.216426774,445.0486129,15.10972903,1.852350323,1.527244194,16.2356871,13.24365161,1500.000645,0.692011839,0.307988161,0,2.423954839,0,18089.43871,13609.62903,43.5,45.312,44.375,43.85874194,43.25,1038.018387,461.9822581,0,1784645350,0,1784644962,09:42:41,1784644962,1784644962,1,-0.033,0.332,-43.902,-4.236,435,15,0.11,0.04,-6.701027025,56.50950863,5.629469536,0,2.475085294,-0.626635591,0.21994328,1,3.223084,-0.087345141,0.016464921,1,2,3,2/3,2.99438,2.76515,0.112675,0.104897,0.113214,0.0832926,27432.3,18325,31683.6,22295.5,37832.7,27767.8,45502.6,32595.5,1.75035,2.69005,0.127573,0,28.9688,999.9,78.6,28.2,29.8574,61.6494,-100,3,0.166286,0,20.307,5.21729,12.029,4.95975,3.301,7700.8,9999,9999,118.8,4.97294,1.87519,1.88142,1.88097,1.87867,1.87438,1.87449,1.87683,0,0,0,0,11111111,oooooooo,on,on,on,on,0,100,100,-43.927,-4.8882,-27.29005241,-0.03980678,1.13121E-05,-1.30028E-09,-4.888146843,0,0,0,3,2129,1,23,7.2,7.2,0.158691,4.99878,2.89795,2.90771,2.99805,2.27051,32.3991,15.8569,2,440.858,1373.35,29.762,29.5159,30.0005,29.1826,29.0226,-1,40,10,-999.9,400,20,99.5652,85.6501
5,1784645516,485.5,20260721 09:51:56,09:51:56,15,1784645508,0.001775039,1.775039094,4.843668813,438.3949032,297.9238919,30.14595374,44.35976045,0.063252449,2.948947829,0.062508291,0.039133812,266.146931,32.23848719,31.24667742,4.575220612,39.41026809,1.792242439,4.547653508,2.782978173,-78.27922405,-16.87534786,-1.287499604,169.7048595,5.943952875,1.792245979,4.843668813,451.86887,446.3339758,-0.246374702,66.79762482,1.775039094,15.17542486,17.70072848,-5.64403E-05,78.43,0,0,1,0,52735.75113,1499.982258,1273.845077,0.849240096,0.177433386,6,0.5,0: Broadleaf,2,TRUE,1784645508,438.3949032,448.1399032,17.71222258,15.1629,482.4012903,22.49584839,414.3456774,101.0867742,0.099987155,31.14053226,31.24667742,999.9,0,0,10002.29613,0,91.37193548,-9.74493871,446.2999032,455.0395484,2.549316452,448.1399032,15.1629,1.790471613,1.53277,15.70385806,13.29901613,1499.982258,0.691997258,0.308002742,0,2.430577419,0,17335.49032,13609.40645,43.687,45.48780645,44.562,44.002,43.44106452,1037.982903,461.9993548,0,1784645470,0,1784644962,09:42:41,1784644962,1784644962,1,-0.033,0.332,-43.902,-4.236,435,15,0.11,0.04,-8.75889975,-7.42685167,3.580080891,0,2.448926471,-0.351265088,0.200219158,1,2.5494185,-0.112650732,0.017258486,0,1,3,1/3,2.99332,2.76496,0.113115,0.107632,0.110851,0.083918,27416.2,18266.8,31681.2,22293.3,37932.1,27745.8,45499.2,32592.2,1.74688,2.68263,0.132769,0,29.1042,999.9,78,28.4,29.9701,61.3194,-100,3,0.175379,0,20.307,5.21789,12.0282,4.9597,3.301,7700.8,9999,9999,118.8,4.97294,1.87519,1.88146,1.88099,1.87867,1.87439,1.87449,1.8768,0,0,0,0,11111111,oooooooo,on,on,on,on,0,100,100,-44.01,-4.781,-27.29005241,-0.03980678,1.13121E-05,-1.30028E-09,-1.464801879,-0.229565736,0.008659861,-0.000222848,3,2129,1,23,9.2,9.2,0.158691,4.99878,2.89795,2.90649,2.99805,2.24487,32.5761,15.8394,2,439.806,1365.9,29.9651,29.6423,30.0004,29.3278,29.1733,-1,40,10,-999.9,400,20,99.5578,85.6413
6,1784645636,605.5,20260721 09:53:56,09:53:56,15,1784645628,0.001551712,1.551712372,4.565360024,418.8758065,265.0890323,26.82447606,42.38622755,0.053476175,2.948435968,0.052943137,0.033136909,266.1522298,32.47798086,31.43976129,4.625739999,38.15971602,1.753429266,4.59497462,2.872310733,-68.43051561,-18.65580341,-1.426219719,177.6396911,-0.497607098,1.6080399,4.565360024,426.091892,421.5057576,-0.331629661,66.79762482,1.551712372,15.0240576,17.28274606,-0.00607968,78.43,0,0,1,0,52689.61701,1500.017097,1273.874206,0.849239791,0.177432798,6,0.5,0: Broadleaf,2,TRUE,1784645628,418.8758065,419.131129,17.3280129,15.03516129,462.2785484,22.02994839,413.5049355,101.0904516,0.099989319,31.32239677,31.43976129,999.9,0,0,9999.024194,0,81.16730968,-0.255273871,426.2622258,425.5290645,2.292845161,419.131129,15.03516129,1.751695806,1.519910968,15.36226452,13.16993548,1500.017097,0.692006839,0.307993161,0,2.490441935,0,16856.65161,13609.74839,43.812,45.56809677,44.687,44.143,43.57622581,1038.022258,461.9948387,0,1784645590,0,1784644962,09:42:41,1784644962,1784644962,1,-0.033,0.332,-43.902,-4.236,435,15,0.11,0.04,1.75721925,-42.64069364,4.648598632,0,2.477767647,0.093156609,0.219037225,1,2.3014055,-0.139073471,0.016616022,0,1,3,1/3,2.99249,2.76491,0.108678,0.103262,0.109044,0.0833011,27553.8,18358,31682.2,22295.8,38011.8,27767.6,45501.3,32596,1.74428,2.6884,0.139624,0,29.2007,999.9,77.2,28.6,30.0069,61.4694,-100,3,0.18187,0,20.307,5.21789,12.0287,4.95975,3.301,7700.8,9999,9999,118.9,4.97298,1.87521,1.88143,1.88098,1.87868,1.87439,1.8745,1.87679,0,0,0,0,11111111,oooooooo,on,on,on,on,0,100,100,-43.255,-4.6919,-27.29005241,-0.03980678,1.13121E-05,-1.30028E-09,-1.464801879,-0.229565736,0.008659861,-0.000222848,3,2129,1,23,11.2,11.2,0.158691,4.99878,2.89795,2.90649,2.99805,2.27905,32.7535,15.8132,2,439.048,1377.18,30.1396,29.7414,30.0004,29.4415,29.2931,-1,40,10,-999.9,400,20,99.5618,85.6512
7,1784645756,725.5,20260721 09:55:56,09:55:56,15,1784645748,0.001379952,1.37995207,4.374190251,433.7057419,263.9467783,26.70894656,43.88696677,0.04610443,2.948412025,0.045707631,0.028602636,266.1481695,32.71559289,31.66883548,4.686305513,37.19709798,1.728102291,4.645798689,2.958203223,-60.85588629,-24.3072638,-1.862156686,179.1228628,-1.206873361,1.437506491,4.374190251,438.3341984,435.7019576,-0.591761457,66.79762482,1.37995207,15.05695698,17.03860061,-0.001425624,78.43,0,0,1,0,52655.44994,1499.997742,1273.857445,0.849239575,0.17743238,6,0.5,0: Broadleaf,2,TRUE,1784645748,433.7057419,432.8580645,17.0776871,15.02473226,477.5677742,21.72810968,412.9532258,101.0906452,0.100006755,31.51591613,31.66883548,999.9,0,0,9998.869032,0,64.86279355,0.847668742,441.2413871,439.460871,2.05295129,432.8580645,15.02473226,1.726394516,1.51886,15.13579677,13.15933871,1499.997742,0.692013161,0.307986839,0,2.567206452,0,16482.65484,13609.60968,43.937,45.70732258,44.81606452,44.25,43.72154839,1038.019677,461.9780645,0,1784645710,0,1784644962,09:42:41,1784644962,1784644962,1,-0.033,0.332,-43.902,-4.236,435,15,0.11,0.04,2.918848805,-41.22095546,4.135098713,0,2.525944118,0.414974791,0.233957578,1,2.072115366,-0.497363624,0.055694928,0,1,3,1/3,2.992,2.76496,0.111171,0.104304,0.107996,0.0833907,27474.6,18336.2,31680.3,22295.5,38055,27764.5,45498.6,32595.7,1.74258,2.6833,0.13927,0,29.4053,999.9,76.5,28.8,30.0853,61.7994,-100,3,0.188994,0,20.3069,5.21714,12.0281,4.95975,3.301,7700.8,9999,9999,118.9,4.97299,1.87521,1.88144,1.881,1.8787,1.87439,1.87446,1.87679,0,0,0,0,11111111,oooooooo,on,on,on,on,0,100,100,-43.687,-4.6424,-27.29005241,-0.03980678,1.13121E-05,-1.30028E-09,-1.464801879,-0.229565736,0.008659861,-0.000222848,3,2129,1,23,13.2,13.2,0.158691,4.99878,2.89795,2.90771,2.99805,2.27417,32.9092,15.8132,2,438.757,1372.2,30.3262,29.8361,30.0005,29.5479,29.4064,-1,40,10,-999.9,400,20,99.5558,85.6504
8,1784645876,845.5,20260721 09:57:56,09:57:56,15,1784645868,0.001207511,1.207510896,4.464312888,443.8184516,246.9797263,24.99114006,44.90866215,0.03993369,2.949320113,0.03963572,0.024798911,266.1482922,32.86422502,31.74367097,4.706240515,36.83477025,1.721466858,4.673483359,2.984773657,-53.25123052,-19.5759257,-1.500557,191.8205789,4.886088304,1.225564878,4.464312888,456.5271047,451.0222667,-0.171344544,66.79762482,1.207510896,15.29092748,17.02233455,8.16638E-05,78.43,0,0,1,0,52663.33558,1500.000968,1273.859952,0.84923942,0.17743208,6,0.5,0: Broadleaf,2,TRUE,1784645868,443.8184516,451.7420323,17.01272581,15.25478387,487.991129,21.64998387,411.179,101.0870323,0.099977848,31.62055484,31.74367097,999.9,0,0,10004.38613,0,100.6544484,-7.923527419,451.4997419,458.7400645,1.757938065,451.7420323,15.25478387,1.719764516,1.542060645,15.07599355,13.39167742,1500.000968,0.692018161,0.307981839,0,2.555829032,0,16519.92581,13609.66129,44.12093548,45.81606452,45,44.375,43.875,1038.029677,461.9712903,0,1784645830,0,1784644962,09:42:41,1784644962,1784644962,1,-0.033,0.332,-43.902,-4.236,435,15,0.11,0.04,-8.90886122,19.73056871,2.526143725,0,2.530564706,0.669093962,0.190203937,1,1.748338049,0.037838885,0.028595207,1,2,3,2/3,2.98962,2.76474,0.113886,0.108254,0.107907,0.0843685,27388.3,18252.5,31677.9,22292.4,38056.9,27730.6,45496,32590.8,1.73705,2.68438,0.14212,0,29.4499,999.9,76.2,29,30.3164,61.6194,-100,3,0.196458,0,20.3067,5.21789,12.0284,4.9597,3.301,7700.8,9999,9999,118.9,4.97292,1.87525,1.88144,1.88104,1.87871,1.87439,1.87448,1.87682,0,0,0,0,11111111,oooooooo,on,on,on,on,0,100,100,-44.16,-4.6395,-27.29005241,-0.03980678,1.13121E-05,-1.30028E-09,-1.464801879,-0.229565736,0.008659861,-0.000222848,3,2129,1,23,15.2,15.2,0.158691,4.99878,2.89795,2.90649,2.99805,2.24609,33.0652,15.7781,2,436.251,1376.13,30.4479,29.9326,30.0004,29.6515,29.5086,-1,40,10,-999.9,400,20,99.5495,85.6378
9,1784645996,965.5,20260721 09:59:56,09:59:56,15,1784645988,0.001092941,1.09294135,4.7390283,445.2972903,214.5105363,21.70331823,45.05339907,0.035557218,2.948561334,0.035320711,0.022096562,266.1501252,33.0704297,31.92936774,4.756026462,36.55497034,1.725582806,4.720514858,3.030443656,-48.19871352,-21.02770685,-1.615132309,195.3085725,3.243471462,1.140469655,4.7390283,458.5243152,451.7315152,-0.036657001,66.79762482,1.09294135,15.50207361,17.06624606,0.000654879,78.43,0,0,1,0,52610.84476,1499.995484,1273.856748,0.849240389,0.177433951,6,0.5,0: Broadleaf,2,TRUE,1784645988,445.2972903,450.7766452,17.05525806,15.41784516,489.5152581,21.70110968,410.7767742,101.076,0.100000961,31.7970871,31.92936774,999.9,0,0,10001.16613,0,87.55431613,-5.479158323,453.0238387,457.8354516,1.637412903,450.7766452,15.41784516,1.723877419,1.558373548,15.11311935,13.55310323,1499.995484,0.691985452,0.308014548,0,2.537919355,0,16131.27742,13609.48387,44.25,45.94512903,45.10467742,44.558,44.004,1037.977419,462.0180645,0,1784645950,0,1784644962,09:42:41,1784644962,1784644962,1,-0.033,0.332,-43.902,-4.236,435,15,0.11,0.04,-3.80269439,-31.4432733,3.212580875,0,2.519308824,0.269718864,0.205587101,1,1.671241707,-0.779241742,0.080134982,0,1,3,1/3,2.98964,2.76488,0.113966,0.108514,0.10806,0.0852206,27385.1,18244.8,31677.5,22289.7,38050.1,27701,45495.6,32586.5,1.73645,2.67835,0.142083,0,29.6307,999.9,76.1,29.2,30.6317,61.8295,-100,3,0.202243,0,20.307,5.21834,12.0288,4.95965,3.301,7700.8,9999,9999,119,4.97298,1.87528,1.88146,1.88102,1.87874,1.87439,1.8745,1.87682,0,0,0,0,11111111,oooooooo,on,on,on,on,0,100,100,-44.18,-4.6485,-27.29005241,-0.03980678,1.13121E-05,-1.30028E-09,-1.464801879,-0.229565736,0.008659861,-0.000222848,3,2129,1,23,17.2,17.2,0.158691,4.99878,2.89795,2.90649,2.99805,2.2522,33.2216,15.7694,2,436.472,1369.35,30.6096,30.017,30.0003,29.7399,29.6008,-1,40,10,-999.9,400,20,99.5484,85.6269
10,1784646116,1085.5,20260721 10:01:56,10:01:56,15,1784646108,0.001078857,1.078857229,4.416830797,434.2986129,211.7405253,21.42062278,43.93559876,0.034448905,2.947855181,0.03422681,0.021411591,266.1494269,33.2091658,32.08908387,4.799213051,36.01330519,1.713061101,4.756745021,3.08615195,-47.57760382,-24.95887856,-1.920325222,191.6926193,5.884500299,1.070832899,4.416830797,448.6513615,442.5614485,-0.073599172,66.79281625,1.078857229,15.4601316,16.96850848,0.005822563,78.43,0,0,1,0,52567.08451,1500.00129,1273.860784,0.849239792,0.177432799,6,0.5,0: Broadleaf,2,TRUE,1784646108,434.2986129,443.5951613,16.93342258,15.39213871,478.1790645,21.55474194,409.8012258,101.0644839,0.100008616,31.93203548,32.08908387,999.9,0,0,9998.293548,0,111.4126129,-9.296530645,441.7794194,450.5296452,1.541283548,443.5951613,15.39213871,1.711367097,1.555598387,14.99990968,13.52579355,1500.00129,0.692006,0.307994,0,2.544651613,0,16360.95161,13609.60645,44.34248387,46.058,45.19919355,44.59654839,44.12093548,1038.01129,461.99,0,1784646070,0,1784644962,09:42:41,1784644962,1784644962,1,-0.033,0.332,-43.902,-4.236,435,15,0.11,0.04,-9.16226,10.61439491,2.639526128,0,2.546329412,-0.370038206,0.234108122,1,1.539990732,-0.141589756,0.030701068,0,1,3,1/3,2.98888,2.76467,0.112331,0.106183,0.107618,0.084884,27433.8,18293.2,31675.8,22290.9,38066.7,27713.2,45492.6,32589,1.73425,2.6784,0.141151,0,29.7717,999.9,75.3,29.4,30.6634,61.7395,-100,3,0.209474,0,20.3071,5.21864,12.0287,4.9598,3.301,7700.8,9999,9999,119,4.97296,1.87529,1.88151,1.88109,1.87877,1.87442,1.87454,1.87681,0,0,0,0,11111111,oooooooo,on,on,on,on,0,100,100,-43.905,-4.629,-27.29005241,-0.03980678,1.13121E-05,-1.30028E-09,-1.464801879,-0.229565736,0.008659861,-0.000222848,3,2129,1,23,19.2,19.2,0.158691,4.99878,2.89795,2.90527,2.99805,2.25098,33.3784,15.7519,2,435.794,1371.51,30.7427,30.107,30.0003,29.8315,29.6925,-1,40,10,-999.9,400,20,99.5423,85.6327
11,1784646236,1205.5,20260721 10:03:56,10:03:56,15,1784646228,0.001111682,1.111682319,4.580686143,445.6882581,219.3924128,22.19380839,45.08597028,0.035199747,2.947721219,0.03496789,0.021875635,266.1501019,33.36456394,32.28554516,4.852803282,36.27483076,1.741585667,4.801085574,3.111217615,-49.02519027,-30.12512778,-2.322030363,184.6777535,3.470217965,1.051728346,4.580686143,457.6311455,451.9034,-0.170014581,66.79281625,1.111682319,15.60583311,17.21780667,-0.000972648,78.43,0,0,1,0,52534.91324,1499.995806,1273.856981,0.849240361,0.177433897,6,0.5,0: Broadleaf,2,TRUE,1784646228,445.6882581,451.473129,17.21609355,15.6980871,489.9181935,21.89483226,408.5443871,101.0603226,0.100005216,32.09598065,32.28554516,999.9,0,0,9997.944194,0,95.09982903,-5.784852258,453.4957419,458.6736452,1.518004839,451.473129,15.6980871,1.739863548,1.586453871,15.25673226,13.82768387,1499.995806,0.691987516,0.308012484,0,2.469290323,0,15813.66774,13609.4871,44.4756129,46.187,45.32012903,44.73780645,44.25,1037.979032,462.0167742,0,1784646190,0,1784644962,09:42:41,1784644962,1784644962,1,-0.033,0.332,-43.902,-4.236,435,15,0.11,0.04,-7.7110805,30.31452473,4.462618548,0,2.504652941,0.065515663,0.242816248,1,1.4784315,1.118707542,0.110410203,0,1,3,1/3,2.98755,2.76481,0.113913,0.107516,0.10862,0.0855052,27381.9,18262.9,31672.7,22287.6,38020.4,27690.2,45488.5,32584.3,1.73072,2.67537,0.141375,0,29.9892,999.9,75.3,29.6,31.0224,61.8294,-100,3,0.218155,0,20.3069,5.21759,12.0282,4.9597,3.301,7700.8,9999,9999,119,4.97291,1.87529,1.88152,1.88106,1.87875,1.87441,1.87453,1.87683,0,0,0,0,11111111,oooooooo,on,on,on,on,0,100,100,-44.183,-4.6787,-27.29005241,-0.03980678,1.13121E-05,-1.30028E-09,-1.464801879,-0.229565736,0.008659861,-0.000222848,3,2129,1,23,21.2,21.2,0.158691,4.99878,2.89795,2.90649,2.99805,2.27051,33.5355,15.7256,2,434.432,1369.37,30.8959,30.215,30.0004,29.9351,29.7963,-1,40,10,-999.9,400,20,99.5331,85.6201
12,1784646356,1325.5,20260721 10:05:56,10:05:56,15,1784646348,0.001215019,1.215018677,4.333773855,426.8227097,225.3742988,22.79783591,43.17543815,0.03779689,2.947652019,0.03752969,0.023479905,266.1524384,33.49231498,32.44090645,4.895550431,35.67632102,1.727872909,4.843192515,3.167677522,-53.58232367,-30.26590512,-2.336490611,179.967719,4.457482801,1.151965939,4.333773855,437.2149778,433.1264121,-0.366154402,66.79281625,1.215018677,15.31241187,17.0725897,-0.000437034,78.43,0,0,1,0,52506.24313,1500.012903,1273.871139,0.849240121,0.177433433,6,0.5,0: Broadleaf,2,TRUE,1784646348,426.8227097,434.1031613,17.08136452,15.41571613,470.4723226,21.73253548,407.8731613,101.0553871,0.100050903,32.25045161,32.44090645,999.9,0,0,9998.039355,0,76.10463226,-7.28037,434.2401935,440.900129,1.66564129,434.1031613,15.41571613,1.726163548,1.557843226,15.13374516,13.54787097,1500.012903,0.69199671,0.30800329,0,2.498067742,0,15603.09032,13609.68387,44.562,46.312,45.437,44.875,44.375,1038.002903,462.01,0,1784646310,0,1784644962,09:42:41,1784644962,1784644962,1,-0.033,0.332,-43.902,-4.236,435,15,0.11,0.04,-8.49153225,33.42422015,5.228569041,0,2.475270588,0.415266614,0.224245958,1,1.6746135,0.041764278,0.065978114,1,2,3,2/3,2.98702,2.76483,0.110574,0.103238,0.107974,0.0841976,27483.6,18353.5,31671.5,22291.6,38046.9,27734.7,45486.8,32590.3,1.72913,2.67508,0.144057,0,30.0965,999.9,74,29.8,30.8392,61.7694,-100,3,0.225323,0,20.3068,5.21744,12.0287,4.9598,3.301,7700.8,9999,9999,119.1,4.97301,1.87528,1.8815,1.88107,1.87875,1.87441,1.87454,1.87683,0,0,0,0,11111111,oooooooo,on,on,on,on,0,100,100,-43.614,-4.6488,-27.29005241,-0.03980678,1.13121E-05,-1.30028E-09,-1.464801879,-0.229565736,0.008659861,-0.000222848,3,2129,1,23,23.2,23.2,0.158691,4.99878,2.89795,2.90405,2.99805,2.29126,33.693,15.7081,2,434.11,1371.02,31.032,30.3129,30.0004,30.029,29.8877,-1,40,10,-999.9,400,20,99.5293,85.6356
13,1784646476,1445.5,20260721 10:07:56,10:07:56,15,1784646468,0.001142294,1.142294328,5.234298798,429.1325484,172.8628913,17.48631216,43.40981252,0.035023402,2.94706597,0.034793803,0.02176663,266.1516252,33.67048322,32.61652258,4.944264895,35.45846604,1.732842669,4.886964561,3.211422226,-50.37517987,-32.84505518,-2.540277497,180.3911126,5.359569205,1.189336642,5.234298798,449.8085461,438.0821939,0.5961661,66.79281625,1.142294328,15.46435966,17.11844485,8.81625E-05,78.43,0,0,1,0,52462.12362,1500.010968,1273.869252,0.849239958,0.177433119,6,0.5,0: Broadleaf,2,TRUE,1784646468,429.1325484,437.7840323,17.13020968,15.40732258,472.8534839,21.7913129,407.0944839,101.0570968,0.100022819,32.40979677,32.61652258,999.9,0,0,9994.54129,0,94.71985806,-8.651532155,436.6117419,444.6349677,1.722886452,437.7840323,15.40732258,1.731126774,1.557018065,15.1784,13.5398129,1500.010968,0.69200129,0.30799871,0,2.512512903,0,15579.32258,13609.68065,44.69716129,46.45935484,45.562,45,44.48780645,1038.009677,462.0012903,0,1784646430,0,1784644962,09:42:41,1784644962,1784644962,1,-0.033,0.332,-43.902,-4.236,435,15,0.11,0.04,-6.394055361,-58.80714976,6.279776607,0,2.550258824,0.153396486,0.200191315,1,1.738228537,-0.428562439,0.050032497,0,1,3,1/3,2.98557,2.76472,0.111514,0.107218,0.108164,0.0850839,27452.3,18269.2,31669.3,22288.4,38036.3,27703.7,45483.7,32585.5,1.72565,2.67188,0.145454,0,30.2696,999.9,73.4,30,30.9448,61.5895,-100,3,0.232774,0,20.307,5.21699,12.0291,4.95945,3.301,7700.8,9999,9999,119.1,4.97299,1.87529,1.88155,1.88106,1.87876,1.87442,1.87454,1.87682,0,0,0,0,11111111,oooooooo,on,on,on,on,0,100,100,-43.779,-4.6591,-27.29005241,-0.03980678,1.13121E-05,-1.30028E-09,-1.464801879,-0.229565736,0.008659861,-0.000222848,3,2129,1,23,25.2,25.2,0.158691,4.99878,2.89795,2.90161,2.99805,2.2998,33.8735,15.6993,2,432.732,1368.55,31.1847,30.411,30.0004,30.126,29.9855,-1,40,10,-999.9,400,20,99.5225,85.6232
14,1784646596,1565.6,20260721 10:09:56,10:09:56,15,1784646588,0.001108075,1.10807473,4.903998607,419.4805161,167.3545474,16.93032749,42.43650754,0.0333628,2.947816625,0.033154441,0.020740137,266.1498706,33.85608932,32.79471613,4.994124961,34.95366858,1.725334561,4.936061453,3.268790399,-48.8660956,-33.00209084,-2.556228775,181.7254554,9.207852476,1.139809631,4.903998607,444.0496935,431.9635333,0.725909877,66.79281625,1.10807473,15.57865268,17.10197879,0.010853212,78.43,0,0,1,0,52453.30588,1500.001613,1273.861258,0.849239926,0.177433056,6,0.5,0: Broadleaf,2,TRUE,1784646588,419.4805161,433.7679677,17.05475484,15.40213548,462.9022903,21.70052581,406.7617097,101.0644839,0.099946677,32.58705484,32.79471613,999.9,0,0,9998.074516,0,111.5289677,-14.28737903,426.7589355,440.554129,1.652619355,433.7679677,15.40213548,1.723630645,1.556609355,15.1108871,13.53520968,1500.001613,0.692002645,0.307997355,0,2.467116129,0,15681.17097,13609.6,44.87093548,46.625,45.70529032,45.175,44.627,1038.004839,461.9967742,0,1784646550,0,1784644962,09:42:41,1784644962,1784644962,1,-0.033,0.332,-43.902,-4.236,435,15,0.11,0.04,-10.51073395,-58.55412206,6.569781169,0,2.468961765,0.004899927,0.260143996,1,1.740768049,-1.658956516,0.16832174,0,1,3,1/3,2.98507,2.76491,0.110398,0.105296,0.108097,0.0854419,27484.2,18307.5,31666.8,22287.5,38036,27691.4,45479.6,32583.9,1.7241,2.6665,0.144504,0,30.4575,999.9,72.7,30.2,31.0001,61.8867,-100,3,0.24032,0,20.307,5.21729,12.0288,4.95975,3.301,7700.8,9999,9999,119.1,4.97296,1.87531,1.8815,1.88101,1.87872,1.8744,1.87454,1.87683,0,0,0,0,11111111,oooooooo,on,on,on,on,0,100,100,-43.59,-4.6566,-27.29005241,-0.03980678,1.13121E-05,-1.30028E-09,-1.464801879,-0.229565736,0.008659861,-0.000222848,3,2129,1,23,27.2,27.2,0.157471,4.99878,2.89795,2.90283,2.99805,2.27417,34.0318,15.6906,2,432.453,1362.76,31.3448,30.5128,30.0004,30.2227,30.0801,-1,40,10,-999.9,400,20,99.5139,85.6193
15,1784646716,1685.6,20260721 10:11:56,10:11:56,15,1784646708,0.001183582,1.183582223,3.831127216,410.0847419,219.1307014,22.16741283,41.48445521,0.035422209,2.947742508,0.035187424,0.022013105,266.1460314,33.94529095,32.89356774,5.021972711,34.89223067,1.732884894,4.966391833,3.289087817,-52.19597604,-31.43001657,-2.437003194,180.0830356,1.629494601,1.163440532,3.831127216,416.0320492,414.1833818,-0.596985164,66.79281625,1.183582223,15.42949886,17.14885212,0.000149824,78.43,0,0,1,0,52432.44846,1499.986452,1273.847787,0.849239529,0.17743229,6,0.5,0: Broadleaf,2,TRUE,1784646708,410.0847419,413.2004194,17.13002258,15.43876452,453.2132581,21.79109032,405.6781613,101.0606452,0.100044258,32.69579355,32.89356774,999.9,0,0,9998.033226,0,92.98234839,-3.115655194,417.2319355,419.6799032,1.691265806,413.2004194,15.43876452,1.731170323,1.560249677,15.17877742,13.57172581,1499.986452,0.692015129,0.307984871,0,2.560748387,0,15301.2871,13609.5129,45.024,46.75,45.875,45.308,44.812,1038.014194,461.9722581,0,1784646670,0,1784644962,09:42:41,1784644962,1784644962,1,-0.033,0.332,-43.902,-4.236,435,15,0.11,0.04,-4.840520268,29.7964907,3.62865794,0,2.538976471,0.295373567,0.244218173,1,1.701137805,-0.079471777,0.023221322,1,2,3,2/3,2.98494,2.76485,0.107066,0.10002,0.108243,0.0847252,27583.8,18416.4,31663.4,22289,38026,27715,45475,32586.4,1.72322,2.66925,0.142761,0,30.5874,999.9,71.9,30.4,31.0155,61.7668,-100,3,0.249002,0,20.3071,5.21714,12.0321,4.9597,3.301,7700.8,9999,9999,119.2,4.97297,1.87531,1.88154,1.88107,1.87872,1.8744,1.87454,1.87683,0,0,0,0,11111111,oooooooo,on,on,on,on,0,100,100,-43.026,-4.6651,-27.29005241,-0.03980678,1.13121E-05,-1.30028E-09,-1.464801879,-0.229565736,0.008659861,-0.000222848,3,2129,1,23,29.2,29.2,0.157471,4.99878,2.89795,2.90283,2.99805,2.28516,34.1678,15.6731,2,432.581,1369.04,31.4899,30.616,30.0004,30.3231,30.1784,-1,40,10,-999.9,400,20,99.5036,85.6256
16,1784646836,1805.6,20260721 10:13:56,10:13:56,15,1784646828,0.001289199,1.289199307,3.403666193,403.3560645,242.3038044,24.51029277,40.80156834,0.038182668,2.948461636,0.037910081,0.023718129,266.1497701,34.00027295,32.99425806,5.050477261,34.58721497,1.725734027,4.98951427,3.324743234,-56.85368945,-34.32763344,-2.663419905,172.3050273,1.00659368,1.295074173,3.403666193,406.4675571,406.544703,-0.79325998,66.7868085,1.289199307,15.09415825,17.01645394,-0.005886511,78.43,0,0,1,0,52438.7306,1500.007419,1273.865603,0.849239535,0.177432302,6,0.5,0: Broadleaf,2,TRUE,1784646828,403.3560645,405.6207097,17.06025806,15.17477419,446.2734516,21.70712903,405.0885484,101.0551935,0.100018761,32.77830323,32.99425806,999.9,0,0,10002.65871,0,108.5265484,-2.264707194,410.3568065,411.8709677,1.885490645,405.6207097,15.17477419,1.724029355,1.533490323,15.11447742,13.3060871,1500.007419,0.692015161,0.307984839,0,2.50683871,0,15325.2129,13609.69355,45.125,46.812,46,45.375,44.931,1038.028387,461.9790323,0,1784646790,0,1784644962,09:42:41,1784644962,1784644962,1,-0.033,0.332,-43.902,-4.236,435,15,0.11,0.04,-3.079926463,21.18956337,3.135446704,0,2.50135,0.144044305,0.223527219,1,1.835750488,0.755272265,0.077871044,0,1,3,1/3,2.98386,2.76485,0.105627,0.0982355,0.10763,0.0830833,27625.8,18455.8,31661,22292.8,38049.2,27770.3,45471.1,32593.1,1.7205,2.6652,0.14504,0,30.6334,999.9,70.5,30.5,30.5848,61.4968,-100,3,0.257604,0,20.3068,5.21729,12.0317,4.9598,3.301,7700.8,9999,9999,119.2,4.97292,1.87531,1.88155,1.88107,1.87878,1.87442,1.87453,1.87683,0,0,0,0,11111111,oooooooo,on,on,on,on,0,100,100,-42.787,-4.6371,-27.29005241,-0.03980678,1.13121E-05,-1.30028E-09,-1.464801879,-0.229565736,0.008659861,-0.000222848,3,2129,1,23,31.2,31.2,0.157471,4.99878,2.89795,2.90649,2.99805,2.30347,34.3042,15.6556,2,431.655,1365.24,31.6088,30.7236,30.0003,30.4246,30.2774,-1,40,10,-999.9,400,20,99.4955,85.6421
17,1784646956,1925.6,20260721 10:15:56,10:15:56,15,1784646948,0.001212891,1.212891048,4.911441049,389.4306452,153.4027946,15.51665544,39.39081523,0.035730361,2.947114005,0.035491437,0.022203481,266.1486961,34.05745062,32.97402258,5.044737497,34.06714032,1.703331568,4.999925299,3.341405929,-53.48849522,-25.21143166,-1.957165707,185.4916035,2.373353008,1.256022054,4.911441049,402.9871953,394.6805515,0.138982884,66.7868085,1.212891048,15.0776703,16.84519273,0.000133539,78.43,0,0,1,0,52393.76961,1499.994839,1273.855519,0.849239935,0.177433075,6,0.5,0: Broadleaf,2,TRUE,1784646948,389.4306452,393.6760323,16.8397,15.00824839,431.9080968,21.44233226,404.5548387,101.0497742,0.099983084,32.81534516,32.97402258,999.9,0,0,9995.538387,0,71.05333871,-4.245398503,396.1009032,399.6745484,1.831451935,393.6760323,15.00824839,1.701647419,1.516579355,14.91146774,13.13626774,1499.994839,0.692002226,0.307997806,0,2.495029032,0,15023.80968,13609.53871,45.187,46.875,46.062,45.375,44.937,1037.999677,461.9951613,0,1784646910,0,1784644962,09:42:41,1784644962,1784644962,1,-0.033,0.332,-43.902,-4.236,435,15,0.11,0.04,-3.162168637,-34.03109401,3.773388102,0,2.482517647,0.039639425,0.153757658,1,1.849926829,-0.5656823,0.058406644,0,1,3,1/3,2.98307,2.76484,0.103515,0.0973253,0.106903,0.0834474,27689.3,18474.2,31659.5,22292.8,38079.1,27758.4,45469.4,32592.3,1.71858,2.6649,0.147812,0,30.5802,999.9,69.4,30.7,30.4593,61.4368,-100,3,0.264385,0,20.3066,5.21684,12.0327,4.95975,3.301,7700.8,9999,9999,119.2,4.973,1.87531,1.88155,1.88109,1.87877,1.87444,1.87454,1.87683,0,0,0,0,11111111,oooooooo,on,on,on,on,0,100,100,-42.434,-4.6042,-27.29005241,-0.03980678,1.13121E-05,-1.30028E-09,-1.464801879,-0.229565736,0.008659861,-0.000222848,3,2129,1,23,33.2,33.2,0.157471,4.99878,2.89795,2.90161,2.99805,2.25098,34.418,15.6118,2,431.118,1366.87,31.6628,30.812,30.0003,30.5152,30.3678,-1,40,10,-999.9,400,20,99.4914,85.6407
18,1784647076,2045.6,20260721 10:17:56,10:17:56,15,1784647068,0.001097932,1.097931878,4.138920529,416.6687742,195.0219907,19.72742496,42.14807749,0.032470781,2.948122679,0.032273399,0.020188508,266.148698,34.07301857,32.9942129,5.050464445,34.51590932,1.724444573,4.996086171,3.326019872,-48.41879581,-30.59887029,-2.374656546,184.7563754,5.927172233,1.088069289,4.138920529,431.9512907,425.3114606,0.059984236,66.7868085,1.097931878,15.52546029,17.08083636,0.006215732,78.43,0,0,1,0,52425.029,1500,1273.859429,0.849239619,0.177432465,6,0.5,0: Broadleaf,2,TRUE,1784647068,416.6687742,426.1483226,17.04756774,15.45858387,460.0029355,21.69185484,403.8506774,101.054871,0.100003361,32.80169355,32.9942129,999.9,0,0,10000.76452,0,88.7753,-9.479452258,423.895129,432.8393871,1.588981935,426.1483226,15.45858387,1.72273871,1.562164516,15.10283871,13.59046452,1500,0.692011839,0.307988161,0,2.546787097,0,15001.13548,13609.62903,45.187,46.875,46.062,45.312,44.94106452,1038.019032,461.9809677,0,1784647030,0,1784644962,09:42:41,1784644962,1784644962,1,-0.033,0.332,-43.902,-4.236,435,15,0.11,0.04,-9.602488293,4.568917631,1.93520133,0,2.507411765,1.065802898,0.214773034,0,1.610845854,-0.543848362,0.056728039,0,0,3,0/3,2.98296,2.76474,0.109055,0.103016,0.10789,0.0850487,27517.6,18353.5,31659.1,22287.9,38036.3,27703.7,45468.6,32585,1.71742,2.66418,0.154488,0,30.4885,999.9,69.9,30.9,31.0298,61.6769,-100,3,0.267835,0,20.3068,5.21699,12.0318,4.9597,3.301,7700.8,9999,9999,119.3,4.97298,1.87531,1.88156,1.88107,1.87872,1.87444,1.87454,1.87682,0,0,0,0,11111111,oooooooo,on,on,on,on,0,100,100,-43.378,-4.6515,-27.29005241,-0.03980678,1.13121E-05,-1.30028E-09,-1.464801879,-0.229565736,0.008659861,-0.000222848,3,2129,1,23,35.2,35.2,0.157471,4.99878,2.89795,2.90771,2.99805,2.26807,34.5321,15.603,2,430.847,1367.23,31.7012,30.8677,30.0001,30.5776,30.4317,-1,40,10,-999.9,400,20,99.4898,85.6216
19,1784647196,2165.6,20260721 10:19:56,10:19:56,15,1784647188,0.00109504,1.095039909,4.50336809,423.8286774,184.1541112,18.62781061,42.87170285,0.032454508,2.947086785,0.032257254,0.020178406,266.150861,34.17207052,33.05987742,5.069129197,34.85540134,1.75102862,5.023693753,3.318100577,-48.29126,-25.45567415,-1.977793997,190.4261329,4.885288822,1.095602865,4.50336809,439.0274777,431.6879515,0.07943129,66.7868085,1.095039909,15.67856885,17.28462606,-0.000364144,78.43,0,0,1,0,52378.62797,1500.002903,1273.862748,0.849240189,0.177433564,6,0.5,0: Broadleaf,2,TRUE,1784647188,423.8286774,431.7988065,17.31062903,15.70660645,467.3852903,22.00894839,402.7264839,101.0534194,0.099959681,32.89966129,33.05987742,999.9,0,0,9995.023226,0,87.35106774,-7.970205806,431.2944839,438.6890968,1.604024194,431.7988065,15.70660645,1.749298387,1.587206129,15.34094839,13.83514194,1500.002903,0.691993,0.308007,0,2.488216129,0,14848.68387,13609.56452,45.25,46.875,46.10670968,45.425,45.004,1037.992581,462.0103226,0,1784647150,0,1784644962,09:42:41,1784644962,1784644962,1,-0.033,0.332,-43.902,-4.236,435,15,0.11,0.04,-7.216934146,-14.11596857,1.505487153,0,2.491567647,-0.140401831,0.194098434,1,1.602119512,0.053209338,0.007271009,1,2,3,2/3,2.98106,2.76501,0.110168,0.104463,0.10872,0.08557,27482.1,18322.5,31657.9,22286.3,37999.4,27686.1,45466.9,32582.9,1.71345,2.66552,0.157449,0,30.5156,999.9,70.2,31,31.3405,61.7969,-100,3,0.271509,0,20.3072,5.21684,12.0306,4.9597,3.301,7700.8,9999,9999,119.3,4.97297,1.87531,1.88156,1.8811,1.87878,1.87445,1.87454,1.87683,0,0,0,0,11111111,oooooooo,on,on,on,on,0,100,100,-43.571,-4.6925,-27.29005241,-0.03980678,1.13121E-05,-1.30028E-09,-1.464801879,-0.229565736,0.008659861,-0.000222848,3,2129,1,23,37.2,37.2,0.157471,4.99878,2.89795,2.90649,2.99805,2.29126,34.6235,15.5768,2,428.918,1370.45,31.7435,30.9157,30.0001,30.6328,30.4878,-1,40,10,-999.9,400,20,99.4861,85.616
20,1784647316,2285.6,20260721 10:21:56,10:21:56,15,1784647308,0.000968632,0.968632403,5.169851434,432.4089677,124.0095754,12.54394605,43.73948338,0.02834867,2.949320571,0.028198157,0.017637304,266.1523375,34.31035095,33.19068065,5.106488163,34.61756245,1.749544356,5.053921281,3.356943807,-42.71668896,-29.30285618,-2.277628959,191.8551634,11.09747911,0.964699736,5.169851434,465.942263,448.5549636,1.449459606,66.7868085,0.968632403,15.97479829,17.34235152,0.006716485,78.43,0,0,1,0,52424.126,1500.005484,1273.865468,0.84924054,0.177434243,6,0.5,0: Broadleaf,2,TRUE,1784647308,432.4089677,449.5815161,17.2960129,15.88217419,476.2309032,21.99129032,402.3150323,101.0530968,0.099947313,33.00639032,33.19068065,999.9,0,0,10007.74839,0,72.59584194,-17.1725529,440.0196452,456.8373548,1.413851935,449.5815161,15.88217419,1.747815806,1.604942258,15.32772903,14.00623871,1500.005484,0.691982871,0.308017129,0,2.605203226,0,14678.58065,13609.55161,45.312,46.937,46.125,45.5,45.062,1037.976774,462.0287097,0,1784647270,0,1784644962,09:42:41,1784644962,1784644962,1,-0.033,0.332,-43.902,-4.236,435,15,0.11,0.04,-16.31706098,-31.76144111,5.558712484,0,2.578735294,0.345378155,0.215553018,1,1.425530976,-0.258732962,0.034001307,0,1,3,1/3,2.98054,2.7647,0.113149,0.106715,0.108979,0.0867687,27389.5,18273.9,31657.6,22283.4,37987.9,27645.8,45466.4,32578.3,1.71203,2.66272,0.157207,0,30.6529,999.9,70.1,31.2,31.651,61.6469,-100,3,0.273491,0,20.3072,5.21669,12.0324,4.95975,3.301,7700.8,9999,9999,119.3,4.97299,1.87531,1.88156,1.88107,1.8788,1.87447,1.87454,1.87683,0,0,0,0,11111111,oooooooo,on,on,on,on,0,100,100,-44.087,-4.7057,-27.29005241,-0.03980678,1.13121E-05,-1.30028E-09,-1.464801879,-0.229565736,0.008659861,-0.000222848,3,2129,1,23,39.2,39.2,0.157471,4.99878,2.89795,2.90527,2.99805,2.30591,34.7379,15.5505,2,428.361,1367.32,31.8284,30.9507,30.0002,30.674,30.5333,-1,40,10,-999.9,400,20,99.4849,85.6042
21,1784647436,2405.6,20260721 10:23:56,10:23:56,15,1784647428,0.001199694,1.199694073,4.243250721,385.4226774,171.8837348,17.38671989,38.98702889,0.034489397,2.947424991,0.034266749,0.021436602,266.1498505,34.25124434,33.17872581,5.103063801,33.24941044,1.680364311,5.053816859,3.422699491,-52.90650861,-27.44281478,-2.134296072,183.6662311,6.750503349,1.199166866,4.243250721,402.9303249,394.5857818,0.291977873,66.7868085,1.199694073,14.97412827,16.6552897,0.010017827,78.43,0,0,1,0,52370.08602,1499.997742,1273.858316,0.849240156,0.177433501,6,0.5,0: Broadleaf,2,TRUE,1784647428,385.4226774,396.1750323,16.61194839,14.85398065,427.7727742,21.16989355,402.4805484,101.0539032,0.100053642,33.00602258,33.17872581,999.9,0,0,9996.896452,0,68.13827742,-10.75238222,391.9335161,402.149129,1.757963226,396.1750323,14.85398065,1.678701613,1.501052581,14.70085484,12.97821935,1499.997742,0.691994194,0.308005806,0,2.649887097,0,14483.2129,13609.53871,45.312,47,46.169,45.46951613,45.062,1037.990645,462.0070968,0,1784647390,0,1784644962,09:42:41,1784644962,1784644962,1,-0.033,0.332,-43.902,-4.236,435,15,0.11,0.04,-7.68369002,-52.48347004,6.280886687,0,2.654967647,0.085856385,0.214853699,1,1.84391325,-1.90012334,0.195429829,0,1,3,1/3,2.98147,2.76473,0.103512,0.0987779,0.106066,0.0829177,27688.1,18447.2,31658.8,22296.6,38114.3,27780.1,45468.1,32599.1,1.71417,2.6641,0.15663,0,30.6484,999.9,67.1,31.3,30.4725,61.5869,-100,3,0.27674,0,20.3074,5.21714,12.0329,4.9597,3.301,7700.8,9999,9999,119.4,4.97304,1.87531,1.88156,1.88109,1.87877,1.87443,1.87454,1.87683,0,0,0,0,11111111,oooooooo,on,on,on,on,0,100,100,-42.442,-4.5672,-27.29005241,-0.03980678,1.13121E-05,-1.30028E-09,-1.464801879,-0.229565736,0.008659861,-0.000222848,3,2129,1,23,41.2,41.2,0.157471,4.99878,2.89795,2.90283,2.99805,2.27539,34.8066,15.5242,2,429.811,1370.22,31.8645,30.9832,30.0004,30.7105,30.5706,-1,40,10,-999.9,400,20,99.4889,85.6574
22,1784647556,2525.6,20260721 10:25:56,10:25:56,15,1784647548,0.001200926,1.200925982,5.358279787,390.8110968,126.4838136,12.79338094,39.52913099,0.034505393,2.947802032,0.034282567,0.021446504,266.1505409,34.26837111,33.19467419,5.107632526,33.27650423,1.683397614,5.058817483,3.424234913,-52.9608358,-27.18333521,-2.114192864,183.892177,8.365835518,1.251083542,5.358279787,415.3693897,401.9143818,0.810227492,66.7868085,1.200925982,14.97779019,16.67139939,0.008803654,78.43,0,0,1,0,52377.67805,1500.008387,1273.866735,0.849239742,0.177432702,6,0.5,0: Broadleaf,2,TRUE,1784647548,390.8110968,404.0212903,16.64318065,14.8077871,433.3322258,21.20718065,402.1790968,101.0464516,0.09993679,33.02362581,33.19467419,999.9,0,0,9999.775806,0,65.30140323,-13.21025548,397.4254839,410.0946774,1.835397419,404.0212903,14.8077871,1.681736774,1.496276129,14.72884839,12.92954839,1500.008387,0.692007258,0.307992742,0,2.721432258,0,14369.83871,13609.67742,45.312,46.98374194,46.19512903,45.44106452,45.11483871,1038.01871,461.9896774,0,1784647510,0,1784644962,09:42:41,1784644962,1784644962,1,-0.033,0.332,-43.902,-4.236,435,15,0.11,0.04,-10.772522,-53.51264353,5.287071869,0,2.756629412,-0.626872428,0.223646596,1,1.8872125,-1.425172233,0.146284921,0,1,3,1/3,2.98042,2.76496,0.104866,0.100382,0.106118,0.0830083,27644.6,18415.1,31657,22297.7,38110,27778.2,45465.6,32600.2,1.71183,2.6627,0.153165,0,30.6839,999.9,66.2,31.5,30.4077,61.4069,-100,3,0.280734,0,20.3075,5.21714,12.0309,4.95975,3.301,7700.8,9999,9999,119.4,4.973,1.87531,1.88155,1.88107,1.8788,1.87442,1.87453,1.87683,0,0,0,0,11111111,oooooooo,on,on,on,on,0,100,100,-42.674,-4.5706,-27.29005241,-0.03980678,1.13121E-05,-1.30028E-09,-1.464801879,-0.229565736,0.008659861,-0.000222848,3,2129,1,23,43.2,43.2,0.157471,4.99878,2.89795,2.90527,2.99805,2.24731,34.8985,15.5067,2,428.751,1369.14,31.9047,31.0264,30.0002,30.7563,30.6171,-1,40,10,-999.9,400,20,99.4832,85.6607
23,1784647676,2645.6,20260721 10:27:56,10:27:56,15,1784647668,0.001070651,1.070650563,4.527090634,425.9204516,175.4527574,17.74728069,43.08242241,0.031131336,2.947818909,0.030949835,0.019359866,266.1497112,34.32106361,33.20598387,5.110874559,34.16210777,1.730061441,5.064270194,3.380813118,-47.21568983,-25.93312716,-2.017247292,190.9836469,4.399407639,1.077364759,4.527090634,440.613659,433.3152788,0.061006819,66.7868085,1.070650563,15.51695741,17.09603455,-0.000172202,78.43,0,0,1,0,52374.98083,1499.999677,1273.85971,0.849239989,0.177433179,6,0.5,0: Broadleaf,2,TRUE,1784647668,425.9204516,433.2042581,17.10369355,15.51607419,469.5420323,21.75939355,400.1983871,101.0513226,0.100012726,33.04280323,33.20598387,999.9,0,0,9999.389677,0,78.15055484,-7.283757097,433.3320323,440.0318387,1.587617097,433.2042581,15.51607419,1.728350323,1.567920323,15.15342903,13.64707419,1499.999677,0.692000548,0.307999484,0,2.700093548,0,14274.78065,13609.56452,45.312,46.98577419,46.20529032,45.44512903,45.07012903,1038.000323,461.9993548,0,1784647630,0,1784644962,09:42:41,1784644962,1784644962,1,-0.033,0.332,-43.902,-4.236,435,15,0.11,0.04,-4.959985073,-35.06327609,3.713293098,0,2.692279412,0.105190218,0.212673974,1,1.62615,-0.595269408,0.066074321,0,1,3,1/3,2.97904,2.76472,0.110419,0.104739,0.107886,0.0849115,27473.5,18321.1,31657.6,22291.9,38035.8,27713.2,45467.4,32591.6,1.70868,2.66033,0.160355,0,30.6102,999.9,67.4,31.6,31.1352,61.6469,-100,3,0.281951,0,20.3073,5.21714,12.0324,4.95965,3.301,7700.8,9999,9999,119.4,4.97302,1.87531,1.88154,1.88104,1.87876,1.87441,1.87453,1.87683,0,0,0,0,11111111,oooooooo,on,on,on,on,0,100,100,-43.622,-4.654,-27.29005241,-0.03980678,1.13121E-05,-1.30028E-09,-1.464801879,-0.229565736,0.008659861,-0.000222848,3,2129,1,23,45.2,45.2,0.157471,4.99878,2.89795,2.90283,2.99805,2.27783,34.9904,15.498,2,427.136,1366.23,31.9028,31.0562,30.0001,30.7854,30.6449,-1,40,10,-999.9,400,20,99.4864,85.6382
24,1784647796,2765.6,20260721 10:29:56,10:29:56,15,1784647788,0.000974651,0.974651358,3.700502061,414.3561613,183.4058189,18.5515614,41.91226764,0.027778739,2.948028126,0.027634137,0.017284265,266.1485565,34.49720089,33.37909032,5.160721153,33.56602134,1.714407923,5.107569664,3.44631323,-42.98212487,-29.34487304,-2.286107163,191.5354514,2.210513894,0.979268649,3.700502061,422.5984669,418.9539212,-0.301026962,66.77591753,0.974651358,15.54231356,16.97407636,0.000703015,78.43,0,0,1,0,52354.98907,1499.983548,1273.846897,0.849240579,0.177434317,6,0.5,0: Broadleaf,2,TRUE,1784647788,414.3561613,418.2807742,16.94910645,15.50502903,457.6182258,21.57356129,399.9803226,101.0503548,0.099987694,33.19445484,33.37909032,999.9,0,0,10000.67419,0,78.04375806,-3.924539677,421.5002903,424.8683226,1.444079677,418.2807742,15.50502903,1.712713548,1.566789032,15.01213548,13.63594194,1499.983548,0.691982516,0.308017484,0,2.695296774,0,14184.46774,13609.35484,45.375,47.062,46.25,45.562,45.175,1037.959677,462.023871,0,1784647750,0,1784644962,09:42:41,1784644962,1784644962,1,-0.033,0.332,-43.902,-4.236,435,15,0.11,0.04,-2.614143878,-33.54694378,3.852220429,0,2.671676471,-0.092149737,0.193298495,1,1.485595366,-0.747330523,0.081390811,0,1,3,1/3,2.97892,2.76479,0.107875,0.102985,0.107372,0.0851336,27554.1,18357.4,31660,22292.4,38060.4,27707,45470.4,32592.2,1.70825,2.6614,0.159554,0,30.8112,999.9,67,31.7,31.1274,61.737,-100,3,0.282401,0,20.3072,5.21714,12.0329,4.9598,3.301,7700.8,9999,9999,119.5,4.973,1.87531,1.88156,1.88108,1.87876,1.87443,1.87454,1.87683,0,0,0,0,11111111,oooooooo,on,on,on,on,0,100,100,-43.188,-4.6297,-27.29005241,-0.03980678,1.13121E-05,-1.30028E-09,-1.464801879,-0.229565736,0.008659861,-0.000222848,3,2129,1,23,47.2,47.2,0.157471,4.99878,2.89795,2.89917,2.99805,2.2644,35.0594,15.4717,2,426.992,1368.25,31.9849,31.0643,30,30.8015,30.6635,-1,40,10,-999.9,400,20,99.4933,85.64
25,1784647916,2885.6,20260721 10:31:56,10:31:56,15,1784647908,0.001077986,1.077986377,3.615959178,433.2905484,223.3606221,22.59298862,43.82745866,0.030405254,2.948214055,0.030232118,0.018910547,266.1557647,34.60464815,33.53682258,5.206508387,33.48796195,1.723342611,5.146155544,3.483165776,-47.53919924,-33.08652503,-2.581124169,182.9489162,3.866180697,1.005346205,3.615959178,440.1517659,439.2380485,-0.694231732,66.77591753,1.077986377,15.44943123,17.03955939,-4.53382E-05,78.43,0,0,1,0,52337.35333,1500.03,1273.88581,0.849240222,0.177433628,6,0.5,0: Broadleaf,2,TRUE,1784647908,433.2905484,439.7446452,17.03744839,15.55479677,477.1399677,21.67969032,399.9122903,101.0502903,0.099985906,33.32865806,33.53682258,999.9,0,0,10001.7371,0,82.49363226,-6.454089548,440.8007419,446.6930323,1.482639032,439.7446452,15.55479677,1.721637742,1.571816452,15.09290645,13.68507419,1500.03,0.691992516,0.308007484,0,2.635345161,0,14053.33548,13609.81613,45.437,47.157,46.312,45.687,45.25,1038.009677,462.0203226,0,1784647870,0,1784644962,09:42:41,1784644962,1784644962,1,-0.033,0.332,-43.902,-4.236,435,15,0.11,0.04,-7.005785756,38.72694826,5.71049612,0,2.625514706,0.455854849,0.226032253,1,1.486509756,0.277287596,0.072079269,0,1,3,1/3,2.97833,2.76465,0.111407,0.103786,0.107628,0.0844167,27445.6,18343.2,31660.8,22295.2,38050.2,27732.8,45471.2,32597.1,1.70723,2.65917,0.159331,0,30.9561,999.9,66.7,31.8,31.1647,61.587,-100,3,0.282066,0,20.3076,5.21714,12.0314,4.9597,3.301,7700.8,9999,9999,119.5,4.97299,1.87531,1.88156,1.88109,1.87877,1.87441,1.87454,1.87683,0,0,0,0,11111111,oooooooo,on,on,on,on,0,100,100,-43.795,-4.642,-27.29005241,-0.03980678,1.13121E-05,-1.30028E-09,-1.464801879,-0.229565736,0.008659861,-0.000222848,3,2129,1,23,49.2,49.2,0.157471,4.99878,2.89795,2.89917,2.99805,2.2876,35.1516,15.4542,2,426.485,1365.33,32.0924,31.0752,30.0001,30.8139,30.6768,-1,40,10,-999.9,400,20,99.4954,85.652
26,1784648036,3005.6,20260721 10:33:56,10:33:56,15,1784648028,0.001038589,1.038589066,4.18504257,444.8509355,197.356097,19.96226023,44.99597566,0.029349669,2.947482401,0.029188272,0.018257097,266.1488728,34.63250309,33.53375806,5.205615451,33.58250718,1.72990154,5.151198305,3.47571391,-45.80177779,-29.81461708,-2.32661965,188.2058583,0.240314882,1.013170855,4.18504257,448.7045862,447.8405515,-0.833110327,66.77591753,1.038589066,15.54789304,17.08425758,-0.000174849,78.43,0,0,1,0,52313.46579,1499.992903,1273.854145,0.849240115,0.177433421,6,0.5,0: Broadleaf,2,TRUE,1784648028,444.8509355,445.89,17.10260323,15.60519677,489.0552581,21.75807742,399.027129,101.0484516,0.099982784,33.34613226,33.53375806,999.9,0,0,9997.761935,0,75.26075484,-1.039040484,452.5915484,452.9588065,1.497394516,445.89,15.60519677,1.728190968,1.576880645,15.1519871,13.73467419,1499.992903,0.691996613,0.308003387,0,2.694245161,0,13892.43871,13609.49677,45.49593548,47.21748387,46.37093548,45.74593548,45.308,1037.989355,462.0035484,0,1784647990,0,1784644962,09:42:41,1784644962,1784644962,1,-0.033,0.332,-43.902,-4.236,435,15,0.11,0.04,-2.873827439,51.45449757,5.299157136,0,2.666191176,-0.001284959,0.201049343,1,1.491195854,0.226443763,0.03461357,0,1,3,1/3,2.97763,2.76477,0.11286,0.104199,0.107816,0.0848782,27401.9,18334.7,31662.2,22295.2,38044.2,27718.6,45473.7,32596.8,1.70592,2.6628,0.161231,0,30.9266,999.9,66.4,31.9,31.1996,61.647,-100,3,0.281273,0,20.3077,5.21699,12.032,4.95975,3.301,7700.8,9999,9999,119.5,4.97301,1.87531,1.88155,1.88107,1.87874,1.87442,1.87454,1.87683,0,0,0,0,11111111,oooooooo,on,on,on,on,0,100,100,-44.045,-4.6511,-27.29005241,-0.03980678,1.13121E-05,-1.30028E-09,-1.464801879,-0.229565736,0.008659861,-0.000222848,3,2129,1,23,51.2,51.2,0.157471,4.99878,2.89795,2.90405,2.99805,2.2937,35.244,15.4367,2,425.753,1370.75,32.1467,31.0752,30,30.8149,30.6795,-1,40,10,-999.9,400,20,99.5004,85.6515
27,1784648157,3126,20260721 10:35:56,10:35:56,15,1784648149,0.000948086,0.948086018,4.202820347,429.2494,161.3071454,16.31616162,43.41842743,0.026884667,2.947745778,0.026749186,0.016730357,266.1487919,34.6371626,33.49442,5.194164981,33.6543931,1.731803085,5.145845535,3.462361896,-41.81059338,-26.51349461,-2.068241515,195.7564624,4.374356706,0.912891202,4.202820347,441.9851339,436.5064364,-0.142746057,66.77591753,0.948086018,15.74549925,17.14332303,0.000597104,78.43,0,0,1,0,52324.16879,1499.988,1273.85039,0.849240387,0.177433947,6,0.5,0: Broadleaf,2,TRUE,1784648149,429.2494,436.4229333,17.12119667,15.77074667,472.9740333,21.78047667,398.6499667,101.0496333,0.100018673,33.32758333,33.49442,999.9,0,0,9999.141333,0,110.7452333,-7.173537333,436.7268,443.4159667,1.350461667,436.4229333,15.77074667,1.730091667,1.593628667,15.16907667,13.89731333,1499.988,0.691988,0.308012,0,2.697413333,0,14107.87667,13609.41333,45.5,47.1954,46.375,45.80786667,45.312,1037.972333,462.0156667,0,1784648111,0,1784644962,09:42:41,1784644962,1784644962,1,-0.033,0.332,-43.902,-4.236,435,15,0.11,0.04,-8.006173415,20.63247512,2.512705429,0,2.662588235,0.259688304,0.217553911,1,1.353750732,0.064319582,0.028778833,1,2,3,2/3,2.97795,2.76473,0.110944,0.10426,0.108078,0.0857469,27463.7,18332.8,31665.1,22294.3,38036.3,27691,45477.8,32595.2,1.7063,2.66287,0.162795,0,30.8712,999.9,66.4,32.1,31.5551,61.707,-100,3,0.279527,0,20.3075,5.21744,12.0318,4.95965,3.301,7700.8,9999,9999,119.6,4.97297,1.87531,1.88155,1.88107,1.87879,1.87446,1.87454,1.87683,0,0,0,0,11111111,oooooooo,on,on,on,on,0,100,100,-43.714,-4.6637,-27.29005241,-0.03980678,1.13121E-05,-1.30028E-09,-1.464801879,-0.229565736,0.008659861,-0.000222848,3,2129,1,23,53.2,53.2,0.157471,4.99878,2.89795,2.90405,2.99805,2.24854,35.3133,15.4192,2,425.901,1370.62,32.1502,31.0616,30.0001,30.8042,30.6715,-1,40,10,-999.9,400,20,99.5093,85.6476
28,1784648277,3246,20260721 10:37:56,10:37:56,15,1784648269,0.001037566,1.037565871,4.570179615,408.2003226,139.8076283,14.14160617,41.28965116,0.029075259,2.94823428,0.028916897,0.018087217,266.14922,34.76060857,33.66366774,5.243585509,33.52688249,1.739490039,5.18834413,3.50409547,-45.7566549,-30.08422578,-2.350027471,187.9583119,8.193909864,0.986544786,4.570179615,430.6414386,419.5389212,0.616122277,66.77591753,1.037565871,15.77491499,17.25138606,0.007859463,78.43,0,0,1,0,52313.04705,1499.997419,1273.857745,0.849239958,0.177433119,6,0.5,0: Broadleaf,2,TRUE,1784648269,408.2003226,421.166,17.19705484,15.73470645,451.2697742,21.87188065,397.8172903,101.0505161,0.099945726,33.47439355,33.66366774,999.9,0,0,10001.82968,0,112.6575806,-12.96568258,415.3429677,427.8989355,1.462340645,421.166,15.73470645,1.73777,1.589999677,15.23797419,13.86219355,1499.997419,0.692000742,0.307999258,0,2.692196774,0,13936.07742,13609.55806,45.57825806,47.312,46.437,45.927,45.403,1038.000323,461.9970968,0,1784648231,0,1784644962,09:42:41,1784644962,1784644962,1,-0.033,0.332,-43.902,-4.236,435,15,0.11,0.04,-11.61514425,-23.9632558,2.434044013,0,2.674097059,0.258409472,0.167450085,1,1.4815355,-0.312958649,0.037642902,0,1,3,1/3,2.97607,2.76478,0.107994,0.103181,0.108548,0.0859966,27553.9,18353.6,31664,22292.8,38015,27681.6,45476.5,32593.2,1.7026,2.661,0.158735,0,31.1125,999.9,66,32.2,31.5436,61.587,-100,3,0.282241,0,20.3076,5.21714,12.0324,4.9597,3.301,7700.8,9999,9999,119.6,4.97301,1.87531,1.88156,1.88109,1.8788,1.87448,1.87454,1.87683,0,0,0,0,11111111,oooooooo,on,on,on,on,0,100,100,-43.208,-4.6867,-27.29005241,-0.03980678,1.13121E-05,-1.30028E-09,-1.464801879,-0.229565736,0.008659861,-0.000222848,3,2129,1,23,55.2,55.2,0.157471,4.99878,2.89795,2.90283,2.99805,2.26685,35.4059,15.4016,2,423.917,1368.24,32.2437,31.0799,30.0003,30.823,30.6907,-1,40,10,-999.9,400,20,99.5064,85.6421
29,1784648397,3366,20260721 10:39:56,10:39:56,15,1784648389,0.001021355,1.021354511,4.147740952,419.6889355,168.9757322,17.09154962,42.45067723,0.028519099,2.948040656,0.02836671,0.017742817,266.1510402,34.86486886,33.77911935,5.277531691,33.77863116,1.762397712,5.217492988,3.515133978,-45.04173395,-32.52369313,-2.543433681,186.0421794,3.994089647,1.048024372,4.147740952,434.4769485,427.2232848,0.133434518,66.77591753,1.021354511,15.92304724,17.43721758,0.000178755,78.43,0,0,1,0,52290.39581,1500.007419,1273.866261,0.849239974,0.177433149,6,0.5,0: Broadleaf,2,TRUE,1784648389,419.6889355,426.385129,17.42395806,15.86879355,463.1170968,22.1459871,397.2944194,101.0479355,0.100018726,33.57448387,33.77911935,999.9,0,0,10000.98484,0,109.1765484,-6.696066452,427.1314194,433.2605484,1.555167742,426.385129,15.86879355,1.760655806,1.603509355,15.4418,13.99251935,1500.007419,0.692001387,0.307998613,0,2.657854839,0,13801.72581,13609.64194,45.687,47.437,46.536,46.03,45.5,1038.006452,462.0009677,0,1784648351,0,1784644962,09:42:41,1784644962,1784644962,1,-0.033,0.332,-43.902,-4.236,435,15,0.11,0.04,-6.777619024,-9.306181672,1.92154652,0,2.679447059,0.137705121,0.215907772,1,1.565169756,-0.268578397,0.033149262,0,1,3,1/3,2.97598,2.76454,0.109296,0.10295,0.10931,0.0866937,27511.8,18355.7,31662.2,22289.8,37980,27656.3,45473.6,32588.3,1.70208,2.6613,0.153072,0,31.3151,999.9,66.1,32.3,31.7697,61.587,-100,3,0.287711,0,20.3074,5.21714,12.033,4.95975,3.301,7700.8,9999,9999,119.6,4.97301,1.87531,1.88156,1.88107,1.87878,1.87444,1.87454,1.87683,0,0,0,0,11111111,oooooooo,on,on,on,on,0,100,100,-43.433,-4.7252,-27.29005241,-0.03980678,1.13121E-05,-1.30028E-09,-1.464801879,-0.229565736,0.008659861,-0.000222848,3,2129,1,23,57.2,57.2,0.157471,4.99878,2.89795,2.89551,2.99805,2.24487,35.5218,15.3666,2,423.933,1369.87,32.3442,31.1465,30.0003,30.8747,30.7388,-1,40,10,-999.9,400,20,99.5003,85.6298
30,1784648517,3486,20260721 10:41:56,10:41:56,15,1784648509,0.000907027,0.907027358,4.262660285,427.7823226,139.7821211,14.13831245,43.26819546,0.025213544,2.948202564,0.025094361,0.015694637,266.1517645,34.98972094,33.86957742,5.304262417,33.86471279,1.776360427,5.245461367,3.52790199,-39.99990649,-31.71127846,-2.482021757,191.9585578,4.299342953,0.944580864,4.262660285,440.8461014,435.2344061,-0.141208502,66.77591753,0.907027358,16.22144627,17.56822364,0.000130416,78.43,0,0,1,0,52278.65591,1500.009032,1273.867858,0.849240125,0.177433441,6,0.5,0: Broadleaf,2,TRUE,1784648509,427.7823226,434.8963548,17.56245161,16.15884194,471.4615806,22.31382903,396.6879355,101.0453548,0.100001506,33.67006452,33.86957742,999.9,0,0,10002.16032,0,141.5767097,-7.114019355,435.4295484,442.0391613,1.403604839,434.8963548,16.15884194,1.774603548,1.632775484,15.56487419,14.27161935,1500.009032,0.691995871,0.308004129,0,2.734564516,0,14105.87419,13609.64839,45.812,47.562,46.625,46.129,45.625,1038,462.0090323,0,1784648471,0,1784644962,09:42:41,1784644962,1784644962,1,-0.033,0.332,-43.902,-4.236,435,15,0.11,0.04,-8.135655122,25.1551407,2.723560596,0,2.742488235,-0.275541633,0.145108332,1,1.402388537,-0.099675679,0.035811709,1,2,3,2/3,2.9755,2.76459,0.11065,0.103557,0.109845,0.0877105,27467.2,18339.6,31659.4,22285.6,37953.8,27620.2,45469.5,32582.2,1.7002,2.65933,0.14998,0,31.4268,999.9,66.4,32.4,32.0979,61.6171,-100,3,0.294172,0,20.3075,5.21684,12.033,4.95975,3.301,7700.8,9999,9999,119.7,4.97303,1.87531,1.88154,1.88109,1.87878,1.87446,1.87454,1.87683,0,0,0,0,11111111,oooooooo,on,on,on,on,0,100,100,-43.67,-4.7531,-27.29005241,-0.03980678,1.13121E-05,-1.30028E-09,-1.464801879,-0.229565736,0.008659861,-0.000222848,3,2129,1,23,59.2,59.2,0.157471,4.99878,2.89795,2.90283,2.99805,2.25952,35.638,15.3579,2,423.265,1368.28,32.4431,31.2242,30.0002,30.9401,30.8003,-1,40,10,-999.9,400,20,99.4913,85.6137
31,1784648637,3606,20260721 10:43:56,10:43:56,15,1784648629,0.000943243,0.943243219,4.186267132,425.5978387,151.1629955,15.28789624,43.04291257,0.026101958,2.947550638,0.025974222,0.016245313,266.147899,35.0191053,33.89775484,5.312612974,33.64246891,1.768504507,5.256761955,3.544108467,-41.59702597,-30.06494722,-2.354452266,192.1314735,0.945368118,0.961116607,4.186267132,432.9511509,429.5522545,-0.456212021,66.77591753,0.943243219,16.06175981,17.46676424,-0.000147217,78.43,0,0,1,0,52253.31295,1499.998387,1273.857794,0.849239442,0.177432123,6,0.5,0: Broadleaf,2,TRUE,1784648629,425.5978387,427.6494839,17.48654194,16.05611935,469.2094516,22.22177742,396.0969355,101.0352258,0.099950784,33.70855806,33.89775484,999.9,0,0,9999.458387,0,121.9855161,-2.051579374,433.1724839,434.627871,1.430426452,427.6494839,16.05611935,1.766756129,1.622232258,15.49572581,14.17160323,1499.998387,0.692018871,0.307981129,0,2.782287097,0,13753.78065,13609.63226,45.887,47.625,46.75,46.22154839,45.69919355,1038.026774,461.9716129,0,1784648591,0,1784644962,09:42:41,1784644962,1784644962,1,-0.033,0.332,-43.902,-4.236,435,15,0.11,0.04,-4.11649034,37.57103533,4.266413859,0,2.729747059,0.440614196,0.250606614,1,1.42121525,0.171940976,0.029540227,0,1,3,1/3,2.97439,2.76474,0.109581,0.102517,0.109372,0.0870566,27498.1,18361.6,31657.3,22286.7,37971.9,27641.8,45466.7,32584.4,1.69735,2.65982,0.1508,0,31.4436,999.9,65.9,32.5,32.0383,61.7071,-100,3,0.30091,0,20.3071,5.21699,12.0326,4.9598,3.301,7700.8,9999,9999,119.7,4.97306,1.87532,1.88156,1.88109,1.87881,1.87453,1.87454,1.87683,0,0,0,0,11111111,oooooooo,on,on,on,on,0,100,100,-43.492,-4.7308,-27.29005241,-0.03980678,1.13121E-05,-1.30028E-09,-1.464801879,-0.229565736,0.008659861,-0.000222848,3,2129,1,23,61.2,61.2,0.157471,4.99878,2.89795,2.89673,2.99805,2.31201,35.7311,15.3404,2,422.098,1370.54,32.5177,31.3095,30.0003,31.0138,30.8695,-1,40,10,-999.9,400,20,99.4849,85.619
32,1784648757,3726,20260721 10:45:56,10:45:56,15,1784648749,0.001054519,1.054519358,3.289814349,432.8748387,231.4259425,23.40523117,43.77873784,0.029046634,2.947187956,0.028888527,0.018069463,266.1473832,35.09448455,34.01011935,5.346026716,33.74892575,1.784437565,5.28739071,3.561589151,-46.50430368,-31.39488866,-2.461507172,185.7866836,-0.775944538,1.051397185,3.289814349,432.1518466,434.6623394,-1.134860629,66.77097367,1.054519358,15.92275376,17.57992242,-0.011073662,78.43,0,0,1,0,52225.27343,1499.992581,1273.853129,0.84923962,0.177432466,6,0.5,0: Broadleaf,2,TRUE,1784648749,432.8748387,432.3885484,17.64413871,16.07858387,476.7114516,22.41305484,395.8390323,101.034871,0.099992803,33.81252903,34.01011935,999.9,0,0,9997.432903,0,126.1633871,0.48643829,440.6499355,439.4549355,1.565562258,432.3885484,16.07858387,1.782671935,1.624495806,15.63565161,14.19276452,1499.992581,0.692012194,0.307987806,0,2.754925806,0,13747.86452,13609.54839,46,47.7113871,46.83232258,46.312,45.812,1038.013871,461.9787097,0,1784648711,0,1784644962,09:42:41,1784644962,1784644962,1,-0.033,0.332,-43.902,-4.236,435,15,0.11,0.04,-3.385201756,68.79617941,7.354798295,0,2.745823529,-0.295740255,0.260616801,1,1.494604146,1.402648223,0.141330238,0,1,3,1/3,2.97435,2.7647,0.110447,0.103192,0.10981,0.086642,27468.5,18346.9,31654.3,22286,37949.1,27653.6,45461.7,32583.7,1.69683,2.65672,0.155441,0,31.5083,999.9,65.5,32.7,32.2015,61.4671,-100,3,0.308257,0,20.3071,5.21699,12.0309,4.9597,3.301,7700.8,9999,9999,119.7,4.97301,1.87532,1.88155,1.8811,1.8788,1.87443,1.87454,1.87683,0,0,0,0,11111111,oooooooo,on,on,on,on,0,100,100,-43.643,-4.7538,-27.29005241,-0.03980678,1.13121E-05,-1.30028E-09,-1.464801879,-0.229565736,0.008659861,-0.000222848,3,2129,1,23,63.2,63.2,0.157471,4.99878,2.89795,2.90649,2.99805,2.29004,35.8477,15.3141,2,422.263,1367.55,32.6055,31.3932,30.0003,31.0909,30.9434,-1,40,10,-999.9,400,20,99.4747,85.6167
33,1784648877,3846,20260721 10:47:56,10:47:56,15,1784648869,0.001131961,1.131960557,3.433255006,418.7027742,223.2756991,22.57955632,42.34282059,0.031240118,2.948756987,0.031057408,0.019427207,266.1482751,35.13974626,34.06335484,5.361921006,34.04431108,1.806689311,5.306875816,3.555231694,-49.91946058,-29.40289709,-2.305440482,184.520477,-5.956118225,1.241187023,3.433255006,411.9180492,415.6792727,-1.354829565,66.77097367,1.131960557,15.81764913,17.70105697,-0.024933541,78.43,0,0,1,0,52258.59293,1499.992903,1273.853835,0.849239908,0.177433023,6,0.5,0: Broadleaf,2,TRUE,1784648869,418.7027742,410.4516129,17.86526774,16.01510645,462.1000323,22.68245484,395.3210645,101.0285806,0.100007942,33.8784,34.06335484,999.9,0,0,10006.97258,0,138.3542258,8.251156774,426.3196452,417.133129,1.850157097,410.4516129,16.01510645,1.804902903,1.617984839,15.82915484,14.13034194,1499.992903,0.692003323,0.307996677,0,2.575212903,0,13718.50323,13609.52581,46.062,47.812,46.937,46.429,45.875,1037.999677,461.9932258,0,1784648831,0,1784644962,09:42:41,1784644962,1784644962,1,-0.033,0.332,-43.902,-4.236,435,15,0.11,0.04,7.21118375,9.908243865,2.849463645,0,2.579738235,0.378601993,0.251182034,1,1.80549225,1.154915685,0.120237581,0,1,3,1/3,2.97433,2.76468,0.106996,0.0990318,0.110271,0.0862103,27573.1,18432.4,31652.5,22286.7,37927.5,27667.8,45459.3,32585.3,1.69638,2.65263,0.151623,0,31.6121,999.9,65.2,32.8,32.2396,61.6171,-100,3,0.315008,0,20.3071,5.21684,12.0336,4.9598,3.301,7700.8,9999,9999,119.8,4.97299,1.87531,1.88156,1.8811,1.87881,1.87449,1.87454,1.87683,0,0,0,0,11111111,oooooooo,on,on,on,on,0,100,100,-43.056,-4.7787,-27.29005241,-0.03980678,1.13121E-05,-1.30028E-09,-1.464801879,-0.229565736,0.008659861,-0.000222848,3,2129,1,23,65.2,65.2,0.157471,4.99878,2.89795,2.90771,2.99805,2.28882,35.9879,15.3053,2,422.497,1363.32,32.6755,31.4813,30.0004,31.1726,31.0245,-1,40,10,-999.9,400,20,99.4693,85.6203
34,1784648997,3966,20260721 10:49:56,10:49:56,15,1784648989,0.001147829,1.147828586,3.979784095,394.4376774,172.186209,17.41264294,39.88822613,0.031147564,2.946087053,0.030965768,0.01936985,266.1513412,35.31275197,34.27780323,5.426364858,33.81012842,1.81198473,5.359295616,3.614380129,-50.61924066,-35.4558557,-2.787878747,177.2883661,4.383736578,1.058708127,3.979784095,409.2186289,402.1466667,0.138037539,66.77097367,1.147828586,16.37460106,18.00362,0.010682476,78.43,0,0,1,0,52152.6264,1500.010323,1273.868616,0.8492399,0.177433006,6,0.5,0: Broadleaf,2,TRUE,1784648989,394.4376774,401.7342903,17.91794516,16.33784839,437.0737742,22.74672258,394.813129,101.0268065,0.10000879,34.05457097,34.27780323,999.9,0,0,9991.977419,0,137.2371613,-7.296563871,401.6342258,408.4067742,1.58010871,401.7342903,16.33784839,1.810192903,1.650559355,15.87502258,14.43906452,1500.010323,0.692003677,0.307996194,0,2.738770968,0,13306.5129,13609.68387,46.262,47.937,47.062,46.562,46.062,1038.011935,461.9980645,0,1784648951,0,1784644962,09:42:41,1784644962,1784644962,1,-0.033,0.332,-43.902,-4.236,435,15,0.11,0.04,-7.00113225,-11.47934713,1.46172097,0,2.721947059,-0.331599704,0.195644791,1,1.593938,-0.119551069,0.033846154,0,1,3,1/3,2.97364,2.76459,0.104594,0.0987433,0.111579,0.0883241,27642.3,18430.9,31647.3,22278.1,37865,27591.8,45451.4,32571.3,1.69393,2.65122,0.148993,0,31.8832,999.9,65.1,33,32.5553,61.9471,-100,3,0.326415,0,20.3072,5.21639,12.0323,4.9598,3.301,7700.8,9999,9999,119.8,4.97303,1.87532,1.88156,1.88109,1.87879,1.87449,1.87454,1.87683,0,0,0,0,11111111,oooooooo,on,on,on,on,0,100,100,-42.652,-4.849,-27.29005241,-0.03980678,1.13121E-05,-1.30028E-09,-1.464801879,-0.229565736,0.008659861,-0.000222848,3,2129,1,23,67.2,67.2,0.157471,4.99878,2.89795,2.90771,2.99805,2.24854,36.1285,15.2791,2,421.833,1363.89,32.7947,31.6057,30.0006,31.2935,31.1436,-1,40,10,-999.9,400,20,99.4524,85.5851
35,1784649117,4086,20260721 10:51:56,10:51:56,15,1784649109,0.00129693,1.29693006,3.633156185,409.8363871,225.533483,22.80851517,41.44732449,0.035317589,2.94864263,0.035084255,0.021948495,266.1482655,35.25760911,34.22593548,5.410716667,33.72173635,1.805658602,5.354583711,3.605058065,-57.19461564,-29.7489207,-2.336345564,176.8683836,4.819848424,1.230893428,3.633156185,420.8574887,417.6884545,-0.366550974,66.77097367,1.29693006,15.91320831,17.85527455,-1.09707E-05,78.43,0,0,1,0,52228.0986,1499.992258,1273.853342,0.849239944,0.177433093,6,0.5,0: Broadleaf,2,TRUE,1784649109,409.8363871,417.9537742,17.85458065,16.01148065,452.9570323,22.6693,393.5488065,101.0313871,0.100005316,34.03879677,34.22593548,999.9,0,0,10006.04452,0,73.08841935,-8.117297,417.2870645,424.7550323,1.84309871,417.9537742,16.01148065,1.803871935,1.617660645,15.82038065,14.12787097,1499.992258,0.692002065,0.307997839,0,2.690780645,0,12856.29032,13609.49032,46.375,48.02,47.20325806,46.671,46.187,1037.997419,461.9948387,0,1784649071,0,1784644962,09:42:41,1784644962,1784644962,1,-0.033,0.332,-43.902,-4.236,435,15,0.11,0.04,-8.194258425,27.34910338,5.087247433,0,2.677467647,0.181563029,0.218298658,1,1.84559075,0.255112233,0.081202278,0,1,3,1/3,2.97283,2.76471,0.10733,0.0997351,0.110885,0.085798,27553.2,18414.1,31642.6,22282.8,37888.9,27675.6,45443.9,32580.1,1.69185,2.65027,0.150427,0,31.7941,999.9,63.9,33.1,32.1341,61.8572,-100,3,0.337414,0,20.3072,5.21624,12.033,4.9597,3.301,7700.8,9999,9999,119.8,4.97301,1.87531,1.88156,1.88109,1.87877,1.87444,1.87454,1.87683,0,0,0,0,11111111,oooooooo,on,on,on,on,0,100,100,-43.123,-4.8137,-27.29005241,-0.03980678,1.13121E-05,-1.30028E-09,-1.464801879,-0.229565736,0.008659861,-0.000222848,3,2129,1,23,69.2,69.2,0.157471,4.99878,2.89795,2.90649,2.99805,2.26807,36.2694,15.2615,2,421.398,1365.02,32.8876,31.7448,30.0004,31.4178,31.2569,-1,40,10,-999.9,400,20,99.4367,85.6061
36,1784649237,4206,20260721 10:53:56,10:53:56,15,1784649229,0.001218382,1.218381941,3.750920357,407.6840323,206.4561486,20.87932463,41.22990434,0.032973497,2.94743687,0.032769929,0.020499391,266.1485285,35.33220912,34.26167419,5.421494614,33.43283583,1.795584101,5.370720301,3.625910513,-53.7306436,-26.83960955,-2.109647734,183.4686276,-3.381990816,1.298590352,3.750920357,406.588903,407.2423879,-0.963377415,66.77097367,1.218381941,15.79609232,17.68256788,-0.008130926,78.43,0,0,1,0,52184.63528,1499.996129,1273.85641,0.849239798,0.17743281,6,0.5,0: Broadleaf,2,TRUE,1784649229,407.6840323,403.3403226,17.75485484,15.81255806,450.7371613,22.54777097,394.0285806,101.0320645,0.099942329,34.09276774,34.26167419,999.9,0,0,9999.124839,0,52.97347097,4.34380671,415.0535161,409.8205806,1.942300645,403.3403226,15.81255806,1.79381129,1.597576129,15.73291935,13.93544194,1499.996129,0.692006677,0.30799329,0,2.684158065,0,12649.74516,13609.55806,46.391,48.05,47.25,46.625,46.187,1038.007419,461.9887097,0,1784649191,0,1784644962,09:42:41,1784644962,1784644962,1,-0.033,0.332,-43.902,-4.236,435,15,0.11,0.04,4.288236537,-7.713741345,2.024277407,0,2.670520588,-0.233006877,0.177807511,1,1.954557561,-0.315199861,0.039206083,0,1,3,1/3,2.97226,2.76458,0.105428,0.0982163,0.110147,0.0859249,27608.5,18445.7,31639,22283.7,37916.7,27672,45439.2,32580.6,1.6901,2.64885,0.15736,0,31.7155,999.9,63.2,33.2,31.962,62.1572,-100,3,0.341621,0,20.3073,5.21639,12.0329,4.9597,3.301,7700.8,9999,9999,119.9,4.97303,1.87533,1.88156,1.88109,1.87881,1.87449,1.87454,1.87683,0,0,0,0,11111111,oooooooo,on,on,on,on,0,100,100,-42.802,-4.7764,-27.29005241,-0.03980678,1.13121E-05,-1.30028E-09,-1.464801879,-0.229565736,0.008659861,-0.000222848,3,2129,1,23,71.2,71.2,0.157471,4.99878,2.89795,2.90649,2.99805,2.30835,36.34,15.2353,2,420.825,1364.45,32.9165,31.8111,30.0001,31.4881,31.3274,-1,40,10,-999.9,400,20,99.426,85.6083
37,1784649357,4326,20260721 10:55:56,10:55:56,15,1784649349,0.000983255,0.983254773,3.453876728,423.8752258,194.900404,19.71069944,42.86741846,0.026371967,2.947610001,0.026241584,0.016412651,266.1482876,35.46427676,34.32543871,5.440770852,33.13701929,1.786822305,5.392223994,3.653948547,-43.36153547,-25.57963343,-2.011823206,195.1952955,2.910927664,1.010899327,3.453876728,432.5744135,429.8430909,-0.391672305,66.77097367,0.983254773,16.16461515,17.64711212,-0.000782802,78.43,0,0,1,0,52177.37933,1500.00129,1273.860194,0.849239399,0.177432039,6,0.5,0: Broadleaf,2,TRUE,1784649349,423.8752258,428.9792903,17.66819032,16.15040323,467.4335161,22.44226774,392.5604194,101.0321935,0.099969526,34.16447097,34.32543871,999.9,0,0,10000.09581,0,66.85162258,-5.103939677,431.4990968,436.021129,1.517769355,428.9792903,16.15040323,1.785055161,1.631710645,15.65653226,14.26157742,1500.00129,0.692020935,0.307979065,0,2.715309677,0,12598.42581,13609.66452,46.437,48.062,47.312,46.651,46.23780645,1038.030968,461.9703226,0,1784649311,0,1784644962,09:42:41,1784644962,1784644962,1,-0.033,0.332,-43.902,-4.236,435,15,0.11,0.04,-7.64481725,45.73308597,4.666102619,0,2.740261765,-0.171020629,0.201106167,1,1.5060735,0.162415385,0.03530612,0,1,3,1/3,2.97063,2.76474,0.109507,0.10299,0.110002,0.0874627,27483.5,18345.1,31640.2,22280.2,37924.5,27620.6,45441,32574.8,1.68662,2.65118,0.156328,0,31.777,999.9,63.5,33.3,32.296,61.9772,-100,3,0.34298,0,20.3069,5.21534,12.0324,4.9598,3.301,7700.8,9999,9999,119.9,4.973,1.87531,1.88156,1.88108,1.87877,1.87448,1.87454,1.87683,0,0,0,0,11111111,oooooooo,on,on,on,on,0,100,100,-43.502,-4.7694,-27.29005241,-0.03980678,1.13121E-05,-1.30028E-09,-1.464801879,-0.229565736,0.008659861,-0.000222848,3,2129,1,23,73.2,73.2,0.15625,4.99878,2.89795,2.90649,2.99805,2.31689,36.3871,15.2353,2,419.104,1368.86,32.9575,31.8385,30.0001,31.5289,31.3706,-1,40,10,-999.9,400,20,99.4298,85.5938
38,1784649477,4446,20260721 10:57:56,10:57:56,15,1784649469,0.000797043,0.797042575,3.724197713,442.7580645,141.0754451,14.26712514,44.7766421,0.021056897,2.947205331,0.020973673,0.013115995,266.1478944,35.6249135,34.4586129,5.48122216,32.72889813,1.775923412,5.426163155,3.705298749,-35.14957757,-28.83489886,-2.270882713,199.8925353,5.194237758,0.813637014,3.724197713,459.7309045,452.7209576,0.180438013,66.77097367,0.797042575,16.36987686,17.56700485,0.000179538,78.43,0,0,1,0,52146.72397,1499.99871,1273.858035,0.849239421,0.177432082,6,0.5,0: Broadleaf,2,TRUE,1784649469,442.7580645,451.2599355,17.56059355,16.33708387,486.8982258,22.31157419,391.9948065,101.0311613,0.100010994,34.27713548,34.4586129,999.9,0,0,9997.89871,0,91.95875484,-8.501855323,450.6720323,458.7546129,1.223499677,451.2599355,16.33708387,1.774167742,1.650556452,15.56103871,14.43906452,1499.99871,0.692018,0.307982,0,2.7188,0,12598.75484,13609.62903,46.47154839,48.125,47.31606452,46.69512903,46.266,1038.028065,461.9706452,0,1784649431,0,1784644962,09:42:41,1784644962,1784644962,1,-0.033,0.332,-43.902,-4.236,435,15,0.11,0.04,-8.640325375,5.968988386,4.112883634,0,2.724741176,0.133934299,0.202421625,1,1.240558,-0.358914597,0.035430025,0,1,3,1/3,2.97078,2.76444,0.113494,0.105019,0.109668,0.0880906,27363.1,18303,31643.3,22279.5,37943.1,27600.5,45446,32573.5,1.6865,2.64687,0.161935,0,31.8361,999.9,63.7,33.4,32.5765,61.8572,-100,3,0.34143,0,20.3072,5.21639,12.0327,4.9598,3.301,7700.8,9999,9999,119.9,4.97299,1.87532,1.88156,1.88109,1.87877,1.87448,1.87454,1.87683,0,0,0,0,11111111,oooooooo,on,on,on,on,0,100,100,-44.192,-4.7525,-27.29005241,-0.03980678,1.13121E-05,-1.30028E-09,-1.464801879,-0.229565736,0.008659861,-0.000222848,3,2129,1,23,75.2,75.2,0.15625,4.99878,2.89795,2.90649,2.99805,2.26929,36.4578,15.209,2,419.082,1362.83,33.0277,31.8329,30,31.5372,31.3859,-1,40,10,-999.9,400,20,99.4403,85.5906
39,1784650211,5180.1,20260721 11:10:10,11:10:10,15,1784650203,-0.000133283,-0.133283062,1.009274787,429.7733667,871.1563505,88.0871264,43.45660897,-0.003342516,2.947168357,-0.003344624,-0.0020902,266.1481778,35.79386522,34.75774667,5.573037713,31.23622085,1.688285352,5.404896323,3.88475236,5.877783028,-87.56885965,-6.904244341,177.5528568,1.181250772,-0.08883197,1.009274787,441.5337433,437.6989939,0.32870925,66.76166567,-0.133283062,16.90751204,16.70231879,0.000239672,78.43,0,0,1,0,52157.30691,1499.997333,1273.85714,0.849239603,0.177432434,6,0.5,0: Broadleaf,2,TRUE,1784650203,429.7733667,431.5463,16.69665667,16.83213667,473.5141,21.27110667,386.8413333,101.0151667,0.100007837,34.20661,34.75774667,999.9,0,0,9999.271667,0,449.2263333,-1.7729733,437.0709667,438.9346667,-0.135478647,431.5463,16.83213667,1.686617667,1.700303,14.7738,14.89913,1499.997333,0.6920131,0.3079869,0,2.662546667,0,1247.662333,13609.62,46.8498,48.65393333,47.687,47.25,46.687,1038.018,461.9793333,0,1784650164,0,1784644962,09:42:41,1784644962,1784644962,1,-0.033,0.332,-43.902,-4.236,435,15,0.11,0.04,0.121211775,-36.16649711,4.273047283,0,2.642111765,-0.016629482,0.162690431,1,-0.103058745,-0.561148338,0.057682825,0,1,3,1/3,2.96556,2.76478,0.110969,0.105239,0.105946,0.0902947,27435.4,18291.1,31638.1,22271.3,38098.1,27522.3,45440.2,32560.4,1.6734,2.64383,0.122525,0,32.8009,999.9,63.1,34,33.3771,61.7664,-100,3,0.362393,0,20.308,5.21669,12.0336,4.95975,3.301,7700.8,9999,9999,120.1,4.97299,1.87538,1.88156,1.8811,1.87881,1.87452,1.87454,1.87683,0,0,0,0,11111111,oooooooo,on,on,on,on,0,100,100,-43.773,-4.576,-27.29005241,-0.03980678,1.13121E-05,-1.30028E-09,-1.464801879,-0.229565736,0.008659861,-0.000222848,3,2129,1,23,87.5,87.5,0.157471,4.99878,2.89795,2.90527,2.99805,2.30469,37.0986,15.1215,2,413.249,1364.13,33.3806,32.1103,30.0001,31.7988,31.6495,-1,40,10,-999.9,400,20,99.4262,85.5574
40,1784650383,5352.1,20260721 11:13:02,11:13:02,15,1784650375,0.004410917,4.410917256,7.116032097,415.9797,315.2670066,31.87782308,42.0612592,0.141841681,2.94657349,0.138154714,0.086669973,266.1468045,34.94193,34.47197333,5.485294749,43.31066691,2.382599451,5.501183937,3.102695298,-194.521451,8.267378584,0.652061599,80.54479371,-0.799793245,4.683520751,7.116032097,419.0485734,417.0625697,-1.355739211,66.75942679,4.410917256,16.28899009,23.28948424,-0.038273004,78.43,0,0,1,0,52086.54955,1499.989333,1273.85037,0.849239619,0.177432465,6,0.5,0: Broadleaf,2,TRUE,1784650375,415.9797,417.7640333,23.56356,16.45833333,458.5396333,28.21868667,386.1799667,101.0136667,0.100063653,34.52401667,34.47197333,999.9,0,0,9996.040333,0,305.889,-1.784500033,426.0188,424.7559333,7.105220667,417.7640333,16.45833333,2.38024,1.662515,20.22962667,14.55021333,1499.989333,0.6920128,0.3079872,0,2.71989,0,15153.44667,13609.54333,47.00413333,48.687,47.80786667,47.37913333,46.8708,1038.011667,461.9776667,0,1784650337,0,1784650356,11:12:35,1784650356,1784650347,3,-0.091,0.025,-43.394,-4.345,443,17,0.18,0.01,-5.582227829,57.96421637,6.155145641,0,2.704397059,0.343692898,0.213970084,1,7.081965366,0.271549547,0.049247602,0,1,3,1/3,2.96521,2.76465,0.10651,0.0983705,0.128077,0.0875259,27568,18437.3,31632.3,22278.5,37142.1,27616.6,45429.9,32573,1.67677,2.64625,0.137277,0,32.2501,999.9,61.7,34.2,33.0022,61.5464,16.6787,3,0.368991,0,20.3079,5.21594,12.0333,4.95975,3.301,7700.8,9999,9999,120.2,4.97303,1.87533,1.88156,1.8811,1.87881,1.87451,1.87454,1.87683,0,0,0,0,11111111,oooooooo,on,on,on,on,0,100,100,-42.269,-4.6551,-26.56035854,-0.03980678,1.13121E-05,-1.30028E-09,-4.655132489,0,0,0,3,2129,1,23,0.5,0.6,0.157471,4.99878,2.89795,2.90405,2.99805,2.30469,37.3378,15.0864,2,415.642,1369.38,33.4539,32.194,30.0002,31.8857,31.7254,-1,40,10,-999.9,400,20,99.4053,85.5884
41,1784650618,5587.1,20260721 11:16:57,11:16:57,15,1784650610,0.00289989,2.899889677,7.662222124,414.1482903,244.6628794,24.74009776,41.87831522,0.082432864,2.947655287,0.08117327,0.05084486,266.1574843,35.6775341,34.98345484,5.643198283,38.6988643,2.170316647,5.608217931,3.472881636,-127.8851348,-17.83425089,-1.411998255,119.0261003,10.03256599,2.962799314,7.662222124,443.4044486,426.5233758,0.709501529,66.76257936,2.899889677,17.05594821,21.44803939,-0.000102961,78.43,0,0,1,0,52058.60893,1500.045806,1273.898671,0.849239847,0.177432904,6,0.5,0: Broadleaf,2,TRUE,1784650610,414.1482903,431.5722903,21.46296774,16.97650323,456.6512903,26.11810645,387.7274194,101.019129,0.100001971,34.87122903,34.98345484,999.9,0,0,10001.64645,0,156.2282935,-17.42402903,423.2320645,439.0258387,4.48646,431.5722903,16.97650323,2.168170968,1.714953226,18.72904194,15.03232258,1500.045806,0.692004613,0.307995387,0,2.492593548,0,14122.65806,13610.00323,47.25,48.82012903,48.04,47.5,47,1038.039355,462.0064516,0,1784650572,0,1784650356,11:12:35,1784650356,1784650347,3,-0.091,0.025,-43.394,-4.345,443,17,0.18,0.01,-17.5907675,-29.54261426,5.767666196,0,2.501702941,0.742971736,0.224859932,1,4.49425375,-0.480917111,0.073578164,0,1,3,1/3,2.96624,2.76479,0.108533,0.105648,0.12221,0.0912828,27493.1,18275.1,31618.9,22263,37376.1,27483.1,45408.1,32549.8,1.67542,2.63805,0.143103,0,32.6919,999.9,62.3,34.5,33.882,61.5965,-100,3,0.38704,0,20.308,5.21684,12.0335,4.9598,3.301,7700.8,9999,9999,120.2,4.97306,1.87543,1.88157,1.8811,1.8788,1.87453,1.87454,1.87684,0,0,0,0,11111111,oooooooo,on,on,on,on,0,100,100,-42.625,-4.6551,-26.56035854,-0.03980678,1.13121E-05,-1.30028E-09,-4.655132489,0,0,0,3,2129,1,23,4.4,4.5,0.15625,4.99878,2.89795,2.90405,2.99805,2.28394,37.6745,15.0602,2,415.917,1361.25,33.6277,32.3887,30.0004,32.0646,31.9092,-1,40,10,-999.9,400,20,99.3599,85.5278
42,1784650738,5707.1,20260721 11:18:57,11:18:57,15,1784650730,0.002934287,2.934286991,6.064552459,409.4092581,269.4784708,27.24820386,41.39724741,0.081796489,2.948560304,0.080556484,0.050457646,266.1461339,35.82385529,35.21177097,5.714949313,38.45908877,2.17553543,5.656752408,3.539413883,-129.4020563,-29.40708931,-2.331899727,105.0050886,11.45660972,2.877050557,6.064552459,437.4943205,423.7152606,0.618167136,66.76257936,2.934286991,17.05729451,21.51613758,-0.000598784,78.43,0,0,1,0,52057.89061,1499.985806,1273.847352,0.849239604,0.177432435,6,0.5,0: Broadleaf,2,TRUE,1784650730,409.4092581,429.0093226,21.51554516,17.14836774,451.7639677,26.17067419,386.7691613,101.0146452,0.099940297,35.02677742,35.21177097,999.9,0,0,10007.23484,0,191.0921935,-19.5999871,418.4117097,436.4944516,4.367177097,429.0093226,17.14836774,2.173384194,1.732236129,18.76745484,15.1881871,1499.985806,0.692012806,0.307987194,0,2.607722581,0,13817.83871,13609.50323,47.375,49.046,48.20325806,47.665,47.161,1038.01,461.9758065,0,1784650692,0,1784650356,11:12:35,1784650356,1784650347,3,-0.091,0.025,-43.394,-4.345,443,17,0.18,0.01,-20.56355854,28.61321603,3.712688365,0,2.566532353,0.807833459,0.231450705,1,4.288772439,1.476101185,0.151286381,0,1,3,1/3,2.9648,2.76474,0.107877,0.102687,0.122369,0.0906082,27509.3,18335,31614.8,22262.6,37364.5,27503,45401.7,32549.4,1.67195,2.63455,0.139389,0,32.9786,999.9,61.9,34.6,33.8527,61.8065,-100,3,0.397792,0,20.3077,5.21669,12.0336,4.95975,3.301,7700.8,9999,9999,120.3,4.97306,1.87545,1.88157,1.8811,1.87881,1.87454,1.87454,1.87684,0,0,0,0,11111111,oooooooo,on,on,on,on,0,100,100,-42.52,-4.6552,-26.56035854,-0.03980678,1.13121E-05,-1.30028E-09,-4.655132489,0,0,0,3,2129,1,23,6.4,6.5,0.157471,4.99878,2.89795,2.90527,2.99805,2.29126,37.7953,15.0339,2,414.648,1358.54,33.7675,32.5159,30.0005,32.1838,32.0225,-1,40,10,-999.9,400,20,99.3464,85.5268
43,1784650858,5827.1,20260721 11:20:57,11:20:57,15,1784650850,0.002970597,2.970597159,5.706019337,395.334129,262.2561494,26.5129724,39.96658563,0.081401134,2.947575071,0.080172586,0.050216702,266.1480383,35.95607426,35.39441613,5.77291719,38.13766426,2.174297458,5.701181496,3.598619732,-131.0033347,-35.95510635,-2.856593561,96.3330037,8.989429039,2.906783858,5.706019337,417.1502509,406.7689818,0.199966676,66.76257936,2.970597159,17.02567227,21.53663939,0.000610604,78.43,0,0,1,0,52005.68174,1499.996452,1273.8564,0.849239609,0.177432445,6,0.5,0: Broadleaf,2,TRUE,1784650850,395.334129,411.085871,21.50731613,17.08833871,437.2457742,26.16244516,386.1889032,100.9956774,0.100035545,35.16815484,35.39441613,999.9,0,0,10003.5129,0,213.8296774,-15.75169032,404.0236452,418.2326774,4.41898129,411.085871,17.08833871,2.172144516,1.725847742,18.75832903,15.13083548,1499.996452,0.692013,0.307987,0,2.4646,0,13705.76774,13609.6,47.546,49.2113871,48.37093548,47.8506129,47.32012903,1038.017097,461.9793548,0,1784650812,0,1784650356,11:12:35,1784650356,1784650347,3,-0.091,0.025,-43.394,-4.345,443,17,0.18,0.01,-14.963135,-7.581196998,2.325721729,0,2.525964706,-0.272482814,0.281997518,1,4.404797,0.587208856,0.064087624,0,1,3,1/3,2.96502,2.76451,0.10479,0.101024,0.122388,0.0903584,27601.4,18368.5,31611.8,22262.4,37360.4,27510.3,45397.4,32549.5,1.6716,2.6345,0.142608,0,33.0998,999.9,61.3,34.7,33.7179,61.6865,-100,3,0.406532,0,20.3075,5.21609,12.033,4.9598,3.301,7700.8,9999,9999,120.3,4.97305,1.8754,1.88156,1.8811,1.8788,1.87454,1.87454,1.87683,0,0,0,0,11111111,oooooooo,on,on,on,on,0,100,100,-42,-4.6551,-26.56035854,-0.03980678,1.13121E-05,-1.30028E-09,-4.655132489,0,0,0,3,2129,1,23,8.4,8.5,0.15625,4.99878,2.89795,2.90161,2.99805,2.29736,37.9406,15.0164,2,415.073,1360.68,33.9222,32.6343,30.0005,32.2921,32.1264,-1,40,10,-999.9,400,20,99.3369,85.5265
44,1784650978,5947.1,20260721 11:22:57,11:22:57,15,1784650970,0.002954694,2.9546943,7.008420592,404.026129,241.3653713,24.39966211,40.84306286,0.079318014,2.947502727,0.078151026,0.04894781,266.1493297,36.19972039,35.62411935,5.846545174,37.66952324,2.176240751,5.777192181,3.670304423,-130.3020186,-34.37080481,-2.737030899,98.73947533,11.19766296,2.900243478,7.008420592,439.1243398,419.4740242,1.252955174,66.76257936,2.9546943,17.30667615,21.65116121,0.019592026,78.43,0,0,1,0,51963.10257,1499.990968,1273.852916,0.849240391,0.177433955,6,0.5,0: Broadleaf,2,TRUE,1784650970,404.026129,423.2880323,21.52772258,17.10863871,446.2117742,26.18285484,385.3026452,100.9901613,0.099990868,35.40782258,35.62411935,999.9,0,0,10003.64806,0,286.8690968,-19.26199355,412.9152903,430.6565484,4.419094194,423.2880323,17.10863871,2.174089355,1.727803871,18.77259677,15.14813871,1499.990968,0.691987419,0.308012581,0,2.4529,0,13996.40645,13609.42581,47.687,49.45125806,48.5,48.008,47.48577419,1037.974194,462.0167742,0,1784650932,0,1784650356,11:12:35,1784650356,1784650347,3,-0.091,0.025,-43.394,-4.345,443,17,0.18,0.01,-17.10575525,-47.78972634,5.922461687,0,2.482429412,0.173610386,0.22233087,1,4.45250975,-0.782600038,0.087004356,0,1,3,1/3,2.96395,2.76468,0.107041,0.101858,0.122765,0.0912591,27526.9,18347.3,31606.5,22257.8,37338.1,27476.5,45389.3,32541.9,1.66865,2.63365,0.137914,0,33.4197,999.9,61.1,34.9,33.9835,61.4465,-100,3,0.41626,0,20.3079,5.21564,12.0314,4.95965,3.301,7700.8,9999,9999,120.3,4.97296,1.87545,1.88156,1.8811,1.8788,1.87454,1.87454,1.87683,0,0,0,0,11111111,oooooooo,on,on,on,on,0,100,100,-42.39,-4.6552,-26.56035854,-0.03980678,1.13121E-05,-1.30028E-09,-4.655132489,0,0,0,3,2129,1,23,10.4,10.5,0.15625,4.99878,2.89795,2.90039,2.99805,2.31689,38.0863,15.0076,2,414.096,1362,34.1053,32.7606,30.0004,32.4116,32.2429,-1,40,10,-999.9,400,20,99.3197,85.5075
45,1784651098,6067.1,20260721 11:24:57,11:24:57,15,1784651090,0.002999237,2.999237026,7.660133937,412.9534194,239.4622241,24.20689322,41.74486963,0.080704258,2.947063723,0.079496281,0.049792201,266.1514168,36.30738094,35.71691935,5.876521427,38.09438553,2.215294327,5.815277752,3.661227101,-132.2663528,-30.19374917,-2.40723776,101.284077,20.11449337,2.872673473,7.660133937,467.3957699,437.8643152,2.541238387,66.76257936,2.999237026,17.69327385,22.07997636,0.023713541,78.43,0,0,1,0,51930.59108,1500.003226,1273.863281,0.849240361,0.177433896,6,0.5,0: Broadleaf,2,TRUE,1784651090,412.9534194,446.1939032,21.91439032,17.52973871,455.4184839,26.56951935,384.4849032,100.9885806,0.099986916,35.52688065,35.71691935,999.9,0,0,10001.30935,0,222.244871,-33.24047419,422.2067419,454.1570323,4.384650645,446.1939032,17.52973871,2.213101613,1.770302903,19.05735484,15.52655484,1500.003226,0.691987903,0.308012097,0,2.540793548,0,14048.6,13609.53548,47.875,49.641,48.687,48.23374194,47.661,1037.984194,462.0190323,0,1784651052,0,1784650356,11:12:35,1784650356,1784650347,3,-0.091,0.025,-43.394,-4.345,443,17,0.18,0.01,-28.9454475,-84.83499625,10.2569718,0,2.564085294,-0.371653168,0.249579978,1,4.43524625,-1.015678086,0.11204899,0,1,3,1/3,2.96264,2.76461,0.110345,0.108631,0.124115,0.0927931,27420.4,18203.9,31601.7,22252.1,37275.2,27423.1,45382.3,32533.5,1.66495,2.62777,0.131883,0,33.5915,999.9,61.5,35,34.4014,61.6566,-100,3,0.424101,0,20.3075,5.21534,12.0333,4.9594,3.301,7700.8,9999,9999,120.4,4.97297,1.87546,1.88157,1.8811,1.87877,1.87453,1.87454,1.87683,0,0,0,0,11111111,oooooooo,on,on,on,on,0,100,100,-42.962,-4.6551,-26.56035854,-0.03980678,1.13121E-05,-1.30028E-09,-4.655132489,0,0,0,3,2129,1,23,12.4,12.5,0.15625,4.99878,2.89795,2.90039,2.99805,2.30957,38.2568,14.9814,2,412.622,1355.52,34.2593,32.8722,30.0003,32.518,32.3463,-1,40,10,-999.9,400,20,99.3045,85.4855
46,1784651218,6187.1,20260721 11:26:57,11:26:57,15,1784651210,0.002957307,2.957306504,6.710689495,416.6043226,258.1493478,26.09530828,42.11290216,0.078825304,2.946504698,0.077672272,0.04864736,266.148686,36.40144626,35.81353871,5.907873205,37.89296583,2.213716573,5.842025096,3.694156631,-130.4172168,-32.31817531,-2.579352517,100.8339414,5.320331862,3.028037531,6.710689495,433.0342162,424.0593212,-0.24978286,66.76257936,2.957306504,17.23268191,21.83278424,-0.009109766,78.43,0,0,1,0,51900.71923,1499.992903,1273.854048,0.84924005,0.177433297,6,0.5,0: Broadleaf,2,TRUE,1784651210,416.6043226,426.9040968,21.89931935,17.26457097,459.183871,26.55445484,383.4157097,100.9860645,0.100025765,35.61009032,35.81353871,999.9,0,0,9998.381613,0,188.3874194,-10.29996355,425.931871,434.4039032,4.634747097,426.9040968,17.26457097,2.211526452,1.743482258,19.04604194,15.28906129,1499.992903,0.691998935,0.308001065,0,2.499487097,0,13673.74839,13609.50323,47.937,49.74187097,48.812,48.24187097,47.75,1037.992581,462.0003226,0,1784651172,0,1784650356,11:12:35,1784650356,1784650347,3,-0.091,0.025,-43.394,-4.345,443,17,0.18,0.01,-9.4706835,-20.69829794,2.262386135,0,2.543755882,-0.153187164,0.207945738,1,4.6279555,0.03991272,0.021190054,1,2,3,2/3,2.96188,2.76459,0.107764,0.103142,0.123235,0.0912262,27495.7,18317.4,31597.3,22254,37308.3,27473.2,45376.4,32537,1.66308,2.6299,0.133719,0,33.6762,999.9,60.5,35.2,34.2116,61.7766,-100,3,0.433707,0,20.3074,5.21594,12.032,4.9597,3.301,7700.8,9999,9999,120.4,4.97301,1.87546,1.88157,1.8811,1.87879,1.87454,1.87454,1.87684,0,0,0,0,11111111,oooooooo,on,on,on,on,0,100,100,-42.524,-4.6551,-26.56035854,-0.03980678,1.13121E-05,-1.30028E-09,-4.655132489,0,0,0,3,2129,1,23,14.4,14.5,0.15625,4.99878,2.89795,2.90039,2.99805,2.29736,38.4524,14.9638,2,412.175,1361.08,34.367,32.9807,30.0006,32.625,32.4565,-1,40,10,-999.9,400,20,99.2912,85.494
47,1784651338,6307.5,20260721 11:28:58,11:28:58,15,1784651330,0.002414136,2.414136243,6.429521775,417.6311613,228.3879058,23.08588994,42.21496315,0.061557778,2.947732802,0.060852434,0.03809547,266.1517538,36.6869426,36.01203548,5.972739152,36.05197532,2.123210581,5.889304433,3.849528571,-106.4634083,-40.63024988,-3.246831493,115.8112641,3.791146922,2.531729975,6.429521775,431.996012,423.7768242,-0.296130688,66.76257936,2.414136243,17.11707334,20.91070606,-0.011214918,78.43,0,0,1,0,51910.77836,1500.017742,1273.874448,0.849239587,0.177432404,6,0.5,0: Broadleaf,2,TRUE,1784651330,417.6311613,425.2276452,21.00484839,17.12150968,460.2429032,25.65999032,382.9516129,100.9819677,0.099960671,35.75636774,36.01203548,999.9,0,0,10005.76774,0,141.656,-7.596435161,426.5918065,432.6350323,3.883345484,425.2276452,17.12150968,2.121109677,1.728962903,18.37853548,15.15891935,1500.017742,0.692013,0.307987,0,2.531229032,0,13257.05161,13609.78387,48.07012903,49.812,48.937,48.375,47.875,1038.032903,461.9848387,0,1784651292,0,1784650356,11:12:35,1784650356,1784650347,3,-0.091,0.025,-43.394,-4.345,443,17,0.18,0.01,-8.466083659,3.586637081,2.359520195,0,2.531105882,-0.622368218,0.211986394,1,3.926080732,-0.933307409,0.092706711,0,1,3,1/3,2.96093,2.76452,0.107732,0.102504,0.120202,0.0907776,27492.6,18330.4,31593.1,22254.4,37433,27487,45370.3,32537.5,1.65995,2.6255,0.138611,0,33.7729,999.9,59.8,35.4,34.1952,61.6466,-100,3,0.443046,0,20.3073,5.2134,12.0338,4.95935,3.301,7700.8,9999,9999,120.4,4.97294,1.87546,1.88157,1.8811,1.87881,1.87454,1.87454,1.87683,0,0,0,0,11111111,oooooooo,on,on,on,on,0,100,100,-42.526,-4.6552,-26.56035854,-0.03980678,1.13121E-05,-1.30028E-09,-4.655132489,0,0,0,3,2129,1,23,16.4,16.5,0.15625,4.99878,2.89795,2.90039,2.99805,2.29004,38.6241,14.9463,2,411.063,1356.93,34.5061,33.1007,30.0005,32.7387,32.5666,-1,40,10,-999.9,400,20,99.2779,85.4954
48,1784651458,6427.5,20260721 11:30:58,11:30:58,15,1784651450,0.001798159,1.79815943,5.415296583,435.5943871,215.0251221,21.73607327,44.0325829,0.043833504,2.945868729,0.04347436,0.027203497,266.1461349,37.02876585,36.2234129,6.042493624,34.09580549,2.028339349,5.94894099,4.014154275,-79.29883088,-45.1016581,-3.613342408,138.1323035,7.749623524,1.85571408,5.415296583,459.4981742,447.5744545,0.476642769,66.76257936,1.79815943,17.2825463,20.05005879,-0.000107417,78.43,0,0,1,0,51827.42171,1499.988387,1273.849306,0.849239446,0.17743213,6,0.5,0: Broadleaf,2,TRUE,1784651450,435.5943871,449.0310645,20.06544194,17.2102871,478.7624194,24.72058065,382.1463548,100.9861935,0.100010048,35.93942903,36.2234129,999.9,0,0,9994.755484,0,214.1703548,-13.43669581,444.5136774,456.8942258,2.855149032,449.0310645,17.2102871,2.026332258,1.738000968,17.65161613,15.24001613,1499.988387,0.692017677,0.307982258,0,2.520458065,0,13497.82581,13609.53548,48.187,49.933,49.062,48.5,48,1038.019677,461.9687097,0,1784651412,0,1784650356,11:12:35,1784650356,1784650347,3,-0.091,0.025,-43.394,-4.345,443,17,0.18,0.01,-12.724139,-3.674203227,4.29528772,0,2.541044118,0.15398472,0.194616314,1,2.88742975,-0.769935872,0.080096437,0,1,3,1/3,2.96054,2.76463,0.111942,0.105523,0.117365,0.0909931,27362.1,18268,31592.7,22253.8,37554.1,27479.6,45370.1,32536.6,1.65825,2.62328,0.148922,0,33.8275,999.9,59.4,35.5,34.1534,61.7966,-100,3,0.447764,0,20.3075,5.21729,12.0339,4.9598,3.301,7700.8,9999,9999,120.5,4.97299,1.87546,1.88157,1.8811,1.8788,1.87454,1.87454,1.87687,0,0,0,0,11111111,oooooooo,on,on,on,on,0,100,100,-43.256,-4.6552,-26.56035854,-0.03980678,1.13121E-05,-1.30028E-09,-4.655132489,0,0,0,3,2129,1,23,18.4,18.5,0.15625,4.99878,2.89795,2.90039,2.99805,2.27783,38.7471,14.9113,2,410.557,1355.29,34.6292,33.1778,30.0001,32.8182,32.6446,-1,40,10,-999.9,400,20,99.2771,85.4929
49,1784651578,6547.5,20260721 11:32:58,11:32:58,15,1784651570,0.001512917,1.512916632,4.62191788,423.0401935,193.7121239,19.5813141,42.76285211,0.035706253,2.947082108,0.035467648,0.022188585,266.148459,37.26565621,36.39802903,6.100649487,32.66269316,1.960693142,6.002852037,4.139956345,-66.71962345,-46.78799502,-3.753063852,148.8877767,0.206977109,1.64515445,4.62191788,427.7279267,425.9712485,-0.820054848,66.75796915,1.512916632,16.68482397,19.23849515,-0.027414009,78.43,0,0,1,0,51834.14406,1499.985161,1273.848068,0.849240446,0.177434061,6,0.5,0: Broadleaf,2,TRUE,1784651570,423.0401935,424.4595484,19.39655484,16.86066452,465.8201613,24.05168065,381.698871,100.9845806,0.10002731,36.10354839,36.39802903,999.9,0,0,10001.81,0,171.7195806,-1.419213742,431.4082903,431.7402258,2.535876452,424.4595484,16.86066452,1.95875129,1.702667097,17.11469032,14.91984839,1499.985161,0.691984903,0.308015097,0,2.486003226,0,13211.57419,13609.36774,48.32622581,50.03,49.187,48.625,48.125,1037.967419,462.0177419,0,1784651532,0,1784650356,11:12:35,1784650356,1784650347,3,-0.091,0.025,-43.394,-4.345,443,17,0.18,0.01,-3.018133317,42.61903833,5.215480638,0,2.548005882,-0.33853629,0.208593563,1,2.467820244,1.482150105,0.164756263,0,1,3,1/3,2.96041,2.76461,0.108114,0.0998273,0.114603,0.0888001,27480.2,18389.9,31593,22260.6,37672,27555.4,45370.2,32548,1.6575,2.622,0.151567,0,33.9556,999.9,58.1,35.6,33.5936,61.8266,-100,3,0.449642,0,20.3074,5.21669,12.0336,4.9598,3.301,7700.8,9999,9999,120.5,4.97302,1.87546,1.88158,1.8811,1.87881,1.87454,1.87454,1.87683,0,0,0,0,11111111,oooooooo,on,on,on,on,0,100,100,-42.6,-4.6551,-26.56035854,-0.03980678,1.13121E-05,-1.30028E-09,-4.655132489,0,0,0,3,2129,1,23,20.4,20.5,0.15625,4.99878,2.89795,2.89917,2.99805,2.29248,38.8951,14.885,2,410.402,1354.53,34.7538,33.2163,30.0003,32.8657,32.6946,-1,40,10,-999.9,400,20,99.2776,85.5213
50,1784651698,6667.5,20260721 11:34:58,11:34:58,15,1784651690,0.001216048,1.216047979,4.044532169,420.021129,170.6379214,17.24866708,42.45717811,0.028382595,2.946356368,0.028231572,0.017658234,266.1496489,37.39807817,36.48894516,6.131121061,32.40351969,1.951116031,6.02130895,4.18000503,-53.62771586,-52.33959871,-4.202407018,155.9799274,9.662744913,1.04471053,4.044532169,442.2720185,433.7300606,0.298298236,66.75796915,1.216047979,17.69755511,19.44042788,0.016830312,78.43,0,0,1,0,51804.25135,1500.008065,1273.866029,0.849239454,0.177432145,6,0.5,0: Broadleaf,2,TRUE,1784651690,420.021129,435.9392581,19.30203548,17.68754516,462.7072258,23.95717419,380.7562581,100.9834194,0.100014723,36.15944194,36.48894516,999.9,0,0,9997.800645,0,408.9609355,-15.91802258,428.2885806,443.7889032,1.614485484,435.9392581,17.68754516,1.949185484,1.786148387,17.03732581,15.66606129,1500.008065,0.692017194,0.307982806,0,2.55246129,0,13982.49032,13609.73226,48.375,50.11687097,49.276,48.625,48.187,1038.032903,461.9751613,0,1784651652,0,1784650356,11:12:35,1784650356,1784650347,3,-0.091,0.025,-43.394,-4.345,443,17,0.18,0.01,-19.45445195,64.75121143,7.533272329,0,2.538641176,-0.362187925,0.2073361,1,1.607983415,0.321763902,0.066341113,0,1,3,1/3,2.95946,2.76459,0.109559,0.103273,0.115331,0.0927344,27436.4,18311.2,31594,22250.6,37642.3,27422.1,45371.6,32531,1.65473,2.62595,0.152163,0,34.0506,999.9,59.2,35.8,34.6076,61.8866,-100,3,0.450963,0,20.3073,5.21624,12.0339,4.9598,3.301,7700.8,9999,9999,120.5,4.97298,1.87546,1.8816,1.8811,1.8788,1.87454,1.87454,1.87688,0,0,0,0,11111111,oooooooo,on,on,on,on,0,100,100,-42.85,-4.6551,-26.56035854,-0.03980678,1.13121E-05,-1.30028E-09,-4.655132489,0,0,0,3,2129,1,23,22.4,22.5,0.15625,4.99878,2.89795,2.90039,2.99805,2.29736,39.0188,14.8763,2,409.053,1361.22,34.8387,33.2441,30.0003,32.9023,32.7361,-1,40,10,-999.9,400,20,99.2808,85.4793
51,1784651818,6787.5,20260721 11:36:58,11:36:58,15,1784651810,0.000966662,0.966662131,3.470952041,407.9261935,135.2068842,13.66630839,41.23196237,0.021981305,2.947958139,0.021890654,0.013689772,266.149528,37.65919998,36.71383871,6.207065182,31.59412853,1.923148365,6.087043556,4.283916817,-42.6298,-56.66378557,-4.556457504,162.2994849,4.213623943,0.989493493,3.470952041,421.7856814,416.2294182,-0.002356053,66.75796915,0.966662131,17.54536949,19.03891273,0.000273876,78.43,0,0,1,0,51816.19811,1499.996774,1273.857416,0.849240104,0.1774334,6,0.5,0: Broadleaf,2,TRUE,1784651810,407.9261935,415.2093548,19.02656452,17.49545806,450.2343871,23.68170645,380.3785806,100.9770645,0.099951426,36.35730645,36.71383871,999.9,0,0,10007.53484,0,427.1514194,-7.283294194,415.8380645,422.6030323,1.531106129,415.2093548,17.49545806,1.921246452,1.76664,16.80982258,15.49467097,1499.996774,0.691997065,0.308002935,0,2.5176,0,14027.23548,13609.52258,48.506,50.292,49.375,48.768,48.312,1037.992581,462.0041935,0,1784651772,0,1784650356,11:12:35,1784650356,1784650347,3,-0.091,0.025,-43.394,-4.345,443,17,0.18,0.01,-7.6680905,9.973258762,1.227858578,0,2.500605882,-0.336479757,0.197715974,1,1.554188,-0.564697936,0.055847221,0,1,3,1/3,2.95857,2.76452,0.106451,0.100554,0.113941,0.0926163,27529,18365.8,31590.6,22249.7,37697.4,27424.4,45366.5,32529.7,1.65222,2.62245,0.146076,0,34.3754,999.9,58.8,35.9,34.5655,61.6466,-100,3,0.457426,0,20.3072,5.21654,12.0339,4.95975,3.301,7700.8,9999,9999,120.6,4.973,1.87546,1.88158,1.8811,1.87881,1.87454,1.87453,1.87684,0,0,0,0,11111111,oooooooo,on,on,on,on,0,100,100,-42.321,-4.6551,-26.56035854,-0.03980678,1.13121E-05,-1.30028E-09,-4.655132489,0,0,0,3,2129,1,23,24.4,24.5,0.15625,4.99878,2.89795,2.90039,2.99805,2.27295,39.2422,14.85,2,408.039,1357.6,34.977,33.3184,30.0005,32.9713,32.8081,-1,40,10,-999.9,400,20,99.2698,85.4758
52,1784651938,6907.5,20260721 11:38:58,11:38:58,15,1784651930,0.000822961,0.822961336,2.85934005,429.0239032,156.6561908,15.83473977,43.36554992,0.018266346,2.946526316,0.018203668,0.011382906,266.1494386,37.87310675,36.8946,6.268697121,30.64168053,1.883307299,6.146227188,4.385389821,-36.29259494,-57.30293468,-4.618079419,167.9358296,0.775199196,0.906080278,2.85934005,436.9565379,434.7346,-0.344817871,66.75796915,0.822961336,17.20365511,18.55248182,-0.008791437,78.43,0,0,1,0,51746.29949,1499.995161,1273.856148,0.849240172,0.177433531,6,0.5,0: Broadleaf,2,TRUE,1784651930,429.0239032,430.8649032,18.63192903,17.22547419,471.9892581,23.28704839,379.336,100.9795806,0.09998531,36.53387097,36.8946,999.9,0,0,9999.146452,0,236.2806129,-1.840971935,437.1693548,438.416871,1.406443548,430.8649032,17.22547419,1.881442903,1.739420323,16.48031935,15.25276774,1499.995161,0.691994097,0.308005903,0,2.518716129,0,13492.35484,13609.50645,48.679,50.4756129,49.536,48.9756129,48.47154839,1037.988065,462.0070968,0,1784651892,0,1784650356,11:12:35,1784650356,1784650347,3,-0.091,0.025,-43.394,-4.345,443,17,0.18,0.01,-2.46865561,10.5898039,1.150917218,0,2.528091176,0.025376625,0.202698032,1,1.422347805,-0.380662578,0.041840544,0,1,3,1/3,2.9572,2.76451,0.109716,0.102495,0.11225,0.0909738,27426.1,18328.1,31588.5,22252.4,37768,27478.3,45364.4,32534.8,1.64905,2.62095,0.145264,0,34.5593,999.9,57.8,36.1,34.3536,61.7967,-100,3,0.464812,0,20.3073,5.21549,12.0339,4.95975,3.301,7700.8,9999,9999,120.6,4.97296,1.87546,1.88165,1.88111,1.87881,1.87454,1.87454,1.87684,0,0,0,0,11111111,oooooooo,on,on,on,on,0,100,100,-42.887,-4.6552,-26.56035854,-0.03980678,1.13121E-05,-1.30028E-09,-4.655132489,0,0,0,3,2129,1,23,26.4,26.5,0.157471,4.99878,2.89795,2.89917,2.99805,2.28516,39.4416,14.8413,2,406.74,1357.06,35.1427,33.4163,30.0001,33.0567,32.8863,-1,40,10,-999.9,400,20,99.2643,85.4881
53,1784652058,7027.5,20260721 11:40:58,11:40:58,15,1784652050,0.000697815,0.697814979,3.465507547,443.1031613,58.46686737,5.910036697,44.79042681,0.015180785,2.947835187,0.015137487,0.009464809,266.1509231,38.03383114,37.05237097,6.322923892,29.91248884,1.851543556,6.189867938,4.471380336,-30.77364056,-61.86079024,-4.990116899,168.5263754,6.618002599,0.694237367,3.465507547,464.8390642,455.6364364,0.521913226,66.75796915,0.697814979,17.22748976,18.31333091,6.55288E-05,78.43,0,0,1,0,51761.69424,1500.006452,1273.865468,0.849239993,0.177433186,6,0.5,0: Broadleaf,2,TRUE,1784652050,443.1031613,454.0862581,18.31696774,17.23616774,486.5018387,22.94983548,378.3425484,100.9835484,0.099970574,36.66312258,37.05237097,999.9,0,0,10006.19323,0,145.6483548,-10.983103,451.3709355,462.0502903,1.080801935,454.0862581,17.23616774,1.849712581,1.740569032,16.21334839,15.26302581,1500.006452,0.692000677,0.307999323,0,2.494487097,0,13097.86129,13609.63548,48.75,50.562,49.637,49.125,48.59654839,1038.004839,462.0016129,0,1784652012,0,1784650356,11:12:35,1784650356,1784650347,3,-0.091,0.025,-43.394,-4.345,443,17,0.18,0.01,-9.374206375,-21.77529297,5.646261748,0,2.493955882,0.444890758,0.224448002,1,1.087603,-0.236273471,0.035256902,0,1,3,1/3,2.95678,2.76465,0.113419,0.106646,0.111355,0.0908601,27310.4,18243.9,31587,22253.3,37804.4,27482.7,45362.1,32536,1.64767,2.62243,0.154525,0,34.5612,999.9,57.1,36.3,34.3097,61.6167,-100,3,0.467962,0,20.3075,5.21624,12.0338,4.9597,3.301,7700.8,9999,9999,120.6,4.97299,1.87546,1.88165,1.8811,1.8788,1.87454,1.87454,1.87687,0,0,0,0,11111111,oooooooo,on,on,on,on,0,100,100,-43.531,-4.6316,-26.56035854,-0.03980678,1.13121E-05,-1.30028E-09,-1.231787526,-0.229565736,0.008659861,-0.000222848,3,2129,1,23,28.4,28.5,0.15625,4.99878,2.89795,2.90039,2.99805,2.30469,39.5917,14.815,2,406.274,1360.36,35.2863,33.4729,30.0001,33.1112,32.9381,-1,40,10,-999.9,400,20,99.2595,85.4912
54,1784652178,7147.5,20260721 11:42:58,11:42:58,15,1784652170,0.000691144,0.691143858,2.002277489,423.3570323,184.954497,18.6951529,42.79281974,0.014884453,2.947243579,0.014842818,0.009280492,266.1480045,38.0906537,37.0674871,6.328140704,29.16872674,1.810938795,6.208494497,4.517201909,-30.47944413,-55.52294411,-4.481280457,175.6643359,0.280196752,0.694286399,2.002277489,426.9331151,428.3994303,-0.678768368,66.75796915,0.691143858,16.68833115,17.86256,-0.011877143,78.43,0,0,1,0,51735.75307,1499.993548,1273.854184,0.849239775,0.177432766,6,0.5,0: Broadleaf,2,TRUE,1784652170,423.3570323,424.2684839,17.91594194,16.83348065,466.1469032,22.46020645,377.9429032,100.9797419,0.1000004,36.71804839,37.0674871,999.9,0,0,10003.2071,0,147.6233548,-0.91146539,431.0802903,431.5336129,1.082461742,424.2684839,16.83348065,1.80914871,1.699840968,15.86605161,14.89458065,1499.993548,0.692007097,0.307992903,0,2.511567742,0,13068.21613,13609.53871,48.812,50.562,49.69106452,49.10874194,48.625,1038.006774,461.9867742,0,1784652132,0,1784650356,11:12:35,1784650356,1784650347,3,-0.091,0.025,-43.394,-4.345,443,17,0.18,0.01,-4.91682871,76.20096885,7.964732234,0,2.500814706,-0.2736333,0.217771626,1,1.062419268,0.774337672,0.112881645,0,1,3,1/3,2.9564,2.76465,0.108575,0.099559,0.109446,0.0890087,27459.9,18394.3,31587.3,22260.2,37886,27548.1,45362.4,32547.2,1.64705,2.62255,0.155102,0,34.5413,999.9,55.7,36.5,33.8397,61.6767,-100,3,0.467797,0,20.3077,5.21549,12.0336,4.9598,3.301,7700.8,9999,9999,120.7,4.97306,1.87546,1.88162,1.88111,1.87881,1.87454,1.87454,1.87686,0,0,0,0,11111111,oooooooo,on,on,on,on,0,100,100,-42.695,-4.5316,-26.56035854,-0.03980678,1.13121E-05,-1.30028E-09,-1.231787526,-0.229565736,0.008659861,-0.000222848,3,2129,1,23,30.4,30.5,0.15625,4.99878,2.89795,2.89795,2.99805,2.31934,39.6669,14.7975,2,406.002,1360.85,35.3446,33.4759,30,33.1251,32.9528,-1,40,10,-999.9,400,20,99.2602,85.5196
55,1784652298,7267.5,20260721 11:44:58,11:44:58,15,1784652290,0.000534928,0.534927603,2.07324004,408.6620323,102.0603864,10.31555898,41.30473581,0.011553556,2.94584342,0.011528441,0.007207528,266.1489423,38.09770394,36.99233871,6.302242661,29.05197315,1.800364805,6.197048289,4.501877857,-23.59030728,-48.91952211,-3.948110268,189.6910026,-2.286014246,0.554694516,2.07324004,411.0817023,411.4444485,-0.535843314,66.75796915,0.534927603,17.00252931,17.83437152,0.000493411,78.43,0,0,1,0,51701.77442,1500.003871,1273.862487,0.849239466,0.17743217,6,0.5,0: Broadleaf,2,TRUE,1784652290,408.6620323,405.3857419,17.81250323,16.94573226,450.9931935,22.33450968,377.1335484,100.9730968,0.099996771,36.6843129,36.99233871,999.9,0,0,9995.908065,0,142.0689677,3.276171355,416.0732903,412.3736452,0.866766226,405.3857419,16.94573226,1.798584516,1.711063226,15.77448065,14.99710645,1500.003871,0.692018387,0.307981613,0,2.528735484,0,13050.95484,13609.65806,48.875,50.508,49.75,49.125,48.683,1038.029355,461.9745161,0,1784652252,0,1784650356,11:12:35,1784650356,1784650347,3,-0.091,0.025,-43.394,-4.345,443,17,0.18,0.01,2.795319422,1.697923984,1.835105273,0,2.502079412,0.298045826,0.249346576,1,0.902079561,-0.685984474,0.068885401,0,1,3,1/3,2.95512,2.76445,0.105587,0.0981096,0.109357,0.0902881,27555.2,18422.2,31590.9,22258,37893.7,27505.6,45367.3,32542.7,1.64478,2.61927,0.162557,0,34.3747,999.9,55.7,36.6,34.0257,61.7067,-100,3,0.465658,0,20.3078,5.21519,12.0336,4.95945,3.301,7700.8,9999,9999,120.7,4.97298,1.87546,1.8816,1.8811,1.8788,1.87454,1.87454,1.87684,0,0,0,0,11111111,oooooooo,on,on,on,on,0,100,100,-42.183,-4.5272,-26.56035854,-0.03980678,1.13121E-05,-1.30028E-09,-1.231787526,-0.229565736,0.008659861,-0.000222848,3,2129,1,23,32.4,32.5,0.15625,4.99878,2.89795,2.89917,2.99805,2.2937,39.7171,14.78,2,404.671,1355.81,35.3381,33.4532,29.9999,33.1132,32.944,-1,40,10,-999.9,400,20,99.2711,85.509
56,1784652418,7387.5,20260721 11:46:58,11:46:58,15,1784652410,0.000576331,0.576331468,1.672288982,402.1058065,162.1682099,16.39096213,40.64237406,0.012260014,2.947051384,0.01223175,0.007647378,266.1464363,38.23563095,37.19083226,6.370848875,28.82608885,1.801005565,6.247831866,4.56984331,-25.41621775,-56.76116116,-4.586815703,179.3822417,-2.083930954,0.625321127,1.672288982,405.1057241,405.4144545,-0.43468553,66.75796915,0.576331468,16.86989507,17.78182727,-0.001340281,78.43,0,0,1,0,51710.92089,1499.982903,1273.84531,0.849239886,0.17743298,6,0.5,0: Broadleaf,2,TRUE,1784652410,402.1058065,399.189129,17.8187129,16.84115484,444.231,22.34205484,376.9670968,100.9738065,0.100023894,36.83357742,37.19083226,999.9,0,0,10002.70258,0,241.4711935,2.916527903,409.4007419,406.0270645,0.977552774,399.189129,16.84115484,1.799220968,1.700513871,15.7800129,14.90110968,1499.982903,0.692003613,0.307996387,0,2.454319355,0,13401.37742,13609.43548,48.937,50.562,49.762,49.167,48.74593548,1037.993871,461.9890323,0,1784652372,0,1784650356,11:12:35,1784650356,1784650347,3,-0.091,0.025,-43.394,-4.345,443,17,0.18,0.01,3.98076061,-23.93867373,2.921494136,0,2.475085294,-0.205187163,0.218109205,1,0.979565122,-0.243979861,0.045187048,0,1,3,1/3,2.95552,2.76442,0.104517,0.0974021,0.109131,0.0898104,27591.9,18439.9,31595,22261.8,37908.2,27525,45373.3,32548.5,1.64548,2.6222,0.165004,0,34.5443,999.9,55.2,36.7,33.9108,61.7067,-100,3,0.461341,0,20.3078,5.2131,12.0332,4.9597,3.301,7700.8,9999,9999,120.7,4.97299,1.87546,1.88162,1.8811,1.87881,1.87454,1.87454,1.87688,0,0,0,0,11111111,oooooooo,on,on,on,on,0,100,100,-41.999,-4.5153,-26.56035854,-0.03980678,1.13121E-05,-1.30028E-09,-1.231787526,-0.229565736,0.008659861,-0.000222848,3,2129,1,23,34.4,34.5,0.15625,4.99878,2.89795,2.89917,2.99805,2.31567,39.7925,14.7625,2,404.898,1359.62,35.4141,33.413,30.0002,33.0837,32.9205,-1,40,10,-999.9,400,20,99.2842,85.5239
57,1784652538,7507.5,20260721 11:48:58,11:48:58,15,1784652530,0.000433318,0.433317599,2.427110577,389.3683871,-53.61652816,-5.419357516,39.3558958,0.009042303,2.947009715,0.009026918,0.005643204,266.1462929,38.37295415,37.31667742,6.414680321,27.99795366,1.758912245,6.28228858,4.655768076,-19.10930614,-60.75898899,-4.915329478,181.3626683,6.922587011,0.416326594,2.427110577,412.7695437,401.9809515,0.985664509,66.75221858,0.433317599,16.90218605,17.48098424,0.012282329,78.43,0,0,1,0,51693.00145,1499.986452,1273.847923,0.849239619,0.177432465,6,0.5,0: Broadleaf,2,TRUE,1784652530,389.3683871,400.6692258,17.40183548,16.74930645,431.090871,21.83785484,376.1503871,100.9762903,0.099958042,36.93425484,37.31667742,999.9,0,0,10002.21968,0,230.8945806,-11.30090226,396.2641613,407.4950323,0.652529129,400.6692258,16.74930645,1.757170323,1.69128129,15.41088065,14.81628065,1499.986452,0.692012903,0.307987097,0,2.506441935,0,13297.61613,13609.49677,49,50.687,49.86280645,49.256,48.812,1038.009677,461.9767742,0,1784652492,0,1784650356,11:12:35,1784650356,1784650347,3,-0.091,0.025,-43.394,-4.345,443,17,0.18,0.01,-9.1708787,-40.34714819,4.615775327,0,2.519444118,-0.506965629,0.259536406,1,0.742776925,-1.814844011,0.188126232,0,1,3,1/3,2.95416,2.76439,0.104001,0.0985005,0.107897,0.0899969,27604.9,18415.7,31591.9,22259.8,37957.1,27516.6,45368.7,32545.3,1.6428,2.61777,0.158943,0,34.7764,999.9,54.7,36.8,33.7835,61.7067,-99.992,3,0.467081,0,20.3077,5.21579,12.0339,4.9597,3.301,7700.8,9999,9999,120.8,4.97296,1.87547,1.88162,1.88112,1.87881,1.87454,1.87454,1.87684,0,0,0,0,11111111,oooooooo,on,on,on,on,0,100,100,-41.912,-4.4538,-26.56035854,-0.03980678,1.13121E-05,-1.30028E-09,-1.231787526,-0.229565736,0.008659861,-0.000222848,3,2129,1,23,36.4,36.5,0.155029,4.99878,2.89795,2.89795,2.99805,2.30957,39.868,14.7362,2,403.607,1353.98,35.508,33.4559,30.0004,33.1194,32.9587,-1,40,10,-999.9,400,20,99.2743,85.5159
58,1784652658,7627.5,20260721 11:50:58,11:50:58,15,1784652650,0.000372301,0.372301378,3.189841674,406.3359677,-258.1662861,-26.09452062,41.07097968,0.007756667,2.946850618,0.007745342,0.004841855,266.1499252,38.50946579,37.4464871,6.460166624,28.46635246,1.800176679,6.323875464,4.659989945,-16.41849075,-62.17529464,-5.036280093,182.5198597,12.6173204,0.34470199,3.189841674,445.9280717,426.1138,2.098983531,66.75221858,0.372301378,17.33016498,17.86016364,0.006696554,78.43,0,0,1,0,51668.37056,1499.997742,1273.858355,0.849240182,0.177433551,6,0.5,0: Broadleaf,2,TRUE,1784652650,406.3359677,426.7397419,17.81005806,17.26857097,448.5939355,22.33153871,375.1478065,100.9763871,0.100019968,37.05512903,37.4464871,999.9,0,0,10001.30581,0,112.2353871,-20.4038871,413.7042258,434.239,0.541477839,426.7397419,17.26857097,1.798397097,1.743719677,15.77283226,15.29115161,1499.997742,0.691993613,0.308006387,0,2.531764516,0,12810.18387,13609.52581,49.062,50.812,49.937,49.405,48.925,1037.989355,462.0083871,0,1784652612,0,1784650356,11:12:35,1784650356,1784650347,3,-0.091,0.025,-43.394,-4.345,443,17,0.18,0.01,-16.91405268,-74.47859582,7.609294899,0,2.560408824,-0.498687545,0.221342182,1,0.555212463,-0.258505171,0.027354886,0,1,3,1/3,2.95381,2.76451,0.108407,0.104685,0.109463,0.0913441,27467,18285.6,31589.7,22255.5,37888.4,27470,45366.1,32538.4,1.64107,2.62115,0.159103,0,34.8907,999.9,55.2,36.9,34.2787,61.6167,-100,3,0.471966,0,20.3078,5.21504,12.0339,4.9597,3.301,7700.8,9999,9999,120.8,4.97307,1.87546,1.88164,1.8811,1.87881,1.87454,1.87454,1.87683,0,0,0,0,11111111,oooooooo,on,on,on,on,0,100,100,-42.669,-4.5332,-26.56035854,-0.03980678,1.13121E-05,-1.30028E-09,-1.231787526,-0.229565736,0.008659861,-0.000222848,3,2129,1,23,38.4,38.5,0.155029,4.99878,2.89795,2.89917,2.99805,2.30225,39.9689,14.7099,2,402.94,1359.83,35.6204,33.5239,30.0001,33.1724,33.0027,-1,40,10,-999.9,400,20,99.2681,85.4984
59,1784652778,7747.5,20260721 11:52:58,11:52:58,15,1784652770,0.000405371,0.405371318,1.533635962,414.2059032,102.5440171,10.36430532,41.86452382,0.008422466,2.946858596,0.008409115,0.005256895,266.1494315,38.46809422,37.39635161,6.442565694,28.01073875,1.768186388,6.312530361,4.674379306,-17.87687514,-59.43826869,-4.81263147,184.0216562,-3.136299304,0.481357112,1.533635962,417.5195227,417.2075333,-0.313291855,66.75221858,0.405371318,16.81748865,17.46201212,-0.000888727,78.43,0,0,1,0,51673.98289,1500.000968,1273.860542,0.849239813,0.17743284,6,0.5,0: Broadleaf,2,TRUE,1784652770,414.2059032,409.507,17.49436452,16.73769355,456.7106452,21.94943226,375.0132581,100.9717742,0.099995887,37.02222258,37.39635161,999.9,0,0,10001.80806,0,115.4749677,4.698933161,421.5812581,416.4779355,0.756676613,409.507,16.73769355,1.766438387,1.690035161,15.49289355,14.80512903,1500.000968,0.692005387,0.307994613,0,2.466125806,0,12835.6871,13609.59032,49.07419355,50.82825806,49.99593548,49.415,48.937,1038.01,461.9909677,0,1784652732,0,1784650356,11:12:35,1784650356,1784650347,3,-0.091,0.025,-43.394,-4.345,443,17,0.18,0.01,5.52352361,-33.60337969,4.800192764,0,2.476770588,-0.300232241,0.193093809,1,0.779194707,-0.654317017,0.076567353,0,1,3,1/3,2.95349,2.76458,0.106666,0.0999259,0.107771,0.0896539,27522.3,18387.8,31591.7,22261.6,37962.7,27529.4,45368.8,32548.3,1.641,2.61865,0.161678,0,34.7953,999.9,54.1,37,33.7801,61.7967,-98.149,3,0.470262,0,20.308,5.21669,12.0338,4.95985,3.301,7700.8,9999,9999,120.8,4.97313,1.87546,1.8816,1.8811,1.87881,1.87455,1.87454,1.87687,0,0,0,0,11111111,oooooooo,on,on,on,on,0,100,100,-42.371,-4.4485,-26.56035854,-0.03980678,1.13121E-05,-1.30028E-09,-1.231787526,-0.229565736,0.008659861,-0.000222848,3,2129,1,23,40.4,40.5,0.15625,4.99878,2.89795,2.89795,2.99805,2.30591,40.0194,14.6837,2,402.882,1356.09,35.6484,33.5209,30.0002,33.1695,32.9998,-1,40,10,-999.9,400,20,99.2741,85.5233
60,1784652898,7867.5,20260721 11:54:58,11:54:58,15,1784652890,0.000401752,0.401752033,1.844068878,444.5694194,69.82323988,7.057364041,44.93472716,0.008325702,2.94623657,0.008312653,0.005196579,266.1505182,38.57034545,37.51240323,6.483371122,28.33489403,1.79854499,6.347456208,4.684826132,-17.71726466,-61.79445074,-5.009722239,181.6290805,10.11827834,0.360950576,1.844068878,469.492026,460.9984485,0.784369596,66.75221858,0.401752033,17.15651024,17.79678121,-0.000848069,78.43,0,0,1,0,51639.67997,1500.01,1273.867945,0.849239635,0.177432496,6,0.5,0: Broadleaf,2,TRUE,1784652890,444.5694194,461.0660323,17.7942129,17.22522258,488.0126452,22.3123129,373.8493226,100.9747097,0.100004877,37.12336129,37.51240323,999.9,0,0,9997.982258,0,196.6899032,-16.49665074,452.6235484,469.1473548,0.568995258,461.0660323,17.22522258,1.796766452,1.739311935,15.75867742,15.25169355,1500.01,0.692012935,0.307987065,0,2.526735484,0,13179.65806,13609.7129,49.06606452,50.82419355,50,49.407,48.937,1038.025161,461.9848387,0,1784652852,0,1784650356,11:12:35,1784650356,1784650347,3,-0.091,0.025,-43.394,-4.345,443,17,0.18,0.01,-19.69356075,70.75476979,8.217715393,0,2.534252941,0.350606569,0.220642058,1,0.532676875,0.819018608,0.086030355,0,1,3,1/3,2.95235,2.76436,0.114332,0.106724,0.109166,0.0907318,27287,18247.1,31592.7,22259.3,37904.6,27493.9,45370.3,32544.7,1.63855,2.6185,0.159502,0,34.9162,999.9,54.5,37.1,34.2141,61.8267,-89.0064,3,0.469604,0,20.308,5.21729,12.0339,4.9597,3.301,7700.8,9999,9999,120.9,4.97306,1.87547,1.88159,1.8811,1.87881,1.87454,1.87454,1.87691,0,0,0,0,11111111,oooooooo,on,on,on,on,0,100,100,-43.696,-4.5182,-26.56035854,-0.03980678,1.13121E-05,-1.30028E-09,-1.231787526,-0.229565736,0.008659861,-0.000222848,3,2129,1,23,42.4,42.5,0.155029,4.99878,2.89795,2.89917,2.99805,2.31201,40.07,14.6749,2,401.537,1355.87,35.7097,33.5179,30,33.1715,33.0004,-1,40,10,-999.9,400,20,99.2774,85.5141
61,1784653018,7987.6,20260721 11:56:58,11:56:58,15,1784653010,0.000280544,0.280543816,1.345938528,417.4653226,32.04473643,3.238871497,42.194653,0.00585469,2.946646957,0.005848235,0.003655726,266.1477991,38.56037108,37.43365484,6.455657668,28.50390277,1.805236709,6.333296613,4.650420959,-12.37198231,-55.79765173,-4.520310611,193.4578545,-0.840398573,0.23254213,1.345938528,424.6434643,423.0578873,-0.088119711,66.75221858,0.280543816,17.57598112,17.93184035,0.010590646,78.43,0,0,1,0,51658.02757,1499.993548,1273.854077,0.849239704,0.177432629,6,0.5,0: Broadleaf,2,TRUE,1784653010,417.4653226,416.270129,17.86064516,17.49341613,460.0718387,22.393,373.1547742,100.9734516,0.099980652,37.08241613,37.43365484,999.9,0,0,10000.43903,0,158.7369355,1.195232032,425.0570323,423.6819355,0.367232516,416.270129,17.49341613,1.803451935,1.766370323,15.8167,15.49222903,1499.993548,0.692010032,0.307989968,0,2.522890323,0,13020.32903,13609.54516,49.125,50.802,50,49.375,48.931,1038.010323,461.9832258,0,1784652972,0,1784650356,11:12:35,1784650356,1784650347,3,-0.091,0.025,-43.394,-4.345,443,17,0.18,0.01,2.237762024,-36.75557585,3.882772061,0,2.507511765,0.347071042,0.212788348,1,0.405461927,-0.681991388,0.073326445,0,1,3,1/3,2.95121,2.76447,0.107695,0.101333,0.109765,0.0923745,27491.4,18354.2,31592.4,22255.6,37878.8,27438.5,45370.1,32537.9,1.63612,2.62073,0.160836,0,34.8392,999.9,54.8,37.2,34.5941,61.5976,-72.5321,3,0.468582,0,20.308,5.21639,12.0339,4.95965,3.301,7700.8,9999,9999,120.9,4.973,1.87546,1.88162,1.88112,1.87881,1.87454,1.87454,1.87689,0,0,0,0,11111111,oooooooo,on,on,on,on,0,100,100,-42.546,-4.5488,-26.56035854,-0.03980678,1.13121E-05,-1.30028E-09,-1.231787526,-0.229565736,0.008659861,-0.000222848,3,2129,1,23,44.4,44.5,0.155029,4.99878,2.89795,2.89795,2.99805,2.26929,40.0953,14.6486,2,400.155,1359,35.6798,33.5059,30.0001,33.1636,32.9939,-1,40,10,-999.9,400,20,99.2767,85.4978
62,1784653138,8107.6,20260721 11:58:58,11:58:58,15,1784653130,0.000295922,0.295922393,1.055414874,434.8639355,138.2510248,13.97305241,43.95176506,0.006156697,2.945081297,0.006149556,0.003844113,266.1475163,38.59324799,37.47175806,6.469054244,28.43663193,1.804530009,6.345793742,4.664524235,-13.05017752,-56.07940871,-4.547183529,192.4707466,-4.771167025,0.338244436,1.055414874,432.992865,436.4072061,-0.733512298,66.75221858,0.295922393,17.40076829,17.86380485,0.000606307,78.43,0,0,1,0,51607.86498,1499.999032,1273.858084,0.84923927,0.177431792,6,0.5,0: Broadleaf,2,TRUE,1784653130,434.8639355,427.4174516,17.85423226,17.31925806,478.0093871,22.38519032,372.5847097,100.9700968,0.100057523,37.11855806,37.47175806,999.9,0,0,9991.875484,0,210.2667419,7.446397226,442.7692903,434.9504194,0.534979258,427.4174516,17.31925806,1.802741935,1.748726452,15.8105871,15.33575484,1499.999032,0.692024323,0.307975677,0,2.501751613,0,13197.98387,13609.66129,49.129,50.798,49.98780645,49.437,48.95529032,1038.035806,461.9632258,0,1784653092,0,1784650356,11:12:35,1784650356,1784650347,3,-0.091,0.025,-43.394,-4.345,443,17,0.18,0.01,8.646742683,-21.40085456,2.499025049,0,2.491773529,0.116184869,0.258074888,1,0.573025171,-0.744434237,0.076125312,0,1,3,1/3,2.95127,2.7645,0.110014,0.102613,0.109466,0.0917654,27422.2,18330.4,31595,22258.4,37894.7,27460.9,45373.9,32542.7,1.6366,2.6191,0.158131,0,34.9092,999.9,54.5,37.3,34.5932,61.7477,-48.6739,3,0.466631,0,20.3076,5.21609,12.0339,4.9598,3.301,7700.8,9999,9999,120.9,4.97303,1.87547,1.88164,1.88115,1.87881,1.87454,1.87454,1.87688,0,0,0,0,11111111,oooooooo,on,on,on,on,0,100,100,-42.946,-4.5335,-26.56035854,-0.03980678,1.13121E-05,-1.30028E-09,-1.231787526,-0.229565736,0.008659861,-0.000222848,3,2129,1,23,46.4,46.5,0.155029,4.99878,2.89795,2.89795,2.99805,2.2876,40.146,14.6136,2,400.337,1356.35,35.7086,33.4909,30,33.1487,32.9821,-1,40,10,-999.9,400,20,99.285,85.5096
63,1784653258,8227.6,20260721 12:00:58,12:00:58,15,1784653250,0.000328406,0.328405783,0.93128225,411.6228387,170.2730649,17.2080946,41.59932608,0.006814745,2.946815302,0.006806002,0.004254536,266.1452264,38.61874324,37.51676774,6.484910115,28.44579139,1.808529103,6.357809062,4.676381013,-14.48269505,-57.75184971,-4.681840875,189.2288407,-3.433723773,0.340675431,0.93128225,412.1091989,414.4613455,-0.552982455,66.75221858,0.328405783,17.35656475,17.87758061,-0.000163855,78.43,0,0,1,0,51650.72409,1499.98129,1273.843461,0.849239567,0.177432364,6,0.5,0: Broadleaf,2,TRUE,1784653250,411.6228387,406.3163871,17.8952871,17.35621613,454.0469032,22.43507419,372.3950645,100.9617419,0.100012094,37.15324839,37.51676774,999.9,0,0,10002.55581,0,192.1254516,5.306508387,419.1233226,413.4930323,0.539066484,406.3163871,17.35621613,1.806739032,1.752313548,15.84521935,15.36777097,1499.98129,0.692013871,0.307986129,0,2.542758065,0,13204.42903,13609.45806,49.187,50.81606452,50,49.5,49,1038.00871,461.9725806,0,1784653212,0,1784650356,11:12:35,1784650356,1784650347,3,-0.091,0.025,-43.394,-4.345,443,17,0.18,0.01,5.117792195,0.021491289,0.947440089,1,2.542038235,0.057660807,0.238958138,1,0.532567073,0.122606843,0.027994818,0,2,3,2/3,2.95092,2.76433,0.106091,0.0978892,0.109507,0.0916359,27543.8,18427.2,31595.7,22258.7,37893.5,27465.2,45374.7,32543.2,1.63603,2.623,0.160992,0,34.9162,999.9,54.3,37.4,34.6564,61.6877,-20.0521,3,0.466425,0,20.3077,5.21639,12.0339,4.9598,3.301,7700.8,9999,9999,121,4.973,1.87546,1.88163,1.88112,1.87881,1.87455,1.87454,1.87684,0,0,0,0,11111111,oooooooo,on,on,on,on,0,100,100,-42.272,-4.536,-26.56035854,-0.03980678,1.13121E-05,-1.30028E-09,-1.231787526,-0.229565736,0.008659861,-0.000222848,3,2129,1,23,48.4,48.5,0.155029,4.99878,2.89795,2.89795,2.99805,2.28638,40.222,14.5873,2,400.004,1362.1,35.7428,33.4852,30,33.1458,32.9792,-1,40,10,-999.9,400,20,99.2869,85.5109
64,1784653378,8347.6,20260721 12:02:58,12:02:58,15,1784653370,0.000302932,0.302932404,1.099614522,410.1817097,110.4984305,11.16741032,41.45459293,0.006298267,2.945960262,0.006290796,0.003932418,266.1480287,38.67041972,37.57736452,6.50631023,28.87902792,1.84056011,6.373345098,4.66575012,-13.359319,-60.24858847,-4.888153514,187.6519677,3.219639965,0.324491206,1.099614522,422.3813294,419.8268061,0.107160735,66.75221858,0.302932404,17.62543115,18.17091939,-0.008060632,78.43,0,0,1,0,51619.25098,1499.995806,1273.855906,0.849239645,0.177432515,6,0.5,0: Broadleaf,2,TRUE,1784653370,410.1817097,415.5820968,18.21183226,17.69868065,452.5607742,22.8211,372.5,100.9639677,0.100004516,37.19801935,37.57736452,999.9,0,0,9997.475806,0,177.3337419,-5.400351613,417.7904516,423.0698387,0.513141065,415.5820968,17.69868065,1.83873871,1.786929355,16.12004839,15.67276129,1499.995806,0.692011226,0.307988774,0,2.592129032,0,13029.73871,13609.57419,49.19106452,50.875,50.026,49.562,49.062,1038.014839,461.9809677,0,1784653332,0,1784650356,11:12:35,1784650356,1784650347,3,-0.091,0.025,-43.394,-4.345,443,17,0.18,0.01,-8.679652683,46.01034878,5.561756223,0,2.534308824,0.23552789,0.211084682,1,0.449027195,1.106443568,0.116779768,0,1,3,1/3,2.95114,2.76425,0.107089,0.0998671,0.110721,0.0925452,27512,18384.2,31594.7,22255.7,37840.8,27433.8,45373.3,32538.5,1.63595,2.6197,0.164106,0,34.9491,999.9,54.7,37.5,35.1035,61.6877,8.67388,3,0.469606,0,20.3077,5.2119,12.0339,4.9597,3.301,7700.8,9999,9999,121,4.97307,1.87546,1.88166,1.88113,1.87881,1.87455,1.87454,1.87689,0,0,0,0,11111111,oooooooo,on,on,on,on,0,100,100,-42.443,-4.5995,-26.56035854,-0.03980678,1.13121E-05,-1.30028E-09,-1.231787526,-0.229565736,0.008659861,-0.000222848,3,2129,1,23,50.4,50.5,0.155029,4.99878,2.89795,2.89673,2.99805,2.26929,40.2982,14.5698,2,400.096,1357.74,35.7975,33.5179,30.0003,33.1705,33.0043,-1,40,10,-999.9,400,20,99.2838,85.4989
65,1784653498,8467.6,20260721 12:04:58,12:04:58,15,1784653490,0.000243237,0.243236525,2.663631693,426.4389355,-409.8015414,-41.41624462,43.09768872,0.005104469,2.94545625,0.00509956,0.003187666,266.1497263,38.54927875,37.37399355,6.434729938,28.6259575,1.810864839,6.325953775,4.623865099,-10.72673074,-49.67787197,-4.024583213,201.7205403,8.936451654,0.217288414,2.663631693,462.0639371,444.0913152,1.935836035,66.75221858,0.243236525,17.64373896,17.96626788,0.007603931,78.43,0,0,1,0,51627.8508,1500.002581,1273.861916,0.849239816,0.177432846,6,0.5,0: Broadleaf,2,TRUE,1784653490,426.4389355,441.0029032,17.91797419,17.57376774,469.3240323,22.46268065,371.9774194,100.964129,0.100021377,37.06115161,37.37399355,999.9,0,0,9994.596129,0,132.5089677,-14.56413452,434.2193226,448.8920968,0.344191581,441.0029032,17.57376774,1.809072258,1.774321935,15.86538387,15.56234194,1500.002581,0.692005742,0.307994258,0,2.507219355,0,12807.28387,13609.62258,49.125,50.81606452,50.024,49.36280645,48.94106452,1038.010968,461.9916129,0,1784653452,0,1784650356,11:12:35,1784650356,1784650347,3,-0.091,0.025,-43.394,-4.345,443,17,0.18,0.01,-12.04331976,-41.72371359,7.041734705,0,2.486488235,-0.334768534,0.212872034,1,0.359292317,-0.26667184,0.03918122,0,1,3,1/3,2.95039,2.76443,0.111429,0.10451,0.109881,0.0923014,27376,18288.6,31592.3,22254.9,37873.7,27440.5,45369.6,32537.7,1.63422,2.6174,0.162803,0,34.7508,999.9,54.2,37.5,34.7811,61.6277,40.6851,3,0.474685,0,20.3076,5.21624,12.0338,4.95985,3.301,7700.8,9999,9999,121,4.97301,1.87546,1.88162,1.88112,1.87881,1.87454,1.87454,1.87687,0,0,0,0,11111111,oooooooo,on,on,on,on,0,100,100,-43.195,-4.5559,-26.56035854,-0.03980678,1.13121E-05,-1.30028E-09,-1.231787526,-0.229565736,0.008659861,-0.000222848,3,2129,1,23,52.4,52.5,0.155029,4.99878,2.89795,2.89673,2.99805,2.31201,40.3491,14.5611,2,399.353,1355.05,35.7267,33.557,30.0003,33.2091,33.038,-1,40,10,-999.9,400,20,99.276,85.4964
66,1784653618,8587.6,20260721 12:06:58,12:06:58,15,1784653610,0.00027519,0.275190067,1.03272278,404.3787419,96.21965033,9.724378414,40.8682831,0.005724943,2.946082637,0.00571877,0.003574785,266.1465221,38.59035105,37.4519,6.462069411,28.33830867,1.797529594,6.343108246,4.664539817,-12.13588195,-54.1771549,-4.390860294,195.4426249,-1.405318004,0.34285688,1.03272278,408.6670744,408.9674061,-0.284086874,66.74627743,0.275190067,17.32182104,17.76243515,-0.000539644,78.43,0,0,1,0,51637.2232,1499.987419,1273.848774,0.849239639,0.177432503,6,0.5,0: Broadleaf,2,TRUE,1784653610,404.3787419,402.3348387,17.7859871,17.24259355,446.5755484,22.30233548,371.8397097,100.9643871,0.099983648,37.11079677,37.4519,999.9,0,0,9998.129677,0,132.3214516,2.043881903,411.7014194,409.394,0.543386839,402.3348387,17.24259355,1.79575129,1.740888065,15.74986129,15.26580968,1499.987419,0.692012581,0.307987419,0,2.553477419,0,12814.47097,13609.5,49.187,50.75,50.024,49.37093548,48.99187097,1038.009355,461.9780645,0,1784653572,0,1784650356,11:12:35,1784650356,1784650347,3,-0.091,0.025,-43.394,-4.345,443,17,0.18,0.01,0.142419475,18.67331789,4.354823214,0,2.545785294,-0.04893048,0.176545648,1,0.521533775,0.05785845,0.083463494,1,2,3,2/3,2.94986,2.76438,0.10514,0.0985245,0.109012,0.0917165,27569,18411.8,31591.5,22256.1,37909.4,27459.3,45368.2,32539.3,1.6327,2.62135,0.164695,0,34.8079,999.9,53.6,37.6,34.5853,61.7477,79.3069,3,0.477683,0,20.3076,5.21429,12.0339,4.95955,3.301,7700.8,9999,9999,121.1,4.97306,1.87546,1.88164,1.88113,1.8788,1.87454,1.87454,1.8769,0,0,0,0,11111111,oooooooo,on,on,on,on,0,100,100,-42.113,-4.5116,-26.56035854,-0.03980678,1.13121E-05,-1.30028E-09,-1.231787526,-0.229565736,0.008659861,-0.000222848,3,2129,1,23,54.4,54.5,0.155029,4.99878,2.89795,2.89795,2.99805,2.29492,40.3745,14.5348,2,398.683,1361.51,35.7284,33.5927,30.0002,33.2407,33.0676,-1,40,10,-999.9,400,20,99.2731,85.5008
67,1784653738,8707.6,20260721 12:08:58,12:08:58,15,1784653730,0.000264288,0.264288314,1.063058756,444.0707097,112.8753807,11.40800102,44.88099246,0.005496042,2.94598202,0.005490352,0.003431981,266.1537643,38.62926623,37.51116774,6.482935529,28.5993468,1.817658755,6.355595349,4.665276774,-11.65511467,-57.8605287,-4.691706218,191.9464147,1.781428165,0.26220897,1.063058756,455.8023775,453.1352485,0.130897844,66.74627743,0.264288314,17.58495896,18.00302364,0.000115021,78.43,0,0,1,0,51628.44454,1500.024839,1273.880865,0.849239847,0.177432905,6,0.5,0: Broadleaf,2,TRUE,1784653730,444.0707097,447.1348387,17.98465161,17.56892581,487.4991935,22.54382903,371.6294194,100.9671613,0.100059494,37.14686129,37.51116774,999.9,0,0,9997.283226,0,158.6779677,-3.064298677,452.2033226,455.1312903,0.415727387,447.1348387,17.56892581,1.815860645,1.773885484,15.9239871,15.55854194,1500.024839,0.692004871,0.307995129,0,2.445458065,0,12867.23548,13609.82258,49.187,50.82419355,50.044,49.437,49,1038.024839,462,0,1784653692,0,1784650356,11:12:35,1784650356,1784650347,3,-0.091,0.025,-43.394,-4.345,443,17,0.18,0.01,-5.376532659,32.0338158,3.563248226,0,2.47975,-0.09840947,0.236272356,1,0.410885488,-0.006853631,0.015164295,1,2,3,2/3,2.95019,2.76451,0.112907,0.105167,0.110013,0.0922765,27329.5,18275.3,31591.4,22255.2,37866.5,27441.4,45367.6,32538,1.6334,2.61488,0.163965,0,34.8607,999.9,53.8,37.7,34.9002,61.6877,96.9231,3,0.477569,0,20.3077,5.21624,12.0339,4.95975,3.301,7700.8,9999,9999,121.1,4.97303,1.87546,1.8816,1.88113,1.87881,1.87454,1.87454,1.8769,0,0,0,0,11111111,oooooooo,on,on,on,on,0,100,100,-43.454,-4.5634,-26.56035854,-0.03980678,1.13121E-05,-1.30028E-09,-1.231787526,-0.229565736,0.008659861,-0.000222848,3,2129,1,23,56.4,56.5,0.155029,4.99878,2.89795,2.89673,2.99805,2.30591,40.4,14.5173,2,399.164,1352.3,35.7689,33.6082,30,33.2586,33.0852,-1,40,10,-999.9,400,20,99.2723,85.4974
68,1784653858,8827.6,20260721 12:10:58,12:10:58,15,1784653850,0.000289109,0.289109012,1.173917195,416.6701613,84.42241861,8.532643678,42.11319785,0.006007859,2.946993643,0.006001063,0.003751274,266.1487279,38.65532811,37.5306,6.489789672,28.5966411,1.820756717,6.367029998,4.669032954,-12.74970741,-55.72939,-4.518492687,193.1511378,1.186444847,0.213387281,1.173917195,426.5744919,424.0427455,0.085456169,66.74627743,0.289109012,17.64900063,18.06419515,0.005257229,78.43,0,0,1,0,51651.50884,1499.992581,1273.853826,0.849240084,0.177433363,6,0.5,0: Broadleaf,2,TRUE,1784653850,416.6701613,418.7306129,18.01466129,17.67612581,459.252,22.5804129,371.3817742,100.970871,0.099956177,37.17983226,37.5306,999.9,0,0,10002.66516,0,122.3558387,-2.060387887,424.3140323,426.2653548,0.338545097,418.7306129,17.67612581,1.818956452,1.784773548,15.95061613,15.65406452,1499.992581,0.691997419,0.308002581,0,2.443832258,0,12744.77742,13609.4871,49.125,50.82622581,50,49.375,48.937,1037.990645,462.0019355,0,1784653812,0,1784650356,11:12:35,1784650356,1784650347,3,-0.091,0.025,-43.394,-4.345,443,17,0.18,0.01,-2.544861817,-8.427397317,3.041398736,0,2.459223529,0.148831174,0.237918849,1,0.317688146,0.580399108,0.06045615,0,1,3,1/3,2.94969,2.76431,0.107863,0.10222,0.110275,0.0925965,27486.4,18335.6,31593.1,22255.3,37857.7,27431.7,45370.6,32538,1.6325,2.6177,0.163384,0,34.8974,999.9,53.8,37.7,34.898,61.5377,96.9231,3,0.477048,0,20.3078,5.21609,12.0339,4.95965,3.301,7700.8,9999,9999,121.1,4.97303,1.87546,1.88162,1.88112,1.87881,1.87454,1.87454,1.87685,0,0,0,0,11111111,oooooooo,on,on,on,on,0,100,100,-42.58,-4.5768,-26.56035854,-0.03980678,1.13121E-05,-1.30028E-09,-1.231787526,-0.229565736,0.008659861,-0.000222848,3,2129,1,23,58.4,58.5,0.155029,4.99878,2.89795,2.89673,2.99805,2.29126,40.4255,14.4998,2,398.706,1356.78,35.7846,33.6053,30.0002,33.2656,33.0993,-1,40,10,-999.9,400,20,99.2783,85.4976
69,1784653978,8947.6,20260721 12:12:58,12:12:58,15,1784653970,0.000295977,0.295976734,1.248432109,444.8104839,99.45279098,10.05213108,44.95895234,0.006163109,2.948025498,0.00615596,0.003848117,266.1500438,38.62461896,37.4946129,6.477101266,28.57982002,1.816859925,6.357142642,4.660241341,-13.05257396,-54.5599745,-4.420750762,194.1167445,3.112231392,0.283375539,1.248432109,455.7758004,453.8954364,-0.025034405,66.74627743,0.295976734,17.51527033,17.98545636,3.31726E-05,78.43,0,0,1,0,51685.38389,1500.002581,1273.862081,0.849239926,0.177433057,6,0.5,0: Broadleaf,2,TRUE,1784653970,444.8104839,450.0520645,17.97547097,17.52503548,488.2613871,22.53263871,370.6835806,100.9743871,0.100011932,37.15132581,37.4946129,999.9,0,0,10008.18323,0,108.0818581,-5.241629452,452.9525806,458.079871,0.450432419,450.0520645,17.52503548,1.815062903,1.769581613,15.91710645,15.52064194,1500.002581,0.692002419,0.307997581,0,2.478329032,0,12682.84194,13609.60968,49.07825806,50.875,50,49.3506129,48.937,1038.005484,461.9970968,0,1784653932,0,1784650356,11:12:35,1784650356,1784650347,3,-0.091,0.025,-43.394,-4.345,443,17,0.18,0.01,-4.45546449,1.484971144,3.30547872,0,2.506029412,-0.378456841,0.222860738,1,0.453015537,-0.007656481,0.021594949,1,2,3,2/3,2.94937,2.7644,0.113086,0.107534,0.109936,0.0921576,27324.4,18227.8,31592,22256.3,37871,27446.6,45369.1,32539.9,1.6318,2.61905,0.167049,0,34.7967,999.9,53.5,37.8,34.8929,61.6577,96.9231,3,0.478681,0,20.3078,5.21205,12.0338,4.95965,3.301,7700.8,9999,9999,121.2,4.97306,1.87547,1.88168,1.88113,1.87881,1.87456,1.87454,1.87691,0,0,0,0,11111111,oooooooo,on,on,on,on,0,100,100,-43.484,-4.5593,-26.56035854,-0.03980678,1.13121E-05,-1.30028E-09,-1.231787526,-0.229565736,0.008659861,-0.000222848,3,2129,1,23,60.4,60.5,0.155029,4.99878,2.89795,2.89673,2.99805,2.30591,40.451,14.4735,2,398.428,1359.18,35.7942,33.6234,30,33.2854,33.1176,-1,40,10,-999.9,400,20,99.275,85.5021
70,1784654098,9067.6,20260721 12:14:58,12:14:58,15,1784654090,0.00036146,0.361460458,0.917402305,428.7276452,207.8206267,21.00521179,43.33311437,0.007486902,2.947251935,0.007476352,0.004673667,266.1506192,38.66959766,37.56029355,6.500275323,28.44947902,1.814646956,6.378489231,4.685628368,-15.94040619,-55.21044259,-4.477380732,190.5223897,5.763831328,0.346767029,0.917402305,448.0756101,441.8898,0.66406064,66.74627743,0.361460458,17.35643128,17.9329097,-0.00028009,78.43,0,0,1,0,51653.34728,1500.005484,1273.864577,0.849239947,0.177433097,6,0.5,0: Broadleaf,2,TRUE,1784654090,428.7276452,438.2908387,17.95369032,17.40288065,471.683871,22.50613226,370.9534839,100.9737742,0.099984068,37.21282258,37.56029355,999.9,0,0,10003.84581,0,122.0079032,-9.563042903,436.5656452,446.0534194,0.550817806,438.2908387,17.40288065,1.812852258,1.757233548,15.89804839,15.41144516,1500.005484,0.692001581,0.307998419,0,2.560829032,0,12848.07097,13609.64194,49.10874194,50.875,50,49.429,48.937,1038.006452,461.9990323,0,1784654052,0,1784650356,11:12:35,1784650356,1784650347,3,-0.091,0.025,-43.394,-4.345,443,17,0.18,0.01,-9.26756439,2.881710732,4.216630837,0,2.538726471,-0.246360578,0.213446247,1,0.521664878,0.540770864,0.059482533,0,1,3,1/3,2.94919,2.76437,0.110984,0.104654,0.109705,0.0913493,27390.2,18289,31593.2,22259.2,37882.3,27474.7,45370.8,32544.3,1.63172,2.61758,0.167124,0,34.8773,999.9,53,37.8,34.5645,61.5378,96.9231,3,0.478176,0,20.3079,5.21579,12.0339,4.95955,3.301,7700.8,9999,9999,121.2,4.97309,1.8755,1.88171,1.88113,1.87881,1.87454,1.87454,1.87695,0,0,0,0,11111111,oooooooo,on,on,on,on,0,100,100,-43.119,-4.5474,-26.56035854,-0.03980678,1.13121E-05,-1.30028E-09,-1.231787526,-0.229565736,0.008659861,-0.000222848,3,2129,1,23,62.4,62.5,0.155029,4.99878,2.89795,2.89551,2.99805,2.2876,40.4765,14.4385,2,398.386,1357.07,35.8249,33.6234,30.0001,33.2854,33.1206,-1,40,10,-999.9,400,20,99.2787,85.5134
71,1784654218,9187.6,20260721 12:16:58,12:16:58,15,1784654210,0.00034588,0.34588025,0.894853895,432.9858065,207.7389248,20.99713287,43.76387584,0.007151777,2.945815337,0.007142145,0.004464705,266.1503567,38.69498513,37.59700968,6.51326118,28.50428549,1.820200012,6.3857065,4.693061169,-15.25331901,-57.71893239,-4.684394369,188.493711,-1.567864114,0.354440378,0.894853895,435.2723291,437.8557515,-0.576045356,66.74627743,0.34588025,17.41782562,17.97487212,-0.000905,78.43,0,0,1,0,51609.47832,1500.002903,1273.862487,0.849240014,0.177433228,6,0.5,0: Broadleaf,2,TRUE,1784654210,432.9858065,430.6973871,18.00847742,17.44533871,476.0735806,22.57285806,370.8401935,100.9745806,0.100039332,37.23357419,37.59700968,999.9,0,0,9995.601613,0,109.6310968,2.288432248,440.9262581,438.3445484,0.56313129,430.6973871,17.44533871,1.818397742,1.761535806,15.94583226,15.44957097,1500.002903,0.691999452,0.308000548,0,2.526619355,0,12691.23226,13609.5871,49.165,50.879,50.062,49.437,49,1038.00129,462.0016129,0,1784654172,0,1784650356,11:12:35,1784650356,1784650347,3,-0.091,0.025,-43.394,-4.345,443,17,0.18,0.01,0.993123493,35.02849552,4.229904522,0,2.51705,-0.048627958,0.226502582,1,0.53171915,0.459588068,0.061315922,0,1,3,1/3,2.94913,2.76434,0.110197,0.101661,0.109885,0.0915711,27414.7,18349.9,31593.4,22258.9,37874.8,27467.4,45371,32543.6,1.6316,2.616,0.164196,0,34.9514,999.9,53,37.9,34.7515,61.7778,96.9231,3,0.478831,0,20.3076,5.21549,12.0338,4.95945,3.301,7700.8,9999,9999,121.2,4.97307,1.87547,1.88167,1.88114,1.87881,1.87454,1.87454,1.87687,0,0,0,0,11111111,oooooooo,on,on,on,on,0,100,100,-42.983,-4.5566,-26.56035854,-0.03980678,1.13121E-05,-1.30028E-09,-1.231787526,-0.229565736,0.008659861,-0.000222848,3,2129,1,23,64.4,64.5,0.155029,4.99878,2.89795,2.89551,2.99805,2.29492,40.502,14.421,2,398.349,1354.84,35.8578,33.6263,30.0001,33.2913,33.1265,-1,40,10,-999.9,400,20,99.2793,85.5119
72,1784654338,9307.6,20260721 12:18:58,12:18:58,15,1784654330,0.00026728,0.267280293,0.605902707,415.5652258,215.9975269,21.83134422,42.00208967,0.005539351,2.945977226,0.005533571,0.003459001,266.149266,38.62728466,37.4854,6.473856426,28.18997127,1.791524224,6.355182867,4.682332202,-11.7870609,-53.95696219,-4.37461662,196.0306263,-8.404161497,0.365406091,0.605902707,405.0033917,412.9788303,-1.272866018,66.74627743,0.267280293,17.2818572,17.70508909,0.000226741,78.43,0,0,1,0,51628.61273,1499.995484,1273.856303,0.849240092,0.177433378,6,0.5,0: Broadleaf,2,TRUE,1784654330,415.5652258,402.2033226,17.72519355,17.14402581,458.1120968,22.22861935,370.56,100.9721935,0.100001761,37.14567097,37.4854,999.9,0,0,9996.757742,0,104.4445419,13.36191323,423.0643226,409.2185484,0.581175742,402.2033226,17.14402581,1.789752581,1.731070323,15.69754839,15.1776,1499.995484,0.691997,0.308003,0,2.467848387,0,12706.63871,13609.51935,49.183,50.875,50.062,49.383,49,1037.992258,462.0032258,0,1784654292,0,1784650356,11:12:35,1784650356,1784650347,3,-0.091,0.025,-43.394,-4.345,443,17,0.18,0.01,13.5080145,-9.433523302,1.900374062,0,2.510320588,-0.282311692,0.259851094,1,0.653767525,-1.602835103,0.15733887,0,1,3,1/3,2.94868,2.76436,0.105768,0.0969687,0.108773,0.0917941,27551.4,18445.9,31593.8,22259,37922.5,27460.1,45371.5,32543.1,1.63078,2.6153,0.16477,0,34.8254,999.9,52.5,37.9,34.4262,61.6578,96.9231,3,0.479337,0,20.3077,5.21489,12.0339,4.95945,3.301,7700.8,9999,9999,121.3,4.97302,1.87546,1.88165,1.88114,1.87881,1.87454,1.87454,1.8769,0,0,0,0,11111111,oooooooo,on,on,on,on,0,100,100,-42.222,-4.4998,-26.56035854,-0.03980678,1.13121E-05,-1.30028E-09,-1.231787526,-0.229565736,0.008659861,-0.000222848,3,2129,1,23,66.4,66.5,0.155029,4.99878,2.89795,2.89551,2.99805,2.30713,40.5275,14.4122,2,397.927,1353.93,35.8186,33.6324,30.0002,33.2973,33.1324,-1,40,10,-999.9,400,20,99.2803,85.5112
73,1784654458,9427.6,20260721 12:20:58,12:20:58,15,1784654450,0.000262593,0.262592625,2.122105775,413.1114516,-216.1681764,-21.84819491,41.75332219,0.005466211,2.945973006,0.005460582,0.003413369,266.1496274,38.61609652,37.46157742,6.465472508,28.40483128,1.803957866,6.350883934,4.661514642,-11.58033476,-52.14424997,-4.226914688,198.1981279,5.831660716,0.293025371,2.122105775,437.7201129,426.4326606,1.102868614,66.74627743,0.262592625,17.45186709,17.86671758,0.000398089,78.43,0,0,1,0,51630.52145,1500.000323,1273.860155,0.849239921,0.177433047,6,0.5,0: Broadleaf,2,TRUE,1784654450,413.1114516,422.763,17.84853548,17.3819129,455.582,22.37827742,370.0574839,100.9703548,0.100002871,37.13326129,37.46157742,999.9,0,0,9996.915806,0,109.4001935,-9.651540645,420.6188387,430.2416452,0.466627258,422.763,17.3819129,1.802174194,1.755059355,15.80565806,15.39212581,1500.000323,0.692003226,0.307996774,0,2.584219355,0,12643.01613,13609.59032,49.187,50.762,50.054,49.375,49,1038.004194,461.996129,0,1784654412,0,1784650356,11:12:35,1784650356,1784650347,3,-0.091,0.025,-43.394,-4.345,443,17,0.18,0.01,-9.170978293,-16.98724578,3.529550541,0,2.580682353,-0.616021392,0.211842778,1,0.457393024,-0.05785478,0.03903546,1,2,3,2/3,2.94837,2.76441,0.108302,0.101778,0.109446,0.0917599,27473.5,18347.3,31594,22258.6,37894.4,27461.5,45372.2,32543.4,1.62985,2.6161,0.16968,0,34.7402,999.9,52.6,38,34.6792,61.5378,96.9231,3,0.479375,0,20.3075,5.2113,12.0339,4.9595,3.301,7700.8,9999,9999,121.3,4.973,1.87546,1.88162,1.8811,1.8788,1.87454,1.87453,1.87687,0,0,0,0,11111111,oooooooo,on,on,on,on,0,100,100,-42.657,-4.5342,-26.56035854,-0.03980678,1.13121E-05,-1.30028E-09,-1.231787526,-0.229565736,0.008659861,-0.000222848,3,2129,1,23,68.4,68.5,0.155029,4.99878,2.89795,2.89551,2.99805,2.30469,40.5275,14.3947,2,397.419,1355.11,35.7753,33.6263,30,33.2973,33.1295,-1,40,10,-999.9,400,20,99.2815,85.5112
74,1784654578,9547.6,20260721 12:22:58,12:22:58,15,1784654570,0.000333283,0.333282654,0.813019187,435.8635484,223.2266848,22.56221038,44.05407482,0.006951846,2.946001884,0.006942745,0.004340032,266.1508005,38.59278205,37.43522581,6.456209522,28.38951565,1.802478439,6.349098948,4.653731083,-14.69776506,-48.77818655,-3.953413936,198.7214349,-6.162033412,0.3400325,0.813019187,430.8744252,436.1269818,-0.93403701,66.74627743,0.333282654,17.30463267,17.83304424,0.000276695,78.43,0,0,1,0,51632.24904,1500.003226,1273.862961,0.849240148,0.177433485,6,0.5,0: Broadleaf,2,TRUE,1784654570,435.8635484,426.1134839,17.83341613,17.29196129,479.0397419,22.35989677,370.079129,100.9730645,0.100023577,37.12810645,37.43522581,999.9,0,0,9996.811613,0,106.3772903,9.750066452,443.7775161,433.6112903,0.541457065,426.1134839,17.29196129,1.800692581,1.746019355,15.79280645,15.3117129,1500.003226,0.69199529,0.30800471,0,2.519722581,0,12541.70968,13609.58065,49.125,50.75,50,49.375,48.98780645,1037.994839,462.0083871,0,1784654532,0,1784650356,11:12:35,1784650356,1784650347,3,-0.091,0.025,-43.394,-4.345,443,17,0.18,0.01,9.435010488,-5.112367526,1.853421419,0,2.516873529,0.29636211,0.240663127,1,0.571360854,-0.578492028,0.063796703,0,1,3,1/3,2.94852,2.76437,0.109899,0.101609,0.109297,0.0913548,27425,18353.1,31594.7,22261.5,37901.4,27477.1,45373,32547.4,1.63043,2.62042,0.171706,0,34.6549,999.9,52.4,38,34.548,61.8078,96.9231,3,0.47749,0,20.3075,5.21519,12.0339,4.95945,3.301,7700.8,9999,9999,121.3,4.973,1.87546,1.88164,1.8811,1.8788,1.87454,1.87454,1.87687,0,0,0,0,11111111,oooooooo,on,on,on,on,0,100,100,-42.932,-4.5263,-26.56035854,-0.03980678,1.13121E-05,-1.30028E-09,-1.231787526,-0.229565736,0.008659861,-0.000222848,3,2129,1,23,70.4,70.5,0.155029,4.99878,2.89795,2.89551,2.99805,2.28394,40.502,14.3684,2,397.671,1361.29,35.7742,33.6143,30,33.2854,33.1206,-1,40,10,-999.9,400,20,99.2834,85.5217
75,1784654698,9667.6,20260721 12:24:58,12:24:58,15,1784654690,0.000280182,0.280182385,1.224269992,423.1205161,69.58257745,7.032954419,42.76627013,0.005858567,2.94762839,0.005852106,0.003658146,266.1512925,38.60252215,37.43781613,6.457119549,28.60822552,1.8160524,6.348007841,4.641067149,-12.35604316,-49.71758286,-4.027316484,200.05035,-3.579650775,0.283757793,1.224269992,425.3325835,426.1078485,-0.39597499,66.74627743,0.280182385,17.5375062,17.98172909,0.000230196,78.43,0,0,1,0,51678.57809,1500.008065,1273.866881,0.849240021,0.177433241,6,0.5,0: Broadleaf,2,TRUE,1784654690,423.1205161,417.5109677,17.96764194,17.51580968,465.9028387,22.52311613,370.0390968,100.9735484,0.099948406,37.12495484,37.43781613,999.9,0,0,10006.00839,0,116.3118065,5.609442,430.8620323,424.9544516,0.451835387,417.5109677,17.51580968,1.814255806,1.768634516,15.91016774,15.51227742,1500.008065,0.691999903,0.308000097,0,2.495264516,0,12675.21935,13609.63226,49.125,50.75,50,49.312,48.937,1038.004516,462.0035484,0,1784654652,0,1784650356,11:12:35,1784650356,1784650347,3,-0.091,0.025,-43.394,-4.345,443,17,0.18,0.01,8.176329805,-45.32422501,5.262495286,0,2.480238235,-0.086403366,0.240025599,1,0.46101622,-0.220316279,0.038459708,0,1,3,1/3,2.94841,2.7644,0.108191,0.102034,0.109935,0.0922499,27478.8,18342.9,31595.9,22259.5,37875.8,27447.4,45375,32544.2,1.63025,2.61685,0.172291,0,34.6592,999.9,52.7,38,34.745,61.6278,96.9231,3,0.475722,0,20.3075,5.21669,12.0339,4.95975,3.301,7700.8,9999,9999,121.4,4.97309,1.87547,1.88167,1.88111,1.87881,1.87454,1.87454,1.87691,0,0,0,0,11111111,oooooooo,on,on,on,on,0,100,100,-42.636,-4.5589,-26.56035854,-0.03980678,1.13121E-05,-1.30028E-09,-1.231787526,-0.229565736,0.008659861,-0.000222848,3,2129,1,23,72.4,72.5,0.155029,4.99878,2.89795,2.89551,2.99805,2.28882,40.502,14.3422,2,397.48,1355.72,35.7535,33.5902,30,33.2675,33.1059,-1,40,10,-999.9,400,20,99.2876,85.5137
76,1784654818,9787.6,20260721 12:26:58,12:26:58,15,1784654810,0.000345758,0.345757561,0.980042569,427.9495806,184.8858538,18.6870523,43.25434334,0.007156931,2.945306259,0.007147284,0.004467918,266.1508493,38.6590142,37.55241613,6.497492147,28.38290538,1.808869266,6.373094093,4.688622881,-15.24790844,-56.38846166,-4.575417526,189.9390617,3.15604303,0.319487192,0.980042569,438.0933633,437.3950121,-0.130252264,66.74627743,0.345757561,17.34364013,17.89507455,-4.76051E-05,78.43,0,0,1,0,51601.16418,1500.009032,1273.867384,0.849239809,0.177432831,6,0.5,0: Broadleaf,2,TRUE,1784654810,427.9495806,433.2929355,17.89658065,17.38740968,470.8816452,22.43664839,369.7415806,100.9734194,0.100037181,37.19729677,37.55241613,999.9,0,0,9992.824516,0,121.3083226,-5.343291677,435.7481613,440.960129,0.509162968,433.2929355,17.38740968,1.807078065,1.755666452,15.84814516,15.39754194,1500.009032,0.692006613,0.307993387,0,2.449190323,0,12690.68387,13609.69032,49.125,50.774,50,49.375,48.9613871,1038.015806,461.9932258,0,1784654772,0,1784650356,11:12:35,1784650356,1784650347,3,-0.091,0.025,-43.394,-4.345,443,17,0.18,0.01,-10.18193273,85.82472554,8.671426098,0,2.448802941,-0.317587475,0.210282821,1,0.496354488,0.300922787,0.034011217,0,1,3,1/3,2.94821,2.76438,0.110125,0.101093,0.109558,0.0915462,27419.2,18363.6,31596,22261.3,37891.6,27470.9,45374.6,32546.8,1.62997,2.6186,0.170927,0,34.8121,999.9,52.3,38.1,34.6716,61.7778,96.9231,3,0.476872,0,20.3076,5.21624,12.0338,4.9596,3.301,7700.8,9999,9999,121.4,4.97306,1.87546,1.88167,1.88111,1.87881,1.87454,1.87454,1.87685,0,0,0,0,11111111,oooooooo,on,on,on,on,0,100,100,-42.971,-4.5396,-26.56035854,-0.03980678,1.13121E-05,-1.30028E-09,-1.231787526,-0.229565736,0.008659861,-0.000222848,3,2129,1,23,74.4,74.5,0.155029,4.99878,2.89795,2.89551,2.99805,2.28271,40.502,14.3247,2,397.36,1358.32,35.7856,33.5992,30.0001,33.2734,33.1088,-1,40,10,-999.9,400,20,99.2871,85.5207
77,1784654939,9908,20260721 12:28:58,12:28:58,15,1784654931,0.000798868,0.798868,1.512936609,416.3143,270.7537138,27.36835313,42.08192241,0.019709325,2.945331689,0.019636346,0.012279251,266.2586477,37.82738296,36.44447333,6.116199349,35.44933918,2.172467882,6.128373427,3.943731466,-35.23007882,5.762442722,0.463455679,237.2544673,4.267692633,2.390441175,1.512936609,433.5603096,423.5233758,0.982663975,66.73139662,0.798868,17.46240604,22.11054242,-0.373912424,78.43,0,0,1,0,51721.29358,1500.619,1274.38517,0.84923966,0.177432545,6,0.5,0: Broadleaf,2,TRUE,1784654931,416.3143,425.3802333,21.49211333,17.46278667,458.8843,26.18029,348.3061667,100.9706,0.11149689,36.48076333,36.44447333,999.9,0,0,9993.248,0,129.1459333,-9.065818567,425.4408333,432.9406,4.029315333,425.3802333,17.46278667,2.170072,1.763229,18.64839667,15.46456,1500.619,0.692011667,0.307988367,0,2.52234,0,15248.23333,13615.24333,49.0746,50.812,50,49.3498,48.937,1038.445333,462.1736667,0,1784654892,0,1784650356,11:12:35,1784650356,1784650347,3,-0.091,0.025,-43.394,-4.345,443,17,0.18,0.01,-7.010637735,-49.59453617,6.955941104,0,2.499920588,0.567744831,0.337501724,1,3.1393196,23.18123212,2.633840141,0,1,3,1/3,2.94713,2.76433,0.107494,0.100816,0.123433,0.0917728,27499.9,18369,31595.3,22261,37299.7,27463.8,45373.7,32546.6,1.62427,2.6147,0.164006,0,34.5408,999.9,52.4,38.1,34.7374,61.5979,25.9575,3,0.477523,0,20.3074,5.2089,12.0339,4.9592,3.30032,7700.8,9999,9999,121.4,4.97303,1.87546,1.88169,1.88112,1.87881,1.87454,1.87454,1.87689,0,0,0,0,11111111,oooooooo,on,on,on,on,0,100,100,-42.51,-4.6552,-26.56035854,-0.03980678,1.13121E-05,-1.30028E-09,-4.655132489,0,0,0,3,2129,1,23,76.4,76.5,0.155029,4.99878,2.89795,2.89551,2.99805,2.28394,40.5275,14.3072,2,394.402,1352.76,35.7526,33.6105,30,33.3035,33.1176,-1,40,10,-999.9,400,20,99.2851,85.5198
78,1784655264,10233.5,20260721 12:34:24,12:34:24,15,1784655256,3.74529E-05,0.037452898,-0.304543886,417.8026333,966.2416285,97.65532945,42.22613951,0.000812961,2.946197495,0.000812836,0.000508034,266.1443271,37.78380417,36.7588,6.222345706,28.91742084,1.749143974,6.048755121,4.473201732,-1.65167278,-82.04113102,-6.598808627,175.8527147,-2.865354131,0.055137712,-0.304543886,416.9384909,421.3569697,-0.549351462,66.74379499,0.037452898,17.17042471,17.27362485,-0.005156277,78.43,0,0,1,0,51785.54534,1499.968667,1273.833435,0.84924003,0.177433258,6,0.5,0: Broadleaf,2,TRUE,1784655256,417.8026333,413.1659333,17.30674333,17.21835333,460.4198333,21.72334,367.8026333,100.9670333,0.10015997,36.24228333,36.7588,999.9,0,0,9998.520333,0,13.48921233,4.636750927,425.1608667,420.4047667,0.088378413,413.1659333,17.21835333,1.747411333,1.738488,15.32413333,15.24439333,1499.968667,0.6919984,0.308001233,0,2.57411,0,478.3164333,13609.27333,48.937,50.52066667,49.812,49.0662,48.6975,1037.975667,461.9913333,0,1784655218,0,1784650356,11:12:35,1784650356,1784650347,3,-0.091,0.025,-43.394,-4.345,443,17,0.18,0.01,4.534977922,3.406365374,2.692964243,0,2.529697059,0.569905275,0.184965869,1,0.087572015,0.102666017,0.020153252,0,1,3,1/3,2.94621,2.76453,0.107346,0.100915,0.106935,0.0910129,27508.7,18369.3,31600.4,22263.8,38011.2,27489.5,45384.1,32549.8,1.62633,2.6159,0.141013,0,34.4998,999.9,51.8,38.2,34.5276,61.6079,96.9231,3,0.478067,0,20.3081,5.21205,12.0339,4.9596,3.301,7700.8,9999,9999,121.5,4.97302,1.87546,1.88168,1.8811,1.87881,1.87454,1.87454,1.87686,0,0,0,0,11111111,oooooooo,on,on,on,on,0,100,100,-42.494,-4.4093,-26.56035854,-0.03980678,1.13121E-05,-1.30028E-09,-1.231787526,-0.229565736,0.008659861,-0.000222848,3,2129,1,23,81.8,82,0.155029,4.99878,2.89795,2.89551,2.99805,2.32666,40.4255,14.2896,2,395.423,1354.6,35.4759,33.6053,30.0001,33.2854,33.1228,-1,40,10,-999.9,400,20,99.305,85.5293
79,1784655439,10408,20260721 12:37:18,12:37:18,15,1784655431,0.000795408,0.795408269,2.349574655,442.8429,218.0595658,22.03788017,44.75528845,0.018651076,2.946804331,0.018585742,0.011621939,266.1491792,37.81440347,36.26023667,6.054717542,31.0205801,1.899742965,6.124137456,4.154974577,-35.07750467,33.02974025,2.652621218,266.754036,4.207775106,0.794580569,2.349574655,459.1376215,453.146503,0.296400405,66.75159079,0.795408269,17.54744729,18.81500485,0.000161583,78.43,0,0,1,0,51764.79797,1500.004333,1273.86296,0.84923952,0.177432274,6,0.5,0: Broadleaf,2,TRUE,1784655431,442.8429,450.2563333,18.79750333,17.52989667,486.2337333,23.54181667,369.0314,100.9635667,0.100012423,36.46814333,36.26023667,999.9,0,0,10002.31267,0,16.03876667,-7.4133502,451.3266333,458.2900333,1.267607333,450.2563333,17.52989667,1.897866,1.769883333,16.61704667,15.52329667,1500.004333,0.692016733,0.307983267,0,2.54823,0,27439.48667,13609.67333,48.875,50.3666,49.6954,48.9412,48.6622,1038.027,461.9773333,0,1784655393,0,1784650356,11:12:35,1784650356,1784650347,3,-0.091,0.025,-43.394,-4.345,443,17,0.18,0.01,-4.423376537,-50.7126752,5.27190354,0,2.564608824,0.624954926,0.261158546,1,1.291664878,-0.401056307,0.045068853,0,1,3,1/3,2.94764,2.76463,0.11291,0.107541,0.113406,0.0922258,27336.4,18231.2,31599.3,22260.6,37734.3,27448.9,45382.4,32545,1.63008,2.61415,0.156015,0,33.7393,999.9,52.3,38.1,34.671,61.8179,96.9231,3,0.477027,0,20.3081,5.21549,12.0339,4.9597,3.301,7700.8,9999,9999,121.6,4.97303,1.87546,1.88168,1.88111,1.87881,1.87454,1.87454,1.87689,0,0,0,0,11111111,oooooooo,on,on,on,on,0,100,100,-43.452,-4.7486,-26.56035854,-0.03980678,1.13121E-05,-1.30028E-09,-1.231787526,-0.229565736,0.008659861,-0.000222848,3,2129,1,23,84.7,84.9,0.153809,4.99878,2.89795,2.89551,2.99805,2.32422,40.3491,14.2634,2,397.425,1351.79,35.2786,33.5837,29.9997,33.2752,33.1088,-1,40,10,-999.9,400,20,99.3016,85.5166
80,1784655466,10435.5,20260721 12:37:46,12:37:46,15,1784655458,0.000837716,0.837716197,1.936747701,434.5717,252.710423,25.54006403,43.91979132,0.019634057,2.946297159,0.019561657,0.012232518,266.1486613,37.79883429,36.24636667,6.050110775,30.90480966,1.892143558,6.122488957,4.157967217,-36.9432843,34.44673939,2.766644789,266.4187612,-5.875466734,0.903411477,1.936747701,432.0382104,434.9222485,-0.858706985,66.75159079,0.837716197,17.25614319,18.65948667,-0.008238286,78.43,0,0,1,0,51751.33212,1500,1273.85941,0.849239607,0.177432441,6,0.5,0: Broadleaf,2,TRUE,1784655458,434.5717,425.6695333,18.72213,17.28278333,477.7080667,23.44858333,369.5417,100.9645667,0.09997878,36.46323,36.24636667,999.9,0,0,9999.331,0,16.80578333,8.902087333,442.8633,433.1558,1.439340667,425.6695333,17.28278333,1.890272,1.744949667,16.55394,15.30215667,1500,0.6920123,0.307987633,0,2.440406667,0,26653.42667,13609.61667,48.812,50.312,49.64773333,48.93493333,48.625,1038.019667,461.9803333,0,1784655420,0,1784650356,11:12:35,1784650356,1784650347,3,-0.091,0.025,-43.394,-4.345,443,17,0.18,0.01,7.424484634,8.575215052,4.102549066,0,2.452770588,0.579388846,0.239770955,1,1.426357805,0.161386829,0.028526769,0,1,3,1/3,2.94778,2.76427,0.109631,0.101645,0.112741,0.0911419,27439.1,18355,31601.2,22264.5,37764.3,27486.6,45384.6,32550.9,1.63057,2.61515,0.161219,0,33.6331,999.9,52,38.1,34.4739,61.568,96.9231,3,0.4755,0,20.3073,5.21025,12.0339,4.9591,3.30025,7700.8,9999,9999,121.6,4.97302,1.87546,1.88164,1.88111,1.87881,1.87454,1.87454,1.87685,0,0,0,0,11111111,oooooooo,on,on,on,on,0,100,100,-42.884,-4.7109,-26.56035854,-0.03980678,1.13121E-05,-1.30028E-09,-1.231787526,-0.229565736,0.008659861,-0.000222848,3,2129,1,23,85.2,85.3,0.153809,4.99878,2.89795,2.89551,2.99805,2.2937,40.3237,14.2634,2,397.63,1352.98,35.2479,33.5683,29.9998,33.2622,33.0978,-1,40,10,-999.9,400,20,99.3068,85.5321
81,1784655591,10560.5,20260721 12:39:51,12:39:51,15,1784655583,0.001329893,1.329893127,1.762101049,443.0220323,328.8746875,33.23697275,44.77301469,0.032058766,2.947376543,0.031866297,0.019933632,266.145716,37.60718863,36.13136452,6.012031201,32.13835221,1.960691559,6.100784341,4.051339641,-58.64828688,42.43678756,3.404160731,253.3383774,-15.78702881,1.425737715,1.762101049,414.0558586,430.9316788,-2.822633228,66.75159079,1.329893127,16.94886326,19.25137758,-0.025726528,78.43,0,0,1,0,51792.5935,1499.979677,1273.842494,0.849239835,0.177432881,6,0.5,0: Broadleaf,2,TRUE,1784655583,443.0220323,418.7252258,19.40073871,17.15937097,486.4169032,24.29385484,374.2564839,100.9627742,0.099952787,36.39843226,36.13136452,999.9,0,0,10005.64419,0,10.99295161,24.29679355,451.7879355,426.0388387,2.241366774,418.7252258,17.15937097,1.958754516,1.732459032,17.11470968,15.18931613,1499.979677,0.692006258,0.307993742,0,2.585267742,0,25447.73548,13609.40645,48.649,50.137,49.49593548,48.75,48.409,1037.994194,461.9854839,0,1784655545,0,1784650356,11:12:35,1784650356,1784650347,3,-0.091,0.025,-43.394,-4.345,443,17,0.18,0.01,22.0144061,38.60965505,6.532967132,0,2.594632353,-0.119778454,0.244986523,1,2.147327805,2.04298453,0.215591746,0,1,3,1/3,2.9524,2.76458,0.108778,0.0983197,0.115207,0.0901229,27467.9,18427.5,31603.7,22269.7,37659.8,27525.7,45385.7,32560.6,1.64053,2.6148,0.169206,0,33.3853,999.9,51.7,38.1,34.2732,61.338,96.9191,3,0.467063,0,20.308,5.2116,12.0338,4.95935,3.301,7700.8,9999,9999,121.6,4.97301,1.87546,1.8817,1.8811,1.8788,1.87454,1.87454,1.87684,0,0,0,0,11111111,oooooooo,on,on,on,on,0,100,100,-42.733,-4.8527,-26.56035854,-0.03980678,1.13121E-05,-1.30028E-09,-1.231787526,-0.229565736,0.008659861,-0.000222848,3,2129,1,23,87.3,87.4,0.153809,4.99878,2.89795,2.89429,2.99805,2.30469,40.2728,14.2546,2,402.732,1351.12,35.1424,33.4788,29.9999,33.1902,33.0351,-1,40,10,-999.9,400,20,99.3113,85.5551
82,1784655711,10680.5,20260721 12:41:51,12:41:51,15,1784655703,0.001307634,1.307633666,3.213754518,426.6663226,239.6032484,24.21491483,43.11998577,0.031372088,2.946383788,0.031187688,0.019508782,266.1486889,37.55137361,36.07891935,5.994734761,31.63428639,1.923391446,6.080084824,4.071343315,-57.66664466,40.90731315,3.280754668,252.6701121,2.345905838,1.304713223,3.213754518,439.8069337,434.4841152,0.012784558,66.74338955,1.307633666,17.00371563,19.05424909,0.000347573,78.43,0,0,1,0,51774.94502,1500.000645,1273.859913,0.849239577,0.177432383,6,0.5,0: Broadleaf,2,TRUE,1784655703,426.6663226,431.3128065,19.03169355,16.98284516,469.5587097,23.83251935,374.8102581,100.9625484,0.099999774,36.33644839,36.07891935,999.9,0,0,10000.02323,0,10.42810323,-4.64667871,434.9439677,438.7644839,2.048863548,431.3128065,16.98284516,1.921488387,1.714630323,16.81179677,15.02949677,1500.000645,0.692013968,0.307986032,0,2.536274194,0,24699.34839,13609.64516,48.625,50.125,49.429,48.75,48.375,1038.021613,461.9790323,0,1784655665,0,1784650356,11:12:35,1784650356,1784650347,3,-0.091,0.025,-43.394,-4.345,443,17,0.18,0.01,-4.76895275,2.264564916,1.723662967,0,2.6032,-0.515425508,0.250675625,1,2.0568815,-0.251389418,0.036908708,0,1,3,1/3,2.95346,2.76451,0.1096,0.102579,0.11444,0.0899971,27445.3,18342.6,31606.5,22272.1,37695.7,27532.2,45389.6,32563.6,1.64307,2.6222,0.164952,0,33.4034,999.9,51.4,38.1,34.0762,61.878,96.8389,3,0.462182,0,20.308,5.21444,12.0339,4.95965,3.301,7700.8,9999,9999,121.7,4.97306,1.87546,1.88168,1.8811,1.87878,1.87454,1.87454,1.87686,0,0,0,0,11111111,oooooooo,on,on,on,on,0,100,100,-42.873,-4.8065,-26.56035854,-0.03980678,1.13121E-05,-1.30028E-09,-1.231787526,-0.229565736,0.008659861,-0.000222848,3,2129,1,23,89.3,89.4,0.153809,4.99878,2.89795,2.89429,2.99805,2.29736,40.222,14.2196,2,403.856,1361.06,35.0863,33.4151,29.9999,33.1368,32.9859,-1,40,10,-999.9,400,20,99.3201,85.5637
83,1784655831,10800.5,20260721 12:43:51,12:43:51,15,1784655823,0.001382415,1.382414694,3.208536103,433.312129,254.8492118,25.75540473,43.7911076,0.033207565,2.945323763,0.033000959,0.020644055,266.149527,37.52309591,36.09627097,6.000452541,31.81128563,1.933148724,6.076927372,4.067303817,-60.96448802,36.63348403,2.939164457,244.7576875,7.014360555,1.366308663,3.208536103,451.3437948,444.9676,0.167257675,66.74338955,1.382414694,17.00486486,19.15831939,0.001365804,78.43,0,0,1,0,51746.59088,1500,1273.859859,0.849239906,0.177433018,6,0.5,0: Broadleaf,2,TRUE,1784655823,433.312129,445.4551613,19.12846774,16.98898387,476.4098387,23.95310323,375.8401613,100.9613548,0.099992561,36.32697742,36.09627097,999.9,0,0,9994.118065,0,10.91292903,-12.14302839,441.7623548,453.1537742,2.139479677,445.4551613,16.98898387,1.931237097,1.715232581,16.89154194,15.03495161,1500,0.692004355,0.30799571,0,2.539522581,0,24218.51935,13609.59355,48.625,50.07012903,49.375,48.75,48.375,1038.005161,461.9954839,0,1784655785,0,1784650356,11:12:35,1784650356,1784650347,3,-0.091,0.025,-43.394,-4.345,443,17,0.18,0.01,-11.36187439,-1.556005087,2.960761383,0,2.581079412,0.105795253,0.247216445,1,2.149689756,-0.144228293,0.020502066,0,1,3,1/3,2.9538,2.76445,0.111512,0.106364,0.114896,0.090364,27388.2,18265.6,31608.4,22272.4,37678.4,27521.7,45392.4,32564.2,1.64412,2.6208,0.163086,0,33.4469,999.9,51.4,38.1,34.0779,61.728,91.9631,3,0.458643,0,20.3079,5.21474,12.0332,4.9595,3.301,7700.8,9999,9999,121.7,4.97303,1.87546,1.88165,1.88112,1.8788,1.87454,1.87454,1.87685,0,0,0,0,11111111,oooooooo,on,on,on,on,0,100,100,-43.201,-4.8328,-26.56035854,-0.03980678,1.13121E-05,-1.30028E-09,-1.231787526,-0.229565736,0.008659861,-0.000222848,3,2129,1,23,91.3,91.4,0.153809,4.99878,2.89795,2.89307,2.99805,2.229,40.1967,14.2108,2,404.18,1358,35.044,33.3651,30,33.0895,32.9411,-1,40,10,-999.9,400,20,99.3262,85.5651
84,1784655951,10920.5,20260721 12:45:51,12:45:51,15,1784655943,0.001321442,1.32144196,2.868271802,429.5619677,262.9999284,26.57912571,43.41210894,0.03211396,2.94547202,0.031920705,0.019967707,266.1484421,37.4372805,35.98706774,5.964546182,32.17769655,1.944553882,6.043173037,4.019992299,-58.27559045,37.85601046,3.033993417,248.7628555,1.506454961,1.321797858,2.868271802,439.1425884,436.0522182,-0.224829432,66.74338955,1.32144196,17.1968736,19.2637897,0.00012989,78.43,0,0,1,0,51767.763,1500.002258,1273.861006,0.849239393,0.177432028,6,0.5,0: Broadleaf,2,TRUE,1784655943,429.5619677,432.8718065,19.24132258,17.17273871,472.5440968,24.09403548,376.015129,100.9613226,0.100019432,36.22546129,35.98706774,999.9,0,0,9994.963548,0,12.85260968,-3.309848935,437.9894516,440.4353226,2.068579677,432.8718065,17.17273871,1.942627742,1.733780968,16.98430645,15.20222258,1500.002258,0.692020226,0.307979742,0,2.587367742,0,23945.10323,13609.67097,48.57825806,50,49.375,48.74796774,48.37093548,1038.031935,461.9703226,0,1784655905,0,1784650356,11:12:35,1784650356,1784650347,3,-0.091,0.025,-43.394,-4.345,443,17,0.18,0.01,-3.995028951,6.596915101,2.143066998,0,2.598785294,-0.027903744,0.226278366,1,2.071041951,-0.064692753,0.012111274,1,2,3,2/3,2.95422,2.76422,0.109892,0.104123,0.115342,0.091064,27439,18310.4,31609.2,22271,37660.5,27498.4,45393.9,32561.7,1.645,2.61947,0.16214,0,33.366,999.9,51.8,38,34.1581,61.848,80.7171,3,0.456814,0,20.3078,5.21489,12.0338,4.95965,3.301,7700.8,9999,9999,121.7,4.97305,1.87546,1.8816,1.8811,1.8788,1.87454,1.87454,1.87685,0,0,0,0,11111111,oooooooo,on,on,on,on,0,100,100,-42.919,-4.8588,-26.56035854,-0.03980678,1.13121E-05,-1.30028E-09,-1.231787526,-0.229565736,0.008659861,-0.000222848,3,2129,1,23,93.3,93.4,0.153809,4.99878,2.89795,2.89185,2.99805,2.33154,40.146,14.2108,2,404.472,1355.26,34.9746,33.3323,29.9999,33.0542,32.9059,-1,40,10,-999.9,400,20,99.3291,85.559
85,1784656071,11040.5,20260721 12:47:51,12:47:51,15,1784656063,0.001282936,1.282935873,3.873730015,426.2136452,204.1807175,20.63520058,43.0746065,0.030982814,2.9458408,0.030802915,0.019267898,266.1483709,37.49699709,36.06032258,5.988611926,32.0893919,1.944546172,6.059778812,4.044065754,-56.57747202,34.16801803,2.739712152,246.4786291,8.799908826,1.227401694,3.873730015,451.9435485,440.7022121,0.710936388,66.74338955,1.282935873,17.32812696,19.29130364,0.005403983,78.43,0,0,1,0,51769.84553,1499.999355,1273.858771,0.849239546,0.177432324,6,0.5,0: Broadleaf,2,TRUE,1784656063,426.2136452,441.0883548,19.24085161,17.32023871,469.091871,24.09346129,376.0629032,100.9634194,0.099995648,36.27546452,36.06032258,999.9,0,0,9996.85129,0,12.98457742,-14.87470419,434.5753871,448.862871,1.920603548,441.0883548,17.32023871,1.942620323,1.748710968,16.98423548,15.33569032,1499.999355,0.692015613,0.307984387,0,2.582964516,0,23541.44194,13609.62903,48.562,50.018,49.32825806,48.73374194,48.312,1038.022258,461.9770968,0,1784656025,0,1784650356,11:12:35,1784650356,1784650347,3,-0.091,0.025,-43.394,-4.345,443,17,0.18,0.01,-16.0631495,29.03986356,3.497651497,0,2.566535294,0.264678381,0.249162388,1,1.91702975,0.135824128,0.02767176,0,1,3,1/3,2.95451,2.76445,0.110755,0.103239,0.115467,0.091085,27412.4,18327.8,31609.2,22270.3,37655.5,27497,45394.2,32560.8,1.64565,2.61618,0.165619,0,33.3934,999.9,52,38,34.2849,61.458,69.7236,3,0.456418,0,20.3079,5.21504,12.033,4.95955,3.301,7700.8,9999,9999,121.8,4.97303,1.87546,1.88162,1.8811,1.87881,1.87454,1.87454,1.87689,0,0,0,0,11111111,oooooooo,on,on,on,on,0,100,100,-43.066,-4.8658,-26.56035854,-0.03980678,1.13121E-05,-1.30028E-09,-1.231787526,-0.229565736,0.008659861,-0.000222848,3,2129,1,23,95.3,95.4,0.153809,4.99878,2.89795,2.89307,2.99805,2.29126,40.146,14.1933,2,404.736,1350.05,34.9648,33.3174,30.0002,33.0365,32.8883,-1,40,10,-999.9,400,20,99.3295,85.5564
86,1784656191,11160.5,20260721 12:49:51,12:49:51,15,1784656183,0.001258751,1.258751071,3.205839292,421.970129,232.3223504,23.47946733,42.64606414,0.030671923,2.946982471,0.030495673,0.019075546,266.1482871,37.40935559,35.92986452,5.945812184,32.12823255,1.936934089,6.028760175,4.008878095,-55.51092225,40.05307296,3.206865511,253.8973033,1.646611174,1.286158498,3.205839292,433.628479,428.7661394,-0.048111984,66.74338955,1.258751071,17.17393579,19.14454848,-0.000416583,78.43,0,0,1,0,51817.7561,1500,1273.859216,0.849239477,0.177432191,6,0.5,0: Broadleaf,2,TRUE,1784656183,421.970129,425.4584516,19.1653871,17.15539032,464.7168387,23.99917097,376.5703871,100.9642258,0.099951981,36.18196452,35.92986452,999.9,0,0,10003.26,0,14.956,-3.488413968,430.2153548,432.8849032,2.009999355,425.4584516,17.15539032,1.935017419,1.732080323,16.92239355,15.18694839,1500,0.692017742,0.307982226,0,2.53606129,0,23291.47419,13609.63871,48.562,50.08841935,49.35264516,48.786,48.312,1038.026129,461.973871,0,1784656145,0,1784650356,11:12:35,1784650356,1784650347,3,-0.091,0.025,-43.394,-4.345,443,17,0.18,0.01,-0.740562024,-48.79508542,4.939158156,0,2.561997059,0.140673793,0.220851344,1,2.022813659,-0.264882857,0.033503163,0,1,3,1/3,2.95493,2.76447,0.108684,0.103429,0.114847,0.0909091,27476.5,18324.8,31609.4,22271.2,37681.6,27503.5,45394,32562.2,1.64608,2.62285,0.162236,0,33.2691,999.9,51.9,38,34.2208,61.638,51.238,3,0.4561,0,20.3081,5.21489,12.0338,4.9597,3.301,7700.8,9999,9999,121.8,4.97301,1.87546,1.88158,1.8811,1.87877,1.87454,1.87454,1.87683,0,0,0,0,11111111,oooooooo,on,on,on,on,0,100,100,-42.709,-4.8287,-26.56035854,-0.03980678,1.13121E-05,-1.30028E-09,-1.231787526,-0.229565736,0.008659861,-0.000222848,3,2129,1,23,97.3,97.4,0.153809,4.99878,2.89795,2.89185,2.99805,2.25952,40.1206,14.1671,2,404.924,1359.65,34.9296,33.3144,30.0002,33.0276,32.8766,-1,40,10,-999.9,400,20,99.3294,85.5601
87,1784656311,11280.5,20260721 12:51:51,12:51:51,15,1784656303,0.001195728,1.195727596,3.220793658,417.0815484,218.8418165,22.11636004,42.15065401,0.029200685,2.946316567,0.029040854,0.018164821,266.1478889,37.3526582,35.85603548,5.921708825,32.01076805,1.922108041,6.004567082,3.999600784,-52.73158696,40.14137717,3.212368314,256.7700474,1.737930863,1.223825394,3.220793658,431.0161302,424.4716545,0.190641955,66.74338955,1.195727596,17.1720647,19.03439273,0.000687498,78.43,0,0,1,0,51811.1525,1499.996452,1273.856323,0.849239557,0.177432346,6,0.5,0: Broadleaf,2,TRUE,1784656303,417.0815484,420.6620645,19.01929677,17.10742581,459.6760968,23.8171,376.7667742,100.9609677,0.099973868,36.10874839,35.85603548,999.9,0,0,9999.797742,0,14.57422903,-3.580644635,425.167871,427.9839677,1.911880323,420.6620645,17.10742581,1.920207419,1.727182903,16.8012871,15.14282258,1499.996452,0.69201529,0.30798471,0,2.610145161,0,22963.8129,13609.60645,48.5,50.054,49.312,48.7256129,48.25,1038.019677,461.9767742,0,1784656265,0,1784650356,11:12:35,1784650356,1784650347,3,-0.091,0.025,-43.394,-4.345,443,17,0.18,0.01,-1.347180334,-49.14488886,5.054950762,0,2.606267647,-0.3941039,0.23809883,1,1.949622927,-0.839108571,0.085616369,0,1,3,1/3,2.9549,2.76446,0.107896,0.10155,0.114388,0.09086,27501.1,18363.6,31609.7,22271.7,37701.7,27505.4,45394.6,32562.7,1.64627,2.6197,0.167288,0,33.1624,999.9,51.9,38,34.2218,61.548,31.3502,3,0.456494,0,20.3081,5.21579,12.033,4.9597,3.301,7700.8,9999,9999,121.8,4.97302,1.87546,1.8816,1.8811,1.87881,1.87454,1.87454,1.87685,0,0,0,0,11111111,oooooooo,on,on,on,on,0,100,100,-42.574,-4.8018,-26.56035854,-0.03980678,1.13121E-05,-1.30028E-09,-1.231787526,-0.229565736,0.008659861,-0.000222848,3,2129,1,23,99.3,99.4,0.153809,4.99878,2.89795,2.8894,2.99805,2.30103,40.1206,14.1495,2,405.02,1354.92,34.8489,33.3114,30.0002,33.0247,32.8737,-1,40,10,-999.9,400,20,99.3308,85.5616
88,1784656431,11400.5,20260721 12:53:51,12:53:51,15,1784656423,0.001140486,1.140486223,3.827945968,411.9251613,170.2730732,17.20717749,41.62765862,0.027666293,2.947060157,0.02752281,0.017214585,266.1485204,37.35136485,35.9019129,5.936676665,31.86452789,1.911728205,5.999549754,4.024948461,-50.29544244,30.44484855,2.43613809,248.7340646,8.207648624,1.189821747,3.827945968,438.4954383,425.497297,0.979267297,66.74338955,1.140486223,17.15054583,18.9282097,0.000253093,78.43,0,0,1,0,51834.61164,1499.999355,1273.858848,0.849239598,0.177432423,6,0.5,0: Broadleaf,2,TRUE,1784656423,411.9251613,425.7599032,18.91744516,17.06070645,454.3587097,23.69049677,377.2140968,100.9564194,0.099943616,36.09353226,35.9019129,999.9,0,0,10004.47516,0,13.40396452,-13.83471935,419.868129,433.1501935,1.856736774,425.7599032,17.06070645,1.909836129,1.722386774,16.71599032,15.09957742,1499.999355,0.692012677,0.307987323,0,2.606232258,0,22592.63226,13609.62581,48.562,50.016,49.32622581,48.687,48.304,1038.019677,461.9796774,0,1784656385,0,1784650356,11:12:35,1784650356,1784650347,3,-0.091,0.025,-43.394,-4.345,443,17,0.18,0.01,-11.12502073,-51.01180578,5.20646314,0,2.574585294,0.785012978,0.291599124,1,1.889227561,-0.564301882,0.05944644,0,1,3,1/3,2.95525,2.76433,0.108184,0.103712,0.113942,0.0910257,27490.3,18317.6,31607.7,22269.6,37718,27497.4,45391.2,32559.1,1.64673,2.6226,0.144847,0,33.5706,999.9,51.9,37.9,34.0411,61.7281,8.04487,3,0.460577,0,20.3076,5.21579,12.0339,4.9597,3.301,7700.8,9999,9999,121.9,4.97304,1.87546,1.88162,1.8811,1.87879,1.87454,1.87454,1.87683,0,0,0,0,11111111,oooooooo,on,on,on,on,0,100,100,-42.626,-4.7766,-26.56035854,-0.03980678,1.13121E-05,-1.30028E-09,-1.231787526,-0.229565736,0.008659861,-0.000222848,3,2129,1,23,101.3,101.4,0.155029,4.99878,2.89795,2.88818,2.99805,2.26807,40.1206,14.1495,2,405.382,1359.61,34.8125,33.3383,30.0004,33.0453,32.8912,-1,40,10,-999.9,400,20,99.3237,85.5527
89,1784656551,11520.5,20260721 12:55:51,12:55:51,15,1784656543,0.00115078,1.150780041,2.645466127,430.476129,255.474683,25.81615476,43.50035095,0.027920775,2.945289807,0.02777456,0.017372173,266.1503194,37.35762108,35.91353226,5.940472776,31.92759426,1.916375032,6.002253149,4.024097744,-50.7493998,29.88361254,2.392896583,247.6774287,-3.722478834,1.192353429,2.645466127,427.4764643,431.0997394,-1.137077228,66.74338955,1.150780041,17.03053375,18.91062182,-0.010013437,78.43,0,0,1,0,51783.13871,1500.002903,1273.862468,0.849240001,0.177433203,6,0.5,0: Broadleaf,2,TRUE,1784656543,430.476129,425.3647097,18.9643,17.10120645,473.4862903,23.7487,376.7093548,100.9517097,0.100004955,36.10173226,35.91353226,999.9,0,0,9994.88,0,12.93962258,5.111450355,438.7976774,432.7661613,1.86308871,425.3647097,17.10120645,1.914476452,1.726394194,16.75417742,15.13567419,1500.002903,0.69199929,0.30800071,0,2.521187097,0,22266.2129,13609.59032,48.562,49.937,49.312,48.647,48.304,1038.001935,462.0009677,0,1784656505,0,1784650356,11:12:35,1784650356,1784650347,3,-0.091,0.025,-43.394,-4.345,443,17,0.18,0.01,0.804093525,77.45631718,8.592537467,0,2.502673529,0.067066462,0.182356895,1,1.8196055,0.910123902,0.093959205,0,1,3,1/3,2.95461,2.76441,0.108966,0.100591,0.113823,0.0903704,27463.4,18381.6,31604.7,22270,37720.1,27518.1,45387.4,32560.3,1.6448,2.61895,0.15299,0,33.425,999.9,51.9,37.9,34.0429,61.3081,-12.492,3,0.464926,0,20.3077,5.21699,12.0338,4.95965,3.301,7700.8,9999,9999,121.9,4.97303,1.87546,1.88157,1.8811,1.8788,1.87453,1.87453,1.87684,0,0,0,0,11111111,oooooooo,on,on,on,on,0,100,100,-42.763,-4.7705,-26.56035854,-0.03980678,1.13121E-05,-1.30028E-09,-1.231787526,-0.229565736,0.008659861,-0.000222848,3,2129,1,23,103.3,103.4,0.155029,4.99878,2.89795,2.89185,2.99805,2.27539,40.1206,14.1408,2,404.507,1354.93,34.8007,33.386,30.0003,33.0807,32.9235,-1,40,10,-999.9,400,20,99.315,85.5552
90,1784656671,11640.6,20260721 12:57:51,12:57:51,15,1784656663,0.001084822,1.084822214,2.786030969,415.5885484,226.596131,22.896739,41.99375551,0.026649458,2.946237874,0.026516263,0.016584576,266.1472357,37.24684511,35.73992581,5.883973593,32.03540132,1.909422978,5.96035292,3.974550615,-47.84065963,37.22384218,2.975345717,258.5057639,3.339039865,1.123649121,2.786030969,428.7244372,424.1020046,0.015467977,66.74338955,1.084822214,17.08318383,18.84364566,-0.007971609,78.43,0,0,1,0,51831.1728,1499.997742,1273.856961,0.849239253,0.177431758,6,0.5,0: Broadleaf,2,TRUE,1784656663,415.5885484,421.6505161,18.89648387,17.14062903,458.1366129,23.66449032,376.7109032,100.9464194,0.100049977,35.97427742,35.73992581,999.9,0,0,10000.79161,0,12.23454194,-6.061859677,423.5930968,429.0038387,1.755851935,421.6505161,17.14062903,1.90753129,1.730284194,16.69696774,15.17074839,1499.997742,0.692023161,0.307976839,0,2.512883871,0,21888.47419,13609.64839,48.47154839,49.933,49.25,48.62093548,48.187,1038.035806,461.9619355,0,1784656625,0,1784650356,11:12:35,1784650356,1784650347,3,-0.091,0.025,-43.394,-4.345,443,17,0.18,0.01,-6.076841463,-2.164321446,0.726359455,0,2.514205882,-0.001054244,0.219449843,1,1.726866098,0.572468148,0.060596665,0,1,3,1/3,2.95536,2.76438,0.107813,0.101635,0.113533,0.0904826,27499.1,18359.1,31604.9,22268.7,37732.4,27513.2,45387.4,32558.6,1.64618,2.61497,0.159048,0,33.1654,999.9,52.1,37.9,34.174,61.8427,-30.8293,3,0.466562,0,20.3077,5.21699,12.0339,4.9598,3.301,7700.8,9999,9999,121.9,4.97304,1.87546,1.88159,1.8811,1.8788,1.87454,1.87454,1.87683,0,0,0,0,11111111,oooooooo,on,on,on,on,0,100,100,-42.566,-4.7546,-26.56035854,-0.03980678,1.13121E-05,-1.30028E-09,-1.231787526,-0.229565736,0.008659861,-0.000222848,3,2129,1,23,105.3,105.4,0.155029,4.99878,2.89795,2.89185,2.99805,2.27295,40.1206,14.1408,2,405.405,1349.49,34.7393,33.413,30.0002,33.1052,32.9469,-1,40,10,-999.9,400,20,99.3152,85.5505
91,1784656791,11760.6,20260721 12:59:51,12:59:51,15,1784656783,0.000923786,0.923786085,2.610296078,430.4981613,222.6017248,22.49206248,43.49827724,0.022492168,2.947414889,0.022397246,0.014006774,266.1492093,37.33549105,35.8407871,5.916741193,31.97182833,1.910644932,5.976026494,4.006096261,-40.73896633,28.80209342,2.302927429,256.5152638,9.394966702,0.878035413,2.610296078,456.1495382,446.0201939,0.845728944,66.74338955,0.923786085,17.59195312,18.96838061,0.008418061,78.43,0,0,1,0,51856.31817,1500.006129,1273.864335,0.84923942,0.177432081,6,0.5,0: Broadleaf,2,TRUE,1784656783,430.4981613,446.0844516,18.90946452,17.53561935,473.5089677,23.6806129,376.2136774,100.9418065,0.099919513,36.02204516,35.8407871,999.9,0,0,10007.94065,0,12.11864516,-15.58623839,438.7957742,454.0465484,1.37385129,446.0844516,17.53561935,1.908754194,1.770075484,16.70705484,15.52494516,1500.006129,0.692019419,0.307980581,0,2.572,0,21543.62903,13609.71935,48.437,49.933,49.24593548,48.562,48.187,1038.033226,461.9729032,0,1784656745,0,1784650356,11:12:35,1784650356,1784650347,3,-0.091,0.025,-43.394,-4.345,443,17,0.18,0.01,-15.87194341,7.181729059,3.873550167,0,2.577576471,-0.15660199,0.207576896,1,1.396979268,-0.373879024,0.04001709,0,1,3,1/3,2.95418,2.76471,0.111664,0.105669,0.114073,0.0924976,27379.5,18272.3,31604.1,22263.5,37708.9,27445.1,45386.6,32550,1.6435,2.61995,0.160553,0,33.2665,999.9,52.8,37.9,34.6336,61.6027,-48.5617,3,0.468026,0,20.3077,5.21714,12.0332,4.95975,3.301,7700.8,9999,9999,122,4.97302,1.87546,1.8816,1.8811,1.8788,1.87454,1.87454,1.87685,0,0,0,0,11111111,oooooooo,on,on,on,on,0,100,100,-43.234,-4.7863,-26.56035854,-0.03980678,1.13121E-05,-1.30028E-09,-1.231787526,-0.229565736,0.008659861,-0.000222848,3,2129,1,23,107.3,107.4,0.155029,4.99878,2.89795,2.89307,2.99805,2.30591,40.1206,14.1233,2,404.044,1357.37,34.74,33.4339,30.0002,33.128,32.9696,-1,40,10,-999.9,400,20,99.313,85.5291
92,1784656911,11880.6,20260721 13:01:51,13:01:51,15,1784656903,0.000963483,0.963482854,1.523820346,443.1256129,312.6435136,31.59073026,44.77515478,0.02323672,2.946864449,0.023135406,0.014468695,266.1502291,37.38973554,35.93801935,5.948479757,31.74788901,1.90397572,5.997172663,4.044504037,-42.48959385,23.56062212,1.885665155,249.1069225,-5.761678146,0.971874927,1.523820346,432.7656263,442.0182,-1.684170494,66.74338955,0.963482854,17.26457115,18.81313879,-0.00510555,78.43,0,0,1,0,51830.03008,1499.99871,1273.859245,0.849240227,0.177433639,6,0.5,0: Broadleaf,2,TRUE,1784656903,443.1256129,434.6285161,18.84304839,17.32316774,486.5248065,23.59821935,376.4355484,100.9439355,0.099997603,36.08631935,35.93801935,999.9,0,0,10004.59968,0,11.09536774,8.497063516,451.6358065,442.2908387,1.519874516,434.6285161,17.32316774,1.902091613,1.748669032,16.65201935,15.33530323,1499.99871,0.691992548,0.308007452,0,2.521854839,0,21046.61935,13609.52258,48.5,49.98374194,49.296,48.625,48.24593548,1037.987742,462.0109677,0,1784656865,0,1784650356,11:12:35,1784650356,1784650347,3,-0.091,0.025,-43.394,-4.345,443,17,0.18,0.01,2.233573634,100.4397702,10.82374327,0,2.539826471,0.062733374,0.23617696,1,1.477319756,0.707553659,0.072608796,0,1,3,1/3,2.95506,2.76451,0.110829,0.102509,0.113389,0.0912697,27405,18339.6,31603.9,22266.8,37737.6,27486.7,45386,32555.4,1.64505,2.6174,0.150576,0,33.5,999.9,52.5,37.9,34.4369,61.6627,-60.8253,3,0.471011,0,20.3078,5.21729,12.0338,4.95965,3.301,7700.8,9999,9999,122,4.97306,1.87546,1.88158,1.8811,1.87876,1.87454,1.87454,1.87683,0,0,0,0,11111111,oooooooo,on,on,on,on,0,100,100,-43.09,-4.7473,-26.56035854,-0.03980678,1.13121E-05,-1.30028E-09,-1.231787526,-0.229565736,0.008659861,-0.000222848,3,2129,1,23,109.3,109.4,0.155029,4.99878,2.89795,2.88696,2.99805,2.29248,40.146,14.1058,2,405.051,1354.15,34.784,33.4603,30.0002,33.1547,32.9968,-1,40,10,-999.9,400,20,99.3121,85.5427
93,1784657031,12000.6,20260721 13:03:51,13:03:51,15,1784657023,0.000932556,0.932556178,2.094299267,422.4512903,249.1750193,25.17804754,42.68685803,0.022310151,2.944927606,0.022216677,0.013893789,266.1511508,37.40492015,35.93946774,5.948953656,31.19782388,1.871649354,5.999294571,4.077304301,-41.12572746,24.33743501,1.94919277,251.3120511,-6.143777149,1.001285782,2.094299267,414.0862361,420.6283697,-1.426970148,66.74338955,0.932556178,16.94249894,18.46516909,-0.007671758,78.43,0,0,1,0,51774.2877,1500.003548,1273.863387,0.849240249,0.177433681,6,0.5,0: Broadleaf,2,TRUE,1784657023,422.4512903,413.3271935,18.5228129,16.95543871,465.2127419,23.20271935,376.1982903,100.9456129,0.100020071,36.09275806,35.93946774,999.9,0,0,9993.425806,0,9.011454839,9.124056774,430.4241613,420.4564516,1.567382258,413.3271935,16.95543871,1.869796452,1.711574839,16.38279677,15.00180323,1500.003548,0.691991226,0.308008774,0,2.543612903,0,20610.10645,13609.55484,48.538,50,49.312,48.625,48.25,1037.99,462.0135484,0,1784656985,0,1784650356,11:12:35,1784650356,1784650347,3,-0.091,0.025,-43.394,-4.345,443,17,0.18,0.01,7.434027146,39.15861817,5.25208341,0,2.525214706,-0.107781516,0.226238964,1,1.559221463,0.027302509,0.038046834,1,2,3,2/3,2.95428,2.76448,0.107075,0.0979274,0.111928,0.0899468,27518.8,18434.7,31601.9,22268.8,37797.5,27529.8,45383.2,32559.2,1.64328,2.61725,0.149049,0,33.5316,999.9,51.9,37.9,34.0411,61.6027,-75.6691,3,0.475297,0,20.3077,5.21684,12.0339,4.95965,3.301,7700.8,9999,9999,122,4.97305,1.87546,1.88157,1.8811,1.87879,1.87454,1.87454,1.87684,0,0,0,0,11111111,oooooooo,on,on,on,on,0,100,100,-42.445,-4.6658,-26.56035854,-0.03980678,1.13121E-05,-1.30028E-09,-1.231787526,-0.229565736,0.008659861,-0.000222848,3,2129,1,23,111.3,111.4,0.155029,4.99878,2.89795,2.89062,2.99805,2.31567,40.146,14.097,2,404.263,1354.72,34.7851,33.5001,30.0002,33.1911,33.0321,-1,40,10,-999.9,400,20,99.3059,85.5517
94,1784657151,12120.6,20260721 13:05:51,13:05:51,15,1784657143,0.000915925,0.915924662,2.297594483,425.4042258,234.4620888,23.69249979,42.98728882,0.021861766,2.947768781,0.02177209,0.013615582,266.1491453,37.46633918,36.00850323,5.971579476,31.33284848,1.885787868,6.018565049,4.085791608,-40.39227759,22.6681595,1.81487216,250.2398994,-1.656404768,0.861407512,2.297594483,429.6016291,429.1369576,-0.468762657,66.74338955,0.915924662,17.20816778,18.64581455,-0.000305482,78.43,0,0,1,0,51844.84299,1499.997419,1273.857706,0.849239932,0.177433069,6,0.5,0: Broadleaf,2,TRUE,1784657143,425.4042258,423.3446129,18.66184516,17.31214516,468.2574194,23.37407419,375.7866452,100.9504839,0.09996701,36.15114194,36.00850323,999.9,0,0,10009.0929,0,11.11361613,2.059717939,433.4939677,430.8027419,1.349686774,423.3446129,17.31214516,1.883920323,1.747669677,16.50107419,15.32631935,1499.997419,0.692002226,0.307997774,0,2.574693548,0,20440.80645,13609.55806,48.58435484,50,49.375,48.687,48.312,1038.001613,461.9958065,0,1784657105,0,1784650356,11:12:35,1784650356,1784650347,3,-0.091,0.025,-43.394,-4.345,443,17,0.18,0.01,4.907883076,-44.81893603,5.46879633,0,2.528726471,0.33943316,0.213871068,1,1.351075854,0.354464321,0.063322861,0,1,3,1/3,2.95405,2.76456,0.108641,0.101325,0.112675,0.0908983,27468.5,18362.7,31599.7,22265.9,37762.7,27496.8,45379.4,32554.2,1.64247,2.61688,0.151053,0,33.5829,999.9,52.4,37.9,34.3702,61.7227,-87.6522,3,0.47893,0,20.3078,5.21579,12.0339,4.95975,3.301,7700.8,9999,9999,122.1,4.97303,1.87546,1.88157,1.8811,1.87878,1.87454,1.87454,1.87685,0,0,0,0,11111111,oooooooo,on,on,on,on,0,100,100,-42.715,-4.7077,-26.56035854,-0.03980678,1.13121E-05,-1.30028E-09,-1.231787526,-0.229565736,0.008659861,-0.000222848,3,2129,1,23,113.3,113.4,0.155029,4.99878,2.89795,2.89185,2.99805,2.26074,40.146,14.062,2,404.041,1354.98,34.8186,33.548,30.0002,33.2318,33.0697,-1,40,10,-999.9,400,20,99.2982,85.5393
95,1784657271,12240.6,20260721 13:07:51,13:07:51,15,1784657263,0.000725387,0.725386657,2.817376921,426.1923548,146.3028184,14.78388272,43.06668771,0.017341063,2.944832192,0.017284532,0.010807896,266.1499212,37.46601122,35.90633871,5.938122353,31.0066519,1.8609767,6.001862782,4.077145653,-31.98955159,30.83307663,2.469207109,267.4626533,5.250321546,0.724017131,2.817376921,445.7166135,437.196297,0.563797031,66.74338955,0.725386657,17.3673123,18.45561091,0.006094996,78.43,0,0,1,0,51770.37781,1499.999355,1273.859574,0.849240081,0.177433357,6,0.5,0: Broadleaf,2,TRUE,1784657263,426.1923548,435.0796452,18.41641613,17.28020968,469.0699677,23.07186774,375.2927097,100.949871,0.100012316,36.10054839,35.90633871,999.9,0,0,9992.462258,0,12.23983548,-8.887346129,434.1884516,442.7303548,1.136191613,435.0796452,17.28020968,1.859133871,1.744435161,16.29302903,15.29748387,1499.999355,0.691998032,0.308001968,0,2.596680645,0,20192.5,13609.57742,48.558,50.062,49.37093548,48.73787097,48.32825806,1037.995484,462.003871,0,1784657225,0,1784650356,11:12:35,1784650356,1784650347,3,-0.091,0.025,-43.394,-4.345,443,17,0.18,0.01,-7.407556098,-29.30364334,3.233379662,0,2.558902941,0.067940416,0.239827263,1,1.160383171,-0.58961101,0.05926938,0,1,3,1/3,2.95366,2.76428,0.110146,0.104754,0.111902,0.0917384,27421,18291.4,31598.7,22264.4,37794.4,27469.1,45377.9,32551.5,1.6413,2.6151,0.157271,0,33.3638,999.9,52.5,37.8,34.2493,61.7828,-97.7604,3,0.480554,0,20.3073,5.2134,12.0336,4.959,3.30025,7700.8,9999,9999,122.1,4.97304,1.87546,1.8816,1.8811,1.87878,1.87454,1.87454,1.87686,0,0,0,0,11111111,oooooooo,on,on,on,on,0,100,100,-42.976,-4.6653,-26.56035854,-0.03980678,1.13121E-05,-1.30028E-09,-1.231787526,-0.229565736,0.008659861,-0.000222848,3,2129,1,23,115.3,115.4,0.155029,4.99878,2.89795,2.89429,2.99805,2.30713,40.146,14.0707,2,403.534,1352.81,34.8356,33.5751,30,33.2586,33.0941,-1,40,10,-999.9,400,20,99.2948,85.5328
96,1784657391,12360.6,20260721 13:09:51,13:09:51,15,1784657383,0.000762771,0.762770742,2.408289641,423.8790645,193.2393028,19.52718511,42.83375502,0.018394044,2.946369735,0.018330485,0.011462245,266.1480577,37.36790441,35.80248387,5.904278701,31.15482334,1.860857708,5.972936157,4.043420993,-33.6381897,33.38146679,2.669408499,268.5607433,2.340060264,0.755937695,2.408289641,433.6837176,431.0413697,-0.182309874,66.74338955,0.762770742,17.20990953,18.40655697,-6.36785E-05,78.43,0,0,1,0,51828.57726,1499.985806,1273.848348,0.849240268,0.177433717,6,0.5,0: Broadleaf,2,TRUE,1784657383,423.8790645,428.1292903,18.41488387,17.22948387,466.6851613,23.06999032,375.578129,100.9518065,0.100023206,36.01263548,35.80248387,999.9,0,0,10001.00742,0,12.28675484,-4.250184484,431.8313226,435.6350968,1.185410323,428.1292903,17.22948387,1.859017742,1.739348387,16.29207097,15.25211613,1499.985806,0.691990516,0.308009484,0,2.575380645,0,19893.69032,13609.40645,48.562,50.012,49.312,48.74593548,48.312,1037.976774,462.0090323,0,1784657345,0,1784650356,11:12:35,1784650356,1784650347,3,-0.091,0.025,-43.394,-4.345,443,17,0.18,0.01,-3.99686139,6.000682098,2.574692726,0,2.591994118,0.422624911,0.236192327,1,1.187556098,0.066576376,0.028953325,1,2,3,2/3,2.954,2.76447,0.109029,0.102957,0.111678,0.0912058,27456.4,18329.4,31599.8,22266.1,37805.8,27487.6,45380,32554.3,1.64193,2.61478,0.159588,0,33.2355,999.9,52.4,37.8,34.1822,61.6328,-99.98,3,0.480981,0,20.3078,5.21444,12.0339,4.9597,3.301,7700.8,9999,9999,122.1,4.97301,1.87546,1.88156,1.8811,1.8788,1.87454,1.87454,1.87683,0,0,0,0,11111111,oooooooo,on,on,on,on,0,100,100,-42.784,-4.6531,-26.56035854,-0.03980678,1.13121E-05,-1.30028E-09,-1.231787526,-0.229565736,0.008659861,-0.000222848,3,2129,1,23,117.3,117.4,0.155029,4.99878,2.89795,2.8894,2.99805,2.2583,40.1713,14.0445,2,403.93,1352.6,34.7911,33.5781,30.0001,33.2675,33.1059,-1,40,10,-999.9,400,20,99.2991,85.5397
97,1784657511,12480.6,20260721 13:11:51,13:11:51,15,1784657503,0.00068556,0.685559645,2.870658398,423.0347742,125.2747141,12.65882096,42.74702603,0.016479007,2.946304447,0.016427974,0.010272055,266.1484221,37.37073446,35.80442258,5.904908939,30.99939785,1.849838027,5.967335352,4.055070912,-30.23318035,30.36223256,2.427845476,268.7053198,10.83157213,0.620261975,2.870658398,453.1429667,439.8946424,1.230783484,66.74338955,0.685559645,17.4033547,18.38626,0.011155619,78.43,0,0,1,0,51829.52519,1499.986452,1273.849026,0.849240354,0.177433884,6,0.5,0: Broadleaf,2,TRUE,1784657503,423.0347742,440.7457419,18.30643871,17.33434839,465.8143226,22.93696452,375.8337097,100.9484839,0.100008213,35.99557097,35.80442258,999.9,0,0,10000.96548,0,11.43217742,-17.71101935,430.9236774,448.5209355,0.972091387,440.7457419,17.33434839,1.848006129,1.749874194,16.19882581,15.34599677,1499.986452,0.691988806,0.308011194,0,2.499348387,0,19545.55806,13609.39355,48.5,49.931,49.258,48.625,48.25,1037.972903,462.0135484,0,1784657465,0,1784650356,11:12:35,1784650356,1784650347,3,-0.091,0.025,-43.394,-4.345,443,17,0.18,0.01,-17.1279922,-8.259691986,2.090962272,0,2.52475,-0.624102369,0.273800001,1,1.002939341,-0.512339477,0.060680002,0,1,3,1/3,2.95414,2.76445,0.110657,0.106488,0.111612,0.0917613,27406.8,18256.1,31600.4,22264.6,37808.9,27468.7,45380.4,32551.8,1.6425,2.618,0.159912,0,33.2338,999.9,52.6,37.8,34.3146,61.6928,-99.9639,3,0.480244,0,20.308,5.21415,12.0339,4.9597,3.301,7700.8,9999,9999,122.2,4.97301,1.87546,1.88158,1.8811,1.87877,1.87454,1.87451,1.87683,0,0,0,0,11111111,oooooooo,on,on,on,on,0,100,100,-43.066,-4.6496,-26.56035854,-0.03980678,1.13121E-05,-1.30028E-09,-1.231787526,-0.229565736,0.008659861,-0.000222848,3,2129,1,23,119.3,119.4,0.155029,4.99878,2.89795,2.89429,2.99805,2.27905,40.146,14.027,2,404.265,1357.47,34.7441,33.5721,30.0001,33.2704,33.1102,-1,40,10,-999.9,400,20,99.3003,85.5335
98,1784657631,12600.6,20260721 13:13:51,13:13:51,15,1784657623,0.000748182,0.748182244,2.354489072,432.0693871,200.5802165,20.26891955,43.66123339,0.017961396,2.947200057,0.017900804,0.011193429,266.1496647,37.3837165,35.84981613,5.919682241,31.09724994,1.858687365,5.977015228,4.060994876,-32.99483697,27.84358211,2.226580207,263.2249901,-1.218969758,0.72536215,2.354489072,434.0840929,435.6660606,-0.774773662,66.74338955,0.748182244,17.15366804,18.38160061,-0.006466701,78.43,0,0,1,0,51849.94612,1500.000323,1273.860174,0.849239933,0.177433072,6,0.5,0: Broadleaf,2,TRUE,1784657623,432.0693871,430.6208065,18.39347742,17.25449677,475.1286774,23.0437129,375.082871,100.9514516,0.099987565,36.02505484,35.84981613,999.9,0,0,10005.7629,0,10.98451935,1.448514865,440.1655484,438.181871,1.138983871,430.6208065,17.25449677,1.85685,1.741867097,16.27376129,15.27447419,1500.000323,0.69200171,0.30799829,0,2.549874194,0,19249.65484,13609.57097,48.48787097,49.889,49.22980645,48.56822581,48.19519355,1038.003548,461.9967742,0,1784657585,0,1784650356,11:12:35,1784650356,1784650347,3,-0.091,0.025,-43.394,-4.345,443,17,0.18,0.01,-0.22342681,43.2963,4.917418667,0,2.544932353,-0.363854845,0.237003906,1,1.113994146,0.856880697,0.096075109,0,1,3,1/3,2.95366,2.76457,0.109768,0.101606,0.111563,0.0907941,27434.1,18357.9,31600.3,22267.1,37811.4,27501.2,45380.9,32555.8,1.6413,2.61672,0.158481,0,33.2942,999.9,52.4,37.8,34.1838,61.6928,-99.972,3,0.480826,0,20.3081,5.21549,12.0339,4.9597,3.301,7700.8,9999,9999,122.2,4.97303,1.87546,1.8816,1.8811,1.87878,1.87453,1.87453,1.87684,0,0,0,0,11111111,oooooooo,on,on,on,on,0,100,100,-42.912,-4.647,-26.56035854,-0.03980678,1.13121E-05,-1.30028E-09,-1.231787526,-0.229565736,0.008659861,-0.000222848,3,2129,1,23,121.3,121.4,0.155029,4.99878,2.89917,2.89185,2.99805,2.32178,40.146,14.0357,2,403.639,1355.74,34.7532,33.5781,30,33.2779,33.1191,-1,40,10,-999.9,400,20,99.3009,85.5437
99,1784657751,12720.6,20260721 13:15:51,13:15:51,15,1784657743,0.000650208,0.650208007,2.724499441,411.4068387,115.1966572,11.64079082,41.57326321,0.015680924,2.945977435,0.015634701,0.00977583,266.1462936,37.3670196,35.78919032,5.899958793,31.17202727,1.858815922,5.963089618,4.041142871,-28.67417313,30.72210743,2.456558576,270.6507865,6.801077814,0.677855743,2.724499441,433.1966463,423.8116606,0.708400137,66.74338955,0.650208007,17.39057968,18.40890545,0.000301837,78.43,0,0,1,0,51822.5199,1499.975806,1273.839861,0.849240272,0.177433724,6,0.5,0: Broadleaf,2,TRUE,1784657743,411.4068387,422.7305806,18.39474516,17.33051935,453.8240968,23.04525806,375.1384839,100.9514516,0.100012032,35.98262581,35.78919032,999.9,0,0,9998.812903,0,12.00303871,-11.32375129,419.1163548,430.1859677,1.064220871,422.7305806,17.33051935,1.856975806,1.74954129,16.27482258,15.34304839,1499.975806,0.691991516,0.308008484,0,2.552903226,0,18840.42581,13609.31613,48.437,49.925,49.25,48.62296774,48.187,1037.969677,462.006129,0,1784657705,0,1784650356,11:12:35,1784650356,1784650347,3,-0.091,0.025,-43.394,-4.345,443,17,0.18,0.01,-10.16300049,-18.24716404,2.249892474,0,2.576405882,-0.777757063,0.232188625,1,1.09895339,-0.600696794,0.060174099,0,1,3,1/3,2.9534,2.76442,0.107786,0.102281,0.111697,0.0917965,27494.6,18341.7,31599.7,22264.1,37804.7,27466.9,45379.8,32551.1,1.64065,2.61717,0.155691,0,33.2682,999.9,52.7,37.8,34.38,61.7528,-99.98,3,0.481717,0,20.308,5.21564,12.0339,4.95975,3.301,7700.8,9999,9999,122.2,4.97306,1.87546,1.88159,1.8811,1.87878,1.87454,1.87454,1.87683,0,0,0,0,11111111,oooooooo,on,on,on,on,0,100,100,-42.571,-4.6544,-26.56035854,-0.03980678,1.13121E-05,-1.30028E-09,-1.231787526,-0.229565736,0.008659861,-0.000222848,3,2129,1,23,123.3,123.4,0.155029,4.99878,2.89795,2.89185,2.99805,2.29614,40.1713,14.0182,2,403.335,1356.69,34.7411,33.5841,30,33.2884,33.1317,-1,40,10,-999.9,400,20,99.2985,85.5317
100,1784657871,12840.6,20260721 13:17:51,13:17:51,15,1784657863,0.000718621,0.718621063,2.368802898,417.0041613,177.5485018,17.94137792,42.13850961,0.017303543,2.946461588,0.017247287,0.010784593,266.1482236,37.32490045,35.77664516,5.895884601,31.01271097,1.846840374,5.955107812,4.049044227,-31.69118886,28.85068104,2.306125754,265.6138416,2.447007263,0.735447974,2.368802898,428.489914,424.6773212,-0.00615944,66.74338955,0.718621063,17.12788084,18.25759333,-0.000127158,78.43,0,0,1,0,51840.26734,1499.992581,1273.853565,0.84923991,0.177433027,6,0.5,0: Broadleaf,2,TRUE,1784657863,417.0041613,421.4095484,18.27639677,17.12132258,459.5963548,22.90012581,375.0442903,100.9505806,0.099992768,35.95826774,35.77664516,999.9,0,0,10001.65097,0,10.78300645,-4.405554839,424.7673226,428.7504516,1.15506871,421.4095484,17.12132258,1.845011613,1.728407419,16.17344194,15.15393226,1499.992581,0.692003548,0.307996452,0,2.540041935,0,18486.08387,13609.52903,48.437,49.82825806,49.19106452,48.544,48.187,1037.999355,461.9932258,0,1784657825,0,1784650356,11:12:35,1784650356,1784650347,3,-0.091,0.025,-43.394,-4.345,443,17,0.18,0.01,-5.459184634,16.90131031,2.219994225,0,2.5107,0.51389763,0.22107158,1,1.147413415,0.054597073,0.021632013,1,2,3,2/3,2.95327,2.76453,0.107891,0.101493,0.111046,0.0907157,27491.4,18360,31599.8,22266.9,37832.5,27503.4,45379.8,32555.6,1.64062,2.61453,0.156574,0,33.2526,999.9,52.3,37.8,34.119,61.6028,-99.8277,3,0.483059,0,20.3077,5.21594,12.0339,4.95975,3.301,7700.8,9999,9999,122.3,4.97299,1.87545,1.88158,1.8811,1.87878,1.87454,1.87453,1.87683,0,0,0,0,11111111,oooooooo,on,on,on,on,0,100,100,-42.59,-4.6194,-26.56035854,-0.03980678,1.13121E-05,-1.30028E-09,-1.231787526,-0.229565736,0.008659861,-0.000222848,3,2129,1,23,125.3,125.4,0.155029,4.99878,2.89795,2.89429,2.99805,2.27173,40.1713,14.0095,2,403.37,1352.94,34.7047,33.5932,30.0001,33.2973,33.1383,-1,40,10,-999.9,400,20,99.2988,85.543
101,1784657991,12960.6,20260721 13:19:51,13:19:51,15,1784657983,0.000680383,0.680382892,2.681818297,419.9828065,138.9802435,14.04402747,42.43948579,0.016396,2.946350929,0.016345479,0.01022045,266.1504401,37.33168398,35.77837419,5.896445979,31.09555155,1.851456964,5.954089482,4.044989015,-30.00488555,28.08099909,2.244671895,266.4712255,4.191177855,0.741475207,2.681818297,438.9239336,429.9940061,0.65295991,66.74338955,0.680382892,17.24449965,18.3087303,0.000526553,78.43,0,0,1,0,51837.66154,1500.000968,1273.861065,0.849240162,0.177433512,6,0.5,0: Broadleaf,2,TRUE,1784657983,419.9828065,427.1860968,18.32209032,17.15760323,462.6678065,22.95612258,375.044,100.9505484,0.099983055,35.95515806,35.77837419,999.9,0,0,10001.02516,0,12.81631935,-7.203353121,427.8213548,434.6441613,1.164486452,427.1860968,17.15760323,1.849626774,1.732071935,16.21260968,15.18677097,1500.000968,0.691994258,0.308005774,0,2.455258065,0,18320.69677,13609.56129,48.375,49.812,49.183,48.44716129,48.125,1037.992581,462.0083871,0,1784657945,0,1784650356,11:12:35,1784650356,1784650347,3,-0.091,0.025,-43.394,-4.345,443,17,0.18,0.01,-3.39498236,-92.28731854,9.153879686,0,2.448947059,0.161815127,0.208560619,1,1.200187561,-1.001185296,0.103058485,0,1,3,1/3,2.95339,2.76455,0.108933,0.105721,0.111272,0.0911769,27460.7,18273.7,31601.3,22267,37824.8,27489.8,45382.1,32555.8,1.64083,2.62007,0.162486,0,33.1785,999.9,52.5,37.8,34.2488,61.7829,-99.0425,3,0.481296,0,20.3079,5.21594,12.0339,4.9598,3.301,7700.8,9999,9999,122.3,4.97302,1.87546,1.88159,1.8811,1.87878,1.87454,1.87453,1.87685,0,0,0,0,11111111,oooooooo,on,on,on,on,0,100,100,-42.768,-4.6314,-26.56035854,-0.03980678,1.13121E-05,-1.30028E-09,-1.231787526,-0.229565736,0.008659861,-0.000222848,3,2129,1,23,127.3,127.4,0.155029,4.99878,2.89795,2.89307,2.99805,2.2876,40.146,13.9832,2,403.449,1361.12,34.6797,33.5811,30.0002,33.2913,33.1354,-1,40,10,-999.9,400,20,99.3038,85.5436
102,1784658111,13080.6,20260721 13:21:51,13:21:51,15,1784658103,0.000654735,0.654734963,2.388993766,423.9993871,159.5828787,16.12587381,42.84520162,0.015651424,2.945716489,0.015605371,0.009757483,266.1481065,37.42107005,35.8822,5.930241166,30.99550848,1.85390158,5.98119428,4.076339585,-28.87381188,24.70614252,1.977115041,263.9575522,3.962827839,0.682152919,2.388993766,438.5182753,433.6724909,0.136765012,66.74338955,0.654734963,17.32844022,18.35497394,0.000227855,78.43,0,0,1,0,51805.87424,1499.991613,1273.852771,0.849239929,0.177433063,6,0.5,0: Broadleaf,2,TRUE,1784658103,423.9993871,430.8030645,18.34635161,17.27487097,466.8090968,22.98586774,374.979,100.950129,0.100020855,36.03777097,35.8822,999.9,0,0,9997.460968,0,10.57143548,-6.803729677,431.9236129,438.376,1.071475806,430.8030645,17.27487097,1.852066774,1.743902581,16.23330645,15.29278387,1499.991613,0.692001903,0.307998097,0,2.434587097,0,17984.34194,13609.51613,48.421,49.875,49.21341935,48.514,48.139,1037.997742,461.993871,0,1784658065,0,1784650356,11:12:35,1784650356,1784650347,3,-0.091,0.025,-43.394,-4.345,443,17,0.18,0.01,-7.766886829,14.1481177,1.96265114,0,2.4682,-0.701604276,0.253707643,1,1.083255854,-0.31721122,0.03873518,0,1,3,1/3,2.95335,2.76445,0.109481,0.10297,0.111463,0.091314,27443,18329.3,31600.4,22266.2,37816,27484.4,45381.2,32554.4,1.6406,2.61435,0.155326,0,33.3524,999.9,52.7,37.8,34.3801,61.6629,-98.2171,3,0.481855,0,20.3079,5.21549,12.0339,4.9597,3.301,7700.8,9999,9999,122.3,4.973,1.87546,1.88157,1.8811,1.87879,1.87454,1.87454,1.87683,0,0,0,0,11111111,oooooooo,on,on,on,on,0,100,100,-42.863,-4.6418,-26.56035854,-0.03980678,1.13121E-05,-1.30028E-09,-1.231787526,-0.229565736,0.008659861,-0.000222848,3,2129,1,23,129.3,129.4,0.155029,4.99878,2.89795,2.88818,2.99805,2.29858,40.146,13.9657,2,403.348,1352.75,34.7395,33.5872,30.0001,33.2959,33.1413,-1,40,10,-999.9,400,20,99.3014,85.5402
103,1784658231,13200.6,20260721 13:23:51,13:23:51,15,1784658223,0.000687718,0.687718046,2.168139886,437.8615806,208.3508101,21.05385053,44.24591518,0.016708894,2.945588335,0.016656417,0.010414962,266.1452644,37.2723581,35.70275806,5.871938433,31.32745812,1.859344225,5.935190201,4.012594208,-30.32836584,30.90349012,2.469328427,269.1897171,-0.125595894,0.691898353,2.168139886,442.7179005,443.0168121,-0.547594756,66.74338955,0.687718046,17.30098523,18.38090606,-3.58223E-05,78.43,0,0,1,0,51825.79799,1499.970645,1273.835419,0.849240232,0.177433649,6,0.5,0: Broadleaf,2,TRUE,1784658223,437.8615806,438.1452258,18.40023871,17.31407097,481.0994839,23.05199032,375.1725806,100.9499677,0.100037871,35.89736129,35.70275806,999.9,0,0,9996.74871,0,10.23346774,-0.283695226,446.0693871,445.865,1.086162903,438.1452258,17.31407097,1.857503871,1.747855806,16.2792871,15.32809355,1499.970645,0.691991516,0.308008484,0,2.552516129,0,17702.25806,13609.27097,48.312,49.86280645,49.125,48.5,48.06606452,1037.968065,462.0025806,0,1784658185,0,1784650356,11:12:35,1784650356,1784650347,3,-0.091,0.025,-43.394,-4.345,443,17,0.18,0.01,-1.532071024,26.9076106,2.826166541,0,2.576764706,-0.052140569,0.286841007,1,1.078467805,0.131912404,0.017354506,0,1,3,1/3,2.95403,2.76445,0.111079,0.10372,0.111563,0.0913516,27395,18314.9,31601.8,22267.2,37813.5,27484.8,45383.5,32556.2,1.642,2.61565,0.16712,0,33.0147,999.9,52.8,37.8,34.443,61.6629,-94.4511,3,0.479299,0,20.3078,5.21579,12.0339,4.9598,3.301,7700.8,9999,9999,122.4,4.97305,1.87546,1.88159,1.8811,1.87878,1.87454,1.87454,1.87684,0,0,0,0,11111111,oooooooo,on,on,on,on,0,100,100,-43.139,-4.6471,-26.56035854,-0.03980678,1.13121E-05,-1.30028E-09,-1.231787526,-0.229565736,0.008659861,-0.000222848,3,2129,1,23,131.3,131.4,0.155029,4.99878,2.89917,2.89307,2.99805,2.30225,40.146,13.9657,2,404.032,1354.24,34.6639,33.566,29.9999,33.2786,33.1229,-1,40,10,-999.9,400,20,99.3061,85.5446
104,1784658351,13320.6,20260721 13:25:51,13:25:51,15,1784658343,0.000702265,0.702265346,2.477626162,443.5289677,187.9656799,18.99280851,44.81595129,0.016946084,2.946469168,0.016892124,0.010562411,266.1483635,37.32008865,35.79681613,5.90243656,31.30126836,1.863099569,5.952153592,4.039336991,-30.96990177,24.21335875,1.935549748,261.3273702,-3.150234353,0.68990786,2.477626162,447.4313752,446.5629576,-0.45282784,66.74338955,0.702265346,17.32422562,18.42790364,-9.27502E-05,78.43,0,0,1,0,51841.85852,1499.991935,1273.853148,0.849239998,0.177433196,6,0.5,0: Broadleaf,2,TRUE,1784658343,443.5289677,438.9781935,18.43849355,17.35499677,486.9405806,23.0989871,375.0008387,100.9440645,0.099958639,35.94924516,35.79681613,999.9,0,0,10002.33968,0,9.853777419,4.550740158,451.8607097,446.7312581,1.083491613,438.9781935,17.35499677,1.861257419,1.751885161,16.31097097,15.36395161,1499.991935,0.691999677,0.308000323,0,2.510709677,0,17444.79355,13609.4871,48.304,49.82012903,49.125,48.437,48.05,1037.994516,461.9974194,0,1784658305,0,1784650356,11:12:35,1784650356,1784650347,3,-0.091,0.025,-43.394,-4.345,443,17,0.18,0.01,5.376889071,-29.93215514,3.914127241,0,2.548432353,-0.390165019,0.205282845,1,1.061763244,0.407380683,0.043978493,0,1,3,1/3,2.95318,2.76448,0.111703,0.104199,0.11176,0.0912663,27378.3,18306.2,31604.6,22268.5,37808.5,27489.1,45387.5,32558.2,1.64085,2.61855,0.164896,0,33.1494,999.9,52.8,37.8,34.4502,61.6029,-90.8694,3,0.476611,0,20.3078,5.21579,12.0339,4.9598,3.301,7700.8,9999,9999,122.4,4.97298,1.87546,1.88159,1.8811,1.87873,1.87454,1.87454,1.87683,0,0,0,0,11111111,oooooooo,on,on,on,on,0,100,100,-43.247,-4.6578,-26.56035854,-0.03980678,1.13121E-05,-1.30028E-09,-1.231787526,-0.229565736,0.008659861,-0.000222848,3,2129,1,23,133.3,133.4,0.155029,4.99878,2.89795,2.89307,2.99805,2.26685,40.146,13.9394,2,403.256,1358.16,34.6603,33.5329,30.0001,33.2533,33.1029,-1,40,10,-999.9,400,20,99.3149,85.5497
105,1784658471,13440.6,20260721 13:27:51,13:27:51,15,1784658463,0.000712093,0.712092749,2.65860377,469.1472258,193.1604015,19.51599487,47.40037181,0.016825605,2.94591071,0.016772398,0.010487515,266.1493815,37.45436426,36.00306452,5.969794274,30.78414645,1.846139478,5.997046177,4.123654796,-31.40329022,13.16156197,1.054052218,248.9617054,7.061190343,0.673747287,2.65860377,481.9698258,481.4876485,-0.550445066,66.74338955,0.712092749,17.16760157,18.28645273,-6.81718E-06,78.43,0,0,1,0,51802.97329,1500.004516,1273.863203,0.849239579,0.177432387,6,0.5,0: Broadleaf,2,TRUE,1784658463,469.1472258,480.9538387,18.27224516,17.21368065,513.3365484,22.89505484,374.9056774,100.9351935,0.099980913,36.08593548,36.00306452,999.9,0,0,10000.04419,0,9.15797,-11.8065239,477.8793871,489.3785161,1.058566258,480.9538387,17.21368065,1.844311613,1.737466129,16.16749032,15.23522581,1500.004516,0.692013161,0.307986839,0,2.493425806,0,17156.03871,13609.66129,48.437,49.83029032,49.187,48.54,48.187,1038.024194,461.9803226,0,1784658425,0,1784650356,11:12:35,1784650356,1784650347,3,-0.091,0.025,-43.394,-4.345,443,17,0.18,0.01,-19.02384685,156.9445473,19.72355818,0,2.533661765,-0.464664636,0.266581075,1,1.043631317,0.222007631,0.045603291,0,1,3,1/3,2.95306,2.76475,0.117558,0.105562,0.111156,0.0904235,27196.5,18279.5,31603.2,22270,37832.3,27516.8,45385.1,32560.9,1.64045,2.617,0.143673,0,33.6764,999.9,52.4,37.8,34.1855,61.6629,-90.4848,3,0.478562,0,20.3079,5.21624,12.0339,4.95975,3.301,7700.8,9999,9999,122.4,4.97303,1.87546,1.8816,1.8811,1.87876,1.87454,1.87453,1.87684,0,0,0,0,11111111,oooooooo,on,on,on,on,0,100,100,-44.272,-4.6256,-26.56035854,-0.03980678,1.13121E-05,-1.30028E-09,-1.231787526,-0.229565736,0.008659861,-0.000222848,3,2129,1,23,135.3,135.4,0.155029,4.99878,2.89917,2.89307,2.99805,2.31445,40.1713,13.9306,2,403.05,1355.81,34.7219,33.539,30.0003,33.2564,33.1029,-1,40,10,-999.9,400,20,99.3101,85.5562
106,1784658592,13561,20260721 13:29:51,13:29:51,15,1784658584,0.000695122,0.695121959,1.946875516,424.2918667,211.5869869,21.37749538,42.86793603,0.0163502,2.945883468,0.016299953,0.010191972,266.1525394,37.4940568,36.03473333,5.980195756,30.59304564,1.838243923,6.00869866,4.141951833,-30.65487841,13.74362096,1.101034961,250.3423169,2.478277287,0.707632779,1.946875516,436.2873496,432.4866121,0.089311597,66.74338955,0.695121959,17.08206402,18.17749152,-0.000152522,78.43,0,0,1,0,51796.25901,1500.009667,1273.86874,0.849240354,0.177433883,6,0.5,0: Broadleaf,2,TRUE,1784658584,424.2918667,428.7464333,18.19429667,17.08045,467.1106,22.79966,374.2478667,100.9340667,0.100007743,36.12127,36.03473333,999.9,0,0,10000.001,0,8.041909667,-4.454610667,432.1546667,436.1968667,1.113847667,428.7464333,17.08045,1.836425,1.724000333,16.10032333,15.11421,1500.009667,0.691988033,0.308011967,0,2.452906667,0,16822.02667,13609.60667,48.562,49.812,49.25,48.562,48.25,1037.989,462.0206667,0,1784658546,0,1784650356,11:12:35,1784650356,1784650347,3,-0.091,0.025,-43.394,-4.345,443,17,0.18,0.01,-5.640059,13.34837223,2.8489743,0,2.545429412,-0.445677622,0.249309227,1,1.09412175,0.256965366,0.037318635,0,1,3,1/3,2.95269,2.7645,0.109272,0.103039,0.110695,0.0905135,27450.6,18330.4,31601.7,22269.3,37850.1,27512.8,45383,32559.4,1.63925,2.61623,0.134118,0,33.8429,999.9,52.3,37.8,34.1237,61.6929,-88.2252,3,0.482647,0,20.3078,5.21639,12.0339,4.95975,3.301,7700.8,9999,9999,122.5,4.97302,1.87546,1.88158,1.8811,1.87875,1.87454,1.87453,1.87683,0,0,0,0,11111111,oooooooo,on,on,on,on,0,100,100,-42.83,-4.6014,-26.56035854,-0.03980678,1.13121E-05,-1.30028E-09,-1.231787526,-0.229565736,0.008659861,-0.000222848,3,2129,1,23,137.3,137.4,0.155029,4.99878,2.89795,2.89429,2.99805,2.27661,40.1713,13.9131,2,402.526,1355.15,34.7597,33.5781,30.0002,33.2824,33.1236,-1,40,10,-999.9,400,20,99.3053,85.5527
107,1784658712,13681,20260721 13:31:51,13:31:51,15,1784658704,0.000718921,0.718920769,2.105928942,449.4640323,229.7156315,23.20805609,45.4091278,0.017158359,2.946208591,0.017103037,0.010694354,266.1468683,37.41235102,35.91720323,5.941672541,31.06499848,1.858876046,5.983827898,4.082796495,-31.7044059,20.42272266,1.634401576,256.4995867,-9.31610186,0.70742727,2.105928942,439.508741,445.9436424,-1.41188845,66.74338955,0.718920769,17.23707817,18.36761212,-0.000224232,78.43,0,0,1,0,51817.99791,1499.989355,1273.850419,0.84923964,0.177432505,6,0.5,0: Broadleaf,2,TRUE,1784658704,449.4640323,435.0727742,18.39933871,17.28872581,493.0565484,23.0509,375.1501935,100.9294839,0.100019148,36.04578065,35.91720323,999.9,0,0,10002.30323,0,6.670722581,14.39134581,457.889,442.7270323,1.110612903,435.0727742,17.28872581,1.857036452,1.744943226,16.27533226,15.30206774,1499.989355,0.692011419,0.307988581,0,2.5146,0,16529.17742,13609.52581,48.5,49.774,49.25,48.5,48.19106452,1038.010645,461.9787097,0,1784658666,0,1784650356,11:12:35,1784650356,1784650347,3,-0.091,0.025,-43.394,-4.345,443,17,0.18,0.01,15.246393,-40.90442837,4.825946544,0,2.490061765,0.255100077,0.165985809,1,1.081862225,0.595155028,0.060603231,0,1,3,1/3,2.95364,2.76456,0.111532,0.103255,0.111481,0.0909543,27382.2,18326,31603.2,22269.3,37818.5,27499.3,45385.1,32559.2,1.6411,2.61825,0.157066,0,33.3981,999.9,52.7,37.8,34.3842,61.7829,-82.5361,3,0.480572,0,20.3079,5.21654,12.0339,4.9598,3.301,7700.8,9999,9999,122.5,4.97304,1.87546,1.8816,1.8811,1.8788,1.87454,1.87454,1.87683,0,0,0,0,11111111,oooooooo,on,on,on,on,0,100,100,-43.222,-4.6438,-26.56035854,-0.03980678,1.13121E-05,-1.30028E-09,-1.231787526,-0.229565736,0.008659861,-0.000222848,3,2129,1,23,139.3,139.4,0.155029,4.99878,2.89795,2.89307,2.99805,2.29004,40.146,13.9044,2,403.536,1357.99,34.7371,33.5751,30,33.2794,33.1176,-1,40,10,-999.9,400,20,99.31,85.5525
108,1784658832,13801,20260721 13:33:51,13:33:51,15,1784658824,0.00067233,0.672330421,2.666579987,429.0432258,141.8157636,14.3268355,43.34378323,0.015964209,2.946174562,0.015916307,0.009951983,266.1523033,37.48272889,35.96727742,5.958059079,30.91192467,1.855662869,6.003064799,4.10239621,-29.64977157,21.74695876,1.7413152,259.9908057,4.214287873,0.70028838,2.666579987,446.724701,439.2538606,0.445626241,66.74338955,0.672330421,17.25897605,18.33148303,-0.001728543,78.43,0,0,1,0,51807.13621,1500.00129,1273.862274,0.849240786,0.177434716,6,0.5,0: Broadleaf,2,TRUE,1784658824,429.0432258,436.2823871,18.36848387,17.26623226,472.0091935,23.01303871,374.1932258,100.9243226,0.099958006,36.10419355,35.96727742,999.9,0,0,10002.62129,0,4.461359677,-7.239156452,437.0715484,443.9475806,1.10226,436.2823871,17.26623226,1.853828065,1.742582903,16.2482,15.28104839,1500.00129,0.691976194,0.308023806,0,2.531993548,0,16235.46774,13609.46452,48.5,49.812,49.254,48.55,48.25,1037.961613,462.0396774,0,1784658786,0,1784650356,11:12:35,1784650356,1784650347,3,-0.091,0.025,-43.394,-4.345,443,17,0.18,0.01,-7.24589,-17.57610799,2.669623869,0,2.5167,-0.289454545,0.223456643,1,1.09998825,-0.061386979,0.017151423,1,2,3,2/3,2.95246,2.76452,0.110494,0.105209,0.111328,0.0911149,27414.5,18286.3,31603.4,22269.5,37825.1,27494.5,45385.4,32559.3,1.63908,2.61815,0.156261,0,33.4492,999.9,52.7,37.8,34.3871,61.6929,-74.8117,3,0.478727,0,20.3079,5.21729,12.0339,4.95975,3.301,7700.8,9999,9999,122.5,4.97302,1.87546,1.88159,1.88111,1.87878,1.87454,1.87453,1.87685,0,0,0,0,11111111,oooooooo,on,on,on,on,0,100,100,-43.043,-4.6357,-26.56035854,-0.03980678,1.13121E-05,-1.30028E-09,-1.231787526,-0.229565736,0.008659861,-0.000222848,3,2129,1,23,141.3,141.4,0.155029,4.99878,2.89795,2.89429,2.99805,2.28882,40.146,13.8869,2,402.332,1357.64,34.7762,33.557,30,33.2645,33.1059,-1,40,10,-999.9,400,20,99.3106,85.5528
109,1784658952,13921,20260721 13:35:51,13:35:51,15,1784658944,0.000678053,0.678052546,2.104319479,446.658,214.2749485,21.64640676,45.1221238,0.016073031,2.944708172,0.01602445,0.010019634,266.1509302,37.44091908,35.89211935,5.933478693,30.43614029,1.822989268,5.98955469,4.110489425,-29.90211727,27.15787767,2.174432938,265.5811236,-0.36396858,0.67333625,2.104319479,451.3213455,451.4035515,-0.501962935,66.74338955,0.678052546,16.9716616,18.03892121,-0.000137179,78.43,0,0,1,0,51772.54484,1500.000645,1273.861074,0.849240351,0.177433877,6,0.5,0: Broadleaf,2,TRUE,1784658944,446.658,446.5567742,18.04553226,16.98682258,490.1653871,22.6180129,374.7120968,100.9216452,0.099995116,36.0631871,35.89211935,999.9,0,0,9994.552258,0,3.333171935,0.101226839,454.8663871,454.2735484,1.05870129,446.5567742,16.98682258,1.821186129,1.714339677,15.96981935,15.02686774,1500.000645,0.691989613,0.308010387,0,2.552616129,0,15956.7129,13609.53548,48.44106452,49.875,49.25,48.562,48.19106452,1037.982903,462.0177419,0,1784658906,0,1784650356,11:12:35,1784650356,1784650347,3,-0.091,0.025,-43.394,-4.345,443,17,0.18,0.01,-6.5331827,112.7222844,11.97373172,0,2.562811765,-0.02182735,0.187963679,1,1.029548075,0.487427719,0.050999044,0,1,3,1/3,2.95268,2.76449,0.112512,0.104091,0.110118,0.0899802,27356.2,18314,31607.8,22275.2,37881.6,27536.6,45391.4,32568.3,1.63962,2.61602,0.168592,0,33.1604,999.9,52.1,37.7,33.8147,61.783,-67.3317,3,0.473895,0,20.3082,5.21654,12.0339,4.95985,3.301,7700.8,9999,9999,122.6,4.97302,1.87544,1.8816,1.8811,1.87879,1.87454,1.87453,1.87683,0,0,0,0,11111111,oooooooo,on,on,on,on,0,100,100,-43.391,-4.5709,-26.56035854,-0.03980678,1.13121E-05,-1.30028E-09,-1.231787526,-0.229565736,0.008659861,-0.000222848,3,2129,1,23,143.3,143.4,0.155029,4.99878,2.89795,2.89307,2.99805,2.30225,40.1206,13.8781,2,402.443,1353.77,34.7729,33.5167,29.9998,33.2289,33.0734,-1,40,10,-999.9,400,20,99.3241,85.5759
110,1784659072,14041,20260721 13:37:51,13:37:51,15,1784659064,0.000646772,0.646771707,2.610466065,433.8703871,143.4267409,14.48825126,43.82741423,0.01544744,2.945824327,0.015402579,0.009630632,266.1480015,37.36596554,35.78200323,5.897624397,30.48895393,1.817882111,5.962428608,4.079742286,-28.52263229,31.54173944,2.522115231,271.6892238,7.666607527,0.63465135,2.610466065,457.8184768,448.0644364,0.785935473,66.74338955,0.646771707,17.00224154,18.01935939,4.67472E-05,78.43,0,0,1,0,51817.76841,1499.997742,1273.857358,0.849239517,0.177432268,6,0.5,0: Broadleaf,2,TRUE,1784659064,433.8703871,446.5939677,17.99616129,16.99770323,476.9852258,22.55785161,374.5155161,100.9150323,0.099961,35.98060968,35.78200323,999.9,0,0,10001.55097,0,2.637955484,-12.72359419,441.8215484,454.3164516,0.998449548,446.5939677,16.99770323,1.816084194,1.715325806,15.92591935,15.03581613,1499.997742,0.692016452,0.307983548,0,2.557316129,0,15701.59355,13609.62581,48.33435484,49.812,49.125,48.5,48.11280645,1038.022581,461.9751613,0,1784659026,0,1784650356,11:12:35,1784650356,1784650347,3,-0.091,0.025,-43.394,-4.345,443,17,0.18,0.01,-9.959036854,-34.73714078,6.479507477,0,2.554273529,-0.008062646,0.195998668,1,1.017985024,-0.286300202,0.040856583,0,1,3,1/3,2.95292,2.76459,0.112035,0.105075,0.11005,0.089987,27376.2,18296.6,31613.5,22278.3,37891.8,27540.3,45400.3,32572.8,1.64088,2.61755,0.17862,0,32.9017,999.9,52.1,37.7,33.8142,61.843,-60.9615,3,0.465668,0,20.3074,5.21474,12.0339,4.9593,3.3004,7700.8,9999,9999,122.6,4.97303,1.87545,1.88161,1.88112,1.87877,1.87454,1.87454,1.87684,0,0,0,0,11111111,oooooooo,on,on,on,on,0,100,100,-43.306,-4.5668,-26.56035854,-0.03980678,1.13121E-05,-1.30028E-09,-1.231787526,-0.229565736,0.008659861,-0.000222848,3,2129,1,23,145.3,145.4,0.153809,4.99878,2.89917,2.89062,2.99805,2.28027,40.07,13.8518,2,402.759,1354.66,34.7023,33.4335,29.9998,33.1594,33.0075,-1,40,10,-999.9,400,20,99.3429,85.5877
111,1784659192,14161,20260721 13:39:51,13:39:51,15,1784659184,0.000680721,0.680720927,2.48433203,443.0844194,176.7057516,17.84888484,44.75554815,0.016231632,2.944537311,0.016182087,0.010118243,266.147165,37.32332351,35.76639677,5.892558128,30.33693564,1.805389645,5.951127254,4.087168483,-30.0197929,28.52868575,2.281629609,266.9376875,7.54399182,0.666203682,2.48433203,464.2163053,456.5017212,0.525703492,66.74338955,0.680720927,16.81275012,17.88203394,6.98635E-06,78.43,0,0,1,0,51787.0763,1499.996129,1273.855703,0.849239327,0.177431901,6,0.5,0: Broadleaf,2,TRUE,1784659184,443.0844194,455.6231613,17.87353871,16.82699355,486.4823871,22.40864194,375.1178387,100.9090968,0.099980048,35.94610968,35.76639677,999.9,0,0,9994.824194,0,1.470871613,-12.53872484,451.148,463.4210968,1.046550968,455.6231613,16.82699355,1.803602258,1.697995806,15.81805484,14.87812903,1499.996129,0.692022323,0.307977677,0,2.531787097,0,15439.91613,13609.63226,48.28,49.75,49.062,48.437,48.032,1038.030968,461.9651613,0,1784659146,0,1784650356,11:12:35,1784650356,1784650347,3,-0.091,0.025,-43.394,-4.345,443,17,0.18,0.01,-13.22309707,18.32663582,2.799132696,0,2.537085294,0.012530175,0.23891271,1,1.045214634,0.041677213,0.016326148,1,2,3,2/3,2.95326,2.76454,0.113532,0.10749,0.109488,0.0892908,27334.1,18250.8,31617.9,22282.4,37920.7,27567,45406.3,32579.2,1.6422,2.61885,0.17821,0,32.8914,999.9,51.8,37.7,33.6236,61.483,-62.6843,3,0.457899,0,20.3084,5.21699,12.0339,4.9597,3.301,7700.8,9999,9999,122.6,4.97307,1.87546,1.88163,1.88111,1.8788,1.87454,1.8745,1.87684,0,0,0,0,11111111,oooooooo,on,on,on,on,0,100,100,-43.564,-4.5369,-26.56035854,-0.03980678,1.13121E-05,-1.30028E-09,-1.231787526,-0.229565736,0.008659861,-0.000222848,3,2129,1,23,147.3,147.4,0.153809,4.99878,2.89795,2.89429,2.99805,2.33154,40.0194,13.8431,2,403.046,1354.91,34.6517,33.3386,29.9999,33.0773,32.9312,-1,40,10,-999.9,400,20,99.3563,85.6042
112,1784659312,14281,20260721 13:41:51,13:41:51,15,1784659304,0.000694146,0.694146159,2.993032449,443.617,135.2271459,13.65908533,44.80906861,0.016615332,2.946351449,0.016563452,0.010356805,266.1495768,37.23157159,35.6689,5.860993589,30.19298747,1.788182689,5.922509954,4.0728109,-30.61184562,30.11574059,2.404910635,268.0583824,3.46644965,0.699189758,2.993032449,461.5708175,453.4816727,0.461933197,66.74338955,0.694146159,16.59940924,17.68937576,-3.70303E-05,78.43,0,0,1,0,51853.01444,1500.002581,1273.861839,0.849239765,0.177432746,6,0.5,0: Broadleaf,2,TRUE,1784659304,443.617,449.6522581,17.70329677,16.60573226,487.0314194,22.20207742,375.4559032,100.9084516,0.100005258,35.85849355,35.6689,999.9,0,0,10005.20032,0,1.07433,-6.035386452,451.6119032,457.2451935,1.097574194,449.6522581,16.60573226,1.786413871,1.675658065,15.66840645,14.67275484,1500.002581,0.692007677,0.307992323,0,2.497216129,0,15219.19677,13609.63226,48.187,49.687,48.99593548,48.35874194,47.94106452,1038.013548,461.9890323,0,1784659266,0,1784650356,11:12:35,1784650356,1784650347,3,-0.091,0.025,-43.394,-4.345,443,17,0.18,0.01,-5.161645575,-25.78259022,3.068960889,0,2.551061765,-0.007170363,0.223206577,1,1.09590225,0.021046266,0.005951433,1,2,3,2/3,2.95376,2.76457,0.113046,0.106249,0.108701,0.0885214,27353.7,18280.9,31622.8,22287.9,37959.8,27597.3,45413.3,32587.4,1.64422,2.62427,0.180222,0,32.7542,999.9,51.5,37.7,33.4248,61.603,-67.1995,3,0.449263,0,20.3087,5.21639,12.0339,4.95975,3.301,7700.8,9999,9999,122.7,4.97304,1.87545,1.88161,1.88111,1.87879,1.87454,1.87453,1.87685,0,0,0,0,11111111,oooooooo,on,on,on,on,0,100,100,-43.475,-4.4956,-26.56035854,-0.03980678,1.13121E-05,-1.30028E-09,-1.231787526,-0.229565736,0.008659861,-0.000222848,3,2129,1,23,149.3,149.4,0.153809,4.99878,2.89795,2.89551,2.99805,2.24854,39.9437,13.8081,2,403.665,1361.09,34.5879,33.2403,29.9997,32.9852,32.8427,-1,40,10,-999.9,400,20,99.3716,85.6254
113,1784659432,14401,20260721 13:43:51,13:43:51,15,1784659424,0.00063963,0.639630009,3.119663868,444.0771935,96.95165501,9.792590103,44.85396284,0.015214239,2.945512347,0.015170715,0.009485597,266.1465948,37.26151971,35.69354516,5.868958543,29.88468318,1.771443429,5.927596482,4.097515115,-28.20768338,28.67080613,2.290624521,268.9003421,8.060103014,0.648390956,3.119663868,472.3982714,458.6142848,1.24760236,66.74338955,0.639630009,16.55758579,17.56185455,3.33155E-05,78.43,0,0,1,0,51826.60903,1499.982258,1273.844903,0.84923998,0.177433162,6,0.5,0: Broadleaf,2,TRUE,1784659424,444.0771935,457.4221935,17.53819677,16.51987097,487.5056774,22.00236452,375.3333226,100.904871,0.10000721,35.87409355,35.69354516,999.9,0,0,10000.78452,0,1.277163548,-13.34499419,452.0045806,465.105871,1.01832771,457.4221935,16.51987097,1.769689355,1.666935161,15.5216,14.59187742,1499.982258,0.692000677,0.307999323,0,2.590254839,0,15023.74839,13609.40645,48.139,49.667,48.937,48.312,47.915,1037.98871,461.9935484,0,1784659386,0,1784650356,11:12:35,1784650356,1784650347,3,-0.091,0.025,-43.394,-4.345,443,17,0.18,0.01,-10.86650443,-67.38934445,6.934172936,0,2.568926471,0.013877773,0.225028039,1,1.032944975,-0.304490038,0.031808439,0,1,3,1/3,2.95389,2.7644,0.114034,0.109897,0.108195,0.0885138,27326.8,18208.3,31626.6,22290.1,37986.1,27600.5,45419,32590.7,1.645,2.62415,0.181831,0,32.7625,999.9,51.3,37.6,33.1191,61.423,-72.2476,3,0.442304,0,20.3088,5.21564,12.0339,4.95975,3.301,7700.8,9999,9999,122.7,4.97306,1.87546,1.88157,1.8811,1.87876,1.87454,1.87451,1.87685,0,0,0,0,11111111,oooooooo,on,on,on,on,0,100,100,-43.646,-4.4696,-26.56035854,-0.03980678,1.13121E-05,-1.30028E-09,-1.231787526,-0.229565736,0.008659861,-0.000222848,3,2129,1,23,151.3,151.4,0.153809,4.99878,2.89795,2.89429,2.99805,2.25952,39.8932,13.7906,2,403.624,1359.1,34.5748,33.1514,29.9998,32.8994,32.7596,-1,40,10,-999.9,400,20,99.3839,85.634
114,1784659552,14521,20260721 13:45:51,13:45:51,15,1784659544,0.000671062,0.671061662,3.392061919,442.5275484,79.98716183,8.078510063,44.69421306,0.015784057,2.945424502,0.015737216,0.009839957,266.1465412,37.3240113,35.81504194,5.908362128,29.66494072,1.765261504,5.950665874,4.143100624,-29.5938193,20.58888713,1.646512478,258.7881215,15.87177946,0.672752996,3.392061919,482.7202798,464.2058121,1.865072569,66.74338955,0.671061662,16.43055842,17.48326848,1.59823E-05,78.43,0,0,1,0,51812.13065,1499.98871,1273.849761,0.849239566,0.177432363,6,0.5,0: Broadleaf,2,TRUE,1784659544,442.5275484,468.3475806,17.47825484,16.42275484,485.908129,21.92998387,375.7429355,100.8976129,0.099970684,35.9447,35.81504194,999.9,0,0,10001.00452,0,1.252906452,-25.82002903,450.3998387,476.1676129,1.055489677,468.3475806,16.42275484,1.763514839,1.657017419,15.46709032,14.49952903,1499.98871,0.692013613,0.307986387,0,2.470870968,0,14831.42903,13609.53226,48.19919355,49.687,49,48.375,47.96951613,1038.013871,461.9748387,0,1784659506,0,1784650356,11:12:35,1784650356,1784650347,3,-0.091,0.025,-43.394,-4.345,443,17,0.18,0.01,-19.81866356,-96.59299501,10.67381878,0,2.473629412,0.420962568,0.230035795,1,1.063867805,-0.127980418,0.015827684,0,1,3,1/3,2.95376,2.76457,0.115099,0.113092,0.107867,0.08804,27297.1,18145.1,31630,22292.5,38004,27618.4,45423.8,32594.8,1.64503,2.62122,0.169892,0,33.0429,999.9,51.2,37.6,33.0559,61.363,-80.9095,3,0.437795,0,20.3085,5.21459,12.0339,4.9598,3.301,7700.8,9999,9999,122.7,4.97305,1.87546,1.88162,1.8811,1.87879,1.87454,1.87453,1.87684,0,0,0,0,11111111,oooooooo,on,on,on,on,0,100,100,-43.829,-4.4529,-26.56035854,-0.03980678,1.13121E-05,-1.30028E-09,-1.231787526,-0.229565736,0.008659861,-0.000222848,3,2129,1,23,153.3,153.4,0.155029,4.99878,2.89795,2.89551,2.99805,2.30347,39.868,13.7643,2,403.249,1353.25,34.599,33.085,29.9999,32.8285,32.6885,-1,40,10,-999.9,400,20,99.3945,85.6442
115,1784659672,14641,20260721 13:47:51,13:47:51,15,1784659664,0.000667214,0.667213799,1.964847654,450.116129,227.9318826,23.0191014,45.45774245,0.015818565,2.944456317,0.015771504,0.009861406,266.1499358,37.26335091,35.7175129,5.876713584,29.77802472,1.765942533,5.930354848,4.110771052,-29.42412853,26.19798504,2.094141471,265.0179338,2.004641002,0.682660215,1.964847654,469.2338036,459.986703,0.8675973,66.74338955,0.667213799,16.42440195,17.47195273,-1.30334E-05,78.43,0,0,1,0,51795.0691,1500.000968,1273.860803,0.849239988,0.177433176,6,0.5,0: Broadleaf,2,TRUE,1784659664,450.116129,453.8100968,17.4861129,16.41443548,493.7291613,21.93947419,375.5177419,100.891129,0.100014184,35.88254839,35.7175129,999.9,0,0,9996.143871,0,1.379122581,-3.694017903,458.1269355,461.3835806,1.071677419,453.8100968,16.41443548,1.764195484,1.656072581,15.4731,14.49069677,1500.000968,0.692001032,0.307998968,0,2.520154839,0,14645.93226,13609.59032,48.145,49.685,48.94512903,48.375,47.937,1038.00129,461.9996774,0,1784659626,0,1784650356,11:12:35,1784650356,1784650347,3,-0.091,0.025,-43.394,-4.345,443,17,0.18,0.01,-0.689479625,-83.44421071,10.25527386,0,2.530358824,0.161931246,0.193455669,1,1.07157975,-0.090168968,0.016219952,1,2,3,2/3,2.95435,2.76453,0.114195,0.10865,0.107829,0.0879904,27328.9,18239.1,31634.1,22296,38010.6,27623.7,45429.9,32599.2,1.6466,2.62873,0.176933,0,32.8443,999.9,51.3,37.6,33.1211,61.603,-87.1394,3,0.431049,0,20.3083,5.21474,12.0338,4.9598,3.301,7700.8,9999,9999,122.8,4.97302,1.87546,1.88165,1.8811,1.87877,1.87454,1.87454,1.87686,0,0,0,0,11111111,oooooooo,on,on,on,on,0,100,100,-43.669,-4.4504,-26.56035854,-0.03980678,1.13121E-05,-1.30028E-09,-1.231787526,-0.229565736,0.008659861,-0.000222848,3,2129,1,23,155.3,155.4,0.153809,4.99878,2.89795,2.88818,2.99805,2.25464,39.8177,13.7555,2,403.709,1362.68,34.5681,33.015,29.9997,32.7533,32.611,-1,40,10,-999.9,400,20,99.4077,85.6566
116,1784659792,14761,20260721 13:49:51,13:49:51,15,1784659784,0.000622283,0.622282617,2.745585075,478.6282903,158.1608159,15.97231219,48.33561608,0.014732078,2.945104223,0.014691259,0.009185695,266.1491034,37.27300242,35.73862581,5.883552283,29.81585616,1.768028525,5.929826452,4.115523758,-27.44266342,22.59440228,1.805861945,263.1067042,12.06764733,0.629125341,2.745585075,512.9927303,496.7612848,1.687545294,66.74338955,0.622282617,16.55106307,17.52731576,2.31913E-05,78.43,0,0,1,0,51813.57332,1499.997742,1273.857929,0.849239898,0.177433003,6,0.5,0: Broadleaf,2,TRUE,1784659784,478.6282903,498.3827419,17.50734839,16.52014839,523.1020968,21.9651,375.6752581,100.8878065,0.099989423,35.88092903,35.73862581,999.9,0,0,10000.15581,0,2.194177097,-19.75446129,487.1572581,506.7547419,0.987200516,498.3827419,16.52014839,1.766278065,1.666681613,15.49150323,14.58951935,1499.997742,0.692003548,0.307996452,0,2.520041935,0,14477.14839,13609.56129,48.08841935,49.687,48.937,48.312,47.875,1038.003548,461.9941935,0,1784659746,0,1784650356,11:12:35,1784650356,1784650347,3,-0.091,0.025,-43.394,-4.345,443,17,0.18,0.01,-17.65777425,-68.92492717,7.560978072,0,2.510605882,0.211532467,0.242101169,1,0.99473165,-0.184120053,0.020200763,0,1,3,1/3,2.954,2.7645,0.120547,0.122194,0.108086,0.0886338,27137.1,17962.4,31638.8,22296.5,38005.2,27605.5,45436.6,32600.4,1.64667,2.62812,0.178497,0,32.8669,999.9,51.6,37.5,33.1355,61.4531,-95.2404,3,0.423778,0,20.3084,5.21669,12.0338,4.95975,3.301,7700.8,9999,9999,122.8,4.97303,1.87546,1.88164,1.8811,1.87875,1.87454,1.87454,1.87684,0,0,0,0,11111111,oooooooo,on,on,on,on,0,100,100,-44.78,-4.4622,-26.56035854,-0.03980678,1.13121E-05,-1.30028E-09,-1.231787526,-0.229565736,0.008659861,-0.000222848,3,2129,1,23,157.3,157.4,0.153809,4.99878,2.89795,2.89429,2.99805,2.27783,39.7673,13.738,2,403.296,1360,34.5539,32.9313,29.9999,32.6708,32.5294,-1,40,10,-999.9,400,20,99.4222,85.6592
117,1784659912,14881,20260721 13:51:51,13:51:51,15,1784659904,0.000629831,0.629830835,2.295369572,494.913,224.398406,22.6613614,49.97986641,0.014952125,2.94569042,0.014910088,0.009322572,266.1490177,37.23751202,35.70260645,5.871889383,29.85903364,1.767344648,5.918961309,4.104544735,-27.77553981,23.02665669,1.839424002,263.2395586,1.660081672,0.632021714,2.295369572,507.4203161,503.1711333,0.074325189,66.74338955,0.629830835,16.51361601,17.50247394,2.12186E-05,78.43,0,0,1,0,51835.71446,1499.993226,1273.854465,0.849240145,0.17743348,6,0.5,0: Broadleaf,2,TRUE,1784659904,494.913,498.0662258,17.50068387,16.50820968,539.8712903,21.95704516,375.4017419,100.8871935,0.0999828,35.84760323,35.70260645,999.9,0,0,10003.54935,0,3.360257419,-3.153246323,503.7285806,506.4264516,0.992461097,498.0662258,16.50820968,1.765594194,1.665467419,15.48546452,14.57825806,1499.993226,0.691996097,0.308003903,0,2.510090323,0,14341.71613,13609.4871,48.058,49.687,48.879,48.312,47.85467742,1037.988065,462.0051613,0,1784659866,0,1784650356,11:12:35,1784650356,1784650347,3,-0.091,0.025,-43.394,-4.345,443,17,0.18,0.01,-3.81823565,9.883744233,3.130799409,0,2.524405882,-0.331107711,0.203775342,1,0.99383935,-0.028920878,0.005539905,1,2,3,2/3,2.95365,2.76435,0.121476,0.114649,0.107997,0.0883502,27110.8,18118.6,31641.2,22298.4,38012.2,27616.4,45440.6,32603.1,1.64622,2.62905,0.17561,0,32.8583,999.9,51.6,37.5,33.1332,61.633,-99.9559,3,0.418206,0,20.3082,5.21639,12.0339,4.95975,3.301,7700.8,9999,9999,122.8,4.97302,1.87543,1.88165,1.8811,1.87878,1.87454,1.87454,1.87686,0,0,0,0,11111111,oooooooo,on,on,on,on,0,100,100,-44.94,-4.4568,-26.56035854,-0.03980678,1.13121E-05,-1.30028E-09,-1.231787526,-0.229565736,0.008659861,-0.000222848,3,2129,1,23,159.3,159.4,0.153809,4.99878,2.89795,2.89673,2.99805,2.31445,39.7171,13.7205,2,402.644,1359.79,34.5361,32.8617,29.9998,32.5973,32.4553,-1,40,10,-999.9,400,20,99.4306,85.6663