obs,time,elapsed,date,hhmmss,averaging,kam,TIME,E,Emm,A,Ca,Ci,Pci,Pca,gsw,gbw,gtw,gtc,Rabs,TleafEB,TleafCnd,SVPleaf,RHcham,VPcham,SVPcham,VPDleaf,LatHFlux,SenHFlux,NetTherm,EBSum,Asty,Esty,Adyn,Crd,Csd,dCsd/dt,αVc,Edyn,Hr,Hs,dHs/dt,αVh,Leak,LeakPct,CorrFact,CorrFactPct,Fan,Qin,Qabs,alpha,convert,S,K,Geometry,Custom,UseDynamic,TIME,CO2_s,CO2_r,H2O_s,H2O_r,CO2_a,H2O_a,Flow,Pa,ΔPcham,Tair,Tleaf,Tleaf2,Offset,Offset2,Fan_speed,Qamb_in,Qamb_out,ΔCO2,CO2_s_d,CO2_r_d,ΔH2O,CO2_b,H2O_b,e_s,e_r,Td_s,Td_r,Q,f_red,f_blue,f_farred,F,Q_modavg,F_dc,Pc,Tled,TDigital,TPreamp,TPwrSpy,TDrive,Q_red,Q_blue,Q_farred,TSPF,state,time,hhmmss,co2_t,h2o_t,count,co2_adj,h2o_adj,co2_match,h2o_match,co2_at,h2o_at,co2_cv,h2o_cv,ΔCO2:MN,ΔCO2:SLP,ΔCO2:SD,ΔCO2:OK,ΔH2O:MN,ΔH2O:SLP,ΔH2O:SD,ΔH2O:OK,Stable,Total,State,Vflow,VPchamber,abs_c_a,abs_c_b,abs_h_a,abs_h_b,Wc_s,Wc_r,Wco_s,Wco_r,Ww_s,Ww_r,Wwo_s,Wwo_r,Flow_s_v,Flow_r_v,Tleaf_mv,Tleaf2_mv,Tleaf_j,Tleaf2_j,Console_RH,Console_T,Console_H2O,Fan_%,Flow_%,Pump,Tchp_pwm,Txchg_pwm,diag_20v,diag_5_4v,diag_12v,diag_5va,diag_3_3vf,AccCO2_soda,AccH2O_des,CO2_hrs,AccH2O_hum,ADC_CH1,ADC_CH2,ADC_CH3,ADC_CH4,ADC_CH5,ADC_CH6,ADC_CH7,ADC_CH8,DAC_1,DAC_2,DAC_3,DAC_4,GPIO,GPIO_dir,excit_5v,power_12v,power_5v,ch1_pullup,AuxPower,MatchValveR,MatchValveS,MatchCO2,MatchH2O,cf_co2_a,cf_co2_b,cf_co2_c,cf_co2_d,cf_h2o_a,cf_h2o_b,cf_h2o_c,cf_h2o_d,co2_fit_low,co2_fit_high,h2o_fit_low,h2o_fit_high,co2_elapsed,h2o_elapsed,CO2_f,CO2_f_s,Pump_f,Pump_f_s,Pump_p,Pump_p_s,Tboard,V_system,DIAG,Flow_s,Flow_r,Txchg,Tirga,Tchopper,Ts,Tr,CO2_%,Desiccant_%,Humidifier_%,Txchg_sp,CO2_r_sp,H2O_r_sp,SS_s,SS_r
1,1785336236,0,20260729 22:43:56,22:43:56,15,,1785336228,0.001527973,1.527973455,5.046645214,419.9450601,269.5983408,27.13573869,42.26850723,0.060547471,1.381596807,0.059111055,0.037070627,287.43228,32.86812357,29.33936667,4.101430264,36.2395862,1.57298404,4.340513247,2.528446224,-67.38362936,73.37879833,11.78980662,305.2172556,2.255522472,1.625437684,5.046645214,431.3138637,424.3576303,-0.107597753,60.85350742,1.527973455,13.14479727,15.50547152,-0.018108513,69.65,50,12,1.003947947,0.394794697,25429.62087,1500.012,1261.22508,0.840809994,0.191619987,6,0.5,0: Broadleaf,2,TRUE,1785336228,420.0641333,424.4188,15.62787333,13.25889333,433.8891333,16.57170667,403.6278,100.5524667,0.100002547,30.32452,29.33936667,999.9,0,0,5008.001333,0,19.7546,-4.354668933,426.7332667,430.1215333,2.368983333,424.4188,13.25889333,1.571420667,1.333213333,13.68122,11.17815333,1500.012,0.973003,0.0269971,0,2.023106667,0,12699.58667,12844,41.3204,43.125,42.25,41.958,41.3498,1459.512,40.5,0,1785336233,0,1785336093,22:41:33,1785336080,1785336093,1,0.501,-0.914,-13.825,-0.944,430,13,0.07,0.14,-2.227154857,-36.87008065,4.63563079,0,2.30859619,0.966972468,0.104382521,0,0,2,0/2,2.97947,2.75946,0.0966692,0.0971436,0.0841173,0.0715125,32178.7,23127.8,33716.4,25890.5,39469.5,32558,49223,40426.2,1.7164,2.71627,0.142306,0,27.0185,999.9,67.727,27.825,25.2992,28.97,-100,3,0.0677261,0,20.2433,5.20501,11.9529,4.9697,3.294,7163.4,9999,130.8,9999,4.97352,1.87286,1.87063,1.87229,1.87282,1.87378,1.8732,1.87775,0,0,0,0,11111111,oooooooo,on,on,on,on,0,100,100,-13.825,-0.9438,-13.8248,0,0,0,-0.943836364,0,0,0,-1,-1,-1,-1,2.6,2.4,0.157471,4.99756,2.64526,2.76001,2.8479,2.229,31.6298,16.0233,2,338.764,1270.37,28.4251,28.3006,30.0004,28.1681,28.0698,-1,40,10,-999.9,400,20,102.313,94.9031
2,1785336356,120,20260729 22:45:56,22:45:56,15,,1785336348,0.001532182,1.532181992,4.488628673,410.2742468,271.2482863,27.30154192,41.29471084,0.058833726,1.380812781,0.057475739,0.036041736,287.42848,32.91815101,29.3849,4.112221988,34.54711368,1.503923032,4.353252333,2.608298955,-67.56922585,73.75552364,11.86274364,305.4775214,5.794213523,1.528713935,4.488628673,426.0833789,418.0634788,0.214725641,60.85350742,1.532181992,12.71802036,14.95214121,0.000220699,69.65,49,12,1.003872816,0.387281631,25402.58254,1499.992,1261.20828,0.840810004,0.191620009,6,0.5,0: Broadleaf,2,TRUE,1785336348,410.3802667,419.8592,14.94188667,12.72002667,424.2049333,15.88572667,405.0591333,100.5514667,0.10001502,30.37567333,29.3849,999.9,0,0,5004.166667,0,22.14438,-9.479028667,416.6049333,425.2684667,2.221858667,419.8592,12.72002667,1.502430667,1.279018667,12.99291333,10.55452667,1499.992,0.973002333,0.02699778,0,1.97386,0,12464.54,12843.82667,41.312,43.0956,42.1912,41.93706667,41.312,1459.492,40.5,0,1785336353,0,1785336093,22:41:33,1785336080,1785336093,1,0.501,-0.914,-13.825,-0.944,430,13,0.07,0.14,-9.2915495,-2.668892481,0.528573455,0,2.234234,-0.160597895,0.031837475,0,0,2,0/2,2.9809,2.75939,0.0955354,0.0954991,0.0818628,0.0696044,32211.4,23166.7,33709,25887.6,39569.2,32622.7,49213.6,40422.3,1.71887,2.7125,0.142448,0,27.0592,999.9,65.364,27.956,24.6049,29.12,-100,3,0.0753862,0,20.2436,5.20426,11.9544,4.9697,3.294,7163.4,9999,130.8,9999,4.97354,1.87286,1.87065,1.87228,1.8728,1.87378,1.87322,1.87775,0,0,0,0,11111111,oooooooo,on,on,on,on,0,100,100,-13.825,-0.9439,-13.8248,0,0,0,-0.943836364,0,0,0,-1,-1,-1,-1,4.6,4.4,0.157471,4.99756,2.64526,2.75879,2.8479,2.26929,31.6736,15.997,2,340.661,1267.86,28.4723,28.416,30.0004,28.2957,28.2036,-1,40,10,-999.9,400,20,102.293,94.8932
3,1785336476,240,20260729 22:47:56,22:47:56,15,,1785336468,0.001543536,1.543535862,4.527361799,409.8831231,269.341123,27.10873826,41.25405797,0.05867046,1.380352284,0.057319466,0.035943457,287.4310133,32.96877683,29.43766667,4.124759022,34.11876359,1.490034332,4.367199088,2.634724689,-68.06993153,73.96062858,11.90610357,305.227814,5.160847765,1.57259739,4.527361799,425.4411313,417.223903,0.242314016,60.85350742,1.543535862,12.54972662,14.79715879,-0.000221794,69.65,49,12,1.003875563,0.387556317,25384.64755,1500.005333,1261.21948,0.840809997,0.191619994,6,0.5,0: Broadleaf,2,TRUE,1785336468,409.9901333,418.535,14.80436,12.52514,423.815,15.7482,406.2560667,100.5483333,0.100011633,30.43152667,29.43766667,999.9,0,0,5002.041333,0,20.80802667,-8.544864667,416.1509333,423.8436,2.279218667,418.535,12.52514,1.488552,1.259381333,12.85108,10.32262667,1500.005333,0.973002667,0.026997447,0,1.922306667,0,12314.18667,12843.94,41.2748,43.0662,42.187,41.9246,41.312,1459.505333,40.5,0,1785336473,0,1785336093,22:41:33,1785336080,1785336093,1,0.501,-0.914,-13.825,-0.944,430,13,0.07,0.14,-8.0018945,-15.29564887,1.583758566,0,2.300629,-0.462717293,0.048636319,0,0,2,0/2,2.98217,2.75945,0.0953721,0.0955742,0.0811994,0.0690243,32211.3,23161.2,33703.4,25884.1,39595,32638.9,49206.7,40417.7,1.72115,2.70872,0.140779,0,27.1356,999.9,64.327,28.067,24.3742,29.12,-100,3,0.0817378,0,20.2431,5.20471,11.9533,4.96955,3.294,7163.4,9999,130.8,9999,4.97353,1.87286,1.87063,1.87229,1.87278,1.87378,1.87318,1.87775,0,0,0,0,11111111,oooooooo,on,on,on,on,0,100,100,-13.825,-0.9438,-13.8248,0,0,0,-0.943836364,0,0,0,-1,-1,-1,-1,6.6,6.4,0.15625,4.99756,2.64526,2.75879,2.8479,2.19482,31.6955,15.9533,2,342.381,1264.97,28.5262,28.5151,30.0005,28.4077,28.3207,-1,40,10,-999.9,400,20,102.277,94.8816
4,1785336597,360.9000001,20260729 22:49:57,22:49:57,15,,1785336589,0.001654844,1.654844289,3.991526062,408.3813181,291.5580809,29.34616616,41.10476369,0.063978842,1.37880793,0.062374169,0.039124677,287.4279733,32.81542222,29.32756,4.098636034,34.60093145,1.502523666,4.342437048,2.596112368,-72.97863315,74.68316874,12.02340994,301.1559189,3.535325659,1.578407771,3.991526062,418.1312063,413.6563212,-0.248698164,60.86183289,1.654844289,12.45600694,14.89955636,-0.006129335,69.65,49,12,1.003881206,0.388120576,25347.88521,1499.989333,1261.20604,0.840810006,0.191620012,6,0.5,0: Broadleaf,2,TRUE,1785336589,408.4758,414.6142,14.92777333,12.64599333,422.3006667,15.8716,407.2460667,100.5528667,0.10003264,30.33225333,29.32756,999.9,0,0,4994.167333,0,23.43607333,-6.138322,414.6659333,419.9248667,2.281775333,414.6142,12.64599333,1.501032,1.271592,12.97866,10.46593333,1499.989333,0.973001333,0.026998813,0,1.993966667,0,12211.10667,12843.81333,41.2038,43.0372,42.125,41.8874,41.312,1459.489333,40.5,0,1785336594,0,1785336093,22:41:33,1785336080,1785336093,1,0.501,-0.914,-13.825,-0.944,430,13,0.07,0.14,-6.467912381,9.218693766,1.305494233,0,2.278971429,0.77156961,0.146426575,0,0,2,0/2,2.98351,2.75945,0.0946681,0.0942035,0.0815071,0.0673136,32228.7,23191.9,33695.7,25879.6,39572.5,32695.1,49197.3,40411.8,1.7236,2.70665,0.136998,0,27.0651,999.9,64.021,28.188,24.4292,29.01,-100,3,0.088717,0,20.2435,5.20486,11.9536,4.9696,3.294,7163.4,9999,130.9,9999,4.97355,1.87286,1.87064,1.87232,1.87284,1.87378,1.8732,1.87775,0,0,0,0,11111111,oooooooo,on,on,on,on,0,100,100,-13.825,-0.9438,-13.8248,0,0,0,-0.943836364,0,0,0,-1,-1,-1,-1,8.6,8.4,0.15625,4.99756,2.64526,2.75757,2.84912,2.27905,31.7611,15.9795,2,344.138,1264.27,28.5242,28.601,30.0004,28.5102,28.4244,-1,40,10,-999.9,400,20,102.256,94.8669
5,1785336717,480.9000001,20260729 22:51:57,22:51:57,15,,1785336709,0.00154081,1.540810128,4.395065329,400.6647294,264.7533453,26.64787391,40.32758558,0.058947996,1.379385546,0.057583419,0.036109608,287.4226533,32.79259009,29.25051333,4.080442472,33.80836416,1.461359999,4.32248065,2.619082473,-67.94972663,74.4675621,11.97433711,305.9148259,4.520630765,1.562662326,4.395065329,413.8292517,406.8993818,0.06349799,60.86183289,1.540810128,12.29159351,14.52577515,0.000237791,69.65,48,12,1.003798153,0.379815323,25371.44156,1499.961333,1261.18252,0.840810021,0.191620042,6,0.5,0: Broadleaf,2,TRUE,1785336709,400.7686667,408.322,14.51898,12.26016,414.5934667,15.46282,407.4856667,100.5517333,0.099965273,30.25188667,29.25051333,999.9,0,0,4997.084,0,24.70687333,-7.553325333,406.6732,413.3902,2.258812667,408.322,12.26016,1.459908667,1.232782,12.55463333,10.003388,1499.961333,0.972999667,0.02700056,0,2.067226667,0,12126.35333,12843.55333,41.1622,42.875,42.05786667,41.74993333,41.187,1459.461333,40.5,0,1785336714,0,1785336093,22:41:33,1785336080,1785336093,1,0.501,-0.914,-13.825,-0.944,430,13,0.07,0.14,-7.42592619,-3.618121558,0.637036138,0,2.27982619,-0.410175584,0.042511378,0,0,2,0/2,2.98261,2.75944,0.0935753,0.0934981,0.0800428,0.0677352,32263.7,23207.4,33692,25876.9,39637.6,32676.3,49192.5,40408.4,1.72117,2.7056,0.140969,0,26.9562,999.9,62.733,28.288,24.0773,28.89,-100,3,0.0923908,0,20.2437,5.20231,11.9542,4.9696,3.294,7163.4,9999,130.9,9999,4.97354,1.87286,1.87065,1.87231,1.87284,1.87378,1.87323,1.87776,0,0,0,0,11111111,oooooooo,on,on,on,on,0,100,100,-13.825,-0.9438,-13.8248,0,0,0,-0.943836364,0,0,0,-1,-1,-1,-1,10.6,10.4,0.15625,4.99756,2.64526,2.75879,2.8479,2.22168,31.783,15.9358,2,343.373,1264.42,28.4545,28.6499,30.0003,28.5773,28.4995,-1,40,10,-999.9,400,20,102.246,94.8582
6,1785336837,600.9000001,20260729 22:53:57,22:53:57,15,,1785336829,0.00137475,1.374749725,4.515584231,407.4357241,253.3816887,25.5032938,41.00909198,0.052549927,1.380066915,0.051463071,0.032260197,287.4256933,32.98523801,29.39624667,4.114915078,34.51278402,1.501186324,4.349652939,2.613728754,-60.62646286,71.79709964,11.5538157,310.1501458,2.442957776,1.323454762,4.515584231,417.9207787,412.1151576,-0.155207993,60.86183289,1.374749725,13.06142294,14.99173394,0.008984528,69.65,49,12,1.003875954,0.387595353,25382.10086,1499.977333,1261.19596,0.840810012,0.191620024,6,0.5,0: Broadleaf,2,TRUE,1785336829,407.5424667,411.9144667,14.91466667,13.00490667,421.3673333,15.85848667,407.9903333,100.5517333,0.099951213,30.36123333,29.39624667,999.9,0,0,5000.458667,0,23.67357333,-4.372066667,413.7128,417.3418667,1.909739333,411.9144667,13.00490667,1.499694,1.307666667,12.96494667,10.88704667,1499.977333,0.973000667,0.026999507,0,1.893793333,0,12056.02,12843.7,41.14153333,42.875,42.062,41.7248,41.187,1459.477333,40.5,0,1785336834,0,1785336093,22:41:33,1785336080,1785336093,1,0.501,-0.914,-13.825,-0.944,430,13,0.07,0.14,-5.245039048,11.30554208,1.855443926,0,1.934289524,-0.302456104,0.079890284,0,0,2,0/2,2.98297,2.7595,0.0943438,0.0932658,0.0820286,0.0710598,32232,23210.7,33687.6,25874.1,39539.3,32551.8,49187,40405.1,1.7211,2.70653,0.142746,0,27.0747,999.9,64.406,28.389,24.8651,28.74,-100,3,0.0961712,0,20.2439,5.20456,11.9538,4.9698,3.294,7163.4,9999,130.9,9999,4.97353,1.87286,1.87068,1.87228,1.87285,1.87378,1.87321,1.87775,0,0,0,0,11111111,oooooooo,on,on,on,on,0,100,100,-13.824,-0.9439,-13.8248,0,0,0,-0.943836364,0,0,0,-1,-1,-1,-1,12.6,12.4,0.15625,4.99756,2.64526,2.75757,2.8479,2.24731,31.8488,15.927,2,343.715,1267.35,28.5004,28.71,30.0003,28.6428,28.5688,-1,40,10,-999.9,400,20,102.233,94.8494
7,1785336957,720.9000001,20260729 22:55:57,22:55:57,15,,1785336949,0.001393191,1.393191206,4.410894851,400.8990497,253.417435,25.50638557,40.35036397,0.053775015,1.380037686,0.052637461,0.032998614,287.42886,33.01258056,29.44027333,4.125379212,35.24665932,1.536342324,4.358831031,2.589036888,-61.43973217,71.25791075,11.47188103,308.7189196,4.307612227,1.304392715,4.410894851,414.2021969,407.3548788,0.047271193,60.86183289,1.393191206,13.37689821,15.33313818,0.008645463,69.65,48,12,1.00379713,0.379712978,25378.25414,1499.994,1261.20996,0.840810003,0.191620006,6,0.5,0: Broadleaf,2,TRUE,1785336949,401.0033333,408.0748,15.26425333,13.38482667,414.8283333,16.20808667,408.4909333,100.5496667,0.10002058,30.39803333,29.44027333,999.9,0,0,5000.416667,0,23.40890667,-7.07142,407.2192667,413.611,1.879426667,408.0748,13.38482667,1.534816,1.34584,13.31942,11.32073333,1499.994,0.973001,0.026999173,0,2.056313333,0,11992.78667,12843.82667,41.187,42.93286667,42.062,41.77893333,41.1996,1459.494,40.5,0,1785336954,0,1785336093,22:41:33,1785336080,1785336093,1,0.501,-0.914,-13.825,-0.944,430,13,0.07,0.14,-5.884907143,-17.81462026,2.097570637,0,1.879829524,0.304692468,0.058368799,0,0,2,0/2,2.98433,2.75941,0.0935655,0.0932529,0.0833577,0.0713801,32253.1,23206.4,33681.2,25869.4,39469.4,32534.1,49178.6,40398.9,1.72362,2.70345,0.141613,0,27.1276,999.9,65.212,28.5,25.3397,28.68,-100,3,0.102403,0,20.2433,5.20441,11.9535,4.96945,3.294,7163.4,9999,131,9999,4.97355,1.87286,1.8707,1.8723,1.87286,1.87378,1.87328,1.87776,0,0,0,0,11111111,oooooooo,on,on,on,on,0,100,100,-13.825,-0.9438,-13.8248,0,0,0,-0.943836364,0,0,0,-1,-1,-1,-1,14.6,14.4,0.15625,4.99756,2.64526,2.75757,2.8479,2.27417,31.9146,15.9358,2,345.373,1264.56,28.5553,28.7893,30.0004,28.7213,28.6456,-1,40,10,-999.9,400,20,102.215,94.8336
8,1785337077,840.9000001,20260729 22:57:57,22:57:57,15,,1785337069,0.001509105,1.509105188,4.365825672,413.6503462,276.6486724,27.84520495,41.63467899,0.0582126,1.381136122,0.056883089,0.035668853,287.42658,33.04453685,29.54317333,4.149926709,35.49211857,1.555318254,4.38215107,2.594608455,-66.5515388,70.59236806,11.36672608,302.8341353,2.797448096,1.587744436,4.365825672,424.4895791,418.7787394,-0.130487769,60.86183289,1.509105188,13.13251653,15.37982182,-0.010292535,69.65,48,12,1.003793523,0.379352337,25402.28934,1499.982,1261.19988,0.84081001,0.191620019,6,0.5,0: Broadleaf,2,TRUE,1785337069,413.7534667,418.8003333,15.45245333,13.17038,427.5783333,16.39632,409.4196667,100.5518667,0.099998773,30.49123333,29.54317333,999.9,0,0,5005.748667,0,24.12438,-5.046698,420.2474667,424.3896,2.282094667,418.8003333,13.17038,1.553776,1.324308,13.50780667,11.07746,1499.982,0.973000333,0.026999873,0,1.96694,0,11942.57333,12843.72667,41.25,43,42.1374,41.86653333,41.312,1459.482,40.5,0,1785337074,0,1785336093,22:41:33,1785336080,1785336093,1,0.501,-0.914,-13.825,-0.944,430,13,0.07,0.14,-5.488173333,-2.460679481,2.109166788,0,2.255267143,0.324377922,0.053960858,0,0,2,0/2,2.98466,2.75937,0.0954489,0.0952998,0.0834844,0.0711706,32177.5,23148.9,33672.7,25864.2,39454.8,32534.8,49167.4,40391.5,1.7231,2.70117,0.14564,0,27.1775,999.9,65.297,28.591,25.5036,28.98,-100,3,0.110249,0,20.2436,5.20396,11.955,4.9693,3.294,7163.4,9999,131,9999,4.97357,1.87286,1.87066,1.87225,1.87284,1.87378,1.87323,1.87777,0,0,0,0,11111111,oooooooo,on,on,on,on,0,100,100,-13.825,-0.9438,-13.8248,0,0,0,-0.943836364,0,0,0,-1,-1,-1,-1,16.6,16.4,0.15625,4.99756,2.64526,2.75879,2.8479,2.25586,31.9805,15.9095,2,345.68,1263.31,28.6203,28.8961,30.0003,28.8174,28.7385,-1,40,10,-999.9,400,20,102.191,94.8156
9,1785337197,960.9000001,20260729 22:59:57,22:59:57,15,,1785337189,0.001630347,1.630347255,4.429282235,414.3030674,281.4866904,28.33219952,41.70043404,0.061462604,1.381676072,0.059983092,0.037619395,287.4327867,33.11076562,29.65756,4.177363781,34.40903352,1.519045414,4.41467039,2.658318367,-71.89831393,71.72687122,11.55881947,298.8201634,3.722594801,1.599682847,4.429282235,424.3685575,419.5348909,-0.291991114,60.86183289,1.630347255,12.7203518,15.07200606,-0.00072772,69.65,48,12,1.003792794,0.379279436,25407.15346,1500.014667,1261.22732,0.840809992,0.191619984,6,0.5,0: Broadleaf,2,TRUE,1785337189,414.4076667,420.7962667,15.09205333,12.79833333,428.2324,16.03589333,410.5547333,100.552,0.100004107,30.62048,29.65756,999.9,0,0,5008.417333,0,25.12832,-6.388694667,420.7575333,426.2516667,2.293722,420.7962667,12.79833333,1.517537333,1.286899333,13.14600667,10.64652,1500.014667,0.973001333,0.02699882,0,2.042646667,0,11896.12667,12844.03333,41.312,43.125,42.2164,41.9664,41.3708,1459.514667,40.5,0,1785337194,0,1785336093,22:41:33,1785336080,1785336093,1,0.501,-0.914,-13.825,-0.944,430,13,0.07,0.14,-6.954773333,12.37019844,1.635554464,0,2.258756667,0.726314026,0.075833091,0,0,2,0/2,2.98596,2.7594,0.0955972,0.0947889,0.082183,0.0691282,32166.4,23159.1,33667.1,25861.4,39510.6,32604.8,49160.5,40387.8,1.7254,2.69835,0.141073,0,27.3698,999.9,63.594,28.681,24.9691,28.92,-100,3,0.116319,0,20.2433,5.20456,11.9542,4.96935,3.294,7163.4,9999,131,9999,4.97356,1.87286,1.87068,1.87232,1.87286,1.87378,1.87325,1.87777,0,0,0,0,11111111,oooooooo,on,on,on,on,0,100,100,-13.825,-0.9438,-13.8248,0,0,0,-0.943836364,0,0,0,-1,-1,-1,-1,18.6,18.4,0.15625,4.99756,2.64526,2.75635,2.8479,2.24731,32.0464,15.892,2,347.302,1261.18,28.7204,28.9878,30.0003,28.907,28.8276,-1,40,10,-999.9,400,20,102.175,94.8063
10,1785337317,1080.9,20260729 23:01:57,23:01:57,15,,1785337309,0.001644577,1.644577239,4.867586114,409.8002753,263.2594559,26.49714633,41.24652551,0.060420287,1.379775186,0.058987982,0.036993348,287.4348133,33.25904385,29.81410667,4.215169669,33.42483834,1.488561748,4.453459829,2.726607921,-72.52585622,71.37081355,11.5349407,297.8147114,3.824774932,1.609509025,4.867586114,422.3305852,415.3014909,-0.026630799,60.8612438,1.644577239,12.43054462,14.79571212,-0.000466171,69.65,48,12,1.003802999,0.380299908,25339.23511,1500.025333,1261.23628,0.840809986,0.191619973,6,0.5,0: Broadleaf,2,TRUE,1785337309,409.9155333,416.4320667,14.78944,12.48665333,423.7402667,15.73328,411.5728667,100.5503333,0.099978533,30.77356667,29.81410667,999.9,0,0,4999.083333,0,25.84626667,-6.516734,416.0688,421.6976667,2.30278,416.4320667,12.48665333,1.487083333,1.255538667,12.836,10.27674667,1500.025333,0.973002,0.02699814,0,1.994886667,0,11841.9,12844.10667,41.375,43.25,42.312,42.083,41.4496,1459.525333,40.5,0,1785337314,0,1785336093,22:41:33,1785336080,1785336093,1,0.501,-0.914,-13.825,-0.944,430,13,0.07,0.14,-6.576014762,-1.355637662,1.929896624,0,2.333726667,-0.191923636,0.079516468,0,0,2,0/2,2.98698,2.75967,0.0948843,0.0944745,0.0810743,0.0685527,32187.1,23164.4,33662.7,25858.8,39558.2,32621.9,49155.2,40384.5,1.72717,2.69742,0.139542,0,27.5494,999.9,62.209,28.782,24.5709,29.1,-100,3,0.121806,0,20.2439,5.20501,11.9556,4.9698,3.294,7163.4,9999,131.1,9999,4.97354,1.87286,1.87071,1.87231,1.87285,1.87378,1.87328,1.87776,0,0,0,0,11111111,oooooooo,on,on,on,on,0,100,100,-13.825,-0.9438,-13.8248,0,0,0,-0.943836364,0,0,0,-1,-1,-1,-1,20.6,20.4,0.15625,4.99756,2.64526,2.75757,2.84912,2.26685,32.1344,15.8745,2,348.64,1261.72,28.8315,29.0706,30.0003,28.9901,28.9126,-1,40,10,-999.9,400,20,102.163,94.798
11,1785337437,1200.9,20260729 23:03:57,23:03:57,15,,1785337429,0.001425044,1.425044147,4.746351803,410.380298,250.5308222,25.21606366,41.30500042,0.053177569,1.380130507,0.052064943,0.032638615,287.43228,33.44307263,29.90275333,4.23670973,34.91019392,1.561198647,4.472042322,2.675511083,-62.84444688,70.21953709,11.35501769,306.1623879,6.124911359,1.359614871,4.746351803,427.1927674,418.6575818,0.26120262,60.8612438,1.425044147,13.5928819,15.57446121,0.008883818,69.65,48,12,1.003802363,0.380236316,25343.45687,1500.012,1261.22508,0.840809994,0.191619987,6,0.5,0: Broadleaf,2,TRUE,1785337429,410.4926667,420.1833333,15.51108,13.57089333,424.3174,16.45493333,412.3445333,100.5505333,0.10001112,30.84649333,29.90275333,999.9,0,0,5000.833333,0,28.88836,-9.690650667,416.9602,425.9641333,1.940204,420.1833333,13.57089333,1.559648,1.364560667,13.56575333,11.52935333,1500.012,0.973002667,0.026997447,0,2.03864,0,11800.25333,12843.98667,41.5,43.375,42.4122,42.25,41.562,1459.512,40.5,0,1785337434,0,1785336093,22:41:33,1785336080,1785336093,1,0.501,-0.914,-13.825,-0.944,430,13,0.07,0.14,-8.9001,-10.40688234,1.354864527,0,1.968097619,-0.331888831,0.050996567,0,0,2,0/2,2.98816,2.75938,0.095404,0.0953436,0.0842795,0.0730726,32161.1,23135.9,33655.2,25852,39399.4,32449.6,49145.3,40375.4,1.72855,2.69438,0.138644,0,27.6704,999.9,64.98,28.893,25.8309,28.83,-100,3,0.128979,0,20.2435,5.20516,11.9557,4.96965,3.294,7163.4,9999,131.1,9999,4.97354,1.87286,1.87072,1.87227,1.87285,1.87378,1.87323,1.87775,0,0,0,0,11111111,oooooooo,on,on,on,on,0,100,100,-13.825,-0.9438,-13.8248,0,0,0,-0.943836364,0,0,0,-1,-1,-1,-1,22.6,22.4,0.15625,4.99756,2.64526,2.75635,2.8479,2.2229,32.2446,15.8569,2,349.849,1259.35,28.936,29.1623,30.0005,29.0836,29.0065,-1,40,10,-999.9,400,20,102.142,94.7752
12,1785337557,1320.9,20260729 23:05:57,23:05:57,15,,1785337549,0.00151335,1.513350126,4.0764287,407.1813063,272.453638,27.4211479,40.98083954,0.055559851,1.381153633,0.054347406,0.034073859,287.4298733,33.49811566,29.99141333,4.258348923,34.15787737,1.536478307,4.498166822,2.721870616,-66.73874054,71.27085591,11.52735154,303.4893402,2.933309218,1.489858827,4.0764287,417.0844717,412.2522182,-0.199491951,60.8612438,1.513350126,13.24059369,15.3333503,0.01077124,69.65,48,12,1.003799146,0.379914591,25364.83733,1499.999333,1261.21444,0.84081,0.191620001,6,0.5,0: Broadleaf,2,TRUE,1785337549,407.2777333,412.4049333,15.26628667,13.14294,421.1025333,16.21014,412.9732,100.5452,0.099989027,30.94857333,29.99141333,999.9,0,0,5006.167333,0,33.75891333,-5.127308667,413.5916667,417.8973333,2.123333333,412.4049333,13.14294,1.534952,1.321460667,13.32080667,11.04492667,1499.999333,0.973002667,0.026997447,0,2.01698,0,11767.27333,12843.88,41.6124,43.5,42.50826667,42.3162,41.67046667,1459.499333,40.5,0,1785337554,0,1785336093,22:41:33,1785336080,1785336093,1,0.501,-0.914,-13.825,-0.944,430,13,0.07,0.14,-5.739674762,8.302284935,1.431033547,0,2.182909048,-1.024365974,0.117414723,0,0,2,0/2,2.98838,2.75943,0.0942146,0.0936419,0.0832634,0.0713214,32196,23175.9,33648,25848.7,39439.4,32507.9,49135.8,40370.8,1.72852,2.69208,0.135131,0,27.7967,999.9,63.985,28.983,25.5697,28.98,-100,3,0.13627,0,20.2436,5.20501,11.9548,4.96975,3.294,7163.4,9999,131.1,9999,4.97356,1.87286,1.87071,1.8723,1.87286,1.87378,1.87327,1.87776,0,0,0,0,11111111,oooooooo,on,on,on,on,0,100,100,-13.825,-0.9438,-13.8248,0,0,0,-0.943836364,0,0,0,-1,-1,-1,-1,24.6,24.4,0.15625,4.99756,2.64526,2.75635,2.8479,2.24854,32.3328,15.8569,2,350.418,1258.12,29.0468,29.2677,30.0003,29.1829,29.1034,-1,40,10,-999.9,400,20,102.121,94.764
13,1785337677,1440.9,20260729 23:07:57,23:07:57,15,,1785337669,0.001719855,1.719855339,4.175105095,411.3868799,287.9420898,28.97765042,41.40077334,0.063257539,1.37923823,0.061688843,0.038693228,287.4340533,33.42623957,29.99959333,4.260350255,34.07528076,1.535428614,4.50598962,2.724921641,-75.84562045,72.82919717,11.79801103,296.2156411,3.52786496,1.702958289,4.175105095,421.6033121,416.814697,-0.228763336,60.8612438,1.719855339,12.65891814,15.1914897,-0.011943812,69.65,47,11,1.003728227,0.37282274,25307.05433,1500.021333,1261.23292,0.840809988,0.191619977,6,0.5,0: Broadleaf,2,TRUE,1785337669,411.4858667,417.5904667,15.25708667,12.83776667,425.3105333,16.20092667,414.3273333,100.5370667,0.100010887,30.97904,29.99959333,999.9,0,0,4997.083333,0,23.40771333,-6.104707333,417.8610667,423.0214667,2.419318667,417.5904667,12.83776667,1.533900667,1.290669333,13.3103,10.68962,1500.021333,0.973002333,0.0269978,0,2.025946667,0,11722.94667,12844.08,41.6374,43.52893333,42.562,42.375,41.75,1459.521333,40.5,0,1785337674,0,1785336093,22:41:33,1785336080,1785336093,1,0.501,-0.914,-13.825,-0.944,430,13,0.07,0.14,-6.707913333,15.72398026,1.690195641,0,2.355678571,1.45897013,0.15120309,0,0,2,0/2,2.98972,2.75942,0.0949589,0.0941896,0.0825499,0.0683729,32161.9,23157.9,33640.5,25844.8,39465.7,32608.7,49126.9,40364.7,1.73095,2.6907,0.133086,0,27.8188,999.9,62.593,29.074,25.1459,28.92,-100,3,0.14314,0,20.2436,5.20486,11.9559,4.9698,3.294,7163.4,9999,131.2,9999,4.97355,1.87287,1.87072,1.87231,1.87285,1.87378,1.8733,1.87775,0,0,0,0,11111111,oooooooo,on,on,on,on,0,100,100,-13.825,-0.9438,-13.8248,0,0,0,-0.943836364,0,0,0,-1,-1,-1,-1,26.6,26.4,0.157471,4.99756,2.64526,2.75635,2.8479,2.26807,32.4212,15.8657,2,352.139,1258.1,29.1261,29.3603,30.0003,29.2759,29.1927,-1,40,10,-999.9,400,20,102.101,94.7495
14,1785337797,1560.9,20260729 23:09:57,23:09:57,15,,1785337789,0.001614181,1.614181343,5.534661879,401.841295,233.8982232,23.53759658,40.43800828,0.058783295,1.379513374,0.057426361,0.036010782,287.4346867,33.6196654,30.12892667,4.292102282,34.02569785,1.545515757,4.542201498,2.746586525,-71.18539725,73.66925861,11.94763367,301.8661817,6.116384934,1.637992605,5.534661879,419.7902586,409.4601394,0.379857865,60.8612438,1.614181343,12.94087718,15.30592121,-0.009748753,69.65,47,11,1.003728745,0.372874532,25303.55225,1500.024667,1261.23572,0.840809987,0.191619973,6,0.5,0: Broadleaf,2,TRUE,1785337789,401.9725333,411.7428,15.35812667,13.03316,415.7972667,16.30198,414.6514,100.5318,0.099988693,31.11947333,30.12892667,999.9,0,0,4998.708,0,27.73842667,-9.770129333,408.2424,417.1796,2.324964667,411.7428,13.03316,1.54398,1.310248667,13.41078,10.91655333,1500.024667,0.973003,0.026997107,0,2.048006667,0,11693.96,12844.12,41.687,43.562,42.625,42.375,41.75,1459.524667,40.5,0,1785337794,0,1785336093,22:41:33,1785336080,1785336093,1,0.501,-0.914,-13.825,-0.944,430,13,0.07,0.14,-8.26672619,-31.73261766,4.557568739,0,2.277961905,0.843456623,0.115376918,0,0,2,0/2,2.98984,2.75947,0.0939011,0.0946592,0.08308,0.0709891,32196.5,23143.3,33637.6,25842.1,39437.7,32510.8,49123.3,40361.6,1.73055,2.68887,0.140708,0,27.8517,999.9,62.996,29.185,25.4736,29.13,-100,3,0.146532,0,20.2439,5.20456,11.956,4.96975,3.294,7163.4,9999,131.2,9999,4.97359,1.87286,1.87073,1.87237,1.87284,1.87378,1.8733,1.87776,0,0,0,0,11111111,oooooooo,on,on,on,on,0,100,100,-13.825,-0.9438,-13.8248,0,0,0,-0.943836364,0,0,0,-1,-1,-1,-1,28.6,28.4,0.15625,4.99756,2.64526,2.75635,2.8479,2.24243,32.5097,15.8482,2,352.321,1256.98,29.1936,29.4177,30.0004,29.3401,29.2626,-1,40,10,-999.9,400,20,102.093,94.7412
15,1785337917,1680.9,20260729 23:11:57,23:11:57,15,,1785337909,0.001656558,1.656558277,4.200876415,402.7172913,273.8393857,27.5566766,40.52576341,0.060338036,1.379595928,0.058909397,0.036943913,287.4332933,33.51697335,30.01130667,4.263217486,33.5013743,1.514673342,4.521227482,2.748544144,-73.05422,76.38098187,12.3745166,303.1345718,4.116851759,1.651540431,4.200876415,414.7043534,408.7708,-0.038309299,60.8612438,1.656558277,12.69533364,15.05474848,0.000240307,69.65,47,11,1.003727386,0.372738609,25312.74516,1500.017333,1261.22956,0.840809991,0.191619981,6,0.5,0: Broadleaf,2,TRUE,1785337909,402.8168667,409.7146667,15.05178667,12.70678667,416.6416,15.99562,414.6393333,100.5308,0.10000054,31.03825333,30.01130667,999.9,0,0,4999.166667,0,29.93624667,-6.897738667,408.9724667,414.9876667,2.344998,409.7146667,12.70678667,1.513166667,1.277422,13.10186,10.53576,1500.017333,0.973001667,0.026998487,0,2.12158,0,11659.26667,12844.05333,41.687,43.5704,42.6208,42.42873333,41.79133333,1459.517333,40.5,0,1785337914,0,1785336093,22:41:33,1785336080,1785336093,1,0.501,-0.914,-13.825,-0.944,430,13,0.07,0.14,-6.205237143,-11.40611844,1.681941796,0,2.373658095,-0.312661558,0.059147996,0,0,2,0/2,2.99007,2.75949,0.0936297,0.0935829,0.0819931,0.0687439,32202.1,23169.2,33633.7,25840.6,39484.4,32589.5,49118.3,40359.5,1.73088,2.68745,0.132456,0,27.822,999.9,61.696,29.235,25.0182,28.98,-100,3,0.150473,0,20.2439,5.20456,11.956,4.9695,3.294,7163.4,9999,131.2,9999,4.97356,1.87287,1.87072,1.87229,1.87286,1.87378,1.87328,1.87775,0,0,0,0,11111111,oooooooo,on,on,on,on,0,100,100,-13.825,-0.9438,-13.8248,0,0,0,-0.943836364,0,0,0,-1,-1,-1,-1,30.6,30.4,0.15625,4.99756,2.64526,2.75513,2.8479,2.24243,32.5761,15.8307,2,352.844,1256.3,29.2437,29.4734,30.0003,29.4026,29.3255,-1,40,10,-999.9,400,20,102.082,94.736
16,1785338037,1800.9,20260729 23:13:57,23:13:57,15,,1785338029,0.001646891,1.646890835,4.496456298,399.7154171,262.3882532,26.40497657,40.22465219,0.059953676,1.378585353,0.058541943,0.036712784,287.4316467,33.55379794,30.05920667,4.274960124,33.68353343,1.525554768,4.529081756,2.749405356,-72.62788583,75.02835533,12.16899716,302.0011133,4.533133554,1.63829863,4.496456298,412.9697637,406.1084303,0.046952906,60.8612438,1.646890835,12.74060528,15.1307497,-0.006648764,69.65,47,11,1.003732112,0.373211168,25280.81327,1500.008667,1261.22228,0.840809995,0.191619991,6,0.5,0: Broadleaf,2,TRUE,1785338029,399.8221333,407.3011333,15.15955333,12.83489333,413.6468667,16.10338667,414.8661333,100.5332,0.10002672,31.06870667,30.05920667,999.9,0,0,4994.042,0,40.68654,-7.479115333,405.9764667,412.5968667,2.324649333,407.3011333,12.83489333,1.524038667,1.290333333,13.21148667,10.68632667,1500.008667,0.973001333,0.02699884,0,2.099786667,0,11635.42,12843.98,41.687,43.4958,42.562,42.3162,41.7416,1459.508667,40.5,0,1785338034,0,1785336093,22:41:33,1785336080,1785336093,1,0.501,-0.914,-13.825,-0.944,430,13,0.07,0.14,-7.604915714,0.177558701,1.461100932,0,2.289352381,0.907404935,0.104334825,0,0,2,0/2,2.99057,2.75941,0.0931751,0.0929538,0.0823155,0.0691439,32217.1,23184.4,33632.6,25839.7,39467.9,32574,49116.7,40358.7,1.73188,2.6847,0.14063,0,27.7836,999.9,61.5,29.326,25.0693,28.83,-100,3,0.151961,0,20.2442,5.20501,11.9559,4.96965,3.294,7163.4,9999,131.3,9999,4.97357,1.87286,1.87071,1.87229,1.87286,1.87378,1.87331,1.87775,0,0,0,0,11111111,oooooooo,on,on,on,on,0,100,100,-13.825,-0.9439,-13.8248,0,0,0,-0.943836364,0,0,0,-1,-1,-1,-1,32.6,32.4,0.15625,4.99756,2.64526,2.75635,2.8479,2.27661,32.6426,15.8219,2,353.533,1253.13,29.2352,29.4962,30.0001,29.4368,29.3637,-1,40,10,-999.9,400,20,102.079,94.7337
17,1785338157,1920.9,20260729 23:15:57,23:15:57,15,,1785338149,0.001616658,1.616657675,4.358329839,400.4786974,263.0245593,26.46773951,40.29952896,0.05811487,1.379655946,0.056788378,0.035609395,287.4249333,33.54448962,30.0007,4.260621077,32.66761515,1.477599191,4.5231315,2.783021886,-71.29460345,77.72264908,12.59113384,306.4441128,4.313169982,1.639375765,4.358329839,413.1215685,406.6636,0.015668229,60.8612438,1.616657675,12.50750032,14.73649879,0.010381468,69.65,47,11,1.003727206,0.37272058,25313.96503,1499.973333,1261.1926,0.840810014,0.191620029,6,0.5,0: Broadleaf,2,TRUE,1785338149,400.582,407.7293333,14.68372,12.36197333,414.4068667,15.62756,415.8634667,100.5284,0.099996007,31.04564,30.0007,999.9,0,0,4999.583333,0,37.35284,-7.147303333,406.5515333,412.8326667,2.321741333,407.7293333,12.36197333,1.476132,1.242732,12.72316667,10.122918,1499.973333,0.973,0.02700022,0,2.028633333,0,11606.21333,12843.65333,41.625,43.40393333,42.55373333,42.25413333,41.687,1459.473333,40.5,0,1785338154,0,1785336093,22:41:33,1785336080,1785336093,1,0.501,-0.914,-13.825,-0.944,430,13,0.07,0.14,-6.947488571,-0.855199481,1.008517043,0,2.351015238,-0.863063377,0.102597531,0,0,2,0/2,2.99069,2.75941,0.0932539,0.0927797,0.0807259,0.0680933,32212.2,23188.1,33630.6,25839.1,39540.2,32611.1,49114.3,40358.1,1.73228,2.68735,0.138022,0,27.7582,999.9,59.944,29.437,24.5959,28.89,-100,3,0.153816,0,20.2441,5.20516,11.9559,4.9696,3.294,7163.4,9999,131.3,9999,4.97354,1.87287,1.87071,1.87231,1.87284,1.87378,1.87323,1.87775,0,0,0,0,11111111,oooooooo,on,on,on,on,0,100,100,-13.825,-0.9438,-13.8248,0,0,0,-0.943836364,0,0,0,-1,-1,-1,-1,34.6,34.4,0.15625,4.99756,2.64526,2.75513,2.8479,2.27295,32.7091,15.8219,2,353.923,1257.76,29.236,29.5222,30.0001,29.4697,29.3984,-1,40,10,-999.9,400,20,102.073,94.7319
18,1785338277,2041,20260729 23:17:57,23:17:57,15,,1785338269,0.001743214,1.743213786,4.417633057,401.4075947,271.7359375,27.34403535,40.39253535,0.063089701,1.378777285,0.0615287,0.03859247,287.4358267,33.4577685,29.96976,4.253055137,32.83969074,1.48337421,4.51701638,2.769680927,-76.87572796,78.20884045,12.67454679,301.4434859,2.21861416,1.832037769,4.417633057,410.162861,405.3015697,-0.273982584,60.8612438,1.743213786,12.06516693,14.64476364,-0.014970212,69.65,46,11,1.00365101,0.365100996,25290.50698,1500.030667,1261.24076,0.840809983,0.191619967,6,0.5,0: Broadleaf,2,TRUE,1785338269,401.5124,405.7658,14.74128,12.14493333,415.3374,15.68512,415.5916667,100.5272,0.100032487,31.02190667,29.96976,999.9,0,0,4995.290667,0,47.85742,-4.253299333,407.5199333,410.7545333,2.596359333,405.7658,12.14493333,1.481901333,1.220897333,12.78260667,9.858465333,1500.030667,0.973000333,0.026999873,0,2.12384,0,11582.3,12844.16667,41.5704,43.375,42.4958,42.229,41.687,1459.530667,40.5,0,1785338274,0,1785336093,22:41:33,1785336080,1785336093,1,0.501,-0.914,-13.825,-0.944,430,13,0.07,0.14,-4.800470952,4.820889351,1.102199291,0,2.579279524,0.315016364,0.056803077,0,0,2,0/2,2.99119,2.7595,0.0930045,0.0924799,0.0802727,0.0668125,32219.9,23196,33629.5,25839.4,39560.4,32657.5,49113.4,40358.6,1.73342,2.68543,0.135846,0,27.7319,999.9,59.217,29.537,24.4382,28.9854,-100,3,0.154588,0,20.2443,5.20067,11.956,4.9697,3.294,7163.4,9999,131.3,9999,4.97354,1.87287,1.87071,1.87229,1.87281,1.87378,1.87325,1.87775,0,0,0,0,11111111,oooooooo,on,on,on,on,0,100,100,-13.825,-0.9438,-13.8248,0,0,0,-0.943836364,0,0,0,-1,-1,-1,-1,36.6,36.4,0.15625,4.99756,2.64526,2.75513,2.8479,2.24854,32.798,15.8219,2,354.606,1255.45,29.2416,29.5394,30.0002,29.49,29.4211,-1,40,10,-999.9,400,20,102.071,94.7331
19,1785338397,2161,20260729 23:19:57,23:19:57,15,,1785338389,0.001695943,1.695942525,4.264291501,400.4611828,272.1290298,27.38240785,40.29555921,0.06155327,1.379970581,0.060067661,0.037672778,287.4331667,33.44606041,29.93899333,4.245543196,32.95014368,1.485474173,4.508247936,2.760069024,-74.79106533,78.0300262,12.63058397,303.3027115,4.280789134,1.644488175,4.264291501,411.7881549,406.3255818,-0.132401206,60.8612438,1.695942525,12.33526533,14.7563897,-0.001356515,69.65,47,11,1.003725115,0.372511463,25328.1228,1500.016667,1261.229,0.840809991,0.191619982,6,0.5,0: Broadleaf,2,TRUE,1785338389,400.5622,407.6698,14.76278667,12.43270667,414.387,15.70661333,415.6358,100.5228667,0.100017493,30.98782667,29.93899333,999.9,0,0,5001.417333,0,48.29234667,-7.107608667,406.5642,412.8022,2.330074,407.6698,12.43270667,1.483998667,1.249772,12.80426,10.20768667,1500.016667,0.972999333,0.027000913,0,2.159993333,0,11554.94667,12844.04,41.5,43.27893333,42.42046667,42.1124,41.562,1459.516667,40.5,0,1785338394,0,1785336093,22:41:33,1785336080,1785336093,1,0.501,-0.914,-13.825,-0.944,430,13,0.07,0.14,-8.226134762,22.47448286,2.313755827,0,2.27602619,1.144567792,0.120888073,0,0,2,0/2,2.9912,2.75946,0.0931761,0.0923059,0.0807364,0.0674825,32213.7,23200.6,33629.4,25839.5,39538.6,32634,49113,40359.5,1.73323,2.6861,0.140198,0,27.6716,999.9,59.23,29.618,24.5572,29.2254,-100,3,0.154009,0,20.2446,5.20381,11.956,4.9696,3.294,7163.4,9999,131.4,9999,4.97356,1.87287,1.87072,1.87235,1.87286,1.87378,1.8733,1.87775,0,0,0,0,11111111,oooooooo,on,on,on,on,0,100,100,-13.825,-0.9439,-13.8248,0,0,0,-0.943836364,0,0,0,-1,-1,-1,-1,38.6,38.4,0.15625,4.99756,2.64526,2.75513,2.8479,2.27905,32.8424,15.8132,2,354.553,1256.66,29.2117,29.5368,30.0001,29.4977,29.4313,-1,40,10,-999.9,400,20,102.07,94.7346
20,1785338517,2281,20260729 23:21:57,23:21:57,15,,1785338509,0.001488198,1.488198129,4.955505535,399.3161809,236.20384,23.76654699,40.17871503,0.054241637,1.380921828,0.053085208,0.033280102,287.42468,33.6095043,30.03227333,4.26835398,33.79777012,1.52885236,4.523530264,2.73950162,-65.62953748,75.55852929,12.23132352,309.5849953,7.077593219,1.549309966,4.955505535,419.1943356,408.5323212,0.584687002,60.8612438,1.488198129,13.18628869,15.23440848,0.010459537,69.65,47,11,1.003721752,0.372175168,25350.9242,1499.972,1261.19148,0.840810015,0.19162003,6,0.5,0: Broadleaf,2,TRUE,1785338509,399.4334667,410.5178,15.1945,12.99788667,413.2583333,16.13834667,415.1912,100.5188,0.10000022,31.04718667,30.03227333,999.9,0,0,5006.333333,0,16.91731333,-11.08423867,405.5963333,415.9245333,2.196630667,410.5178,12.99788667,1.527332667,1.30653,13.24453333,10.87288,1499.972,0.972998667,0.027001587,0,2.090673333,0,11521.71333,12843.62667,41.6082,43.3246,42.5,42.1622,41.62913333,1459.472,40.5,0,1785338514,0,1785336093,22:41:33,1785336080,1785336093,1,0.501,-0.914,-13.825,-0.944,430,13,0.07,0.14,-9.773061905,-29.85106286,3.213098706,0,2.32064,-2.435980519,0.253409367,0,0,2,0/2,2.99044,2.75944,0.0936629,0.094555,0.0827786,0.0714053,32192.1,23138.5,33625,25834.4,39439.1,32486.6,49107.9,40352.6,1.73115,2.68642,0.141751,0,27.7436,999.9,61.311,29.698,25.5383,28.9854,-100,3,0.158397,0,20.2446,5.20411,11.956,4.96975,3.294,7163.4,9999,131.4,9999,4.97355,1.87286,1.87073,1.87231,1.87285,1.87378,1.87327,1.87775,0,0,0,0,11111111,oooooooo,on,on,on,on,0,100,100,-13.825,-0.9438,-13.8248,0,0,0,-0.943836364,0,0,0,-1,-1,-1,-1,40.6,40.4,0.15625,4.99756,2.64526,2.75513,2.8479,2.26807,32.9092,15.7781,2,353.746,1257.93,29.2587,29.5757,30.0004,29.5332,29.4666,-1,40,10,-999.9,400,20,102.059,94.7175
21,1785338637,2401,20260729 23:23:57,23:23:57,15,,1785338629,0.00172249,1.722489864,4.304348282,403.0026539,275.8589518,27.75772193,40.55128729,0.062854842,1.380172279,0.061306813,0.038452667,287.4293667,33.44276578,29.99314667,4.258772935,33.53436834,1.51272881,4.510980479,2.746044125,-75.96180302,74.80270556,12.11028771,298.3805569,4.0032565,1.736065944,4.304348282,413.4753398,408.4336303,-0.215884758,60.8612438,1.722489864,12.43453939,14.96318303,-0.011482193,69.65,46,11,1.003644851,0.364485088,25333.08753,1499.996667,1261.2122,0.840810002,0.191620004,6,0.5,0: Broadleaf,2,TRUE,1785338629,403.1046,409.8804,15.03364667,12.57154,416.9294667,15.97747333,415.1717333,100.5228667,0.10001236,30.99845333,29.99314667,999.9,0,0,5002.416667,0,20.66230667,-6.775717333,409.2574,415.0989333,2.462107333,409.8804,12.57154,1.511223333,1.263726,13.08215333,10.3735,1499.996667,0.972999333,0.0270009,0,2.142926667,0,11509.00667,12843.85333,41.625,43.3708,42.5,42.208,41.687,1459.496667,40.5,0,1785338634,0,1785336093,22:41:33,1785336080,1785336093,1,0.501,-0.914,-13.825,-0.944,430,13,0.07,0.14,-7.381044286,13.48883922,1.489791959,0,2.36009381,1.785663896,0.184917752,0,0,2,0/2,2.99065,2.75946,0.0935263,0.0930011,0.0815287,0.0675403,32192.7,23176.6,33620.8,25833,39492.8,32623.7,49102.2,40350.4,1.7318,2.6832,0.142604,0,27.6588,999.9,59.608,29.759,24.9159,29.2854,-100,3,0.162459,0,20.2442,5.20396,11.9559,4.96955,3.294,7163.4,9999,131.4,9999,4.9736,1.87286,1.87073,1.87231,1.87284,1.87378,1.87324,1.87775,0,0,0,0,11111111,oooooooo,on,on,on,on,0,100,100,-13.825,-0.9438,-13.8248,0,0,0,-0.943836364,0,0,0,-1,-1,-1,-1,42.6,42.4,0.15625,4.99756,2.64526,2.75513,2.8479,2.25464,32.9315,15.7781,2,354.288,1253.92,29.2478,29.6196,30.0002,29.5714,29.4988,-1,40,10,-999.9,400,20,102.046,94.7123
22,1785338757,2521,20260729 23:25:57,23:25:57,15,,1785338749,0.001679137,1.679137097,4.352170738,398.8526821,265.6954243,26.73466431,40.13314341,0.060220883,1.381150411,0.058799277,0.036874478,287.4319,33.5263365,30.06376667,4.276079471,32.79870461,1.484879761,4.527251241,2.79119971,-74.049946,74.3002425,12.02837095,299.7105675,2.526190203,1.728908992,4.352170738,408.4880631,403.1860182,-0.18100585,60.8612438,1.679137097,12.11587972,14.65418909,-0.022900768,69.65,46,11,1.00364151,0.364150987,25356.24569,1500.01,1261.2234,0.840809995,0.191619989,6,0.5,0: Broadleaf,2,TRUE,1785338749,398.9556667,403.5800667,14.75708667,12.30972,412.7803333,15.70092,416.069,100.5214667,0.100003887,31.06161333,30.06376667,999.9,0,0,5007.333333,0,28.91366,-4.624468,404.9312,408.6103333,2.447356,403.5800667,12.30972,1.483405333,1.237393333,12.79809333,10.055766,1500.01,0.972999667,0.027000573,0,2.091146667,0,11469.44667,12843.96,41.6912,43.437,42.5662,42.3162,41.75,1459.51,40.5,0,1785338754,0,1785336093,22:41:33,1785336080,1785336093,1,0.501,-0.914,-13.825,-0.944,430,13,0.07,0.14,-5.286150952,8.279561299,1.659668124,0,2.366924762,1.731589091,0.284616216,0,0,2,0/2,2.99088,2.75942,0.0925906,0.0918872,0.0803283,0.0684823,32221.9,23202.6,33617,25830.4,39543.9,32586.2,49096.7,40347.2,1.73177,2.6822,0.141632,0,27.7547,999.9,58.729,29.809,24.618,28.5054,-100,3,0.166199,0,20.2449,5.20471,11.9559,4.96925,3.294,7163.4,9999,131.5,9999,4.97355,1.87287,1.87073,1.87232,1.87284,1.87378,1.87326,1.87775,0,0,0,0,11111111,oooooooo,on,on,on,on,0,100,100,-13.824,-0.9438,-13.8248,0,0,0,-0.943836364,0,0,0,-1,-1,-1,-1,44.6,44.4,0.15625,4.99756,2.64526,2.75513,2.8479,2.24854,32.9983,15.7694,2,354.523,1253.41,29.2798,29.6682,30.0003,29.6135,29.5424,-1,40,10,-999.9,400,20,102.035,94.7039
23,1785338877,2641,20260729 23:27:57,23:27:57,15,,1785338869,0.001592747,1.592746561,4.915693975,401.1144972,246.1405409,24.76730533,40.36119035,0.05717653,1.379765927,0.055892118,0.03504557,287.42354,33.74331579,30.24502,4.320779253,33.61597184,1.536817947,4.571689774,2.783961306,-70.24012334,73.50025205,11.93157379,302.6152425,5.185188275,1.778221867,4.915693975,417.0287324,408.2997091,0.269000458,60.85888707,1.592746561,12.80018882,15.16332667,-0.015789786,69.65,46,11,1.003649377,0.364937714,25301.78142,1499.966,1261.18644,0.840810018,0.191620037,6,0.5,0: Broadleaf,2,TRUE,1785338869,401.2310667,409.6962667,15.27308667,12.76138,415.0558667,16.21692,416.7518,100.5226,0.10001682,31.23311333,30.24502,999.9,0,0,5000.416667,0,33.33498,-8.465228667,407.4540667,414.9923333,2.511697333,409.6962667,12.76138,1.535290667,1.282807333,13.32406667,10.59806667,1499.966,0.973,0.02700022,0,2.1048,0,11435.84667,12843.58667,41.875,43.6374,42.75,42.43286667,41.89153333,1459.466,40.5,0,1785338874,0,1785336093,22:41:33,1785336080,1785336093,1,0.501,-0.914,-13.825,-0.944,430,13,0.07,0.14,-7.919253333,-15.97065429,2.008488378,0,2.449983333,0.358704156,0.173979592,0,0,2,0/2,2.99189,2.75941,0.0935435,0.0939633,0.0824354,0.0705644,32181.7,23145.1,33610.6,25825.7,39439.6,32505.2,49088.9,40340.8,1.73347,2.67935,0.14646,0,27.8796,999.9,60.463,29.9,25.4792,29.1054,-100,3,0.172431,0,20.2442,5.20516,11.956,4.9697,3.294,7163.4,9999,131.5,9999,4.97356,1.87287,1.87073,1.87237,1.87286,1.87378,1.87328,1.87775,0,0,0,0,11111111,oooooooo,on,on,on,on,0,100,100,-13.825,-0.9438,-13.8248,0,0,0,-0.943836364,0,0,0,-1,-1,-1,-1,46.6,46.4,0.15625,4.99756,2.64526,2.75513,2.8479,2.2583,33.0652,15.7694,2,355.751,1250.69,29.375,29.745,30.0003,29.6806,29.6078,-1,40,10,-999.9,400,20,102.017,94.6881
24,1785338997,2761,20260729 23:29:57,23:29:57,15,,1785338989,0.001552022,1.552022349,5.293392772,409.6393388,240.141736,24.1646997,41.22070479,0.055778666,1.379564252,0.054555391,0.034204791,287.4293667,33.85753823,30.31174,4.337335626,33.90978657,1.558511572,4.596052435,2.778824055,-68.4441856,75.47433146,12.26351902,306.7230315,4.810505903,1.731644557,5.293392772,427.775892,417.2504,0.48606273,60.85888707,1.552022349,13.16940985,15.41575455,-0.007461444,69.65,46,11,1.003651372,0.365137213,25288.00763,1499.996667,1261.2122,0.840810002,0.191620004,6,0.5,0: Broadleaf,2,TRUE,1785338989,409.7649333,417.6758,15.48803333,13.04612,423.5898,16.43185333,417.3428,100.5268,0.100021893,31.32652,30.31174,999.9,0,0,4999.208667,0,32.32826,-7.910886,416.2112667,423.1972667,2.441898667,417.6758,13.04612,1.556961333,1.311485333,13.53918667,10.93053333,1499.996667,0.973002,0.026998127,0,2.072486667,0,11414.11333,12843.85333,42.125,43.979,43.0496,42.7374,42.125,1459.496667,40.5,0,1785338994,0,1785336093,22:41:33,1785336080,1785336093,1,0.501,-0.914,-13.825,-0.944,430,13,0.07,0.14,-6.649105714,-37.4327213,4.407724598,0,2.463338571,-1.020189351,0.150011001,0,0,2,0/2,2.9926,2.75939,0.0950338,0.0955101,0.0834636,0.0717918,32121.4,23100.8,33603.2,25820.8,39384.5,32454.7,49079.6,40334.1,1.73398,2.67922,0.149347,0,27.8915,999.9,61.415,29.95,25.9536,28.8054,-100,3,0.179781,0,20.2441,5.20456,11.956,4.96955,3.294,7163.4,9999,131.5,9999,4.97358,1.87289,1.87073,1.87235,1.87286,1.87378,1.87325,1.87775,0,0,0,0,11111111,oooooooo,on,on,on,on,0,100,100,-13.824,-0.9439,-13.8248,0,0,0,-0.943836364,0,0,0,-1,-1,-1,-1,48.6,48.4,0.15625,4.99756,2.64526,2.75513,2.8479,2.22778,33.1322,15.7519,2,356.481,1252.22,29.4732,29.8375,30.0004,29.7627,29.6861,-1,40,10,-999.9,400,20,101.997,94.6716
25,1785339117,2881,20260729 23:31:57,23:31:57,15,,1785339109,0.001672062,1.672061953,4.35727343,399.3295627,264.5583404,26.62262815,40.18471859,0.059513068,1.38013087,0.058123269,0.036449208,287.4348133,33.7572027,30.22882667,4.316769239,32.83095582,1.505628955,4.586004023,2.811140285,-73.73793213,78.81191599,12.79290547,305.3017027,5.547277715,1.699900241,4.35727343,414.4532959,406.9216485,0.206923443,60.85888707,1.672061953,12.59257567,14.95671939,5.44452E-05,69.65,46,11,1.003648552,0.364855247,25307.47948,1500.025333,1261.23628,0.840809986,0.191619973,6,0.5,0: Broadleaf,2,TRUE,1785339109,399.4328667,408.3423333,14.96196,12.56697333,413.2576,15.90580667,417.9447333,100.5304667,0.099995847,31.28804667,30.22882667,999.9,0,0,5001.833333,0,47.14166667,-8.909556,405.4998,413.5393333,2.395004667,408.3423333,12.56697333,1.504132667,1.263361333,13.01022667,10.36985333,1500.025333,0.973001333,0.026998833,0,2.042413333,0,11387.04,12844.10667,42.1124,44,43.062,42.833,42.187,1459.525333,40.5,0,1785339114,0,1785336093,22:41:33,1785336080,1785336093,1,0.501,-0.914,-13.825,-0.944,430,13,0.07,0.14,-8.351647143,-8.179518701,1.506640848,0,2.39388,-0.088226494,0.041818154,1,1,2,1/2,2.99291,2.75946,0.0932432,0.0931475,0.0815147,0.0682308,32184.2,23160.7,33602.8,25820.7,39474.1,32582.1,49079,40334.1,1.73452,2.67817,0.140339,0,27.9511,999.9,59.394,30.021,25.2006,29.0754,-100,3,0.182449,0,20.2443,5.20516,11.9559,4.96955,3.294,7163.4,9999,131.6,9999,4.97356,1.87287,1.87073,1.87234,1.87286,1.87378,1.87327,1.87775,0,0,0,0,11111111,oooooooo,on,on,on,on,0,100,100,-13.825,-0.9438,-13.8248,0,0,0,-0.943836364,0,0,0,-1,-1,-1,-1,50.6,50.4,0.15625,4.99756,2.64526,2.75391,2.8479,2.25342,33.1992,15.7431,2,357.07,1251.85,29.5195,29.8851,30.0001,29.8166,29.7385,-1,40,10,-999.9,400,20,101.996,94.6713
26,1785339237,3001,20260729 23:33:57,23:33:57,15,,1785339229,0.001761034,1.761034363,4.150157728,399.2441738,275.6296952,27.73691538,40.17637453,0.062734988,1.379648804,0.061192209,0.038380583,287.4301267,33.64506753,30.16274,4.300437564,32.56500992,1.487689713,4.568368679,2.812747851,-77.66161541,78.66438864,12.76498308,301.197883,3.454853372,1.774870529,4.150157728,408.9238596,404.1757273,-0.222373141,60.85888707,1.761034363,12.10717475,14.69832485,-0.014925108,69.65,46,11,1.003649763,0.364976303,25299.116,1500.000667,1261.21556,0.84081,0.191619999,6,0.5,0: Broadleaf,2,TRUE,1785339229,399.3426,405.305,14.7836,12.28122,413.1673333,15.72743333,417.7248667,100.5310667,0.10001868,31.22034667,30.16274,999.9,0,0,4999.415333,0,69.91361333,-5.962372667,405.335,410.3448,2.502364667,405.305,12.28122,1.48621,1.234644,12.82698,10.02497533,1500.000667,0.972999333,0.02700092,0,2.081213333,0,11348.9,12843.88667,41.9622,43.8414,42.92873333,42.68286667,42.062,1459.500667,40.5,0,1785339234,0,1785336093,22:41:33,1785336080,1785336093,1,0.501,-0.914,-13.825,-0.944,430,13,0.07,0.14,-6.646385714,13.47729273,1.541045363,0,2.48069,0.826971429,0.105011666,0,0,2,0/2,2.99298,2.75939,0.0927393,0.0921668,0.0803805,0.0666389,32202.3,23187.1,33603.1,25822.2,39527.2,32641.2,49079.8,40336.3,1.73482,2.67782,0.138495,0,27.8907,999.9,57.96,30.091,24.6923,29.0454,-100,3,0.181928,0,20.2448,5.20471,11.956,4.9694,3.294,7163.4,9999,131.6,9999,4.97357,1.87288,1.87073,1.87239,1.87286,1.87378,1.87325,1.87775,0,0,0,0,11111111,oooooooo,on,on,on,on,0,100,100,-13.825,-0.9439,-13.8248,0,0,0,-0.943836364,0,0,0,-1,-1,-1,-1,52.6,52.4,0.15625,4.99756,2.64526,2.75513,2.8479,2.26929,33.2216,15.7081,2,357.329,1251.83,29.4848,29.8851,30.0001,29.8352,29.7616,-1,40,10,-999.9,400,20,101.997,94.6767
27,1785339357,3121,20260729 23:35:57,23:35:57,15,,1785339349,0.00136651,1.366510464,4.680430711,400.6939025,229.3957409,23.08479383,40.32305086,0.048536289,1.379660807,0.047607268,0.02983653,287.4393733,33.92759482,30.25729333,4.323820705,33.09900819,1.519125041,4.589639159,2.804695663,-60.26311148,77.70358402,12.61993669,317.4997826,4.503534983,1.307285687,4.680430711,414.8738398,407.2865091,0.132405449,60.85888707,1.366510464,13.5197059,15.26677091,0.028333649,69.65,46,11,1.003650707,0.365070689,25292.59891,1500.049333,1261.25644,0.840809973,0.191619947,6,0.5,0: Broadleaf,2,TRUE,1785339349,400.8049333,408.0104,15.09568667,13.25116,414.6299333,16.03953333,417.2765333,100.5330667,0.099986667,31.30197333,30.25729333,999.9,0,0,4999.375333,0,28.09506,-7.205314667,406.9481333,413.4896,1.844536,408.0104,13.25116,1.517618667,1.33218,13.14659333,11.16446,1500.049333,0.973001,0.02699918,0,2.044046667,0,11327.43333,12844.30667,41.937,43.687,42.8624,42.54133333,41.9748,1459.549333,40.5,0,1785339354,0,1785336093,22:41:33,1785336080,1785336093,1,0.501,-0.914,-13.825,-0.944,430,13,0.07,0.14,-7.681320952,5.053247532,1.309706695,0,1.956890476,-2.216732727,0.232540729,0,0,2,0/2,2.99277,2.75956,0.0932645,0.0928234,0.0829198,0.0722507,32182.4,23168,33601.7,25819.4,39408,32436.3,49078,40333.1,1.7337,2.67773,0.143182,0,27.9326,999.9,60.206,30.162,25.7547,29.1654,-100,3,0.1819,0,20.2448,5.20381,11.9557,4.96985,3.294,7163.4,9999,131.6,9999,4.97356,1.87288,1.87073,1.87236,1.87286,1.87378,1.8733,1.87775,0,0,0,0,11111111,oooooooo,on,on,on,on,0,100,100,-13.825,-0.9438,-13.8248,0,0,0,-0.943836364,0,0,0,-1,-1,-1,-1,54.6,54.4,0.15625,4.99756,2.64526,2.75513,2.8479,2.27051,33.2887,15.6906,2,356.83,1252.08,29.4752,29.88,30.0001,29.845,29.7794,-1,40,10,-999.9,400,20,101.993,94.6681
28,1785339477,3241,20260729 23:37:57,23:37:57,15,,1785339469,0.001443255,1.443254706,5.061094963,411.3673464,236.8595662,23.83544541,41.39636024,0.051592254,1.380431846,0.050544496,0.031682675,287.4358267,33.96857054,30.38106667,4.354597371,33.95541174,1.565686182,4.611006323,2.788911189,-63.64753255,74.61335389,12.12356723,310.5252152,8.530051474,1.373636174,5.061094963,433.2682005,422.1038242,0.654715839,60.85888707,1.443254706,13.68570106,15.64669576,0.012209422,69.65,46,11,1.003648445,0.364844472,25308.22417,1500.030667,1261.24076,0.840809983,0.191619967,6,0.5,0: Broadleaf,2,TRUE,1785339469,411.4873333,424.5150667,15.55866667,13.62228667,425.3121333,16.5025,417.4606667,100.5311333,0.099995027,31.38364,30.38106667,999.9,0,0,5003.291333,0,37.45664,-13.02764667,417.9908667,430.3778667,1.936384,424.5150667,13.62228667,1.564130667,1.369462667,13.60980667,11.5835,1500.030667,0.973000667,0.026999533,0,2.113433333,0,11298.98,12844.14667,42.125,43.875,43,42.6374,42.125,1459.530667,40.5,0,1785339474,0,1785336093,22:41:33,1785336080,1785336093,1,0.501,-0.914,-13.825,-0.944,430,13,0.07,0.14,-12.708845,-7.171484211,0.884052766,0,2.003469,-0.939333835,0.108453161,0,0,2,0/2,2.99241,2.75942,0.0958175,0.0965779,0.0843963,0.0732465,32086.1,23068.1,33596,25815.2,39334.4,32395.5,49071.1,40327.3,1.73265,2.67782,0.146478,0,28.0134,999.9,61.342,30.232,26.3477,29.1955,-100,3,0.187899,0,20.2448,5.20516,11.9559,4.9698,3.294,7163.4,9999,131.7,9999,4.97356,1.8729,1.87073,1.87232,1.87285,1.87378,1.87326,1.87775,0,0,0,0,11111111,oooooooo,on,on,on,on,0,100,100,-13.825,-0.9439,-13.8248,0,0,0,-0.943836364,0,0,0,-1,-1,-1,-1,56.6,56.4,0.15625,4.99756,2.64526,2.75513,2.8479,2.25952,33.3335,15.6906,2,356.612,1253.24,29.5429,29.9464,30.0004,29.8959,29.8256,-1,40,10,-999.9,400,20,101.977,94.6536
29,1785339597,3361,20260729 23:39:57,23:39:57,15,,1785339589,0.001518539,1.518539292,4.628561861,418.2184396,263.1617193,26.48313787,42.0871874,0.054088627,1.379464502,0.052937452,0.033187295,287.43646,34.03931617,30.47798,4.378828272,34.00250295,1.577504891,4.639378735,2.80132338,-66.96758276,75.38062223,12.26922437,308.1187238,5.154859291,1.562537901,4.628561861,433.5468096,425.8736364,0.162366759,60.85888707,1.518539292,13.49242098,15.65263515,-0.002200277,69.65,46,11,1.003653822,0.365382248,25271.1105,1500.034,1261.24356,0.840809982,0.191619963,6,0.5,0: Broadleaf,2,TRUE,1785339589,418.3283333,426.6392,15.67559333,13.47598,432.1531333,16.61944667,417.9886667,100.5344667,0.099994687,31.49157333,30.47798,999.9,0,0,4998.333333,0,58.28128667,-8.310785333,424.9902,432.4669333,2.199625333,426.6392,13.47598,1.575937333,1.354799333,13.7255,11.42086667,1500.034,0.973001,0.02699916,0,2.081886667,0,11283.77333,12844.18,42.1954,44.00413333,43.125,42.80786667,42.25,1459.534,40.5,0,1785339594,0,1785336093,22:41:33,1785336080,1785336093,1,0.501,-0.914,-13.825,-0.944,430,13,0.07,0.14,-9.185304762,11.84712857,1.688644091,0,2.149362857,0.555921039,0.09317809,0,0,2,0/2,2.99298,2.75944,0.0963347,0.0960723,0.084373,0.0724237,32062.4,23077.3,33590.7,25811.4,39330.2,32420,49064.4,40322,1.73352,2.67613,0.145733,0,28.1254,999.9,61.232,30.293,26.3899,28.7755,-100,3,0.19377,0,20.2446,5.20022,11.956,4.96975,3.294,7163.4,9999,131.7,9999,4.97359,1.87295,1.87073,1.87237,1.87286,1.87378,1.87332,1.87775,0,0,0,0,11111111,oooooooo,on,on,on,on,0,100,100,-13.825,-0.9438,-13.8248,0,0,0,-0.943836364,0,0,0,-1,-1,-1,-1,58.6,58.4,0.15625,4.99756,2.64526,2.75391,2.8479,2.28149,33.4008,15.6731,2,357.402,1252,29.6425,30.0196,30.0003,29.9566,29.882,-1,40,10,-999.9,400,20,101.963,94.6407
30,1785339717,3481,20260729 23:41:57,23:41:57,15,,1785339709,0.00172251,1.722510016,4.462132515,397.9200742,259.4131938,26.10580963,40.04432293,0.059269305,1.381007983,0.057891578,0.036303352,287.4245533,34.03997361,30.58639333,4.406073612,32.12793261,1.499659883,4.66777586,2.906413729,-75.96269171,75.39349073,12.27066504,299.1260174,2.843356132,1.931383237,4.462132515,408.1129282,402.5316909,-0.154096868,60.85888707,1.722510016,12.19711974,14.75509212,-0.019313628,69.65,45,11,1.003569036,0.356903619,25306.89195,1499.971333,1261.19092,0.840810015,0.191620031,6,0.5,0: Broadleaf,2,TRUE,1785339709,398.0258667,403.1846,14.90210667,12.18705333,411.8508667,15.84594,418.9382667,100.5340667,0.100019253,31.59902667,30.58639333,999.9,0,0,5006,0,35.92895333,-5.158730667,404.0474667,408.159,2.715047333,403.1846,12.18705333,1.498169333,1.225214,12.94918,9.91128,1499.971333,0.973,0.02700022,0,1.970033333,0,11237.67333,12843.63333,42.1912,44.05786667,43.125,42.8708,42.2748,1459.471333,40.5,0,1785339714,0,1785336093,22:41:33,1785336080,1785336093,1,0.501,-0.914,-13.825,-0.944,430,13,0.07,0.14,-5.024092381,-5.599093247,0.840663016,0,2.680149524,0.035073506,0.126662096,1,1,2,1/2,2.99417,2.75943,0.0924551,0.0920335,0.0806463,0.0673218,32199.7,23182.4,33590.7,25814,39501.5,32605.3,49063.9,40325.3,1.73622,2.6735,0.140183,0,28.3079,999.9,57.874,30.343,25.0125,29.0755,-100,3,0.194964,0,20.2453,5.20366,11.956,4.9695,3.294,7163.4,9999,131.7,9999,4.97359,1.87289,1.87073,1.87233,1.87286,1.87378,1.8733,1.87775,0,0,0,0,11111111,oooooooo,on,on,on,on,0,100,100,-13.825,-0.9438,-13.8248,0,0,0,-0.943836364,0,0,0,-1,-1,-1,-1,60.6,60.4,0.15625,4.99756,2.64526,2.75391,2.8479,2.26562,33.4681,15.6643,2,358.953,1248.95,29.7425,30.0585,30.0002,29.9929,29.9181,-1,40,10,-999.9,400,20,101.962,94.6491
31,1785339837,3601,20260729 23:43:57,23:43:57,15,,1785339829,0.001414319,1.414319468,4.853695564,418.5462484,244.4140524,24.59717388,42.12137047,0.049743614,1.378904526,0.048767776,0.030565941,287.4354467,34.19354204,30.58815333,4.406517133,33.74773185,1.574653947,4.665954896,2.831863186,-62.37148854,74.63685878,12.16574251,311.8665594,5.340361143,1.459676287,4.853695564,433.4028496,425.6905515,0.114760788,60.85888707,1.414319468,13.70658193,15.66591515,0.005367108,69.65,46,11,1.003657405,0.365740545,25246.44387,1500.028667,1261.23908,0.840809985,0.191619969,6,0.5,0: Broadleaf,2,TRUE,1785339829,418.6616,427.1612667,15.64682,13.59567333,432.4864,16.59063333,418.7466,100.5373333,0.099981253,31.59215333,30.58815333,999.9,0,0,4995.417333,0,43.47783333,-8.499657333,425.3163333,433.0490667,2.051131333,427.1612667,13.59567333,1.573087333,1.366872667,13.69767333,11.55460667,1500.028667,0.973001333,0.026998833,0,2.094433333,0,11208.19333,12844.12667,42.2996,44.0704,43.187,42.8582,42.312,1459.528667,40.5,0,1785339834,0,1785336093,22:41:33,1785336080,1785336093,1,0.501,-0.914,-13.825,-0.944,430,13,0.07,0.14,-7.569741,-12.78744541,1.834429027,0,2.0423005,-0.093391128,0.109468603,1,1,2,1/2,2.99386,2.75947,0.0963846,0.0974596,0.0844421,0.0737404,32056.6,23039.9,33586.8,25809.5,39322.8,32370.4,49059.3,40320,1.73465,2.6735,0.143014,0,28.2941,999.9,61.085,30.424,26.5231,28.9855,-100,3,0.19783,0,20.2447,5.20456,11.956,4.9694,3.294,7163.4,9999,131.8,9999,4.9736,1.8729,1.87073,1.87236,1.87286,1.87378,1.8733,1.87775,0,0,0,0,11111111,oooooooo,on,on,on,on,0,100,100,-13.825,-0.9438,-13.8248,0,0,0,-0.943836364,0,0,0,-1,-1,-1,-1,62.6,62.4,0.15625,4.99756,2.64526,2.75391,2.84912,2.23022,33.513,15.6205,2,358.402,1249.86,29.7873,30.0898,30.0002,30.0318,29.9594,-1,40,10,-999.9,400,20,101.951,94.6352
32,1785339958,3721.9,20260729 23:45:58,23:45:58,15,,1785339950,0.001247905,1.2479054,4.252195334,423.3676505,248.3052664,24.98881282,42.60664755,0.043331114,1.378963403,0.042588659,0.026683559,287.427625,34.42780368,30.776825,4.45428865,33.87434065,1.594087399,4.705884655,2.860201251,-55.03262813,71.77878197,11.71894281,315.8927216,4.014637963,1.375942061,4.252195334,436.0323488,429.9412,-0.010702305,60.85888707,1.2479054,14.24600331,15.90589091,0.014048435,69.65,45,11,1.003579141,0.35791406,25235.70114,1499.9875,1261.2045,0.840810007,0.191620014,6,0.5,0: Broadleaf,2,TRUE,1785339950,423.46875,430.0076875,15.8399,13.914825,437.2935625,16.78375,420.526,100.5374375,0.100028556,31.7423375,30.776825,999.9,0,0,4995.70375,0,43.2014125,-6.53894375,430.2845,436.07575,1.925083125,430.0076875,13.914825,1.59250375,1.398960625,13.88643125,11.90413125,1499.9875,0.97300175,0.0269984,0,2.0842125,0,11192.4,12843.7875,42.394375,44.2460625,43.312,42.95275,42.42925,1459.4875,40.5,0,1785339955,0,1785336093,22:41:33,1785336080,1785336093,1,0.501,-0.914,-13.825,-0.944,430,13,0.07,0.14,-6.532117143,-0.899362597,1.18525096,0,1.998856667,-1.642141558,0.211358047,0,0,2,0/2,2.99556,2.75942,0.0969198,0.097076,0.0854855,0.0758313,32031,23044.1,33580.2,25803.5,39267.8,32287.3,49050.8,40311.6,1.73795,2.67182,0.142157,0,28.4332,999.9,62.19,30.484,27.0959,28.9655,-100,3,0.204827,0,20.2447,5.20381,11.956,4.9692,3.294,7163.4,9999,131.8,9999,4.97357,1.87291,1.87073,1.87233,1.87286,1.87378,1.87328,1.87775,0,0,0,0,11111111,oooooooo,on,on,on,on,0,100,100,-13.825,-0.9438,-13.8248,0,0,0,-0.943836364,0,0,0,-1,-1,-1,-1,64.6,64.4,0.15625,4.99756,2.64526,2.75513,2.8479,2.26562,33.5804,15.6205,2,360.448,1248.87,29.8761,30.1686,30.0003,30.1007,30.0266,-1,40,10,-999.9,400,20,101.933,94.6145
33,1785340078,3841.9,20260729 23:47:58,23:47:58,15,,1785340070,0.001565226,1.565226049,4.395933575,402.8964533,253.7118982,25.53337364,40.54719449,0.053629268,1.380370635,0.052498068,0.032910939,287.42772,34.25723263,30.72627333,4.441444971,32.52290777,1.529911079,4.704102996,2.911533892,-69.02646874,75.11708374,12.24801366,305.7663487,3.707724571,1.640688262,4.395933575,414.8927198,408.6104545,-0.011214118,60.85797202,1.565226049,12.98907187,15.18977515,-0.000607176,69.65,45,11,1.003573286,0.357328625,25276.899,1499.988,1261.20492,0.840810006,0.191620013,6,0.5,0: Broadleaf,2,TRUE,1785340070,403.0008,409.2081333,15.20193333,12.90766,416.8256667,16.14577333,421.0234667,100.5392667,0.09997738,31.73566,30.72627333,999.9,0,0,5002.583333,0,41.9302,-6.207286667,409.2218667,414.5593333,2.294284667,409.2081333,12.90766,1.528390667,1.297725333,13.25518,10.77223333,1499.988,0.973002333,0.026997793,0,1.96172,0,11171.85333,12843.78667,42.5662,44.375,43.4958,43.13326667,42.562,1459.488,40.5,0,1785340075,0,1785336093,22:41:33,1785336080,1785336093,1,0.501,-0.914,-13.825,-0.944,430,13,0.07,0.14,-6.1819005,-7.046353534,1.196366833,0,2.303968,-0.547439098,0.084698388,0,0,2,0/2,2.99529,2.75945,0.0934346,0.0932986,0.0824596,0.0708625,32147.6,23137.9,33573.5,25801.2,39399.3,32461.7,49041.3,40308.2,1.73675,2.67007,0.146292,0,28.3666,999.9,59.419,30.555,25.9914,28.6955,-100,3,0.212541,0,20.2449,5.20366,11.956,4.9696,3.294,7163.4,9999,131.8,9999,4.97358,1.87292,1.87073,1.87234,1.87286,1.87378,1.87326,1.87775,0,0,0,0,11111111,oooooooo,on,on,on,on,0,100,100,-13.825,-0.9439,-13.8248,0,0,0,-0.943836364,0,0,0,-1,-1,-1,-1,66.6,66.4,0.15625,4.99756,2.64526,2.75391,2.8479,2.25098,33.6479,15.6205,2,360.299,1247.88,29.9181,30.2536,30.0004,30.1764,30.0977,-1,40,10,-999.9,400,20,101.913,94.6063
34,1785340198,3961.9,20260729 23:49:58,23:49:58,15,,1785340190,0.001552816,1.552815912,4.458838942,409.5308226,258.3507227,26.00145245,41.21682377,0.053650436,1.380064908,0.052518109,0.032923563,287.42734,34.35892761,30.85558667,4.47436413,33.58075725,1.58822486,4.729568331,2.88613927,-68.47918171,72.56482446,11.84758787,303.3605706,3.839586979,1.426890578,4.458838942,421.2438616,415.5513394,-0.130742525,60.85797202,1.552815912,13.67411076,15.82691394,0.003754651,69.65,45,11,1.003575689,0.357568917,25259.97306,1499.986,1261.20324,0.840810008,0.191620015,6,0.5,0: Broadleaf,2,TRUE,1785340190,409.6367333,415.9206667,15.78062,13.78692,423.4616,16.72447333,421.1133333,100.544,0.10000894,31.83089333,30.85558667,999.9,0,0,5000.833333,0,70.59906,-6.283854667,416.2048,421.7352667,1.993713333,415.9206667,13.78692,1.586647333,1.386192667,13.82967333,11.76692,1499.986,0.973002333,0.026997787,0,1.946046667,0,11131.32667,12843.78,42.6912,44.5,43.625,43.3414,42.7416,1459.486,40.5,0,1785340195,0,1785336093,22:41:33,1785336080,1785336093,1,0.501,-0.914,-13.825,-0.944,430,13,0.07,0.14,-6.5718375,9.05689218,1.21857334,0,2.030248,0.145012331,0.143337828,0,0,2,0/2,2.99624,2.75949,0.0945046,0.0935902,0.0849717,0.0721505,32100.2,23123.8,33564.1,25794.2,39273.8,32406.1,49029.3,40298.2,1.73755,2.67053,0.144467,0,28.5131,999.9,60.847,30.625,26.7236,28.7255,-100,3,0.221837,0,20.2449,5.20351,11.956,4.9691,3.294,7163.4,9999,131.9,9999,4.9736,1.87297,1.87073,1.87237,1.87286,1.87378,1.87329,1.87776,0,0,0,0,11111111,oooooooo,on,on,on,on,0,100,100,-13.825,-0.9439,-13.8248,0,0,0,-0.943836364,0,0,0,-1,-1,-1,-1,68.6,68.4,0.15625,4.99756,2.64526,2.75391,2.8479,2.25098,33.7381,15.5943,2,361.303,1250.62,29.9931,30.3639,30.0004,30.2785,30.1933,-1,40,10,-999.9,400,20,101.886,94.582
35,1785340318,4081.9,20260729 23:51:58,23:51:58,15,,1785340310,0.001737127,1.737127321,4.464291207,396.4718483,253.0903287,25.47262044,39.90344854,0.05721891,1.378877558,0.055931808,0.03507061,287.4312667,34.36224037,30.90040667,4.485823404,30.53804951,1.452164605,4.755263115,3.033658799,-76.60731484,76.28025229,12.47356102,299.5777651,2.745143667,1.915209302,4.464291207,406.0572646,400.6355515,-0.172737162,60.85797202,1.737127321,11.77461781,14.31035939,-0.016449528,69.65,45,11,1.003581716,0.358171559,25217.62324,1500.006667,1261.2206,0.840809996,0.191619993,6,0.5,0: Broadleaf,2,TRUE,1785340310,396.5780667,401.5346,14.42838667,11.76106667,410.4027333,15.37221333,423.063,100.5464,0.09996042,31.92653333,30.90040667,999.9,0,0,4994.833333,0,33.2032,-4.956704,402.3838,406.3134667,2.667296,401.5346,11.76106667,1.45072,1.182534667,12.45824667,9.382752667,1500.006667,0.973003,0.0269971,0,1.96658,0,11097.6,12843.96667,42.687,44.4916,43.6166,43.3288,42.7248,1459.506667,40.5,0,1785340315,0,1785336093,22:41:33,1785336080,1785336093,1,0.501,-0.914,-13.825,-0.944,430,13,0.07,0.14,-4.8517355,-6.167408571,1.409110987,0,2.6271705,0.022995338,0.156017643,1,1,2,1/2,2.9976,2.75948,0.0921137,0.0918242,0.0787754,0.0667525,32181.8,23168.8,33561.4,25794.7,39555,32599.1,49025.2,40298.5,1.74053,2.6666,0.140406,0,28.6341,999.9,55.811,30.696,24.6091,28.5455,-100,3,0.226029,0,20.2447,5.20306,11.956,4.9696,3.294,7163.4,9999,131.9,9999,4.97361,1.87295,1.87073,1.87238,1.87286,1.87378,1.87331,1.87775,0,0,0,0,11111111,oooooooo,on,on,on,on,0,100,100,-13.825,-0.9438,-13.8248,0,0,0,-0.943836364,0,0,0,-1,-1,-1,-1,70.6,70.4,0.15625,4.99756,2.64526,2.75269,2.8479,2.21924,33.8057,15.568,2,363.202,1246.52,30.0564,30.4305,30.0004,30.3475,30.2682,-1,40,10,-999.9,400,20,101.878,94.5831
36,1785340438,4201.9,20260729 23:53:58,23:53:58,15,,1785340430,0.001640144,1.640144214,4.232354229,400.0926284,255.9355501,25.75882495,40.26762197,0.053928564,1.380435584,0.052784901,0.033091297,287.43038,34.56455667,31.10676,4.53891286,31.38228645,1.50553291,4.79739713,3.033379951,-72.33035985,72.60862607,11.88094251,299.5895887,4.033603219,1.657943034,4.232354229,411.6640838,405.9668485,-0.06690871,60.85797202,1.640144214,12.64403564,14.94027152,-0.000797527,69.65,45,11,1.003577136,0.357713564,25249.79517,1500.002,1261.21668,0.840809999,0.191619998,6,0.5,0: Broadleaf,2,TRUE,1785340430,400.1932,406.8334667,14.95873333,12.65126,414.018,15.90256667,423.1206667,100.5457333,0.100014947,32.08239333,31.10676,999.9,0,0,5002.583333,0,34.45738,-6.640411333,406.2703333,412.0464,2.307472,406.8334667,12.65126,1.504036,1.27203,13.00926,10.47228667,1500.002,0.973003,0.0269971,0,2.0315,0,11065.38667,12843.91333,42.75,44.5788,43.67873333,43.375,42.812,1459.502,40.5,0,1785340435,0,1785336093,22:41:33,1785336080,1785336093,1,0.501,-0.914,-13.825,-0.944,430,13,0.07,0.14,-7.15222,10.0520409,1.033096698,0,2.26885,0.638778045,0.078790886,0,0,2,0/2,2.99807,2.75943,0.0929309,0.0923726,0.0813324,0.0686527,32148.4,23151.4,33556.9,25791.2,39433.1,32526.1,49019.8,40293.6,1.74083,2.66572,0.135638,0,28.9115,999.9,57.099,30.796,25.3224,28.9655,-100,3,0.230762,0,20.2447,5.20456,11.956,4.96945,3.294,7163.4,9999,131.9,9999,4.9736,1.87295,1.87073,1.87237,1.87286,1.87378,1.87331,1.87775,0,0,0,0,11111111,oooooooo,on,on,on,on,0,100,100,-13.825,-0.9438,-13.8248,0,0,0,-0.943836364,0,0,0,-1,-1,-1,-1,72.6,72.4,0.15625,4.99756,2.64526,2.75269,2.8479,2.25464,33.9187,15.533,2,363.792,1246.82,30.1733,30.5011,30.0002,30.4213,30.3409,-1,40,10,-999.9,400,20,101.866,94.571
37,1785340558,4321.9,20260729 23:55:58,23:55:58,15,,1785340550,0.001746386,1.746385742,4.140968916,396.6406797,261.0398623,26.27338436,39.92146233,0.056722958,1.38008066,0.055458882,0.034773027,287.4275933,34.55158423,31.1415,4.547904187,30.63971348,1.473298452,4.808460278,3.074605735,-77.01561123,73.03538311,11.95828963,295.4056548,3.720611381,1.711162252,4.140968916,406.9846303,401.9114667,-0.152249302,60.85797202,1.746385742,12.11398168,14.60081697,-0.007455688,69.65,45,11,1.003579092,0.357909199,25236.04272,1499.987333,1261.20436,0.840810007,0.191620014,6,0.5,0: Broadleaf,2,TRUE,1785340550,396.7391333,402.9538,14.63799333,12.25765333,410.5639333,15.58185333,423.4718667,100.5489333,0.100002533,32.12312,31.1415,999.9,0,0,5000.666,0,135.7734533,-6.214732667,402.6328,407.9544667,2.380344,402.9538,12.25765333,1.471837333,1.232495333,12.67868,9.999401333,1499.987333,0.973002333,0.02699778,0,1.990786667,0,11036.14,12843.78667,42.75413333,44.6498,43.687,43.43286667,42.8246,1459.487333,40.5,0,1785340555,0,1785336093,22:41:33,1785336080,1785336093,1,0.501,-0.914,-13.825,-0.944,430,13,0.07,0.14,-6.4953145,7.734172782,0.855888541,0,2.364835,0.769534737,0.094900149,0,0,2,0/2,2.99826,2.75946,0.0922587,0.0916297,0.0798739,0.0663632,32169.4,23169.1,33554.4,25790.1,39497.1,32606.1,49016.5,40292,1.74095,2.66287,0.132248,0,29.0031,999.9,55.488,30.907,24.764,28.9655,-100,3,0.234329,0,20.2447,5.20441,11.956,4.9694,3.294,7163.4,9999,132,9999,4.9736,1.87294,1.87073,1.87234,1.87286,1.87378,1.8733,1.87775,0,0,0,0,11111111,oooooooo,on,on,on,on,0,100,100,-13.825,-0.9438,-13.8248,0,0,0,-0.943836364,0,0,0,-1,-1,-1,-1,74.6,74.4,0.15625,4.99756,2.64526,2.75146,2.8479,2.25708,34.0092,15.5417,2,364.19,1243.9,30.2499,30.5522,30.0001,30.4775,30.3969,-1,40,10,-999.9,400,20,101.859,94.5673
38,1785340955,4718.9,20260730 00:02:35,00:02:35,15,,1785340947,0.0023181,2.318099828,4.744308931,398.8915515,263.6006164,26.53031659,40.14679211,0.066685063,1.379679875,0.064944827,0.040743088,287.4323357,34.61740627,32.84238667,5.007537533,31.2210787,1.53185314,4.906470897,3.475684393,-102.2282024,-26.92454349,-4.454543033,153.8250468,4.533978765,2.473128693,4.744308931,411.7931172,405.0358848,0.000978581,60.84120711,2.318099828,11.70172648,15.07177455,-0.024645872,69.65,44,10,1.003504988,0.350498764,25195.07857,1500.014,1261.226598,0.840809884,0.191619769,6,0.5,0: Broadleaf,2,TRUE,1785340947,399.0045333,406.7462,15.22022667,11.80731333,412.1717333,16.16405333,426.6470667,100.5458667,0.10001554,32.48040667,32.84238667,999.9,0,0,4998.833333,0,231.0132,-7.741609333,405.1711333,411.6062667,3.412910667,406.7462,11.80731333,1.530329333,1.187175333,13.27442,9.439973333,1500.014,0.973003867,0.026996207,0,2.00846,0,18541.67333,12844.04667,42.91633333,45.01646667,43.875,43.50826667,42.937,1459.522,40.49466667,0,1785340952,0,1785340804,00:00:04,1785340788,1785336093,3,-0.052,-0.914,-13.167,-0.944,406,13,0.19,0.14,-8.585830476,11.5323187,1.485976787,0,3.295422381,1.699877922,0.236741427,0,0,2,0/2,3.00152,2.75948,0.0926342,0.092213,0.081839,0.0653228,32153.7,23153.7,33552.1,25789.8,39405.5,32642.9,49014.9,40292.3,1.74855,2.6601,0.197954,0,29.6367,999.9,53.162,31.25,24.1959,29.0655,-100,3,0.238178,0,20.2451,5.20022,11.956,4.9695,3.294,7163.4,9999,132.1,9999,4.9736,1.87289,1.87073,1.87236,1.87286,1.87378,1.87328,1.87775,0,0,0,0,11111111,oooooooo,on,on,on,on,0,100,100,-13.167,-0.9439,-13.16718182,0,0,0,-0.943836364,0,0,0,-1,-1,-1,-1,2.8,81,0.15625,4.99756,2.64526,2.75269,2.8479,2.22656,34.3269,15.4629,2,368.531,1241.88,30.5265,30.6165,30.0003,30.5609,30.4915,-1,40,10,-999.9,400,20,101.854,94.5673
39,1785341075,4838.9,20260730 00:04:35,00:04:35,15,,1785341067,0.001905193,1.90519287,5.094998593,396.3448908,225.5959752,22.7056374,39.89106352,0.054291877,1.377599301,0.0531306,0.033308892,287.4300465,35.04551701,33.17066667,5.100756457,32.45825057,1.612031724,4.96647754,3.488724733,-84.01900557,-35.24565514,-5.855645161,162.3097406,6.542445271,1.877252118,5.094998593,414.2411588,404.8023152,0.386552583,60.84120711,1.90519287,13.46702419,16.06985091,0.005025173,69.65,44,10,1.003515888,0.351588806,25117.23828,1500,1261.215023,0.840810015,0.191620031,6,0.5,0: Broadleaf,2,TRUE,1785341067,396.4666,406.6779333,16.01663333,13.42913333,409.6336667,16.96046667,426.8076,100.5473333,0.10001812,32.6961,33.17066667,999.9,0,0,4988.458,0,112.0998733,-10.211408,402.92,412.2137333,2.58749,406.6779333,13.42913333,1.610428667,1.350264,14.0589,11.37004667,1500,0.972996667,0.02700304,0,2.05696,0,17957.7,12843.89333,43.4122,45.99986667,44.3414,44.20386667,43.40393333,1459.495333,40.50066667,0,1785341072,0,1785340804,00:00:04,1785340788,1785336093,3,-0.052,-0.914,-13.167,-0.944,406,13,0.19,0.14,-8.921179,-23.1611612,2.385230267,0,2.617113,-0.096743459,0.080519982,1,1,2,1/2,3.00174,2.75947,0.0926151,0.0932584,0.0859727,0.0729291,32144.2,23118.9,33541.8,25781,39204.9,32359.3,49001.6,40280.3,1.74752,2.6569,0.192862,0,29.9983,999.9,57.173,31.411,26.26,29.2155,-100,3,0.248031,0,20.2447,5.20441,11.956,4.96925,3.294,7163.4,9999,132.1,9999,4.97359,1.87298,1.87076,1.87239,1.87287,1.87378,1.8733,1.87775,0,0,0,0,11111111,oooooooo,on,on,on,on,0,100,100,-13.167,-0.9438,-13.16718182,0,0,0,-0.943836364,0,0,0,-1,-1,-1,-1,4.8,83,0.15625,4.99756,2.64526,2.75269,2.8479,2.26685,34.4636,15.4454,2,368.544,1239.04,30.7045,30.7264,30.0006,30.6494,30.5745,-1,40,10,-999.9,400,20,101.825,94.5376
40,1785341195,4958.9,20260730 00:06:35,00:06:35,15,,1785341187,0.00207123,2.071229703,4.690126993,394.4544514,244.900178,24.64921635,39.70186216,0.058411644,1.380369826,0.057072413,0.035788025,287.4335133,34.77281271,32.84123333,5.007212662,29.95040801,1.4720661,4.915011841,3.535146562,-91.3412299,-24.55711211,-4.061422943,167.4737484,6.47072318,1.974906454,4.690126993,410.3075962,402.1957152,0.257687867,60.84120711,2.071229703,11.9910396,14.74548121,0.016955175,69.65,44,10,1.003502587,0.350258737,25212.28404,1500.015333,1261.22818,0.840810192,0.191620383,6,0.5,0: Broadleaf,2,TRUE,1785341187,394.5660667,404.7083333,14.62558667,11.90438,407.7333333,15.56942667,427.5594,100.5500667,0.09998816,32.51124667,32.84123333,999.9,0,0,5002.042,0,48.61830667,-10.14207,400.4226,409.5842667,2.721208667,404.7083333,11.90438,1.470604,1.196986,12.66572,9.563706667,1500.015333,0.972995333,0.0270044,0,1.96194,0,17676.36667,12843.99333,43.7458,46,44.65806667,44.625,43.7374,1459.505333,40.51,0,1785341192,0,1785340804,00:00:04,1785340788,1785336093,3,-0.052,-0.914,-13.167,-0.944,406,13,0.19,0.14,-9.689519524,-8.837354026,1.019247729,0,2.740790476,-0.354202597,0.046943046,0,0,2,0/2,3.00212,2.75944,0.0922132,0.0928129,0.0805292,0.0665497,32148.9,23125.4,33532.7,25776.4,39443.9,32580.5,48989.2,40273.1,1.74787,2.65188,0.198159,0,29.6394,999.9,52.912,31.501,24.4251,29.3355,-100,3,0.258605,0,20.245,5.20471,11.956,4.96935,3.294,7163.4,9999,132.1,9999,4.97363,1.87298,1.87075,1.8724,1.87286,1.87378,1.8733,1.87775,0,0,0,0,11111111,oooooooo,on,on,on,on,0,100,100,-13.168,-0.9438,-13.16718182,0,0,0,-0.943836364,0,0,0,-1,-1,-1,-1,6.8,85,0.15625,4.99756,2.64526,2.75269,2.8479,2.25586,34.5777,15.4367,2,369.321,1233.67,30.775,30.8444,30.0005,30.7489,30.6629,-1,40,10,-999.9,400,20,101.798,94.5207
41,1785341315,5078.9,20260730 00:08:35,00:08:35,15,,1785341307,0.001822981,1.822981321,4.684926503,414.1434598,254.0514835,25.57090203,41.68455027,0.053890672,1.380199052,0.052748406,0.033068365,287.4299667,34.7895004,32.65644,4.955396313,32.55066406,1.589958302,4.88456487,3.365438011,-80.39347625,-19.0001645,-3.138218951,184.898107,5.812409763,1.876813666,4.684926503,429.1469771,421.8197636,0.126421563,60.84120711,1.822981321,13.40390182,15.84492,0.009439167,69.65,44,10,1.003502019,0.350201947,25216.35831,1499.996667,1261.2125,0.840810202,0.191620404,6,0.5,0: Broadleaf,2,TRUE,1785341307,414.2549333,423.4148667,15.79652,13.23016667,427.4222,16.74036,430.3266,100.5523333,0.100107947,32.40109333,32.65644,999.9,0,0,5001.083333,0,464.8318,-9.159856,420.9037333,429.0918667,2.566340667,423.4148667,13.23016667,1.588376667,1.330326,13.84650667,11.14515333,1499.996667,0.972995,0.027004733,0,1.96276,0,17545.50667,12843.84667,43.8624,45.8162,44.75,44.625,43.79546667,1459.486667,40.51,0,1785341312,0,1785340804,00:00:04,1785340788,1785336093,3,-0.052,-0.914,-13.167,-0.944,406,13,0.19,0.14,-9.221815238,-3.365956364,1.186015337,0,2.533991905,-0.141511169,0.123537257,0,0,2,0/2,3.00545,2.75931,0.0953794,0.0964799,0.085022,0.0722882,32032.3,23027.7,33528.2,25771.9,39234.7,32369.9,48983.7,40267.2,1.75362,2.6513,0.209652,0,29.2191,999.9,56.477,31.602,26.2217,29.1855,-100,3,0.263608,0,20.2452,5.20441,11.956,4.9693,3.294,7163.4,9999,132.2,9999,4.97358,1.87295,1.87074,1.87237,1.87286,1.87377,1.8733,1.87775,0,0,0,0,11111111,oooooooo,on,on,on,on,0,100,100,-13.168,-0.9438,-13.16718182,0,0,0,-0.943836364,0,0,0,-1,-1,-1,-1,8.8,87,0.15625,4.99756,2.64526,2.75269,2.8479,2.20947,34.6463,15.4104,2,372.717,1234.43,30.7644,30.9257,30.0001,30.8246,30.7386,-1,40,10,-999.9,400,20,101.786,94.5057
42,1785341435,5198.9,20260730 00:10:35,00:10:35,15,,1785341427,0.002214933,2.214933092,4.593624578,397.6538614,260.9663564,26.26558955,40.02283379,0.063673828,1.380251124,0.062085832,0.038943021,287.4333867,34.71517666,32.73176667,4.976461416,30.52041988,1.501380325,4.919264974,3.475081092,-97.67854934,-15.26787439,-2.524155814,171.9628071,2.94885415,2.232363416,4.593624578,406.9414241,401.9512485,-0.262507022,60.8502133,2.214933092,11.87934448,14.90704061,8.49827E-05,69.65,43,10,1.003423336,0.342333602,25207.694,1500.014667,1261.22762,0.840810192,0.191620384,6,0.5,0: Broadleaf,2,TRUE,1785341427,397.7632,403.0742667,14.91722667,11.87576,410.9303333,15.86106,432.3138,100.5474667,0.099949793,32.52658667,32.73176667,999.9,0,0,5001.583333,0,118.8463333,-5.311176667,403.7867333,407.9186667,3.041470667,403.0742667,11.87576,1.499887333,1.194076667,12.96700667,9.527593333,1500.014667,0.972995667,0.027004067,0,2.033866667,0,17410.56667,12843.98,43.875,45.63326667,44.6996,44.562,43.812,1459.504667,40.51,0,1785341432,0,1785340804,00:00:04,1785340788,1785336093,3,-0.052,-0.914,-13.167,-0.944,406,13,0.19,0.14,-5.108789048,-3.980395325,1.311444286,0,3.077843333,-0.748662857,0.103732973,0,0,2,0/2,3.00662,2.75941,0.0920278,0.0917149,0.0810975,0.0657007,32143.8,23146.8,33521.7,25770.2,39405.4,32600.4,48974.6,40264.4,1.75583,2.64897,0.21131,0,29.2863,999.9,52.729,31.632,24.5271,29.1555,-100,3,0.273557,0,20.2453,5.20411,11.956,4.96925,3.294,7163.4,9999,132.2,9999,4.97359,1.87296,1.87074,1.87236,1.87286,1.87376,1.8733,1.87775,0,0,0,0,11111111,oooooooo,on,on,on,on,0,100,100,-13.167,-0.9438,-13.16718182,0,0,0,-0.943836364,0,0,0,-1,-1,-1,-1,10.8,89,0.15625,4.99756,2.64526,2.75269,2.8479,2.25342,34.6692,15.4104,2,374.635,1233.97,30.8324,31.0805,30.0007,30.9538,30.8743,-1,40,10,-999.9,400,20,101.767,94.4993
43,1785341555,5319,20260730 00:12:35,00:12:35,15,,1785341547,0.002312182,2.312181794,4.638853235,393.0911097,257.1471671,25.87808875,39.55885161,0.064861227,1.379624478,0.063213549,0.039653019,287.4270533,34.84459374,32.92242,5.030126188,29.54293011,1.467998349,4.969034362,3.56212784,-101.9672171,-16.15348243,-2.676627283,166.6297265,5.125521883,2.186219736,4.638853235,406.6584599,399.6907636,0.088200502,60.8502133,2.312181794,11.71125924,14.72394485,0.020894677,69.65,43,10,1.003427747,0.342774746,25175.36288,1499.981333,1261.19962,0.84081021,0.19162042,6,0.5,0: Broadleaf,2,TRUE,1785341547,393.2016667,401.4402667,14.58730667,11.62346667,406.3689333,15.53114,434.6106,100.5353333,0.099991753,32.70524,32.92242,999.9,0,0,4999.082667,0,63.39256,-8.238504667,399.0224667,406.1613333,2.963834667,401.4402667,11.62346667,1.466537333,1.168568667,12.62347333,9.206141333,1499.981333,0.972995,0.027004727,0,1.957086667,0,17299.16,12843.70667,43.8204,45.562,44.687,44.5,43.8162,1459.471333,40.51,0,1785341552,0,1785340804,00:00:04,1785340788,1785336093,3,-0.052,-0.914,-13.167,-0.944,406,13,0.19,0.14,-7.55539619,-7.251857143,1.302643813,0,3.064950952,-1.291651169,0.196339384,0,0,2,0/2,3.00933,2.75945,0.091583,0.0913513,0.0802758,0.0636915,32145.1,23147.6,33507.7,25761.8,39427.3,32659.2,48956.5,40252,1.75958,2.6431,0.205114,0,29.5814,999.9,51.581,31.673,24.0504,28.9019,-100,3,0.289987,0,20.2452,5.20411,11.956,4.9693,3.294,7163.4,9999,132.2,9999,4.97362,1.87296,1.87074,1.87235,1.87286,1.87376,1.87329,1.87775,0,0,0,0,11111111,oooooooo,on,on,on,on,0,100,100,-13.167,-0.9439,-13.16718182,0,0,0,-0.943836364,0,0,0,-1,-1,-1,-1,12.8,91,0.15625,4.99756,2.64526,2.75146,2.84912,2.27905,34.715,15.3666,2,377.787,1229.65,30.9962,31.2883,30.0009,31.1519,31.0709,-1,40,10,-999.9,400,20,101.727,94.4694
44,1785341675,5439,20260730 00:14:35,00:14:35,15,,1785341667,0.002351945,2.351945148,4.753544212,404.5596014,267.2720847,26.89744608,40.71364234,0.066075674,1.380389319,0.064367514,0.04037949,287.42452,35.0221072,33.14307333,5.092863314,30.58211655,1.536779152,5.025090887,3.556084162,-103.720781,-17.74658178,-2.945033094,163.0121241,5.362081898,2.200463701,4.753544212,415.7392406,410.6028242,-0.269235492,60.8455571,2.351945148,12.11121512,15.3014497,-0.000702097,69.65,42,10,1.003347022,0.334702177,25180.93861,1499.968,1261.18842,0.840810217,0.191620435,6,0.5,0: Broadleaf,2,TRUE,1785341667,404.6728667,413.2492,15.27052667,12.29991333,417.8401333,16.21434667,436.1768,100.5369333,0.100011633,32.90460667,33.14307333,999.9,0,0,5002.792,0,51.73317333,-8.576346,410.9483333,418.3958667,2.970609333,413.2492,12.29991333,1.535253333,1.236597333,13.32375333,10.04848267,1499.968,0.972995,0.027004747,0,2.14086,0,17210.3,12843.60667,43.93286667,45.625,44.80373333,44.5,43.93286667,1459.458,40.51,0,1785341672,0,1785340804,00:00:04,1785340788,1785336093,3,-0.052,-0.914,-13.167,-0.944,406,13,0.19,0.14,-9.48849381,28.03736182,3.480619947,0,2.856277619,2.473835065,0.252867787,0,0,2,0/2,3.01104,2.75953,0.0933508,0.0927857,0.0825737,0.0656784,32064.3,23098.2,33489.6,25748.4,39303.7,32570.4,48932.8,40233.1,1.7611,2.63897,0.207871,0,29.7723,999.9,52.668,31.743,24.6536,28.9319,-100,3,0.309378,0,20.2455,5.20441,11.956,4.9693,3.294,7163.4,9999,132.3,9999,4.9736,1.87294,1.87075,1.87239,1.87286,1.87377,1.87329,1.87775,0,0,0,0,11111111,oooooooo,on,on,on,on,0,100,100,-13.167,-0.9439,-13.16718182,0,0,0,-0.943836364,0,0,0,-1,-1,-1,-1,14.8,93,0.15625,4.99756,2.64526,2.75146,2.8479,2.26318,34.7608,15.3579,2,379.921,1228.1,31.1505,31.4993,30.0007,31.37,31.2795,-1,40,10,-999.9,400,20,101.676,94.4233
45,1785341795,5559,20260730 00:16:35,00:16:35,15,,1785341787,0.002320271,2.320270524,4.850158794,394.2437248,252.5102265,25.4100907,39.6727251,0.064628098,1.380546136,0.062993146,0.039514165,287.4319933,35.02890726,33.05479333,5.067681935,29.50186644,1.481728337,5.022490154,3.585953598,-102.3239301,-11.86332754,-1.96754682,171.2771889,6.230740205,2.251724092,4.850158794,409.6767,401.7372545,0.216501338,60.8455571,2.320270524,11.80877197,14.83748,0.018062881,69.65,42,10,1.003346282,0.334628156,25186.4902,1500.007333,1261.22146,0.840810196,0.191620392,6,0.5,0: Broadleaf,2,TRUE,1785341787,394.3592667,404.1176,14.72452667,11.68474,407.5264,15.66836667,436.4238,100.5299333,0.100013607,32.8954,33.05479333,999.9,0,0,5003.917333,0,72.39344667,-9.758206,400.2530667,408.8955333,3.039798,404.1176,11.68474,1.480255333,1.174664667,12.76559333,9.283542667,1500.007333,0.972994,0.02700576,0,2.06642,0,17149.16,12843.92,43.75,45.5,44.687,44.3582,43.812,1459.497333,40.51,0,1785341792,0,1785340804,00:00:04,1785340788,1785336093,3,-0.052,-0.914,-13.167,-0.944,406,13,0.19,0.14,-9.294704762,-6.862882597,0.82675971,0,3.100498095,-1.044276623,0.114673663,0,0,2,0/2,3.01144,2.75955,0.0919112,0.0922466,0.0807362,0.065214,32112.5,23111.2,33487.1,25747.8,39383.5,32585.3,48929.3,40232.2,1.76157,2.63695,0.205636,0,29.7478,999.9,51.465,31.783,24.1463,28.7819,-100,3,0.312165,0,20.2455,5.20381,11.956,4.9693,3.29402,7163.4,9999,132.3,9999,4.9736,1.87293,1.87073,1.87237,1.87286,1.87378,1.87329,1.87775,0,0,0,0,11111111,oooooooo,on,on,on,on,0,100,100,-13.167,-0.9439,-13.16718182,0,0,0,-0.943836364,0,0,0,-1,-1,-1,-1,16.8,95,0.15625,4.99756,2.64526,2.75146,2.8479,2.24365,34.7837,15.3579,2,380.628,1226.7,31.2158,31.5518,29.9999,31.4443,31.3513,-1,40,10,-999.9,400,20,101.668,94.4211
46,1785341915,5679,20260730 00:18:35,00:18:35,15,,1785341907,0.002294352,2.294352157,4.681204068,401.7523891,265.1978982,26.68531305,40.4259926,0.065247755,1.379100764,0.063580037,0.039883811,287.4349067,34.98065511,32.93716,5.034296068,30.40134138,1.521453916,5.004561797,3.512842152,-101.1809301,-7.832037466,-1.299159123,177.12278,4.033448707,2.259739627,4.681204068,412.1681181,406.9919394,-0.247146398,60.8455571,2.294352157,12.05783393,15.15444909,0.003790395,69.65,42,10,1.003351115,0.335111549,25150.28027,1500.022667,1261.23434,0.840810188,0.191620376,6,0.5,0: Broadleaf,2,TRUE,1785341907,401.8640667,408.6700667,15.12016667,12.05693333,415.0312667,16.06397333,434.4477333,100.5242,0.099949853,32.83182,32.93716,999.9,0,0,4997.042,0,50.11478667,-6.806010667,408.0336,413.6574667,3.063240667,408.6700667,12.05693333,1.519940667,1.212012667,13.17024,9.749884,1500.022667,0.972993,0.02700678,0,2.05384,0,17110.61333,12844.04667,43.625,45.3204,44.55373333,44.1996,43.687,1459.512667,40.51,0,1785341912,0,1785340804,00:00:04,1785340788,1785336093,3,-0.052,-0.914,-13.167,-0.944,406,13,0.19,0.14,-7.246349048,10.81360753,1.229709885,0,3.056661905,0.185461558,0.027001566,0,0,2,0/2,3.0082,2.75945,0.0927081,0.0922095,0.0819889,0.0660175,32090.5,23115.9,33493.2,25751.6,39334.4,32562.6,48938.2,40238.5,1.75605,2.6394,0.203401,0,29.6115,999.9,52.112,31.824,24.5106,29.0819,-100,3,0.305295,0,20.245,5.20501,11.956,4.9693,3.294,7163.4,9999,132.3,9999,4.97363,1.87291,1.87075,1.87235,1.87286,1.87378,1.87326,1.87775,0,0,0,0,11111111,oooooooo,on,on,on,on,0,100,100,-13.167,-0.9439,-13.16718182,0,0,0,-0.943836364,0,0,0,-1,-1,-1,-1,18.8,97,0.155029,4.99756,2.64526,2.75146,2.8479,2.23877,34.7837,15.3404,2,377.59,1229.88,31.228,31.4896,29.9998,31.4188,31.3351,-1,40,10,-999.9,400,20,101.687,94.4357
47,1785342035,5799,20260730 00:20:35,00:20:35,15,,1785342027,0.002251759,2.25175866,5.242465979,395.5616703,242.8981313,24.43988326,39.8005575,0.063851785,1.37870007,0.062253272,0.039048582,287.4299667,35.01769166,32.98710667,5.048448129,30.50541549,1.527944826,5.008765825,3.520503303,-99.3025569,-10.43274519,-1.731611878,175.9630527,6.077041794,2.286708254,5.242465979,412.1936171,403.0972303,0.314327585,60.8455571,2.25175866,12.13895069,15.20744061,0.000568373,69.65,42,10,1.003352791,0.335279113,25137.75272,1499.996667,1261.2125,0.840810202,0.191620404,6,0.5,0: Broadleaf,2,TRUE,1785342027,395.6868,405.3312,15.18562667,12.07636,408.8538,16.12946667,433.0941333,100.5178,0.100031533,32.84674667,32.98710667,999.9,0,0,4995.375333,0,35.94944,-9.644464667,401.7884,410.2861333,3.109277333,405.3312,12.07636,1.526428,1.21389,13.23548667,9.772811333,1499.996667,0.972992333,0.02700746,0,2.092266667,0,17073.63333,12843.84,43.562,45.2416,44.4454,44.0746,43.5872,1459.486667,40.51,0,1785342032,0,1785340804,00:00:04,1785340788,1785336093,3,-0.052,-0.914,-13.167,-0.944,406,13,0.19,0.14,-8.735267619,-20.31212649,2.125130136,0,3.140694762,-0.590050909,0.068553315,0,0,2,0/2,3.00762,2.75939,0.0921682,0.0927664,0.0822704,0.0666201,32115.2,23104.9,33498.6,25754.8,39327.6,32546.4,48945.4,40243.4,1.75557,2.64092,0.209995,0,29.5662,999.9,52.271,31.874,24.6542,29.1419,-100,3,0.298707,0,20.2453,5.20501,11.956,4.96925,3.294,7163.4,9999,132.4,9999,4.97361,1.87295,1.87073,1.87238,1.87286,1.87376,1.87324,1.87775,0,0,0,0,11111111,oooooooo,on,on,on,on,0,100,100,-13.167,-0.9438,-13.16718182,0,0,0,-0.943836364,0,0,0,-1,-1,-1,-1,20.8,99,0.155029,4.99756,2.64526,2.75146,2.8479,2.25098,34.8066,15.3316,2,376.97,1231.05,31.1853,31.4015,29.9998,31.3577,31.2859,-1,40,10,-999.9,400,20,101.702,94.4471
48,1785342155,5919,20260730 00:22:35,00:22:35,15,,1785342147,0.002327123,2.327123435,5.095108324,400.4667586,257.5765661,25.91589389,40.29269501,0.067143109,1.378715893,0.065378027,0.041015987,287.4346533,34.89191237,32.86236,5.013166537,31.07064876,1.548593402,4.984103855,3.464573135,-102.6261435,-7.680697559,-1.273488727,175.8543236,4.683726152,2.282847689,5.095108324,412.7686073,406.1310303,-0.097091954,60.85005445,2.327123435,12.22112827,15.40341939,0.001028743,69.65,42,10,1.003351747,0.335174713,25145.55648,1500.021333,1261.23322,0.840810188,0.191620377,6,0.5,0: Broadleaf,2,TRUE,1785342147,400.5883333,408.3578,15.39138,12.27376667,413.7556,16.33521333,431.1154667,100.5143333,0.0999977,32.75902667,32.86236,999.9,0,0,4995.626,0,39.06410667,-7.769369333,406.8502667,413.4320667,3.117598667,408.3578,12.27376667,1.547054667,1.233692,13.44129333,10.01426133,1500.021333,0.972992667,0.027007113,0,2.110066667,0,17042.82667,12844.05333,43.5,45.125,44.375,44.01653333,43.52893333,1459.511333,40.51,0,1785342152,0,1785340804,00:00:04,1785340788,1785336093,3,-0.052,-0.914,-13.167,-0.944,406,13,0.19,0.14,-7.3785375,-5.071082256,1.253910154,0,3.1734265,-0.634693083,0.113287387,0,0,2,0/2,3.00616,2.75959,0.092656,0.0930612,0.0830114,0.0670324,32104.8,23102.5,33505.3,25760.1,39301.7,32539.4,48954.5,40251.4,1.75368,2.6441,0.209585,0,29.4584,999.9,52.594,31.894,24.835,29.0519,-100,3,0.290836,0,20.245,5.20396,11.956,4.96955,3.294,7163.4,9999,132.4,9999,4.97362,1.87298,1.87076,1.87231,1.87286,1.87378,1.87325,1.87775,0,0,0,0,11111111,oooooooo,on,on,on,on,0,100,100,-13.167,-0.9438,-13.16718182,0,0,0,-0.943836364,0,0,0,-1,-1,-1,-1,22.8,101,0.155029,4.99756,2.64526,2.75146,2.8479,2.21436,34.8066,15.2791,2,375.522,1234.12,31.1578,31.3102,29.9999,31.2816,31.2137,-1,40,10,-999.9,400,20,101.722,94.4662
49,1785342275,6039,20260730 00:24:35,00:24:35,15,,1785342267,0.002376031,2.376030718,4.616884644,400.7823882,271.6933075,27.3361276,40.32428552,0.068713481,1.379846963,0.066867562,0.041953944,287.4276389,34.83973287,32.82328667,5.002159803,31.00940809,1.543298075,4.976870474,3.458861727,-104.7829547,-6.699591271,-1.1095539,174.8355391,2.942924105,2.413421984,4.616884644,410.7683794,405.4904909,-0.221050667,60.85005445,2.376030718,12.00062249,15.29719455,-0.005607968,69.65,42,10,1.003347105,0.334710544,25180.31127,1499.992,1261.207859,0.840809724,0.191619448,6,0.5,0: Broadleaf,2,TRUE,1785342267,400.8924,406.3285333,15.33881333,12.03814667,414.0595333,16.28264,430.5224667,100.5139333,0.099982607,32.73322667,32.82328667,999.9,0,0,5001.249333,0,43.36092667,-5.436308,407.1373333,411.2798,3.300649333,406.3285333,12.03814667,1.541764,1.210003333,13.38872667,9.724843333,1499.992,0.973007667,0.026992533,0,2.113673333,0,17017.20667,12843.84,43.437,45.1166,44.312,44,43.5,1459.506667,40.486,0,1785342272,0,1785340804,00:00:04,1785340788,1785336093,3,-0.052,-0.914,-13.167,-0.944,406,13,0.19,0.14,-5.663683333,6.274500779,1.162346048,0,3.265117143,0.669885195,0.083773836,0,0,2,0/2,3.00507,2.7594,0.0924137,0.0919282,0.082574,0.0648136,32120.2,23136.2,33512,25765.1,39329.1,32625.5,48963.6,40258.5,1.7527,2.6467,0.21372,0,29.3805,999.9,51.837,31.924,24.5232,29.0219,-100,3,0.282746,0,20.2457,5.20531,11.956,4.9696,3.294,7163.4,9999,132.4,9999,4.97361,1.87292,1.87075,1.87233,1.87286,1.87378,1.87329,1.87775,0,0,0,0,11111111,oooooooo,on,on,on,on,0,100,100,-13.167,-0.9438,-13.16718182,0,0,0,-0.943836364,0,0,0,-1,-1,-1,-1,24.8,103,0.155029,4.99756,2.64526,2.75146,2.8479,2.24609,34.8066,15.2791,2,374.479,1236.02,31.1196,31.218,29.9997,31.1928,31.1261,-1,40,10,-999.9,400,20,101.741,94.4836
50,1785342395,6159,20260730 00:26:35,00:26:35,15,,1785342387,0.002396045,2.396044505,4.837272019,398.1112054,264.0158253,26.56415098,40.05625858,0.068771912,1.379966355,0.066923053,0.041988881,287.4317434,34.86528017,32.89144667,5.021373762,30.80890948,1.536424679,4.986949245,3.484949083,-105.6655627,-9.09723412,-1.507279037,171.1616676,2.874947307,2.450538367,4.837272019,406.9973359,402.0639818,-0.34080385,60.85005445,2.396044505,11.79758491,15.18679091,-0.014211208,69.65,42,10,1.00334705,0.33470504,25180.72398,1500.010667,1261.223818,0.8408099,0.1916198,6,0.5,0: Broadleaf,2,TRUE,1785342387,398.2264667,403.5953333,15.27022,11.90884,411.3936667,16.21406,429.2778667,100.5157333,0.100019353,32.76916667,32.89144667,999.9,0,0,5001.751333,0,41.80102667,-5.368777333,404.4019333,408.4598,3.361389333,403.5953333,11.90884,1.534896,1.197023333,13.32025333,9.56408,1500.010667,0.9730048,0.02699534,0,2.07,0,16964.08,12843.98,43.375,45.062,44.25413333,43.92046667,43.437,1459.517333,40.49533333,0,1785342392,0,1785340804,00:00:04,1785340788,1785336093,3,-0.052,-0.914,-13.167,-0.944,406,13,0.19,0.14,-5.767637143,3.316689351,0.88386534,0,3.315583333,0.81490987,0.101208998,0,0,2,0/2,3.00427,2.7595,0.0919581,0.0918918,0.0821505,0.0656119,32143.5,23141.1,33519,25769,39356.1,32603,48973.1,40264.4,1.75168,2.64665,0.203513,0,29.5816,999.9,51.63,31.955,24.4645,29.0219,-100,3,0.275295,0,20.2457,5.20516,11.956,4.96955,3.294,7163.4,9999,132.5,9999,4.97365,1.87294,1.87076,1.87235,1.87286,1.87378,1.87329,1.87775,0,0,0,0,11111111,oooooooo,on,on,on,on,0,100,100,-13.167,-0.9438,-13.16718182,0,0,0,-0.943836364,0,0,0,-1,-1,-1,-1,26.8,105,0.155029,4.99756,2.64526,2.75146,2.8479,2.2937,34.8296,15.2791,2,373.435,1234.27,31.1165,31.1268,29.9998,31.1077,31.0469,-1,40,10,-999.9,400,20,101.762,94.4977
51,1785342515,6279,20260730 00:28:35,00:28:35,15,,1785342507,0.002455707,2.455707179,4.490867404,399.410436,275.1107107,27.68184988,40.18898319,0.070121222,1.378653857,0.068198419,0.042792376,287.4339568,34.82205305,32.88173333,5.018631705,30.36518755,1.513049185,4.98284156,3.50558252,-108.2966866,-9.454761019,-1.567820099,168.1146891,4.666106677,2.416976399,4.490867404,409.7822265,404.9761515,-0.275311652,60.85005445,2.455707179,11.64112352,15.02234545,-0.000379157,69.65,42,10,1.00335197,0.335197038,25143.88731,1500.024,1261.234858,0.840809786,0.191619572,6,0.5,0: Broadleaf,2,TRUE,1785342507,399.5176,407.3626667,15.03714667,11.72297333,412.6848,15.98096667,429.5292667,100.5207333,0.100030613,32.75452667,32.88173333,999.9,0,0,4995.000667,0,179.79,-7.845071333,405.6169333,412.1950667,3.314180667,407.3626667,11.72297333,1.511544,1.178400667,13.08543333,9.330883333,1500.024,0.9730056,0.026994633,0,2.169566667,0,16932.36,12844.11333,43.312,45.0372,44.187,43.875,43.3666,1459.536,40.49,0,1785342512,0,1785340804,00:00:04,1785340788,1785336093,3,-0.052,-0.914,-13.167,-0.944,406,13,0.19,0.14,-8.643989048,21.84109714,2.462979325,0,3.267509524,0.927021818,0.119768769,0,0,2,0/2,3.00403,2.75945,0.0924387,0.092232,0.0814398,0.0638451,32129.8,23135.3,33522.2,25772,39392.4,32670.5,48977.7,40268.7,1.75187,2.64667,0.20089,0,29.6173,999.9,50.775,31.985,24.0988,29.2619,-100,3,0.270902,0,20.2455,5.20501,11.956,4.9695,3.294,7163.4,9999,132.5,9999,4.97362,1.87295,1.87081,1.87233,1.87286,1.87377,1.8733,1.87775,0,0,0,0,11111111,oooooooo,on,on,on,on,0,100,100,-13.167,-0.9438,-13.16718182,0,0,0,-0.943836364,0,0,0,-1,-1,-1,-1,28.8,107,0.155029,4.99756,2.64526,2.75146,2.8479,2.28394,34.8525,15.2615,2,373.143,1232.9,31.0773,31.0644,30,31.0425,30.9803,-1,40,10,-999.9,400,20,101.771,94.5079
52,1785342635,6399,20260730 00:30:35,00:30:35,15,,1785342627,0.002347025,2.347024973,4.707245862,400.59269,264.9232774,26.65662063,40.30769764,0.066199362,1.37980844,0.064484188,0.040453018,287.4297933,35.05141087,33.14971333,5.094761731,30.86936105,1.553487283,5.032456877,3.541274448,-103.5038013,-16.29499032,-2.705714366,164.9252874,6.075756628,2.288024558,4.707245862,415.4190658,408.2393515,0.089075833,60.85005445,2.347024973,12.24938559,15.46752606,0.003184682,69.65,42,10,1.003349455,0.334945476,25162.70863,1500.003333,1261.21738,0.840809718,0.191619436,6,0.5,0: Broadleaf,2,TRUE,1785342627,400.7049333,410.477,15.43912667,12.29254667,413.8722667,16.38296,428.0955333,100.5201333,0.10001938,32.93066,33.14971333,999.9,0,0,5000.75,0,56.42336667,-9.77207,406.9886,415.5857333,3.146600667,410.477,12.29254667,1.551943333,1.235646667,13.48974,10.03789267,1500.003333,0.973007267,0.026993047,0,2.14494,0,16887.4,12843.92,43.38326667,45.13326667,44.312,43.937,43.437,1459.517333,40.486,0,1785342632,0,1785340804,00:00:04,1785340788,1785336093,3,-0.052,-0.914,-13.167,-0.944,406,13,0.19,0.14,-9.414595714,0.93918,1.509710091,0,3.131644762,0.428572987,0.074582693,0,0,2,0/2,3.00295,2.75944,0.0930074,0.0930019,0.0833159,0.0665668,32107,23113.6,33519.3,25769.6,39304,32570.8,48973.9,40265.6,1.74983,2.64813,0.205044,0,29.8309,999.9,52.149,32.025,24.8065,29.2019,-100,3,0.272363,0,20.2454,5.19962,11.956,4.9694,3.294,7163.4,9999,132.5,9999,4.97362,1.87289,1.87075,1.87233,1.87286,1.87377,1.87328,1.87775,0,0,0,0,11111111,oooooooo,on,on,on,on,0,100,100,-13.168,-0.9438,-13.16718182,0,0,0,-0.943836364,0,0,0,-1,-1,-1,-1,30.8,109,0.155029,4.99756,2.64526,2.75146,2.8479,2.29126,34.8985,15.2353,2,372.024,1234.74,31.1271,31.0724,30.0002,31.0317,30.9687,-1,40,10,-999.9,400,20,101.763,94.5003
53,1785342755,6519,20260730 00:32:35,00:32:35,15,,1785342747,0.002035356,2.035356021,5.711154993,426.0721117,248.5894137,25.01263668,42.87063865,0.058844482,1.378771778,0.057484043,0.036047137,287.4327733,35.23839694,33.22192,5.11544585,33.19367644,1.673002777,5.040124978,3.442443072,-89.75920052,-19.63662312,-3.264618391,174.7723313,10.12658232,1.959424632,5.711154993,450.5751404,438.4165818,0.719621672,60.85005445,2.035356021,13.8912013,16.67516727,0.00332027,69.65,42,10,1.003353738,0.335373778,25130.68091,1500.013333,1261.22632,0.840810073,0.191620146,6,0.5,0: Broadleaf,2,TRUE,1785342747,426.2084667,441.5256,16.62722667,13.93562667,439.3757333,17.57104,428.0640667,100.5182667,0.100003047,32.95774667,33.22192,999.9,0,0,4995.707333,0,73.94340667,-15.31706,433.4150667,447.7653333,2.691582667,441.5256,13.93562667,1.671339333,1.400786667,14.63270667,11.92608,1500.013333,0.972995867,0.02700408,0,2.101386667,0,16847.03333,12844,43.5662,45.375,44.5,44.1082,43.6208,1459.509333,40.504,0,1785342752,0,1785340804,00:00:04,1785340788,1785336093,3,-0.052,-0.914,-13.167,-0.944,406,13,0.19,0.14,-15.51945,1.106318797,0.505225409,0,2.6311085,1.107261203,0.110274855,0,0,2,0/2,3.00283,2.75949,0.0980543,0.098738,0.0882476,0.0735307,31922.8,22960.8,33513.6,25762.2,39074.4,32314.1,48966.9,40255.8,1.7483,2.64855,0.207946,0,29.8765,999.9,56.361,32.075,26.8899,29.2019,-100,3,0.278544,0,20.2454,5.20411,11.956,4.96915,3.294,7163.4,9999,132.6,9999,4.9736,1.8729,1.87077,1.87231,1.87286,1.87377,1.8733,1.87775,0,0,0,0,11111111,oooooooo,on,on,on,on,0,100,100,-13.168,-0.9438,-13.16718182,0,0,0,-0.943836364,0,0,0,-1,-1,-1,-1,32.8,111,0.155029,4.99756,2.64526,2.75146,2.8479,2.25098,34.9444,15.2353,2,371.507,1236.1,31.1873,31.1349,30.0003,31.0757,31.0037,-1,40,10,-999.9,400,20,101.747,94.4755
54,1785342875,6639,20260730 00:34:35,00:34:35,15,,1785342867,0.002387876,2.387875986,4.579460407,399.4383399,268.5605665,27.02468868,40.19464557,0.067257119,1.378936203,0.065486398,0.041084208,287.43592,35.08728524,33.21467333,5.113366697,31.01845847,1.565876284,5.048207943,3.547490413,-105.305331,-16.98052325,-2.822995192,162.3270706,3.182466587,2.336017839,4.579460407,407.3418657,403.5176364,-0.473889867,60.85005445,2.387875986,12.11867136,15.49211697,-0.014144665,69.65,42,10,1.003353468,0.335346763,25132.69866,1500.028,1261.23882,0.840810185,0.19162037,6,0.5,0: Broadleaf,2,TRUE,1785342867,399.5476667,405.2803333,15.56105333,12.36059333,412.7149333,16.5049,429.6618667,100.5279333,0.0999773,32.98626,33.21467333,999.9,0,0,4996.041333,0,53.28043333,-5.732612667,405.8634,410.3528667,3.200478,405.2803333,12.36059333,1.564322,1.242582667,13.61174667,10.120302,1500.028,0.972994,0.027005767,0,1.98282,0,16810.39333,12844.09333,43.687,45.4412,44.562,44.27066667,43.6912,1459.518,40.51,0,1785342872,0,1785340804,00:00:04,1785340788,1785336093,3,-0.052,-0.914,-13.167,-0.944,406,13,0.19,0.14,-6.284845238,14.02996286,1.823498871,0,3.153269524,1.340177143,0.163593739,0,0,2,0/2,3.00403,2.75941,0.0921808,0.0919569,0.0833639,0.0668112,32126.3,23133.1,33509.6,25762.2,39291,32551.9,48960.9,40255.2,1.75077,2.64753,0.199452,0,29.9732,999.9,52.753,32.106,25.2097,29.5019,-100,3,0.282696,0,20.2455,5.20411,11.956,4.9693,3.294,7163.4,9999,132.6,9999,4.9736,1.87296,1.87076,1.8723,1.87286,1.87378,1.87329,1.87775,0,0,0,0,11111111,oooooooo,on,on,on,on,0,100,100,-13.167,-0.9438,-13.16718182,0,0,0,-0.943836364,0,0,0,-1,-1,-1,-1,34.8,113,0.155029,4.99756,2.64526,2.75024,2.8479,2.24121,34.9904,15.2003,2,372.995,1235.28,31.2517,31.1832,30.0004,31.1117,31.0352,-1,40,10,-999.9,400,20,101.735,94.4747
55,1785342995,6759,20260730 00:36:35,00:36:35,15,,1785342987,0.002136853,2.136852874,4.862696175,412.4010075,260.2197839,26.18484475,41.4982143,0.059891521,1.378839822,0.05848293,0.036675628,287.4250267,35.2803387,33.26683333,5.128348417,31.06717432,1.5741215,5.066831903,3.554226917,-94.23521175,-15.98422498,-2.659080475,174.5465095,3.070362413,2.353688625,4.862696175,423.1737752,417.3186182,-0.182437867,60.85005445,2.136852874,12.62894767,15.58145394,-0.002380873,69.65,42,10,1.003354549,0.335454948,25124.62039,1499.970667,1261.19066,0.840810216,0.191620432,6,0.5,0: Broadleaf,2,TRUE,1785342987,412.5171333,418.1458,15.64330667,12.41917333,425.6845333,16.58716,429.6968667,100.5258667,0.100013353,33.05180667,33.26683333,999.9,0,0,4995.666667,0,67.13783333,-5.628585333,419.0730667,423.4041333,3.224148,418.1458,12.41917333,1.572559333,1.24845,13.69233333,10.19090867,1499.970667,0.972993,0.027006787,0,2.046626667,0,16758.05333,12843.60667,43.7164,45.437,44.625,44.25,43.75,1459.460667,40.51,0,1785342992,0,1785340804,00:00:04,1785340788,1785336093,3,-0.052,-0.914,-13.167,-0.944,406,13,0.19,0.14,-5.171750286,-10.82744961,2.236690249,0,3.222154286,-1.047178442,0.207019279,0,0,2,0/2,3.00453,2.7594,0.0945096,0.094588,0.0838438,0.0689045,32040.8,23063.9,33506.4,25759.9,39266.6,32474.5,48957.2,40252,1.75175,2.64503,0.204634,0,29.9188,999.9,53.229,32.166,25.5233,28.9319,-100,3,0.285904,0,20.2457,5.20336,11.956,4.9688,3.294,7163.4,9999,132.6,9999,4.97365,1.87298,1.87081,1.87237,1.87286,1.87378,1.87329,1.87775,0,0,0,0,11111111,oooooooo,on,on,on,on,0,100,100,-13.168,-0.9438,-13.16718182,0,0,0,-0.943836364,0,0,0,-1,-1,-1,-1,36.8,115,0.155029,4.99756,2.64526,2.75146,2.8479,2.24854,35.0364,15.1915,2,373.719,1232.38,31.2899,31.2268,30.0002,31.1484,31.0685,-1,40,10,-999.9,400,20,101.726,94.4668
56,1785343115,6879,20260730 00:38:35,00:38:35,15,,1785343107,0.002335869,2.33586945,4.755629587,397.7112117,259.9389233,26.15660788,40.02007886,0.065598177,1.378849774,0.063912449,0.040093128,287.4326267,35.05542617,33.11539333,5.084956059,30.37054203,1.528129552,5.031617645,3.556826507,-103.0118427,-13.95297025,-2.318018874,168.1497948,7.015750863,2.331786549,4.755629587,415.2297683,406.5318,0.351294008,60.85005445,2.33586945,11.88684917,15.14855636,-0.007035835,69.65,42,10,1.003353147,0.335314685,25135.09491,1500.010667,1261.22426,0.840810194,0.191620388,6,0.5,0: Broadleaf,2,TRUE,1785343107,397.8247333,408.8986,15.18623333,11.98628,410.9918,16.13006,429.1155333,100.526,0.099976053,32.92769333,33.11539333,999.9,0,0,4995.709333,0,69.81352667,-11.07385933,403.9592667,413.8591333,3.199943333,408.8986,11.98628,1.526612,1.204933333,13.23731333,9.662184667,1500.010667,0.972992,0.0270078,0,1.926793333,0,16745.08667,12843.95333,43.68286667,45.42873333,44.562,44.1954,43.7122,1459.500667,40.51,0,1785343112,0,1785340804,00:00:04,1785340788,1785336093,3,-0.052,-0.914,-13.167,-0.944,406,13,0.19,0.14,-10.85085,-0.674188052,1.339323844,0,3.18832381,0.516101299,0.084788759,0,0,2,0/2,3.00374,2.75944,0.0927461,0.0927401,0.0819606,0.0649366,32103.9,23111.9,33507.2,25761.1,39352.5,32617,48958,40253.5,1.75035,2.64475,0.204928,0,29.7709,999.9,51.569,32.186,24.7537,28.7519,-100,3,0.285594,0,20.2456,5.20441,11.956,4.96925,3.294,7163.4,9999,132.7,9999,4.97363,1.87298,1.87079,1.87233,1.87286,1.87378,1.87331,1.87775,0,0,0,0,11111111,oooooooo,on,on,on,on,0,100,100,-13.167,-0.9438,-13.16718182,0,0,0,-0.943836364,0,0,0,-1,-1,-1,-1,38.8,117,0.155029,4.99756,2.64526,2.75024,2.8479,2.23999,35.0594,15.1915,2,373.038,1232.1,31.2508,31.2276,30.0001,31.1547,31.0739,-1,40,10,-999.9,400,20,101.728,94.4707
57,1785343236,6999.9,20260730 00:40:36,00:40:36,15,,1785343228,0.002254897,2.254896618,4.810621873,401.0761384,259.1682962,26.08032922,40.36063779,0.064013586,1.378400593,0.062406732,0.039145217,287.4270688,34.84421069,32.78523125,4.991460029,29.67996139,1.472212539,4.960291288,3.51924749,-99.44094084,-8.268175922,-1.370117912,178.3478341,4.818738425,2.336989224,4.810621873,414.1026151,407.2905576,0.001881559,60.85005445,2.254896618,11.42471464,14.57089152,-0.006301084,69.65,42,10,1.003352114,0.335211422,25142.81202,1499.984375,1261.201894,0.840810021,0.191620042,6,0.5,0: Broadleaf,2,TRUE,1785343228,401.1909375,409.2140625,14.62983125,11.4221125,414.3581875,15.5736625,429.2755,100.530875,0.099987644,32.67396875,32.78523125,999.9,0,0,4993.2425,0,40.45125625,-8.022925625,407.1475,413.942125,3.207708125,409.2140625,11.4221125,1.47075125,1.148276875,12.66736875,8.94729625,1499.984375,0.973000938,0.026998856,0,2.06775625,0,16709.8375,12843.7625,43.4409375,45.1053125,44.367125,43.9685,43.5,1459.48375,40.500625,0,1785343233,0,1785340804,00:00:04,1785340788,1785336093,3,-0.052,-0.914,-13.167,-0.944,406,13,0.19,0.14,-8.0400555,1.241429323,0.721607819,0,3.184316,0.119491128,0.064123261,0,0,2,0/2,3.00359,2.75942,0.0928962,0.0928268,0.0796511,0.0634745,32105.5,23114.2,33514.2,25765.8,39465.5,32675.9,48967.6,40260.4,1.7505,2.6475,0.205785,0,29.4363,999.9,49.756,32.216,23.924,28.9419,-100,3,0.278834,0,20.2455,5.20366,11.956,4.96955,3.294,7163.4,9999,132.7,9999,4.97364,1.87296,1.87075,1.87236,1.87286,1.87377,1.8733,1.87775,0,0,0,0,11111111,oooooooo,on,on,on,on,0,100,100,-13.167,-0.9438,-13.16718182,0,0,0,-0.943836364,0,0,0,-1,-1,-1,-1,40.8,119,0.155029,4.99756,2.64526,2.75024,2.8479,2.24854,35.0364,15.1477,2,372.802,1235.06,31.0989,31.1499,29.9996,31.103,31.0262,-1,40,10,-999.9,400,20,101.749,94.4873
58,1785343356,7119.9,20260730 00:42:36,00:42:36,15,,1785343348,0.002213983,2.213982998,5.073896825,403.1062105,253.6394814,25.52467536,40.56606292,0.063452912,1.3801042,0.061875605,0.038810702,287.4281267,34.88793958,32.86759333,5.014642336,30.82027065,1.530953649,4.967359523,3.483688687,-97.63665019,-12.52519926,-2.074081521,175.1921957,3.351639196,2.186222599,5.073896825,412.6636703,407.1969212,-0.309651066,60.85005445,2.213982998,12.08334759,15.18156364,-0.005897545,69.65,42,10,1.003345846,0.334584605,25189.75764,1499.992667,1261.2086,0.840809844,0.191619688,6,0.5,0: Broadleaf,2,TRUE,1785343348,403.2270667,409.1528,15.21313333,12.20160667,416.3940667,16.15698667,427.4920667,100.5336667,0.100017113,32.69925333,32.86759333,999.9,0,0,5001.542,0,83.30917333,-5.925988667,409.4558667,414.2068,3.011529333,409.1528,12.20160667,1.529432667,1.226672667,13.26562667,9.928878667,1499.992667,0.973006667,0.026993347,0,2.111333333,0,16700.68667,12843.84667,43.375,45.05373333,44.25,43.875,43.40393333,1459.500667,40.492,0,1785343353,0,1785340804,00:00:04,1785340788,1785336093,3,-0.052,-0.914,-13.167,-0.944,406,13,0.19,0.14,-5.746687,-7.75884,2.068433348,0,2.981671,0.807012632,0.106721232,0,0,2,0/2,3.00221,2.75947,0.0929372,0.0932305,0.0821492,0.0664363,32110.9,23108,33520.9,25769.8,39359.7,32576.4,48977,40266.6,1.74822,2.64748,0.213739,0,29.3945,999.9,51.294,32.257,24.7204,29.3019,-100,3,0.270833,0,20.2455,5.20471,11.956,4.96935,3.294,7163.4,9999,132.7,9999,4.97364,1.87294,1.87079,1.87237,1.87286,1.87377,1.87329,1.87775,0,0,0,0,11111111,oooooooo,on,on,on,on,0,100,100,-13.167,-0.9438,-13.16718182,0,0,0,-0.943836364,0,0,0,-1,-1,-1,-1,42.8,121,0.155029,4.99756,2.64526,2.75024,2.8479,2.2583,35.0594,15.1302,2,371.189,1233.64,31.0361,31.0624,29.9999,31.0291,30.9609,-1,40,10,-999.9,400,20,101.769,94.502
59,1785343476,7239.9,20260730 00:44:36,00:44:36,15,,1785343468,0.002204174,2.204173571,4.600452245,402.677185,263.4585921,26.51238376,40.5222391,0.062631434,1.378851686,0.061092811,0.038318098,287.4236823,34.9282964,32.93285333,5.033077421,30.55337422,1.520588163,4.976825644,3.512489257,-97.2040545,-14.85147194,-2.462725814,172.9054301,2.63382941,2.165915655,4.600452245,411.2600458,406.6171697,-0.337307821,60.85005445,2.204173571,11.8787837,15.04327697,-0.017724736,69.65,42,10,1.003351031,0.335103085,25150.91335,1499.968667,1261.188498,0.840809895,0.191619791,6,0.5,0: Broadleaf,2,TRUE,1785343468,402.7869333,407.7007333,15.11037333,12.12346667,415.9542667,16.05420667,427.0546667,100.5320667,0.100004413,32.73306667,32.93285333,999.9,0,0,4995.417333,0,22.81737333,-4.913692667,408.9666,412.7048667,2.986898,407.7007333,12.12346667,1.519074,1.218797333,13.16147333,9.830253333,1499.968667,0.973005267,0.026994767,0,2.070766667,0,16663.32,12843.65333,43.39566667,45.062,44.25,43.93286667,43.42046667,1459.477333,40.494,0,1785343473,0,1785340804,00:00:04,1785340788,1785336093,3,-0.052,-0.914,-13.167,-0.944,406,13,0.19,0.14,-5.721366,13.7558797,2.016178496,0,2.8219545,3.600334286,0.372935235,0,0,2,0/2,3.00157,2.75934,0.0927275,0.0924549,0.0815914,0.0664281,32119.6,23128.6,33521.9,25770.6,39385.9,32578.3,48977.9,40268.1,1.7473,2.64978,0.2116,0,29.4654,999.9,50.885,32.257,24.5241,28.972,-100,3,0.268498,0,20.245,5.20501,11.956,4.9693,3.294,7163.4,9999,132.8,9999,4.97363,1.87288,1.87077,1.87234,1.87286,1.87376,1.8733,1.87775,0,0,0,0,11111111,oooooooo,on,on,on,on,0,100,100,-13.168,-0.9439,-13.16718182,0,0,0,-0.943836364,0,0,0,-1,-1,-1,-1,44.8,123,0.155029,4.99756,2.64648,2.75146,2.8479,2.2583,35.0594,15.1302,2,370.47,1236.1,31.0376,31.0237,30.0001,30.9884,30.9203,-1,40,10,-999.9,400,20,101.771,94.5051
60,1785343596,7359.9,20260730 00:46:36,00:46:36,15,,1785343588,0.00207501,2.075009619,4.589709453,415.9699542,272.7828767,27.45210949,41.86205845,0.060504994,1.380409087,0.059069364,0.037044501,287.4276933,34.84696753,32.76668,4.98625133,31.72696752,1.56611838,4.936237222,3.420132949,-91.50792418,-13.32079389,-2.203041168,180.3959341,3.034874374,2.207370924,4.589709453,425.7815227,420.8603333,-0.286543293,60.84953205,2.075009619,12.51844018,15.46866545,-0.011852556,69.65,42,10,1.003343468,0.334346811,25207.61333,1499.989333,1261.2059,0.840809912,0.191619825,6,0.5,0: Broadleaf,2,TRUE,1785343588,416.0792,421.6259333,15.56202,12.51567333,429.2463333,16.50585333,426.5432,100.5372,0.100016773,32.58768667,32.76668,999.9,0,0,5002.876667,0,21.35284,-5.546846667,422.6565333,426.9696667,3.046358667,421.6259333,12.51567333,1.56456,1.258288,13.61398667,10.30946,1499.989333,0.973003933,0.026996027,0,2.02146,0,16639.86667,12843.80667,43.5,45.125,44.3624,44.02893333,43.5,1459.494,40.49533333,0,1785343593,0,1785340804,00:00:04,1785340788,1785336093,3,-0.052,-0.914,-13.167,-0.944,406,13,0.19,0.14,-7.154695,27.31059158,3.07754202,0,2.9995395,0.455344511,0.107535557,0,0,2,0/2,3.00135,2.75953,0.0950785,0.0946509,0.0833647,0.0680599,32036.8,23072.3,33522.3,25770,39306.5,32520.1,48979.1,40267.5,1.74667,2.64955,0.21711,0,29.2249,999.9,52.356,32.277,25.2572,28.8519,-100,3,0.267698,0,20.2454,5.20291,11.956,4.96955,3.294,7163.4,9999,132.8,9999,4.97363,1.87288,1.87077,1.87235,1.87286,1.87376,1.87327,1.87775,0,0,0,0,11111111,oooooooo,on,on,on,on,0,100,100,-13.168,-0.9439,-13.16718182,0,0,0,-0.943836364,0,0,0,-1,-1,-1,-1,46.8,125,0.155029,4.99756,2.64526,2.75024,2.8479,2.26318,35.0594,15.1127,2,369.988,1235.13,31.0007,31.0075,29.9999,30.9614,30.8896,-1,40,10,-999.9,400,20,101.773,94.5036
61,1785343716,7479.9,20260730 00:48:36,00:48:36,15,,1785343708,0.001985241,1.985240628,4.816578859,394.4639163,241.3955992,24.29292952,39.69701249,0.058082772,1.380011261,0.056758059,0.035590291,287.42772,34.67903918,32.5038,4.912948349,30.86555651,1.505246471,4.876783837,3.407701878,-87.54911169,-9.742818929,-1.607991726,188.5277977,4.493941031,2.19337032,4.816578859,409.6927246,401.2939636,0.271412817,60.84953205,1.985240628,12.24329042,14.95183152,0.00700032,69.65,42,10,1.003342627,0.334262721,25213.93368,1499.988,1261.20492,0.840810006,0.191620013,6,0.5,0: Broadleaf,2,TRUE,1785343708,394.5785333,402.1046,14.95743333,11.9252,407.7455333,15.90126667,426.0732667,100.5353333,0.100012147,32.37284667,32.5038,999.9,0,0,5000.998667,0,39.8816,-7.526082667,400.5700667,406.9580667,3.032244667,402.1046,11.9252,1.503753333,1.198903333,13.00624667,9.585117333,1499.988,0.973001867,0.026997927,0,2.007926667,0,16630.50667,12843.78,43.5124,45.062,44.3498,43.9958,43.4916,1459.488,40.5,0,1785343713,0,1785340804,00:00:04,1785340788,1785336093,3,-0.052,-0.914,-13.167,-0.944,406,13,0.19,0.14,-6.5259765,-23.01863053,3.010461245,0,3.043702,-1.712582256,0.258507282,0,0,2,0/2,3.00114,2.75938,0.0918871,0.0916696,0.0813526,0.066821,32151.6,23149.8,33524,25771.7,39399.4,32566.3,48981.2,40269.8,1.74688,2.65167,0.223015,0,28.8726,999.9,51.221,32.277,24.7133,29.2119,-100,3,0.265198,0,20.2455,5.20471,11.956,4.96945,3.294,7163.4,9999,132.8,9999,4.97363,1.8729,1.87076,1.87238,1.87286,1.87376,1.87329,1.87775,0,0,0,0,11111111,oooooooo,on,on,on,on,0,100,100,-13.167,-0.9438,-13.16718182,0,0,0,-0.943836364,0,0,0,-1,-1,-1,-1,48.8,127,0.155029,4.99756,2.64526,2.75024,2.8479,2.21313,35.0364,15.0777,2,369.844,1237.29,30.885,30.9664,29.9999,30.9203,30.8468,-1,40,10,-999.9,400,20,101.778,94.5092
62,1785343836,7599.9,20260730 00:50:36,00:50:36,15,,1785343828,0.001906773,1.90677335,5.078401283,416.9128885,253.5682895,25.51700223,41.95464317,0.057106326,1.379992202,0.055825233,0.035003478,287.4310067,34.70742231,32.46743333,4.902881876,32.34475146,1.576346918,4.873578703,3.326534957,-84.08870475,-7.903562366,-1.304144298,194.1345953,5.933416577,1.857349712,5.078401283,432.8612895,424.6278727,0.172766061,60.84953205,1.90677335,13.20969038,15.75926909,0.014914613,69.65,42,10,1.003342554,0.334255375,25214.48594,1500.004667,1261.21898,0.840810037,0.191620075,6,0.5,0: Broadleaf,2,TRUE,1785343828,417.0337333,426.4642,15.66452,13.09538667,430.2008,16.60836,425.5289333,100.5317333,0.09994376,32.3612,32.46743333,999.9,0,0,5001.083333,0,24.13084667,-9.430449333,423.6703333,432.1230667,2.569132667,426.4642,13.09538667,1.574782,1.316503333,13.71416,10.98822,1500.004667,0.973000933,0.02699884,0,2.06304,0,16596.8,12843.92667,43.562,45.1208,44.3874,43.958,43.5,1459.502667,40.502,0,1785343833,0,1785340804,00:00:04,1785340788,1785336093,3,-0.052,-0.914,-13.167,-0.944,406,13,0.19,0.14,-9.005428,-11.71300331,1.291764671,0,2.5355875,0.224871429,0.076992513,0,0,2,0/2,2.99965,2.75952,0.095826,0.0964657,0.0846364,0.0710889,32016.6,23029.3,33528.3,25773.2,39255.7,32417.3,48987.8,40272.7,1.7437,2.65322,0.228271,0,28.7425,999.9,53.687,32.287,25.9187,28.9119,-100,3,0.260302,0,20.2455,5.20471,11.9559,4.9699,3.294,7163.4,9999,132.9,9999,4.97364,1.8729,1.87074,1.87238,1.87286,1.87376,1.87328,1.87775,0,0,0,0,11111111,oooooooo,on,on,on,on,0,100,100,-13.168,-0.9439,-13.16718182,0,0,0,-0.943836364,0,0,0,-1,-1,-1,-1,50.8,129,0.155029,4.99756,2.64526,2.75024,2.8479,2.2998,34.9904,15.0777,2,367.939,1238.51,30.8169,30.9145,29.9999,30.8724,30.7986,-1,40,10,-999.9,400,20,101.791,94.5154
63,1785343956,7719.9,20260730 00:52:36,00:52:36,15,,1785343948,0.002138358,2.138357562,4.817362914,416.5841177,277.1024321,27.88476566,41.92078145,0.065199477,1.379131658,0.063534228,0.039854966,287.4401667,34.42210108,32.26031333,4.845891584,32.460558,1.566933638,4.82719255,3.278957946,-94.30156847,-5.087146459,-0.838387401,187.2130643,1.679896809,2.132413853,4.817362914,422.6485346,419.3343455,-0.631762851,60.84953205,2.138357562,12.39410501,15.48414,-0.016976595,69.65,42,10,1.003343991,0.334399052,25203.68842,1500.056667,1261.2623,0.840809769,0.191619539,6,0.5,0: Broadleaf,2,TRUE,1785343948,416.6988,420.3260667,15.57126667,12.61028667,429.8658,16.51509333,423.9344667,100.5298,0.100012027,32.19189333,32.26031333,999.9,0,0,4996.916667,0,30.4228,-3.627280667,423.2898667,425.6947333,2.960964,420.3260667,12.61028667,1.565374,1.267709333,13.62208,10.42002,1500.056667,0.973009067,0.026991093,0,2.103886667,0,16612.71333,12844.42,43.5372,45.062,44.375,43.9412,43.479,1459.566667,40.49,0,1785343953,0,1785340804,00:00:04,1785340788,1785336093,3,-0.052,-0.914,-13.167,-0.944,406,13,0.19,0.14,-4.151617,10.94733925,1.919604817,0,2.8997335,1.688198346,0.174088895,0,0,2,0/2,2.99885,2.75937,0.0948987,0.0944321,0.083414,0.0679513,32054.3,23085.7,33533.1,25778,39316.5,32535.7,48993.9,40279.3,1.7432,2.6541,0.230595,0,28.4958,999.9,52.655,32.257,25.3768,29.0619,-100,3,0.253674,0,20.2451,5.20441,11.956,4.96955,3.294,7163.4,9999,132.9,9999,4.97365,1.87296,1.87074,1.8724,1.87286,1.87378,1.87327,1.87775,0,0,0,0,11111111,oooooooo,on,on,on,on,0,100,100,-13.167,-0.9438,-13.16718182,0,0,0,-0.943836364,0,0,0,-1,-1,-1,-1,52.8,131,0.155029,4.99756,2.64526,2.75146,2.8479,2.24243,34.9444,15.0602,2,367.244,1238.25,30.7142,30.8345,29.9999,30.7987,30.7276,-1,40,10,-999.9,400,20,101.805,94.5318
64,1785344076,7839.9,20260730 00:54:36,00:54:36,15,,1785344068,0.0019899,1.989900442,4.898979095,406.89448,255.7840137,25.73916844,40.94519202,0.060069865,1.37970775,0.058653849,0.036783099,287.4338333,34.42340947,32.19138667,4.827054314,31.63612153,1.520792885,4.807140736,3.306261429,-87.75460951,-5.438870646,-0.895351511,193.3450017,6.186875959,1.988236212,4.898979095,423.3445558,414.8542848,0.254681388,60.84953205,1.989900442,12.46032814,15.17654606,0.009901496,69.65,42,10,1.003340961,0.334096094,25226.46693,1500.023333,1261.2343,0.840809787,0.191619575,6,0.5,0: Broadleaf,2,TRUE,1785344068,407.011,416.9092667,15.11294,12.34366,420.1781333,16.05677333,422.8321333,100.5285333,0.099993307,32.11826667,32.19138667,999.9,0,0,4999.833333,0,105.9854067,-9.898316667,413.2565333,422.1198,2.769287333,416.9092667,12.34366,1.519282,1.24089,13.16358667,10.10100267,1500.023333,0.973007333,0.026992467,0,2.00738,0,16573.95333,12844.09333,43.5,45.04133333,44.3246,43.90393333,43.437,1459.533333,40.49,0,1785344073,0,1785340804,00:00:04,1785340788,1785336093,3,-0.052,-0.914,-13.167,-0.944,406,13,0.19,0.14,-9.3602635,-7.030472932,1.2392972,0,2.7811505,-0.480311729,0.059312816,0,0,2,0/2,2.9979,2.75944,0.0942218,0.094467,0.0822945,0.068117,32083.3,23087.1,33538,25780.2,39372.9,32533.7,49000.4,40282.9,1.74182,2.65375,0.233993,0,28.4177,999.9,52.027,32.247,25.0607,28.8219,-100,3,0.248216,0,20.2452,5.20366,11.956,4.9692,3.294,7163.4,9999,132.9,9999,4.97359,1.87289,1.87075,1.87234,1.87286,1.87376,1.87322,1.87775,0,0,0,0,11111111,oooooooo,on,on,on,on,0,100,100,-13.167,-0.9438,-13.16718182,0,0,0,-0.943836364,0,0,0,-1,-1,-1,-1,54.8,133,0.155029,4.99756,2.64526,2.75024,2.8479,2.27661,34.8985,15.0602,2,366.124,1236.33,30.6041,30.7573,29.9999,30.7277,30.6611,-1,40,10,-999.9,400,20,101.818,94.5401
65,1785344196,7959.9,20260730 00:56:36,00:56:36,15,,1785344188,0.002064298,2.064297622,4.934639779,404.4519358,255.9667378,25.75704545,40.69859617,0.061805469,1.379939986,0.060307789,0.037823906,287.42364,34.54316899,32.47122667,4.90393105,32.37562257,1.570353528,4.850419554,3.333577522,-91.03552514,-14.46096318,-2.385308758,179.5418429,4.265209511,2.080612692,4.934639779,416.5649936,410.0741576,-0.105534969,60.84953205,2.064297622,12.66066829,15.57697758,-0.005036374,69.65,42,10,1.003341801,0.334180075,25220.14856,1499.968,1261.18798,0.840809924,0.191619848,6,0.5,0: Broadleaf,2,TRUE,1785344188,404.5693333,411.7956,15.60576,12.70942,417.7364667,16.54960667,422.8536667,100.5265333,0.099999933,32.27684667,32.47122667,999.9,0,0,5001.083333,0,115.0275333,-7.226134,410.9830667,417.0965333,2.896348,411.7956,12.70942,1.568794,1.277634,13.65565333,10.53820667,1499.968,0.973003533,0.02699636,0,1.964346667,0,16523.24,12843.62667,43.6208,45.29546667,44.437,44.062,43.50826667,1459.472667,40.49533333,0,1785344193,0,1785340804,00:00:04,1785340788,1785336093,3,-0.052,-0.914,-13.167,-0.944,406,13,0.19,0.14,-7.3978,-5.786635489,2.209418984,0,2.8785525,0.347207368,0.058668117,0,0,2,0/2,2.9976,2.75937,0.0934582,0.094049,0.0838689,0.0692638,32109.3,23096.6,33536.8,25778.8,39299.5,32491,48998.9,40280.9,1.7416,2.65587,0.227667,0,28.8021,999.9,53.052,32.247,25.5547,28.8519,-100,3,0.248361,0,20.2451,5.20411,11.956,4.9695,3.294,7163.4,9999,133,9999,4.97361,1.87289,1.87073,1.87235,1.87286,1.87377,1.8733,1.87775,0,0,0,0,11111111,oooooooo,on,on,on,on,0,100,100,-13.167,-0.9439,-13.16718182,0,0,0,-0.943836364,0,0,0,-1,-1,-1,-1,56.8,135,0.155029,4.99756,2.64526,2.75146,2.8479,2.23145,34.8985,15.0339,2,365.9,1239.01,30.5981,30.7493,30.0001,30.7094,30.6425,-1,40,10,-999.9,400,20,101.815,94.5353
66,1785344316,8079.9,20260730 00:58:36,00:58:36,15,,1785344308,0.00216916,2.169160121,5.16779983,396.6543368,240.7254317,24.22207068,39.91181701,0.061390239,1.380558501,0.059913001,0.037575389,287.4290402,34.83588356,32.94340667,5.03606413,30.55832044,1.51158799,4.94656764,3.524476139,-95.65996135,-23.7144628,-3.925676304,164.1289397,4.903534127,2.298543473,5.16779983,411.7549345,403.0579152,0.228387017,60.84953205,2.169160121,11.96700248,14.99297697,-0.000345141,69.65,42,10,1.003343218,0.334321811,25209.49201,1499.996667,1261.212037,0.840809893,0.191619786,6,0.5,0: Broadleaf,2,TRUE,1785344308,396.7773333,404.9842667,15.02256667,11.82941333,409.9446,15.96639333,423.9736,100.5211333,0.100020413,32.62478667,32.94340667,999.9,0,0,5004.416667,0,687.4285333,-8.206854,402.829,409.8327333,3.193143333,404.9842667,11.82941333,1.510083333,1.189105333,13.07056667,9.465086667,1499.996667,0.973004733,0.026995347,0,2.025446667,0,16456.61333,12843.88667,43.687,45.8706,44.625,44.28306667,43.687,1459.506,40.49466667,0,1785344313,0,1785340804,00:00:04,1785340788,1785336093,3,-0.052,-0.914,-13.167,-0.944,406,13,0.19,0.14,-7.052693,-33.50854105,3.357059576,0,3.227492,-1.380433083,0.152311047,0,0,2,0/2,2.99882,2.75947,0.0923274,0.0931763,0.0815111,0.0666831,32145.2,23117.2,33532.9,25777.3,39402.7,32580.8,48993.4,40278.6,1.74408,2.65505,0.216208,0,29.46,999.9,51.221,32.257,24.6877,29.0619,-100,3,0.252889,0,20.2453,5.20471,11.956,4.9696,3.294,7163.4,9999,133,9999,4.97364,1.87294,1.87077,1.87232,1.87286,1.87378,1.8733,1.87775,0,0,0,0,11111111,oooooooo,on,on,on,on,0,100,100,-13.167,-0.9438,-13.16718182,0,0,0,-0.943836364,0,0,0,-1,-1,-1,-1,58.8,137,0.155029,4.99756,2.64526,2.75024,2.8479,2.29004,34.9674,15.0164,2,367.345,1238.43,30.6892,30.8013,30.0003,30.7415,30.6715,-1,40,10,-999.9,400,20,101.804,94.5298
67,1785344436,8199.9,20260730 01:00:36,01:00:36,15,,1785344428,0.002011718,2.011718348,5.024377413,410.1285115,247.9790373,24.95000283,41.26440539,0.057215425,1.378873684,0.055928474,0.035068513,287.4295867,35.11158684,33.18354667,5.104444455,32.11695024,1.606121836,5.000854139,3.49832262,-88.71677916,-27.12587711,-4.505464974,167.0814654,5.875765209,2.127070165,5.024377413,425.8927069,417.7387576,0.172244946,60.84953205,2.011718348,13.15576848,15.94300242,0.000782051,69.65,42,10,1.003351789,0.335178915,25145.24228,1499.994667,1261.21082,0.840810203,0.191620406,6,0.5,0: Broadleaf,2,TRUE,1785344428,410.2484,419.7393333,15.96330667,13.02098667,423.4155333,16.90714667,425.3805333,100.5133333,0.100021347,32.81864667,33.18354667,999.9,0,0,4996.457333,0,367.3235933,-9.490834667,416.9037333,425.2771333,2.942313333,419.7393333,13.02098667,1.604526667,1.308783333,14.00229333,10.89952667,1499.994667,0.972993333,0.027006427,0,1.9476,0,16376.91333,12843.83333,44.02893333,46.37913333,44.9748,44.75,44,1459.484667,40.51,0,1785344433,0,1785340804,00:00:04,1785340788,1785336093,3,-0.052,-0.914,-13.167,-0.944,406,13,0.19,0.14,-8.65851,-20.59489895,2.063304596,0,2.987081,-1.49922406,0.156308229,0,0,2,0/2,2.99996,2.75946,0.0946966,0.0958259,0.0853501,0.0711687,32051.8,23041.8,33523.3,25768.9,39217.5,32409.7,48981.2,40267.1,1.74518,2.65202,0.199854,0,29.9639,999.9,54.084,32.347,26.2042,29.0019,-100,3,0.263163,0,20.2449,5.20456,11.956,4.96895,3.294,7163.4,9999,133,9999,4.97363,1.87295,1.87077,1.87238,1.87286,1.87378,1.87327,1.87775,0,0,0,0,11111111,oooooooo,on,on,on,on,0,100,100,-13.167,-0.9438,-13.16718182,0,0,0,-0.943836364,0,0,0,-1,-1,-1,-1,60.8,139,0.155029,4.99756,2.64526,2.75146,2.8479,2.21558,35.0825,14.9901,2,368.477,1235.99,30.8872,30.9257,30.0006,30.8372,30.7624,-1,40,10,-999.9,400,20,101.777,94.5014
68,1785344556,8319.9,20260730 01:02:36,01:02:36,15,,1785344548,0.002343686,2.343685793,4.32446623,413.4640562,280.1790745,28.18719156,41.59622048,0.063007883,1.379278435,0.061451425,0.03854378,287.4310155,35.54941489,33.90129333,5.313662437,31.08798417,1.608741637,5.174802032,3.7049208,-103.3565435,-35.21425585,-5.885299801,142.9749164,-1.713963057,2.501417445,4.32446623,414.7739421,413.7160121,-0.906679668,60.84953205,2.343685793,12.31248075,15.76534061,-0.033468686,69.65,42,10,1.003356876,0.335687631,25107.26333,1500.005333,1261.219481,0.840809998,0.191619996,6,0.5,0: Broadleaf,2,TRUE,1785344548,413.5674,412.6217333,15.9908,12.5476,426.7346,16.93466,427.4597333,100.5042,0.0999997,33.42772667,33.90129333,999.9,0,0,4998.916667,0,1236.913533,0.94563,420.2887333,417.8658,3.44322,412.6217333,12.5476,1.607142667,1.261084,14.02698667,10.34098,1500.005333,0.972997,0.0270027,0,1.975613333,0,16325.3,12843.95333,44.229,46.8624,45.229,45.19133333,44.27893333,1459.504,40.5,0,1785344553,0,1785340804,00:00:04,1785340788,1785336093,3,-0.052,-0.914,-13.167,-0.944,406,13,0.19,0.14,0.48472425,5.282604226,1.284321247,0,3.3904305,1.244944511,0.125826739,0,0,2,0/2,3.0021,2.75949,0.0937836,0.0923901,0.0844386,0.0668767,32077.5,23126.9,33517.2,25767.1,39252.3,32557.9,48973.2,40263.8,1.7489,2.64838,0.195749,0,30.7698,999.9,52.643,32.428,25.6243,28.6719,-100,3,0.272777,0,20.2454,5.20456,11.956,4.96935,3.294,7163.4,9999,133.1,9999,4.97359,1.87294,1.87074,1.87236,1.87286,1.87378,1.87326,1.87775,0,0,0,0,11111111,oooooooo,on,on,on,on,0,100,100,-13.167,-0.9438,-13.16718182,0,0,0,-0.943836364,0,0,0,-1,-1,-1,-1,62.8,141,0.155029,4.99756,2.64526,2.75024,2.8479,2.23999,35.2209,14.9901,2,371.156,1233.43,31.2065,31.0883,30.0008,30.9665,30.89,-1,40,10,-999.9,400,20,101.759,94.494
69,1785344676,8439.9,20260730 01:04:36,01:04:36,15,,1785344668,0.002287832,2.287831882,4.476628563,389.3969237,246.1558342,24.76523455,39.17642731,0.059310892,1.380207943,0.057930476,0.036327897,287.432782,35.60360361,33.8476,5.297757195,28.12984662,1.457874966,5.182662337,3.839882229,-100.893386,-29.22617365,-4.880596296,152.432626,4.740375871,2.380694126,4.476628563,402.2511431,395.5852545,0.064682003,60.84587755,2.287831882,11.25290099,14.43183939,-0.0060451,69.65,42,10,1.00335361,0.335360975,25131.63707,1500.013333,1261.226324,0.840810076,0.191620151,6,0.5,0: Broadleaf,2,TRUE,1785344668,389.5038,397.3754,14.49065333,11.23406,402.6708667,15.43450667,430.8009333,100.508,0.099952787,33.45482667,33.8476,999.9,0,0,5003.333333,0,104.8322333,-7.871802,395.2308667,401.8903333,3.256610667,397.3754,11.23406,1.456428667,1.129111333,12.51816,8.698276,1500.013333,0.972996667,0.02700304,0,1.933153333,0,16217.6,12844.00667,44.375,46.80786667,45.375,45.437,44.5,1459.504,40.504,0,1785344673,0,1785340804,00:00:04,1785340788,1785336093,3,-0.052,-0.914,-13.167,-0.944,406,13,0.19,0.14,-7.650249,-5.671894737,0.625329591,0,3.2730775,-0.626831729,0.072746304,0,0,2,0/2,3.00482,2.75955,0.0909284,0.0909581,0.0790336,0.0626088,32164.6,23155.1,33503.8,25759,39482.1,32697.8,48954.8,40251.7,1.75263,2.64298,0.179924,0,30.9245,999.9,49.023,32.488,23.9402,28.852,-100,3,0.288862,0,20.2452,5.20471,11.956,4.96955,3.294,7163.4,9999,133.1,9999,4.97365,1.87295,1.87078,1.87241,1.87286,1.87377,1.87331,1.87775,0,0,0,0,11111111,oooooooo,on,on,on,on,0,100,100,-13.167,-0.9438,-13.16718182,0,0,0,-0.943836364,0,0,0,-1,-1,-1,-1,64.8,143,0.15625,4.99756,2.64526,2.75024,2.8479,2.24609,35.3365,14.9551,2,374.119,1229.07,31.4773,31.2723,30.0006,31.1401,31.0524,-1,40,10,-999.9,400,20,101.72,94.4651
70,1785344796,8560,20260730 01:06:36,01:06:36,15,,1785344788,0.002179612,2.179612194,4.507639735,391.8090048,242.7838303,24.42441613,39.41657139,0.056914426,1.380217914,0.055642029,0.034888219,287.4249,35.60398265,33.72356667,5.261173779,28.10025863,1.451889485,5.166818942,3.809284293,-96.12089775,-24.06429367,-4.015052081,163.2246565,4.81887003,2.174183514,4.507639735,404.724431,397.9871212,0.069393169,60.84587755,2.179612194,11.42703864,14.42269576,-0.000590458,69.65,42,10,1.003352937,0.33529371,25136.66202,1499.97,1261.1901,0.840810216,0.191620432,6,0.5,0: Broadleaf,2,TRUE,1785344788,391.9166,399.7924667,14.43208667,11.45779333,405.0836,15.37592,430.7994667,100.5014667,0.1000277,33.40016667,33.72356667,999.9,0,0,5003.708,0,81.81166,-7.875978,397.6554667,404.4262667,2.974297333,399.7924667,11.45779333,1.450444667,1.151524667,12.45555333,8.989112667,1499.97,0.972994333,0.02700542,0,2.096173333,0,16189.94667,12843.61333,44.3666,46.40393333,45.312,45.1912,44.43286667,1459.46,40.51,0,1785344794,0,1785340804,00:00:04,1785340788,1785336093,3,-0.052,-0.914,-13.167,-0.944,406,13,0.19,0.14,-7.76715381,-2.931857143,0.403291182,0,2.970290476,0.159877403,0.039328961,0,0,2,0/2,3.00543,2.7594,0.0913111,0.0913893,0.0790031,0.0638756,32145.5,23140.9,33498.4,25755.7,39477.5,32647.9,48947.7,40247.2,1.75265,2.64212,0.190973,0,30.6215,999.9,48.743,32.559,23.902,29.002,-100,3,0.29391,0,20.2456,5.20486,11.956,4.96935,3.294,7163.4,9999,133.1,9999,4.97366,1.87299,1.87076,1.87241,1.87286,1.87378,1.87328,1.87775,0,0,0,0,11111111,oooooooo,on,on,on,on,0,100,100,-13.168,-0.9438,-13.16718182,0,0,0,-0.943836364,0,0,0,-1,-1,-1,-1,66.8,145.1,0.155029,4.99756,2.64526,2.75024,2.8479,2.26318,35.4059,14.9463,2,374.646,1229.51,31.5654,31.3424,30.0001,31.2248,31.1308,-1,40,10,-999.9,400,20,101.705,94.4539
71,1785344916,8680,20260730 01:08:36,01:08:36,15,,1785344908,0.002215218,2.215218389,4.311222058,393.068317,252.2021949,25.37189289,39.54322142,0.058231236,1.378611289,0.056898508,0.035678767,287.4304733,35.54853599,33.67048,5.245583228,28.30877757,1.459411039,5.155330481,3.78617219,-97.69113097,-23.0433174,-3.847438118,162.8485868,2.874160609,2.236700173,4.311222058,402.0308259,397.3163455,-0.245244274,60.84587755,2.215218389,11.2924857,14.42176303,-0.013199193,69.65,42,10,1.003358698,0.335869838,25093.68846,1499.999333,1261.21474,0.8408102,0.191620401,6,0.5,0: Broadleaf,2,TRUE,1785344908,393.1714,398.3930667,14.50686667,11.44304667,406.3384667,15.45071333,430.2012667,100.5014,0.099996027,33.36044,33.67048,999.9,0,0,4995.750667,0,1187.274133,-5.221788,398.9592,403.0048,3.063824667,398.3930667,11.44304667,1.457964,1.150043333,12.53424667,8.969446,1499.999333,0.972994,0.02700576,0,2.1128,0,16181.67333,12843.86,44.187,46.312,45.1746,44.937,44.25,1459.489333,40.51,0,1785344914,0,1785340804,00:00:04,1785340788,1785336093,3,-0.052,-0.914,-13.167,-0.944,406,13,0.19,0.14,-5.353469048,1.467617143,0.760713858,0,3.023490952,0.837052208,0.096622138,0,0,2,0/2,3.00498,2.75946,0.0911569,0.09067,0.0789065,0.0626192,32151,23160.5,33498.6,25757.2,39482.4,32694.3,48948.4,40249.4,1.75205,2.6423,0.200637,0,30.434,999.9,48.443,32.599,23.808,28.642,-100,3,0.294162,0,20.2454,5.20396,11.956,4.96935,3.294,7163.4,9999,133.2,9999,4.97364,1.87299,1.87081,1.87238,1.87286,1.87378,1.87331,1.87775,0,0,0,0,11111111,oooooooo,on,on,on,on,0,100,100,-13.167,-0.9439,-13.16718182,0,0,0,-0.943836364,0,0,0,-1,-1,-1,-1,68.8,147.1,0.155029,4.99756,2.64526,2.75024,2.84912,2.26074,35.4291,14.9288,2,374.519,1230.63,31.5398,31.3568,30.0002,31.2548,31.1712,-1,40,10,-999.9,400,20,101.706,94.4592
72,1785345036,8800,20260730 01:10:36,01:10:36,15,,1785345028,0.001953837,1.95383717,4.515075889,399.0023706,235.775677,23.72163207,40.14403671,0.051225446,1.378505601,0.050190961,0.031460555,287.4198333,35.84394597,33.88976,5.310242492,29.34539343,1.526724652,5.202604136,3.783517839,-86.16421918,-27.22565391,-4.554602389,169.4753579,3.631996612,2.114724153,4.515075889,410.8277897,404.4725152,0.002567107,60.84587755,1.95383717,12.33290304,15.07804545,-0.011933175,69.65,42,10,1.00336095,0.336095027,25076.93154,1499.943333,1261.1677,0.840810231,0.191620461,6,0.5,0: Broadleaf,2,TRUE,1785345028,399.1104,405.3024,15.17452667,12.29543333,412.2776667,16.11836667,432.5425333,100.511,0.100023053,33.52342,33.88976,999.9,0,0,4994.75,0,847.3181333,-6.191892667,405.2601333,410.3478,2.879110667,405.3024,12.29543333,1.525206667,1.235826,13.22307333,10.03960733,1499.943333,0.972994333,0.02700542,0,2.063046667,0,16147.05333,12843.38,44.3162,46.37913333,45.25,45.05786667,44.3498,1459.433333,40.51,0,1785345034,0,1785340804,00:00:04,1785340788,1785336093,3,-0.052,-0.914,-13.167,-0.944,406,13,0.19,0.14,-7.366563333,8.400184675,2.815094246,0,2.682582857,2.283474545,0.351045267,0,0,2,0/2,3.00717,2.75953,0.0923575,0.0925529,0.0816811,0.0676385,32097.3,23103.8,33487.4,25747.9,39344.5,32503.2,48933.6,40236.4,1.75473,2.63678,0.205386,0,30.5645,999.9,50.641,32.65,24.9574,29.002,-100,3,0.306842,0,20.2455,5.20426,11.956,4.9693,3.294,7163.4,9999,133.2,9999,4.97366,1.87302,1.87081,1.87239,1.87286,1.87378,1.87327,1.87775,0,0,0,0,11111111,oooooooo,on,on,on,on,0,100,100,-13.168,-0.9438,-13.16718182,0,0,0,-0.943836364,0,0,0,-1,-1,-1,-1,70.8,149.1,0.155029,4.99756,2.64526,2.75024,2.8479,2.22534,35.4754,14.8938,2,376.669,1225.33,31.6609,31.495,30.0006,31.3809,31.2985,-1,40,10,-999.9,400,20,101.674,94.4273
73,1785345156,8920,20260730 01:12:36,01:12:36,15,,1785345148,0.002161632,2.161632405,4.057186937,413.0195143,277.3831769,27.90926731,41.55649293,0.057788374,1.380602029,0.056477441,0.035413706,287.42642,35.6639673,33.74292667,5.266869465,29.84007383,1.54623834,5.181751054,3.720631125,-95.32798904,-21.67728927,-3.617035555,166.8041061,1.350379032,2.191439097,4.057186937,417.422661,415.7398303,-0.723212657,60.84587755,2.161632405,12.09492515,15.21243697,-0.027115617,69.65,41,9,1.003272028,0.327202788,25142.91118,1499.978,1261.19682,0.840810212,0.191620424,6,0.5,0: Broadleaf,2,TRUE,1785345148,413.1163333,416.2316667,15.36767333,12.39166,426.2836,16.31151333,433.5897333,100.5162667,0.10002746,33.45168667,33.74292667,999.9,0,0,5004.874667,0,28.8337,-3.115355867,419.564,421.4553333,2.976018,416.2316667,12.39166,1.5447,1.245562,13.4178,10.15459133,1499.978,0.972994667,0.02700508,0,2.073486667,0,16131.21333,12843.67333,44.437,46.333,45.312,45.187,44.458,1459.468,40.51,0,1785345154,0,1785340804,00:00:04,1785340788,1785336093,3,-0.052,-0.914,-13.167,-0.944,406,13,0.19,0.14,-5.244992762,41.61017322,4.402750467,0,2.860904762,2.42614987,0.247437085,0,0,2,0/2,3.00828,2.75948,0.0940656,0.0927941,0.0820638,0.0658263,32025.1,23089.6,33475.8,25739.6,39314.6,32556.2,48917.9,40224.5,1.75592,2.63582,0.207871,0,30.3579,999.9,50.824,32.69,25.1037,28.732,-100,3,0.319223,0,20.2454,5.20306,11.956,4.9687,3.294,7163.4,9999,133.2,9999,4.97361,1.87298,1.87079,1.87236,1.87286,1.87376,1.87329,1.87775,0,0,0,0,11111111,oooooooo,on,on,on,on,0,100,100,-13.167,-0.9439,-13.16718182,0,0,0,-0.943836364,0,0,0,-1,-1,-1,-1,72.8,151.1,0.155029,4.99756,2.64526,2.75024,2.8479,2.23511,35.5451,14.8675,2,378.101,1226.45,31.7405,31.6411,30.0003,31.5133,31.4169,-1,40,10,-999.9,400,20,101.64,94.3985
74,1785345276,9040,20260730 01:14:36,01:14:36,15,,1785345268,0.00192552,1.925520009,4.42846758,408.4861163,249.2455882,25.07819173,41.10039907,0.051765529,1.37873636,0.050709531,0.03178654,287.4331333,35.7244351,33.63775333,5.23599206,29.90430941,1.54415708,5.163660724,3.69183498,-84.91543238,-18.471113,-3.083698798,180.9628892,4.38075754,2.003892755,4.42846758,420.9639576,414.7864848,-0.005792312,60.84587755,1.925520009,12.73128986,15.34638364,0.00155437,69.65,41,9,1.003278382,0.327838158,25094.34159,1500.013333,1261.2265,0.840810193,0.191620386,6,0.5,0: Broadleaf,2,TRUE,1785345268,408.592,415.7708667,15.34697333,12.62425333,421.7592,16.29082667,433.3734667,100.5164,0.09999166,33.38925333,33.63775333,999.9,0,0,4995.624667,0,45.06915333,-7.178986,414.9602667,421.0868,2.722737333,415.7708667,12.62425333,1.542623333,1.268944,13.39726,10.43562667,1500.013333,0.972995,0.02700474,0,2.04294,0,16127.54667,12843.98667,44.4832,46.187,45.333,45.062,44.4622,1459.503333,40.51,0,1785345274,0,1785340804,00:00:04,1785340788,1785336093,3,-0.052,-0.914,-13.167,-0.944,406,13,0.19,0.14,-6.803092381,-6.149011169,1.155829265,0,2.687629524,-0.001139221,0.118508754,1,1,2,1/2,3.00759,2.75949,0.0940134,0.0940698,0.0827545,0.0690111,32021.7,23053.8,33470.5,25736.2,39277.6,32438.3,48910.9,40219.6,1.75378,2.63335,0.225745,0,29.9821,999.9,51.874,32.71,25.6511,28.972,-100,3,0.323537,0,20.2455,5.20426,11.956,4.9696,3.294,7163.4,9999,133.3,9999,4.9736,1.87296,1.87084,1.87231,1.87286,1.87378,1.87328,1.87775,0,0,0,0,11111111,oooooooo,on,on,on,on,0,100,100,-13.167,-0.9438,-13.16718182,0,0,0,-0.943836364,0,0,0,-1,-1,-1,-1,74.8,153.1,0.155029,4.99756,2.64526,2.75024,2.8479,2.29004,35.5683,14.8763,2,377.382,1224.24,31.7202,31.6961,30,31.579,31.4814,-1,40,10,-999.9,400,20,101.625,94.3864
75,1785346391,10154.9,20260730 01:33:11,01:33:11,15,,1785346383,0.001656711,1.656710661,3.88527804,424.0247791,268.2422142,26.99329575,42.66974272,0.046528447,1.378876023,0.045673492,0.028621438,287.43396,35.21771077,33.08913333,5.077464326,31.074561,1.547462637,4.979837484,3.530001689,-73.06094015,-25.67038578,-4.260171805,184.4424623,-3.2622092,2.046640223,3.88527804,430.8168408,425.9356667,-0.135015746,60.83249216,1.656710661,12.70262198,15.19324121,-0.021771682,69.65,61,15,1.004874385,0.487438492,25150.79894,1500.024,1261.23486,0.840809787,0.191619574,6,0.5,0: Broadleaf,2,TRUE,1785346383,424.1174667,420.6962667,15.3777,12.49323333,437.41,16.40998,417.1114,100.5303333,0.099971373,32.74381333,33.08913333,999.9,0,0,4995.624,0,30.05002667,3.421203333,430.7420667,426.0191333,2.884451333,420.6962667,12.49323333,1.545925333,1.255949333,13.42945333,10.279384,1500.024,0.973007,0.0269928,0,2.044306667,0,19012.79333,12844.12667,43.2374,44.9874,44.187,43.79546667,43.312,1459.534,40.49,0,1785346388,0,1785346069,01:27:49,1785346053,1785346069,4,-0.125,-0.088,-13.292,-1.032,425,14,0.07,0.13,4.165975333,-35.66239325,6.299114898,0,2.838759524,-0.731984416,0.303517677,0,0,2,0/2,2.9918,2.75945,0.0960468,0.0948852,0.0827893,0.0697424,32027.9,23084.4,33547,25788.5,39362.3,32488.7,49014.5,40297.3,1.69023,2.66188,0.238419,0,29.2154,999.9,52.112,32.69,25.7366,29.082,-100,3,0.234619,0,20.2444,5.20471,11.956,4.9697,3.294,7163.4,9999,133.6,9999,4.97365,1.87294,1.87077,1.8723,1.87286,1.87378,1.87328,1.87775,0,0,0,0,11111111,oooooooo,on,on,on,on,0,100,100,-13.293,-1.0323,-13.2925,0,0,0,-1.032281818,0,0,0,-1,-1,-1,-1,5.6,5.4,0.155029,4.99756,2.64526,2.75146,2.8479,2.23267,35.1978,14.7449,2,340.218,1246.5,31.1269,30.6372,29.9997,30.6395,30.5853,-1,40,10,-999.9,400,20,101.847,94.5726
76,1785346511,10274.9,20260730 01:35:11,01:35:11,15,,1785346503,0.001818655,1.818655287,2.766613111,407.4207824,298.3807376,30.02625367,40.99902649,0.050889466,1.380158311,0.049869557,0.031258406,287.4401211,35.04363187,33.11067333,5.083608778,30.97022533,1.534459399,4.954627816,3.549149379,-80.20269817,-34.00305025,-5.63589577,167.5984769,2.828608206,1.752975223,2.766613111,417.5564013,413.9429697,-0.075606056,60.85477865,1.818655287,12.61806061,15.24345697,-0.005420784,69.65,61,15,1.004865755,0.486575479,25195.19117,1500.056,1261.261781,0.840809797,0.191619594,6,0.5,0: Broadleaf,2,TRUE,1785346503,407.4866667,412.5894,15.24842667,12.76480667,420.7789333,16.28068667,414.9806,100.5306667,0.100003793,32.65368667,33.11067333,999.9,0,0,5001.959333,0,42.86441333,-5.102964467,413.7963333,417.9246,2.483608667,412.5894,12.76480667,1.532933333,1.283253333,13.30062667,10.60323333,1500.056,0.973004667,0.026995187,0,2.05246,0,18815.10667,12844.37333,43.062,44.9122,44.0746,43.5998,43.18286667,1459.564,40.49133333,0,1785346508,0,1785346069,01:27:49,1785346053,1785346069,4,-0.125,-0.088,-13.292,-1.032,425,14,0.07,0.13,-6.301653667,30.75087483,3.506910933,0,2.413858571,1.705135325,0.183279533,0,0,2,0/2,2.99012,2.75947,0.0940385,0.0921795,0.0829016,0.0676893,32105.7,23157.8,33553.4,25792.9,39363.9,32568.6,49023.2,40303.8,1.68785,2.66418,0.233483,0,29.3208,999.9,51.532,32.71,25.4786,29.172,-100,3,0.226773,0,20.2444,5.20516,11.956,4.96955,3.294,7163.4,9999,133.6,9999,4.97362,1.87296,1.87079,1.87238,1.87286,1.87378,1.87325,1.87775,0,0,0,0,11111111,oooooooo,on,on,on,on,0,100,100,-13.293,-1.0323,-13.2925,0,0,0,-1.032281818,0,0,0,-1,-1,-1,-1,7.6,7.4,0.155029,4.99756,2.64526,2.74902,2.8479,2.22778,35.1747,14.7187,2,338.472,1247.41,31.0125,30.523,29.9999,30.5279,30.4723,-1,40,10,-999.9,400,20,101.866,94.5881
77,1785346631,10394.9,20260730 01:37:11,01:37:11,15,,1785346623,0.001730316,1.730316186,3.032207963,400.8533608,278.7051792,28.04693703,40.33907443,0.048206196,1.380534828,0.047290208,0.029637228,287.4355733,35.06335393,33.06462,5.070479569,30.49371922,1.50875226,4.947747597,3.561727309,-76.30694381,-32.42057267,-5.370276545,173.3377803,5.39865263,1.669137506,3.032207963,416.7017752,409.7162848,0.436694258,60.85477865,1.730316186,12.77410885,15.12006,0.018431714,69.65,61,15,1.004863271,0.48632711,25207.99615,1500.029333,1261.23964,0.840809984,0.191619968,6,0.5,0: Broadleaf,2,TRUE,1785346623,400.9255333,409.6771333,14.99262,12.62278,414.2178667,16.02490667,414.2139333,100.533,0.099995433,32.62902,33.06462,999.9,0,0,5003.708667,0,38.88441333,-8.751587333,407.0278667,414.9145333,2.36983,409.6771333,12.62278,1.507256,1.269008667,13.04180667,10.43612667,1500.029333,0.973003333,0.02699654,0,2.09412,0,18642.50667,12844.16,42.9622,44.75826667,43.9412,43.40393333,43.02066667,1459.529333,40.5,0,1785346628,0,1785346069,01:27:49,1785346053,1785346069,4,-0.125,-0.088,-13.292,-1.032,425,14,0.07,0.13,-8.643402381,-4.928320519,1.49226716,0,2.368000476,-0.164276883,0.063406368,0,0,2,0/2,2.98897,2.75949,0.0934824,0.0938082,0.0825051,0.0695461,32126.2,23116.3,33554,25792.7,39382.5,32502.6,49023.6,40303.5,1.6862,2.66272,0.221264,0,29.4945,999.9,51.196,32.69,25.2824,29.232,-100,3,0.224451,0,20.2445,5.20516,11.956,4.96965,3.294,7163.4,9999,133.6,9999,4.97359,1.8729,1.87076,1.87237,1.87286,1.87377,1.8733,1.87775,0,0,0,0,11111111,oooooooo,on,on,on,on,0,100,100,-13.293,-1.0323,-13.2925,0,0,0,-1.032281818,0,0,0,-1,-1,-1,-1,9.6,9.4,0.155029,4.99756,2.64526,2.75024,2.8479,2.27905,35.1516,14.7187,2,337.339,1243.92,30.8949,30.4727,30,30.4643,30.4085,-1,40,10,-999.9,400,20,101.867,94.5874
78,1785346751,10514.9,20260730 01:39:11,01:39:11,15,,1785346743,0.002033825,2.033825103,2.663302596,391.7140654,293.0000629,29.48612258,39.42022685,0.055494423,1.37932919,0.054283237,0.034033642,287.4314733,34.85446186,33.19099333,5.106577757,29.58377183,1.459085073,4.93204545,3.647492684,-89.69168704,-45.98421802,-7.626292453,144.1292758,-1.73915752,2.321803741,2.663302596,394.2854202,393.1933879,-0.483435589,60.85477865,2.033825103,11.12380116,14.23172667,-0.030768238,69.65,61,15,1.004869138,0.486913753,25177.77202,1500.007333,1261.2212,0.840810023,0.191620045,6,0.5,0: Broadleaf,2,TRUE,1785346743,391.7775333,390.5884667,14.49875333,11.2015,405.07,15.53101333,414.3248667,100.5352667,0.099942373,32.57261333,33.19099333,999.9,0,0,4997.623333,0,50.25265333,1.189102453,397.542,395.0132,3.297261333,390.5884667,11.2015,1.457633333,1.126142,12.5295,8.658883333,1500.007333,0.972998333,0.027001727,0,2.070526667,0,18494.8,12843.92667,42.86233333,44.7624,43.8874,43.31653333,43,1459.506,40.50133333,0,1785346748,0,1785346069,01:27:49,1785346053,1785346069,4,-0.125,-0.088,-13.292,-1.032,425,14,0.07,0.13,2.41885461,-27.95271701,2.89275366,0,3.480024762,-3.07035974,0.345522596,0,0,2,0/2,2.98765,2.75935,0.0906602,0.0896476,0.0786098,0.0615437,32228.4,23225.2,33556.4,25796,39563.6,32792.8,49027,40307.5,1.68375,2.66845,0.219457,0,29.5961,999.9,48.767,32.69,24.0838,29.112,-100,3,0.223333,0,20.2446,5.20501,11.956,4.96975,3.294,7163.4,9999,133.7,9999,4.97361,1.87298,1.87081,1.87235,1.87286,1.87376,1.87329,1.87775,0,0,0,0,11111111,oooooooo,on,on,on,on,0,100,100,-13.293,-1.0323,-13.2925,0,0,0,-1.032281818,0,0,0,-1,-1,-1,-1,11.6,11.4,0.155029,4.99756,2.64526,2.74902,2.8479,2.25464,35.1516,14.7012,2,335.975,1251.36,30.8698,30.4568,30.0001,30.4273,30.3671,-1,40,10,-999.9,400,20,101.874,94.5979
79,1785346871,10634.9,20260730 01:41:11,01:41:11,15,,1785346863,0.001954636,1.954635758,3.092787623,386.6214895,271.4997715,27.3222268,38.90743613,0.052868432,1.380565711,0.051768899,0.032452446,287.4370933,34.80518565,33.07530667,5.073523568,28.44587973,1.396008968,4.907596395,3.677514599,-86.19943693,-43.9751688,-7.279286385,149.9832012,2.732153266,2.039550688,3.092787623,395.8657028,391.6940182,-0.061654359,60.85477865,1.954635758,11.0816527,13.86721091,0.001017315,69.65,61,15,1.004860798,0.48607978,25220.76056,1500.037333,1261.24636,0.84080998,0.19161996,6,0.5,0: Broadleaf,2,TRUE,1785346863,386.6950667,391.7764,13.87208,10.97275333,399.9876667,14.90437333,414.1772667,100.5344,0.10003754,32.48447333,33.07530667,999.9,0,0,5003.792,0,44.75243333,-5.081236,392.135,396.1229333,2.899334,391.7764,10.97275333,1.394619333,1.103138667,11.85923333,8.354162,1500.037333,0.972999333,0.0270007,0,2.076326667,0,18329.26667,12844.2,42.75,44.625,43.812,43.13326667,42.812,1459.537333,40.5,0,1785346868,0,1785346069,01:27:49,1785346053,1785346069,4,-0.125,-0.088,-13.292,-1.032,425,14,0.07,0.13,-5.037962381,-1.582676883,0.493262112,0,2.873464286,-0.188984416,0.15073236,0,0,2,0/2,2.9894,2.75949,0.0904963,0.0901776,0.0772747,0.0628687,32229.7,23208.4,33551.8,25792.3,39619.4,32740.8,49020.4,40302.2,1.688,2.6644,0.213999,0,29.6241,999.9,47.308,32.69,23.361,29.202,-100,3,0.2267,0,20.2448,5.20516,11.956,4.9694,3.294,7163.4,9999,133.7,9999,4.97363,1.873,1.87073,1.87231,1.87286,1.87378,1.87329,1.87775,0,0,0,0,11111111,oooooooo,on,on,on,on,0,100,100,-13.292,-1.0323,-13.2925,0,0,0,-1.032281818,0,0,0,-1,-1,-1,-1,13.6,13.4,0.155029,4.99756,2.64526,2.75024,2.8479,2.23755,35.1286,14.6749,2,338.036,1245.53,30.7508,30.4701,30.0003,30.4352,30.3706,-1,40,10,-999.9,400,20,101.86,94.5851
80,1785346991,10754.9,20260730 01:43:11,01:43:11,15,,1785346983,0.001980837,1.98083673,3.065624791,387.4431828,276.4679175,27.82236568,38.99036825,0.054690813,1.378637596,0.053513473,0.033549589,287.4345256,34.75927432,33.08460667,5.076173881,30.06042855,1.472298319,4.897795507,3.603875562,-87.35489977,-47.23905798,-7.829496914,145.0110709,2.297984898,2.10221566,3.065624791,396.2714511,392.4224606,-0.110824517,60.85477865,1.98083673,11.65856189,14.54704,-0.00912319,69.65,61,15,1.004871037,0.487103654,25168.00385,1500.020667,1261.232659,0.840810188,0.191620377,6,0.5,0: Broadleaf,2,TRUE,1785346983,387.5162667,392.0092,14.63007333,11.64404,400.8086667,15.66232,414.1822,100.5350667,0.09999412,32.44903333,33.08460667,999.9,0,0,4994.208,0,65.2898,-4.492920667,393.2696667,396.6274667,2.98602,392.0092,11.64404,1.470834667,1.170636667,12.66817333,9.233215333,1500.020667,0.972996667,0.027003447,0,1.980926667,0,18184.97333,12844.04,42.708,44.6374,43.78306667,43.0704,42.812,1459.511333,40.51,0,1785346988,0,1785346069,01:27:49,1785346053,1785346069,4,-0.125,-0.088,-13.292,-1.032,425,14,0.07,0.13,-4.378823333,-2.888924416,0.610907704,0,2.953654762,0.05632987,0.118877122,1,1,2,1/2,2.98901,2.75956,0.0905524,0.0901041,0.0800375,0.0650662,32219.6,23204.1,33543.7,25785.8,39483.7,32653.2,49009.7,40292.9,1.68695,2.66237,0.202805,0,29.7778,999.9,48.962,32.68,24.166,29.142,-100,3,0.235071,0,20.2444,5.20516,11.956,4.9696,3.294,7163.4,9999,133.8,9999,4.97363,1.87292,1.87075,1.87239,1.87286,1.87376,1.87322,1.87775,0,0,0,0,11111111,oooooooo,on,on,on,on,0,100,100,-13.293,-1.0323,-13.2925,0,0,0,-1.032281818,0,0,0,-1,-1,-1,-1,15.6,15.4,0.155029,4.99756,2.64526,2.75024,2.8479,2.30225,35.1286,14.6661,2,337.885,1243.81,30.7342,30.5545,30.0003,30.499,30.4266,-1,40,10,-999.9,400,20,101.837,94.5624
81,1785347111,10874.9,20260730 01:45:11,01:45:11,15,,1785347103,0.001902878,1.902878008,3.282080271,387.8768389,268.3427619,27.00500957,39.03447097,0.053246689,1.380651471,0.052131613,0.032680498,287.4314867,34.65469,32.91362,5.027638141,30.31455385,1.4729115,4.858760276,3.55472664,-83.91692014,-45.13311127,-7.458086578,150.9233687,3.559012699,1.974054026,3.282080271,399.8064547,394.2287697,0.13676762,60.85477865,1.902878008,11.91665864,14.62170667,-0.00045367,69.65,61,15,1.004857499,0.485749946,25237.8031,1500.004667,1261.21922,0.840810197,0.191620395,6,0.5,0: Broadleaf,2,TRUE,1785347103,387.9548667,394.1624,14.63599333,11.84667333,401.2474667,15.66827333,416.3636667,100.5362667,0.099984447,32.30726667,32.91362,999.9,0,0,5004.124,0,44.648,-6.207389333,393.7172667,398.8878667,2.789326,394.1624,11.84667333,1.471451333,1.191022,12.67466,9.489459333,1500.004667,0.972995,0.027005187,0,2.166366667,0,18046.51333,12843.90667,42.6166,44.5,43.687,42.91633333,42.64153333,1459.494667,40.51,0,1785347108,0,1785346069,01:27:49,1785346053,1785346069,4,-0.125,-0.088,-13.292,-1.032,425,14,0.07,0.13,-5.8617065,-7.498893383,0.896840673,0,2.823532,-0.502138647,0.071480311,0,0,2,0/2,2.99148,2.75952,0.0908766,0.0906823,0.0803954,0.0663622,32199.6,23183.2,33535.2,25779.3,39458.2,32597.9,48998.7,40283.6,1.69193,2.6598,0.198245,0,29.7048,999.9,49.31,32.68,24.3369,28.872,-100,3,0.243656,0,20.2448,5.20456,11.956,4.9694,3.294,7163.4,9999,133.8,9999,4.97359,1.87296,1.87077,1.87233,1.87286,1.87377,1.87328,1.87776,0,0,0,0,11111111,oooooooo,on,on,on,on,0,100,100,-13.292,-1.0323,-13.2925,0,0,0,-1.032281818,0,0,0,-1,-1,-1,-1,17.6,17.4,0.155029,4.99756,2.64526,2.75024,2.8479,2.25708,35.1055,14.6311,2,340.715,1241.69,30.6506,30.6475,30.0003,30.5819,30.5017,-1,40,10,-999.9,400,20,101.813,94.5398
82,1785347231,10994.9,20260730 01:47:11,01:47:11,15,,1785347223,0.002035686,2.035686107,3.039925586,387.9199197,281.0637955,28.28442969,39.03773403,0.056801465,1.381842878,0.055535507,0.034821083,287.4287,34.47945772,32.79074667,4.993009525,29.43886591,1.421800215,4.829670474,3.57120931,-89.77375731,-43.9368826,-7.245997424,146.4720627,1.59879727,2.175834079,3.039925586,395.2954185,392.0629576,-0.204833619,60.85477865,2.035686107,11.102521,14.04667576,-0.009428935,69.65,60,14,1.004769262,0.476926195,25281.12583,1499.99,1261.2069,0.840810205,0.191620411,6,0.5,0: Broadleaf,2,TRUE,1785347223,387.9920667,391.489,14.1285,11.06326,401.2846,15.16077333,417.8658,100.5334667,0.100019887,32.20097333,32.79074667,999.9,0,0,5010.167333,0,42.15977333,-3.497052667,393.5524,395.8688,3.065221333,391.489,11.06326,1.420385333,1.112228667,12.1369,8.47567,1499.99,0.972993333,0.0270069,0,2.051853333,0,17916.13333,12843.78,42.5,44.375,43.562,42.79133333,42.562,1459.48,40.51,0,1785347228,0,1785346069,01:27:49,1785346053,1785346069,4,-0.125,-0.088,-13.292,-1.032,425,14,0.07,0.13,-3.537066,-0.066715489,0.313196091,1,3.05338,-0.073323609,0.098746961,1,2,2,2/2,2.99313,2.75943,0.0904698,0.0896576,0.0779537,0.062312,32210.6,23208.7,33532,25779,39566.2,32741.5,48994.6,40282.7,1.69592,2.65733,0.201546,0,29.5189,999.9,47.357,32.68,23.3736,28.902,-100,3,0.247302,0,20.2447,5.20456,11.956,4.9696,3.294,7163.4,9999,133.8,9999,4.97362,1.87295,1.87078,1.87231,1.87286,1.87378,1.87327,1.87775,0,0,0,0,11111111,oooooooo,on,on,on,on,0,100,100,-13.293,-1.0323,-13.2925,0,0,0,-1.032281818,0,0,0,-1,-1,-1,-1,19.6,19.4,0.155029,4.99756,2.64526,2.74902,2.8479,2.24976,35.0825,14.6224,2,342.911,1239.12,30.5717,30.6981,30.0002,30.6315,30.5498,-1,40,10,-999.9,400,20,101.804,94.5381
83,1785347351,11114.9,20260730 01:49:11,01:49:11,15,,1785347343,0.001873292,1.87329198,2.717624114,407.359249,303.8211166,30.57830094,40.99897284,0.053248484,1.379712186,0.052132591,0.03268118,287.4251533,34.69648982,32.94731333,5.03717015,31.62485077,1.538792169,4.865768948,3.498377982,-82.61217633,-45.70986782,-7.560733186,151.542376,5.080311048,1.674966956,2.717624114,418.4458344,415.0193818,-0.090993749,60.85477865,1.87329198,12.76234319,15.35589212,0.008072563,69.65,60,14,1.004783126,0.478312562,25208.19743,1499.971333,1261.19122,0.840810215,0.191620431,6,0.5,0: Broadleaf,2,TRUE,1785347343,407.4239333,415.6584,15.28919333,12.93390667,420.7160667,16.32146,418.1362667,100.5457333,0.10000612,32.33279333,32.94731333,999.9,0,0,4999,0,41.93463333,-8.234557333,413.7498667,421.1052,2.35528,415.6584,12.93390667,1.537262,1.300449333,13.34379333,10.80266667,1499.971333,0.972994,0.027006233,0,2.070946667,0,17767.66667,12843.62,42.55786667,44.312,43.5,42.93713333,42.5662,1459.461333,40.51,0,1785347348,0,1785346069,01:27:49,1785346053,1785346069,4,-0.125,-0.088,-13.292,-1.032,425,14,0.07,0.13,-7.921507143,6.297882078,2.924046821,0,2.377241429,0.431738961,0.190409339,0,0,2,0/2,2.99312,2.7594,0.094354,0.0940072,0.0832758,0.0690055,32075.1,23097.8,33534,25778.8,39325.8,32503.2,48997.5,40283.7,1.6953,2.65832,0.212811,0,29.4925,999.9,51.569,32.639,25.3919,29.142,-100,3,0.245465,0,20.245,5.20366,11.956,4.96995,3.294,7163.4,9999,133.8,9999,4.9736,1.87294,1.87076,1.87235,1.87286,1.87378,1.87325,1.87775,0,0,0,0,11111111,oooooooo,on,on,on,on,0,100,100,-13.293,-1.0323,-13.2925,0,0,0,-1.032281818,0,0,0,-1,-1,-1,-1,21.6,21.4,0.155029,4.99756,2.64526,2.75024,2.8479,2.24854,35.0364,14.6049,2,342.675,1240.8,30.5886,30.6958,29.9998,30.6432,30.5604,-1,40,10,-999.9,400,20,101.81,94.5392
84,1785347471,11234.9,20260730 01:51:11,01:51:11,15,,1785347463,0.001719637,1.719636789,3.251820687,401.8104833,271.2957882,27.30341713,40.43851659,0.047732492,1.377701877,0.046832427,0.029349721,287.4265467,34.8019704,32.93530667,5.033771603,29.9136574,1.457526603,4.872445328,3.576245001,-75.83598238,-42.94759115,-7.1146269,161.5283462,5.055939066,1.597329042,3.251820687,416.0630666,409.6960545,0.28297775,60.85477865,1.719636789,12.41085891,14.65780545,0.028665063,69.65,60,14,1.004794564,0.479456444,25148.34232,1499.978667,1261.19738,0.840810212,0.191620423,6,0.5,0: Broadleaf,2,TRUE,1785347463,401.8880667,410.0460667,14.48246667,12.22997333,415.1804667,15.51475333,417.2906,100.5408,0.099970393,32.35708,32.93530667,999.9,0,0,4989.29,0,42.82019333,-8.157943333,407.7938667,415.1230667,2.25249,410.0460667,12.22997333,1.45608,1.229613333,12.51432,9.962968,1499.978667,0.972994,0.027006233,0,2.0256,0,17630.88,12843.69333,42.562,44.3162,43.5,43.05373333,42.625,1459.468667,40.51,0,1785347468,0,1785346069,01:27:49,1785346053,1785346069,4,-0.125,-0.088,-13.292,-1.032,425,14,0.07,0.13,-6.98340619,-16.85539403,1.995862835,0,2.421768571,-2.59747013,0.307952895,0,0,2,0/2,2.99179,2.75949,0.0935239,0.0937549,0.0805291,0.067401,32108.6,23107.5,33538.1,25782.3,39455.9,32565,49002.8,40288.4,1.69272,2.66058,0.215068,0,29.4429,999.9,50.305,32.639,24.7703,29.082,-100,3,0.240902,0,20.2446,5.20471,11.956,4.96965,3.294,7163.4,9999,133.9,9999,4.97358,1.8729,1.87076,1.87229,1.87286,1.87377,1.87325,1.87775,0,0,0,0,11111111,oooooooo,on,on,on,on,0,100,100,-13.292,-1.0323,-13.2925,0,0,0,-1.032281818,0,0,0,-1,-1,-1,-1,23.6,23.4,0.155029,4.99756,2.64526,2.75024,2.8479,2.2937,35.0134,14.5873,2,341.29,1243.72,30.6264,30.6582,29.9999,30.6166,30.5445,-1,40,10,-999.9,400,20,101.822,94.551
85,1785347591,11354.9,20260730 01:53:11,01:53:11,15,,1785347583,0.001968886,1.968886455,2.762172598,388.0068851,284.1017287,28.59145805,39.04827553,0.053696849,1.379879096,0.052562435,0.032951448,287.4290867,34.57188026,32.88514667,5.019595134,28.26772359,1.369550351,4.844926215,3.650044784,-86.82789265,-46.74498341,-7.725772325,146.1304383,2.237306517,2.0499046,2.762172598,395.8338563,392.6973273,-0.153247637,60.85477865,1.968886455,10.70138143,13.54289273,-0.006459123,69.65,60,14,1.004780954,0.478095354,25219.59553,1500.000667,1261.21504,0.840809653,0.191619306,6,0.5,0: Broadleaf,2,TRUE,1785347583,388.0726,392.4275333,13.60866667,10.70902,401.3652,14.64094,416.3792,100.5380667,0.100032887,32.25678667,32.88514667,999.9,0,0,5000.208,0,53.33398667,-4.354916,393.4266667,396.6757333,2.899652,392.4275333,10.70902,1.368188667,1.076662667,11.56946,7.99713,1500.000667,0.9730088,0.02699106,0,2.141893333,0,17495.92667,12843.94667,42.437,44.27066667,43.437,42.8708,42.5248,1459.518,40.48266667,0,1785347588,0,1785346069,01:27:49,1785346053,1785346069,4,-0.125,-0.088,-13.292,-1.032,425,14,0.07,0.13,-4.67329619,6.65272987,0.858713242,0,2.874167143,0.105911688,0.083539051,0,0,2,0/2,2.99196,2.75946,0.0906252,0.0897791,0.0757827,0.0598226,32216.4,23214.1,33543.4,25788,39678.3,32843.3,49009.7,40296.2,1.694,2.6614,0.216141,0,29.3659,999.9,46.521,32.629,22.8945,28.812,-100,3,0.235432,0,20.2448,5.20471,11.956,4.9695,3.294,7163.4,9999,133.9,9999,4.9736,1.87298,1.87077,1.87233,1.87286,1.87378,1.8733,1.87775,0,0,0,0,11111111,oooooooo,on,on,on,on,0,100,100,-13.292,-1.0323,-13.2925,0,0,0,-1.032281818,0,0,0,-1,-1,-1,-1,25.6,25.4,0.155029,4.99756,2.64526,2.74902,2.8479,2.27661,35.0134,14.5611,2,341.618,1243.92,30.5841,30.5919,30,30.565,30.4981,-1,40,10,-999.9,400,20,101.837,94.5703
86,1785347711,11474.9,20260730 01:55:11,01:55:11,15,,1785347703,0.001399097,1.399097366,3.217726087,399.1922457,243.8398096,24.53938963,40.17364543,0.038270353,1.380569881,0.03769061,0.023607987,287.4262933,35.10680791,33.16678,5.099644022,30.24995572,1.486161906,4.912939114,3.613482116,-61.70019384,-49.3476073,-8.173012119,168.2054801,5.116798715,1.571444463,3.217726087,413.7638304,407.1187758,0.336675622,60.85477865,1.399097366,12.96503999,14.8523703,0.01504724,69.65,61,15,1.004861105,0.486110518,25219.17349,1499.977333,1261.19626,0.840810212,0.191620424,6,0.5,0: Broadleaf,2,TRUE,1785347703,399.2688,407.5138667,14.7675,12.54655333,412.5614,15.79976667,416.2106667,100.5373333,0.100005847,32.50376667,33.16678,999.9,0,0,5003.666667,0,54.2744,-8.244896667,405.2534,412.6926667,2.220936,407.5138667,12.54655333,1.484684,1.261397333,12.8113,10.34113533,1499.977333,0.972993667,0.027006567,0,2.073873333,0,17341.59333,12843.65333,42.51653333,44.375,43.5,42.9832,42.5998,1459.467333,40.51,0,1785347708,0,1785346069,01:27:49,1785346053,1785346069,4,-0.125,-0.088,-13.292,-1.032,425,14,0.07,0.13,-8.6905175,2.140333083,2.19830282,0,2.1994955,-0.232998947,0.293953799,0,0,2,0/2,2.99112,2.75944,0.0931314,0.0935977,0.0815087,0.0709301,32127.8,23113.5,33543.3,25784,39416.9,32441.9,49010,40291.6,1.69167,2.66135,0.218593,0,29.6436,999.9,51.209,32.609,25.1721,28.332,-100,3,0.235521,0,20.2445,5.20456,11.956,4.96955,3.294,7163.4,9999,133.9,9999,4.97357,1.87294,1.87074,1.87234,1.87286,1.87378,1.87324,1.87775,0,0,0,0,11111111,oooooooo,on,on,on,on,0,100,100,-13.292,-1.0323,-13.2925,0,0,0,-1.032281818,0,0,0,-1,-1,-1,-1,27.6,27.4,0.155029,4.99756,2.64526,2.75024,2.8479,2.20947,35.0134,14.5348,2,340.445,1243.74,30.631,30.5849,30.0004,30.5546,30.4938,-1,40,10,-999.9,400,20,101.837,94.5581
87,1785347831,11594.9,20260730 01:57:11,01:57:11,15,,1785347823,0.00140112,1.401120394,3.075020213,428.2277985,278.5969587,28.03700077,43.09531293,0.038685041,1.378684491,0.038091974,0.023860011,287.4250267,35.18198483,33.27129333,5.129631216,31.43578447,1.550828043,4.933320637,3.578803173,-61.78940939,-51.5903182,-8.563608035,165.481691,0.853389401,1.5965156,3.075020213,436.7462606,433.1485576,-0.153567555,60.85477865,1.401120394,13.26434961,15.31805273,-0.010327004,69.65,61,15,1.004872837,0.487283722,25158.74852,1499.970667,1261.19066,0.840810216,0.191620432,6,0.5,0: Broadleaf,2,TRUE,1785347823,428.3011333,430.5073333,15.41020667,13.15920667,441.5937333,16.44250667,416.927,100.5364,0.1000208,32.5772,33.27129333,999.9,0,0,4994.374,0,32.66836,-2.206082853,435.0049333,436.2478667,2.251024,430.5073333,13.15920667,1.549288667,1.32298,13.4633,11.06212667,1499.970667,0.972994,0.027006207,0,2.13806,0,17206.13333,12843.60667,42.625,44.5,43.562,43.187,42.75,1459.460667,40.51,0,1785347828,0,1785346069,01:27:49,1785346053,1785346069,4,-0.125,-0.088,-13.292,-1.032,425,14,0.07,0.13,-2.03090354,-6.138737251,1.429492225,0,2.230157,-0.049643008,0.149094033,1,1,2,1/2,2.9924,2.75946,0.0972928,0.0962558,0.083226,0.0714663,31978.7,23044.6,33541.5,25782.9,39337.6,32421.6,49008.3,40290.1,1.69425,2.6598,0.218518,0,29.7348,999.9,53.028,32.629,26.097,28.632,-100,3,0.236695,0,20.2445,5.20366,11.956,4.96915,3.294,7163.4,9999,134,9999,4.97362,1.87296,1.87075,1.87236,1.87286,1.87377,1.87327,1.87775,0,0,0,0,11111111,oooooooo,on,on,on,on,0,100,100,-13.293,-1.0323,-13.2925,0,0,0,-1.032281818,0,0,0,-1,-1,-1,-1,29.6,29.4,0.155029,4.99756,2.64526,2.75024,2.8479,2.24487,35.0594,14.5085,2,341.752,1241.58,30.7175,30.6106,30,30.5677,30.4969,-1,40,10,-999.9,400,20,101.833,94.5542
88,1785347951,11715,20260730 01:59:11,01:59:11,15,,1785347943,0.001347516,1.347515917,2.784878794,416.6903228,272.0859478,27.38181108,41.93430712,0.036399068,1.380201,0.035874076,0.022467835,287.425375,35.21644901,33.36275625,5.155999701,30.40655243,1.500871959,4.936014902,3.655127742,-59.42545193,-57.7319253,-9.57729095,160.6907068,4.403187635,1.283960408,2.784878794,429.499198,424.5314086,0.156678975,60.85477865,1.347515917,13.03865185,14.93946016,0.001563983,69.65,61,15,1.004864492,0.486449249,25201.69745,1499.9725,1261.1922,0.840810215,0.19162043,6,0.5,0: Broadleaf,2,TRUE,1785347943,416.756625,423.836,14.913775,13.10166875,430.0489375,15.94604375,416.72925,100.536625,0.099998456,32.5868875,33.36275625,999.9,0,0,5001.874375,0,64.573825,-7.07941625,423.066125,429.4625625,1.8120875,423.836,13.10166875,1.49937625,1.31719625,12.9617875,10.996425,1499.9725,0.972994188,0.027006031,0,2.09895625,0,17048.51875,12843.63125,42.710625,44.625,43.687,43.3553125,42.8435,1459.4625,40.51,0,1785347948,0,1785346069,01:27:49,1785346053,1785346069,4,-0.125,-0.088,-13.292,-1.032,425,14,0.07,0.13,-7.112139524,3.371992608,1.117282536,0,1.77845381,0.741542378,0.078546372,0,0,2,0/2,2.99197,2.75952,0.0959682,0.0953948,0.0816549,0.0706389,32025.9,23066.8,33541.9,25783.2,39409.3,32451.7,49008.2,40290.8,1.69285,2.6603,0.230409,0,29.6207,999.9,52.545,32.639,25.8717,28.6429,-100,3,0.236707,0,20.2443,5.20441,11.956,4.9695,3.294,7163.4,9999,134,9999,4.97363,1.8729,1.87081,1.87232,1.87286,1.87378,1.87326,1.87775,0,0,0,0,11111111,oooooooo,on,on,on,on,0,100,100,-13.292,-1.0323,-13.2925,0,0,0,-1.032281818,0,0,0,-1,-1,-1,-1,31.6,31.4,0.155029,4.99756,2.64526,2.74902,2.8479,2.23633,35.1055,14.491,2,341.082,1242.31,30.767,30.6133,30,30.568,30.4978,-1,40,10,-999.9,400,20,101.833,94.5558
89,1785348071,11835,20260730 02:01:11,02:01:11,15,,1785348063,0.001509484,1.509484121,3.797549122,400.4863623,229.7655617,23.12366893,40.30505696,0.040609382,1.378546786,0.039956317,0.025030499,287.4368067,35.09378383,33.25326667,5.124448045,29.3773519,1.446544246,4.924011706,3.677903798,-66.56824974,-52.7356422,-8.75238631,159.3805284,5.690538888,1.516087141,3.797549122,418.0785397,409.0804,0.602619857,60.85477865,1.509484121,12.26573711,14.39892545,0.000677361,69.65,60,14,1.004792833,0.479283327,25157.38253,1500.032667,1261.24274,0.840810182,0.191620365,6,0.5,0: Broadleaf,2,TRUE,1785348063,400.5769333,409.5869333,14.37341333,12.23674,413.8694667,15.40570667,417.583,100.5402667,0.100006647,32.54369333,33.25326667,999.9,0,0,4993.5,0,54.76824667,-9.009849333,406.4186667,414.6612667,2.136698,409.5869333,12.23674,1.445105333,1.230281333,12.39936667,9.972736667,1500.032667,0.972995,0.027005173,0,2.000966667,0,16893.9,12844.16,42.7206,44.625,43.687,43.27066667,42.812,1459.522667,40.51,0,1785348068,0,1785346069,01:27:49,1785346053,1785346069,4,-0.125,-0.088,-13.292,-1.032,425,14,0.07,0.13,-9.032477619,-18.6574987,3.700295633,0,2.120241905,0.139022338,0.108572451,0,0,2,0/2,2.99237,2.75941,0.0935748,0.0949152,0.0794941,0.0682194,32109.1,23078.3,33540.4,25782.5,39506.1,32537.2,49006.1,40289.5,1.69447,2.6606,0.217818,0,29.697,999.9,50.403,32.639,24.8187,29.0029,-100,3,0.238224,0,20.2444,5.20231,11.956,4.96945,3.294,7163.4,9999,134,9999,4.97361,1.87288,1.87076,1.87229,1.87286,1.87376,1.87328,1.87775,0,0,0,0,11111111,oooooooo,on,on,on,on,0,100,100,-13.293,-1.0323,-13.2925,0,0,0,-1.032281818,0,0,0,-1,-1,-1,-1,33.6,33.4,0.155029,4.99756,2.64526,2.75024,2.8479,2.27417,35.1516,14.4823,2,341.904,1242.96,30.7592,30.6196,30.0003,30.5756,30.5075,-1,40,10,-999.9,400,20,101.829,94.5528
90,1785348191,11955,20260730 02:03:11,02:03:11,15,,1785348183,0.001403438,1.403438466,3.656628988,408.8365713,234.8340461,23.63399621,41.14583102,0.038275458,1.378371698,0.037694651,0.023610606,287.4246467,35.15133644,33.24050667,5.120781942,30.39462692,1.496924133,4.924963011,3.623857809,-61.89163636,-51.52610056,-8.552336412,165.4545733,4.34593431,1.453438362,3.656628988,426.6184448,417.4713636,0.66202928,60.85477865,1.403438466,13.05203672,14.94564121,0.014320247,69.65,60,14,1.004793862,0.47938621,25152.00917,1499.968667,1261.18898,0.840810217,0.191620434,6,0.5,0: Broadleaf,2,TRUE,1785348183,408.9238,415.9988,14.87386,12.82467333,422.2162667,15.90614667,417.2052667,100.5412667,0.10000152,32.54712,33.24050667,999.9,0,0,4992.583333,0,38.07799333,-7.07496854,415.0979333,421.4040667,2.049183333,415.9988,12.82467333,1.495438,1.28941,12.92158,10.67453333,1499.968667,0.972994,0.027006227,0,2.059106667,0,16771.68667,12843.6,42.812,44.625,43.75,43.375,42.875,1459.458667,40.51,0,1785348188,0,1785346069,01:27:49,1785346053,1785346069,4,-0.125,-0.088,-13.292,-1.032,425,14,0.07,0.13,-4.20415017,-58.44583117,5.771863561,0,2.2132135,-2.837689173,0.277445221,0,0,2,0/2,2.99227,2.75941,0.0948438,0.0953238,0.0817667,0.0706256,32061.6,23066.5,33537.7,25780.9,39399.7,32449.1,49003,40287.5,1.69395,2.66015,0.225157,0,29.585,999.9,52.307,32.68,25.8159,28.7329,-100,3,0.239787,0,20.2447,5.20441,11.956,4.96965,3.294,7163.4,9999,134.1,9999,4.9736,1.87294,1.87078,1.87237,1.87286,1.87378,1.8733,1.87776,0,0,0,0,11111111,oooooooo,on,on,on,on,0,100,100,-13.293,-1.0323,-13.2925,0,0,0,-1.032281818,0,0,0,-1,-1,-1,-1,35.6,35.4,0.155029,4.99756,2.64526,2.75024,2.84912,2.32056,35.1747,14.4648,2,341.755,1242.66,30.7754,30.6425,30.0001,30.5942,30.5233,-1,40,10,-999.9,400,20,101.821,94.5477
91,1785348311,12075,20260730 02:05:11,02:05:11,15,,1785348303,0.001798315,1.798315147,2.79398273,392.0961417,278.08818,27.98518154,39.45828156,0.048462733,1.380967346,0.047537354,0.029792516,287.4293822,34.97660068,33.31086667,5.141025656,29.57244379,1.458918821,4.93337254,3.682106835,-79.30569796,-54.60810793,-9.051319858,144.4642564,2.473921334,1.695588309,2.79398273,401.4438289,397.6169879,-0.041545255,60.85477865,1.798315147,12.03146862,14.53467394,0.006795981,69.65,60,14,1.004779983,0.477998342,25224.68959,1499.998,1261.213201,0.840809922,0.191619844,6,0.5,0: Broadleaf,2,TRUE,1785348303,392.1626,396.6588,14.49724667,12.10624,405.4549333,15.52952667,417.2988667,100.5342,0.100000047,32.57738667,33.31086667,999.9,0,0,5005.792,0,40.99053333,-4.496087333,397.9316,401.5196667,2.391024667,396.6588,12.10624,1.45747,1.217090667,12.52910667,9.811202667,1499.998,0.973002467,0.02699754,0,2.061966667,0,16619.84,12843.88,42.75,44.6954,43.77893333,43.25,42.88326667,1459.500667,40.496,0,1785348308,0,1785346069,01:27:49,1785346053,1785346069,4,-0.125,-0.088,-13.292,-1.032,425,14,0.07,0.13,-3.6080702,-13.11451597,1.563345806,0,2.4707945,-1.165229323,0.206113305,0,0,2,0/2,2.9921,2.75935,0.0914048,0.0906413,0.0799226,0.0651937,32181.8,23185.5,33536.3,25780.9,39481.9,32642.2,49001.2,40286.9,1.694,2.65965,0.212099,0,29.8319,999.9,50.024,32.68,24.6905,28.9129,-100,3,0.242363,0,20.2448,5.20501,11.956,4.9695,3.294,7163.4,9999,134.1,9999,4.97361,1.87293,1.87076,1.87238,1.87286,1.87378,1.87329,1.87775,0,0,0,0,11111111,oooooooo,on,on,on,on,0,100,100,-13.293,-1.0322,-13.2925,0,0,0,-1.032281818,0,0,0,-1,-1,-1,-1,37.6,37.4,0.155029,4.99756,2.64526,2.74902,2.8479,2.24976,35.2209,14.456,2,341.896,1242.32,30.8181,30.6665,30.0002,30.6155,30.5419,-1,40,10,-999.9,400,20,101.817,94.5468
92,1785348431,12195,20260730 02:07:11,02:07:11,15,,1785348423,0.001781391,1.78139126,3.94266593,393.7781658,242.7544615,24.42954518,39.62778452,0.048575911,1.379316566,0.04764516,0.029860364,287.4383267,35.01666977,33.17520667,5.102056154,29.58985774,1.462164515,4.941438136,3.63989164,-78.55935457,-42.29942204,-7.015865713,159.5636843,7.118216642,1.671295979,3.94266593,414.4827061,404.1120545,0.810581915,60.85477865,1.78139126,12.31864152,14.69502364,0.020820764,69.65,60,14,1.004789531,0.47895311,25174.6447,1500.040667,1261.24946,0.840810178,0.191620356,6,0.5,0: Broadleaf,2,TRUE,1785348423,393.8721333,404.9585333,14.52941333,12.1825,407.1645333,15.56170667,419.0303333,100.5348,0.0999938,32.60637333,33.17520667,999.9,0,0,4997.584,0,42.70542,-11.086484,399.6794,409.9532667,2.346902667,404.9585333,12.1825,1.460710667,1.224766,12.56258,9.905128,1500.040667,0.972994333,0.027005893,0,2.054053333,0,16479.7,12844.21333,42.7624,44.625,43.75826667,43.2332,42.812,1459.530667,40.51,0,1785348428,0,1785346069,01:27:49,1785346053,1785346069,4,-0.125,-0.088,-13.292,-1.032,425,14,0.07,0.13,-10.0585745,-22.67095173,3.113605754,0,2.4864525,-1.647469624,0.222634735,0,0,2,0/2,2.9938,2.75946,0.0926104,0.0925058,0.0807808,0.0679972,32133.7,23133.5,33530.8,25776,39436.7,32535.6,48993.8,40279.8,1.6976,2.65635,0.206828,0,29.8471,999.9,49.646,32.69,24.5146,28.7029,-100,3,0.247724,0,20.2444,5.20486,11.956,4.96945,3.294,7163.4,9999,134.2,9999,4.97361,1.87296,1.87079,1.87239,1.87286,1.87378,1.87326,1.87775,0,0,0,0,11111111,oooooooo,on,on,on,on,0,100,100,-13.293,-1.0323,-13.2925,0,0,0,-1.032281818,0,0,0,-1,-1,-1,-1,39.6,39.4,0.155029,4.99756,2.64526,2.75024,2.8479,2.26562,35.244,14.4385,2,343.89,1238.5,30.7913,30.7182,30.0004,30.6625,30.587,-1,40,10,-999.9,400,20,101.802,94.5295
93,1785348551,12315,20260730 02:09:11,02:09:11,15,,1785348543,0.001759323,1.759322699,2.448633859,417.8999072,315.2988803,31.73241942,42.0584276,0.049057821,1.379492987,0.048108824,0.03015175,287.42604,35.08525034,33.22884,5.117431964,31.44779474,1.559055299,4.957598177,3.558376665,-77.58613103,-41.98354863,-6.966394229,160.8899661,-1.237756549,1.912608182,2.448633859,419.9533075,420.1876,-0.659271738,60.85477865,1.759322699,12.72295801,15.3445903,-0.021800641,69.65,60,14,1.004789527,0.478952707,25174.66578,1499.976,1261.19514,0.840810213,0.191620426,6,0.5,0: Broadleaf,2,TRUE,1785348543,417.9582667,417.3395333,15.49104667,12.81009333,431.2508667,16.52334,419.3724,100.5423333,0.100013967,32.66432667,33.22884,999.9,0,0,4998.083333,0,42.29051333,0.618733267,424.5352,422.7556,2.680968,417.3395333,12.81009333,1.557507333,1.287956667,13.54447333,10.65836,1499.976,0.972993667,0.027006547,0,2.043753333,0,16344.82,12843.66667,42.8624,44.68286667,43.812,43.37913333,42.937,1459.466,40.51,0,1785348548,0,1785346069,01:27:49,1785346053,1785346069,4,-0.125,-0.088,-13.292,-1.032,425,14,0.07,0.13,-1.916323381,36.71656013,4.327975821,0,2.597837619,1.150203896,0.150287236,0,0,2,0/2,2.99462,2.75941,0.0950278,0.0938704,0.0832441,0.0690499,32045.6,23097.4,33528.3,25774.7,39322,32496.4,48990.9,40278.3,1.69905,2.65593,0.205591,0,29.8571,999.9,51.752,32.71,25.583,28.853,-100,3,0.249512,0,20.2445,5.20471,11.956,4.9695,3.294,7163.4,9999,134.2,9999,4.97367,1.87296,1.87082,1.87239,1.87286,1.87378,1.87332,1.87775,0,0,0,0,11111111,oooooooo,on,on,on,on,0,100,100,-13.292,-1.0323,-13.2925,0,0,0,-1.032281818,0,0,0,-1,-1,-1,-1,41.6,41.4,0.155029,4.99756,2.64526,2.75024,2.84912,2.27051,35.244,14.4122,2,344.775,1238.51,30.8557,30.7599,30,30.6955,30.616,-1,40,10,-999.9,400,20,101.795,94.5257
94,1785348671,12435,20260730 02:11:11,02:11:11,15,,1785348663,0.001362394,1.362393594,2.229379082,431.6774028,313.9802132,31.59888921,43.44390459,0.037694918,1.379366077,0.037131856,0.023257298,287.42642,35.22515382,33.25,5.123509274,31.44540539,1.553458361,4.940175971,3.570050913,-60.08155749,-48.20001909,-7.997020119,171.1478233,5.501042246,1.245869223,2.229379082,448.2845179,442.2043515,0.494893038,60.85477865,1.362393594,13.7123751,15.53540061,0.014870933,69.65,60,14,1.004789224,0.478922358,25176.2535,1499.978,1261.19682,0.840810212,0.191620424,6,0.5,0: Broadleaf,2,TRUE,1785348663,431.7305333,440.3414667,15.43583333,13.68764,445.0228667,16.46810667,418.9582,100.5397333,0.10001364,32.60184,33.25,999.9,0,0,4997.584,0,35.19832667,-8.610906667,438.4991333,446.4526667,1.748189333,440.3414667,13.68764,1.551914,1.376151333,13.48934667,11.65694,1499.978,0.972993333,0.027006893,0,2.063973333,0,16210.16667,12843.68,42.812,44.625,43.75,43.38326667,42.937,1459.468,40.51,0,1785348668,0,1785346069,01:27:49,1785346053,1785346069,4,-0.125,-0.088,-13.292,-1.032,425,14,0.07,0.13,-8.858685238,11.27804104,3.435212684,0,1.762184286,-0.017181039,0.102693954,1,1,2,1/2,2.99409,2.75933,0.0986776,0.0981768,0.0840616,0.0720028,31922,22990.5,33534,25777.6,39291.9,32395.8,48999,40283.2,1.69713,2.65727,0.226319,0,29.58,999.9,53.589,32.72,26.5087,29.183,-100,3,0.244474,0,20.2445,5.20336,11.956,4.9696,3.294,7163.4,9999,134.2,9999,4.97364,1.873,1.87079,1.87238,1.87286,1.87378,1.87331,1.87775,0,0,0,0,11111111,oooooooo,on,on,on,on,0,100,100,-13.293,-1.0323,-13.2925,0,0,0,-1.032281818,0,0,0,-1,-1,-1,-1,43.6,43.4,0.155029,4.99756,2.64526,2.75024,2.8479,2.23145,35.2671,14.3772,2,343.699,1239.95,30.8483,30.7169,29.9999,30.6692,30.592,-1,40,10,-999.9,400,20,101.812,94.5368
95,1785348791,12555,20260730 02:13:11,02:13:11,15,,1785348783,0.001559537,1.559537327,2.864387922,424.4411201,295.1687367,29.70459162,42.71404308,0.043026084,1.37890784,0.042293921,0.026498445,287.4327533,35.03834122,33.15430667,5.096075354,30.65568351,1.506985383,4.915843362,3.589089971,-68.7755961,-47.58185525,-7.889986992,163.185315,2.614750756,1.378162429,2.864387922,430.9242742,429.6865697,-0.508408879,60.85477865,1.559537327,12.66924658,14.94957818,-0.011405323,69.65,60,14,1.004790344,0.479034387,25170.39374,1500.011333,1261.22482,0.840810194,0.191620388,6,0.5,0: Broadleaf,2,TRUE,1785348783,424.5094,429.0846,14.97462,13.03541333,437.8015333,16.00687333,417.9919333,100.536,0.099968253,32.51424667,33.15430667,999.9,0,0,4995.5,0,34.95658667,-4.5753884,430.9628,434.7532,1.939208,429.0846,13.03541333,1.505484667,1.310524667,13.02392,10.91670667,1500.011333,0.972992667,0.027007607,0,2.016826667,0,16067.68667,12843.96,42.729,44.4958,43.687,43.26653333,42.812,1459.501333,40.51,0,1785348788,0,1785346069,01:27:49,1785346053,1785346069,4,-0.125,-0.088,-13.292,-1.032,425,14,0.07,0.13,-6.154138381,44.92777278,5.570659628,0,1.845765238,2.710920779,0.311608598,0,0,2,0/2,2.99233,2.75939,0.0967564,0.0945462,0.0816138,0.0680245,31997.9,23089.7,33541.9,25784.7,39412.1,32547,49009.1,40293.1,1.6941,2.66055,0.232302,0,29.3921,999.9,51.557,32.72,25.5041,29.273,-100,3,0.235767,0,20.245,5.20231,11.956,4.96825,3.294,7163.4,9999,134.2,9999,4.97362,1.87294,1.87075,1.87238,1.87286,1.87378,1.87329,1.87775,0,0,0,0,11111111,oooooooo,on,on,on,on,0,100,100,-13.292,-1.0323,-13.2925,0,0,0,-1.032281818,0,0,0,-1,-1,-1,-1,45.6,45.4,0.155029,4.99756,2.64526,2.74902,2.8479,2.27173,35.244,14.3772,2,341.818,1243.19,30.7801,30.6196,29.9997,30.5926,30.5211,-1,40,10,-999.9,400,20,101.834,94.5611
96,1785348911,12675,20260730 02:15:11,02:15:11,15,,1785348903,0.001479923,1.479922691,2.714612178,410.2547526,279.3381017,28.11018301,41.2845083,0.039954831,1.380956027,0.039323557,0.02463311,287.4306,35.18459797,33.30598667,5.139619357,29.85920195,1.47691131,4.946251787,3.662708047,-65.26459067,-50.79978582,-8.421864716,162.9443588,0.772009018,1.601337848,2.714612178,417.4108165,414.5428,-0.188953867,60.85477865,1.479922691,12.54581925,14.64233939,0.000637195,69.65,60,14,1.004780752,0.478075197,25220.65375,1500,1261.2153,0.8408102,0.1916204,6,0.5,0: Broadleaf,2,TRUE,1785348903,410.3193333,412.3727333,14.67644667,12.41442,423.6119333,15.70872667,416.4982,100.5314,0.099995567,32.62365333,33.30598667,999.9,0,0,5005.875333,0,46.89244667,-2.053323667,416.4311333,417.5566,2.262028,412.3727333,12.41442,1.475445333,1.248038667,12.71592,10.18655,1500,0.972992,0.0270083,0,2.043926667,0,15931.56,12843.86,42.67873333,44.437,43.625,43.1746,42.75413333,1459.49,40.51,0,1785348908,0,1785346069,01:27:49,1785346053,1785346069,4,-0.125,-0.088,-13.292,-1.032,425,14,0.07,0.13,-1.338855329,-18.40347709,2.138211479,0,2.285620952,-1.095353766,0.162864005,0,0,2,0/2,2.99075,2.75927,0.0942957,0.093977,0.0804395,0.0686371,32093.9,23109.4,33550.6,25790,39475,32533,49020.5,40301.3,1.69182,2.66052,0.234745,0,29.5172,999.9,51.172,32.72,25.3146,28.703,-100,3,0.226138,0,20.2447,5.20471,11.956,4.96975,3.294,7163.4,9999,134.3,9999,4.97365,1.87298,1.87077,1.87241,1.87286,1.87378,1.87332,1.87775,0,0,0,0,11111111,oooooooo,on,on,on,on,0,100,100,-13.292,-1.0323,-13.2925,0,0,0,-1.032281818,0,0,0,-1,-1,-1,-1,47.6,47.4,0.155029,4.99756,2.64526,2.75024,2.8479,2.26807,35.2209,14.3509,2,340.186,1241.27,30.7871,30.5122,29.9998,30.4945,30.4335,-1,40,10,-999.9,400,20,101.859,94.5804
97,1785349031,12795,20260730 02:17:11,02:17:11,15,,1785349023,0.001596735,1.59673487,2.808149357,404.2169105,277.9858332,27.97309922,40.67545318,0.043128014,1.380658981,0.042393326,0.026560795,287.4323733,35.1009057,33.23433333,5.119009087,29.40983684,1.452646633,4.939322312,3.666362454,-70.41600778,-47.30732831,-7.840840309,161.8681969,0.743454299,1.768248411,2.808149357,411.0399324,408.1679455,-0.212861771,60.85477865,1.59673487,11.94668949,14.31704909,-0.014619768,69.65,60,14,1.004781967,0.478196689,25214.27662,1500.009333,1261.22314,0.840810195,0.19162039,6,0.5,0: Broadleaf,2,TRUE,1785349023,404.2837333,406.3851333,14.43584,11.93068667,417.5761333,15.46811333,415.3774,100.5278,0.09998702,32.59877333,33.23433333,999.9,0,0,5004.582667,0,54.36933333,-2.101373133,410.2054,411.2920667,2.505138,406.3851333,11.93068667,1.451205333,1.199368,12.46324667,9.593548667,1500.009333,0.972993,0.02700728,0,2.03262,0,15791.91333,12843.93333,42.7038,44.5,43.62913333,43.24993333,42.812,1459.499333,40.51,0,1785349028,0,1785346069,01:27:49,1785346053,1785346069,4,-0.125,-0.088,-13.292,-1.032,425,14,0.07,0.13,-2.597054143,0.360345974,1.735917008,0,2.486601905,-0.162693506,0.092918684,0,0,2,0/2,2.9905,2.75956,0.0932408,0.0926867,0.0790819,0.0662224,32135.3,23145.3,33554.6,25793.1,39541.6,32623.8,49025.9,40305.6,1.69188,2.66408,0.221565,0,29.6147,999.9,49.853,32.74,24.6912,28.823,-100,3,0.221562,0,20.2449,5.20471,11.956,4.9698,3.29402,7163.4,9999,134.3,9999,4.97368,1.87299,1.87083,1.87239,1.87286,1.87378,1.87332,1.87775,0,0,0,0,11111111,oooooooo,on,on,on,on,0,100,100,-13.293,-1.0323,-13.2925,0,0,0,-1.032281818,0,0,0,-1,-1,-1,-1,49.6,49.4,0.155029,4.99756,2.64526,2.75024,2.8479,2.23633,35.244,14.3247,2,339.85,1245.04,30.8027,30.4489,30.0001,30.429,30.3698,-1,40,10,-999.9,400,20,101.87,94.5911
98,1785349151,12915,20260730 02:19:11,02:19:11,15,,1785349143,0.001348544,1.348544076,3.225681168,402.8124566,237.7817063,23.92659256,40.5326788,0.035899253,1.381009729,0.035388765,0.022163239,287.4318667,35.29075281,33.38099333,5.161271473,29.30732238,1.452850351,4.957294742,3.708421122,-59.47079376,-53.43888642,-8.864023743,165.6581627,0.997221656,1.54266157,3.225681168,410.8431298,406.5996121,-0.082197361,60.85477865,1.348544076,12.68516119,14.48885515,0.017656156,69.65,61,15,1.004861097,0.48610966,25219.2178,1500.006667,1261.2209,0.840810196,0.191620393,6,0.5,0: Broadleaf,2,TRUE,1785349143,402.8892,405.2218,14.43838,12.25174667,416.1814667,15.47068,415.1382667,100.5242,0.099994067,32.66324,33.38099333,999.9,0,0,5006.5,0,66.89470667,-2.332754067,408.7916,410.2496,2.186624,405.2218,12.25174667,1.451404,1.231596,12.46550667,9.982692667,1500.006667,0.972993,0.02700726,0,2.03988,0,15659.67333,12843.92,42.729,44.5788,43.687,43.29133333,42.8288,1459.496667,40.51,0,1785349148,0,1785346069,01:27:49,1785346053,1785346069,4,-0.125,-0.088,-13.292,-1.032,425,14,0.07,0.13,0.38261645,-46.2972494,4.87568029,0,2.395405,-4.02755188,0.415520904,0,0,2,0/2,2.98999,2.75943,0.0930994,0.0940931,0.0799633,0.0699769,32141.8,23109.3,33555.9,25792.8,39502.9,32489.4,49027.9,40305.4,1.691,2.6654,0.226922,0,29.6875,999.9,51.111,32.75,25.3285,29.273,-100,3,0.21968,0,20.2445,5.20471,11.956,4.96965,3.294,7163.4,9999,134.3,9999,4.97361,1.87297,1.87081,1.87237,1.87286,1.87377,1.87332,1.87775,0,0,0,0,11111111,oooooooo,on,on,on,on,0,100,100,-13.292,-1.0323,-13.2925,0,0,0,-1.032281818,0,0,0,-1,-1,-1,-1,51.6,51.4,0.155029,4.99756,2.64526,2.75024,2.8479,2.26807,35.2902,14.3247,2,339.219,1246.19,30.8201,30.4199,30.0001,30.3903,30.3337,-1,40,10,-999.9,400,20,101.875,94.5903
99,1785349271,13035,20260730 02:21:11,02:21:11,15,,1785349263,0.001545115,1.545115232,3.209642329,408.1295234,261.9321033,26.35671849,41.06772259,0.041372767,1.380791787,0.040696222,0.025495002,287.4266733,35.30696829,33.47952667,5.189835571,29.98803834,1.496358233,4.989850341,3.693477338,-68.13958174,-52.11085787,-8.654209541,158.5220242,4.06642489,1.640350635,3.209642329,423.1427146,415.9976061,0.423343792,60.85477865,1.545115232,12.75893309,14.88444242,0.01097997,69.65,60,14,1.004784052,0.478405155,25203.34177,1499.979333,1261.19794,0.840810211,0.191620422,6,0.5,0: Broadleaf,2,TRUE,1785349263,408.2059333,415.0178,14.87075333,12.54824667,421.4983333,15.90303333,415.4512667,100.5242667,0.09997204,32.7795,33.47952667,999.9,0,0,5005.416667,0,50.72425333,-6.811910667,414.368,420.2923333,2.322510667,415.0178,12.54824667,1.494870667,1.261401333,12.91566,10.34376,1499.979333,0.972993667,0.027006573,0,2.095946667,0,15516.91333,12843.68667,42.8372,44.7374,43.7872,43.4454,42.9454,1459.469333,40.51,0,1785349268,0,1785346069,01:27:49,1785346053,1785346069,4,-0.125,-0.088,-13.292,-1.032,425,14,0.07,0.13,-3.515008619,-53.31091675,5.794882848,0,2.503270476,-3.381023377,0.414042611,0,0,2,0/2,2.99005,2.7594,0.0945952,0.0948569,0.0814838,0.0690066,32085.4,23087.9,33552.4,25790.7,39429.6,32521.7,49023.4,40302.4,1.6912,2.66377,0.222608,0,29.8717,999.9,51.52,32.78,25.575,29.063,-100,3,0.222124,0,20.2446,5.20471,11.956,4.9693,3.294,7163.4,9999,134.4,9999,4.97363,1.87299,1.87077,1.87238,1.87286,1.87376,1.8733,1.87775,0,0,0,0,11111111,oooooooo,on,on,on,on,0,100,100,-13.292,-1.0322,-13.2925,0,0,0,-1.032281818,0,0,0,-1,-1,-1,-1,53.6,53.4,0.155029,4.99756,2.64526,2.74902,2.8479,2.2522,35.3133,14.3159,2,339.344,1243.72,30.8802,30.4399,30.0002,30.3956,30.3286,-1,40,10,-999.9,400,20,101.865,94.5829
100,1785349391,13155,20260730 02:23:11,02:23:11,15,,1785349383,0.00168302,1.68302031,2.898148496,388.3048344,262.2465736,26.38929611,39.07426174,0.044401818,1.380188323,0.043623252,0.027333346,287.4327533,35.19287249,33.39595333,5.165599443,28.33220031,1.410146352,4.977186159,3.755453091,-74.22119568,-49.22880444,-8.173993991,155.8087592,5.745508241,1.501341498,2.898148496,403.3961973,396.9250909,0.386914058,60.85477865,1.68302031,11.92787455,14.18523455,0.020676009,69.65,60,14,1.004786689,0.478668896,25189.52112,1500.011333,1261.22482,0.840810194,0.191620388,6,0.5,0: Broadleaf,2,TRUE,1785349383,388.3738667,397.467,14.01348667,11.88762,401.6662,15.04578,415.7787333,100.5278,0.10000134,32.73435333,33.39595333,999.9,0,0,5002.250667,0,42.99341333,-9.092978667,393.894,402.2486,2.125866667,397.467,11.88762,1.408747333,1.195040667,12.01155333,9.539808,1500.011333,0.972993,0.02700726,0,2.026346667,0,15378.02,12843.95333,42.875,44.7624,43.875,43.433,42.9916,1459.501333,40.51,0,1785349388,0,1785346069,01:27:49,1785346053,1785346069,4,-0.125,-0.088,-13.292,-1.032,425,14,0.07,0.13,-9.2351515,2.76595985,0.778093946,0,2.0118115,1.774861805,0.198743789,0,0,2,0/2,2.99037,2.75942,0.0913944,0.0910343,0.0786356,0.065576,32195.5,23184.2,33549.2,25789.6,39556,32642.2,49018.9,40300.4,1.6921,2.66182,0.21337,0,29.9364,999.9,48.73,32.791,24.2043,29.123,-100,3,0.225889,0,20.2446,5.20411,11.956,4.9695,3.294,7163.4,9999,134.4,9999,4.97363,1.87293,1.87078,1.87239,1.87286,1.87378,1.87329,1.87775,0,0,0,0,11111111,oooooooo,on,on,on,on,0,100,100,-13.293,-1.0323,-13.2925,0,0,0,-1.032281818,0,0,0,-1,-1,-1,-1,55.6,55.4,0.155029,4.99756,2.64526,2.74902,2.8479,2.22046,35.3827,14.2721,2,339.904,1241.32,30.8983,30.473,30.0002,30.4193,30.3491,-1,40,10,-999.9,400,20,101.855,94.5786
101,1785349511,13275,20260730 02:25:11,02:25:11,15,,1785349503,0.002076879,2.076878877,2.830759409,382.9233331,278.2627354,28.00183649,38.53392925,0.054785238,1.380564524,0.053605487,0.03360731,287.4300456,35.00057108,33.44659333,5.180273176,28.29752632,1.409099959,4.97958706,3.771173217,-91.59035849,-52.37369874,-8.696329548,134.7696588,1.734442261,2.195761432,2.830759409,390.198043,387.1434303,-0.18522875,60.85477865,2.076878877,10.6650808,13.80946667,-0.029072381,69.65,60,14,1.004784776,0.478477629,25199.54245,1500.000667,1261.215519,0.840809973,0.191619945,6,0.5,0: Broadleaf,2,TRUE,1785349503,382.9907333,386.6908,14.00265333,10.89724667,396.2831333,15.03494,416.2853333,100.5309333,0.09999178,32.74292,33.44659333,999.9,0,0,5003.958667,0,31.47659333,-3.700237333,388.4297333,390.9512667,3.105388,386.6908,10.89724667,1.4077,1.095511333,12.00042667,8.250906667,1500.000667,0.9729992,0.02700094,0,2.025113333,0,15241.59333,12843.89333,42.93286667,44.812,43.937,43.41633333,43.01653333,1459.502667,40.49866667,0,1785349508,0,1785346069,01:27:49,1785346053,1785346069,4,-0.125,-0.088,-13.292,-1.032,425,14,0.07,0.13,-3.350405238,-5.636938442,0.783799709,0,3.108777619,0.255226753,0.119214075,0,0,2,0/2,2.9912,2.75952,0.0896848,0.0891293,0.0768844,0.0610827,32249.2,23229.4,33542.6,25786.3,39628.1,32797.9,49009.9,40295.1,1.69435,2.66022,0.206247,0,30.077,999.9,46.911,32.811,23.3257,28.823,-100,3,0.232688,0,20.2442,5.20501,11.956,4.96945,3.294,7163.4,9999,134.5,9999,4.97363,1.87292,1.87077,1.87235,1.87286,1.87378,1.87332,1.87775,0,0,0,0,11111111,oooooooo,on,on,on,on,0,100,100,-13.293,-1.0323,-13.2925,0,0,0,-1.032281818,0,0,0,-1,-1,-1,-1,57.6,57.4,0.155029,4.99756,2.64526,2.75024,2.8479,2.29126,35.4059,14.2721,2,341.273,1240.02,30.9379,30.5431,30.0004,30.4725,30.3965,-1,40,10,-999.9,400,20,101.836,94.5664
102,1785349632,13395.9,20260730 02:27:12,02:27:12,15,,1785349624,0.001796881,1.796880913,2.858397042,389.555854,272.9656005,27.47058721,39.2039438,0.048181317,1.379932688,0.047265873,0.029621971,287.4229589,35.01440714,33.2714,5.129661899,28.8963407,1.428437201,4.943315197,3.701224698,-79.24244825,-48.97319118,-8.123264789,151.0840547,1.696021856,1.764818122,2.858397042,398.0736307,394.3309091,-0.07513435,60.85477865,1.796880913,11.7426096,14.24461091,0.008564173,69.65,60,14,1.004786262,0.478626189,25191.75803,1499.964,1261.184659,0.840809952,0.191619905,6,0.5,0: Broadleaf,2,TRUE,1785349624,389.6239333,393.0556667,14.19388,11.69275333,402.9163333,15.22616,415.3396667,100.5375333,0.100009133,32.61311333,33.2714,999.9,0,0,5000.5,0,77.19002,-3.431672,395.2338667,397.7058667,2.501141333,393.0556667,11.69275333,1.427016,1.175558667,12.20778,9.295254,1499.964,0.973002533,0.026997447,0,1.9376,0,15115.68667,12843.58667,42.9122,44.75,43.92873333,43.3498,43,1459.468,40.49666667,0,1785349630,0,1785346069,01:27:49,1785346053,1785346069,4,-0.125,-0.088,-13.292,-1.032,425,14,0.07,0.13,-3.132038095,-7.538632208,0.917375852,0,2.602854286,-1.390763377,0.181049042,0,0,2,0/2,2.99065,2.75943,0.0908689,0.0899771,0.0787994,0.0637522,32201.5,23203.1,33536.8,25781.4,39534.5,32695.3,49002.6,40287.8,1.69205,2.66162,0.210963,0,29.8229,999.9,48.041,32.831,23.9143,29.403,-100,3,0.23859,0,20.2444,5.20471,11.956,4.9694,3.294,7163.4,9999,134.5,9999,4.97363,1.87296,1.87076,1.87237,1.87286,1.87376,1.87331,1.87775,0,0,0,0,11111111,oooooooo,on,on,on,on,0,100,100,-13.292,-1.0323,-13.2925,0,0,0,-1.032281818,0,0,0,-1,-1,-1,-1,59.6,59.4,0.155029,4.99756,2.64526,2.75024,2.8479,2.24609,35.4059,14.2546,2,340.521,1243.26,30.901,30.6088,30.0001,30.5358,30.4521,-1,40,10,-999.9,400,20,101.82,94.5487
103,1785349752,13515.9,20260730 02:29:12,02:29:12,15,,1785349744,0.002026471,2.026471023,2.775068411,384.0633757,279.8270461,28.1598527,38.64947381,0.053904576,1.379046665,0.052760794,0.033076239,287.42774,34.88183536,33.2668,5.12833883,28.11167731,1.388306228,4.938539286,3.740032602,-89.36737209,-49.87505138,-8.277290561,139.908026,1.63146133,2.132564272,2.775068411,391.228315,388.2269697,-0.179599985,60.85477865,2.026471023,10.61376043,13.64184303,-0.02279255,69.65,60,14,1.004790843,0.479084308,25167.78347,1499.99,1261.20642,0.840809885,0.191619771,6,0.5,0: Broadleaf,2,TRUE,1785349744,384.1295333,387.6462,13.79572667,10.78274667,397.4219333,14.82801333,416.7918667,100.5330667,0.09999614,32.59596,33.2668,999.9,0,0,4996.333333,0,52.3164,-3.516783333,389.5030667,391.8718,3.012988667,387.6462,10.78274667,1.386929333,1.084022667,11.77519333,8.096198667,1499.99,0.9730054,0.026994507,0,2.1232,0,14989.66,12843.82667,42.812,44.687,43.854,43.2038,42.875,1459.496,40.494,0,1785349750,0,1785346069,01:27:49,1785346053,1785346069,4,-0.125,-0.088,-13.292,-1.032,425,14,0.07,0.13,-3.276980476,-3.38541039,0.467604797,0,2.977002381,0.81168,0.09612191,0,0,2,0/2,2.99154,2.75942,0.0898511,0.0891208,0.076144,0.0598706,32235.2,23224.7,33534.6,25781.4,39653,32833.6,48999.5,40287.4,1.69435,2.65928,0.214182,0,29.79,999.9,46.142,32.831,22.9693,29.433,-100,3,0.240907,0,20.2445,5.20426,11.956,4.96935,3.294,7163.4,9999,134.5,9999,4.97363,1.87298,1.87075,1.87238,1.87286,1.87376,1.8733,1.87775,0,0,0,0,11111111,oooooooo,on,on,on,on,0,100,100,-13.293,-1.0323,-13.2925,0,0,0,-1.032281818,0,0,0,-1,-1,-1,-1,61.6,61.4,0.155029,4.99756,2.64526,2.74902,2.8479,2.26807,35.4059,14.2371,2,341.801,1240.64,30.8237,30.6399,30.0003,30.5679,30.489,-1,40,10,-999.9,400,20,101.813,94.5482
104,1785349872,13635.9,20260730 02:31:12,02:31:12,15,,1785349864,0.001764537,1.764536846,2.245189746,399.8837879,300.8779022,30.27950685,40.24318107,0.047024817,1.379181017,0.046151897,0.028922014,287.4301333,35.17407298,33.49979333,5.195727751,29.61132547,1.475574025,4.983140746,3.720153726,-77.81607492,-55.33454967,-9.200148044,145.0793607,2.245744691,1.789957513,2.245189746,407.5503548,405.3397636,-0.182438289,60.85477865,1.764536846,11.89329074,14.54024909,-0.023255126,69.65,60,14,1.004792647,0.479264694,25158.35592,1500.001333,1261.21606,0.840809959,0.191619919,6,0.5,0: Broadleaf,2,TRUE,1785349864,399.9373333,404.1695333,14.66231333,12.14503333,413.2297333,15.69458667,418.3503333,100.5372,0.099990813,32.75559333,33.49979333,999.9,0,0,4996.793333,0,32.54517333,-4.23219,405.8886667,409.1388,2.517270667,404.1695333,12.14503333,1.474106667,1.221028,12.7021,9.857928667,1500.001333,0.9729992,0.027000913,0,1.955,0,14851.92,12843.92,42.875,44.75,43.875,43.31633333,42.937,1459.503333,40.498,0,1785349870,0,1785346069,01:27:49,1785346053,1785346069,4,-0.125,-0.088,-13.292,-1.032,425,14,0.07,0.13,-5.419356667,21.96198234,2.474634549,0,2.400762381,2.323425974,0.255290769,0,0,2,0/2,2.99327,2.75946,0.0926616,0.0918427,0.079905,0.065657,32131.8,23151.5,33530.7,25777.2,39477.4,32621.7,48994.5,40282.3,1.69725,2.65702,0.219241,0,29.9588,999.9,49.164,32.851,24.4994,28.953,-100,3,0.24466,0,20.2446,5.20486,11.956,4.96965,3.294,7163.4,9999,134.6,9999,4.9736,1.87295,1.87077,1.87239,1.87286,1.87376,1.87329,1.87775,0,0,0,0,11111111,oooooooo,on,on,on,on,0,100,100,-13.293,-1.0323,-13.2925,0,0,0,-1.032281818,0,0,0,-1,-1,-1,-1,63.6,63.4,0.155029,4.99756,2.64526,2.75024,2.8479,2.21191,35.4059,14.2108,2,343.49,1238.46,30.8745,30.6934,30.0001,30.6209,30.5392,-1,40,10,-999.9,400,20,101.802,94.5349
105,1785349992,13755.9,20260730 02:33:12,02:33:12,15,,1785349984,0.001383372,1.383371542,3.325831946,398.8295293,229.0879368,23.05473434,40.13702762,0.035881693,1.379440126,0.035371129,0.022152222,287.4382,35.53427891,33.73542,5.264660378,29.02912371,1.460232202,5.030231765,3.804428176,-61.00668499,-60.43372557,-10.06591545,155.931874,8.440453233,1.174580853,3.325831946,420.8276389,410.8623333,0.893792556,60.85477865,1.383371542,12.89468262,14.69818545,0.022918729,69.65,60,14,1.004793849,0.479384878,25152.07873,1500.04,1261.2489,0.840810178,0.191620357,6,0.5,0: Broadleaf,2,TRUE,1785349984,398.9088667,411.6240667,14.50988667,12.85834667,412.2013333,15.54216667,418.4944667,100.5370667,0.099984167,32.92279333,33.73542,999.9,0,0,4998.083333,0,30.95117333,-12.71529933,404.7827333,416.9860667,1.651536667,411.6240667,12.85834667,1.458781333,1.292742,12.54220667,10.71414667,1500.04,0.972994,0.02700622,0,2.142053333,0,14703.33333,12844.22,42.9874,44.8708,43.9454,43.4288,43.062,1459.53,40.51,0,1785349990,0,1785346069,01:27:49,1785346053,1785346069,4,-0.125,-0.088,-13.292,-1.032,425,14,0.07,0.13,-12.12665667,-0.977311948,2.275213133,0,1.706215238,-0.452410909,0.129208213,0,0,2,0/2,2.99314,2.75944,0.0937091,0.0937427,0.0807521,0.0709849,32090.1,23098.6,33526.2,25772.4,39433.7,32425.3,48988.3,40276.1,1.69585,2.65488,0.218399,0,30.209,999.9,50.958,32.851,25.3915,29.253,-100,3,0.25001,0,20.2444,5.20411,11.956,4.96945,3.294,7163.4,9999,134.6,9999,4.97365,1.87298,1.87082,1.87238,1.87286,1.87378,1.8733,1.87775,0,0,0,0,11111111,oooooooo,on,on,on,on,0,100,100,-13.293,-1.0323,-13.2925,0,0,0,-1.032281818,0,0,0,-1,-1,-1,-1,65.6,65.4,0.155029,4.99756,2.64526,2.75024,2.8479,2.27783,35.4291,14.2196,2,343.156,1236.73,30.976,30.7582,30.0004,30.6824,30.6035,-1,40,10,-999.9,400,20,101.789,94.5192
106,1785350112,13875.9,20260730 02:35:12,02:35:12,15,,1785350104,0.001359705,1.35970457,3.189743205,409.7299678,244.9623009,24.6524297,41.23426009,0.035731144,1.379294727,0.035224771,0.022060379,287.4414933,35.52706989,33.62414,5.232006909,29.39074984,1.476795082,5.024693451,3.755211827,-59.96297152,-53.60948576,-8.92447798,164.9445581,4.408075487,1.408258266,3.189743205,423.5063041,417.1713212,0.299267122,60.85477865,1.35970457,12.76031213,14.67597091,2.75623E-05,69.65,60,14,1.004794347,0.479434737,25149.47547,1500.057333,1261.26346,0.840810169,0.191620338,6,0.5,0: Broadleaf,2,TRUE,1785350104,409.8060667,416.9048,14.67438,12.69973333,423.0987333,15.70666,419.5809333,100.5376667,0.09998088,32.9032,33.62414,999.9,0,0,4997.333333,0,44.35417333,-7.09863,415.9092667,422.2677333,1.974642667,416.9048,12.69973333,1.475326,1.276801333,12.71482667,10.52826667,1500.057333,0.972995333,0.027004847,0,2.110306667,0,14574.44,12844.37333,43.125,45,44.062,43.69126667,43.1912,1459.547333,40.51,0,1785350110,0,1785346069,01:27:49,1785346053,1785346069,4,-0.125,-0.088,-13.292,-1.032,425,14,0.07,0.13,-5.897667143,-30.3169239,3.405442282,0,1.97532619,-0.242755325,0.068720613,0,0,2,0/2,2.99398,2.75939,0.0948137,0.0960308,0.0805773,0.0701361,32044.2,23036.2,33519.5,25768.2,39434.7,32449.9,48979.7,40269.8,1.69713,2.65342,0.214897,0,30.1377,999.9,50.983,32.861,25.4203,29.223,-100,3,0.257055,0,20.2445,5.20471,11.956,4.96955,3.294,7163.4,9999,134.6,9999,4.97368,1.87294,1.87075,1.87238,1.87286,1.87377,1.87331,1.87775,0,0,0,0,11111111,oooooooo,on,on,on,on,0,100,100,-13.293,-1.0323,-13.2925,0,0,0,-1.032281818,0,0,0,-1,-1,-1,-1,67.6,67.4,0.155029,4.99756,2.64526,2.75024,2.8479,2.2644,35.4754,14.2108,2,344.202,1236.16,31.0458,30.8458,30.0002,30.76,30.6752,-1,40,10,-999.9,400,20,101.77,94.5041
107,1785350232,13995.9,20260730 02:37:12,02:37:12,15,,1785350224,0.001522242,1.522241746,2.825744555,385.3388088,245.6763214,24.7235211,38.77838985,0.038375044,1.37964175,0.037791765,0.02367152,287.4257933,35.45947903,33.71336,5.258173148,26.59435318,1.337477852,5.02917985,3.920695297,-67.130861,-59.07844338,-9.837497197,151.3789918,3.137531331,1.539803588,2.825744555,395.8312707,391.0984667,0.115031322,60.85477865,1.522241746,11.28077675,13.35022788,0.011094461,69.65,60,14,1.004792659,0.479265866,25158.29469,1499.975333,1261.19452,0.840810173,0.191620347,6,0.5,0: Broadleaf,2,TRUE,1785350224,385.4062,390.7059333,13.29044667,11.13406,398.6985333,14.32273333,420.7022,100.5345333,0.0999965,32.91907333,33.71336,999.9,0,0,4999.208,0,28.84062,-5.299764667,390.5974667,395.1052667,2.156384667,390.7059333,11.13406,1.336148,1.119358667,11.21173333,8.569159333,1499.975333,0.9729942,0.027006033,0,2.062866667,0,14437.24,12843.65333,43.125,45.02893333,44.125,43.6622,43.187,1459.467333,40.508,0,1785350230,0,1785346069,01:27:49,1785346053,1785346069,4,-0.125,-0.088,-13.292,-1.032,425,14,0.07,0.13,-5.073048095,-6.435892208,0.775148471,0,2.211447619,-1.231448571,0.132691005,0,0,2,0/2,2.9953,2.75937,0.0903691,0.0899801,0.07504,0.0637456,32200.1,23191.3,33518.5,25769.6,39684.4,32678.5,48978.1,40271.5,1.69998,2.65462,0.218444,0,30.1616,999.9,47.235,32.891,23.5915,29.463,-100,3,0.259822,0,20.2445,5.20486,11.956,4.96935,3.294,7163.4,9999,134.6,9999,4.97363,1.87293,1.87079,1.8724,1.87286,1.87376,1.87329,1.87775,0,0,0,0,11111111,oooooooo,on,on,on,on,0,100,100,-13.292,-1.0323,-13.2925,0,0,0,-1.032281818,0,0,0,-1,-1,-1,-1,69.6,69.4,0.155029,4.99756,2.64526,2.74902,2.8479,2.23633,35.5218,14.1758,2,345.825,1238.93,31.0754,30.883,30.0004,30.8035,30.7238,-1,40,10,-999.9,400,20,101.767,94.5086
108,1785350352,14115.9,20260730 02:39:12,02:39:12,15,,1785350344,0.001710693,1.71069281,2.6767485,389.0269105,270.4154089,27.21405078,39.15086844,0.044385138,1.378784946,0.043606375,0.027322815,287.4358667,35.31106553,33.65188667,5.240132228,28.37653327,1.422765579,5.01388089,3.817366649,-75.44155291,-58.49961794,-9.741647416,143.7530484,4.068538085,1.666082288,2.6767485,401.4642165,396.3234667,0.222171036,60.85477865,1.71069281,11.67210538,14.11504424,-0.005191779,69.65,59,14,1.004716243,0.471624258,25137.91745,1500.030667,1261.24078,0.840809997,0.191619994,6,0.5,0: Broadleaf,2,TRUE,1785350344,389.0908,395.8006,14.13746667,11.80258667,402.3832,15.16975333,420.0748667,100.538,0.099944007,32.86489333,33.65188667,999.9,0,0,4994.792,0,29.50972667,-6.709853333,394.6703333,400.5280667,2.334865333,395.8006,11.80258667,1.421354667,1.18661,12.14738,9.433812,1500.030667,0.9730004,0.02699968,0,2.096673333,0,14297.14,12844.14667,43.125,45.04546667,44.187,43.55786667,43.25,1459.53,40.50066667,0,1785350350,0,1785346069,01:27:49,1785346053,1785346069,4,-0.125,-0.088,-13.292,-1.032,425,14,0.07,0.13,-6.339245714,-1.329197143,1.185789562,0,2.324225238,0.702131688,0.113138405,0,0,2,0/2,2.99441,2.75947,0.0911587,0.0901705,0.0781201,0.0632836,32163.8,23181.1,33510,25764,39535.1,32687.3,48966.9,40263.2,1.69767,2.65355,0.209972,0,30.2074,999.9,48.01,32.921,24.0169,28.983,-100,3,0.267497,0,20.2445,5.20276,11.956,4.9692,3.294,7163.4,9999,134.7,9999,4.97365,1.87298,1.87077,1.87236,1.87286,1.87377,1.8733,1.87775,0,0,0,0,11111111,oooooooo,on,on,on,on,0,100,100,-13.292,-1.0323,-13.2925,0,0,0,-1.032281818,0,0,0,-1,-1,-1,-1,71.6,71.4,0.155029,4.99756,2.64526,2.74902,2.8479,2.23755,35.5451,14.1846,2,345.151,1238.95,31.1077,30.9605,30.0004,30.8828,30.7971,-1,40,10,-999.9,400,20,101.743,94.4888
109,1785350472,14235.9,20260730 02:41:12,02:41:12,15,,1785350464,0.001789256,1.789255961,2.784360026,386.7238333,268.4917478,27.02143756,38.92050316,0.046340765,1.378812175,0.045492587,0.028507779,287.4329645,35.16555525,33.50592,5.197510117,27.45367512,1.368323788,4.984118817,3.829186329,-78.90618788,-55.51599439,-9.233219966,143.7775623,3.728089246,1.698926853,2.784360026,397.2519371,392.9014545,0.058631783,60.85003769,1.789255961,11.09443974,13.61632303,-0.000809573,69.65,59,14,1.004714482,0.471448196,25147.26111,1500.016667,1261.228899,0.840809924,0.191619847,6,0.5,0: Broadleaf,2,TRUE,1785350464,386.7902667,393.0182667,13.59600667,11.21778667,400.0826667,14.62830667,420.7826667,100.5416,0.09999434,32.75908,33.50592,999.9,0,0,4994.748,0,33.42168667,-6.228038,392.1216667,397.4770667,2.378238667,393.0182667,11.21778667,1.366965333,1.127852667,11.55597333,8.681384667,1500.016667,0.9730042,0.02699578,0,2.02892,0,14180.28,12844.02667,43.062,44.937,44.125,43.40393333,43.125,1459.521333,40.49666667,0,1785350470,0,1785346069,01:27:49,1785346053,1785346069,4,-0.125,-0.088,-13.292,-1.032,425,14,0.07,0.13,-6.039250476,0.232967532,0.685335339,0,2.385902857,0.395884675,0.112256359,0,0,2,0/2,2.99551,2.75939,0.0906157,0.0900909,0.0760728,0.0628632,32179.8,23181.9,33506.9,25763,39624.5,32700,48962.9,40261.2,1.69995,2.65132,0.210665,0,30.0609,999.9,46.637,32.921,23.3311,29.193,-100,3,0.271115,0,20.245,5.20456,11.956,4.96945,3.294,7163.4,9999,134.7,9999,4.97361,1.87295,1.87077,1.8724,1.87286,1.87378,1.87329,1.87775,0,0,0,0,11111111,oooooooo,on,on,on,on,0,100,100,-13.293,-1.0323,-13.2925,0,0,0,-1.032281818,0,0,0,-1,-1,-1,-1,73.6,73.4,0.155029,4.99756,2.64526,2.74902,2.8479,2.29004,35.5451,14.1583,2,346.529,1236.8,31.0386,31.0064,30.0003,30.9319,30.848,-1,40,10,-999.9,400,20,101.734,94.4843
110,1785350592,14355.9,20260730 02:43:12,02:43:12,15,,1785350584,0.001810724,1.810723567,2.732482169,384.3804108,269.8609548,27.16057569,38.68656453,0.047206974,1.380451827,0.046328141,0.029032685,287.4220323,35.06858164,33.40845333,5.169218149,27.4787703,1.363130786,4.960668805,3.806087363,-79.85290929,-54.56192263,-9.055717211,143.9514831,2.434583652,1.789112473,2.732482169,393.0480838,389.4082424,-0.05071531,60.85003769,1.810723567,10.94078188,13.52182061,-0.0062739,69.65,59,14,1.004704334,0.470433367,25201.25478,1499.959333,1261.180719,0.840809942,0.191619883,6,0.5,0: Broadleaf,2,TRUE,1785350584,384.4454667,388.8694,13.54374,11.04594,397.7378,14.57602667,421.9322667,100.5465333,0.100022647,32.67532,33.40845333,999.9,0,0,5002.624,0,26.01358667,-4.423906667,389.7238,393.2126667,2.497801333,388.8694,11.04594,1.361777333,1.110631333,11.49853333,8.454254,1499.959333,0.9730032,0.026996753,0,2.159,0,14064.74667,12843.57333,42.9538,44.812,44.02893333,43.27066667,43,1459.464,40.496,0,1785350590,0,1785346069,01:27:49,1785346053,1785346069,4,-0.125,-0.088,-13.292,-1.032,425,14,0.07,0.13,-4.305823333,-1.57454961,0.349865936,0,2.504484286,0.265125974,0.086352757,0,0,2,0/2,2.99673,2.75944,0.0899879,0.0893169,0.0756577,0.0619817,32198.7,23199.6,33503.7,25760.9,39639.2,32728.5,48958.4,40258.3,1.70292,2.65095,0.209957,0,30.0011,999.9,46.13,32.921,23.0798,28.923,-100,3,0.274621,0,20.2446,5.20336,11.956,4.9687,3.294,7163.4,9999,134.7,9999,4.97366,1.873,1.87076,1.87239,1.87286,1.87378,1.8733,1.87775,0,0,0,0,11111111,oooooooo,on,on,on,on,0,100,100,-13.292,-1.0323,-13.2925,0,0,0,-1.032281818,0,0,0,-1,-1,-1,-1,75.6,75.4,0.155029,4.99756,2.64526,2.74902,2.8479,2.26196,35.5218,14.1495,2,348.234,1237.27,30.9618,31.0427,30.0003,30.9776,30.8955,-1,40,10,-999.9,400,20,101.724,94.4773
111,1785350712,14475.9,20260730 02:45:12,02:45:12,15,,1785350704,0.001914648,1.914647894,2.757493854,385.9648656,274.6384941,27.64152505,38.84618409,0.049550604,1.381137278,0.048583777,0.030450155,287.4257267,35.0200677,33.42612,5.174336347,26.9280119,1.336208283,4.962149778,3.838128064,-84.43597211,-55.50983527,-9.209508244,138.270411,3.365658319,1.843690407,2.757493854,395.5366379,391.6044061,-0.005586086,60.85003769,1.914647894,10.56164257,13.26498061,-0.002523018,69.65,59,14,1.004700713,0.470071285,25220.57567,1499.980667,1261.19846,0.84080981,0.191619621,6,0.5,0: Broadleaf,2,TRUE,1785350704,386.0304667,391.8068667,13.27619333,10.7012,399.3232,14.30847333,421.8854667,100.5469333,0.10001034,32.68062,33.42612,999.9,0,0,5006,0,30.92145333,-5.776379333,391.2246,396.0452,2.575007333,391.8068667,10.7012,1.33488,1.075971333,11.19742667,7.987198667,1499.980667,0.973007667,0.026992193,0,2.07054,0,13943.41333,12843.74667,42.937,44.80786667,44,43.2458,43,1459.490667,40.49,0,1785350710,0,1785346069,01:27:49,1785346053,1785346069,4,-0.125,-0.088,-13.292,-1.032,425,14,0.07,0.13,-5.643670952,1.703500519,0.858968649,0,2.574916667,0.459031169,0.100287257,0,0,2,0/2,2.99663,2.75934,0.0903918,0.0898202,0.0745265,0.0601457,32181.4,23184.9,33500.8,25759.1,39687.4,32791.3,48954.8,40255.6,1.70243,2.64652,0.207625,0,30.0453,999.9,45.489,32.932,22.7707,28.653,-100,3,0.278298,0,20.2449,5.20456,11.956,4.96925,3.294,7163.4,9999,134.8,9999,4.97365,1.87294,1.87073,1.87235,1.87286,1.87376,1.87327,1.87775,0,0,0,0,11111111,oooooooo,on,on,on,on,0,100,100,-13.293,-1.0323,-13.2925,0,0,0,-1.032281818,0,0,0,-1,-1,-1,-1,77.6,77.4,0.155029,4.99756,2.64526,2.74902,2.8479,2.24243,35.4986,14.1408,2,348.263,1231.91,30.9621,31.0915,30.0002,31.0263,30.9445,-1,40,10,-999.9,400,20,101.716,94.4709
112,1785351485,15249,20260730 02:58:05,02:58:05,15,,1785351477,0.000281384,0.281384457,-4.376964237,2259.907426,3120.54186,314.1018216,227.4736475,0.006745517,1.38037247,0.006727258,0.004206172,287.4295267,35.47608401,32.50344,4.912848611,16.93404034,0.82260075,4.857675624,4.090247862,-12.40905455,-14.89315448,-2.45653617,257.6707815,-4.830611134,0.282210474,-4.376964237,2271.997417,2278.210242,0.049645703,60.86007809,0.281384457,7.782328596,8.192727455,0.000187389,69.65,37,9,1.002941727,0.294172697,25229.29172,1500.000667,1261.21526,0.8408098,0.191619599,6,0.5,0: Broadleaf,2,TRUE,1785351477,2259.803333,2253.639333,8.172382,7.760716667,2273.096667,9.204663333,406.7523333,100.5562,0.09997952,32.30331333,32.50344,999.9,0,0,5001.75,0,2.288774,6.16486,2278.422,2271.263333,0.411666267,2253.639333,7.760716667,0.8217846,0.780388733,4.089256,3.355462667,1500.000667,0.973008333,0.02699178,0,1.97238,0,177.0308667,12843.91333,42.7038,44.687,43.687,43.458,42.8498,1459.510667,40.49,0,1785351482,0,1785346069,01:27:49,1785346053,1785346069,4,-0.125,-0.088,-13.292,-1.032,425,14,0.07,0.13,6.783738571,-13.72715143,1.580072353,0,0.415955333,-0.088295688,0.012939986,1,1,2,1/2,2.98191,2.75943,0.279961,0.280346,0.0519979,0.0471531,25582.6,18403.7,33639.5,25855.3,40927,33430.4,49139.7,40393.6,1.73365,2.68587,0.128411,0,30.407,999.9,34.91,32.72,17.2646,28.7548,-100,3,0.136138,0,20.2446,5.20501,11.955,4.96965,3.294,7163.4,9999,135,9999,4.97358,1.87289,1.87073,1.87233,1.87286,1.87378,1.87328,1.87775,0,0,0,0,11111111,oooooooo,on,on,on,on,0,100,100,-13.3,-1.0323,-13.2925,0,0,0,-1.032281818,0,0,0,-1,-1,-1,-1,90.5,90.3,0.153809,4.99756,2.64526,2.7478,2.8479,2.22534,35.0364,14.0095,2,355.01,1258.3,30.9031,29.477,29.9995,29.5401,29.5205,-1,40,10,-999.9,400,20,102.116,94.806