obs,time,elapsed,date,hhmmss,averaging,TIME,E,Emm,A,Ca,Ci,Pci,Pca,gsw,gbw,gtw,gtc,Rabs,TleafEB,TleafCnd,SVPleaf,RHcham,VPcham,SVPcham,VPDleaf,LatHFlux,SenHFlux,NetTherm,EBSum,Asty,Esty,Adyn,Crd,Csd,dCsd/dt,αVc,Edyn,Hr,Hs,dHs/dt,αVh,Leak,LeakPct,CorrFact,CorrFactPct,Fan,Qin,Qabs,alpha,convert,S,K,Geometry,Custom,UseDynamic,TIME,CO2_s,CO2_r,H2O_s,H2O_r,CO2_a,H2O_a,Flow,Pa,ΔPcham,Tair,Tleaf,Tleaf2,Offset,Offset2,Fan_speed,Qamb_in,Qamb_out,ΔCO2,CO2_s_d,CO2_r_d,ΔH2O,CO2_b,H2O_b,e_s,e_r,Td_s,Td_r,Q,f_red,f_blue,Tled,Pc,time,hhmmss,co2_t,h2o_t,count,co2_adj,h2o_adj,co2_match,h2o_match,co2_at,h2o_at,co2_cv,h2o_cv,ΔCO2:MN,ΔCO2:SLP,ΔCO2:SD,ΔCO2:OK,ΔH2O:MN,ΔH2O:SLP,ΔH2O:SD,ΔH2O:OK,Stable,Total,State,Vflow,VPchamber,abs_c_a,abs_c_b,abs_h_a,abs_h_b,Wc_s,Wc_r,Wco_s,Wco_r,Ww_s,Ww_r,Wwo_s,Wwo_r,Flow_s_v,Flow_r_v,Tleaf_mv,Tleaf2_mv,Tleaf_j,Tleaf2_j,Console_RH,Console_T,Console_H2O,Fan_%,Flow_%,Pump,Tchp_pwm,Txchg_pwm,diag_20v,diag_5_4v,diag_12v,diag_5va,diag_3_3vf,AccCO2_soda,AccH2O_des,AccH2O_hum,CO2_hrs,ADC_CH1,ADC_CH2,ADC_CH3,ADC_CH4,ADC_CH5,ADC_CH6,ADC_CH7,ADC_CH8,DAC_1,DAC_2,DAC_3,DAC_4,GPIO,GPIO_dir,excit_5v,power_12v,power_5v,ch1_pullup,AuxPower,MatchValveR,MatchValveS,MatchCO2,MatchH2O,cf_co2_a,cf_co2_b,cf_co2_c,cf_co2_d,cf_h2o_a,cf_h2o_b,cf_h2o_c,cf_h2o_d,co2_fit_low,co2_fit_high,h2o_fit_low,h2o_fit_high,co2_elapsed,h2o_elapsed,CO2_f,CO2_f_s,Pump_f,Pump_f_s,Pump_p,Pump_p_s,Tboard,V_system,DIAG,Flow_s,Flow_r,Txchg,Tirga,Tchopper,Ts,Tr,CO2_%,Desiccant_%,Humidifier_%,Txchg_sp,CO2_r_sp,H2O_r_sp,SS_s,SS_r
1,1786457999,0,20260811 10:19:58,10:19:58,15,1786457991,0.000603663,0.603662838,3.156090195,485.6989677,332.1793935,33.86594772,49.51738781,0.035657883,3.133516697,0.035433984,0.022166239,261.4491874,29.15623234,28.36077419,3.875388394,58.20031318,2.190195088,3.76320155,1.685193307,-26.62153116,-85.1951278,-5.932856178,143.6996723,2.111235892,0.589160556,3.156090195,500.8831944,494.7262303,-0.15637842,92.559456,0.603662838,20.09891473,21.51679161,-7.25144E-05,95.46317978,0,0,1,0,53703.15919,1499.994839,1273.855614,0.849239998,0.174300058,9,0.5,0: Broadleaf,2,TRUE,1786457991,485.6989677,491.4507097,21.48286774,20.09973871,488.6099677,21.26186774,375.1300968,101.8508065,0.099971913,27.85646452,28.36077419,999.9,0,0,10000.12581,688.7299677,0.218638,-5.760900129,496.3753226,501.5314194,1.427399677,491.4507097,20.09973871,2.192556452,2.047174194,18.90803226,17.81400645,1499.994839,0.691999129,0.308000839,30.20026129,28282.41613,1786458039,10:20:39,1786457938,1786458023,2,0.147,-0.003,-2.911,0.221,488,20,2.04,0.1,-5.89885835,1.398373216,2.533112127,0,1.4310985,-0.069978462,0.007671565,1,1,2,1/2,2.63574,2.71268,0.110086,0.110686,0.109882,0.105165,24995.4,24701.6,25551.7,25534.8,31424.6,31135,39261.7,38421.5,1.70405,2.15788,0.040967,0,27.7257,999.9,83.9,27.1,29.6564,62.7508,18.8902,1,0.110638,0,20.4197,5.22118,11.98,4.96905,3.295,9113.3,9999,9999,253.1,4.97,1.87519,1.8713,1.87439,1.87429,1.87231,1.87363,1.87485,0,0,0,0,11111111,oooooooo,on,on,on,on,0,100,100,-2.911,0.221,-1.712936798,-0.002774575,7.27494E-07,-2.16226E-10,-0.074493048,-0.001584374,0.000939206,-5.31953E-06,23,2146,2,22,1,1.3,0.158691,4.99756,1.4978,2.2876,1.4978,2.36938,32.0684,15.9795,3,350.431,674.124,27.4412,28.5476,30.0016,28.2516,28.2253,-1,40,10,-999.9,400,20,100.909,107.378
2,1786458183,184.5,20260811 10:23:03,10:23:03,15,1786458175,0.000496417,0.496416954,3.152480292,553.214129,355.1584338,36.21109019,56.40436721,0.027402291,3.134850238,0.027269914,0.017055536,261.4496099,29.76826147,28.93043548,4.005611972,56.65418732,2.206132204,3.894032036,1.799479769,-21.89198767,-82.32120947,-5.763360038,151.4730528,2.821520595,0.469069133,3.152480292,569.7021196,564.9197939,-0.293287282,92.56102401,0.496416954,20.54073919,21.70544965,4.36153E-05,95.48230424,0,0,1,0,53630.05188,1499.997742,1273.858008,0.849239951,0.174300002,9,0.5,0: Broadleaf,2,TRUE,1786458175,553.214129,560.6061613,21.63774839,20.5367,556.545129,21.41474839,375.1220968,101.8576129,0.099955152,28.44334516,28.93043548,999.9,0,0,10005.54645,690.8612258,0.218638,-7.130118677,565.7426452,572.3604839,1.145524839,560.6061613,20.5367,2.208500323,2.091820968,19.02410323,18.15703226,1499.997742,0.691999774,0.308000161,31,28282.48065,1786458203,10:23:23,1786458203,1786458201,3,-0.328,-0.012,-3.331,0.223,515,21,0.54,0.07,-7.825125,25.81699497,3.281939285,0,1.1425265,0.073826567,0.007477872,1,1,2,1/2,2.63505,2.71259,0.120878,0.119811,0.110379,0.106646,24657.3,24410.9,25518.6,25498.4,31370.4,31042.2,39212,38369.5,1.69753,2.14377,0.0508875,0,28.1276,999.9,84.1,27.6,30.612,61.9508,18.5176,1,0.163725,0,20.4195,5.22043,11.98,4.9689,3.29503,9113.3,9999,9999,253.1,4.96998,1.87527,1.87132,1.87439,1.87434,1.87231,1.87363,1.87485,0,0,0,0,11111111,oooooooo,on,on,on,on,0,100,100,-3.331,0.223,-1.712936798,-0.002774575,7.27494E-07,-2.16226E-10,-0.077072925,-0.001584374,0.000939206,-5.31953E-06,23,2146,2,22,4.1,2.7,0.158691,4.99756,1.4978,2.2876,1.4978,2.40234,32.7313,15.962,3,351.448,670.965,28.0597,29.2869,30.0013,29.0149,28.996,-1,40,10,-999.9,400,20,100.78,107.229
3,1786458303,304.5,20260811 10:25:03,10:25:03,15,1786458295,0.000562342,0.562342038,3.082380054,520.5262903,342.1416027,34.88129021,53.06758504,0.029958175,3.134247276,0.029799998,0.018639141,261.4495285,30.12293355,29.28359677,4.088246049,55.89608791,2.223954417,3.978729997,1.864291633,-24.79928387,-79.31944974,-5.574290852,151.756504,4.744068606,0.538963855,3.082380054,543.4031007,534.1769212,0.167410179,92.57145658,0.562342038,20.55781847,21.87664336,7.70847E-05,95.58009037,0,0,1,0,53549.85564,1499.997419,1273.857837,0.849240019,0.174299986,9,0.5,0: Broadleaf,2,TRUE,1786458295,520.5262903,532.5810323,21.81419677,20.54935484,523.5782903,21.59519677,375.1347097,101.849871,0.099994052,28.81417742,29.28359677,999.9,0,0,10003.55355,692.1210645,0.218638,-12.32767903,531.8783548,543.7549032,1.30704871,532.5810323,20.54935484,2.226070645,2.092948387,19.15117742,18.16560968,1499.997419,0.69200029,0.307999742,32,28282.48387,1786458343,10:25:42,1786458343,1786458322,4,0.245,-0.005,-3.052,0.219,508,21,0.91,0.07,-15.67368415,69.12314467,7.759184196,0,1.30665439,0.014051289,0.003392985,1,1,2,1/2,2.63489,2.71267,0.116045,0.115432,0.110903,0.106577,24773.9,24511.2,25500.8,25477.7,31331.1,31020.4,39185.4,38339.8,1.6942,2.13622,0.0539944,0,28.4276,999.9,83.6,27.9,30.9684,62.9408,18.109,1,0.195244,0,20.4208,5.21744,11.98,4.9691,3.29503,9113.3,9999,9999,253.2,4.97001,1.87528,1.87134,1.87439,1.87433,1.8724,1.87366,1.87486,0,0,0,0,11111111,oooooooo,on,on,on,on,0,100,100,-3.052,0.219,-2.040650782,-0.002774575,7.27494E-07,-2.16226E-10,-0.08901946,-0.001584374,0.000939206,-5.31953E-06,23,2146,2,22,1.7,1.7,0.158691,4.99756,1.49902,2.2876,1.4978,2.28516,33.1099,15.927,3,352.164,669.539,28.4432,29.6962,30.0014,29.4459,29.4371,-1,40,10,-999.9,400,20,100.71,107.145
4,1786458423,424.5,20260811 10:27:03,10:27:03,15,1786458415,0.000692236,0.692235704,3.325821661,488.406,325.6617895,33.20215638,49.79439685,0.035659406,3.134287342,0.035435542,0.02216721,261.4494883,30.4671113,29.63723,4.172475854,55.17286951,2.243487672,4.066287818,1.928988183,-30.52759455,-75.50960745,-5.325736195,150.0865501,-4.375534761,0.670590398,3.325821661,487.1876353,489.6815758,-1.063288069,92.63758242,0.692235704,20.4138796,22.03860485,-5.01954E-05,96.98096752,0,0,1,0,53484.19659,1499.997,1273.857418,0.849239977,0.174300007,9,0.5,0: Broadleaf,2,TRUE,1786458415,488.406,478.6940667,22.00514333,20.43167667,491.279,21.79414333,375.1274667,101.8529,0.099977013,29.19036333,29.63723,999.9,0,0,10003.439,693.2330667,0.218638,9.576372667,499.2830333,488.6785333,1.625281,478.6940667,20.43167667,2.246562667,2.081024333,19.29828667,18.07465667,1499.997,0.6919998,0.308000167,32,28282.47,1786458444,10:27:24,1786458443,1786458444,5,0.145,-0.003,-2.873,0.211,500,20,0.89,0.06,10.48139425,-27.21690743,3.424013297,0,1.61380325,0.20797227,0.02091518,0,0,2,0/2,2.63393,2.71255,0.108741,0.107273,0.111375,0.10591,24958.3,24716.1,25481.6,25457.2,31291.9,31019.8,39156.7,38310.9,1.69097,2.12847,0.0544488,0,28.7845,999.9,82.5,28.2,31.0998,62.8808,18.4054,1,0.226933,0,20.4083,5.22043,11.98,4.9683,3.295,9113.3,9999,9999,253.2,4.97,1.87529,1.87134,1.87439,1.87435,1.87238,1.87366,1.87488,0,0,0,0,11111111,oooooooo,on,on,on,on,0,100,100,-2.873,0.211,-1.795475821,-0.002774575,7.27494E-07,-2.16226E-10,-0.093700593,-0.001584374,0.000939206,-5.31953E-06,23,2146,2,22,1.3,1.7,0.157471,4.99756,1.4978,2.28638,1.4978,2.39502,33.4456,15.9445,3,352.852,667.731,28.8251,30.1031,30.0014,29.866,29.8647,-1,40,10,-999.9,400,20,100.636,107.062
5,1786458543,544.5,20260811 10:29:03,10:29:03,15,1786458535,0.000773442,0.773441525,2.895795231,479.2768387,341.9499405,34.86682357,48.86931973,0.0376531,3.1336107,0.037403546,0.023399499,261.4501699,30.85426439,30.05035161,4.272787195,53.60623669,2.231580706,4.162912459,2.041206489,-34.10877124,-76.52238214,-5.420323627,145.3986929,4.325486569,0.685958381,2.895795231,492.7382073,490.1734424,-0.452926977,92.63626869,0.773441525,20.27746627,22.00554364,0.008289694,96.92238136,0,0,1,0,53396.68476,1500.00129,1273.860734,0.849239759,0.174299963,9,0.5,0: Broadleaf,2,TRUE,1786458535,479.2768387,490.443,21.88581613,20.27612903,482.2358387,21.68181613,375.1356774,101.8646774,0.100023955,29.59739355,30.05035161,999.9,0,0,9999.193226,695.4168387,0.218638,-11.05025548,490.1456774,500.5930968,1.661989677,490.443,20.27612903,2.234719677,2.06542129,19.21336129,17.95496774,1500.00129,0.691999613,0.308000097,32,28282.52258,1786458575,10:29:35,1786458575,1786458566,6,-0.107,-0.003,-2.959,0.204,485,20,0.49,0.04,-14.5094739,80.34387052,9.057536053,0,1.637895366,0.452210383,0.050220506,0,0,2,0/2,2.63385,2.71253,0.108722,0.108487,0.111172,0.105184,24934.4,24655.4,25458.6,25430.8,31272.8,31015.3,39122,38273.4,1.68738,2.11947,0.0530556,0,29.2069,999.9,80.6,28.5,30.9132,62.7609,17.5441,1,0.265056,0,20.4091,5.21924,11.98,4.96865,3.295,9113.3,9999,9999,253.2,4.96999,1.87531,1.87134,1.87439,1.87433,1.87236,1.87364,1.87487,0,0,0,0,11111111,oooooooo,on,on,on,on,0,100,100,-2.959,0.204,-1.650099346,-0.002774575,7.27494E-07,-2.16226E-10,-0.0966425,-0.001584374,0.000939206,-5.31953E-06,23,2146,2,22,1.7,1.6,0.157471,4.99756,1.49902,2.28516,1.49902,2.36328,33.7606,15.927,3,353.539,665.137,29.2423,30.5614,30.0015,30.3243,30.3234,-1,40,10,-999.9,400,20,100.546,106.954
6,1786458663,664.5,20260811 10:31:03,10:31:03,15,1786458655,0.000819742,0.819742072,3.227464514,464.2234839,318.2739964,32.45159285,47.3327751,0.039128518,3.135302723,0.038859243,0.024311066,261.449416,31.15983328,30.34193226,4.344845896,53.39168225,2.263661908,4.239727637,2.081183988,-36.15062538,-72.14055618,-5.122617166,148.0356173,4.593090261,0.776253646,3.227464514,483.0479325,475.4764727,-0.033332136,92.63962402,0.819742072,20.38061218,22.30176848,0.000158459,97.08677395,0,0,1,0,53380.12189,1499.997419,1273.857792,0.849239989,0.174299911,9,0.5,0: Broadleaf,2,TRUE,1786458655,464.2234839,476.1074839,22.2012129,20.38021935,467.1404194,22.0232129,375.1347097,101.8611935,0.099988387,29.91514194,30.34193226,999.9,0,0,10007.26097,696.8172258,0.218638,-11.88412548,474.8053871,486.0125806,1.906799677,476.1074839,20.38021935,2.270182903,2.075953871,19.46637097,18.03586129,1499.997419,0.69200129,0.307998742,32.25134516,28282.48387,1786458682,10:31:21,1786458575,1786458682,7,-0.107,-0.016,-2.959,0.178,485,20,0.49,0.08,-12.35147366,18.72331652,4.886827404,0,1.907989756,0.084350383,0.019850522,1,1,2,1/2,2.63301,2.71268,0.106289,0.108257,0.112112,0.1055,24987.1,24645.9,25444.4,25415.6,31223.3,30987,39100.8,38251.8,1.68452,2.11293,0.0604987,0,29.3832,999.9,79.8,28.8,31.1463,62.7309,18.4495,1,0.290318,0,20.4179,5.21909,11.98,4.9682,3.29505,9113.3,9999,9999,253.3,4.97,1.87531,1.87134,1.87445,1.87437,1.87239,1.87369,1.87491,0,0,0,0,11111111,oooooooo,on,on,on,on,0,100,100,-2.919,0.178,-1.757510502,-0.002774575,7.27494E-07,-2.16226E-10,-0.099996485,-0.001584374,0.000939206,-5.31953E-06,23,2146,2,22,1.5,1.6,0.157471,4.99756,1.4978,2.28516,1.4978,2.33398,34.0545,15.9095,3,354.085,663.59,29.5922,30.916,30.001,30.6903,30.6901,-1,40,10,-999.9,400,20,100.491,106.893
7,1786458783,784.5,20260811 10:33:03,10:33:03,15,1786458775,0.000908191,0.908190601,3.068455484,461.8152667,326.783904,33.32173106,47.09070407,0.040853285,3.133294426,0.040559657,0.025375991,261.4498313,31.48134793,30.67590667,4.428680392,51.33951355,2.21988621,4.323933081,2.208794182,-40.05120549,-70.63649424,-5.035852653,145.7262789,1.765180229,0.787970876,3.068455484,471.0876302,469.5771212,-0.601721575,92.63937187,0.908190601,19.8709549,21.90807333,0.008999085,97.0739125,0,0,1,0,53273.11913,1499.999333,1273.859413,0.849239986,0.174299965,9,0.5,0: Broadleaf,2,TRUE,1786458775,461.8152667,466.9232667,21.77027,19.92095667,464.8482667,21.58427,375.1310667,101.8687333,0.099970323,30.25774667,30.67590667,999.9,0,0,9997.351333,698.5932667,0.218638,-4.986795787,472.2399,476.4142,1.897343667,466.9232667,19.92095667,2.222601667,2.029320667,19.12607667,17.67495333,1499.999333,0.692000467,0.307999533,33,28282.51333,1786458815,10:33:35,1786458815,1786458802,8,-0.111,0.008,-3.033,0.186,466,20,1.43,0.03,-12.85149584,132.5151375,13.60087052,0,1.843032,1.287262514,0.129349452,0,0,2,0/2,2.63268,2.71273,0.10516,0.103904,0.110725,0.103739,25001.4,24747.2,25428.1,25397.2,31254.2,31026.6,39076.5,38225.3,1.68088,2.10645,0.056304,0,29.7847,999.9,76.8,29.1,30.4971,63.0309,17.516,1,0.317691,0,20.4199,5.21834,11.98,4.9682,3.295,9113.3,9999,9999,253.3,4.97,1.87531,1.87134,1.87441,1.8743,1.87241,1.87369,1.87486,0,0,0,0,11111111,oooooooo,on,on,on,on,0,100,100,-3.033,0.186,-1.757510502,-0.002774575,7.27494E-07,-2.16226E-10,-0.115844165,-0.001584374,0.000939206,-5.31953E-06,23,2146,2,22,3.5,1.7,0.157471,4.99756,1.49902,2.28394,1.4978,2.30591,34.3269,15.892,3,354.093,661.854,29.9384,31.2415,30.0012,31.0316,31.0372,-1,40,10,-999.9,400,20,100.428,106.817
8,1786458903,904.5,20260811 10:35:03,10:35:03,15,1786458895,0.000958822,0.958822029,3.634164917,449.0858387,296.3467099,30.21924834,45.7944564,0.04207956,3.13616289,0.041768395,0.026133012,261.4496843,31.7976377,31.00560645,4.512820646,51.05277315,2.249587551,4.406396385,2.263233095,-42.28405148,-70.66265455,-5.049538063,143.4534402,11.12254197,0.878017881,3.634164917,490.7253945,469.0378364,1.28388813,92.6403451,0.958822029,20.06647424,22.18876848,0.012161245,97.13362004,0,0,1,0,53282.1644,1499.998065,1273.85829,0.849239955,0.174300014,9,0.5,0: Broadleaf,2,TRUE,1786458895,449.0858387,476.7166129,22.06070323,20.00066774,452.0796452,21.84870323,375.1310968,101.8726452,0.099967765,30.58767419,31.00560645,999.9,0,0,10010.06387,700.1106129,0.218638,-27.63083548,459.2349355,486.4464516,2.098725161,476.7166129,20.00066774,2.251324516,2.03752129,19.33225806,17.73880645,1499.998065,0.691999613,0.308000323,33,28282.46774,1786458930,10:35:30,1786458815,1786458930,9,-0.111,0.004,-3.033,0.212,466,21,1.43,0.04,-24.5751122,-44.2052446,8.403646491,0,2.093572195,-0.203022439,0.048191214,0,0,2,0/2,2.63235,2.71269,0.105214,0.110739,0.111613,0.104866,24982.2,24539.1,25411.5,25378.3,31203.6,30966.7,39051.4,38198.6,1.67838,2.09942,0.0542626,0,30.1441,999.9,75.9,29.4,30.663,62.0709,17.524,1,0.344624,0,20.4202,5.21759,11.9801,4.96775,3.295,9113.3,9999,9999,253.3,4.97,1.87531,1.87134,1.8744,1.87437,1.87241,1.8737,1.87493,0,0,0,0,11111111,oooooooo,on,on,on,on,0,100,100,-3.018,0.212,-1.868265615,-0.002774575,7.27494E-07,-2.16226E-10,-0.107543686,-0.001584374,0.000939206,-5.31953E-06,23,2146,2,22,1.5,1.7,0.157471,4.99756,1.49902,2.28271,1.49902,2.36816,34.6006,15.9007,3,354.597,659.451,30.2744,31.5687,30.0011,31.3623,31.3705,-1,40,10,-999.9,400,20,100.363,106.741
9,1786459023,1024.5,20260811 10:37:03,10:37:03,15,1786459015,0.000951493,0.951492985,3.384640293,478.8375484,334.8920515,34.15065529,48.82951381,0.042193008,3.131271922,0.041879685,0.02620276,261.4500254,32.06001877,31.24891935,4.575804434,52.26846182,2.3374966,4.47209755,2.238307834,-41.96084065,-67.89827531,-4.871638064,146.7192714,1.623844685,0.915941176,3.384640293,493.9384157,487.6782364,-0.204278236,92.58925644,0.951492985,20.78198244,23.01023916,0.000191077,95.8358852,0,0,1,0,53122.8946,1500,1273.86001,0.849240007,0.174300017,9,0.5,0: Broadleaf,2,TRUE,1786459015,478.8375484,483.7855806,22.92222581,20.77513871,481.9685484,22.71222581,375.1367097,101.8750968,0.10001769,30.84670968,31.24891935,999.9,0,0,9987.496452,701.5332581,0.218638,-4.877862871,490.1793226,494.0495806,2.21967129,483.7855806,20.77513871,2.342598387,2.116467742,19.97233871,18.34367742,1500,0.691999774,0.308000226,33,28282.50645,1786459053,10:37:32,1786459053,1786459048,10,-0.032,-0.01,-3.131,0.21,491,21,1.15,0.05,-6.119770707,14.79427422,3.237773188,0,2.21603,0.038642509,0.00932104,1,1,2,1/2,2.63222,2.71258,0.107969,0.108202,0.114348,0.106919,24894.2,24597.5,25401.2,25367.1,31095.2,30882.3,39035.6,38182.8,1.6765,2.09458,0.0638217,0,30.2224,999.9,76.6,29.7,31.4873,62.4909,17.7083,1,0.3625,0,20.419,5.21774,11.9809,4.968,3.295,9113.3,9999,9999,253.4,4.97001,1.87531,1.87136,1.87452,1.87439,1.87241,1.87375,1.87491,0,0,0,0,11111111,oooooooo,on,on,on,on,0,100,100,-3.131,0.21,-1.868265615,-0.002774575,7.27494E-07,-2.16226E-10,-0.103604746,-0.001584374,0.000939206,-5.31953E-06,23,2146,2,22,3.5,1.6,0.157471,4.99756,1.49902,2.28271,1.4978,2.27905,34.8525,15.8657,3,355.051,658.106,30.5645,31.831,30.0006,31.6264,31.6301,-1,40,10,-999.9,400,20,100.322,106.695
10,1786459143,1144.5,20260811 10:39:03,10:39:03,15,1786459135,0.000988084,0.988084116,3.318169973,463.2548,324.0082189,33.04165158,47.24171425,0.042873302,3.13364057,0.042550078,0.026622636,261.4500431,32.29841225,31.47741667,4.635648735,51.77916571,2.348646396,4.535890765,2.287002339,-43.57450953,-64.59396337,-4.641956715,148.6396135,-2.071234586,1.073749918,3.318169973,465.5529547,467.1399212,-0.977176113,92.59484744,0.988084116,20.49494461,22.97905944,-0.016317393,95.92941248,0,0,1,0,53134.67989,1499.999667,1273.859757,0.849240027,0.174300068,9,0.5,0: Broadleaf,2,TRUE,1786459135,463.2548,459.4790333,23.03095333,20.51423,466.2658,22.82695333,375.1379333,101.8778333,0.099985897,31.09507,31.47741667,999.9,0,0,9998.038333,702.5341,0.218638,3.729528,474.1635333,469.1024333,2.588628667,459.4790333,20.51423,2.353669667,2.089946333,20.04840333,18.14274,1499.999667,0.6919991,0.3080009,33,28282.51333,1786459182,10:39:42,1786459182,1786459172,11,-0.014,0.002,-3.011,0.204,434,21,0.92,0.05,6.008270976,-37.47737017,4.264920586,0,2.56661122,0.073958467,0.072970418,1,1,2,1/2,2.63204,2.71264,0.104512,0.103425,0.114208,0.105719,24986.6,24724.2,25397.7,25362.3,31095.8,30918.4,39029.9,38176.3,1.67537,2.09207,0.0698566,0,30.3675,999.9,75.6,30,31.6147,63.0909,17.5962,1,0.371484,0,20.4189,5.21744,11.98,4.96775,3.295,9113.3,9999,9999,253.4,4.97,1.87533,1.87138,1.8745,1.87437,1.87241,1.87375,1.8749,0,0,0,0,11111111,oooooooo,on,on,on,on,0,100,100,-3.011,0.204,-1.899813852,-0.002774575,7.27494E-07,-2.16226E-10,-0.114052292,-0.001584374,0.000939206,-5.31953E-06,23,2146,2,22,1.5,1.6,0.157471,4.99756,1.49902,2.28271,1.4978,2.28638,35.0825,15.8657,3,355.358,657.884,30.8148,31.9728,30.0007,31.7921,31.8072,-1,40,10,-999.9,400,20,100.308,106.676
11,1786459263,1264.6,20260811 10:41:03,10:41:03,15,1786459255,0.001078212,1.078212068,2.957177416,433.9347742,312.2713215,31.84318688,44.24955209,0.044478426,3.134748412,0.044130775,0.027612743,261.449552,32.55548926,31.76258065,4.711289428,50.02722854,2.305587669,4.608665594,2.405701758,-47.54915219,-65.55040936,-4.722148878,143.6278416,1.690342609,1.034447182,2.957177416,445.7975517,441.9863273,-0.345148115,92.63883155,1.078212068,20.12614235,22.66134061,-0.000679557,97.04466354,0,0,1,0,53111.51111,1499.997097,1273.857558,0.849240015,0.174300039,9,0.5,0: Broadleaf,2,TRUE,1786459255,433.9347742,439.067,22.60982581,20.18419032,436.9977742,22.40782581,375.1399032,101.8728387,0.099980065,31.37470968,31.76258065,999.9,0,0,10003.58613,703.6929032,0.218638,-5.074627742,444.0600323,448.1120323,2.487472258,439.067,20.18419032,2.309626129,2.05622129,19.74369355,17.88391935,1499.997097,0.691999484,0.308000516,33.02285161,28282.47097,1786459296,10:41:36,1786459296,1786459283,12,-0.004,0,-3.063,0.202,458,21,1.3,0.05,-7.452333171,39.30486711,4.460403391,0,2.465314146,0.77097993,0.083623774,0,0,2,0/2,2.63146,2.71259,0.100281,0.100407,0.113057,0.104068,25090.4,24791.7,25384.1,25347,31120.8,30957.7,39009.8,38154.2,1.6734,2.0875,0.0616685,0,30.7808,999.9,73.2,30.2,30.9653,63.3854,17.6482,1,0.392142,0,20.4196,5.21729,11.9816,4.9678,3.29505,9113.3,9999,9999,253.4,4.97001,1.87533,1.87135,1.87454,1.87439,1.87241,1.87377,1.87491,0,0,0,0,11111111,oooooooo,on,on,on,on,0,100,100,-3.063,0.202,-1.913697979,-0.002774575,7.27494E-07,-2.16226E-10,-0.112381062,-0.001584374,0.000939206,-5.31953E-06,23,2146,2,22,1.4,1.5,0.157471,4.99756,1.4978,2.28149,1.4978,2.31567,35.3133,15.8657,3,355.549,656.408,31.0845,32.1955,30.0011,32.0174,32.0357,-1,40,10,-999.9,400,20,100.255,106.614
12,1786459383,1384.6,20260811 10:43:03,10:43:03,15,1786459375,0.001073945,1.07394512,3.083527992,428.5127742,300.8016283,30.67563042,43.69956227,0.043827049,3.134497429,0.043489437,0.027211014,261.4495484,32.80703965,32.0128,4.778543806,50.23188974,2.348215218,4.674749906,2.430328588,-47.36097981,-65.47756627,-4.728924407,143.8820779,4.153486141,1.000672185,3.083527992,449.6174838,440.1127091,0.196489765,92.63314241,1.07394512,20.66978152,23.15009818,0.003523704,96.80211849,0,0,1,0,53062.13005,1499.997742,1273.858059,0.849239985,0.174299961,9,0.5,0: Broadleaf,2,TRUE,1786459375,428.5127742,439.5062258,23.02632258,20.68087097,431.4477742,22.83332258,375.1377097,101.8796129,0.099989355,31.62532903,32.0128,999.9,0,0,10001.77516,704.9736129,0.218638,-11.05469871,438.5879355,448.7874839,2.430647742,439.5062258,20.68087097,2.354592581,2.106959677,20.05482258,18.27188387,1499.997742,0.692000516,0.307999484,34,28282.5,1786459409,10:43:28,1786459409,1786459407,13,0.081,-0.009,-2.935,0.193,438,21,1.01,0.03,-11.4473245,11.61482341,1.864421732,0,2.4172325,0.36346424,0.040196363,0,0,2,0/2,2.63131,2.71257,0.0999067,0.10035,0.114692,0.106446,25085.2,24776.8,25369.5,25331.1,31046.2,30856.8,38987.6,38131.3,1.6711,2.08108,0.0590682,0,31.0784,999.9,72.8,30.5,31.3271,62.6955,17.484,1,0.415109,0,20.4195,5.21654,11.984,4.96765,3.295,9113.3,9999,9999,253.5,4.96999,1.87536,1.87141,1.87454,1.87439,1.87241,1.87375,1.87497,0,0,0,0,11111111,oooooooo,on,on,on,on,0,100,100,-2.935,0.193,-1.917295286,-0.002774575,7.27494E-07,-2.16226E-10,-0.111967487,-0.001584374,0.000939206,-5.31953E-06,23,2146,2,22,1.4,1.7,0.157471,4.99756,1.49902,2.28149,1.49902,2.35229,35.5915,15.8394,3,355.758,653.586,31.3471,32.4707,30.001,32.2784,32.2896,-1,40,10,-999.9,400,20,100.198,106.549
13,1786459503,1504.6,20260811 10:45:03,10:45:03,15,1786459495,0.001117665,1.117664943,2.897358517,434.7608,313.2457155,31.94550749,44.33789101,0.043944907,3.132658154,0.043605287,0.027283599,261.4502231,33.01760859,32.22653,4.836650809,48.89151602,2.314346763,4.733636736,2.522304047,-49.28902397,-64.2556406,-4.653333668,143.2522248,2.258641541,1.132718692,2.897358517,449.4513729,443.9019697,-0.155624518,92.62037083,1.117664943,20.04156136,22.72386364,-0.00598797,96.43427409,0,0,1,0,52981.07136,1500.001,1273.860869,0.849240013,0.174300033,9,0.5,0: Broadleaf,2,TRUE,1786459495,434.7608,441.3609667,22.69362,20.03778667,437.8628,22.51262,375.1409667,101.8822333,0.10003141,31.84606667,32.22653,999.9,0,0,9993.122667,706.0929333,0.218638,-6.427755333,445.0682333,450.3857667,2.733808667,441.3609667,20.03778667,2.320021667,2.041495333,19.81607333,17.76988667,1500.001,0.691999567,0.308000433,34,28282.52667,1786459538,10:45:37,1786459538,1786459522,14,-0.145,-0.002,-3.102,0.181,441,20,1.01,0.02,-7.007387561,6.652335679,1.165952004,0,2.736644878,-0.291865923,0.046519876,0,0,2,0/2,2.63118,2.71249,0.100492,0.101337,0.113192,0.104169,25056.8,24737.1,25358.2,25319.1,31086.3,30921.9,38970.4,38113.9,1.66943,2.07692,0.0593998,0,31.2749,999.9,70.4,30.8,30.817,62.5755,17.3438,1,0.433412,0,20.4187,5.21669,11.9855,4.96775,3.295,9113.3,9999,9999,253.5,4.97,1.87538,1.87141,1.87454,1.87439,1.87241,1.87374,1.87495,0,0,0,0,11111111,oooooooo,on,on,on,on,0,100,100,-3.102,0.181,-1.836162522,-0.002774575,7.27494E-07,-2.16226E-10,-0.120676804,-0.001584374,0.000939206,-5.31953E-06,23,2146,2,22,1.6,1.6,0.157471,4.99756,1.49902,2.28027,1.4978,2.3584,35.8244,15.8132,3,356.113,652.438,31.5855,32.7087,30.0007,32.5086,32.5164,-1,40,10,-999.9,400,20,100.154,106.499
14,1786459623,1624.6,20260811 10:47:03,10:47:03,15,1786459615,0.001079316,1.079316005,3.379372388,468.7594,323.8136206,33.0228847,47.80462166,0.04229471,3.133209662,0.041980074,0.02626562,261.4496983,33.22947152,32.43190333,4.893064337,49.37849484,2.364404357,4.788328127,2.52865998,-47.59783584,-64.68812078,-4.693238288,144.4705033,2.979375686,1.01889117,3.379372388,481.9487511,478.0494606,-0.441856255,92.62260186,1.079316005,20.89446541,23.32036014,0.009981057,96.48997151,0,0,1,0,52958.60445,1499.998333,1273.85858,0.849239997,0.174299993,9,0.5,0: Broadleaf,2,TRUE,1786459615,468.7594,477.0529667,23.18472,20.797,471.8904,22.99372,375.1451667,101.8811333,0.10001447,32.04894667,32.43190333,999.9,0,0,9995.747667,707.0346,0.218638,-8.313813333,479.9048333,487.1843333,2.469287333,477.0529667,20.797,2.370397,2.118823333,20.16294667,18.36122,1499.998333,0.6920001,0.3079999,34,28282.49333,1786459655,10:47:34,1786459655,1786459642,15,-0.019,-0.006,-3.131,0.191,445,21,1.23,0.03,-9.398462439,43.81076049,7.879967909,0,2.51906561,-1.092445714,0.113753615,0,0,2,0/2,2.6309,2.7125,0.106113,0.105847,0.115208,0.107073,24891.4,24602.4,25350.1,25308.9,31006.4,30810.2,38957.8,38099.6,1.6678,2.07255,0.0613704,0,31.4552,999.9,70.3,31.1,31.3083,62.7255,18.2091,1,0.447663,0,20.4185,5.21579,11.9842,4.9678,3.29503,9113.3,9999,9999,253.5,4.97,1.8754,1.8714,1.87454,1.87439,1.87241,1.87375,1.87497,0,0,0,0,11111111,oooooooo,on,on,on,on,0,100,100,-3.131,0.191,-1.981152831,-0.002774575,7.27494E-07,-2.16226E-10,-0.122898754,-0.001584374,0.000939206,-5.31953E-06,23,2146,2,22,1.4,1.7,0.15625,4.99756,1.4978,2.28149,1.4978,2.41821,36.0347,15.8307,3,356.306,650.75,31.8,32.8973,30.0007,32.7037,32.7125,-1,40,10,-999.9,400,20,100.122,106.458
15,1786459743,1744.6,20260811 10:49:03,10:49:03,15,1786459735,0.001045292,1.045291854,3.179437737,484.3644667,343.9686275,35.07594383,49.39270466,0.041426453,3.134276613,0.041124655,0.025729841,261.4499063,33.41576073,32.60429,4.940858062,50.50230152,2.442749721,4.836907721,2.498108341,-46.09737078,-63.673205,-4.625999746,147.0533308,7.260961808,0.9644692,3.179437737,521.4822255,502.8532485,1.093279442,92.62604833,1.045291854,21.71029661,24.08761958,0.006785791,96.5819794,0,0,1,0,52952.21907,1499.999333,1273.859443,0.849240006,0.174300015,9,0.5,0: Broadleaf,2,TRUE,1786459735,484.3644667,502.9055333,23.95457333,21.69607667,487.5691,23.74157333,375.1297,101.8743,0.099952983,32.22747,32.60429,999.9,0,0,10001.28867,708.1216333,0.218638,-18.54109333,496.2921,514.0587333,2.337205333,502.9055333,21.69607667,2.448375333,2.210274,20.68731333,19.03697667,1499.999333,0.6919998,0.3080002,34,28282.5,1786459764,10:49:24,1786459655,1786459764,16,-0.019,-0.005,-3.131,0.213,445,22,1.23,0.03,-17.8009925,-30.25291745,5.313067796,0,2.332479,0.14798454,0.023533277,0,0,2,0/2,2.63051,2.7127,0.110107,0.111637,0.117762,0.109822,24773.1,24436.5,25343.5,25302.5,30909.4,30708,38947.8,38090,1.6661,2.06858,0.0696182,0,31.4845,999.9,70.9,31.3,31.9392,62.8455,18.3734,1,0.458283,0,20.4192,5.21669,11.9834,4.96765,3.295,9113.3,9999,9999,253.6,4.97001,1.87543,1.87144,1.87454,1.87439,1.87241,1.87377,1.87494,0,0,0,0,11111111,oooooooo,on,on,on,on,0,100,100,-3.219,0.213,-1.999703785,-0.002774575,7.27494E-07,-2.16226E-10,-0.128878844,-0.001584374,0.000939206,-5.31953E-06,23,2146,2,22,1.5,1.7,0.15625,4.99756,1.4978,2.28027,1.4978,2.41333,36.2459,15.8132,3,356.27,648.983,31.9882,33.0497,30.0002,32.862,32.8693,-1,40,10,-999.9,400,20,100.096,106.431
16,1786459863,1864.6,20260811 10:51:03,10:51:03,15,1786459855,0.001045563,1.045562993,3.382396239,486.5521613,337.3673553,34.40371276,49.61713259,0.041151039,3.132408892,0.040853048,0.025559748,261.4497371,33.60658863,32.77556129,4.98874437,50.60803768,2.474321713,4.889187224,2.514422658,-46.109328,-60.40747246,-4.39915828,150.5337783,3.814735756,0.995432487,3.382396239,515.8173441,500.435297,0.715561095,92.6277452,1.045562993,21.98136745,24.37511119,0.005184189,96.62979297,0,0,1,0,52875.9975,1499.998387,1273.858675,0.84924003,0.174300012,9,0.5,0: Broadleaf,2,TRUE,1786459855,486.5521613,496.8661613,24.26352581,21.93330323,489.7616774,24.04852581,375.1366129,101.877,0.100005826,32.41785484,32.77556129,999.9,0,0,9992.498387,708.5557097,0.218638,-10.31395397,498.6934194,508.0090645,2.412861613,496.8661613,21.93330323,2.480314194,2.234497742,20.8979,19.21177097,1499.998387,0.691999935,0.308000097,34,28282.50645,1786459888,10:51:27,1786459655,1786459888,17,-0.019,-0.003,-3.131,0.215,445,22,1.23,0.06,-5.500373732,-124.5776864,12.45776613,0,2.430711707,-0.528005226,0.053969289,0,0,2,0/2,2.63059,2.71251,0.109717,0.113291,0.118725,0.110973,24785.1,24391,25344.8,25302.8,30877.4,30668.6,38950,38090.3,1.66597,2.06717,0.074923,0,31.579,999.9,70.8,31.6,32.4403,62.4855,18.137,1,0.459108,0,20.4187,5.21669,11.9837,4.96775,3.295,9113.3,9999,9999,253.6,4.97002,1.87544,1.87144,1.87454,1.87439,1.87241,1.87376,1.87497,0,0,0,0,11111111,oooooooo,on,on,on,on,0,100,100,-3.214,0.215,-1.999703785,-0.002774575,7.27494E-07,-2.16226E-10,-0.133447391,-0.001584374,0.000939206,-5.31953E-06,23,2146,2,22,3.5,1.6,0.15625,4.99756,1.4978,2.28027,1.4978,2.40112,36.4578,15.8044,3,356.563,648.608,32.1712,33.1035,30.0003,32.9316,32.9479,-1,40,10,-999.9,400,20,100.101,106.432
17,1786459983,1984.6,20260811 10:53:03,10:53:03,15,1786459975,0.001105123,1.105122511,3.068636968,426.0960667,292.2323076,29.80244282,43.45414018,0.041683705,3.135707022,0.0413783,0.02588869,261.4497226,33.72737635,32.89647,5.022792352,48.6743496,2.398177711,4.926984603,2.624614641,-48.73590273,-57.8276987,-4.212175809,150.6739454,3.365486332,1.160062226,3.068636968,445.0767704,436.6238182,0.094388662,92.62814593,1.105122511,20.84861117,23.51819441,-0.007796908,96.64138359,0,0,1,0,52928.8533,1499.998667,1273.85885,0.849239988,0.17429997,9,0.5,0: Broadleaf,2,TRUE,1786459975,426.0960667,435.3565,23.51569,20.79790667,428.9610667,23.32469,375.1234667,101.8820667,0.09995941,32.5544,32.89647,999.9,0,0,10007.05667,709.7374,0.218638,-9.468558333,436.1793667,444.6033333,2.796627333,435.3565,20.79790667,2.403859,2.118932333,20.38972,18.36215,1499.998667,0.6920004,0.3079996,34,28282.51667,1786460006,10:53:26,1786460003,1786460006,18,0.255,0.007,-2.865,0.191,450,21,0.37,0.03,-9.592952195,4.51742007,1.503272474,0,2.828147317,-1.099867526,0.132509758,0,0,2,0/2,2.63045,2.71276,0.0991235,0.0998135,0.115823,0.106998,25074,24754.6,25339,25295.6,30971.6,30797.1,38940.9,38080.6,1.66527,2.06568,0.0687987,0,31.7902,999.9,67.9,31.8,31.4639,62.5455,17.6322,1,0.467823,0,20.4204,5.21669,11.9846,4.96775,3.295,9113.3,9999,9999,253.6,4.97001,1.87544,1.87147,1.87454,1.87439,1.87241,1.87378,1.87498,0,0,0,0,11111111,oooooooo,on,on,on,on,0,100,100,-2.865,0.191,-1.999703785,-0.002774575,7.27494E-07,-2.16226E-10,-0.136669802,-0.001584374,0.000939206,-5.31953E-06,23,2146,2,22,5.5,1.6,0.15625,4.99756,1.49902,2.27905,1.49902,2.39258,36.6469,15.7869,3,356.69,648.359,32.3249,33.1908,30.0005,33.0248,33.0465,-1,40,10,-999.9,400,20,100.078,106.404
18,1786460103,2104.6,20260811 10:55:03,10:55:03,15,1786460095,0.001160837,1.16083679,2.804909794,420.1744516,298.4252724,30.43416702,42.85045746,0.042616584,3.133314519,0.042297171,0.02646423,261.4498204,33.83258798,33.00350645,5.053102443,47.49896973,2.355882517,4.959860246,2.697219926,-51.19290243,-55.92721936,-4.081358667,150.24834,2.700686578,1.132325457,2.804909794,436.8490007,430.0079697,-0.002899935,92.62822124,1.16083679,20.45120603,23.17073357,8.77342E-05,96.64289701,0,0,1,0,52853.04215,1499.999032,1273.859174,0.849239997,0.174299993,9,0.5,0: Broadleaf,2,TRUE,1786460095,420.1744516,427.7950968,23.10084194,20.44703548,423.0614516,22.90484194,375.1407742,101.8825484,0.099990765,32.67242581,33.00350645,999.9,0,0,9996.087419,710.6633226,0.218638,-7.538449677,430.223871,436.7248387,2.720522581,427.7950968,20.44703548,2.360370323,2.083196452,20.09442903,18.09126129,1499.999032,0.692000097,0.307999903,34,28282.52258,1786460128,10:55:27,1786460128,1786460127,19,-0.037,0.001,-2.887,0.196,441,21,0.37,0.03,-7.05804325,-7.72194833,0.93721883,0,2.75643275,-0.620320413,0.068760959,0,0,2,0/2,2.63019,2.7126,0.0979306,0.0989321,0.114594,0.105402,25101,24771.4,25333.2,25288.4,31008,30843.9,38932,38070.2,1.6645,2.06323,0.0671893,0,31.9359,999.9,65.3,32.1,30.7788,62.2455,17.6162,1,0.477736,0,20.4201,5.21609,11.9846,4.96775,3.295,9113.3,9999,9999,253.7,4.96998,1.87543,1.87147,1.87454,1.87439,1.87242,1.87378,1.87495,0,0,0,0,11111111,oooooooo,on,on,on,on,0,100,100,-2.887,0.196,-1.74484064,-0.002774575,7.27494E-07,-2.16226E-10,-0.129809722,-0.001584374,0.000939206,-5.31953E-06,23,2146,2,22,1.7,1.6,0.15625,4.99756,1.49902,2.27905,1.4978,2.38281,36.8604,15.7606,3,356.848,647.335,32.4573,33.3037,30.0004,33.1317,33.1499,-1,40,10,-999.9,400,20,100.055,106.374
19,1786460223,2224.6,20260811 10:57:03,10:57:03,15,1786460215,0.001161722,1.161721859,2.854273422,423.2372667,300.4907096,30.64468488,43.16264115,0.042963237,3.135307343,0.042638833,0.026678212,261.4495352,33.94210597,33.12114,5.086596811,48.29183807,2.410156095,4.990814578,2.676440716,-51.23193396,-57.16730605,-4.173870723,148.8764244,3.29034066,1.148549325,2.854273422,441.6681439,433.9222303,0.07601055,92.62706818,1.161721859,20.93487789,23.67439301,-0.001785155,96.6105415,0,0,1,0,52880.04885,1499.998,1273.858255,0.849239969,0.174299923,9,0.5,0: Broadleaf,2,TRUE,1786460215,423.2372667,432.2973333,23.63312,20.94276,426.0862667,23.43112,375.1412333,101.8821667,0.09997089,32.78293333,33.12114,999.9,0,0,10005.222,711.5518,0.218638,-9.060075667,433.5168667,441.5444667,2.769472333,432.2973333,20.94276,2.415851,2.133691333,20.47040333,18.47295333,1499.998,0.692001033,0.307998967,34,28282.48667,1786460244,10:57:24,1786460128,1786460244,20,-0.037,-0.006,-2.887,0.202,441,21,0.37,0.08,-9.217345366,-1.657964111,0.898695857,0,2.772232927,-0.215157491,0.034362646,0,0,2,0/2,2.63001,2.71269,0.0985646,0.0999311,0.116266,0.107299,25076.7,24737.5,25326.9,25282.2,30942.2,30770.9,38922.6,38060.8,1.66345,2.0603,0.0686869,0,32.0283,999.9,65,32.3,30.9861,63.1455,17.5561,1,0.487886,0,20.4193,5.21579,11.9852,4.9678,3.295,9113.3,9999,9999,253.7,4.97001,1.87546,1.87147,1.87454,1.87439,1.87244,1.87378,1.87498,0,0,0,0,11111111,oooooooo,on,on,on,on,0,100,100,-2.85,0.202,-1.782129916,-0.002774575,7.27494E-07,-2.16226E-10,-0.128996239,-0.001584374,0.000939206,-5.31953E-06,23,2146,2,22,1.6,1.6,0.15625,4.99756,1.49902,2.27783,1.4978,2.34497,37.0747,15.7256,3,356.882,645.958,32.5698,33.4161,30.0005,33.2414,33.2589,-1,40,10,-999.9,400,20,100.031,106.348
20,1786460343,2344.6,20260811 10:59:03,10:59:03,15,1786460335,0.001152402,1.152402295,2.863083961,425.8348065,300.8120118,30.67752253,43.4276437,0.042268355,3.134809134,0.041954269,0.026249443,261.4500236,34.04284068,33.20550968,5.110738591,48.07820137,2.412809496,5.018510316,2.697929095,-50.82094122,-54.79213205,-4.004677132,151.8322732,0.991261648,1.154452465,2.863083961,436.5480301,433.3291515,-0.38402904,92.63032896,1.152402295,20.9056358,23.69402242,-0.008630478,96.7081171,0,0,1,0,52851.52221,1500.000323,1273.860261,0.849239991,0.174299978,9,0.5,0: Broadleaf,2,TRUE,1786460335,425.8348065,429.3924516,23.65908387,20.95489032,428.7018065,23.46808387,375.1304194,101.8823871,0.099985039,32.88130323,33.20550968,999.9,0,0,10002.92581,712.395,0.218638,-3.54566871,436.2043548,438.5829355,2.789782258,429.3924516,20.95489032,2.419163548,2.134934516,20.49262258,18.48222581,1500.000323,0.69200029,0.30799971,34,28282.52258,1786460375,10:59:35,1786460360,1786460375,21,-0.016,0.001,-2.867,0.191,423,21,0.46,0.03,-4.125313171,10.89804418,1.289065678,0,2.797603415,-0.004976446,0.021186288,1,1,2,1/2,2.63002,2.71265,0.0983899,0.098525,0.116315,0.107184,25073.8,24767.8,25319.6,25274.1,30932.2,30765.7,38911.6,38049.5,1.6626,2.05753,0.0656471,0,32.1407,999.9,63.8,32.6,30.9321,62.8155,18.6979,1,0.499174,0,20.4191,5.21579,11.9854,4.96765,3.295,9113.3,9999,9999,253.7,4.97001,1.87546,1.87149,1.87454,1.87439,1.87241,1.87378,1.87493,0,0,0,0,11111111,oooooooo,on,on,on,on,0,100,100,-2.867,0.191,-1.782129916,-0.002774575,7.27494E-07,-2.16226E-10,-0.134747738,-0.001584374,0.000939206,-5.31953E-06,23,2146,2,22,3.6,1.6,0.15625,4.99756,1.4978,2.27783,1.4978,2.40234,37.2659,15.7256,3,357.066,644.783,32.6848,33.5424,30.0004,33.3612,33.3751,-1,40,10,-999.9,400,20,100.002,106.316
21,1786460463,2464.6,20260811 11:01:03,11:01:03,15,1786460455,0.001144557,1.144556866,3.091091754,440.4976452,306.9803392,31.30659281,44.92300857,0.042439488,3.135278355,0.04212291,0.026355065,261.4502141,34.12323924,33.30812581,5.140235765,49.05232847,2.472614034,5.040767913,2.667621731,-50.4749578,-58.84067476,-4.303758453,147.8308231,2.747016832,1.11818733,3.091091754,450.0437321,448.9203152,-0.653146707,92.63120719,1.144556866,21.45181679,24.27941939,-0.014379124,96.73641523,0,0,1,0,52848.77802,1500.00129,1273.861167,0.849240047,0.174299993,9,0.5,0: Broadleaf,2,TRUE,1786460455,440.4976452,448.2695161,24.24549677,21.62796129,443.3646452,24.03749677,375.1500968,101.8824194,0.099984106,32.96001613,33.30812581,999.9,0,0,10005.06484,712.9174839,0.218638,-7.808935352,451.4462581,458.1802258,2.706131613,448.2695161,21.62796129,2.479217742,2.203509355,20.89069355,18.9874129,1500.00129,0.69200029,0.307999774,34,28282.54839,1786460504,11:01:43,1786460360,1786460485,22,-0.016,-0.008,-2.867,0.208,423,22,0.46,0.03,-8.469682898,48.09995161,8.401214565,0,2.6383035,1.824745666,0.184018186,0,0,2,0/2,2.62975,2.71254,0.100997,0.102144,0.118235,0.108799,24997.6,24664.3,25316.3,25270.2,30861.3,30705.8,38906.5,38043.9,1.6619,2.05515,0.0684112,0,32.2033,999.9,63.4,32.8,31.0883,62.6355,17.6723,1,0.505582,0,20.4202,5.21699,11.986,4.9678,3.295,9113.3,9999,9999,253.8,4.97001,1.87546,1.87149,1.87456,1.87441,1.87243,1.87378,1.87496,0,0,0,0,11111111,oooooooo,on,on,on,on,0,100,100,-2.867,0.208,-1.798139894,-0.002774575,7.27494E-07,-2.16226E-10,-0.134116765,-0.001584374,0.000939206,-5.31953E-06,23,2146,2,22,1.7,1.5,0.15625,4.99756,1.49902,2.27783,1.4978,2.27905,37.4578,15.6731,3,357.167,643.661,32.7727,33.6268,30.0004,33.4502,33.4636,-1,40,10,-999.9,400,20,99.9891,106.3
22,1786460583,2584.6,20260811 11:03:03,11:03:03,15,1786460575,0.001092364,1.092363732,3.128150061,440.4853333,298.9405683,30.48691435,44.92210177,0.04016868,3.133105245,0.039884757,0.024953315,261.4496983,34.25298618,33.4284,5.174997205,49.01225828,2.486802087,5.073836983,2.688195118,-48.17324058,-59.45588734,-4.356821321,149.4637491,0.847576731,1.07091339,3.128150061,451.9158607,448.4548424,-0.426210263,92.6315897,1.092363732,21.90067112,24.43298121,0.002354395,96.7498096,0,0,1,0,52778.45878,1499.997667,1273.85806,0.849240028,0.17430007,9,0.5,0: Broadleaf,2,TRUE,1786460575,440.4853333,443.6504,24.38443,21.8779,443.3523333,24.16543,375.1480333,101.8832,0.099995287,33.07640667,33.4284,999.9,0,0,9995.068333,713.0891667,0.222281967,-3.202081233,451.4787,453.5735667,2.553599333,443.6504,21.8779,2.489156667,2.228989,20.95577333,19.17215667,1499.997667,0.691999067,0.308000933,34,28282.45333,1786460624,11:03:43,1786460360,1786460614,23,-0.016,0.002,-2.867,0.219,423,22,0.46,0.04,-0.886516925,-33.01174295,3.988387496,0,2.572022,-0.45576743,0.056421255,0,0,2,0/2,2.62948,2.71248,0.100885,0.100969,0.11902,0.110672,24996.7,24692.6,25312.5,25266.4,30829.3,30636.7,38900.6,38038.5,1.661,2.05303,0.0691861,0,32.3195,999.9,63,33,31.2413,62.3655,18.7179,1,0.511695,0,20.4187,5.21459,11.9851,4.96735,3.29433,9113.3,9999,9999,253.8,4.97001,1.87546,1.87149,1.87459,1.8744,1.87241,1.87378,1.87496,0,0,0,0,11111111,oooooooo,on,on,on,on,0,100,100,-2.867,0.219,-1.798139894,-0.002774575,7.27494E-07,-2.16226E-10,0.226561155,0,0,0,23,2146,2,22,3.7,1.6,0.15625,4.99756,1.4978,2.27783,1.4978,2.41577,37.6504,15.6818,3,357.115,642.689,32.8764,33.7032,30.0005,33.529,33.546,-1,40,10,-999.9,400,20,99.9741,106.284
23,1786460703,2704.6,20260811 11:05:03,11:05:03,15,1786460695,0.001106639,1.106638712,3.082634433,442.7166,304.8414962,31.08864061,45.14955293,0.040824547,3.133500007,0.04053135,0.02535826,261.4495539,34.33273271,33.50299,5.196657657,49.38543383,2.517499201,5.097655333,2.679158455,-48.80276719,-57.97113488,-4.250774203,150.4248777,2.951950035,1.154231747,3.082634433,465.3752274,454.5256242,0.332817544,92.63233089,1.106638712,22.06541902,24.65461273,2.80632E-05,96.775228,0,0,1,0,52773.19632,1499.997333,1273.857743,0.849240005,0.174300013,9,0.5,0: Broadleaf,2,TRUE,1786460695,442.7166,451.0245667,24.68548667,21.98472333,445.6257,24.45548667,375.1402667,101.8829667,0.10000151,33.15983,33.50299,999.9,0,0,9996.893,713.4006,0.218638,-8.308136333,453.9213,461.1639667,2.699801667,451.0245667,21.98472333,2.514933667,2.23987,21.12344333,19.25011,1499.997333,0.691999833,0.308000167,34,28282.48,1786460728,11:05:28,1786460360,1786460728,24,-0.016,-0.005,-2.867,0.23,423,23,0.46,0.04,-3.652747561,-91.99990683,9.298123329,0,2.743902927,-1.442614704,0.170691442,0,0,2,0/2,2.62969,2.71247,0.101942,0.103805,0.119753,0.111601,24963.5,24610.6,25308.9,25262.5,30799.5,30600.5,38894.9,38032.9,1.66072,2.0508,0.071764,0,32.3425,999.9,62.6,33.3,31.5718,61.9755,18.6178,1,0.517622,0,20.4192,5.21684,11.986,4.9678,3.295,9113.3,9999,9999,253.8,4.96999,1.87546,1.87149,1.87458,1.87441,1.87242,1.87378,1.87498,0,0,0,0,11111111,oooooooo,on,on,on,on,0,100,100,-2.911,0.23,-1.798139894,-0.002774575,7.27494E-07,-2.16226E-10,0.229040103,0,0,0,23,2146,2,22,5.7,1.5,0.15625,4.99756,1.4978,2.27661,1.4978,2.35962,37.8679,15.6556,3,357.359,641.55,32.9668,33.7775,30.0003,33.6043,33.6206,-1,40,10,-999.9,400,20,99.9596,106.268
24,1786460824,2825,20260811 11:07:03,11:07:03,15,1786460816,0.0010747,1.074700461,2.712491141,462.6398387,336.994023,34.36782313,47.18162063,0.040257495,3.133885667,0.039972391,0.025008191,261.4494631,34.45797498,33.58950645,5.221880218,50.37375493,2.58489203,5.131426144,2.636988188,-47.39429033,-52.70930165,-3.868336464,157.4775347,3.933922166,1.061355834,2.712491141,481.379015,475.891697,-0.118722179,92.63291575,1.074700461,22.9436526,25.37357333,0.008036194,96.79497313,0,0,1,0,52761.83652,1499.997419,1273.857774,0.849239977,0.174299942,9,0.5,0: Broadleaf,2,TRUE,1786460816,462.6398387,473.2555161,25.34618387,22.86447419,465.2858387,25.11518387,375.1482581,101.8834839,0.0999959,33.27753226,33.58950645,999.9,0,0,9998.602581,713.1786129,0.218638,-10.92320742,474.3550323,484.3296452,2.480758065,473.2555161,22.86447419,2.58226,2.329511935,21.55447419,19.88186129,1499.997419,0.692000774,0.307999226,35,28282.48065,1786460864,11:07:44,1786460864,1786460846,25,0.308,0.001,-2.646,0.231,470,23,0.36,0.14,-9.723795366,-12.8501239,5.122997211,0,2.498699024,-0.565506673,0.067626084,0,0,2,0/2,2.62955,2.71265,0.105372,0.10592,0.122178,0.113831,24868,24551.9,25309,25262,30714.6,30522.9,38894.6,38031.9,1.66048,2.04967,0.0795908,0,32.3059,999.9,62.8,33.5,32.027,62.2755,18.7179,1,0.518646,0,20.42,5.21624,11.9855,4.96775,3.295,9113.3,9999,9999,253.9,4.97001,1.87546,1.87149,1.87465,1.87451,1.87242,1.87378,1.87496,0,0,0,0,11111111,oooooooo,on,on,on,on,0,100,100,-2.646,0.231,-1.798139894,-0.002774575,7.27494E-07,-2.16226E-10,0.230055,0,0,0,23,2146,2,22,7.7,1.6,0.15625,4.99756,1.4978,2.27661,1.4978,2.41943,38.0377,15.6293,3,357.438,640.992,33.0611,33.8144,30.0001,33.6446,33.66,-1,40,10,-999.9,400,20,99.9591,106.265
25,1786460944,2945,20260811 11:09:03,11:09:03,15,1786460936,0.00106071,1.060709941,3.059698459,491.3759667,351.4288124,35.83979963,50.11204422,0.040336822,3.134558933,0.040050658,0.025057202,261.4500338,34.54513819,33.67245667,5.246163017,51.39552275,2.649780308,5.155663697,2.596382709,-46.7773084,-52.53290077,-3.857714359,158.2821102,-2.238473062,1.075524087,3.059698459,492.679117,496.5699818,-1.155536538,92.63352994,1.060709941,23.42005937,25.92700364,-0.00273209,96.81660873,0,0,1,0,52762.90252,1500.000667,1273.860572,0.849240004,0.174299945,9,0.5,0: Broadleaf,2,TRUE,1786460936,491.3759667,487.2735667,25.98254333,23.46931333,494.1259667,25.72654333,375.1432667,101.8831333,0.099966413,33.36159333,33.67245667,999.9,0,0,10001.71033,713.4748,0.218638,4.1432664,504.5124667,498.9847667,2.487957333,487.2735667,23.46931333,2.644608667,2.391127333,21.94492667,20.30377333,1500.000667,0.692000833,0.3079992,35,28282.52,1786460971,11:09:31,1786460971,1786460970,26,-0.024,0.025,-2.75,0.256,501,24,1.34,0.03,0.079008341,57.25117411,7.154503575,0,2.459811951,0.588127108,0.06139539,0,0,2,0/2,2.62947,2.71273,0.108571,0.107871,0.124029,0.115596,24780.4,24499.4,25310.3,25263.1,30651.5,30463.5,38896.5,38033.5,1.6603,2.0488,0.0857599,0,32.2814,999.9,62.9,33.7,32.4377,63.2055,18.754,1,0.516994,0,20.4187,5.21699,11.9854,4.9677,3.295,9113.3,9999,9999,253.9,4.97002,1.87546,1.87149,1.87464,1.87444,1.87245,1.87378,1.87497,0,0,0,0,11111111,oooooooo,on,on,on,on,0,100,100,-2.75,0.256,-1.489698229,-0.002774575,7.27494E-07,-2.16226E-10,0.230735,0,0,0,23,2146,2,22,1.3,1.6,0.15625,4.99756,1.4978,2.27661,1.4978,2.41333,38.208,15.603,3,357.38,640.332,33.1578,33.8174,29.9999,33.6506,33.669,-1,40,10,-999.9,400,20,99.9642,106.27
26,1786461064,3065,20260811 11:11:03,11:11:03,15,1786461056,0.001047488,1.047488252,3.113288917,454.3962,313.2483701,31.94557855,46.34006395,0.040091003,3.133372739,0.039808196,0.024905365,261.4501969,34.56023652,33.67627667,5.247283643,51.71449723,2.667940334,5.158979545,2.579343309,-46.19423192,-51.22017105,-3.763020511,160.2727734,-0.575696638,1.208640015,3.113288917,466.1530153,462.1836848,-0.372609885,92.6341258,1.047488252,23.20772401,25.96792424,-0.030266099,96.83784772,0,0,1,0,52733.49921,1500.001,1273.860897,0.849240032,0.174300015,9,0.5,0: Broadleaf,2,TRUE,1786461056,454.3962,454.3326333,26.16099,23.33711,456.9192,25.89299,375.1288,101.8816667,0.099960707,33.37306667,33.67627667,999.9,0,0,9996.439667,713.9614333,0.218638,-0.063927467,466.4667667,465.1889,2.811945,454.3326333,23.33711,2.664107,2.377620667,22.06524333,20.21187667,1500.001,0.6919999,0.308000133,35,28282.55333,1786461095,11:11:35,1786461090,1786461095,27,0.156,0.012,-2.523,0.268,476,24,0.93,0.03,-2.556598825,21.20115518,5.762386574,0,2.7029105,1.536552045,0.217100994,0,0,2,0/2,2.62961,2.71257,0.102996,0.102573,0.124071,0.115517,24937.7,24647.4,25312.4,25265.5,30651.5,30468.3,38899.3,38036.8,1.66072,2.04897,0.0901967,0,32.223,999.9,62.1,34,32.5659,62.0655,18.9062,1,0.513028,0,20.421,5.21669,11.9855,4.9678,3.295,9113.3,9999,9999,253.9,4.97,1.87547,1.87149,1.87469,1.87446,1.87241,1.87379,1.875,0,0,0,0,11111111,oooooooo,on,on,on,on,0,100,100,-2.523,0.268,-1.514018732,-0.002774575,7.27494E-07,-2.16226E-10,0.256065,0,0,0,23,2146,2,22,1.5,1.6,0.15625,4.99756,1.4978,2.27661,1.4978,2.37793,38.379,15.5855,3,357.471,640.314,33.1917,33.7747,30.0002,33.6265,33.6528,-1,40,10,-999.9,400,20,99.9719,106.28
27,1786461184,3185,20260811 11:13:03,11:13:03,15,1786461176,0.001021057,1.021056844,2.816350596,453.5528,323.4747618,32.98873599,46.2544079,0.039759888,3.133414284,0.03948172,0.024700905,261.4501088,34.57527633,33.67763,5.247680704,52.56639777,2.713201922,5.161475843,2.534478782,-45.02860682,-49.99104973,-3.672850729,162.7576015,-0.382933098,1.035984368,2.816350596,464.3935671,461.924,-0.451276497,92.62592221,1.021056844,24.22091707,26.60323916,0.000193055,96.57886689,0,0,1,0,52732.98821,1500.000667,1273.860602,0.849240024,0.174299995,9,0.5,0: Broadleaf,2,TRUE,1786461176,453.5528,453.7613667,26.60460667,24.18544333,456.2478,26.33660667,375.1628333,101.8824,0.10001065,33.3817,33.67763,999.9,0,0,9996.557333,714.66,0.218638,-0.006739533,466.1566667,465.0078,2.419481333,453.7613667,24.18544333,2.710572,2.464070333,22.34934667,20.79108333,1500.000667,0.692000167,0.307999867,34.14306667,28282.54333,1786461206,11:13:25,1786461201,1786461206,28,-0.188,0,-2.695,0.268,460,24,0.42,0.04,1.2183226,-28.94232086,3.035251236,0,2.42923425,-0.343045441,0.043115911,0,0,2,0/2,2.62971,2.7126,0.102873,0.103264,0.126172,0.118347,24936.9,24623.4,25308.3,25260.5,30572.8,30365,38892.8,38029.5,1.6605,2.04697,0.0883639,0,32.2448,999.9,62.4,34.2,33.0923,62.4255,17.8486,1,0.518239,0,20.4205,5.21564,11.9858,4.9676,3.295,9113.3,9999,9999,254,4.97002,1.87546,1.8715,1.87468,1.87449,1.87243,1.87378,1.87499,0,0,0,0,11111111,oooooooo,on,on,on,on,0,100,100,-2.695,0.268,-1.358125245,-0.002774575,7.27494E-07,-2.16226E-10,0.268309524,0,0,0,23,2146,2,22,1.6,1.5,0.15625,4.99756,1.49902,2.27539,1.4978,2.31201,38.5259,15.533,3,357.529,638.919,33.2159,33.8204,30,33.66,33.6841,-1,40,10,-999.9,400,20,99.9553,106.259
28,1786461304,3305,20260811 11:15:03,11:15:03,15,1786461296,0.000986305,0.986304974,3.140310284,461.8952581,317.5961712,32.38848501,47.10411838,0.039315512,3.133534616,0.039043515,0.024426478,261.4504007,34.51384007,33.59234839,5.222710544,53.43379318,2.747188258,5.141293728,2.475522287,-43.49604935,-47.39501989,-3.47934265,167.0799888,3.684501333,0.980270484,3.140310284,485.0044369,475.7822545,0.151705259,92.64035638,0.986304974,24.65052159,26.94584182,0.000688668,97.13719843,0,0,1,0,52747.75346,1500.002258,1273.861845,0.849239952,0.174300005,9,0.5,0: Broadleaf,2,TRUE,1786461296,461.8952581,471.820871,26.93847742,24.65009677,464.5772581,26.65547742,375.146129,101.8800968,0.099989739,33.31179677,33.59234839,999.9,0,0,9997.332581,715.2054516,0.218638,-9.94300129,474.6574839,483.7452258,2.273708387,471.820871,24.65009677,2.743002581,2.511356774,22.54502258,21.1002871,1500.002258,0.691999742,0.308000194,34,28282.56452,1786461332,11:15:31,1786461323,1786461332,29,0.015,0.015,-2.682,0.283,461,25,0.42,0.03,-10.23001341,3.536812474,1.050291112,0,2.268819268,0.097194146,0.014329758,1,1,2,1/2,2.62966,2.7126,0.105202,0.105225,0.127319,0.119643,24877.5,24575.6,25313.6,25266.4,30538.4,30327.1,38900.3,38038,1.6611,2.04728,0.104398,0,31.9014,999.9,62.2,34.4,33.3576,62.7855,17.8926,1,0.510127,0,20.4192,5.21564,11.9849,4.9678,3.295,9113.3,9999,9999,254,4.97001,1.87547,1.87149,1.87464,1.87444,1.87241,1.87378,1.875,0,0,0,0,11111111,oooooooo,on,on,on,on,0,100,100,-2.682,0.283,-1.545767777,-0.002774575,7.27494E-07,-2.16226E-10,0.26833,0,0,0,23,2146,2,22,1.7,1.6,0.15625,4.99756,1.49902,2.27539,1.4978,2.36572,38.6487,15.5155,3,357.578,638.652,33.1605,33.7576,29.9997,33.6102,33.6334,-1,40,10,-999.9,400,20,99.9752,106.283
29,1786461424,3425,20260811 11:17:03,11:17:03,15,1786461416,0.000968508,0.968507781,3.254441178,469.3238065,319.8745357,32.61890094,47.8588479,0.039164695,3.135760682,0.038894963,0.024333431,261.4502232,34.52891847,33.57093226,5.216456235,53.97398306,2.77675955,5.144625971,2.439696685,-42.71119314,-41.85423278,-3.070255277,173.814542,5.918757606,0.954857574,3.254441178,500.6542865,486.7802788,0.594187811,92.6339633,0.968507781,24.9995459,27.24942848,0.000999879,96.83229073,0,0,1,0,52797.05681,1500.000323,1273.860378,0.84924007,0.174300111,9,0.5,0: Broadleaf,2,TRUE,1786461416,469.3238065,484.5984194,27.23006129,25.00167097,472.1298065,26.93906129,375.1457097,101.8740645,0.099982494,33.32335484,33.57093226,999.9,0,0,10008.08774,714.3559355,0.218638,-15.16947806,482.5654194,497.024871,2.220440645,484.5984194,25.00167097,2.773227097,2.547020968,22.72557419,21.33013226,1500.000323,0.691998613,0.308001419,34,28282.51935,1786461450,11:17:30,1786461442,1786461450,30,-0.12,0.008,-2.806,0.291,460,25,0.51,0.04,-16.4996878,12.56249895,2.097011894,0,2.22323,0.017531289,0.021563258,1,1,2,1/2,2.62999,2.71257,0.107015,0.107053,0.128292,0.120902,24832.9,24530.8,25319.1,25271.8,30510.4,30289.8,38908.5,38045.7,1.66197,2.04785,0.100426,0,31.9342,999.9,62,34.5,33.4342,62.6955,17.9006,1,0.501166,0,20.4208,5.21579,11.986,4.9676,3.29503,9113.3,9999,9999,254,4.97,1.87547,1.87149,1.87469,1.87451,1.87243,1.87378,1.87499,0,0,0,0,11111111,oooooooo,on,on,on,on,0,100,100,-2.806,0.291,-1.530371174,-0.002774575,7.27494E-07,-2.16226E-10,0.28306,0,0,0,23,2146,2,22,1.7,1.5,0.15625,4.99756,1.49902,2.27539,1.4978,2.36572,38.7471,15.4892,3,357.631,638.424,33.1544,33.6705,29.9998,33.5341,33.5641,-1,40,10,-999.9,400,20,99.9965,106.305
30,1786461544,3545,20260811 11:19:03,11:19:03,15,1786461536,0.000983566,0.983565912,3.09091784,451.4065667,311.4090685,31.75464393,46.03030624,0.039852416,3.132441258,0.03957287,0.024757996,261.4503071,34.53135015,33.56868667,5.215800816,54.03641845,2.780736616,5.146041681,2.4350642,-43.37525672,-40.60177246,-2.981574913,174.491703,5.976409419,0.935860067,3.09091784,479.2533159,467.8268424,0.386986395,92.63391445,0.983565912,25.10794157,27.31818061,0.008230632,96.83138153,0,0,1,0,52719.4676,1500.002667,1273.862085,0.84923988,0.174299895,9,0.5,0: Broadleaf,2,TRUE,1786461536,451.4065667,466.7578333,27.26992,25.08596,454.1871333,26.96592,375.1466667,101.8708333,0.10000546,33.32826333,33.56868667,999.9,0,0,9993.251,714.0682333,0.218638,-15.35127333,464.0555,478.7682333,2.171018667,466.7578333,25.08596,2.776690333,2.555527,22.74614,21.38451,1500.002667,0.6920011,0.3079988,34.64166667,28282.58667,1786461571,11:19:30,1786461442,1786461571,31,-0.12,0.013,-2.806,0.304,460,25,0.51,0.04,-13.343365,-22.76111302,3.883324053,0,2.19989925,-0.369236961,0.058332832,0,0,2,0/2,2.62958,2.71257,0.103951,0.105636,0.128504,0.12126,24919.8,24571.7,25320.7,25273.7,30504,30279.4,38910.5,38048.5,1.66232,2.0478,0.103444,0,31.8924,999.9,61.3,34.7,33.4278,62.6656,18.5337,1,0.497238,0,20.4203,5.21564,11.9858,4.9678,3.29503,9113.3,9999,9999,254.1,4.96999,1.8755,1.8715,1.87468,1.87451,1.87244,1.87378,1.875,0,0,0,0,11111111,oooooooo,on,on,on,on,0,100,100,-2.789,0.304,-1.650186946,-0.002774575,7.27494E-07,-2.16226E-10,0.291061905,0,0,0,23,2146,2,22,1.7,1.6,0.155029,4.99756,1.49902,2.27539,1.4978,2.4231,38.8704,15.4717,3,357.548,637.866,33.1521,33.6214,29.9999,33.4831,33.5145,-1,40,10,-999.9,400,20,100.002,106.313
31,1786461664,3665,20260811 11:21:03,11:21:03,15,1786461656,0.000961788,0.961788072,2.852172692,472.5515484,341.6607815,34.83881434,48.18561729,0.039890839,3.136267379,0.039611096,0.024781905,261.4500253,34.50364854,33.5177129,5.200942399,54.94466511,2.822462943,5.136919003,2.378479456,-42.41485396,-37.38412901,-2.74083058,178.9102117,5.306248148,0.924009632,2.852172692,493.8638978,488.4644909,-0.164319653,92.63468507,0.961788072,25.54849464,27.71808121,0.007152272,96.86050297,0,0,1,0,52813.26554,1500.000645,1273.860475,0.849239952,0.174299942,9,0.5,0: Broadleaf,2,TRUE,1786461656,472.5515484,486.3290323,27.6796129,25.52422581,475.3575484,27.3726129,375.1484194,101.8690645,0.099953365,33.2966129,33.5177129,999.9,0,0,10010.8929,714.3364194,0.218638,-13.79940581,485.9800968,499.0674516,2.152502903,486.3290323,25.52422581,2.819401613,2.600126452,22.99810968,21.66720323,1500.000645,0.692000677,0.30799929,34,28282.54516,1786461704,11:21:44,1786461442,1786461691,32,-0.12,0.002,-2.806,0.307,460,26,0.51,0.05,-13.58130439,28.21587199,5.579374823,0,2.16121122,-0.032189895,0.029290456,1,1,2,1/2,2.63017,2.71279,0.107248,0.10734,0.129782,0.122557,24831.3,24527.3,25323.7,25275.9,30462.6,30236.9,38915,38051.3,1.6628,2.0481,0.107467,0,31.786,999.9,61.3,34.8,33.6126,62.9656,17.9247,1,0.492124,0,20.4213,5.21534,11.9857,4.96765,3.295,9113.3,9999,9999,254.1,4.97004,1.8755,1.87151,1.87469,1.87452,1.87243,1.87379,1.875,0,0,0,0,11111111,oooooooo,on,on,on,on,0,100,100,-2.806,0.307,-1.650186946,-0.002774575,7.27494E-07,-2.16226E-10,0.30412,0,0,0,23,2146,2,22,3.7,1.6,0.155029,4.99756,1.49902,2.27417,1.4978,2.37427,38.9693,15.4192,3,357.504,637.521,33.1265,33.566,29.9999,33.4276,33.4566,-1,40,10,-999.9,400,20,100.014,106.322
32,1786461784,3785,20260811 11:23:03,11:23:03,15,1786461776,0.000980669,0.980668589,3.091152611,443.639,305.0925705,31.10971072,45.23702734,0.040181346,3.133879547,0.039897314,0.024961173,261.4489542,34.57236329,33.64089333,5.236911634,54.86195771,2.82969236,5.157840657,2.407219274,-43.24748475,-45.91598771,-3.372140469,168.9133413,-2.444662217,1.014782812,3.091152611,447.7917004,448.6021212,-0.85296369,92.63623952,0.980668589,25.36824766,27.7131303,-0.005548776,96.92430728,0,0,1,0,52745.59638,1499.994,1273.854905,0.84924,0.1743,9,0.5,0: Broadleaf,2,TRUE,1786461776,443.639,438.8539667,27.75076,25.3837,446.239,27.44876,375.1318667,101.8681333,0.099969887,33.36912667,33.64089333,999.9,0,0,10000.08133,713.5297667,0.218638,4.622323653,456.1367667,450.2839333,2.371661333,438.8539667,25.3837,2.827388,2.585791333,23.04485333,21.57680667,1499.994,0.692,0.308,35,28282.41,1786461809,11:23:28,1786461809,1786461805,33,0.156,-0.004,-2.6,0.302,436,25,0.41,0.05,3.487648958,9.450351162,3.751332529,0,2.37536725,-0.133839512,0.025431196,0,0,2,0/2,2.63006,2.71258,0.10065,0.100508,0.129763,0.122333,25015.9,24716.1,25324.6,25276.9,30463.4,30245.4,38916.2,38053.1,1.66332,2.04767,0.0987947,0,32.0478,999.9,60.6,35,33.6006,61.8856,18.2933,1,0.489228,0,20.4212,5.21579,11.9858,4.9678,3.295,9113.3,9999,9999,254.1,4.97002,1.87547,1.87149,1.87469,1.87449,1.87243,1.87379,1.87497,0,0,0,0,11111111,oooooooo,on,on,on,on,0,100,100,-2.6,0.302,-1.650186946,-0.002774575,7.27494E-07,-2.16226E-10,0.306605,0,0,0,23,2146,2,22,5.7,1.6,0.155029,4.99756,1.49902,2.27417,1.4978,2.42188,39.0436,15.4104,3,357.557,636.745,33.1652,33.5317,30,33.3862,33.4169,-1,40,10,-999.9,400,20,100.017,106.326
33,1786461904,3905,20260811 11:25:03,11:25:03,15,1786461896,0.000922016,0.922016337,3.296163388,461.0282581,308.3681081,31.44289604,47.00895847,0.03848735,3.134180582,0.038226703,0.02391496,261.4506602,34.51384338,33.56687742,5.215272805,55.54376891,2.853201782,5.13685304,2.362071023,-40.66092044,-45.7052796,-3.353933316,171.7305268,4.606209308,0.919914595,3.296163388,490.6027062,476.8569818,0.570098016,92.63678917,0.922016337,25.84993669,27.99411879,0.000564661,96.9475559,0,0,1,0,52765.02107,1500.004516,1273.863822,0.849239991,0.174299915,9,0.5,0: Broadleaf,2,TRUE,1786461896,461.0282581,473.0960968,27.98204194,25.8369,463.6739032,27.66204194,375.152871,101.8654839,0.099976268,33.29638387,33.56687742,999.9,0,0,10001.71581,714.2167742,0.218638,-12.06791839,474.2913871,485.6437419,2.127354839,473.0960968,25.8369,2.848590968,2.631885806,23.16839355,21.86590645,1500.004516,0.692001226,0.307998806,34.0483871,28282.62258,1786461927,11:25:27,1786461809,1786461927,34,0.156,0.018,-2.6,0.32,436,26,0.41,0.06,-11.23522024,-21.17398223,2.681336016,0,2.1313,-0.057710174,0.013091477,1,1,2,1/2,2.63021,2.71276,0.105404,0.106899,0.130709,0.123888,24883.8,24540.9,25324.7,25277.3,30430.3,30192.5,38915.9,38053.4,1.6632,2.04713,0.100888,0,31.9159,999.9,60.4,35.1,33.6765,62.1856,17.9968,1,0.48781,0,20.4203,5.21489,11.9857,4.96775,3.295,9113.3,9999,9999,254.2,4.97002,1.87547,1.87149,1.87468,1.87448,1.87241,1.87378,1.87499,0,0,0,0,11111111,oooooooo,on,on,on,on,0,100,100,-2.652,0.32,-1.493952866,-0.002774575,7.27494E-07,-2.16226E-10,0.302214286,0,0,0,23,2146,2,22,1.6,1.6,0.155029,4.99756,1.49902,2.27295,1.4978,2.38281,39.118,15.3754,3,357.372,635.973,33.1487,33.5119,29.9999,33.3623,33.3879,-1,40,10,-999.9,400,20,100.017,106.327
34,1786462024,4025,20260811 11:27:03,11:27:03,15,1786462016,0.000897473,0.897472688,3.056633685,495.2280333,353.2412989,36.0173367,50.49464737,0.038963603,3.13328282,0.038696414,0.024209112,261.4502887,34.32736359,33.37074,5.158306978,56.80987746,2.886821474,5.081548497,2.271485503,-39.57854555,-45.15047626,-3.30786232,173.4134045,-6.100618522,0.934517805,3.056633685,484.9793345,496.5275697,-1.93140671,92.62924184,0.897472688,26.07076222,28.26327273,-0.009733641,96.67510959,0,0,1,0,52777.4613,1500.001333,1273.861155,0.849240015,0.174300038,9,0.5,0: Broadleaf,2,TRUE,1786462016,495.2280333,481.7030333,28.31260333,26.13419,497.95,28.00060333,375.1598667,101.8624333,0.09998391,33.10345333,33.37074,999.9,0,0,9997.916667,714.9656667,0.218638,13.52522067,509.6621667,494.6304333,2.186185333,481.7030333,26.13419,2.884782333,2.662092667,23.37742,22.05291333,1500.001333,0.6919995,0.3080005,34,28282.57,1786462047,11:27:26,1786461809,1786462047,35,0.156,-0.008,-2.6,0.312,436,26,0.41,0.08,8.79035078,72.77885423,7.579663424,0,2.148264878,0.672774355,0.06778803,0,0,2,0/2,2.62984,2.71251,0.108391,0.105097,0.131527,0.124303,24805.8,24595.5,25329.4,25282.1,30406.7,30183.3,38922.8,38060.4,1.6642,2.04845,0.107504,0,31.6078,999.9,60.5,35.2,33.9198,62.9656,19.1987,1,0.478468,0,20.4195,5.21624,11.9854,4.9677,3.295,9113.3,9999,9999,254.2,4.97,1.87547,1.8715,1.87469,1.87444,1.87242,1.87378,1.87499,0,0,0,0,11111111,oooooooo,on,on,on,on,0,100,100,-2.691,0.312,-1.493952866,-0.002774575,7.27494E-07,-2.16226E-10,0.319766667,0,0,0,23,2146,2,22,3.6,1.6,0.155029,4.99756,1.4978,2.27295,1.4978,2.36938,39.0683,15.3404,3,357.418,636.175,32.987,33.4106,29.9996,33.2727,33.2983,-1,40,10,-999.9,400,20,100.035,106.347
35,1786462144,4145,20260811 11:29:03,11:29:03,15,1786462136,0.000899569,0.899569349,2.555107918,456.832129,334.8720953,34.14398754,46.57918871,0.038414787,3.134579508,0.038155151,0.02387015,261.4506621,34.26531607,33.32566129,5.145291156,55.99115488,2.835468869,5.06413714,2.309822287,-39.67100829,-47.87963897,-3.504534567,170.3954803,7.338093455,0.879226559,2.555107918,490.9024747,476.6726667,0.803366046,92.64084606,0.899569349,25.81806429,27.84343394,0.007006905,97.17255488,0,0,1,0,52817.95587,1500.002903,1273.862528,0.849240042,0.174300104,9,0.5,0: Broadleaf,2,TRUE,1786462136,456.832129,475.3999032,27.80927097,25.75865161,459.4682581,27.48527097,375.154129,101.8612903,0.099989874,33.04233548,33.32566129,999.9,0,0,10003.94903,714.5640645,0.218638,-18.56778387,469.894,487.9696452,2.038361935,475.3999032,25.75865161,2.831439032,2.62380871,23.06853226,21.81552258,1500.002903,0.691998613,0.308001387,34,28282.57742,1786462173,11:29:32,1786461809,1786462173,36,0.156,0.012,-2.6,0.324,436,26,0.41,0.05,-16.68708293,-31.37574355,4.718116511,0,2.07142122,-0.610343833,0.061292441,0,0,2,0/2,2.63002,2.71248,0.105425,0.1076,0.130245,0.123836,24895,24533.7,25335.7,25288.9,30457.9,30207,38931.8,38070,1.66525,2.05,0.106968,0,31.5983,999.9,59.3,35.3,33.434,62.8756,19.0465,1,0.467444,0,20.4209,5.21639,11.9834,4.96775,3.295,9113.3,9999,9999,254.2,4.97,1.87547,1.87149,1.87469,1.87442,1.87241,1.87379,1.87495,0,0,0,0,11111111,oooooooo,on,on,on,on,0,100,100,-2.651,0.324,-1.493952866,-0.002774575,7.27494E-07,-2.16226E-10,0.31174,0,0,0,23,2146,2,22,5.6,1.6,0.155029,4.99756,1.4978,2.27295,1.4978,2.44263,39.0436,15.3316,3,357.369,636.409,32.8889,33.2835,29.9997,33.16,33.1934,-1,40,10,-999.9,400,20,100.059,106.375
36,1786462264,4265,20260811 11:31:03,11:31:03,15,1786462256,0.000898367,0.898366625,3.427353205,464.9283548,308.1670201,31.41970994,47.40258723,0.038752626,3.132026223,0.038488207,0.024078736,261.4497061,34.27128993,33.34358065,5.150461684,56.54317717,2.864189934,5.065491678,2.28627175,-39.61796817,-50.06242758,-3.667697847,168.1016125,8.684226637,0.839574756,3.427353205,511.3328235,487.2081394,1.587370266,92.62905458,0.898366625,26.15122542,28.16022308,0.008293611,96.66948763,0,0,1,0,52758.00901,1499.99871,1273.858877,0.849239982,0.174299954,9,0.5,0: Broadleaf,2,TRUE,1786462256,464.9283548,486.6983871,28.09220323,26.13463226,467.5827097,27.76620323,375.153871,101.8567419,0.100014919,33.04709677,33.34358065,999.9,0,0,9992.739032,714.1376774,0.218638,-21.77000323,478.3657419,499.7596129,1.95514129,486.6983871,26.13463226,2.861134516,2.66199,23.24108065,22.05232903,1499.99871,0.692000613,0.307999387,34,28282.51613,1786462285,11:31:24,1786461809,1786462285,37,0.156,0.003,-2.6,0.326,436,26,0.41,0.03,-18.93236293,-69.20233422,7.00384425,0,1.95707439,0.102567387,0.029283932,0,0,2,0/2,2.63035,2.71239,0.10721,0.110468,0.131261,0.124807,24848,24456.9,25338.1,25290.9,30424.5,30175.7,38935.1,38072.7,1.66637,2.05018,0.0979826,0,31.7523,999.9,59.4,35.4,33.6771,62.7256,19.0465,1,0.462299,0,20.4207,5.21639,11.9852,4.96775,3.295,9113.3,9999,9999,254.3,4.97001,1.87546,1.87149,1.87469,1.87442,1.87244,1.87378,1.87491,0,0,0,0,11111111,oooooooo,on,on,on,on,0,100,100,-2.675,0.326,-1.493952866,-0.002774575,7.27494E-07,-2.16226E-10,0.32357,0,0,0,23,2146,2,22,7.6,1.5,0.155029,4.99756,1.49902,2.27173,1.4978,2.33154,39.0436,15.2703,3,357.555,635.817,32.8632,33.2074,30.0001,33.0862,33.1224,-1,40,10,-999.9,400,20,100.068,106.383
37,1786462384,4385,20260811 11:33:03,11:33:03,15,1786462376,0.000887688,0.887687758,3.027632023,445.9424839,304.1411418,31.00715837,45.46379073,0.038137936,3.132382305,0.037881838,0.023699014,261.4503628,34.27539987,33.33313548,5.147447243,56.30082262,2.852175997,5.065957946,2.295271246,-39.14703013,-48.02747973,-3.518060679,170.7577922,0.691382864,0.888123388,3.027632023,463.0183691,456.184303,-0.062993309,92.64104337,0.887687758,25.9380625,28.00506485,0.000280846,97.18726958,0,0,1,0,52765.8141,1500.001935,1273.861654,0.849240007,0.174300017,9,0.5,0: Broadleaf,2,TRUE,1786462376,445.9424839,448.5512258,27.97625161,25.90526129,448.4874839,27.66825161,375.1583548,101.8499032,0.099994739,33.04873548,33.33313548,999.9,0,0,9995.035484,713.2,0.218638,-2.675175342,458.7176774,460.480129,2.089420645,448.5512258,25.90526129,2.851254839,2.63844871,23.18387419,21.9067,1500.001935,0.691999774,0.308000226,34,28282.57097,1786462408,11:33:28,1786462408,1786462405,38,0.047,-0.019,-2.545,0.308,434,26,0.55,0.14,-0.16944114,-54.43415854,5.283268323,0,2.116664,-0.607644878,0.05917847,0,0,2,0/2,2.63019,2.71251,0.101995,0.10252,0.130746,0.124207,24995.5,24678.1,25340.3,25293.4,30444.3,30198.5,38938.2,38076.4,1.6664,2.05102,0.102066,0,31.6804,999.9,58.7,35.5,33.4679,62.6956,19.0304,1,0.457927,0,20.4212,5.21639,11.9836,4.96775,3.29503,9113.3,9999,9999,254.3,4.97,1.87547,1.87149,1.87469,1.87442,1.87242,1.87378,1.87497,0,0,0,0,11111111,oooooooo,on,on,on,on,0,100,100,-2.545,0.308,-1.493952866,-0.002774575,7.27494E-07,-2.16226E-10,0.32643,0,0,0,23,2146,2,22,9.6,1.6,0.155029,4.99756,1.49902,2.27173,1.4978,2.42554,39.0436,15.2878,3,357.281,635.914,32.8503,33.1659,29.9999,33.0302,33.062,-1,40,10,-999.9,400,20,100.076,106.393
38,1786462504,4505,20260811 11:35:03,11:35:03,15,1786462496,0.000928725,0.928725196,3.111025822,499.5192667,357.0529009,36.39886531,50.92224278,0.039643294,3.132748445,0.03936669,0.024628872,261.4500899,34.300772,33.38799667,5.163297164,56.20214546,2.852862558,5.076074116,2.310434606,-40.95678115,-51.29947907,-3.758962697,165.434867,6.279476339,0.903210845,3.111025822,515.6100883,514.9721515,-0.711094377,92.63701043,0.928725196,25.78418175,27.96672182,-0.001631313,96.95620085,0,0,1,0,52767.99745,1500.000667,1273.860556,0.849239993,0.174299983,9,0.5,0: Broadleaf,2,TRUE,1786462496,499.5192667,515.6659,27.98501667,25.87887667,502.2042667,27.66301667,375.1607333,101.8425,0.099999883,33.08425667,33.38799667,999.9,0,0,9997.433667,712.5134667,0.218638,-16.14600706,513.8939667,529.3668333,2.091836667,515.6659,25.87887667,2.848604667,2.635567333,23.16847667,21.88869667,1500.000667,0.692000233,0.307999767,34,28282.54667,1786462530,11:35:29,1786462526,1786462530,39,-0.025,0.015,-2.685,0.322,486,26,0.87,0.04,-22.25118616,144.6439506,17.0700505,0,2.055313902,0.839912404,0.10374324,0,0,2,0/2,2.63046,2.71262,0.111495,0.111223,0.130667,0.123519,24732.1,24439.2,25341.3,25293.8,30448.8,30223.4,38939.5,38076.7,1.66677,2.05137,0.0976026,0,31.8065,999.9,57.9,35.6,33.1964,62.6956,18.4976,1,0.455549,0,20.4206,5.21669,11.9849,4.96785,3.295,9113.3,9999,9999,254.3,4.96999,1.87547,1.87149,1.87468,1.87445,1.87241,1.87378,1.87495,0,0,0,0,11111111,oooooooo,on,on,on,on,0,100,100,-2.685,0.322,-1.447065643,-0.002774575,7.27494E-07,-2.16226E-10,0.307690476,0,0,0,23,2146,2,22,1.6,1.6,0.155029,4.99756,1.49902,2.27173,1.4978,2.42065,39.0683,15.2528,3,357.258,635.772,32.8522,33.1277,30.0002,32.9891,33.0199,-1,40,10,-999.9,400,20,100.079,106.394
39,1786463223,5224.1,20260811 11:47:02,11:47:02,15,1786463215,0.000362464,0.362464173,0.947572535,425.4826774,303.6121255,30.94442296,43.36558005,0.014205722,3.132103206,0.014170025,0.008859465,261.4498095,34.53639157,33.49287419,5.193715478,52.65327649,2.687413303,5.103981142,2.506302175,-15.98467004,-52.50556189,-3.851949981,189.1076276,1.057103786,0.289423982,0.947572535,438.4909405,436.6456727,-0.049441011,92.63852496,0.362464173,25.8461823,26.46348364,0.022175623,97.03096345,5,1,1,0,52735.80224,1499.999032,1273.859169,0.849239994,0.174299985,9,0.5,0: Broadleaf,2,TRUE,1786463215,425.4826774,428.3143871,26.36763548,25.69154516,427.7676774,26.04263548,375.1174839,101.8210645,0.099841671,33.18192903,33.49287419,999.9,0,0,9996.591935,712.5012581,0.218638,-3.035032258,436.7877419,439.6083871,0.656322355,428.3143871,25.69154516,2.682766129,2.615938065,22.17990323,21.76608387,1499.999032,0.692000194,0.307999806,34,28282.50645,1786463248,11:47:27,1786463248,1786463243,41,0.224,0.02,-2.285,0.325,441,26,2.51,0.26,-3.080498975,4.255102458,1.751671616,0,0.736964475,-1.898263238,0.188688116,0,0,2,0/2,2.6301,2.71262,0.0986778,0.0987846,0.125615,0.12391,25056.7,24745.1,25310.5,25258.2,30590.2,30168.9,38892,38025.6,1.63185,2.04312,0.0782236,0,32.2334,999.9,55.2,36,32.3601,62.0129,18.3413,1,0.500531,0,20.4207,5.21624,11.9855,4.96775,3.295,9113.3,9999,9999,254.5,4.96997,1.87546,1.87149,1.87469,1.87439,1.87241,1.87378,1.87498,0,0,0,0,11111111,oooooooo,on,on,on,on,0,100,100,-2.285,0.325,-1.417839565,-0.002774575,7.27494E-07,-2.16226E-10,0.30523,0,0,0,23,2146,2,22,1.5,1.6,0.153809,4.99756,1.4978,2.27173,1.4978,2.36328,39.2422,15.1477,3,341.974,632.596,32.9662,33.567,30.0008,33.3781,33.3918,-1,40,10,-999.9,400,20,99.9576,106.249
40,1786463382,5383.6,20260811 11:49:42,11:49:42,15,1786463374,0.000480917,0.480917485,1.182966495,413.6632667,298.9409573,30.46785749,42.16027663,0.01894262,3.132629242,0.018879214,0.011805188,261.4496177,34.59594422,33.62666,5.232744412,53.37895172,2.738035889,5.129429861,2.494708523,-21.20846108,-60.13478463,-4.415716216,175.6906557,1.874781039,0.309787806,1.182966495,428.7908429,425.9148606,-0.003868356,92.63908126,0.480917485,26.20739936,27.06278364,0.025833899,97.05943678,4,1,1,0,52732.6497,1499.998667,1273.858847,0.849239986,0.1742999,9,0.5,0: Broadleaf,2,TRUE,1786463374,413.6632667,418.4683667,26.86474,26.14151333,416.1332667,26.56074,375.1505667,101.8193333,0.099981317,33.27059333,33.62666,999.9,0,0,9999.164,712.8924667,0.218638,-4.573046,425.3308333,429.7013667,0.744487833,418.4683667,26.14151333,2.737515333,2.661711,22.51193667,22.05055667,1499.998667,0.692001433,0.3079986,34,28282.53,1786463410,11:50:09,1786463410,1786463402,42,-0.222,-0.021,-2.47,0.304,416,26,0.73,0.08,-4.5511645,4.538613659,1.261689425,0,0.7598508,-0.08186409,0.057033172,1,1,2,1/2,2.6299,2.7126,0.0967077,0.0967956,0.127475,0.124585,25097.9,24785.1,25297.7,25244.1,30510.6,30129.5,38872.8,38004.9,1.63125,2.03985,0.0773147,0,32.384,999.9,55.3,36.1,32.5954,62.2429,18.2652,1,0.520658,0,20.4208,5.21609,11.9858,4.9675,3.295,9113.3,9999,9999,254.6,4.97,1.87547,1.87149,1.87469,1.87441,1.87241,1.87378,1.87498,0,0,0,0,11111111,oooooooo,on,on,on,on,0,100,100,-2.47,0.304,-1.193849021,-0.002774575,7.27494E-07,-2.16226E-10,0.325265,0,0,0,23,2146,2,22,2.2,2.3,0.153809,4.99756,1.49902,2.27173,1.4978,2.38892,39.292,15.1127,3,342.698,631.912,33.0449,33.7847,30.0007,33.589,33.5962,-1,40,10,-999.9,400,20,99.9076,106.19
41,1786463502,5503.6,20260811 11:51:42,11:51:42,15,1786463494,0.00056702,0.567019754,1.412399634,424.1031333,305.5334033,31.13777475,43.22155185,0.021923288,3.132093969,0.021838392,0.013656595,261.4498763,34.59623393,33.6413,5.23703074,52.45637833,2.693890453,5.135486931,2.543140287,-25.00557114,-59.04269598,-4.337022186,173.064587,3.357998039,0.535055589,1.412399634,443.5944704,437.8596303,0.228898882,92.63933902,0.567019754,25.14251358,26.46927879,-0.000236602,97.07421903,4,1,1,0,52716.52621,1499.998667,1273.858911,0.849240029,0.174300073,9,0.5,0: Broadleaf,2,TRUE,1786463494,424.1031333,432.7036333,26.43328,25.18357,426.6491333,26.14228,375.1439,101.8128667,0.09996645,33.29164,33.6413,999.9,0,0,9997.354667,713.6263333,0.218638,-8.538135667,435.6881,443.8822333,1.263156667,432.7036333,25.18357,2.692617,2.564012,22.24012,21.43862,1499.998667,0.691999033,0.308000967,34,28282.51333,1786463529,11:52:08,1786463529,1786463523,43,-0.075,-0.013,-2.546,0.291,415,25,0.35,0.12,-9.599101,22.71262244,2.894667658,0,1.22134025,0.84311651,0.08567547,0,0,2,0/2,2.62933,2.71248,0.0988146,0.0997109,0.125506,0.121354,25032.3,24698.2,25291.2,25237.5,30572.6,30233.8,38862.7,37995.3,1.6304,2.03838,0.0788905,0,32.3764,999.9,53.5,36.2,31.7114,62.2729,18.2051,1,0.531839,0,20.4213,5.21534,11.986,4.96765,3.295,9113.3,9999,9999,254.6,4.97,1.87547,1.87149,1.87468,1.87442,1.87242,1.87378,1.875,0,0,0,0,11111111,oooooooo,on,on,on,on,0,100,100,-2.546,0.291,-1.415505777,-0.002774575,7.27494E-07,-2.16226E-10,0.304445,0,0,0,23,2146,2,22,1.5,1.7,0.153809,4.99756,1.49902,2.27051,1.4978,2.40112,39.3418,15.0952,3,342.92,631.982,33.1003,33.9188,30.0004,33.7211,33.7254,-1,40,10,-999.9,400,20,99.8818,106.163
42,1786463622,5623.6,20260811 11:53:42,11:53:42,15,1786463614,0.000553927,0.553927309,1.65794698,435.7289333,299.6621509,30.53828836,44.40472638,0.021963695,3.132637475,0.021878502,0.01368169,261.4501986,34.57007219,33.59840333,5.224479997,53.5430133,2.745201483,5.127095608,2.479278514,-24.42819434,-56.7335635,-4.165210711,176.12323,-0.34396415,0.534145435,1.65794698,443.7655739,444.6118909,-0.499420949,92.6394891,0.553927309,25.67785111,26.96292,0.000776889,97.08290639,4,1,1,0,52734.02082,1500.002,1273.861638,0.84923996,0.1742999,9,0.5,0: Broadleaf,2,TRUE,1786463614,435.7289333,435.4621,26.93775667,25.6908,438.2009333,26.65375667,375.1382,101.8091,0.099960843,33.26247667,33.59840333,999.9,0,0,10000.20667,713.9956333,0.218638,0.154530933,447.6794,446.9445667,1.254355,435.4621,25.6908,2.743264,2.615559667,22.54659333,21.76401333,1500.002,0.692001333,0.307998667,34,28282.56667,1786463644,11:54:04,1786463644,1786463639,44,0.072,-0.007,-2.472,0.284,417,25,1.2,0.12,-1.172606146,27.59951344,3.707904362,0,1.23448561,0.57714899,0.060696445,0,0,2,0/2,2.62945,2.71262,0.0998569,0.09893,0.127157,0.122692,25001.9,24718.2,25289.9,25236.2,30513.5,30185.9,38860.7,37993.1,1.63008,2.03763,0.0834763,0,32.2376,999.9,53.8,36.2,31.8859,62.0629,18.2011,1,0.534113,0,20.4222,5.21579,11.986,4.96765,3.295,9113.3,9999,9999,254.6,4.97,1.87548,1.87149,1.87469,1.87443,1.87242,1.87378,1.87499,0,0,0,0,11111111,oooooooo,on,on,on,on,0,100,100,-2.472,0.284,-1.489938769,-0.002774575,7.27494E-07,-2.16226E-10,0.291405,0,0,0,23,2146,2,22,1.6,1.6,0.153809,4.99756,1.49902,2.27051,1.4978,2.39014,39.3418,15.0602,3,343.06,631.976,33.106,33.9639,30,33.7833,33.7872,-1,40,10,-999.9,400,20,99.8767,106.157
43,1786463742,5743.6,20260811 11:55:42,11:55:42,15,1786463734,0.000543501,0.543500795,2.084800945,445.0689355,278.1046555,28.34004589,45.35441536,0.021934467,3.132612877,0.021849499,0.013663543,261.4491803,34.60896555,33.65655484,5.241500331,54.63203015,2.806756932,5.137566596,2.434743399,-23.96838507,-60.4092271,-4.437154793,172.6344133,3.694900648,0.509844243,2.084800945,456.5389196,458.0547333,-0.674237559,92.63884726,0.543500795,26.33733584,27.56408545,0.003984329,97.04715797,4,1,1,0,52727.0867,1499.995484,1273.856227,0.849240042,0.174299978,9,0.5,0: Broadleaf,2,TRUE,1786463734,445.0689355,454.4774839,27.54308065,26.35363871,447.6449355,27.22308065,375.1519032,101.8042903,0.099958081,33.29886129,33.65655484,999.9,0,0,10000.56677,713.9176774,0.218638,-9.366133194,457.7017419,466.7790323,1.153793548,454.4774839,26.35363871,2.800376129,2.682915161,22.88628065,22.18083226,1499.995484,0.692000484,0.307999581,34,28282.43871,1786463783,11:56:22,1786463783,1786463762,45,-0.048,0.036,-2.576,0.32,438,26,1.68,0.1,-8.068827561,36.68534124,11.67055086,0,1.139597561,0.417562787,0.048816865,0,0,2,0/2,2.62902,2.71278,0.102086,0.102153,0.129159,0.125239,24941,24630.7,25290.8,25237.1,30444.4,30099.3,38861.9,37994.2,1.63048,2.0374,0.0869893,0,32.2509,999.9,54.7,36.3,32.603,62.0629,19.3229,1,0.532452,0,20.4212,5.21579,11.986,4.9678,3.295,9113.3,9999,9999,254.7,4.96999,1.87547,1.87149,1.87467,1.87442,1.87244,1.87378,1.87499,0,0,0,0,11111111,oooooooo,on,on,on,on,0,100,100,-2.576,0.32,-1.417876203,-0.002774575,7.27494E-07,-2.16226E-10,0.28435,0,0,0,23,2146,2,22,1.6,1.7,0.153809,4.99756,1.49902,2.27173,1.4978,2.33521,39.3418,15.0339,3,343.303,632.024,33.1203,33.9547,30.0001,33.7931,33.8106,-1,40,10,-999.9,400,20,99.88,106.16
44,1786463862,5863.6,20260811 11:57:42,11:57:42,15,1786463854,0.000629325,0.629324858,1.463874533,416.7202333,307.2282437,31.30634767,42.46350643,0.024813456,3.132387423,0.024704771,0.015450207,261.450075,34.63787966,33.71811667,5.259571363,53.68934197,2.766028041,5.151912725,2.493543322,-27.75322625,-62.40036228,-4.586234417,166.7102521,-0.591604579,0.74128212,1.463874533,425.4830724,425.5496182,-0.37202491,92.63926173,0.629324858,25.45412395,27.03577636,-0.010902645,97.07120688,4,1,1,0,52713.21369,1500,1273.86003,0.84924002,0.17430005,9,0.5,0: Broadleaf,2,TRUE,1786463854,416.7202333,416.0420333,27.14471667,25.41463,419.0682333,26.82071667,375.1512667,101.7993333,0.099981927,33.34860667,33.71811667,999.9,0,0,10000.024,714.1912667,0.218638,0.50991199,428.1731333,426.8913,1.72643,416.0420333,25.41463,2.762942667,2.587193667,22.66426333,21.58559,1500,0.691999333,0.308000667,34,28282.52667,1786463903,11:58:22,1786463880,1786463903,46,0.165,0.004,-2.348,0.324,417,27,0.22,0.24,-0.932994508,20.17549241,2.503799649,0,1.66179225,0.416156735,0.159824998,0,0,2,0/2,2.62928,2.71255,0.0965706,0.0955604,0.127271,0.122352,25091.2,24807.1,25288,25232.6,30506.7,30193.4,38857.4,37988.1,1.63008,2.03735,0.081256,0,32.4078,999.9,53.3,36.3,31.7714,62.5429,18.75,1,0.536837,0,20.4192,5.21564,11.986,4.9676,3.29503,9113.3,9999,9999,254.7,4.97,1.87547,1.87149,1.87469,1.87442,1.87244,1.87378,1.875,0,0,0,0,11111111,oooooooo,on,on,on,on,0,100,100,-2.348,0.324,-1.465362303,-0.002774575,7.27494E-07,-2.16226E-10,0.32034,0,0,0,23,2146,2,22,1.3,1.7,0.153809,4.99756,1.4978,2.27051,1.4978,2.40845,39.3917,15.0251,3,343.309,632.439,33.17,33.9931,30.0002,33.835,33.8552,-1,40,10,-999.9,400,20,99.8685,106.143
45,1786463982,5983.6,20260811 11:59:42,11:59:42,15,1786463974,0.000630503,0.630503054,1.546940689,417.9266667,304.700803,31.04859756,42.58615912,0.025174911,3.132960211,0.025063065,0.015674423,261.4497058,34.70872648,33.80711333,5.285791479,54.60292334,2.824374207,5.172569588,2.461417272,-27.80518469,-65.38110776,-4.80820399,163.4552093,-0.847251037,0.593566146,1.546940689,426.4943734,426.5310909,-0.390189465,92.63851199,0.630503054,26.26976771,27.74462,-0.000408157,97.03048159,3,1,1,0,52714.13672,1499.998333,1273.858583,0.849239999,0.174299998,9,0.5,0: Broadleaf,2,TRUE,1786463974,417.9266667,416.4892,27.71748667,26.33296667,420.3416667,27.41348667,375.1499333,101.7986333,0.100007067,33.42002333,33.80711333,999.9,0,0,10002.709,714.6173667,0.218638,1.498100933,429.9119333,427.7533333,1.404480333,416.4892,26.33296667,2.823635667,2.680662667,23.02291,22.167,1499.998333,0.692000033,0.307999967,34,28282.50333,1786464012,12:00:12,1786463999,1786464012,47,-0.053,-0.02,-2.415,0.304,421,26,0.85,0.13,1.9365202,-10.44366338,1.532732192,0,1.39798025,0.475517786,0.07350883,0,0,2,0/2,2.62944,2.71252,0.0966629,0.0968422,0.129562,0.124825,25081.2,24764.5,25280.8,25225.4,30418.4,30100.4,38846.6,37977.8,1.6299,2.0351,0.0770651,0,32.5671,999.9,54.2,36.4,32.4814,62.1229,18.1891,1,0.546832,0,20.4198,5.21594,11.986,4.96775,3.295,9113.3,9999,9999,254.7,4.97,1.8755,1.87149,1.87469,1.87446,1.87247,1.87378,1.87499,0,0,0,0,11111111,oooooooo,on,on,on,on,0,100,100,-2.415,0.304,-1.300571996,-0.002774575,7.27494E-07,-2.16226E-10,0.323966667,0,0,0,23,2146,2,22,1.7,1.3,0.155029,4.99756,1.49902,2.27051,1.4978,2.36328,39.4666,14.9814,3,343.66,631.433,33.2294,34.0875,30.0006,33.9258,33.9447,-1,40,10,-999.9,400,20,99.8407,106.113
46,1786464102,6103.6,20260811 12:01:42,12:01:42,15,1786464094,0.000639019,0.639018593,1.342787545,415.2877419,313.7039225,31.96360659,42.31408361,0.024912109,3.132197992,0.024802554,0.015511399,261.450029,34.74305866,33.84480645,5.296930814,53.55497914,2.775781692,5.183050647,2.521149122,-28.18071993,-65.62726574,-4.829225171,162.8128181,3.303887676,0.607161686,1.342787545,435.3508758,429.2246727,0.28593456,92.63318739,0.639018593,25.89608476,27.28576061,0.009854337,96.80507793,3,1,1,0,52690.16376,1500.000645,1273.860515,0.849239978,0.174299944,9,0.5,0: Broadleaf,2,TRUE,1786464094,415.2877419,423.8189032,27.24265806,25.82571935,417.6892258,26.93365806,375.146,101.791,0.100000719,33.45616452,33.84480645,999.9,0,0,9999.977419,715.0736774,0.218638,-8.53110171,426.9159032,435.0550968,1.411741935,423.8189032,25.82571935,2.77252871,2.628826774,22.72143226,21.84677419,1500.000645,0.692000742,0.307999258,34,28282.54839,1786464122,12:02:01,1786463999,1786464122,48,-0.053,0.005,-2.415,0.309,421,26,0.85,0.08,-6.816514575,-39.4364245,4.986669485,0,1.45392425,-0.931856623,0.095881096,0,0,2,0/2,2.62915,2.71253,0.0972311,0.100538,0.128104,0.123863,25058.1,24656,25273.9,25218.5,30461.7,30126.1,38836,37967.7,1.62925,2.0332,0.0759736,0,32.6027,999.9,53.1,36.5,32.0048,61.9729,18.2011,1,0.557236,0,20.4153,5.21594,11.986,4.96755,3.295,9113.3,9999,9999,254.8,4.97,1.87549,1.87149,1.87469,1.87446,1.87249,1.87378,1.875,0,0,0,0,11111111,oooooooo,on,on,on,on,0,100,100,-2.407,0.309,-1.353608352,-0.002774575,7.27494E-07,-2.16226E-10,0.3038,0,0,0,23,2146,2,22,1.7,1.5,0.155029,4.99756,1.49902,2.27051,1.4978,2.42188,39.5416,14.9814,3,343.849,630.832,33.2857,34.2041,30.0003,34.0315,34.0445,-1,40,10,-999.9,400,20,99.8133,106.085
47,1786464222,6223.6,20260811 12:03:42,12:03:42,15,1786464214,0.00063122,0.631220101,1.556803747,420.2813,304.178226,30.99104168,42.82014349,0.024697291,3.132569133,0.024589625,0.01537815,261.4498371,34.74830178,33.85276333,5.299284896,53.77419509,2.787688882,5.184064359,2.511596014,-27.83680646,-66.38905957,-4.884977079,162.338994,-0.783163167,0.694775113,1.556803747,428.8908234,429.0306727,-0.402966271,92.64216134,0.631220101,25.72006268,27.29036727,-0.009398414,97.30204258,2,1,1,0,52697.99191,1499.999,1273.859233,0.849240055,0.174300008,9,0.5,0: Broadleaf,2,TRUE,1786464214,420.2813,419.103,27.36127,25.74010667,422.6963,27.05127,375.1557,101.7844667,0.100017577,33.45965667,33.85276333,999.9,0,0,10002.31467,715.2544,0.218638,1.180662833,432.1061,430.1757333,1.619839,419.103,25.74010667,2.784816333,2.619943333,22.79433,21.79141667,1499.999,0.6920001,0.307999967,34,28282.50333,1786464263,12:04:22,1786463999,1786464244,49,-0.053,0.001,-2.415,0.31,421,26,0.85,0.07,0.5397726,6.829737591,1.424048354,0,1.58587825,0.319413321,0.082081886,0,0,2,0/2,2.62921,2.71254,0.0970629,0.096376,0.128059,0.123375,25061.1,24768,25272.5,25216.5,30461.8,30140.2,38833.8,37964.8,1.63063,2.03268,0.0806078,0,32.5562,999.9,52.7,36.5,31.7642,62.6029,18.738,1,0.559957,0,20.4175,5.21474,11.986,4.96765,3.295,9113.3,9999,9999,254.8,4.97001,1.87551,1.8715,1.87469,1.87444,1.87247,1.87378,1.87499,0,0,0,0,11111111,oooooooo,on,on,on,on,0,100,100,-2.415,0.31,-1.353608352,-0.002774575,7.27494E-07,-2.16226E-10,0.308666667,0,0,0,23,2146,2,22,3.7,1.7,0.155029,4.99756,1.4978,2.27051,1.4978,2.42432,39.5666,14.9814,3,344.76,630.914,33.2911,34.2473,30.0002,34.0806,34.0965,-1,40,10,-999.9,400,20,99.8076,106.076
48,1786464342,6343.6,20260811 12:05:42,12:05:42,15,1786464334,0.00059933,0.599330382,1.390928175,411.6044333,300.5433989,30.61918608,41.93401946,0.023194209,3.13264406,0.023099225,0.014445517,261.4494808,34.80447306,33.91504667,5.317743175,53.46959422,2.779433487,5.198157059,2.538309689,-26.43046986,-68.72072663,-5.059163014,161.2391213,0.800304955,0.581344915,1.390928175,425.034195,422.2568121,-0.065775958,92.63920028,0.599330382,25.93747554,27.32906182,0.000676141,97.06867491,3,1,1,0,52691.27885,1499.997,1273.857415,0.849239975,0.174300002,9,0.5,0: Broadleaf,2,TRUE,1786464334,411.6044333,414.0985333,27.2816,25.92493333,413.9154333,26.9866,375.1374,101.7794667,0.09994974,33.50814333,33.91504667,999.9,0,0,10003.14833,715.3818667,0.218638,-2.575830667,423.0708667,425.1198,1.371173667,414.0985333,25.92493333,2.778183,2.638625333,22.75500667,21.90776333,1499.997,0.691999867,0.3080001,34,28282.44667,1786464361,12:06:01,1786464361,1786464359,50,0.089,-0.014,-2.311,0.295,415,26,0.67,0.11,-2.66675525,0.334557411,0.617292765,0,1.33310825,0.540997711,0.093070154,0,0,2,0/2,2.62907,2.71269,0.095897,0.0958165,0.128183,0.123957,25090.9,24780.5,25270,25213.7,30454.4,30117.4,38829.7,37961.2,1.6285,2.03148,0.0780076,0,32.6536,999.9,52.4,36.6,31.7592,62.2729,18.1811,1,0.563709,0,20.4165,5.21594,11.986,4.96765,3.295,9113.3,9999,9999,254.8,4.97,1.87551,1.87149,1.87469,1.87445,1.87247,1.87379,1.87499,0,0,0,0,11111111,oooooooo,on,on,on,on,0,100,100,-2.311,0.295,-1.353608352,-0.002774575,7.27494E-07,-2.16226E-10,0.309525,0,0,0,23,2146,2,22,5.7,1.6,0.155029,4.99756,1.49902,2.27051,1.4978,2.41089,39.5917,14.9288,3,343.966,630.423,33.3341,34.2907,30.0002,34.1326,34.1489,-1,40,10,-999.9,400,20,99.7975,106.066
49,1786464462,6463.6,20260811 12:07:42,12:07:42,15,1786464454,0.000619148,0.619147883,1.555590712,411.1801613,291.4650055,29.69219592,41.8878482,0.023783282,3.133137773,0.023683439,0.014811085,261.4499728,34.74865657,33.81202903,5.287243044,52.64545931,2.728812856,5.18337743,2.558430189,-27.30442163,-59.92023636,-4.407264411,169.8180504,3.754610445,0.650859345,1.555590712,433.4150351,425.7385091,0.390285429,92.63976995,0.619147883,25.33199248,26.76905879,0.000826992,97.09781164,3,1,1,0,52711.26532,1499.999677,1273.859738,0.849240008,0.174300019,9,0.5,0: Broadleaf,2,TRUE,1786464454,411.1801613,420.8297419,26.78661613,25.26699032,413.5531613,26.47561613,375.1466452,101.7722581,0.099991968,33.45729032,33.81202903,999.9,0,0,10006.11258,715.7793548,0.218638,-9.579148387,422.5629677,431.7387097,1.504078065,420.8297419,25.26699032,2.724552581,2.571478387,22.43394516,21.4860129,1499.999677,0.691999742,0.308000258,34,28282.51935,1786464496,12:08:16,1786464479,1786464496,51,-0.049,0.015,-2.373,0.311,421,26,0.12,0.06,-8.79727825,-11.74368574,1.606141824,0,1.534416,-0.959032345,0.122057614,0,0,2,0/2,2.62919,2.71259,0.0965642,0.0975437,0.126365,0.122045,25072.4,24733.4,25270.1,25214,30518.2,30183.4,38829.9,37961.2,1.62857,2.03165,0.0809133,0,32.5008,999.9,51.2,36.6,31.035,62.5129,18.0449,1,0.563222,0,20.4193,5.21609,11.986,4.96765,3.295,9113.3,9999,9999,254.9,4.97,1.87551,1.87149,1.87469,1.8745,1.8725,1.8738,1.87498,0,0,0,0,11111111,oooooooo,on,on,on,on,0,100,100,-2.373,0.311,-1.264320763,-0.002774575,7.27494E-07,-2.16226E-10,0.29546,0,0,0,23,2146,2,22,1.7,1.7,0.155029,4.99756,1.49902,2.26929,1.4978,2.40234,39.6167,14.9113,3,344.065,630.696,33.3214,34.2989,29.9999,34.1453,34.1609,-1,40,10,-999.9,400,20,99.7979,106.066
50,1786464583,6584,20260811 12:09:42,12:09:42,15,1786464575,0.000580261,0.580260979,1.363300074,421.8441,312.8548178,31.87006558,42.97264536,0.023224559,3.132208258,0.023129313,0.014464345,261.450568,34.65698579,33.70051333,5.254398507,54.32289753,2.799782639,5.153964105,2.454615868,-25.58950917,-58.22473617,-4.279363455,173.3569592,4.143016349,0.517669579,1.363300074,446.379524,437.8172727,0.52760456,92.6423005,0.580260979,26.27889888,27.55105879,0.007873331,97.32227192,3,1,1,0,52707.20286,1500.003,1273.862605,0.849240038,0.17430003,9,0.5,0: Broadleaf,2,TRUE,1786464575,421.8441,432.3073667,27.48427,26.27648,424.2691,27.18527,375.1460333,101.7685667,0.09997993,33.35571,33.70051333,999.9,0,0,10002.22867,715.9792333,0.218638,-10.413908,433.8219,443.9735333,1.219393,432.3073667,26.27648,2.798213,2.674116667,22.87353333,22.12692333,1500.003,0.6919997,0.308000333,34,28282.58,1786464612,12:10:11,1786464612,1786464606,52,-0.038,-0.011,-2.425,0.299,425,26,0.89,0.18,-9.311049024,-16.92896571,2.815584488,0,1.24819878,-0.268852474,0.065639833,0,0,2,0/2,2.62892,2.71266,0.0985717,0.0990968,0.12889,0.124851,25020.9,24695.4,25274.2,25218.5,30434.2,30092,38835.5,37967.7,1.62873,2.03225,0.0885502,0,32.2649,999.9,52.5,36.7,31.9974,62.7829,18.738,1,0.55654,0,20.4174,5.21609,11.986,4.9676,3.295,9113.3,9999,9999,254.9,4.97001,1.87552,1.87149,1.87468,1.87446,1.87246,1.87378,1.87499,0,0,0,0,11111111,oooooooo,on,on,on,on,0,100,100,-2.425,0.299,-1.312938463,-0.002774575,7.27494E-07,-2.16226E-10,0.310605,0,0,0,23,2146,2,22,1.7,1.4,0.153809,4.99756,1.49902,2.27051,1.4978,2.31201,39.5917,14.85,3,343.931,630.82,33.2464,34.238,29.9997,34.1021,34.1227,-1,40,10,-999.9,400,20,99.8129,106.085
51,1786464703,6704,20260811 12:11:42,12:11:42,15,1786464695,0.000597441,0.597440576,2.063632434,420.9645484,267.3927673,27.23755061,42.88090254,0.023727639,3.131807605,0.023628219,0.014776535,261.4500146,34.62454311,33.6905129,5.251461786,53.97349748,2.77734418,5.145755435,2.474117606,-26.3471294,-61.33049909,-4.507357641,169.2650285,3.013222142,0.719948866,2.063632434,444.1678866,434.6181879,0.453168626,92.63906145,0.597440576,25.37222937,27.09707818,-0.031980931,97.05888607,3,1,1,0,52702.73629,1499.999355,1273.859541,0.849240059,0.174300085,9,0.5,0: Broadleaf,2,TRUE,1786464695,420.9645484,428.9202581,27.26536452,25.58531613,423.3766774,26.98336452,375.1601935,101.7634516,0.100001503,33.32727097,33.6905129,999.9,0,0,10000.90097,715.9828387,0.218638,-7.955706774,432.7718065,440.1821935,1.697431613,428.9202581,25.58531613,2.776389032,2.603651613,22.74427419,21.68894516,1499.999355,0.691998968,0.308001065,34,28282.5129,1786464720,12:11:59,1786464612,1786464720,53,-0.038,-0.017,-2.425,0.282,425,25,0.89,0.09,-8.306746585,-1.875621115,3.18907732,0,1.589706098,1.977667526,0.209073471,0,0,2,0/2,2.62926,2.71251,0.0981153,0.0990731,0.127412,0.121924,25038.2,24700.7,25278.4,25223,30490.2,30197.5,38841.5,37973.9,1.63028,2.03415,0.0890344,0,32.2441,999.9,51.3,36.7,31.2663,62.363,18.105,1,0.549342,0,20.4208,5.21609,11.986,4.96775,3.295,9113.3,9999,9999,254.9,4.97002,1.87551,1.87149,1.87469,1.87441,1.87245,1.87378,1.87498,0,0,0,0,11111111,oooooooo,on,on,on,on,0,100,100,-2.417,0.282,-1.351413987,-0.002774575,7.27494E-07,-2.16226E-10,0.299380952,0,0,0,23,2146,2,22,1.5,1.6,0.153809,4.99756,1.49902,2.27051,1.4978,2.40845,39.5416,14.8588,3,344.367,631.831,33.2055,34.1553,29.9999,34.0345,34.063,-1,40,10,-999.9,400,20,99.8289,106.103
52,1786464823,6824,20260811 12:13:42,12:13:42,15,1786464815,0.000544776,0.544776388,1.388983969,421.0349677,305.36838,31.10648496,42.88891304,0.022024061,3.131614362,0.021938372,0.013719153,261.4500906,34.54322645,33.57492581,5.217622006,54.45760976,2.787478483,5.118620695,2.430143523,-24.02463873,-57.73114647,-4.238735741,175.4555696,0.938942425,0.487667239,1.388983969,431.6742147,431.6938242,-0.348878423,92.63253705,0.544776388,26.26952023,27.42705333,0.011017827,96.78151738,3,1,1,0,52714.54252,1500,1273.859923,0.849239949,0.17430006,9,0.5,0: Broadleaf,2,TRUE,1786464815,421.0349677,423.7800968,27.36431935,26.22640645,423.3359677,27.08231935,375.152,101.7654516,0.099990277,33.23298065,33.57492581,999.9,0,0,9999.821613,716.0392581,0.218638,-2.856143632,432.7664516,435.1936129,1.138032581,423.7800968,26.22640645,2.784755484,2.668943548,22.79398065,22.09514194,1500,0.691998903,0.308001,34,28282.52258,1786464863,12:14:23,1786464848,1786464720,54,0.104,-0.017,-2.301,0.282,417,25,0.72,0.09,-3.138428844,14.35785358,2.238718934,0,1.124245366,0.22096223,0.029633317,0,0,2,0/2,2.62918,2.71263,0.0975264,0.0969792,0.128618,0.124666,25058,24761.2,25281.7,25225.9,30451.3,30106.2,38846.2,37978.2,1.63032,2.0343,0.0887737,0,32.1346,999.9,52,36.7,31.694,62.153,19.2548,1,0.542625,0,20.422,5.21684,11.986,4.96775,3.29503,9113.3,9999,9999,255,4.96999,1.87552,1.87149,1.87469,1.87449,1.87245,1.87379,1.875,0,0,0,0,11111111,oooooooo,on,on,on,on,0,100,100,-2.301,0.282,-1.351413987,-0.002774575,7.27494E-07,-2.16226E-10,0.28211,0,0,0,23,2146,2,22,3.5,1.7,0.153809,4.99756,1.49902,2.27051,1.4978,2.30957,39.4916,14.8062,3,344.085,631.316,33.1365,34.0851,29.9998,33.9708,33.9998,-1,40,10,-999.9,400,20,99.8413,106.115
53,1786464943,6944,20260811 12:15:42,12:15:42,15,1786464935,0.000583473,0.583473126,1.834654953,429.8414667,287.7565545,29.31330188,43.78726557,0.023097969,3.133167325,0.023003785,0.014385796,261.4501893,34.47093223,33.52315667,5.202527451,53.30936801,2.719178488,5.100751686,2.483348963,-25.73116488,-59.54377528,-4.367215411,171.8080337,2.602025625,0.627767012,1.834654953,448.7681126,442.4828121,0.179363676,92.64236121,0.583473126,25.2041843,26.6312503,-0.006227462,97.33528781,3,1,1,0,52761.21559,1500.001,1273.860855,0.849240004,0.17430001,9,0.5,0: Broadleaf,2,TRUE,1786464935,429.8414667,436.7312,26.69305,25.22721,432.1691333,26.37705,375.1494,101.7684333,0.099973903,33.17065,33.52315667,999.9,0,0,10006.62367,715.7904,0.218638,-6.889699333,441.6145,448.0338667,1.431948667,436.7312,25.22721,2.713062333,2.567334333,22.36444,21.45977,1500.001,0.691999867,0.308000133,34,28282.53,1786464983,12:16:23,1786464848,1786464983,55,0.104,0.034,-2.301,0.316,417,26,0.72,0.13,-5.006253956,-25.03125741,3.933635086,0,1.471855854,-0.628662648,0.072349119,0,0,2,0/2,2.62938,2.71263,0.0995063,0.100973,0.126016,0.121729,25009.9,24658.6,25288.2,25232.7,30549.8,30215.4,38856,37988.1,1.6316,2.03662,0.0927597,0,32.0189,999.9,50.6,36.7,30.8382,62.513,18.2051,1,0.532724,0,20.4169,5.21684,11.986,4.96775,3.29503,9113.3,9999,9999,255,4.96999,1.87548,1.87149,1.87466,1.8744,1.87245,1.87378,1.87494,0,0,0,0,11111111,oooooooo,on,on,on,on,0,100,100,-2.33,0.316,-1.247049732,-0.002774575,7.27494E-07,-2.16226E-10,0.28211,0,0,0,23,2146,2,22,1.6,3.7,0.153809,4.99756,1.49902,2.26929,1.4978,2.38525,39.4666,14.8062,3,344.231,632.326,33.0561,33.9784,29.9997,33.8715,33.9046,-1,40,10,-999.9,400,20,99.8668,106.143
54,1786465063,7064,20260811 12:17:42,12:17:42,15,1786465055,0.000559392,0.559392355,1.530272874,415.9897333,294.7937983,30.03038775,42.3765122,0.022906262,3.131478015,0.022813583,0.014266785,261.450148,34.4345574,33.47969667,5.189884972,54.82724045,2.789871525,5.088477009,2.400013446,-24.66920286,-59.42163146,-4.358763715,173.00055,1.112215328,0.628719421,1.530272874,430.8064377,427.3120485,-0.027812007,92.6419378,0.559392355,25.90514545,27.31274,-0.009866516,97.27022422,3,1,1,0,52729.59512,1500.001,1273.860839,0.849239993,0.174299983,9,0.5,0: Broadleaf,2,TRUE,1786465055,415.9897333,419.2854333,27.38682,25.91980333,418.3117333,27.07482,375.1496,101.7691333,0.099996613,33.12772333,33.47969667,999.9,0,0,9998.837,715.3260333,0.218638,-3.269923667,427.7315333,430.4423333,1.471362333,419.2854333,25.91980333,2.787575333,2.637837,22.81066667,21.9029,1500.001,0.692000233,0.307999767,34,28282.55,1786465092,12:18:11,1786465079,1786465092,56,-0.026,-0.005,-2.322,0.312,413,26,0.55,0.06,-1.942312707,-20.40934781,2.271040535,0,1.535029024,-0.984427526,0.10878601,0,0,2,0/2,2.62956,2.71253,0.0968423,0.0968467,0.128173,0.123412,25089.4,24778.4,25293.3,25238.9,30479.3,30163.7,38863.5,37996.8,1.63213,2.03848,0.0901893,0,32.0132,999.9,51.6,36.7,31.4461,62.573,18.1851,1,0.522302,0,20.4185,5.21609,11.986,4.96775,3.29503,9113.3,9999,9999,255,4.97,1.87549,1.87149,1.87469,1.87441,1.87243,1.87378,1.87497,0,0,0,0,11111111,oooooooo,on,on,on,on,0,100,100,-2.322,0.312,-1.247049732,-0.002774575,7.27494E-07,-2.16226E-10,0.316342857,0,0,0,23,2146,2,22,3.6,1.3,0.153809,4.99756,1.49902,2.26929,1.4978,2.42798,39.4166,14.7887,3,343.989,632.86,33.0148,33.8722,29.9996,33.768,33.8025,-1,40,10,-999.9,400,20,99.8863,106.168
55,1786465183,7184,20260811 12:19:42,12:19:42,15,1786465175,0.000563352,0.563352146,1.461021646,414.3887097,296.6611862,30.21805809,42.20984303,0.022656045,3.130575665,0.022565349,0.014111461,261.4499474,34.47032677,33.53721935,5.206624008,54.19070122,2.763123247,5.098888158,2.443500761,-24.84382966,-62.96690796,-4.62227812,169.0169317,1.573265262,0.578367556,1.461021646,429.4089652,426.2206303,-0.041489831,92.64176147,0.563352146,25.8022049,27.11592242,0.000107792,97.25307477,3,1,1,0,52702.29384,1499.999677,1273.859728,0.849240001,0.174300002,9,0.5,0: Broadleaf,2,TRUE,1786465175,414.3887097,418.7379355,27.12654194,25.77667742,416.8127097,26.80254194,375.1566129,101.7604839,0.100020632,33.16413871,33.53721935,999.9,0,0,9995.564839,714.8463548,0.218638,-4.244285806,426.0455484,429.8171613,1.337507419,418.7379355,25.77667742,2.759151613,2.623046774,22.6417129,21.81080645,1499.999677,0.691999968,0.308000032,34,28282.52258,1786465222,12:20:21,1786465222,1786465211,57,-0.088,0.012,-2.424,0.324,418,26,1.47,0.16,-4.00319375,0.397125366,1.326008207,0,1.32563225,-0.084238987,0.051594355,1,1,2,1/2,2.62959,2.7126,0.0966676,0.0963834,0.127559,0.123492,25094.7,24790.6,25293.6,25238.3,30500.7,30160.2,38863.7,37996.1,1.63315,2.0384,0.0846386,0,32.181,999.9,51.2,36.7,31.2071,62.543,18.6378,1,0.520437,0,20.4086,5.21265,11.986,4.9677,3.295,9113.3,9999,9999,255.1,4.97,1.87548,1.87149,1.87468,1.87444,1.87242,1.87378,1.87497,0,0,0,0,11111111,oooooooo,on,on,on,on,0,100,100,-2.424,0.324,-1.273367109,-0.002774575,7.27494E-07,-2.16226E-10,0.31165,0,0,0,23,2146,2,22,1.7,1.5,0.153809,4.99756,1.49902,2.26929,1.4978,2.31567,39.4166,14.7362,3,344.263,632.383,33.0061,33.8264,30.0003,33.721,33.7624,-1,40,10,-999.9,400,20,99.887,106.166
56,1786465303,7304,20260811 12:21:42,12:21:42,15,1786465295,0.000592385,0.592384624,1.328211279,412.4938065,307.2061778,31.28938294,42.01307657,0.023507217,3.129471421,0.02340956,0.014639715,261.4503791,34.51543665,33.61901935,5.230508581,53.85817991,2.754160743,5.113727844,2.476347838,-26.1241619,-68.00726812,-4.997310416,162.3216386,2.549756747,0.539353134,1.328211279,427.165153,425.1102485,-0.123252388,92.63913054,0.592384624,25.84901504,27.12003091,0.010796136,97.06280205,3,1,1,0,52667.68303,1500.001613,1273.861371,0.849240001,0.174300065,9,0.5,0: Broadleaf,2,TRUE,1786465295,412.4938065,419.1444516,27.04096774,25.78203871,414.7768065,26.74396774,375.1535161,101.7514194,0.099992513,33.21593226,33.61901935,999.9,0,0,9991.41129,714.7794194,0.218638,-6.770138677,423.8470645,430.2369032,1.285974516,419.1444516,25.78203871,2.754207742,2.623358387,22.61216129,21.81273871,1500.001613,0.691999032,0.308000935,34,28282.54516,1786465339,12:22:19,1786465322,1786465339,58,0.114,-0.027,-2.283,0.297,411,25,0.41,0.11,-8.00767985,27.36222331,3.839894067,0,1.2935175,-0.236355422,0.037585547,0,0,2,0/2,2.62961,2.71269,0.0964594,0.0956363,0.127513,0.123027,25094.7,24804.7,25288,25232,30495.8,30168.7,38855.1,37986.6,1.6327,2.03762,0.0788271,0,32.3417,999.9,50.8,36.7,30.9654,62.183,19.1066,1,0.528018,0,20.4084,5.21534,11.986,4.96785,3.295,9113.3,9999,9999,255.1,4.97001,1.87546,1.87149,1.87468,1.87444,1.87244,1.87378,1.87499,0,0,0,0,11111111,oooooooo,on,on,on,on,0,100,100,-2.283,0.297,-1.361354937,-0.002774575,7.27494E-07,-2.16226E-10,0.324033333,0,0,0,23,2146,2,22,1.4,1.5,0.153809,4.99756,1.49902,2.26929,1.4978,2.39746,39.4416,14.7362,3,344.244,632.061,33.0457,33.889,30.0004,33.7627,33.7954,-1,40,10,-999.9,400,20,99.8649,106.139
57,1786465423,7424,20260811 12:23:42,12:23:42,15,1786465415,0.000602633,0.602633321,1.439010853,416.5470667,303.5632251,30.91630859,42.42311516,0.023534832,3.131974323,0.023437023,0.014656893,261.449749,34.656011,33.79115667,5.281081994,53.6506636,2.765815797,5.15523129,2.515266196,-26.57612947,-72.78491192,-5.352386473,156.7363211,-0.975903522,0.617194749,1.439010853,424.5962755,424.7929455,-0.379367554,92.63246776,0.602633321,25.72346954,27.13268,-0.000258625,96.77934559,3,1,1,0,52700.54169,1499.998,1273.85838,0.849240052,0.174300065,9,0.5,0: Broadleaf,2,TRUE,1786465415,416.5470667,414.8225667,27.15718667,25.71669,418.8210667,26.85318667,375.1415333,101.7447333,0.099976547,33.36009667,33.79115667,999.9,0,0,10003.50267,714.2332667,0.218638,1.701284017,428.1482333,425.7719333,1.433588,414.8225667,25.71669,2.762396333,2.616536667,22.66108333,21.77013667,1499.998,0.691999233,0.3080008,34,28282.48333,1786465444,12:24:03,1786465444,1786465440,59,0.021,0.007,-2.274,0.304,416,26,1.22,0.06,2.560632263,-12.09588194,1.722264377,0,1.497002,-0.938413058,0.099626486,0,0,2,0/2,2.62951,2.71265,0.0963507,0.0958882,0.127598,0.123063,25089.4,24789.7,25280.1,25224.1,30484.2,30158.9,38843.3,37975.4,1.6321,2.0358,0.0749156,0,32.5947,999.9,50.6,36.8,31.0146,61.853,18.4295,1,0.539738,0,20.4089,5.21624,11.9858,4.9677,3.295,9113.3,9999,9999,255.1,4.97,1.87547,1.87149,1.87465,1.87442,1.87244,1.87378,1.87494,0,0,0,0,11111111,oooooooo,on,on,on,on,0,100,100,-2.274,0.304,-1.246913794,-0.002774575,7.27494E-07,-2.16226E-10,0.297085714,0,0,0,23,2146,2,22,1.7,1.4,0.153809,4.99756,1.4978,2.26929,1.4978,2.44019,39.4916,14.7187,3,344.398,631.371,33.1493,34.0074,30.0006,33.8554,33.8801,-1,40,10,-999.9,400,20,99.8344,106.107
58,1786465543,7544,20260811 12:25:42,12:25:42,15,1786465535,0.000558511,0.55851092,1.39221569,412.9845484,297.7461686,30.32324909,42.05942729,0.022159933,3.13008007,0.022073143,0.013803484,261.4496336,34.8198978,33.95565484,5.329807896,54.937913,2.856478772,5.199467209,2.473329124,-24.63033156,-74.75738545,-5.50930077,156.5526158,-1.101604202,0.589110182,1.39221569,420.955239,421.4946364,-0.402965157,92.63956449,0.55851092,26.66729044,28.02262364,-0.005132641,97.08786984,2,1,1,0,52630.55824,1499.998065,1273.858307,0.849239967,0.174299981,9,0.5,0: Broadleaf,2,TRUE,1786465535,412.9845484,410.9254516,28.04797097,26.67432903,415.2695484,27.76797097,375.1546452,101.7426129,0.100004339,33.51264516,33.95565484,999.9,0,0,9995.056452,714.2572581,0.218638,2.075885968,424.9301613,422.1872581,1.397959032,410.9254516,26.67432903,2.856149355,2.713917742,23.21223226,22.36950968,1499.998065,0.692000161,0.307999806,34.45564516,28282.50645,1786465565,12:26:04,1786465560,1786465565,60,-0.037,-0.024,-2.285,0.28,405,25,0.28,0.04,-0.166993125,29.36743017,3.965502134,0,1.33432525,0.986897448,0.105578851,0,0,2,0/2,2.62923,2.71261,0.0956656,0.0943209,0.130428,0.125127,25097.6,24821.1,25269.8,25212.9,30373.5,30075.1,38827.6,37959.2,1.6309,2.03317,0.0688918,0,32.8345,999.9,51.8,36.8,31.7506,62.423,19.1066,1,0.555988,0,20.4181,5.21594,11.986,4.9678,3.295,9113.3,9999,9999,255.2,4.97,1.87549,1.87149,1.87469,1.87445,1.87242,1.87378,1.87496,0,0,0,0,11111111,oooooooo,on,on,on,on,0,100,100,-2.285,0.28,-1.226054547,-0.002774575,7.27494E-07,-2.16226E-10,0.30431,0,0,0,23,2146,2,22,1.6,1.7,0.155029,4.99756,1.49902,2.26929,1.4978,2.28149,39.5666,14.6486,3,344.524,630.568,33.2875,34.1737,30.0007,34.0036,34.0207,-1,40,10,-999.9,400,20,99.7939,106.061
59,1786465663,7664,20260811 12:27:42,12:27:42,15,1786465655,0.000591169,0.591168502,1.89673387,425.2394516,275.2535459,28.0329773,43.30817194,0.022519242,3.132697311,0.022429695,0.014026575,261.4494649,34.90786098,34.06155806,5.361383881,53.26314313,2.784474318,5.227769438,2.576909563,-26.07053096,-76.32192561,-5.625480125,153.4315282,1.663239589,0.707682732,1.89673387,446.5656021,438.1032909,0.384923642,92.64114629,0.591168502,25.61588723,27.21203515,-0.020947872,97.19727165,2,1,1,0,52674.31467,1499.996452,1273.856982,0.849239997,0.174300056,9,0.5,0: Broadleaf,2,TRUE,1786465655,425.2394516,429.9515484,27.34052903,25.6892,427.5724516,27.04652903,375.1529032,101.7442258,0.099974613,33.60965484,34.06155806,999.9,0,0,10006.85645,714.3553871,0.218638,-4.711901742,437.1865484,441.2879032,1.637364194,429.9515484,25.6892,2.780322903,2.613730323,22.76765806,21.75250323,1499.996452,0.691999161,0.308000806,35,28282.46774,1786465692,12:28:11,1786465692,1786465684,61,0.008,0.014,-2.333,0.294,432,26,1.22,0.14,-7.8432141,27.46705734,6.484275195,0,1.6050335,0.439596248,0.092308394,0,0,2,0/2,2.62881,2.71263,0.09861,0.0991191,0.127832,0.123132,25009.1,24682.4,25263.5,25206,30457.7,30136.7,38817.9,37949.3,1.63005,2.03153,0.0707321,0,32.9188,999.9,50.3,36.8,30.8311,62.033,18.4175,1,0.5664,0,20.4172,5.21579,11.9858,4.9677,3.295,9113.3,9999,9999,255.2,4.97,1.87549,1.87149,1.87469,1.8744,1.87244,1.87378,1.87496,0,0,0,0,11111111,oooooooo,on,on,on,on,0,100,100,-2.333,0.294,-1.262617201,-0.002774575,7.27494E-07,-2.16226E-10,0.280035,0,0,0,23,2146,2,22,1.7,1.6,0.153809,4.99756,1.49902,2.26929,1.4978,2.35352,39.6167,14.6311,3,344.692,630.321,33.4002,34.3101,30.0004,34.1251,34.1346,-1,40,10,-999.9,400,20,99.7689,106.033
60,1786465783,7784,20260811 12:29:42,12:29:42,15,1786465775,0.00062206,0.622060415,1.202797438,417.4654194,318.5334394,32.44103462,42.51676102,0.023236425,3.132474821,0.02314109,0.014471714,261.4496714,34.99478102,34.15978387,5.390816057,52.56808243,2.762687908,5.255447375,2.628128149,-27.4328643,-76.95769664,-5.678088357,151.3810221,0.346484078,0.648457927,1.202797438,431.4441333,428.2340303,0.025250658,92.64004063,0.622060415,25.63339992,27.09478121,-0.00091641,97.11677278,2,1,1,0,52652.98262,1499.999032,1273.858963,0.849239857,0.174299893,9,0.5,0: Broadleaf,2,TRUE,1786465775,417.4654194,418.9460968,27.1264,25.61291613,419.8014194,26.8194,375.1482581,101.745,0.099988948,33.70408387,34.15978387,999.9,0,0,10005.76355,714.9385484,0.218638,-1.452227355,429.1294194,429.9587097,1.50089129,418.9460968,25.61291613,2.758692581,2.605986129,22.63897419,21.70399677,1499.999032,0.692001032,0.307998839,35,28282.52258,1786465819,12:30:18,1786465819,1786465805,62,-0.023,0.013,-2.336,0.307,420,26,0.9,0.09,-2.4828297,5.837995857,3.02569574,0,1.50958725,-0.167475084,0.041264238,0,0,2,0/2,2.62896,2.71254,0.0968531,0.0958076,0.12738,0.122434,25055,24770.1,25261,25203.2,30470.8,30157.4,38814.1,37945.4,1.62967,2.0307,0.0731945,0,32.9938,999.9,49.6,36.9,30.5659,62.393,18.4415,1,0.571301,0,20.4164,5.21579,11.986,4.9678,3.295,9113.3,9999,9999,255.2,4.96999,1.87552,1.87149,1.87469,1.87446,1.87243,1.87378,1.87497,0,0,0,0,11111111,oooooooo,on,on,on,on,0,100,100,-2.336,0.307,-1.254901953,-0.002774575,7.27494E-07,-2.16226E-10,0.294415,0,0,0,23,2146,2,22,1.5,1.6,0.155029,4.99756,1.4978,2.26929,1.4978,2.4231,39.6669,14.6224,3,344.871,630.381,33.5072,34.384,30.0003,34.2009,34.2098,-1,40,10,-999.9,400,20,99.7592,106.022
61,1786465903,7904,20260811 12:31:42,12:31:42,15,1786465895,0.000571427,0.571426634,1.194353785,412.4948065,310.0547519,31.57640883,42.00904701,0.021951859,3.129628325,0.021866675,0.013674298,261.4487993,35.09688242,34.22729032,5.411124914,54.10913277,2.85781774,5.281581119,2.553307174,-25.19991455,-73.30100801,-5.417344669,157.5305321,1.693997557,0.568169269,1.194353785,430.0905446,425.5730545,0.159827781,92.64010666,0.571426634,26.73054948,28.06127333,0.000161326,97.12172654,2,1,1,0,52572.04908,1499.992903,1273.853988,0.84924001,0.174300024,9,0.5,0: Broadleaf,2,TRUE,1786465895,412.4948065,417.1209677,28.06145484,26.73666129,414.8028065,27.74245484,375.1550968,101.7413871,0.1000091,33.79284839,34.22729032,999.9,0,0,9993.113226,715.3235161,0.218638,-4.637423416,424.3873871,428.5797097,1.312930968,417.1209677,26.73666129,2.853802258,2.720223548,23.19863226,22.40778065,1499.992903,0.691999677,0.308000323,35,28282.39032,1786465936,12:32:15,1786465936,1786465921,63,0.019,0.012,-2.308,0.319,413,27,0.49,0.05,-3.217539673,-33.17580311,4.3289993,0,1.25220725,0.881724315,0.100697796,0,0,2,0/2,2.62873,2.71256,0.0963643,0.0961414,0.130488,0.126196,25064.8,24756.9,25257.5,25199.2,30358,30023.5,38808.5,37939.5,1.62932,2.02892,0.0741594,0,33.0264,999.9,51.1,36.9,31.4931,62.393,19.1386,1,0.576641,0,20.4162,5.21579,11.986,4.96765,3.29503,9113.3,9999,9999,255.3,4.97,1.87547,1.87149,1.87469,1.87449,1.87242,1.87378,1.87496,0,0,0,0,11111111,oooooooo,on,on,on,on,0,100,100,-2.308,0.319,-1.278065251,-0.002774575,7.27494E-07,-2.16226E-10,0.307135,0,0,0,23,2146,2,22,1.4,1.6,0.155029,4.99756,1.4978,2.26929,1.4978,2.36328,39.692,14.5873,3,345.022,629.586,33.5901,34.4417,30.0003,34.2682,34.2806,-1,40,10,-999.9,400,20,99.7449,106.005
62,1786466023,8024,20260811 12:33:42,12:33:42,15,1786466015,0.000617097,0.617096512,1.399461647,404.5903871,294.8572671,30.02732262,41.20219318,0.023636635,3.129885299,0.023537914,0.014720032,261.4503031,35.0662917,34.16652258,5.39284037,53.65516951,2.830771522,5.275859806,2.562068848,-27.21395617,-66.32670116,-4.89958281,163.0100629,0.441496712,0.698256955,1.399461647,416.8152813,414.8304667,-0.148575903,92.64043091,0.617096512,26.00018663,27.68198909,-0.023472314,97.14301227,2,1,1,0,52581.20171,1500.001613,1273.861492,0.849240081,0.174300015,9,0.5,0: Broadleaf,2,TRUE,1786466015,404.5903871,406.3273226,27.79713548,26.16853548,406.8783871,27.49813548,375.1459355,101.7368065,0.100000584,33.77344839,34.16652258,999.9,0,0,9994.737097,716.1039677,0.218638,-1.731317294,416.1728065,417.2460323,1.648736129,406.3273226,26.16853548,2.830039032,2.662301613,23.06031613,22.05398387,1500.001613,0.692000097,0.308,35,28282.57419,1786466061,12:34:21,1786466051,1786466061,64,0.016,-0.021,-2.288,0.299,413,26,0.84,0.28,-0.826862853,-14.48519503,1.472312594,0,1.564642,1.666178612,0.174166608,0,0,2,0/2,2.62854,2.71257,0.0945007,0.0949098,0.129158,0.124131,25113.8,24787.2,25254.9,25195.9,30401.6,30090.5,38804.8,37934.4,1.62847,2.02875,0.0767708,0,32.9094,999.9,50.4,36.9,31.0647,61.943,18.9744,1,0.581164,0,20.4155,5.21609,11.986,4.9677,3.295,9113.3,9999,9999,255.3,4.97002,1.87548,1.87149,1.87469,1.87448,1.87241,1.87378,1.87498,0,0,0,0,11111111,oooooooo,on,on,on,on,0,100,100,-2.288,0.299,-1.259332991,-0.002774575,7.27494E-07,-2.16226E-10,0.319135,0,0,0,23,2146,2,22,1.4,1.7,0.153809,4.99756,1.49902,2.26929,1.4978,2.30347,39.7171,14.5261,3,344.862,629.945,33.6131,34.4965,30.0001,34.3218,34.3308,-1,40,10,-999.9,400,20,99.7351,105.991
63,1786466142,8143.6,20260811 12:35:42,12:35:42,15,1786466135,0.00064756,0.647560332,0.970685655,404.1235,325.008155,33.0960012,41.15241921,0.024495985,3.130101898,0.02438998,0.015253223,261.4500205,34.9639391,34.03382,5.353097848,52.53708333,2.75711455,5.247939883,2.595983299,-28.55741062,-59.95801902,-4.42389407,168.5106968,1.754274047,0.735748289,0.970685655,418.6297642,416.4515818,-0.021445969,92.63403789,0.647560332,25.47090549,26.99318242,-0.001033939,96.83632062,2,1,1,0,52602.35774,1500.000333,1273.860229,0.849239964,0.174299975,9,0.5,0: Broadleaf,2,TRUE,1786466135,404.1235,409.0455333,27.07531667,25.35796667,406.4425,26.77631667,375.1389667,101.7313,0.099994663,33.67851333,34.03382,999.9,0,0,9996.267667,716.6738333,0.218638,-4.8684491,415.4246333,419.6884,1.716898667,409.0455333,25.35796667,2.754361667,2.579699667,22.61302333,21.53815333,1500.000333,0.692000233,0.307999733,34,28282.55667,1786466183,12:36:22,1786466167,1786466061,65,-0.056,-0.021,-2.319,0.299,403,26,0.33,0.28,-3.70622951,-19.6749903,3.993376625,0,1.818225,-1.995282552,0.212998034,0,0,2,0/2,2.62891,2.71262,0.0948205,0.0943311,0.126984,0.121642,25106.6,24804.8,25256.5,25197.7,30479.2,30178.2,38806.9,37937.2,1.62938,2.02945,0.0842474,0,32.6778,999.9,49.1,36.9,30.2645,61.6675,18.762,1,0.578087,0,20.4161,5.21609,11.986,4.9676,3.295,9113.3,9999,9999,255.3,4.97,1.87551,1.87149,1.87469,1.87451,1.87244,1.87378,1.87498,0,0,0,0,11111111,oooooooo,on,on,on,on,0,100,100,-2.319,0.299,-1.243326623,-0.002774575,7.27494E-07,-2.16226E-10,0.298547619,0,0,0,23,2146,2,22,1.5,1.4,0.153809,4.99756,1.4978,2.26929,1.4978,2.44141,39.692,14.5436,3,345.284,630.537,33.5461,34.4777,29.9999,34.3176,34.3302,-1,40,10,-999.9,400,20,99.7409,105.999
64,1786466263,8264.1,20260811 12:37:42,12:37:42,15,1786466255,0.000563364,0.563363833,1.276658752,435.0464194,324.7714187,33.07183696,44.30126367,0.021699959,3.129189711,0.021616704,0.013517893,261.4497497,35.02382231,34.11031935,5.3759771,53.78967736,2.829022216,5.259414732,2.546954884,-24.84434505,-66.25482005,-4.892680579,165.457904,3.683136808,0.484235177,1.276658752,446.6821287,448.3324242,-0.487172604,92.63904147,0.563363833,26.69537742,27.87100909,0.013397377,97.0595564,2,1,1,0,52574.61938,1499.998065,1273.858353,0.849239998,0.174300058,9,0.5,0: Broadleaf,2,TRUE,1786466255,435.0464194,444.3876452,27.78150968,26.65210323,437.3554194,27.45750968,375.1564839,101.7310968,0.100022148,33.71758387,34.11031935,999.9,0,0,9992.120323,716.2742581,0.218638,-9.424074903,447.3812903,456.5553871,1.103946129,444.3876452,26.65210323,2.823651935,2.711346774,23.02296452,22.35400323,1499.998065,0.691999129,0.308000839,34.08737097,28282.48387,1786466281,12:38:00,1786466279,1786466281,66,0.063,0.026,-2.309,0.324,427,27,1.58,0.06,-10.5131086,62.60001992,9.605609131,0,1.09474375,0.190703077,0.025801866,0,0,2,0/2,2.62869,2.71256,0.100197,0.0997208,0.129895,0.126297,24959,24658.6,25258,25199,30379.6,30019.9,38809.2,37938.9,1.62962,2.02865,0.086613,0,32.7106,999.9,50.3,37,31.1747,62.4203,19.0745,1,0.574431,0,20.4165,5.21654,11.986,4.9677,3.295,9113.3,9999,9999,255.4,4.97,1.87547,1.87149,1.87469,1.87451,1.87244,1.87378,1.87499,0,0,0,0,11111111,oooooooo,on,on,on,on,0,100,100,-2.309,0.324,-1.299427003,-0.002774575,7.27494E-07,-2.16226E-10,0.298547619,0,0,0,23,2146,2,22,1.6,3.4,0.153809,4.99756,1.49902,2.26929,1.4978,2.40845,39.6669,14.5173,3,345.309,629.73,33.5556,34.4433,29.9999,34.297,34.3178,-1,40,10,-999.9,400,20,99.7468,106.004
65,1786466383,8384.1,20260811 12:39:42,12:39:42,15,1786466375,0.000599361,0.59936145,1.283322355,419.9739355,314.4380614,32.01854057,42.76502798,0.022871972,3.131502417,0.02277957,0.014245502,261.4498295,35.08567479,34.17692581,5.395966803,53.49671578,2.824889491,5.280491428,2.571077313,-26.43183995,-65.46565011,-4.834095923,164.7182435,-0.205889315,0.544221199,1.283322355,428.4172212,429.4815273,-0.429398055,92.63409383,0.59936145,26.58268333,27.83092485,0.014546694,96.83719406,2,1,1,0,52615.60112,1499.999355,1273.859429,0.849239985,0.174299961,9,0.5,0: Broadleaf,2,TRUE,1786466375,419.9739355,420.0283226,27.74182581,26.47238387,422.2319355,27.43482581,375.1342581,101.727871,0.099943487,33.78915484,34.17692581,999.9,0,0,10003.00419,715.8678065,0.218638,-0.090964645,431.9273871,431.4497742,1.286863871,420.0283226,26.47238387,2.823886452,2.692975484,23.02437419,22.24208065,1499.999355,0.692000516,0.307999484,35,28282.51613,1786466406,12:40:05,1786466406,1786466399,67,0.041,-0.017,-2.258,0.307,425,26,0.9,0.29,1.43269722,-17.9248689,2.88323176,0,1.385396585,-1.859641882,0.197788137,0,0,2,0/2,2.629,2.71271,0.096992,0.0967706,0.129677,0.125969,25050.8,24741.4,25260.7,25201,30389.7,30033.1,38813,37941.8,1.62955,2.02935,0.0850856,0,32.7959,999.9,50.4,37,31.2358,62.1803,18.8902,1,0.570882,0,20.4169,5.21729,11.986,4.9677,3.295,9113.3,9999,9999,255.4,4.97,1.87549,1.87149,1.87467,1.87448,1.87242,1.87378,1.87495,0,0,0,0,11111111,oooooooo,on,on,on,on,0,100,100,-2.258,0.307,-1.236340926,-0.002774575,7.27494E-07,-2.16226E-10,0.324415,0,0,0,23,2146,2,22,1.7,1.7,0.153809,4.99756,1.49902,2.26929,1.4978,2.33398,39.692,14.456,3,345.145,630.108,33.609,34.4121,30.0001,34.2706,34.2963,-1,40,10,-999.9,400,20,99.757,106.012
66,1786466503,8504.1,20260811 12:41:42,12:41:42,15,1786466495,0.000593916,0.593915868,1.105940033,431.6211935,338.3195504,34.44978275,43.95033137,0.022966123,3.130873365,0.022872941,0.014303929,261.4495303,35.19233624,34.31266452,5.436904402,54.61915671,2.901151636,5.31160093,2.535752766,-26.19168978,-70.60935647,-5.221105543,159.4273785,-0.813190007,0.491925267,1.105940033,439.7738615,441.6069333,-0.463461997,92.64318405,0.593915868,27.30976849,28.55706545,0.01321686,97.48181645,2,1,1,0,52583.03509,1499.997097,1273.857549,0.84924001,0.174300024,9,0.5,0: Broadleaf,2,TRUE,1786466495,431.6211935,430.1796774,28.49121935,27.34468065,433.8831935,28.16421935,375.1454194,101.7261935,0.099972606,33.89434194,34.31266452,999.9,0,0,10000.29452,715.5753871,0.218638,1.42366929,444.2517419,442.2739677,1.126929129,430.1796774,27.34468065,2.896308387,2.781670645,23.44345484,22.77551613,1499.997097,0.691999677,0.308000323,35,28282.47742,1786466526,12:42:05,1786466526,1786466520,68,0.034,0.019,-2.262,0.327,441,27,2.4,0.06,-0.62166955,21.96822074,5.720636504,0,1.120154075,1.037103186,0.16808444,0,0,2,0/2,2.62884,2.71277,0.0989835,0.0980724,0.132049,0.127302,24992,24702.1,25257.3,25197.3,30302.9,29983.6,38807.5,37936.8,1.62967,2.02892,0.0800937,0,33.0274,999.9,51.3,37,31.7963,62.2103,18.8942,1,0.57577,0,20.4156,5.21699,11.986,4.96775,3.295,9113.3,9999,9999,255.4,4.97,1.87548,1.87149,1.87468,1.87448,1.87243,1.87378,1.87499,0,0,0,0,11111111,oooooooo,on,on,on,on,0,100,100,-2.262,0.327,-1.195318778,-0.002774575,7.27494E-07,-2.16226E-10,0.307405,0,0,0,23,2146,2,22,1.6,1.7,0.153809,4.99756,1.49902,2.26929,1.4978,2.3584,39.7171,14.456,3,345.348,630.027,33.6813,34.4441,30.0005,34.3001,34.3241,-1,40,10,-999.9,400,20,99.7431,105.997
67,1786466623,8624.1,20260811 12:43:42,12:43:42,15,1786466615,0.00060689,0.606889947,1.292966816,437.4563871,332.7881065,33.88794457,44.546357,0.023420649,3.131062755,0.023323757,0.01458602,261.4496771,35.29991085,34.44651935,5.477538015,54.95977003,2.937364775,5.344572537,2.540173239,-26.76384667,-74.48844707,-5.514193135,154.6831902,7.862408281,0.59099644,1.292966816,449.635009,455.1675455,-0.886629095,92.63994061,0.606889947,27.38129193,28.82078424,-0.002473268,97.11039631,2,1,1,0,52568.4927,1499.99871,1273.858865,0.849239974,0.174299935,9,0.5,0: Broadleaf,2,TRUE,1786466615,437.4563871,456.9388065,28.84565806,27.46873548,439.7743871,28.51565806,375.151,101.7304194,0.099976352,34.00524194,34.44651935,999.9,0,0,10000.74452,715.5979032,0.218638,-19.42399948,450.5086129,469.8465806,1.373614194,456.9388065,27.46873548,2.934149677,2.794410645,23.65886774,22.85094839,1499.99871,0.692000871,0.307999129,35,28282.52258,1786466647,12:44:07,1786466647,1786466642,69,-0.092,0.003,-2.318,0.33,420,27,1.12,0.06,-18.8029646,82.86631936,19.72173686,0,1.3422095,0.810613959,0.107734679,0,0,2,0/2,2.62883,2.71255,0.101248,0.101867,0.132804,0.127852,24920.3,24588.5,25248.8,25187.8,30267.3,29953.8,38794.5,37922.3,1.629,2.0268,0.0738725,0,33.2498,999.9,51.7,37,32.0406,61.6103,18.6138,1,0.588242,0,20.4158,5.21699,11.986,4.9676,3.295,9113.3,9999,9999,255.5,4.97002,1.87547,1.8715,1.87468,1.87446,1.87247,1.87378,1.87497,0,0,0,0,11111111,oooooooo,on,on,on,on,0,100,100,-2.318,0.33,-1.161799261,-0.002774575,7.27494E-07,-2.16226E-10,0.326705,0,0,0,23,2146,2,22,1.6,1.7,0.153809,4.99756,1.49902,2.26929,1.4978,2.34009,39.7673,14.4035,3,345.482,629.144,33.7832,34.5624,30.0007,34.3973,34.4159,-1,40,10,-999.9,400,20,99.7097,105.957
68,1786466743,8744.1,20260811 12:45:42,12:45:42,15,1786466735,0.000683373,0.683372843,1.252748523,411.0957667,316.6701296,32.24987386,41.86623675,0.025539521,3.130631405,0.025424335,0.015900515,261.4498446,35.32721068,34.46584333,5.483425847,53.34199681,2.858189857,5.358235589,2.625235991,-30.13674237,-70.01273897,-5.185229363,156.1151339,-0.215148385,0.718008907,1.252748523,420.512595,420.8042667,-0.34345838,92.64011552,0.683372843,26.11287813,27.96204364,-0.024790639,97.12194349,1,0,1,0,52550.93385,1499.999,1273.859236,0.849240057,0.174300013,9,0.5,0: Broadleaf,2,TRUE,1786466735,411.0957667,411.2877333,28.06533,26.39122333,413.2817667,27.75933,375.1684333,101.7406,0.099993237,34.05102333,34.46584333,999.9,0,0,9997.773,716.3413,0.218638,-0.297841806,422.8678333,422.4367667,1.697771,411.2877333,26.39122333,2.857791,2.685058667,23.22172667,22.19283667,1499.999,0.692000033,0.308000033,35,28282.52,1786466777,12:46:17,1786466763,1786466777,70,0.125,-0.023,-2.186,0.306,423,26,0.74,0.08,-0.431577937,3.033330242,1.336883993,0,1.6503595,2.203859887,0.272386637,0,0,2,0/2,2.62833,2.71251,0.0954411,0.0949093,0.129947,0.123255,25072.4,24769.9,25240.3,25179,30357.4,30101.6,38782,37910.1,1.6277,2.02615,0.0721589,0,33.2863,999.9,49.8,37.1,31.0295,61.6403,18.1771,1,0.60107,0,20.4162,5.21235,11.986,4.96715,3.295,9113.3,9999,9999,255.5,4.97,1.87555,1.87149,1.87468,1.8745,1.87243,1.87378,1.87498,0,0,0,0,11111111,oooooooo,on,on,on,on,0,100,100,-2.186,0.306,-1.254324734,-0.002774575,7.27494E-07,-2.16226E-10,0.32966,0,0,0,23,2146,2,22,1.6,1.7,0.153809,4.99756,1.49902,2.26929,1.4978,2.29614,39.8177,14.3772,3,345.422,629.698,33.8608,34.7041,30.0004,34.5185,34.5257,-1,40,10,-999.9,400,20,99.6771,105.922
69,1786466863,8864.1,20260811 12:47:42,12:47:42,15,1786466855,0.000601538,0.601538075,1.691474656,432.7874,295.8132868,30.12541937,44.07476779,0.022393883,3.130999088,0.022305281,0.013948732,261.4498353,35.38845694,34.51698667,5.499035295,53.35252842,2.865378167,5.370651123,2.633657128,-26.52782911,-71.64649057,-5.308004291,157.9675113,0.910427336,0.587107613,1.691474656,452.452315,445.6926788,0.263347466,92.64235698,0.601538075,26.74576989,28.14959515,-0.000130617,97.32816963,1,0,1,0,52552.27067,1499.999333,1273.85957,0.849240091,0.174299968,9,0.5,0: Broadleaf,2,TRUE,1786466855,432.7874,435.5811,28.13627,26.76742,435.0344,27.83427,375.1541333,101.7393,0.100004453,34.09253667,34.51698667,999.9,0,0,9999.580667,716.3807,0.218638,-2.7634256,445.35,447.5610667,1.373260667,435.5811,26.76742,2.863014333,2.723301,23.25198333,22.42636333,1499.999333,0.692000833,0.3079993,35,28282.52333,1786466896,12:48:15,1786466896,1786466884,71,-0.071,-0.004,-2.247,0.302,415,26,0.39,0.1,-4.86087695,15.10384451,5.421415588,0,1.31512575,0.950562889,0.114370933,0,0,2,0/2,2.62867,2.7127,0.0996695,0.0984787,0.13069,0.126287,24954.6,24671.8,25240,25178.7,30331.6,29997.7,38781.4,37909.7,1.62792,2.02472,0.0785291,0,33.2546,999.9,50.1,37.1,31.2179,62.2702,18.7139,1,0.602213,0,20.4161,5.21684,11.986,4.96775,3.295,9113.3,9999,9999,255.5,4.97001,1.87547,1.87149,1.87468,1.87445,1.87241,1.87378,1.87498,0,0,0,0,11111111,oooooooo,on,on,on,on,0,100,100,-2.247,0.302,-1.129613781,-0.002774575,7.27494E-07,-2.16226E-10,0.306419048,0,0,0,23,2146,2,22,1.7,1.4,0.153809,4.99756,1.49902,2.26929,1.4978,2.29492,39.8428,14.3422,3,345.743,628.951,33.8967,34.7421,30.0002,34.5623,34.5723,-1,40,10,-999.9,400,20,99.6754,105.921
70,1786466983,8984.1,20260811 12:49:42,12:49:42,15,1786466975,0.000623971,0.623971099,1.512637053,415.7024194,294.0215099,29.943348,42.33541353,0.022880655,3.131115835,0.022788171,0.014250885,261.4501271,35.43780436,34.54785806,5.508476233,52.60998883,2.83415657,5.38710734,2.674319663,-27.51712545,-67.5937649,-5.009663605,161.3295732,1.476170805,0.583262425,1.512637053,429.9877996,427.2642303,-0.10210421,92.64245848,0.623971099,26.46018467,27.83882,0.007413831,97.44279512,1,0,1,0,52545.59558,1500.000645,1273.860667,0.849240079,0.17430001,9,0.5,0: Broadleaf,2,TRUE,1786466975,415.7024194,419.8256774,27.82931935,26.46892903,417.8834194,27.47131935,375.1331935,101.7406774,0.099994068,34.14743226,34.54785806,999.9,0,0,9999.97871,716.1780323,0.218638,-4.190883871,427.5080645,431.240129,1.304420968,419.8256774,26.46892903,2.825679677,2.692967419,23.03485484,22.2422,1500.000645,0.692000161,0.307999935,35,28282.54516,1786467013,12:50:12,1786467000,1786467013,72,0.092,0.056,-2.181,0.358,427,28,0.59,0.14,-3.78941878,-2.815003275,1.571149715,0,1.359774634,-0.658705714,0.120727479,0,0,2,0/2,2.62849,2.71259,0.0965751,0.0972757,0.129682,0.125321,25038.6,24702.6,25238.3,25176.7,30364.5,30028.4,38778.7,37906.6,1.627,2.02435,0.0782013,0,33.2893,999.9,49.3,37.1,30.7181,62.6003,18.9984,1,0.605404,0,20.4166,5.21325,11.986,4.96765,3.295,9113.3,9999,9999,255.6,4.97,1.87554,1.8715,1.87468,1.87446,1.87243,1.87378,1.87499,0,0,0,0,11111111,oooooooo,on,on,on,on,0,100,100,-2.181,0.358,-1.200533148,-0.002774575,7.27494E-07,-2.16226E-10,0.30203,0,0,0,23,2146,2,22,1.4,1.6,0.153809,4.99756,1.49902,2.26929,1.4978,2.3877,39.9184,14.3509,3,345.492,629.102,33.9506,34.7775,30.0004,34.6054,34.619,-1,40,10,-999.9,400,20,99.6687,105.912
71,1786467103,9104.1,20260811 12:51:42,12:51:42,15,1786467095,0.000621763,0.621762791,1.340137879,411.4216452,303.7697132,30.93613357,41.8994864,0.02330488,3.130265297,0.023208917,0.014514162,261.4496318,35.47767341,34.59822581,5.523909697,53.87393619,2.90856639,5.398837723,2.615343307,-27.41973909,-69.48673391,-5.153607273,159.3895515,2.098520137,0.595480584,1.340137879,427.4952181,424.1907818,-4.59461E-05,92.64242268,0.621762791,27.23792934,28.59918303,0.008484149,97.4355321,1,0,1,0,52519.33575,1499.997742,1273.858055,0.849239982,0.174300017,9,0.5,0: Broadleaf,2,TRUE,1786467095,411.4216452,417.0439032,28.55994839,27.17214839,413.6756452,28.21994839,375.1450645,101.7407419,0.100001974,34.18647419,34.59822581,999.9,0,0,9996.086452,717.0843548,0.218638,-5.515052903,423.6354194,428.6925484,1.405374839,417.0439032,27.17214839,2.907497742,2.764514516,23.50744194,22.67364194,1499.997742,0.691999677,0.30800029,35,28282.49355,1786467134,12:52:14,1786467120,1786467134,73,-0.102,-0.017,-2.254,0.34,410,28,0.49,0.15,-5.27564975,6.627502627,2.086961459,0,1.42950275,-0.065560638,0.09695498,1,1,2,1/2,2.6281,2.71254,0.0959487,0.0962412,0.131925,0.12677,25050.4,24724.1,25233,25170,30280.4,29971.1,38770.7,37897,1.6266,2.02285,0.0765771,0,33.355,999.9,50.4,37.2,31.5745,62.6603,18.1811,1,0.614093,0,20.4166,5.21489,11.986,4.96765,3.295,9113.3,9999,9999,255.6,4.96999,1.87547,1.87149,1.87468,1.87447,1.87243,1.87378,1.875,0,0,0,0,11111111,oooooooo,on,on,on,on,0,100,100,-2.254,0.34,-1.108156228,-0.002774575,7.27494E-07,-2.16226E-10,0.35758,0,0,0,23,2146,2,22,1.7,1.5,0.153809,4.99756,1.49902,2.26929,1.4978,2.3877,39.9437,14.3159,3,345.685,628.624,34.0011,34.8623,30.0004,34.6872,34.6987,-1,40,10,-999.9,400,20,99.648,105.885
72,1786467223,9224.1,20260811 12:53:42,12:53:42,15,1786467215,0.00062224,0.622239866,1.246864576,408.7520333,307.0206292,31.2668281,41.62710367,0.023194172,3.129814487,0.023099103,0.014445448,261.4503917,35.4225285,34.52319333,5.500932256,53.32996903,2.870348411,5.382242787,2.630583845,-27.4407781,-66.13944739,-4.902937711,162.9672285,3.456894631,0.548639331,1.246864576,432.0039136,423.6749818,0.534368345,92.63569883,0.622239866,26.94509656,28.27500545,0.011732074,96.90083248,1,0,1,0,52518.37682,1500.002333,1273.861976,0.849239996,0.17429999,9,0.5,0: Broadleaf,2,TRUE,1786467215,408.7520333,417.5834,28.18502,26.90589,410.9670333,27.87102,375.1443,101.7395,0.10000237,34.13122,34.52319333,999.9,0,0,9994.149,717.9571667,0.218638,-8.858889333,420.5899667,429.1295667,1.305519667,417.5834,26.90589,2.870213667,2.737391,23.29354,22.51131667,1500.002333,0.692000133,0.307999867,35,28282.56333,1786467263,12:54:23,1786467263,1786467240,74,0.041,-0.027,-2.215,0.314,414,27,1.06,0.08,-7.772352195,-17.01497645,2.864049129,0,1.327243902,-0.195397213,0.056609406,0,0,2,0/2,2.62828,2.71265,0.0959106,0.0964893,0.130932,0.126523,25047.8,24714.1,25229.6,25166.9,30311.1,29976.2,38765.2,37892.5,1.62628,2.02173,0.0823811,0,33.207,999.9,49.8,37.2,31.1987,62.0003,17.9728,1,0.61862,0,20.416,5.21474,11.986,4.96765,3.295,9113.3,9999,9999,255.6,4.97,1.87548,1.87149,1.87467,1.87446,1.87241,1.87378,1.87498,0,0,0,0,11111111,oooooooo,on,on,on,on,0,100,100,-2.215,0.314,-1.210085747,-0.002774575,7.27494E-07,-2.16226E-10,0.340395238,0,0,0,23,2146,2,22,1.7,1.5,0.153809,4.99756,1.49902,2.26929,1.4978,2.32788,39.9689,14.2634,3,345.8,628.222,33.9797,34.9196,30.0002,34.7449,34.7542,-1,40,10,-999.9,400,20,99.6341,105.872
73,1786467343,9344.1,20260811 12:55:42,12:55:42,15,1786467335,0.000625734,0.625734138,1.295972418,408.9175667,305.9210237,31.15411073,41.64298026,0.023691523,3.1307431,0.023592371,0.014754106,261.4508096,35.39444075,34.49416,5.492063606,54.00616485,2.902387301,5.374177762,2.589676304,-27.59487551,-65.80012227,-4.875005337,163.1808065,4.201299655,0.625613765,1.295972418,435.2401291,425.3884848,0.6767637,92.64033478,0.625734138,26.99142918,28.45525152,-0.000517252,97.13706031,1,0,1,0,52544.31425,1500.004667,1273.863923,0.849239973,0.174299997,9,0.5,0: Broadleaf,2,TRUE,1786467335,408.9175667,419.6107,28.50029333,27.04215333,411.0775667,28.17729333,375.1390333,101.7371333,0.099969437,34.10431333,34.49416,999.9,0,0,9998.624,718.3066667,0.220141133,-10.73470067,420.8668333,431.2730667,1.448702,419.6107,27.04215333,2.898577,2.751189,23.45648667,22.59402,1500.004667,0.691999933,0.308000033,35,28282.61333,1786467361,12:56:00,1786467359,1786467361,75,0.068,0.009,-2.16,0.323,420,27,0.32,0.06,-10.292657,-11.05134507,2.453289951,0,1.405166,1.071696135,0.105568112,0,0,2,0/2,2.62819,2.71252,0.0961898,0.09688,0.131569,0.126354,25041,24704.2,25230.5,25167.7,30289.9,29983.1,38766.6,37893.9,1.62635,2.02218,0.0821203,0,33.1518,999.9,49.9,37.2,31.2646,62.2103,17.9768,1,0.617261,0,20.4161,5.21534,11.986,4.96755,3.295,9113.3,9999,9999,255.7,4.97,1.8755,1.87149,1.87468,1.87446,1.87244,1.87378,1.875,0,0,0,0,11111111,oooooooo,on,on,on,on,0,100,100,-2.16,0.323,-1.168863009,-0.002774575,7.27494E-07,-2.16226E-10,0.31357,0,0,0,23,2146,2,22,1.3,1.7,0.153809,4.99756,1.49902,2.26807,1.4978,2.34375,39.9689,14.2634,3,345.869,628.674,33.9689,34.9135,30,34.7515,34.761,-1,40,10,-999.9,400,20,99.6377,105.876
74,1786467463,9464.1,20260811 12:57:42,12:57:42,15,1786467455,0.00060495,0.604949939,1.459653277,415.9811613,299.3297609,30.48203382,42.36114641,0.023068939,3.130745882,0.022974919,0.014367739,261.450702,35.21020535,34.2971871,5.43222295,53.7829087,2.86000685,5.317687197,2.5722161,-26.6782923,-64.53131854,-4.771985299,165.4691058,1.587870719,0.580610487,1.459653277,431.512473,427.8959273,0.001888961,92.635375,0.604949939,26.66663167,28.08772,-0.001024815,96.88775975,1,0,1,0,52576.75341,1500.003548,1273.863047,0.849240022,0.174300056,9,0.5,0: Broadleaf,2,TRUE,1786467455,415.9811613,420.3699677,28.08490968,26.73111613,418.1581613,27.76790968,375.1485484,101.7342903,0.100000148,33.91485806,34.2971871,999.9,0,0,9998.916129,718.8117097,0.219387355,-4.361503226,428.0319677,431.9154516,1.359529032,420.3699677,26.73111613,2.857779355,2.719469032,23.22169032,22.40321935,1500.003548,0.691999258,0.308000742,34,28282.56452,1786467487,12:58:06,1786467485,1786467487,76,-0.017,-0.006,-2.177,0.317,421,27,0.56,0.08,-5.27999875,16.46603336,2.367217859,0,1.3683325,0.116766079,0.042631061,0,0,2,0/2,2.62841,2.71264,0.0966334,0.0971471,0.130392,0.126317,25033.5,24703.5,25235,25174.2,30335.9,29991.2,38773.4,37902.7,1.62733,2.02313,0.0904873,0,32.8298,999.9,49.5,37.2,31.0116,62.3003,18.2252,1,0.60811,0,20.4162,5.21564,11.986,4.96775,3.295,9113.3,9999,9999,255.7,4.97,1.87549,1.87149,1.87469,1.87441,1.87244,1.87378,1.875,0,0,0,0,11111111,oooooooo,on,on,on,on,0,100,100,-2.177,0.317,-1.100984632,-0.002774575,7.27494E-07,-2.16226E-10,0.322735,0,0,0,23,2146,2,22,1.7,1.7,0.153809,4.99756,1.4978,2.26929,1.4978,2.41577,39.9437,14.2546,3,346.044,628.893,33.8468,34.8315,29.9996,34.687,34.702,-1,40,10,-999.9,400,20,99.6553,105.901
75,1786467583,9584.1,20260811 12:59:42,12:59:42,15,1786467575,0.000574439,0.574438507,2.083668341,426.0674839,260.5212187,26.5290593,43.38675215,0.022118606,3.130896042,0.022032161,0.013777839,261.4498748,35.13904187,34.22365484,5.410029511,54.07357776,2.862874017,5.294404654,2.547155493,-25.33273818,-65.38872337,-4.831565351,165.8968479,1.979985991,0.591098852,2.083668341,450.3888936,439.7742848,0.556638394,92.63488281,0.574438507,26.74834174,28.09816242,-0.001015373,96.86812965,1,0,1,0,52593.60605,1499.999677,1273.859698,0.849239982,0.174299954,9,0.5,0: Broadleaf,2,TRUE,1786467575,426.0674839,431.4217097,28.11405484,26.73586129,428.2634839,27.79205484,375.1523871,101.7307097,0.099995068,33.83626452,34.22365484,999.9,0,0,9999.954194,718.5587097,0.218638,-5.34785129,438.3967742,443.2731935,1.373220645,431.4217097,26.73586129,2.859555161,2.719857742,23.23196774,22.40555806,1499.999677,0.692000613,0.307999387,34,28282.52581,1786467619,13:00:19,1786467619,1786467600,77,0.01,0.005,-2.196,0.322,436,27,1.87,0.17,-4.879856341,-24.58748592,3.76230061,0,1.391433659,-0.466021463,0.055019664,0,0,2,0/2,2.62849,2.71248,0.0987132,0.0987147,0.130483,0.126479,24986.3,24670.8,25244.9,25184,30343.3,29996.7,38787.8,37916.9,1.62845,2.02562,0.0944063,0,32.6896,999.9,49.5,37.2,31.0129,62.2403,18.4054,1,0.591827,0,20.4154,5.21504,11.986,4.96775,3.295,9113.3,9999,9999,255.7,4.96999,1.87548,1.87149,1.87468,1.87448,1.87241,1.87378,1.87498,0,0,0,0,11111111,oooooooo,on,on,on,on,0,100,100,-2.196,0.322,-1.117760426,-0.002774575,7.27494E-07,-2.16226E-10,0.317025,0,0,0,23,2146,2,22,1.6,1.6,0.153809,4.99756,1.49902,2.26807,1.4978,2.32056,39.8177,14.1933,3,345.948,629.766,33.7466,34.67,29.9994,34.5509,34.5768,-1,40,10,-999.9,400,20,99.6931,105.942
76,1786467703,9704.1,20260811 13:01:42,13:01:42,15,1786467695,0.000560273,0.560273427,1.518785123,421.3087333,296.4274538,30.18274177,42.89836363,0.022109016,3.130165497,0.022022626,0.013771875,261.4498557,35.08089884,34.16136,5.391289468,55.08617652,2.906413687,5.276121654,2.484875781,-24.70805811,-65.31153523,-4.824059359,166.606203,0.183972045,0.649516303,1.518785123,432.5007174,431.7218606,-0.301302566,92.64008003,0.560273427,26.96741505,28.43061515,-0.015243552,97.12050692,1,0,1,0,52587.19074,1499.999,1273.859163,0.849240008,0.17430002,9,0.5,0: Broadleaf,2,TRUE,1786467695,421.3087333,422.4065667,28.54415333,27.03043333,423.6197333,28.21015333,375.1544333,101.7217,0.099981433,33.77433667,34.16136,999.9,0,0,9997.501667,718.3182,0.218638,-0.956270358,433.8284333,434.1417,1.501860333,422.4065667,27.03043333,2.902353333,2.749581667,23.47803667,22.58444333,1499.999,0.691999733,0.308000267,34,28282.51,1786467728,13:02:07,1786467728,1786467725,78,-0.136,0.012,-2.311,0.334,420,27,0.27,0.05,-0.434425872,-5.838342887,1.652092924,0,1.507046098,-0.045079233,0.022219426,1,1,2,1/2,2.62848,2.71278,0.0973029,0.0977257,0.131548,0.126918,25034.7,24707.2,25253.6,25193.1,30315.2,29991.5,38800.5,37929.9,1.62947,2.02845,0.0936016,0,32.6345,999.9,50.1,37.2,31.3939,62.4203,19.1226,1,0.577027,0,20.4161,5.21609,11.986,4.96745,3.295,9113.3,9999,9999,255.8,4.96999,1.87548,1.87149,1.87469,1.87445,1.87241,1.87378,1.875,0,0,0,0,11111111,oooooooo,on,on,on,on,0,100,100,-2.311,0.334,-1.108123734,-0.002774575,7.27494E-07,-2.16226E-10,0.322155,0,0,0,23,2146,2,22,1.4,1.7,0.153809,4.99756,1.49902,2.26929,1.4978,2.40845,39.7422,14.1933,3,345.754,630.771,33.6869,34.5112,29.9995,34.405,34.4375,-1,40,10,-999.9,400,20,99.7264,105.979
77,1786468089,10090,20260811 13:08:08,13:08:08,15,1786468081,0.000567833,0.567833391,1.731753544,455.8470968,320.7960446,32.66705183,46.41946491,0.023210644,3.130696623,0.023115466,0.014455685,261.4500054,34.78979585,33.96615484,5.332931325,56.4962435,2.932965067,5.191433775,2.399966258,-25.04145254,-81.20597631,-5.982855519,149.219721,5.921688155,0.464946354,1.731753544,471.4055568,472.7830727,-0.573417713,92.63951144,0.567833391,27.74781706,28.90759515,0.015795749,97.08651141,0,0,1,0,52649.28858,1499.999677,1273.859675,0.849239966,0.174300041,9,0.5,0: Broadleaf,2,TRUE,1786468081,455.8470968,470.5622581,28.80221935,27.71889677,457.7050968,28.48021935,375.1416129,101.7312258,0.099991806,33.48502581,33.96615484,999.9,0,0,9998.992258,716.7637742,0.219387355,-14.75320339,469.3290645,483.9778387,1.08750371,470.5622581,27.71889677,2.930509677,2.819876774,23.63820323,23.00085161,1499.999677,0.691999258,0.308000677,34,28282.51935,1786468129,13:08:49,1786468062,1786468129,80,0.486,-0.004,-1.858,0.322,455,27,4.3,0.38,-19.96726573,132.4976879,14.40902831,0,1.052729415,0.739350418,0.095696396,0,0,2,0/2,2.62892,2.71253,0.104102,0.103466,0.133182,0.129017,24853.7,24558.6,25260.3,25201.1,30265,29928.9,38810.3,37942.1,1.64373,2.02908,0.0891089,0,32.5072,999.9,51,37.1,31.7788,62.4903,19.395,1,0.558793,0,20.4153,5.21594,11.9858,4.96765,3.295,9113.3,9999,9999,255.9,4.97,1.87547,1.87149,1.87467,1.87441,1.87242,1.87378,1.87499,0,0,0,0,11111111,oooooooo,on,on,on,on,0,100,100,-1.858,0.322,-0.757774207,-0.002774575,7.27494E-07,-2.16226E-10,0.326185,0,0,0,23,2146,2,22,0.4,0.6,0.153809,4.99756,1.4978,2.26807,1.4978,2.42188,39.4666,14.132,3,351.57,628.69,33.3844,34.2631,30.0001,34.1484,34.1794,-1,40,10,-999.9,400,20,99.7521,106.012
78,1786468255,10256.5,20260811 13:10:55,13:10:55,15,1786468247,0.000722214,0.722214316,2.378478797,402.1247419,260.111395,26.48572459,40.94616911,0.029624223,3.130274748,0.029469349,0.01843219,261.4500472,34.48276373,33.68400968,5.249552819,55.80114484,2.853398364,5.113512227,2.396154454,-31.84965133,-79.11929316,-5.814181149,144.6669216,-0.360377629,0.821419406,2.378478797,413.0197614,410.4490121,-0.333428345,92.6421464,0.722214316,26.10312186,27.92245273,-0.013034162,97.30296112,0,0,1,0,52685.80029,1500.000645,1273.860597,0.849240033,0.174299957,9,0.5,0: Broadleaf,2,TRUE,1786468247,402.1247419,402.0526129,28.02269677,26.10722258,404.2987419,27.71169677,375.1347419,101.7245806,0.099964913,33.21518065,33.68400968,999.9,0,0,9997.717742,717.2553871,0.218638,0.471162677,414.1339355,412.8305484,1.926734516,402.0526129,26.10722258,2.851743226,2.655747097,23.1866129,22.01380323,1500.000645,0.692000774,0.30799929,33.00807097,28282.55806,1786468287,13:11:26,1786468285,1786468287,81,-0.394,-0.012,-2.174,0.311,403,26,0.84,0.23,2.155820325,-38.62888166,3.826352028,0,1.99361925,-1.557555084,0.156244306,0,0,2,0/2,2.6289,2.71257,0.0936741,0.0942848,0.130022,0.124762,25147.6,24814.3,25264.5,25205,30378.5,30078.5,38816,37947.6,1.64685,2.03225,0.0863485,0,32.2727,999.9,49,37.1,30.5364,62.3503,18.6018,1,0.550615,0,20.4163,5.21654,11.986,4.9676,3.295,9113.3,9999,9999,255.9,4.97001,1.87546,1.87149,1.87466,1.87441,1.87241,1.87378,1.875,0,0,0,0,11111111,oooooooo,on,on,on,on,0,100,100,-2.174,0.311,-0.757774207,-0.002774575,7.27494E-07,-2.16226E-10,0.322266667,0,0,0,23,2146,2,22,3.2,2.1,0.153809,4.99756,1.49902,2.26807,1.4978,2.31079,39.3917,14.0707,3,352.685,630.477,33.1768,34.1699,29.9996,34.0582,34.089,-1,40,10,-999.9,400,20,99.7676,106.028
79,1786468375,10376.5,20260811 13:12:55,13:12:55,15,1786468367,0.000849882,0.849881923,3.011594815,412.8469333,266.872662,27.17331978,42.03660898,0.036375387,3.130707723,0.036142211,0.022609707,261.4500317,34.33449086,33.53869333,5.207053551,57.24688082,2.908146149,5.080008041,2.298907402,-37.47979281,-74.37241544,-5.457577802,144.1402457,0.445623226,0.779756179,3.011594815,427.7880275,422.3391879,-0.200169323,92.64201042,0.849881923,26.95083437,28.6655903,0.025653299,97.28002289,0,0,1,0,52715.89467,1500.000333,1273.860195,0.849239941,0.174299982,9,0.5,0: Broadleaf,2,TRUE,1786468367,412.8469333,414.6883667,28.56127667,26.74397333,415.1249333,28.22227667,375.1365,101.7213,0.099994007,33.09805333,33.53869333,999.9,0,0,10000.01867,716.3161667,0.218638,-1.7573647,425.0590667,426.0839667,1.789033667,414.6883667,26.74397333,2.902413333,2.72043,23.47838333,22.40849667,1500.000333,0.692000033,0.3079999,33,28282.55667,1786468396,13:13:16,1786468396,1786468395,82,-0.104,0.028,-2.278,0.339,401,27,0.66,0.12,0.298330725,-44.68034937,4.89372827,0,1.89255525,-2.272814522,0.227572776,0,0,2,0/2,2.62935,2.71253,0.0957662,0.0958818,0.132532,0.12733,25094.5,24775.3,25269.1,25209.6,30295.7,29994.8,38822.9,37953.5,1.6484,2.033,0.086043,0,32.1471,999.9,49.6,37,30.7428,61.8103,18.7861,1,0.542541,0,20.416,5.21534,11.986,4.9678,3.29503,9113.3,9999,9999,256,4.96999,1.87546,1.87148,1.87463,1.8744,1.87241,1.87378,1.87499,0,0,0,0,11111111,oooooooo,on,on,on,on,0,100,100,-2.278,0.339,-1.151940279,-0.002774575,7.27494E-07,-2.16226E-10,0.310728571,0,0,0,23,2146,2,22,1.5,1.5,0.153809,4.99756,1.49902,2.26929,1.4978,2.31934,39.3169,14.0532,3,353.044,630.321,33.027,34.0704,29.9998,33.9746,34.011,-1,40,10,-999.9,400,20,99.7853,106.046
80,1786468495,10496.5,20260811 13:14:55,13:14:55,15,1786468487,0.00098455,0.984550191,3.044072686,397.6490968,271.3317846,27.62721915,40.48894882,0.043008246,3.130673831,0.042682688,0.026705724,261.4502068,34.23429334,33.47374516,5.188155765,57.95828346,2.933148477,5.060792526,2.255007288,-43.41866342,-74.7987893,-5.485366633,137.7473874,-0.396843687,1.066790006,3.044072686,406.8144598,404.6672606,-0.542462247,92.64207725,0.984550191,26.3832837,28.73910242,-0.005966996,97.29061264,0,0,1,0,52726.72405,1500.00129,1273.861089,0.849239995,0.174299988,9,0.5,0: Broadleaf,2,TRUE,1786468487,397.6490968,397.7147419,28.80696774,26.32153871,399.7810968,28.49296774,375.167871,101.7207742,0.100024981,33.03057419,33.47374516,999.9,0,0,9999.915484,716.0845484,0.218638,-0.195976097,409.3204194,408.4662258,2.510172258,397.7147419,26.32153871,2.932783548,2.677447419,23.6510871,22.14732581,1500.00129,0.692000161,0.307999839,33,28282.54516,1786468527,13:15:27,1786468520,1786468527,83,0.132,-0.025,-2.132,0.314,399,26,0.22,0.06,0.12102885,-9.61480866,1.166946763,0,2.5462175,-1.032846079,0.111866759,0,0,2,0/2,2.62934,2.71257,0.0926899,0.0925918,0.132639,0.124708,25181.8,24867.6,25270.8,25211.5,30293.3,30087.2,38825.4,37956.9,1.6488,2.0351,0.0777356,0,32.2047,999.9,49.1,37,30.432,62.1103,18.5737,1,0.537815,0,20.4169,5.21684,11.986,4.9677,3.295,9113.3,9999,9999,256,4.96999,1.87546,1.87149,1.8746,1.87441,1.87241,1.87378,1.87499,0,0,0,0,11111111,oooooooo,on,on,on,on,0,100,100,-2.132,0.314,-1.255547284,-0.002774575,7.27494E-07,-2.16226E-10,0.33875,0,0,0,23,2146,2,22,1.6,1.7,0.153809,4.99756,1.49902,2.26929,1.4978,2.28394,39.2671,14.0182,3,352.944,631.515,32.9529,34.0083,29.9999,33.9142,33.9525,-1,40,10,-999.9,400,20,99.792,106.055
81,1786468615,10616.5,20260811 13:16:55,13:16:55,15,1786468607,0.000978686,0.978686188,2.094014794,412.0171935,319.1904287,32.49963704,41.95116157,0.042533655,3.130733372,0.042215219,0.026412923,261.4486831,34.22795557,33.48156774,5.190428715,57.80251087,2.923993169,5.058591964,2.266435545,-43.16006089,-77.42725466,-5.678019519,135.1833481,2.964263347,0.99821141,2.094014794,433.1724176,425.5507091,0.249481789,92.64186578,0.978686188,26.50885668,28.70980242,0.007679464,97.26512135,0,0,1,0,52729.39568,1499.992258,1273.853363,0.849239958,0.174300022,9,0.5,0: Broadleaf,2,TRUE,1786468607,412.0171935,420.1152903,28.71757097,26.39158387,414.2201935,28.39857097,375.1485484,101.7189677,0.099990855,33.02283226,33.48156774,999.9,0,0,10000.36516,715.3884516,0.218638,-8.058554297,424.2377419,431.5036129,2.321060645,420.1152903,26.39158387,2.92062129,2.684524839,23.58214516,22.1905129,1499.992258,0.691999516,0.308000419,33.82795161,28282.37742,1786468637,13:17:17,1786468637,1786468633,84,-0.055,0.005,-2.203,0.319,404,26,0.33,0.07,-11.48061569,36.80069769,10.21668907,0,2.211588049,1.008820348,0.238252456,0,0,2,0/2,2.62968,2.71265,0.0963113,0.0963265,0.132657,0.125761,25081.6,24765.7,25271,25211.8,30292.9,30051.5,38825.4,37957.1,1.64662,2.03482,0.07689,0,32.2346,999.9,48.9,37,30.3115,61.7203,18.6378,1,0.536146,0,20.4159,5.21654,11.9858,4.9677,3.295,9113.3,9999,9999,256,4.97,1.87546,1.87149,1.87466,1.8744,1.87244,1.87378,1.87499,0,0,0,0,11111111,oooooooo,on,on,on,on,0,100,100,-2.203,0.319,-1.123618386,-0.002774575,7.27494E-07,-2.16226E-10,0.31408,0,0,0,23,2146,2,22,1.6,1.5,0.153809,4.99756,1.49902,2.26929,1.4978,2.31323,39.2671,14.0095,3,351.712,630.977,32.9168,33.9854,30,33.8845,33.9228,-1,40,10,-999.9,400,20,99.7923,106.056
82,1786468735,10736.5,20260811 13:18:55,13:18:55,15,1786468727,0.000999787,0.999787327,3.977744101,411.8378065,252.7663163,25.73611141,41.93242132,0.043638607,3.130927847,0.043303502,0.027094582,261.4499892,34.2537375,33.51956452,5.201481483,58.11175625,2.94476108,5.067410227,2.256720403,-44.09062113,-78.61199287,-5.766491133,132.980884,1.821155775,1.117307053,3.977744101,435.4171756,422.8376485,0.281656535,92.63905002,0.999787327,26.25031987,28.78793758,-0.020137694,97.05911293,0,0,1,0,52728.52294,1499.999355,1273.859493,0.849240027,0.174300068,9,0.5,0: Broadleaf,2,TRUE,1786468727,411.8378065,417.3106774,28.92186774,26.31896129,414.0556774,28.59986774,375.1549355,101.7178065,0.099998187,33.05383871,33.51956452,999.9,0,0,10001.36806,715.223871,0.218638,-5.472778129,424.1028065,428.5913871,2.600239677,417.3106774,26.31896129,2.941598387,2.677107419,23.70089032,22.14517742,1499.999355,0.691999097,0.308000903,34,28282.50323,1786468754,13:19:14,1786468637,1786468754,85,-0.055,0.003,-2.203,0.322,404,27,0.33,0.16,-4.982178456,-60.67989276,9.270235439,0,2.649704634,-1.602623415,0.175315694,0,0,2,0/2,2.62954,2.71268,0.0959782,0.0994081,0.132882,0.126038,25089.7,24679.8,25269.9,25210.5,30283.6,30040.4,38823.6,37954.8,1.64638,2.03468,0.0778586,0,32.2412,999.9,49.3,37,30.5554,61.9903,18.6859,1,0.53718,0,20.418,5.21654,11.986,4.96775,3.29503,9113.3,9999,9999,256.1,4.97,1.87546,1.87149,1.87462,1.8744,1.87244,1.87378,1.87499,0,0,0,0,11111111,oooooooo,on,on,on,on,0,100,100,-2.217,0.322,-1.178346344,-0.002774575,7.27494E-07,-2.16226E-10,0.319338095,0,0,0,23,2146,2,22,1.6,1.7,0.153809,4.99756,1.49902,2.26807,1.4978,2.29492,39.292,13.9919,3,351.572,630.785,32.9502,33.9945,30,33.8814,33.9166,-1,40,10,-999.9,400,20,99.7877,106.05
83,1786468855,10856.5,20260811 13:20:55,13:20:55,15,1786468847,0.001050842,1.050842108,2.992482714,397.104,278.8745106,28.39348176,40.43096357,0.04561768,3.130730411,0.045251606,0.028314899,261.450321,34.1280055,33.38910645,5.16361823,57.45155152,2.892803825,5.035205749,2.270814405,-46.34213694,-75.73879758,-5.54944684,133.8199396,2.143327299,1.07003133,2.992482714,414.2422079,407.8722667,-0.10134681,92.63841299,1.050842108,25.90835222,28.39606303,-0.003699494,97.02521595,0,0,1,0,52743.44533,1500.002258,1273.861889,0.849239981,0.174299952,9,0.5,0: Broadleaf,2,TRUE,1786468847,397.104,403.2654194,28.41248065,25.91832581,399.255,28.10748065,375.1435806,101.7145484,0.099997865,32.94037419,33.38910645,999.9,0,0,10000.78613,715.3224194,0.218638,-6.194333871,408.6900968,413.9954194,2.511645484,403.2654194,25.91832581,2.891740968,2.63627,23.41733871,21.89314516,1500.002258,0.692000645,0.307999355,33,28282.58065,1786468881,13:21:21,1786468871,1786468881,86,0.04,-0.017,-2.151,0.305,401,26,0.43,0.05,-8.390271,25.49199422,4.406088286,0,2.47912075,0.322594784,0.09158206,0,0,2,0/2,2.62948,2.71272,0.0932867,0.0933314,0.131612,0.124039,25165.9,24848.5,25271.3,25212.5,30329,30110.9,38825.4,37957.7,1.65047,2.03575,0.0780821,0,32.1075,999.9,48.2,36.9,29.7145,62.1103,19.4471,1,0.534149,0,20.4174,5.21534,11.986,4.96765,3.295,9113.3,9999,9999,256.1,4.96999,1.87546,1.87149,1.87464,1.87439,1.87242,1.87378,1.875,0,0,0,0,11111111,oooooooo,on,on,on,on,0,100,100,-2.151,0.305,-1.178346344,-0.002774575,7.27494E-07,-2.16226E-10,0.32249,0,0,0,23,2146,2,22,3.6,1.7,0.153809,4.99756,1.4978,2.26807,1.4978,2.43774,39.292,14.0182,3,353.465,631.363,32.8686,33.9631,29.9999,33.8509,33.8834,-1,40,10,-999.9,400,20,99.7927,106.058
84,1786468975,10976.5,20260811 13:22:55,13:22:55,15,1786468967,0.001015551,1.015551206,3.130470881,393.6954516,271.7757103,27.67013023,40.08306852,0.045833605,3.131826174,0.0454642,0.028448066,261.4506548,34.01500356,33.28119355,5.132479745,58.95875977,2.948511965,5.000973522,2.18396778,-44.78580817,-78.02616874,-5.708628787,132.9300491,4.796059472,0.977033925,3.130470881,419.5570655,408.0645879,0.382473635,92.6384143,1.015551206,26.74566693,28.98557333,0.012169232,97.02343367,0,0,1,0,52789.6602,1500.002903,1273.862525,0.84924004,0.174300099,9,0.5,0: Broadleaf,2,TRUE,1786468967,393.6954516,406.1242903,28.96025161,26.68417097,395.8315484,28.61425161,375.1470323,101.7123871,0.09998679,32.81907097,33.28119355,999.9,0,0,10006.00677,715.2243548,0.218638,-12.42874194,405.42,417.2585484,2.235154839,406.1242903,26.68417097,2.941455806,2.714112581,23.70015806,22.37077742,1500.002903,0.691998677,0.308001323,33,28282.56452,1786468997,13:23:17,1786468871,1786468997,87,0.04,0.041,-2.151,0.346,401,27,0.43,0.11,-11.88315512,-7.240795401,1.316379579,0,2.21986878,0.313623972,0.065879252,0,0,2,0/2,2.62911,2.71258,0.0933242,0.0944851,0.133578,0.125872,25167,24817.6,25273.2,25213.1,30262,30048.5,38828.1,37958.7,1.64708,2.0364,0.0783056,0,32.0223,999.9,49.1,36.9,30.2705,62.4704,18.8381,1,0.529931,0,20.4176,5.21579,11.986,4.96765,3.295,9113.3,9999,9999,256.1,4.96999,1.87546,1.87149,1.87457,1.8744,1.87241,1.87378,1.87498,0,0,0,0,11111111,oooooooo,on,on,on,on,0,100,100,-2.142,0.346,-1.138363787,-0.002774575,7.27494E-07,-2.16226E-10,0.30508,0,0,0,23,2146,2,22,1.7,1.6,0.153809,4.99756,1.49902,2.26929,1.4978,2.29736,39.2671,13.9569,3,351.582,631.545,32.7451,33.9119,29.9999,33.8129,33.847,-1,40,10,-999.9,400,20,99.7998,106.061
85,1786469095,11096.5,20260811 13:24:55,13:24:55,15,1786469087,0.000996556,0.996556313,3.168482998,405.5602903,282.156794,28.72477851,41.28778665,0.045841235,3.130045048,0.045471499,0.028452657,261.449913,33.98902687,33.2365871,5.11965626,59.63785716,2.977232317,4.992185264,2.142423943,-43.94813341,-75.72929375,-5.541674119,136.2308117,4.560681367,0.858596655,3.168482998,424.9971545,418.8347333,-0.167230612,92.63851764,0.996556313,27.34417874,29.4213097,0.023507635,97.02725323,0,0,1,0,52753.69168,1499.999355,1273.8595,0.849240032,0.174300017,9,0.5,0: Broadleaf,2,TRUE,1786469087,405.5602903,417.3357742,29.24465806,27.24528387,407.6952903,28.90565806,375.1866774,101.7042903,0.100022465,32.7878129,33.2365871,999.9,0,0,9998.662581,714.6186452,0.218638,-11.80389161,417.752129,429.024129,2.006482903,417.3357742,27.24528387,2.975029032,2.770960645,23.88872903,22.71190645,1499.999355,0.691999871,0.308000161,33,28282.5129,1786469118,13:25:17,1786469118,1786469116,88,0.026,-0.007,-2.135,0.339,403,27,2.07,0.09,-14.38970098,54.32787659,5.812892589,0,2.015486341,-0.224670523,0.038780178,0,0,2,0/2,2.62977,2.71253,0.0951179,0.0949386,0.134868,0.128801,25117.5,24806.1,25273.3,25213.9,30216.9,29948.7,38828.1,37960,1.6506,2.03568,0.0816584,0,31.9076,999.9,50.1,36.9,30.8892,61.7204,18.3454,1,0.528592,0,20.4169,5.21579,11.986,4.9671,3.295,9113.3,9999,9999,256.2,4.96999,1.87546,1.87148,1.87455,1.87439,1.87242,1.87378,1.87492,0,0,0,0,11111111,oooooooo,on,on,on,on,0,100,100,-2.135,0.339,-1.138363787,-0.002774575,7.27494E-07,-2.16226E-10,0.346115,0,0,0,23,2146,2,22,3.7,1.6,0.153809,4.99756,1.49902,2.26929,1.4978,2.32544,39.2422,13.9482,3,353.223,630.741,32.6859,33.8859,30.0002,33.79,33.8288,-1,40,10,-999.9,400,20,99.8001,106.064
86,1786469215,11216.5,20260811 13:26:55,13:26:55,15,1786469207,0.001064794,1.064793973,3.103253945,391.9874667,276.5948698,28.15901476,39.90667242,0.048316233,3.130826153,0.04790579,0.029977704,261.4499587,33.9532508,33.19483,5.107677178,58.83891334,2.934225458,4.986879076,2.17345172,-46.95741421,-71.88952804,-5.257813718,137.3452027,3.186023492,1.093391365,3.103253945,411.3403067,403.7240303,-0.003021279,92.63963819,1.064793973,26.34891054,28.82935879,5.02327E-05,97.08950947,0,0,1,0,52775.0545,1500.000667,1273.860503,0.849239958,0.174299895,9,0.5,0: Broadleaf,2,TRUE,1786469207,391.9874667,400.6595333,28.82173667,26.27411667,394.0974667,28.50873667,375.1305667,101.7060333,0.09995746,32.76891667,33.19483,999.9,0,0,10002.061,713.8910333,0.218638,-8.668168333,403.6354667,411.4705667,2.573900333,400.6595333,26.27411667,2.934020333,2.672239,23.65812,22.11521667,1500.000667,0.6920014,0.3079986,33,28282.55333,1786469242,13:27:21,1786469238,1786469242,89,0.015,-0.026,-2.11,0.313,400,26,0.19,0.1,-8.345391463,-6.290061115,0.757483974,0,2.593796585,-1.040255331,0.138882937,0,0,2,0/2,2.62968,2.71266,0.0925554,0.093604,0.132977,0.125763,25186.7,24840.4,25271.5,25211.7,30280.6,30050.8,38825.1,37956.9,1.6506,2.03635,0.0837818,0,31.8504,999.9,49.1,36.9,30.2738,61.9004,19.4952,1,0.530417,0,20.4164,5.21579,11.986,4.9677,3.295,9113.3,9999,9999,256.2,4.97,1.87546,1.87149,1.87457,1.87439,1.87241,1.87378,1.87493,0,0,0,0,11111111,oooooooo,on,on,on,on,0,100,100,-2.11,0.313,-1.112399697,-0.002774575,7.27494E-07,-2.16226E-10,0.33927619,0,0,0,23,2146,2,22,1.6,1.7,0.153809,4.99756,1.49902,2.26929,1.4978,2.38281,39.2422,13.9569,3,353.254,631.378,32.6671,33.8974,30,33.7961,33.8349,-1,40,10,-999.9,400,20,99.7927,106.055
87,1786469335,11336.5,20260811 13:28:55,13:28:55,15,1786469327,0.00107417,1.074170038,3.264670713,409.9413333,291.1333628,29.63847029,41.73356812,0.049404528,3.129846198,0.048975341,0.030647838,261.4498106,33.96129727,33.2169,5.114005475,59.51893162,2.969807,4.989684658,2.144198475,-47.37089869,-73.90479813,-5.407747783,134.766366,0.988743548,1.099263947,3.264670713,419.9431686,418.5766667,-0.676471265,92.64197673,1.074170038,26.39361083,29.08127515,-0.017895308,97.28964704,0,0,1,0,52750.61766,1499.999,1273.859067,0.849239944,0.17429999,9,0.5,0: Broadleaf,2,TRUE,1786469327,409.9413333,413.3945333,29.17188,26.61157667,412.0883333,28.84888,375.1417667,101.7037667,0.099990923,32.77891,33.2169,999.9,0,0,9997.805333,713.6799,0.218638,-3.438588433,422.2701333,424.6976333,2.550210667,413.3945333,26.61157667,2.965863667,2.706497667,23.83748,22.32391667,1499.999,0.691999933,0.308,33.36528333,28282.5,1786469368,13:29:28,1786469359,1786469368,90,-0.029,0.01,-2.147,0.323,403,26,0.65,0.09,-4.763459075,32.46973113,3.584102541,0,2.45878075,2.367407842,0.248183859,0,0,2,0/2,2.62924,2.71262,0.0950643,0.0947984,0.133801,0.12452,25114.6,24806,25269.2,25210.1,30249.3,30091.6,38821.5,37954.1,1.65073,2.0369,0.0822172,0,31.8751,999.9,48.8,36.9,30.0863,62.4104,19.5793,1,0.53299,0,20.4157,5.21654,11.986,4.9677,3.295,9113.3,9999,9999,256.2,4.97,1.87546,1.87149,1.87462,1.87439,1.87242,1.87378,1.87495,0,0,0,0,11111111,oooooooo,on,on,on,on,0,100,100,-2.147,0.323,-1.097439698,-0.002774575,7.27494E-07,-2.16226E-10,0.312914286,0,0,0,23,2146,2,22,1.6,1.6,0.153809,4.99756,1.49902,2.26929,1.4978,2.41455,39.2422,13.9569,3,353.422,632.002,32.6708,33.9241,30.0002,33.8174,33.85,-1,40,10,-999.9,400,20,99.7834,106.048
88,1786469455,11456.5,20260811 13:30:55,13:30:55,15,1786469447,0.001004881,1.004880926,4.263115245,410.5970323,250.7779379,25.52994397,41.80000567,0.046329969,3.129739738,0.045952306,0.028753866,261.4498114,34.04262785,33.2799,5.132107482,59.80145952,2.994747431,5.007816623,2.137360051,-44.31524883,-73.65468586,-5.392998304,138.0868784,7.214479241,0.993193063,4.263115245,458.0517413,430.1973212,1.756608213,92.64118542,1.004880926,27.24341898,29.46707515,0.011209613,97.19887088,0,0,1,0,52737.02075,1499.99871,1273.858919,0.84924001,0.174300024,9,0.5,0: Broadleaf,2,TRUE,1786469447,410.5970323,428.8836129,29.4170871,27.10441613,412.7601613,29.0740871,375.1413871,101.703,0.099990242,32.84337742,33.2799,999.9,0,0,9997.394194,713.4673226,0.218638,-18.28652742,423.0329355,440.8344839,2.292644194,428.8836129,27.10441613,2.98976871,2.756600968,23.97103548,22.62606774,1499.99871,0.691999677,0.308000323,34,28282.50323,1786469487,13:31:27,1786469359,1786469487,91,-0.029,0.02,-2.147,0.343,403,27,0.65,0.17,-15.53017375,-87.38015854,10.29629273,0,2.38091275,-2.046601238,0.209287737,0,0,2,0/2,2.62967,2.71248,0.0972247,0.0995684,0.135078,0.128495,25051.5,24671.9,25266.1,25206.7,30201.4,29951.4,38816.8,37949.3,1.6489,2.03507,0.0814684,0,31.9739,999.9,50.1,36.8,30.723,62.2604,19.0545,1,0.536951,0,20.4164,5.21489,11.986,4.9677,3.295,9113.3,9999,9999,256.3,4.97,1.87546,1.87149,1.87464,1.87439,1.87245,1.87378,1.875,0,0,0,0,11111111,oooooooo,on,on,on,on,0,100,100,-2.181,0.343,-1.126535472,-0.002774575,7.27494E-07,-2.16226E-10,0.32297,0,0,0,23,2146,2,22,1.6,1.4,0.153809,4.99756,1.49902,2.26929,1.4978,2.34497,39.292,13.9131,3,352.671,630.807,32.7146,33.9608,30.0004,33.8493,33.8854,-1,40,10,-999.9,400,20,99.7713,106.034
89,1786469575,11576.6,20260811 13:32:55,13:32:55,15,1786469567,0.001054727,1.054727271,2.943707796,392.4313226,281.6688629,28.67512679,39.95123144,0.048005576,3.130057507,0.047600271,0.029786299,261.4504624,34.04758066,33.30147097,5.13831834,59.29764318,2.972394271,5.012668483,2.165924068,-46.51347267,-74.39703299,-5.447835488,135.0921213,4.051392284,0.944068741,2.943707796,414.3710338,405.0898606,0.204960868,92.63329967,1.054727271,27.05624888,29.31060727,0.019563149,96.80893712,0,0,1,0,52741.42885,1500.002258,1273.86187,0.849239968,0.174300046,9,0.5,0: Broadleaf,2,TRUE,1786469567,392.4313226,403.0395806,29.1971129,26.99838065,394.5525484,28.8321129,375.1499032,101.7043871,0.100002984,32.86059355,33.30147097,999.9,0,0,9998.71,713.7298065,0.218638,-10.60827774,404.2245484,414.2230323,2.176625806,403.0395806,26.99838065,2.967229032,2.745856774,23.84508065,22.56209677,1500.002258,0.691999194,0.308000742,34,28282.56129,1786469594,13:33:13,1786469359,1786469594,92,-0.029,0.022,-2.147,0.365,403,28,0.65,0.29,-10.39454024,-23.33464077,3.972825707,0,2.183460976,-0.005091847,0.03737763,1,1,2,1/2,2.62927,2.71263,0.0927958,0.0978108,0.134478,0.127641,25171.1,24716,25263.1,25202.8,30218.7,29976.4,38812.1,37943.8,1.64913,2.03447,0.0808388,0,31.9906,999.9,49.8,36.9,30.7023,61.8158,18.77,1,0.542221,0,20.4163,5.21579,11.986,4.9677,3.295,9113.3,9999,9999,256.3,4.97,1.87546,1.87146,1.87465,1.8744,1.87243,1.87378,1.87497,0,0,0,0,11111111,oooooooo,on,on,on,on,0,100,100,-2.124,0.365,-1.126535472,-0.002774575,7.27494E-07,-2.16226E-10,0.34289,0,0,0,23,2146,2,22,3.6,1.5,0.153809,4.99756,1.4978,2.26929,1.4978,2.43286,39.3169,13.9131,3,353.034,630.746,32.7517,34.0221,30.0001,33.8998,33.9295,-1,40,10,-999.9,400,20,99.7593,106.018
90,1786469695,11696.6,20260811 13:34:55,13:34:55,15,1786469687,0.001050954,1.050954441,2.780047808,418.0842667,311.8799819,31.75075822,42.562823,0.048008434,3.131133403,0.047603218,0.029788133,261.449925,34.112708,33.38544,5.162557577,59.73344325,3.005143403,5.030922778,2.157414174,-46.34709086,-77.68492926,-5.690784841,131.72712,7.275802393,1.08972837,2.780047808,449.386201,435.6905394,0.693129334,92.63326631,1.050954441,27.27034481,29.54954,0.016263833,96.80856165,0,0,1,0,52755.15644,1499.999333,1273.859411,0.849239985,0.174300027,9,0.5,0: Broadleaf,2,TRUE,1786469687,418.0842667,436.6334667,29.51879333,26.98149,420.2643667,29.15979333,375.1245667,101.7044333,0.099978817,32.92523667,33.38544,999.9,0,0,10003.62267,714.4065,0.218638,-18.54929767,430.8036,448.744,2.543563,436.6334667,26.98149,3.00283,2.744138,24.04357,22.55074333,1499.999333,0.691999533,0.308000433,34,28282.49333,1786469724,13:35:24,1786469359,1786469724,93,-0.029,-0.006,-2.147,0.359,403,28,0.65,0.35,-15.91043293,-62.21128453,7.136744326,0,2.763003415,-4.835672822,0.490156103,0,0,2,0/2,2.62945,2.71261,0.0981255,0.104629,0.135172,0.12875,25020.3,24527.1,25260.3,25200.8,30191.9,29936.7,38808,37940.8,1.6472,2.0339,0.0797212,0,32.1071,999.9,50.4,36.8,30.9024,62.2658,18.5857,1,0.54516,0,20.4163,5.21699,11.986,4.96765,3.295,9113.3,9999,9999,256.3,4.96998,1.87546,1.87149,1.87463,1.8744,1.87243,1.87378,1.87499,0,0,0,0,11111111,oooooooo,on,on,on,on,0,100,100,-2.192,0.359,-1.126535472,-0.002774575,7.27494E-07,-2.16226E-10,0.365261905,0,0,0,23,2146,2,22,5.6,1.7,0.153809,4.99756,1.4978,2.26929,1.49902,2.4231,39.3418,13.8956,3,352.247,630.623,32.8013,34.059,30,33.9349,33.9654,-1,40,10,-999.9,400,20,99.7486,106.01
91,1786469815,11816.6,20260811 13:36:55,13:36:55,15,1786469807,0.001014019,1.014018567,3.809197023,427.7543548,281.1008092,28.61806754,43.5484446,0.045796009,3.12985977,0.045426978,0.028424769,261.4501777,34.15610432,33.42893226,5.175151491,59.39425646,2.993791464,5.040540352,2.181360027,-44.7182188,-79.25903473,-5.810663154,131.662261,9.760572631,0.987698525,3.809197023,484.905085,452.123303,2.370243946,92.63310705,1.014018567,27.31452726,29.51076364,0.015961932,96.80280937,0,0,1,0,52719.91567,1500.00129,1273.861077,0.849239987,0.174299969,9,0.5,0: Broadleaf,2,TRUE,1786469807,427.7543548,452.1834516,29.4065,27.10669677,429.9564839,29.0715,375.1574839,101.7070968,0.100036471,32.9592129,33.42893226,999.9,0,0,9997.54,714.8735484,0.218638,-24.42903903,440.7254194,464.7865806,2.324114516,452.1834516,27.10669677,2.993321613,2.756941935,23.99080645,22.62773226,1500.00129,0.692000419,0.307999581,34,28282.55161,1786469848,13:37:28,1786469359,1786469848,94,-0.029,-0.024,-2.147,0.335,403,27,0.65,0.06,-25.94181976,-45.52973436,12.91619783,0,2.35500439,-1.810472822,0.24544063,0,0,2,0/2,2.62938,2.71254,0.100948,0.105246,0.13508,0.129048,24940.1,24507.3,25258.5,25198,30193.4,29923.1,38805.2,37936.4,1.64772,2.0336,0.0764802,0,32.1919,999.9,50.3,36.9,31.011,61.6658,18.7099,1,0.54842,0,20.4157,5.2137,11.986,4.96745,3.295,9113.3,9999,9999,256.4,4.96997,1.87546,1.87149,1.87461,1.87439,1.87241,1.87378,1.87498,0,0,0,0,11111111,oooooooo,on,on,on,on,0,100,100,-2.229,0.335,-1.126535472,-0.002774575,7.27494E-07,-2.16226E-10,0.359305,0,0,0,23,2146,2,22,7.6,1.5,0.153809,4.99756,1.49902,2.26929,1.4978,2.43896,39.3917,13.8694,3,352.687,630.709,32.8581,34.0959,30.0003,33.9708,33.9989,-1,40,10,-999.9,400,20,99.7414,105.998
92,1786469935,11936.6,20260811 13:38:55,13:38:55,15,1786469927,0.001029412,1.02941234,3.193480391,402.1718065,280.3773745,28.54455936,40.94416328,0.04689946,3.128330885,0.046512324,0.029104719,261.4502705,34.14365818,33.40199355,5.167347789,59.63905026,3.004568148,5.03792085,2.162779641,-45.39708418,-76.23676417,-5.590833547,134.2255886,-0.725909481,1.03773731,3.193480391,411.1757961,409.0020303,-0.57769841,92.6320684,1.02941234,26.93174037,29.47175515,-0.013898923,96.76664626,0,0,1,0,52686.18109,1500.000968,1273.860976,0.849240103,0.174300068,9,0.5,0: Broadleaf,2,TRUE,1786469927,402.1718065,401.4315806,29.51220645,27.09618387,404.2708065,29.20620645,375.1621613,101.7076129,0.100029052,32.94996452,33.40199355,999.9,0,0,9990.503548,715.0778065,0.218638,0.695620323,414.368129,412.612,2.444944194,401.4315806,27.09618387,3.00455871,2.755888065,24.0531871,22.62191613,1500.000968,0.691999387,0.30800071,33.86961613,28282.54839,1786469970,13:39:30,1786469954,1786469970,95,0.051,-0.029,-2.099,0.306,405,26,0.48,0.11,3.093217561,-47.59730734,4.975380963,0,2.363929024,1.980888502,0.200401156,0,0,2,0/2,2.62916,2.71252,0.0933588,0.0938289,0.134949,0.126715,25150.4,24820.2,25258.3,25198.1,30197,30002.7,38804.8,37936.9,1.64737,2.0341,0.0777841,0,32.1369,999.9,49.8,36.9,30.7022,62.3858,19.4471,1,0.548242,0,20.4149,5.21669,11.986,4.9676,3.295,9113.3,9999,9999,256.4,4.97001,1.87546,1.87149,1.87465,1.87441,1.87241,1.87378,1.87493,0,0,0,0,11111111,oooooooo,on,on,on,on,0,100,100,-2.099,0.306,-1.126535472,-0.002774575,7.27494E-07,-2.16226E-10,0.33492,0,0,0,23,2146,2,22,9.6,1.4,0.153809,4.99756,1.49902,2.26929,1.4978,2.31812,39.3917,13.8081,3,352.57,631.229,32.8583,34.1021,30,33.9823,34.008,-1,40,10,-999.9,400,20,99.7405,105.999
93,1786470055,12056.6,20260811 13:40:55,13:40:55,15,1786470047,0.00104479,1.044789793,2.843643913,436.5137742,327.1755803,33.30694697,44.43773315,0.047794989,3.129373385,0.047393129,0.029656529,261.4497532,34.15957162,33.41044839,5.169795914,59.79441541,3.015791633,5.043600832,2.154004281,-46.07522986,-74.30621312,-5.448201562,135.6201087,-3.321751832,1.119639779,2.843643913,428.546916,440.2565212,-1.897242127,92.63809501,1.044789793,26.77865154,29.45249576,-0.023342051,97.00964737,0,0,1,0,52706.69372,1499.999355,1273.859361,0.849239939,0.17429991,9,0.5,0: Broadleaf,2,TRUE,1786470047,436.5137742,429.7173226,29.62425161,27.0177871,438.6845806,29.30725161,375.1534516,101.7014516,0.099993781,32.9700129,33.41044839,999.9,0,0,9995.872258,714.911129,0.218638,6.796365355,449.8350645,441.6529677,2.595385806,429.7173226,27.0177871,3.011703871,2.747749355,24.09271613,22.57251935,1499.999355,0.692001097,0.307998871,34,28282.52581,1786470073,13:41:13,1786469954,1786470073,96,0.051,0.011,-2.099,0.317,405,26,0.48,0.05,0.840961366,93.65820694,11.7859881,0,2.42471122,2.946554425,0.30264583,0,0,2,0/2,2.62914,2.71255,0.0986013,0.096811,0.13494,0.125394,25006.6,24740.3,25259.9,25199.8,30199.3,30050.2,38806.9,37939.3,1.64875,2.0352,0.0843257,0,32.0555,999.9,49.5,36.9,30.5208,62.4158,19.3229,1,0.545407,0,20.4165,5.21444,11.9858,4.96775,3.29503,9113.3,9999,9999,256.4,4.97001,1.87546,1.87149,1.87464,1.87439,1.87241,1.87378,1.87492,0,0,0,0,11111111,oooooooo,on,on,on,on,0,100,100,-2.148,0.317,-1.075459583,-0.002774575,7.27494E-07,-2.16226E-10,0.305925,0,0,0,23,2146,2,22,1.7,1.4,0.153809,4.99756,1.49902,2.26929,1.4978,2.30835,39.3917,13.8081,3,353.18,632.014,32.8637,34.0816,30.0001,33.967,33.9931,-1,40,10,-999.9,400,20,99.7463,106.006
94,1786470175,12176.6,20260811 13:42:55,13:42:55,15,1786470167,0.000952804,0.952804228,3.561921162,413.3828387,267.1597139,27.19575712,42.08066821,0.042799218,3.130072625,0.042476741,0.026576734,261.4497786,34.27088793,33.50520645,5.197302504,59.30030426,3.00590284,5.068950114,2.191399664,-42.01866644,-75.25474345,-5.521490048,138.6548787,3.227530542,0.947479061,3.561921162,444.8100972,427.5034424,0.863750385,92.64199002,0.952804228,27.32192763,29.53522,0.000494945,97.27740612,0,0,1,0,52707.36549,1499.999355,1273.859371,0.849239946,0.174299927,9,0.5,0: Broadleaf,2,TRUE,1786470167,413.3828387,422.0659032,29.52872903,27.32269355,415.5010323,29.16772903,375.1304516,101.6959032,0.099972823,33.05924839,33.50520645,999.9,0,0,9999.613226,714.2945484,0.218638,-8.683102023,425.9413548,433.922129,2.161768065,422.0659032,27.32269355,2.998450645,2.778606774,24.01929355,22.75742903,1499.999355,0.692000871,0.307999097,34,28282.52581,1786470194,13:43:14,1786469954,1786470194,97,0.051,0.045,-2.099,0.361,405,28,0.48,0.05,-12.02971202,10.83704104,9.710979612,0,2.137712439,0.470779024,0.138896648,0,0,2,0/2,2.62918,2.71247,0.096622,0.0983623,0.13524,0.128558,25058.4,24694.1,25256.8,25196.2,30184.9,29937.6,38801.8,37934.2,1.64837,2.03338,0.0835583,0,32.1612,999.9,50.1,36.9,30.8925,62.1758,18.6178,1,0.54924,0,20.4161,5.21564,11.986,4.96765,3.295,9113.3,9999,9999,256.5,4.97,1.87546,1.87149,1.8746,1.8744,1.87241,1.87378,1.87495,0,0,0,0,11111111,oooooooo,on,on,on,on,0,100,100,-2.122,0.361,-1.075459583,-0.002774575,7.27494E-07,-2.16226E-10,0.316735,0,0,0,23,2146,2,22,3.7,1.7,0.153809,4.99756,1.49902,2.26929,1.4978,2.41211,39.4416,13.7906,3,353.136,630.822,32.9326,34.1144,30.0003,33.9958,34.0289,-1,40,10,-999.9,400,20,99.7335,105.991
95,1786470295,12296.6,20260811 13:44:55,13:44:55,15,1786470287,0.001053205,1.053204734,2.642682579,391.6363548,287.8168333,29.29713712,39.8650206,0.046568581,3.130472846,0.046187123,0.028900964,261.4502067,34.27481979,33.51799355,5.201024103,58.55891082,2.97308359,5.077081436,2.227940513,-46.44632876,-72.60542081,-5.327504429,137.0709527,4.713605951,0.938759222,2.642682579,414.7925806,406.5197455,0.178139781,92.63870551,1.053204734,27.07576757,29.33504303,0.018705817,97.04053487,0,0,1,0,52711.59119,1500.001935,1273.861591,0.849239965,0.174299913,9,0.5,0: Broadleaf,2,TRUE,1786470287,391.6363548,403.8263548,29.20775161,27.02143548,393.7143548,28.88775161,375.1544194,101.6909032,0.100005894,33.08779032,33.51799355,999.9,0,0,10001.93419,714.287129,0.218638,-12.18027161,403.4466774,415.041871,2.227735161,403.8263548,27.02143548,2.974376774,2.747835806,23.88512258,22.57386774,1500.001935,0.692001161,0.307998839,34,28282.57742,1786470313,13:45:12,1786470313,1786470312,98,0.031,-0.041,-2.078,0.32,411,27,1.32,0.08,-10.45493317,-29.46485979,5.539934811,0,2.21725561,0.174845226,0.111737964,0,0,2,0/2,2.62916,2.71253,0.0929227,0.0936859,0.134398,0.126458,25156,24816.6,25252.1,25190.7,30209.1,30003.2,38795.1,37926.1,1.65058,2.03262,0.0813603,0,32.1925,999.9,49.4,36.9,30.4608,62.4458,18.766,1,0.556372,0,20.4145,5.21624,11.986,4.9678,3.295,9113.3,9999,9999,256.5,4.97001,1.87546,1.87148,1.87463,1.87439,1.87241,1.87378,1.87497,0,0,0,0,11111111,oooooooo,on,on,on,on,0,100,100,-2.078,0.32,-1.075459583,-0.002774575,7.27494E-07,-2.16226E-10,0.361435,0,0,0,23,2146,2,22,5.7,1.7,0.153809,4.99756,1.49902,2.26929,1.4978,2.36938,39.5166,13.8168,3,354.538,630.748,32.9784,34.1854,30.0002,34.0565,34.0843,-1,40,10,-999.9,400,20,99.7156,105.968
96,1786470415,12416.6,20260811 13:46:55,13:46:55,15,1786470407,0.00101881,1.018810014,3.085539813,404.8943,284.0821283,28.91564252,41.21265533,0.04582882,3.130703269,0.045459361,0.028445047,261.4502081,34.28003753,33.51415333,5.199906191,59.31077838,3.010736274,5.076204286,2.189169917,-44.92952161,-72.48194591,-5.317872723,138.7208678,0.272143184,1.178799719,3.085539813,413.491112,412.8627576,-0.707524202,92.63974542,1.018810014,26.60420453,29.33892242,-0.035086589,97.09749412,0,0,1,0,52717.34345,1500.001,1273.860863,0.849240009,0.174300023,9,0.5,0: Broadleaf,2,TRUE,1786470407,404.8943,406.6919333,29.57902,26.83511667,406.8783,29.22902,375.2095667,101.6861333,0.100074393,33.08471333,33.51415333,999.9,0,0,10003.45667,714.4403333,0.218638,-1.881300653,417.1370333,417.9076667,2.714379667,406.6919333,26.83511667,3.004776333,2.728761,24.05430333,22.45866,1500.001,0.6919997,0.3080003,34,28282.55,1786470443,13:47:23,1786470441,1786470443,99,0.134,0.029,-1.984,0.35,434,28,4.12,0.1,-4.752132185,43.82136247,4.757615609,0,2.603585366,1.995909408,0.208010861,0,0,2,0/2,2.62931,2.71264,0.0939632,0.0934804,0.134491,0.125495,25125.1,24821,25250.1,25189.6,30203.8,30035.2,38792.1,37924.7,1.64977,2.03262,0.0838414,0,32.1521,999.9,49.2,36.9,30.3396,62.2659,18.4255,1,0.558885,0,20.4171,5.21549,11.986,4.96775,3.29503,9113.3,9999,9999,256.5,4.96999,1.87546,1.87149,1.87466,1.87442,1.87242,1.87378,1.87496,0,0,0,0,11111111,oooooooo,on,on,on,on,0,100,100,-1.984,0.35,-1.04456144,-0.002774575,7.27494E-07,-2.16226E-10,0.320485,0,0,0,23,2146,2,22,1.7,1.7,0.153809,4.99756,1.4978,2.26929,1.4978,2.39868,39.5416,13.8168,3,354.303,631.059,32.9724,34.2163,30.0002,34.0898,34.1149,-1,40,10,-999.9,400,20,99.708,105.964
97,1786470535,12536.6,20260811 13:48:55,13:48:55,15,1786470527,0.001025678,1.025677528,2.936642305,434.0279032,318.3669805,32.40451463,44.17689145,0.046284969,3.130896345,0.045908174,0.028726207,261.4496626,34.29572801,33.53324194,5.205465075,59.5008993,3.023347723,5.081179879,2.182117351,-45.23237899,-72.76334522,-5.339144496,138.1147939,-4.92004995,1.245293905,2.936642305,419.7510773,434.4291394,-2.222610156,92.63434935,1.025677528,26.44568636,29.39993576,-0.054900872,96.84785293,0,0,1,0,52718.74339,1499.998065,1273.858356,0.84924,0.1743,9,0.5,0: Broadleaf,2,TRUE,1786470527,434.0279032,423.5213871,29.70370323,26.80499355,436.0283871,29.38270323,375.1578387,101.6835161,0.100012345,33.10216129,33.53324194,999.9,0,0,10004.59677,714.4015484,0.218638,10.50664158,447.3293226,435.1924516,2.927628387,423.5213871,26.80499355,3.023316129,2.725625161,24.15664194,22.43873871,1499.998065,0.692,0.308,34,28282.4871,1786470574,13:49:33,1786470441,1786470574,100,0.134,-0.029,-1.984,0.321,434,27,4.12,0.1,4.571120225,128.1507375,12.72692767,0,2.714506,4.321549644,0.434552812,0,0,2,0/2,2.62889,2.71255,0.0975159,0.094232,0.134554,0.124777,25024.5,24798.1,25248.2,25187.4,30199.5,30057.4,38788.7,37921.5,1.64998,2.0325,0.082612,0,32.1807,999.9,49.1,37,30.4468,62.6259,19.403,1,0.561113,0,20.4158,5.21564,11.986,4.9675,3.295,9113.3,9999,9999,256.6,4.96999,1.87548,1.87149,1.87462,1.8744,1.87243,1.87378,1.87498,0,0,0,0,11111111,oooooooo,on,on,on,on,0,100,100,-1.97,0.321,-0.910869651,-0.002774575,7.27494E-07,-2.16226E-10,0.34992,0,0,0,23,2146,2,22,1.6,1.5,0.153809,4.99756,1.49902,2.26929,1.4978,2.3999,39.5917,13.7818,3,354.557,631.265,32.9925,34.2473,30.0001,34.1206,34.1456,-1,40,10,-999.9,400,20,99.6996,105.955
98,1786470655,12656.6,20260811 13:50:55,13:50:55,15,1786470647,0.000985954,0.985954385,2.613753891,402.8412667,294.0128628,29.92568058,41.0026247,0.043767205,3.130123157,0.043430044,0.027173853,261.449865,34.27783746,33.49649,5.194766967,58.67692767,2.976819464,5.07323676,2.217947503,-43.4805884,-71.24506897,-5.227375098,141.4968325,2.528691576,0.981746781,2.613753891,420.936105,415.1075636,-0.062367299,92.63411641,0.985954385,27.18375583,29.29407636,0.017993263,96.83890257,0,0,1,0,52705.67894,1500,1273.859946,0.849239964,0.17429991,9,0.5,0: Broadleaf,2,TRUE,1786470647,402.8412667,409.8557333,29.24656,26.96044,404.9952667,28.92856,375.1905667,101.6835333,0.10004272,33.0743,33.49649,999.9,0,0,10001.06067,714.4692333,0.218638,-6.78992268,415.2101667,421.2122333,2.288676667,409.8557333,26.96044,2.974155,2.741433333,23.88391667,22.53517333,1500,0.6920012,0.3079988,34,28282.54667,1786470677,13:51:17,1786470675,1786470677,101,-0.23,-0.002,-2.154,0.318,397,26,0.44,0.09,-6.233877644,-11.11901165,4.003288031,0,2.369765366,-2.093994146,0.238284279,0,0,2,0/2,2.62913,2.71264,0.0943587,0.0946642,0.134396,0.127392,25112.3,24786.7,25248.5,25187.8,30205,29967.9,38789.1,37921.9,1.64933,2.03112,0.0865981,0,32.0935,999.9,49.2,37,30.5064,61.5458,19.399,1,0.560572,0,20.4159,5.21489,11.986,4.9675,3.295,9113.3,9999,9999,256.6,4.97,1.87549,1.87149,1.87468,1.8744,1.87242,1.87378,1.87498,0,0,0,0,11111111,oooooooo,on,on,on,on,0,100,100,-2.154,0.318,-0.910869651,-0.002774575,7.27494E-07,-2.16226E-10,0.320571429,0,0,0,23,2146,2,22,3.6,1.4,0.153809,4.99756,1.4978,2.27051,1.4978,2.33276,39.6418,13.7555,3,354.277,630.216,32.9709,34.2473,30.0001,34.1299,34.1578,-1,40,10,-999.9,400,20,99.7008,105.956
99,1786470775,12776.6,20260811 13:52:55,13:52:55,15,1786470767,0.000939382,0.93938207,3.116705789,409.1112581,281.9888079,28.70149014,41.64031483,0.043600467,3.126808292,0.043265508,0.027070823,261.4502504,34.26219977,33.46792258,5.186464503,60.53361412,3.066152958,5.065207162,2.120311546,-41.42674927,-71.10822598,-5.221413837,143.6938613,1.827634977,0.954599151,3.116705789,420.5382344,418.9934121,-0.623253209,92.63036765,0.93938207,27.76772622,30.0573697,-0.010093677,96.71010342,0,0,1,0,52633.91996,1500.000645,1273.860603,0.849240037,0.174300092,9,0.5,0: Broadleaf,2,TRUE,1786470767,409.1112581,414.4323548,30.12459677,27.90362581,411.2382581,29.79859677,375.1773548,101.6823226,0.100050829,33.04609677,33.46792258,999.9,0,0,9986.03129,714.7952581,0.218638,-5.368058713,421.7665806,426.3299677,2.213377419,414.4323548,27.90362581,3.062363548,2.837301613,24.37093226,23.10228387,1500.000645,0.691998774,0.308001226,34,28282.52581,1786470806,13:53:26,1786470799,1786470806,102,0.056,0.008,-2.127,0.326,411,27,0.98,0.18,-7.550282003,57.88963226,6.643710844,0,2.08519675,2.816514709,0.271411461,0,0,2,0/2,2.62898,2.71241,0.0949802,0.0941471,0.136772,0.128616,25095.7,24801.2,25249,25188.1,30122.6,29925.9,38789.9,37922.1,1.64793,2.03153,0.0857413,0,32.0698,999.9,50.2,37,31.128,62.0558,18.5657,1,0.559266,0,20.4159,5.21594,11.986,4.9678,3.295,9113.3,9999,9999,256.6,4.96999,1.87546,1.87149,1.87462,1.8744,1.87241,1.87378,1.87495,0,0,0,0,11111111,oooooooo,on,on,on,on,0,100,100,-2.127,0.326,-1.140947043,-0.002774575,7.27494E-07,-2.16226E-10,0.318415,0,0,0,23,2146,2,22,1.7,1.6,0.153809,4.99756,1.4978,2.26929,1.4978,2.42798,39.6669,13.7643,3,353.543,630.495,32.9453,34.2318,30.0001,34.1232,34.1517,-1,40,10,-999.9,400,20,99.7029,105.957
100,1786470895,12896.6,20260811 13:54:55,13:54:55,15,1786470887,0.000995535,0.995535386,2.958035313,395.5646129,278.026253,28.29742496,40.26044241,0.04513806,3.129807179,0.044779506,0.028019168,261.4501759,34.17669225,33.38632903,5.162814744,59.27910284,2.990688736,5.045097838,2.172126008,-43.90311051,-69.35572901,-5.084053014,143.1072833,3.142814843,1.009301816,2.958035313,416.4251064,408.0213818,0.112649711,92.6423997,0.995535386,27.03176507,29.35170303,-0.000198815,97.32505412,0,0,1,0,52715.34759,1500.001613,1273.861328,0.849239972,0.17429993,9,0.5,0: Broadleaf,2,TRUE,1786470887,395.5646129,404.060871,29.38394516,27.03409355,397.6376129,29.05594516,375.2067097,101.6796129,0.100073906,32.97529355,33.38632903,999.9,0,0,10000.00194,714.8598065,0.218638,-8.510280323,407.5246774,415.2878387,2.348232581,404.060871,27.03409355,2.987580968,2.748814839,23.95885806,22.57984516,1500.001613,0.692000935,0.307999065,34,28282.55161,1786470915,13:55:15,1786470911,1786470915,103,0.02,0.002,-2.073,0.328,398,27,0.49,0.03,-10.8942061,26.71694321,3.858372265,0,2.353680976,-0.180594983,0.059715939,0,0,2,0/2,2.62858,2.71234,0.0931633,0.0935474,0.134531,0.126689,25147.5,24818.5,25250.4,25188.9,30201.9,29993.2,38791.6,37923.5,1.64878,2.03225,0.0854656,0,31.9974,999.9,49,37.1,30.5524,61.2158,19.0304,1,0.557431,0,20.4204,5.21609,11.986,4.96765,3.295,9113.3,9999,9999,256.7,4.97001,1.87549,1.87149,1.87467,1.87447,1.87241,1.87378,1.87499,0,0,0,0,11111111,oooooooo,on,on,on,on,0,100,100,-2.073,0.328,-1.085018924,-0.002774575,7.27494E-07,-2.16226E-10,0.32637,0,0,0,23,2146,2,22,1.6,1.5,0.153809,4.99756,1.49902,2.26929,1.4978,2.34619,39.7171,13.7118,3,353.894,631.018,32.9029,34.2132,30,34.1083,34.1422,-1,40,10,-999.9,400,20,99.7075,105.961
101,1786471015,13016.6,20260811 13:56:55,13:56:55,15,1786471007,0.000971777,0.971776834,2.952184117,394.1041613,275.2573413,28.01450034,40.11021507,0.04442055,3.131045934,0.044073393,0.027576835,261.4501741,34.11267964,33.30941613,5.140607611,59.42039846,2.986143465,5.025451768,2.154464146,-42.85535837,-68.11662787,-4.987669263,145.4905186,2.489121826,1.083340847,2.952184117,412.010739,405.4208788,-0.069667308,92.64210429,0.971776834,26.82480894,29.22624485,-0.01334873,97.29791136,0,0,1,0,52755.85971,1500.00129,1273.861075,0.849239986,0.174299966,9,0.5,0: Broadleaf,2,TRUE,1786471007,394.1041613,401.0996452,29.34044516,26.81782581,396.1611613,29.00944516,375.1654516,101.6756452,0.100024861,32.90588387,33.30941613,999.9,0,0,10006.05516,714.882129,0.222164419,-7.00150871,406.0094516,412.1527097,2.519633226,401.0996452,26.81782581,2.982906129,2.726721613,23.93272903,22.44697742,1500.00129,0.692000452,0.307999548,33.47983226,28282.54839,1786471044,13:57:24,1786471032,1786471044,104,0.022,0.003,-2.057,0.331,401,27,0.12,0.03,-6.883627805,-4.875141533,0.689796822,0,2.552086585,-1.238585854,0.138385633,0,0,2,0/2,2.62933,2.7126,0.0927191,0.0934949,0.134143,0.127172,25161.7,24822.3,25252.1,25191.1,30217.3,29979.1,38794.2,37926.8,1.64998,2.03202,0.084728,0,31.9276,999.9,48.9,37.1,30.4883,62.2658,18.6378,1,0.553615,0,20.4209,5.21639,11.986,4.9677,3.295,9113.3,9999,9999,256.7,4.97,1.87547,1.87149,1.87464,1.87442,1.87241,1.87378,1.87494,0,0,0,0,11111111,oooooooo,on,on,on,on,0,100,100,-2.057,0.331,-1.064567856,-0.002774575,7.27494E-07,-2.16226E-10,0.32802,0,0,0,23,2146,2,22,1.7,1.7,0.153809,4.99756,1.4978,2.26929,1.4978,2.42065,39.7422,13.7205,3,354.333,630.517,32.8358,34.173,29.9999,34.0755,34.1119,-1,40,10,-999.9,400,20,99.7143,105.97
102,1786471135,13136.6,20260811 13:58:55,13:58:55,15,1786471127,0.00087015,0.87014974,2.45393241,411.8297742,304.3138821,30.97021174,41.91217049,0.04141385,3.130295858,0.041111854,0.025721858,261.4497133,34.05026327,33.23030323,5.117852012,60.99599051,3.050274862,5.000779291,2.06757715,-38.37360352,-69.51626491,-5.0872182,148.4726267,5.586815715,0.900892409,2.45393241,440.9991925,429.0082909,0.601228144,92.6337936,0.87014974,27.99243454,29.96266,0.005331098,96.82692577,0,0,1,0,52753.50593,1499.99871,1273.858842,0.849239958,0.174299959,9,0.5,0: Broadleaf,2,TRUE,1786471127,411.8297742,426.1246129,29.97205806,27.8753,413.9115161,29.61605806,375.1037097,101.6707097,0.099907984,32.81838065,33.23030323,999.9,0,0,10003.11161,715.0240323,0.218638,-14.29478903,424.5434839,438.3437419,2.071511613,426.1246129,27.8753,3.044717742,2.834105161,24.27450968,23.08379677,1499.99871,0.692000452,0.307999516,33,28282.50645,1786471152,13:59:12,1786471032,1786471152,105,0.022,0.026,-2.057,0.356,401,28,0.12,0.08,-13.25381659,-24.07659554,5.671234992,0,2.055193171,-0.53043784,0.167757705,0,0,2,0/2,2.62913,2.71253,0.0967844,0.0985442,0.136514,0.130752,25052.1,24687.3,25255,25194.3,30137.5,29859.7,38798.2,37931.1,1.64643,2.03202,0.0871867,0,31.8163,999.9,50.3,37.1,31.3637,61.8158,19.8037,1,0.548128,0,20.4209,5.21489,11.986,4.9676,3.295,9113.3,9999,9999,256.7,4.96999,1.87547,1.87149,1.87466,1.87441,1.87241,1.87378,1.87491,0,0,0,0,11111111,oooooooo,on,on,on,on,0,100,100,-2.092,0.356,-1.042529299,-0.002774575,7.27494E-07,-2.16226E-10,0.33076,0,0,0,23,2146,2,22,1.7,1.5,0.153809,4.99756,1.49902,2.26929,1.4978,2.31689,39.7422,13.6592,3,352.323,630.051,32.7508,34.1132,29.9998,34.0279,34.066,-1,40,10,-999.9,400,20,99.7251,105.983
103,1786471256,13257,20260811 14:00:55,14:00:55,15,1786471248,0.000930653,0.930653282,3.495338114,397.2941613,258.0451781,26.25947533,40.42988248,0.043957687,3.129422147,0.043617522,0.027291294,261.4500036,33.96726413,33.14619032,5.093754404,60.40167889,3.008909453,4.981499701,2.084844951,-41.04180974,-66.88615799,-4.892447794,148.6295881,4.059733263,0.942805718,3.495338114,424.7124977,410.6693273,0.54898556,92.64248313,0.930653282,27.36687266,29.54918061,-0.001466417,97.4407636,0,0,1,0,52744.9821,1500,1273.860001,0.849240001,0.174300002,9,0.5,0: Broadleaf,2,TRUE,1786471248,397.2941613,407.9340968,29.5677871,27.37245161,399.3424194,29.2007871,375.0844194,101.6631613,0.099931206,32.74974194,33.14619032,999.9,0,0,9999.86,714.7237097,0.218638,-10.63994581,409.3946774,419.4154516,2.184678387,407.9340968,27.37245161,3.004872258,2.782771613,24.05493871,22.78207742,1500,0.691999968,0.308000032,33,28282.53226,1786471283,14:01:22,1786471032,1786471283,106,0.022,0.011,-2.057,0.367,401,28,0.12,0.06,-9.0089365,-46.53838311,5.952391741,0,2.22623425,-1.075875084,0.126639963,0,0,2,0/2,2.62985,2.71264,0.0937309,0.0978029,0.135128,0.129471,25140.8,24711.3,25258.7,25197.8,30189.5,29907.4,38803.6,37936,1.65,2.0332,0.0881404,0,31.7191,999.9,49.7,37.1,30.9902,62.1458,18.6178,1,0.541095,0,20.4211,5.21564,11.9858,4.96765,3.295,9113.3,9999,9999,256.8,4.97,1.8755,1.87149,1.87461,1.87439,1.87241,1.87378,1.87487,0,0,0,0,11111111,oooooooo,on,on,on,on,0,100,100,-2.053,0.367,-1.042529299,-0.002774575,7.27494E-07,-2.16226E-10,0.35633,0,0,0,23,2146,2,22,3.7,1.7,0.153809,4.99756,1.4978,2.26929,1.4978,2.44385,39.7171,13.6767,3,353.759,630.377,32.688,34.0389,29.9997,33.9578,33.9997,-1,40,10,-999.9,400,20,99.7393,105.997
104,1786471376,13377,20260811 14:02:55,14:02:55,15,1786471368,0.000891198,0.891197636,2.763149166,411.1375484,296.6879313,30.19134191,41.83788077,0.043321318,3.129397495,0.042990888,0.026898783,261.449873,33.90256755,33.09962581,5.080456578,61.58993125,3.055280167,4.960681242,2.025176411,-39.30181574,-71.5780038,-5.232574712,145.3374787,6.925784525,0.813558027,2.763149166,443.8527898,430.3874364,0.673032579,92.63367171,0.891197636,28.18710691,30.11547455,0.014076008,96.82317716,0,0,1,0,52757.20548,1499.999355,1273.859409,0.849239971,0.17429999,9,0.5,0: Broadleaf,2,TRUE,1786471368,411.1375484,428.555129,30.02399677,28.13084839,413.2035484,29.66199677,375.1520968,101.6612581,0.100016077,32.67536452,33.09962581,999.9,0,0,9999.934516,715.0969032,0.218638,-17.43166097,423.8514839,440.9602581,1.898015806,428.555129,28.13084839,3.052769677,2.859814839,24.31853871,23.23341935,1499.999355,0.692000032,0.307999935,33,28282.50968,1786471408,14:03:27,1786471404,1786471408,107,0.01,-0.005,-2.066,0.362,407,28,0.36,0.11,-17.65968024,8.03014662,5.892299476,0,1.920420244,0.051017352,0.09959738,1,1,2,1/2,2.62967,2.71264,0.0970206,0.0974831,0.136885,0.129873,25053.1,24723.6,25262,25201.2,30131.4,29897.3,38808.2,37941.1,1.65055,2.03482,0.0857525,0,31.7065,999.9,50.4,37.1,31.4303,62.0858,18.8542,1,0.534677,0,20.4217,5.21729,11.9858,4.96775,3.295,9113.3,9999,9999,256.8,4.97,1.87547,1.87149,1.87464,1.87441,1.87242,1.87378,1.8749,0,0,0,0,11111111,oooooooo,on,on,on,on,0,100,100,-2.066,0.362,-1.042529299,-0.002774575,7.27494E-07,-2.16226E-10,0.366865,0,0,0,23,2146,2,22,5.7,1.6,0.153809,4.99756,1.4978,2.26929,1.4978,2.43774,39.6669,13.6505,3,353.696,631.056,32.6164,33.963,29.9998,33.8897,33.9305,-1,40,10,-999.9,400,20,99.7515,106.011
105,1786471496,13497,20260811 14:04:55,14:04:55,15,1786471488,0.000893705,0.893704536,2.961097682,401.3333226,280.5116301,28.54443164,40.83906108,0.043533762,3.128279356,0.043199979,0.027029762,261.4500868,33.78581695,32.96576774,5.042397655,61.29357734,3.020660511,4.928184392,2.021737144,-39.41237002,-68.6494418,-5.014116854,148.3741581,2.525751641,0.861015615,2.961097682,418.8961657,412.8546,-0.128032404,92.63329789,0.893704536,27.72228802,29.72755818,0.007269272,96.80894626,0,0,1,0,52751.41132,1500.000645,1273.860387,0.849239893,0.174299983,9,0.5,0: Broadleaf,2,TRUE,1786471488,401.3333226,408.2217097,29.6846129,27.68031613,403.2233226,29.3256129,375.1495484,101.6584516,0.100008948,32.55871935,32.96576774,999.9,0,0,9995.099355,714.9209355,0.218638,-7.045874516,413.4502581,419.8430968,2.00730129,408.2217097,27.68031613,3.018000323,2.813939677,24.12755161,22.96606129,1500.000645,0.691999839,0.308000032,33,28282.54194,1786471523,14:05:23,1786471523,1786471513,108,0.239,-0.003,-1.89,0.359,443,28,4,0.1,-7.43268125,7.425968218,0.877181082,0,2.02040725,-0.326242964,0.0444484,0,0,2,0/2,2.62978,2.71259,0.0940211,0.0945215,0.135704,0.129302,25141,24809.3,25266.4,25205.5,30177,29921.2,38814.7,37947.1,1.65015,2.03605,0.0883788,0,31.5363,999.9,50,37.1,31.1821,62.1158,18.6619,1,0.526669,0,20.4214,5.21504,11.9858,4.96745,3.295,9113.3,9999,9999,256.8,4.97,1.87546,1.87149,1.87466,1.87439,1.87241,1.87378,1.87486,0,0,0,0,11111111,oooooooo,on,on,on,on,0,100,100,-1.89,0.359,-1.032702844,-0.002774575,7.27494E-07,-2.16226E-10,0.36201,0,0,0,23,2146,2,22,1.5,1.5,0.153809,4.99756,1.4978,2.26929,1.4978,2.43408,39.6418,13.6329,3,353.078,631.271,32.514,33.8744,29.9997,33.8059,33.8493,-1,40,10,-999.9,400,20,99.7685,106.028
106,1786471616,13617,20260811 14:06:55,14:06:55,15,1786471608,0.000850045,0.850045056,2.766146876,449.7533667,332.6938685,33.854878,45.76683492,0.0426283,3.12842471,0.042308217,0.026471193,261.4502231,33.79046367,32.97384,5.044685734,62.55499356,3.081792294,4.92653283,1.96289344,-37.48698697,-71.01694945,-5.186851551,147.7594351,4.499681389,0.864188158,2.766146876,461.9546965,464.854097,-0.98495386,92.63890621,0.850045056,28.29005647,30.25272909,0.001450158,97.05103935,0,0,1,0,52755.83211,1500.000333,1273.860349,0.849240044,0.17430011,9,0.5,0: Broadleaf,2,TRUE,1786471608,449.7533667,461.4812,30.28495333,28.27443667,451.6433667,29.89695333,375.1347333,101.6599,0.099949533,32.55277333,32.97384,999.9,0,0,9995.621333,714.4782667,0.218638,-11.75626033,463.7562333,474.9096667,1.98141,461.4812,28.27443667,3.075806333,2.874376,24.44407,23.31751667,1500.000333,0.691998533,0.308001467,33,28282.50333,1786471656,14:07:36,1786471523,1786471636,109,0.239,0.03,-1.89,0.388,443,29,4,0.07,-9.974949293,12.55409229,14.45534667,0,1.96401122,0.272808711,0.077873986,0,0,2,0/2,2.62927,2.71256,0.102744,0.103593,0.137385,0.130837,24903.5,24565.2,25270.7,25209.9,30123.2,29874,38820.8,37953.5,1.65,2.03735,0.0876226,0,31.5431,999.9,51.1,37.1,31.8695,62.5658,18.8221,1,0.519162,0,20.4213,5.21684,11.986,4.9677,3.29503,9113.3,9999,9999,256.9,4.97001,1.87546,1.87149,1.8746,1.87439,1.87241,1.87378,1.87487,0,0,0,0,11111111,oooooooo,on,on,on,on,0,100,100,-1.89,0.388,-0.793895825,-0.002774575,7.27494E-07,-2.16226E-10,0.358895,0,0,0,23,2146,2,22,1.5,1.7,0.153809,4.99756,1.49902,2.26929,1.4978,2.40723,39.6167,13.5892,3,352.603,631.575,32.4834,33.7922,29.9998,33.7255,33.7707,-1,40,10,-999.9,400,20,99.7847,106.046
107,1786471736,13737,20260811 14:08:55,14:08:55,15,1786471728,0.000851834,0.851833916,2.999605696,460.5913,335.1685034,34.10627525,46.86912253,0.042866503,3.129852177,0.042542994,0.026618234,261.4499982,33.78445133,32.97367667,5.044639428,62.71028689,3.088562901,4.925129599,1.956076527,-37.56587568,-71.87447566,-5.246954118,146.7626927,-12.63130329,1.035562771,2.999605696,429.5966732,452.7901758,-3.097732649,92.63912575,0.851833916,27.73909529,30.13231758,-0.039737722,97.06294674,0,0,1,0,52789.71086,1500.000333,1273.860298,0.84924001,0.17429996,9,0.5,0: Broadleaf,2,TRUE,1786471728,460.5913,431.4328333,30.35186333,27.94293333,462.5342333,29.98786333,375.1534333,101.6586,0.099992773,32.54772,32.97367667,999.9,0,0,10002.27467,714.1364,0.218638,29.15836667,475.0223333,443.8380667,2.433397667,431.4328333,27.94293333,3.088015667,2.84064,24.51013333,23.12158667,1500.000333,0.692000633,0.3079994,33,28282.55,1786471753,14:09:12,1786471523,1786471753,110,0.239,-0.024,-1.89,0.364,443,28,4,0.05,28.52398293,6.086253659,4.103255336,0,2.311859756,2.206755679,0.232444309,0,0,2,0/2,2.62965,2.71267,0.100596,0.097188,0.136886,0.12924,24966.5,24744.3,25273.8,25213.3,30143.8,29931.9,38825.6,37958.1,1.65122,2.03875,0.0871718,0,31.5523,999.9,51,37.1,31.8056,62.0858,19.363,1,0.512711,0,20.4214,5.21624,11.986,4.96785,3.295,9113.3,9999,9999,256.9,4.97,1.87546,1.87149,1.87468,1.87439,1.87241,1.87378,1.87488,0,0,0,0,11111111,oooooooo,on,on,on,on,0,100,100,-1.892,0.364,-0.793895825,-0.002774575,7.27494E-07,-2.16226E-10,0.388480952,0,0,0,23,2146,2,22,3.5,1.7,0.153809,4.99756,1.4978,2.26929,1.4978,2.3645,39.5917,13.5366,3,352.844,632.002,32.4757,33.7255,29.9998,33.6514,33.6961,-1,40,10,-999.9,400,20,99.7969,106.06
108,1786471856,13857,20260811 14:10:55,14:10:55,15,1786471848,0.000855163,0.855163338,2.827561167,401.0585161,280.0379337,28.49411199,40.80806525,0.041493173,3.128089391,0.041189812,0.025770703,261.4498187,33.71665973,32.90344839,5.024763627,61.05363908,2.99551632,4.906368179,2.029247307,-37.7127032,-71.40501051,-5.212091944,147.1200131,2.468434884,0.83669891,2.827561167,418.1144357,412.6429636,-0.15223406,92.63843744,0.855163338,27.54738015,29.47692485,0.00595357,97.02481564,0,0,1,0,52760.44215,1499.99871,1273.858959,0.849240037,0.174300029,9,0.5,0: Broadleaf,2,TRUE,1786471848,401.0585161,407.7855806,29.43970323,27.49147742,403.1065161,29.08370323,375.1413548,101.6509032,0.099997487,32.48003548,32.90344839,999.9,0,0,9994.973226,713.6763548,0.218638,-6.487387742,413.4740645,419.313129,1.956294194,407.7855806,27.49147742,2.993391935,2.794533226,23.9912,22.85179677,1499.99871,0.69199971,0.308000323,33,28282.48065,1786471880,14:11:19,1786471880,1786471877,111,-0.223,-0.008,-2.048,0.356,408,27,0.34,0.04,-6.5379535,5.041345891,0.812260597,0,1.968805,-0.406932383,0.047683537,0,0,2,0/2,2.62939,2.7126,0.0939999,0.0945789,0.134953,0.128851,25152.1,24819,25276,25216.3,30212.7,29948.6,38828.4,37962.8,1.65317,2.03927,0.0868738,0,31.4766,999.9,50.1,37,31.0777,62.0557,19.7075,1,0.508028,0,20.4234,5.21549,11.9858,4.9677,3.295,9113.3,9999,9999,256.9,4.97,1.87546,1.87149,1.87467,1.8744,1.87241,1.87378,1.87491,0,0,0,0,11111111,oooooooo,on,on,on,on,0,100,100,-2.048,0.356,-0.793895825,-0.002774575,7.27494E-07,-2.16226E-10,0.364075,0,0,0,23,2146,2,22,5.5,1.7,0.153809,4.99756,1.49902,2.26807,1.4978,2.32544,39.5666,13.4929,3,353.515,631.85,32.3978,33.6626,29.9999,33.5911,33.6376,-1,40,10,-999.9,400,20,99.8048,106.073
109,1786471976,13977,20260811 14:12:55,14:12:55,15,1786471968,0.00082039,0.820389822,3.414188357,410.1602903,266.9570139,27.16125424,41.73131757,0.041509982,3.128586946,0.041206424,0.025781103,261.4503066,33.6972542,32.8807,5.018340073,62.73583675,3.073241534,4.898701752,1.945098539,-36.17919113,-72.25535738,-5.272017043,147.7437411,2.250821337,0.778705553,3.414188357,426.8670126,420.8834182,-0.247640748,92.63951255,0.820389822,28.39358906,30.22734182,0.007230865,97.08426055,0,0,1,0,52776.59964,1500.000968,1273.860915,0.849240062,0.174300092,9,0.5,0: Broadleaf,2,TRUE,1786471968,410.1602903,416.3261935,30.20565161,28.39397742,412.2082903,29.82365161,375.1589677,101.6439032,0.100021174,32.4523129,32.8807,999.9,0,0,9997.936129,713.4745806,0.218638,-6.169855806,422.9196452,428.4928065,1.785323548,416.3261935,28.39397742,3.067544516,2.886076774,24.39915161,23.3848,1500.000968,0.691998871,0.308001161,33,28282.54839,1786472016,14:13:36,1786471880,1786472002,112,-0.223,0.027,-2.048,0.382,408,28,0.34,0.16,-5.452074146,4.950307944,4.871785615,0,1.751609512,0.60486899,0.078244575,0,0,2,0/2,2.63011,2.71256,0.0954262,0.0958874,0.137351,0.130837,25113.5,24783.7,25276.9,25216.8,30129.8,29880.7,38829.9,37963.4,1.65235,2.03908,0.0857562,0,31.4869,999.9,51.2,37,31.7587,62.4757,18.8141,1,0.505442,0,20.4224,5.21504,11.9855,4.9677,3.295,9113.3,9999,9999,257,4.96999,1.87546,1.87149,1.87464,1.8744,1.87241,1.87378,1.8749,0,0,0,0,11111111,oooooooo,on,on,on,on,0,100,100,-2.048,0.382,-1.016747141,-0.002774575,7.27494E-07,-2.16226E-10,0.35564,0,0,0,23,2146,2,22,1.6,1.6,0.153809,4.99756,1.49902,2.26929,1.4978,2.43896,39.5416,13.5016,3,352.904,631.233,32.3666,33.6263,29.9999,33.5511,33.5942,-1,40,10,-999.9,400,20,99.8085,106.075
110,1786472096,14097,20260811 14:14:55,14:14:55,15,1786472088,0.000845021,0.845020992,3.153402382,406.5937333,275.6562929,28.04367102,41.3644861,0.042326138,3.128634629,0.042010579,0.026284767,261.4500694,33.65023995,32.83852667,5.006450319,62.22267018,3.041055509,4.887375453,1.965394811,-37.26542573,-72.06297673,-5.255753658,146.8659132,2.158937725,0.812591968,3.153402382,424.3626118,417.6311576,-0.106457897,92.63950366,0.845020992,27.99040298,29.93637636,0.001990419,97.08526963,0,0,1,0,52784.58728,1500.000333,1273.860288,0.849240003,0.174300008,9,0.5,0: Broadleaf,2,TRUE,1786472088,406.5937333,412.5658333,29.89216667,28.00097,408.6377333,29.52216667,375.1443,101.6342,0.099994863,32.41128667,32.83852667,999.9,0,0,9999.108667,713.4968,0.218638,-5.971865333,419.1278667,424.4507,1.903675333,412.5658333,28.00097,3.039334333,2.845855667,24.24498333,23.15248667,1500.000333,0.6919999,0.3080001,33,28282.52667,1786472120,14:15:19,1786472119,1786472120,113,0.018,-0.012,-2.044,0.37,415,28,0.43,0.04,-6.609643,6.233560976,3.629983208,0,1.9073635,0.148323827,0.059720443,0,0,2,0/2,2.62978,2.71252,0.094903,0.0958218,0.136345,0.129954,25129.4,24786.6,25278.2,25217.8,30166.2,29912.2,38831.7,37965,1.653,2.0399,0.0856072,0,31.4574,999.9,50.9,37,31.5754,62.3857,19.379,1,0.503072,0,20.4234,5.21594,11.9858,4.96775,3.295,9113.3,9999,9999,257,4.96999,1.87546,1.87149,1.87467,1.87439,1.87241,1.87378,1.8749,0,0,0,0,11111111,oooooooo,on,on,on,on,0,100,100,-2.044,0.37,-1.016747141,-0.002774575,7.27494E-07,-2.16226E-10,0.38248,0,0,0,23,2146,2,22,3.6,1.6,0.153809,4.99756,1.4978,2.26929,1.4978,2.37305,39.5416,13.4403,3,353.047,631.533,32.3268,33.5939,29.9999,33.515,33.5551,-1,40,10,-999.9,400,20,99.8134,106.079
111,1786472216,14217,20260811 14:16:55,14:16:55,15,1786472208,0.000787983,0.787983363,3.107044901,460.3708387,325.3917341,33.10039068,46.83110548,0.04075035,3.129946045,0.040457884,0.025312279,261.4498405,33.71758326,32.91522258,5.028091163,63.77122149,3.126245179,4.902282104,1.901845984,-34.75006631,-75.92666678,-5.538774196,145.2343332,6.53047598,0.766144058,3.107044901,487.1637695,478.5698485,0.092911437,92.63329802,0.787983363,28.90435616,30.7344297,0.000219757,96.80877745,0,0,1,0,52805.41335,1499.999355,1273.859509,0.849240038,0.174299969,9,0.5,0: Broadleaf,2,TRUE,1786472208,460.3708387,476.8842258,30.73239677,28.95083548,462.5185161,30.33739677,375.1421613,101.6247742,0.099969294,32.46526452,32.91522258,999.9,0,0,10006.03323,713.3225806,0.218638,-16.51338839,474.9557097,491.1022258,1.756607742,476.8842258,28.95083548,3.120638387,2.942123548,24.686,23.70389355,1499.999355,0.692000613,0.307999452,33,28282.51613,1786472236,14:17:15,1786472119,1786472236,114,0.018,0.025,-2.044,0.395,415,29,0.43,0.07,-18.95726927,39.1824069,6.430454841,0,1.782084634,-0.145184321,0.105205553,0,0,2,0/2,2.62987,2.71262,0.105135,0.107146,0.138889,0.132816,24845.7,24476.3,25278.5,25217.9,30077.9,29814.8,38831.7,37965.2,1.6521,2.0398,0.0837073,0,31.5634,999.9,52.4,37,32.5095,62.2657,19.7075,1,0.501425,0,20.4234,5.21594,11.9855,4.96765,3.295,9113.3,9999,9999,257,4.96999,1.87546,1.87149,1.87468,1.87441,1.8725,1.87378,1.87498,0,0,0,0,11111111,oooooooo,on,on,on,on,0,100,100,-2.156,0.395,-0.998590191,-0.002774575,7.27494E-07,-2.16226E-10,0.37003,0,0,0,23,2146,2,22,1.6,1.6,0.153809,4.99756,1.49902,2.27051,1.4978,2.32666,39.5666,13.379,3,352.479,631.233,32.3392,33.5751,30.0002,33.491,33.5342,-1,40,10,-999.9,400,20,99.8139,106.08
112,1786472336,14337,20260811 14:18:55,14:18:55,15,1786472328,0.000837032,0.837032328,2.90690962,434.8387097,310.7362811,31.60598998,44.22884851,0.041763778,3.129911961,0.04145664,0.025937807,261.4496118,33.78734894,33.02304839,5.058653385,62.68589694,3.087242528,4.924939546,1.971410856,-36.91312566,-80.32232859,-5.864950503,138.3492071,7.42294832,0.727873666,2.90690962,465.2899838,454.1929576,0.39683223,92.64221746,0.837032328,28.68647474,30.47734485,0.015035466,97.3092717,0,0,1,0,52790.24665,1499.997419,1273.857795,0.849239991,0.174300041,9,0.5,0: Broadleaf,2,TRUE,1786472328,434.8387097,453.4051613,30.35241935,28.65929677,436.9288065,29.97641935,375.1664839,101.6132258,0.100001471,32.54703548,33.02304839,999.9,0,0,10007.01452,713.3386452,0.218638,-18.56653871,448.459129,466.7830968,1.711716452,453.4051613,28.65929677,3.086099355,2.912166774,24.49985806,23.53403871,1499.997419,0.691999355,0.308000613,33,28282.46774,1786472364,14:19:24,1786472119,1786472364,115,0.018,-0.019,-2.044,0.376,415,28,0.43,0.29,-21.50367561,39.74779861,6.949786899,0,1.711543415,0.033334286,0.058371988,1,1,2,1/2,2.62962,2.71274,0.101098,0.103758,0.138006,0.132657,24953.7,24564.9,25274.5,25213.6,30104,29814.9,38825.7,37958.7,1.65158,2.0386,0.0771135,0,31.7781,999.9,52,37,32.268,62.3557,19.7236,1,0.506316,0,20.4237,5.21579,11.9851,4.96775,3.295,9113.3,9999,9999,257.1,4.96999,1.87546,1.87149,1.87468,1.87443,1.87249,1.87378,1.87496,0,0,0,0,11111111,oooooooo,on,on,on,on,0,100,100,-2.103,0.376,-0.998590191,-0.002774575,7.27494E-07,-2.16226E-10,0.39459,0,0,0,23,2146,2,22,3.6,1.7,0.153809,4.99756,1.49902,2.27051,1.4978,2.29736,39.6167,13.3265,3,352.368,630.479,32.4086,33.6181,30.0002,33.521,33.5602,-1,40,10,-999.9,400,20,99.7982,106.061
113,1786472456,14457,20260811 14:20:55,14:20:55,15,1786472448,0.000815179,0.815179371,3.878570249,461.1521,295.8159128,30.08735307,46.90365004,0.040770717,3.128487485,0.040477825,0.02532478,261.4496701,33.89149075,33.13790667,5.091386558,63.11804923,3.125806113,4.952317366,1.965580445,-35.94941028,-83.06653601,-6.074437419,136.3592864,-0.040290542,0.76199032,3.878570249,459.4405085,466.9168667,-1.728622395,92.63380622,0.815179371,28.99825129,30.80299576,0.008777804,96.82745871,0,0,1,0,52740.23096,1499.998,1273.858309,0.849240005,0.174300013,9,0.5,0: Broadleaf,2,TRUE,1786472448,461.1521,461.8984,30.73262,28.96087,463.1961,30.36462,375.1743333,101.6096667,0.10005132,32.64540667,33.13790667,999.9,0,0,10000.85,713.6813667,0.218638,-0.851356333,475.6692333,475.6735,1.779671,461.8984,28.96087,3.123536,2.942705,24.70152333,23.70717,1499.998,0.691999833,0.308000167,33,28282.48667,1786472496,14:21:36,1786472119,1786472477,116,0.018,-0.008,-2.044,0.368,415,28,0.43,0.16,3.368143415,-2.875244948,17.78223924,0,1.847095854,-0.968149547,0.12252328,0,0,2,0/2,2.62981,2.71271,0.103088,0.102991,0.139055,0.133249,24892.6,24579.4,25268.9,25207.2,30061.5,29787.6,38817.4,37949.7,1.6536,2.03748,0.0742823,0,31.9341,999.9,52.6,37,32.6397,62.3257,19.4832,1,0.514827,0,20.4231,5.21564,11.9858,4.9677,3.295,9113.3,9999,9999,257.1,4.97,1.8755,1.87149,1.87469,1.87446,1.87244,1.87378,1.875,0,0,0,0,11111111,oooooooo,on,on,on,on,0,100,100,-2.044,0.368,-0.998590191,-0.002774575,7.27494E-07,-2.16226E-10,0.375914286,0,0,0,23,2146,2,22,5.6,1.5,0.153809,4.99756,1.4978,2.26929,1.4978,2.34497,39.692,13.2915,3,353.722,630.175,32.5012,33.705,30.0004,33.5903,33.6238,-1,40,10,-999.9,400,20,99.7766,106.036
114,1786472576,14577,20260811 14:22:55,14:22:55,15,1786472568,0.000839315,0.839314856,3.032486412,413.1441667,282.5608647,28.74007378,42.02207494,0.040987174,3.128825816,0.040691207,0.025458417,261.4498669,33.96198189,33.19354,5.107307497,62.20527501,3.093913992,4.973716444,2.013393505,-37.01378516,-79.54558282,-5.820101213,139.0703977,3.300046579,0.848140554,3.032486412,437.4405233,426.9585273,0.303342631,92.64316602,0.839314856,28.45977032,30.41180182,3.98708E-05,97.48762485,0,0,1,0,52734.91611,1499.999,1273.859128,0.849239985,0.174300027,9,0.5,0: Broadleaf,2,TRUE,1786472568,413.1441667,421.9023333,30.41812,28.44515667,415.1847333,30.03612,375.1248333,101.6129,0.099960367,32.72196667,33.19354,999.9,0,0,10002.079,713.5332,0.218638,-8.758225,426.0993667,434.2548667,1.959258333,421.9023333,28.44515667,3.089478667,2.890393333,24.51818333,23.40960667,1499.999,0.691999533,0.308000433,33.24443667,28282.48667,1786472599,14:23:18,1786472119,1786472599,117,0.018,0.013,-2.044,0.382,415,29,0.43,0.05,-6.41591045,-47.63402612,4.600936038,0,1.9767155,-0.383820563,0.038993978,0,0,2,0/2,2.62946,2.71268,0.0964437,0.0981475,0.137827,0.131933,25071.4,24707,25263.7,25202.3,30098.3,29827.1,38809.5,37942.4,1.6502,2.03585,0.0780076,0,31.933,999.9,52,37,32.2635,62.3257,19.6915,1,0.522434,0,20.423,5.21564,11.986,4.96765,3.295,9113.3,9999,9999,257.1,4.97,1.87555,1.87149,1.87469,1.87443,1.87247,1.87379,1.87499,0,0,0,0,11111111,oooooooo,on,on,on,on,0,100,100,-2.043,0.382,-0.998590191,-0.002774575,7.27494E-07,-2.16226E-10,0.3683,0,0,0,23,2146,2,22,7.6,1.6,0.153809,4.99756,1.49902,2.27051,1.4978,2.33154,39.7422,13.2827,3,352.398,629.477,32.5738,33.7922,30.0003,33.6643,33.6907,-1,40,10,-999.9,400,20,99.7561,106.015