obs,time,elapsed,date,hhmmss,averaging,TIME,E,Emm,A,Ca,Ci,Pci,Pca,gsw,gbw,gtw,gtc,Rabs,TleafEB,TleafCnd,SVPleaf,RHcham,VPcham,SVPcham,VPDleaf,LatHFlux,SenHFlux,NetTherm,EBSum,Asty,Esty,Adyn,Crd,Csd,dCsd/dt,_Vc,Edyn,Hr,Hs,dHs/dt,_Vh,Leak,LeakPct,CorrFact,CorrFactPct,Fan,Qin,Qabs,alpha,convert,S,K,Geometry,Custom,UseDynamic,TIME,CO2_s,CO2_r,H2O_s,H2O_r,CO2_a,H2O_a,Flow,Pa,_Pcham,Tair,Tleaf,Tleaf2,Offset,Offset2,Fan_speed,Qamb_in,Qamb_out,_CO2,CO2_s_d,CO2_r_d,_H2O,CO2_b,H2O_b,e_s,e_r,Td_s,Td_r,Q,f_red,f_blue,f_farred,F,Q_modavg,F_dc,Pc,Tled,TDigital,TPreamp,TPwrSpy,TDrive,Q_red,Q_blue,Q_farred,TSPF,state,time,hhmmss,co2_t,h2o_t,count,co2_adj,h2o_adj,co2_match,h2o_match,co2_at,h2o_at,co2_cv,h2o_cv,_CO2:MN,_CO2:SLP,_CO2:SD,_CO2:OK,F:MN,F:SLP,F:SD,F:OK,_H2O:MN,_H2O:SLP,_H2O:SD,_H2O:OK,Stable,Total,State,Vflow,VPchamber,abs_c_a,abs_c_b,abs_h_a,abs_h_b,Wc_s,Wc_r,Wco_s,Wco_r,Ww_s,Ww_r,Wwo_s,Wwo_r,Flow_s_v,Flow_r_v,Tleaf_mv,Tleaf2_mv,Tleaf_j,Tleaf2_j,Console_RH,Console_T,Console_H2O,Fan_%,Flow_%,Pump,Tchp_pwm,Txchg_pwm,diag_20v,diag_5_4v,diag_12v,diag_5va,diag_3_3vf,AccCO2_soda,AccH2O_des,AccH2O_hum,CO2_hrs,ADC_CH1,ADC_CH2,ADC_CH3,ADC_CH4,ADC_CH5,ADC_CH6,ADC_CH7,ADC_CH8,DAC_1,DAC_2,DAC_3,DAC_4,GPIO,GPIO_dir,excit_5v,power_12v,power_5v,ch1_pullup,AuxPower,MatchValveR,MatchValveS,MatchCO2,MatchH2O,cf_co2_a,cf_co2_b,cf_co2_c,cf_co2_d,cf_h2o_a,cf_h2o_b,cf_h2o_c,cf_h2o_d,co2_fit_low,co2_fit_high,h2o_fit_low,h2o_fit_high,co2_elapsed,h2o_elapsed,CO2_f,CO2_f_s,Pump_f,Pump_f_s,Pump_p,Pump_p_s,Tboard,V_system,DIAG,Flow_s,Flow_r,Txchg,Tirga,Tchopper,Ts,Tr,CO2_%,Desiccant_%,Humidifier_%,Txchg_sp,CO2_r_sp,H2O_r_sp,SS_s,SS_r
1,1784731445,0,20260722 09:44:04,09:44:04,15,1784731437,0.003898313,3.898312802,5.948827973,402.3651333,330.1977508,33.41872498,40.72265695,0.167968754,2.948796228,0.16282869,0.102216643,266.1501078,31.47776976,30.86352333,4.476391463,47.4658452,2.132458104,4.49261589,2.34393336,-171.9155946,10.07957676,0.766796948,105.0808869,3.517470133,3.915235008,5.948827973,412.6665774,407.5252788,-0.584922485,66.77111798,3.898312802,15.28547702,21.03507576,-0.005480424,78.43,0,0,1,0,52768.91318,1499.997333,1273.85814,0.84924027,0.177433721,6,0.5,0: Broadleaf,2,TRUE,1784731437,402.3651333,409.9807333,21.07001,15.33868667,444.9127,25.91858667,401.2414667,101.1082,0.100015077,30.92692667,30.86352333,999.9,0,0,9999.315333,0,461.8156333,-7.615649,411.0255,416.3674333,5.731327333,409.9807333,15.33868667,2.130353333,1.550867667,18.44795667,13.47904333,1499.997333,0.691992,0.308008,0,2.5859,0,16541.18667,13609.51667,43.75,45.6498,44.4916,44.2332,43.4958,1037.984667,462.0126667,0,1784731397,0,1784731414,09:43:33,1784731414,1784731413,2,0.083,0.013,-42.825,-4.269,414,15,0.36,0.02,-9.938301,41.66592765,4.373111693,0,2.55315,0.644854087,0.178571705,1,5.77073625,-0.598004015,0.077553276,0,1,3,1/3,2.97993,2.76476,0.105923,0.0999248,0.122412,0.0842068,27650.1,18419.2,31693.6,22286.2,37446.2,27731.3,45515.9,32585.2,1.72495,2.69782,0.114873,0,29.0144,999.9,80.2,28.1,30.2767,61.6083,-100,3,0.163666,0,20.3062,5.21909,12.0299,4.95975,3.301,7702.5,9999,9999,123.8,4.97295,1.87515,1.88141,1.88095,1.87867,1.87439,1.87447,1.87674,0,0,0,0,11111111,oooooooo,on,on,on,on,0,100,100,-42.431,-4.8486,-26.96177666,-0.03980678,1.13121E-05,-1.30028E-09,-4.848578018,0,0,0,3,2129,1,23,0.5,0.5,0.158691,4.99878,2.89795,2.90771,2.99805,2.22656,32.3328,16.0583,2,425.77,1381.96,29.7961,29.4649,30.0008,29.0801,28.8936,-1,40,10,-999.9,400,20,99.5953,85.6194
2,1784731809,363.9000001,20260722 09:50:08,09:50:08,15,1784731801,0.005097276,5.097276118,6.490401736,405.7798065,346.9361148,35.1153204,41.07121544,0.237369419,2.949044463,0.227242933,0.142900657,266.1463111,31.7566577,31.16120645,4.553011458,50.80513496,2.360185364,4.645564599,2.192826094,-224.7898768,56.25385761,4.29785139,101.9081433,7.643230931,5.030726648,6.490401736,426.3175577,416.4206364,-0.001013075,66.78646005,5.097276118,15.89018616,23.35462182,0.001370791,78.43,0,0,1,0,52674.28167,1499.985161,1273.846955,0.849239704,0.177432629,6,0.5,0: Broadleaf,2,TRUE,1784731801,405.7798065,420.3219355,23.3184129,15.94055806,448.4347419,28.16697742,399.5810323,101.1155161,0.100007139,31.51502903,31.16120645,999.9,0,0,10000.00194,0,477.5686129,-14.54213548,415.4679355,427.1306774,7.377847097,420.3219355,15.94055806,2.357854194,1.611838387,20.0771871,14.07239032,1499.985161,0.692010548,0.307989355,0,2.484880645,0,18355.42903,13609.48387,44.508,46.44512903,45.375,45.056,44.25,1038.004516,461.9806452,0,1784731761,0,1784731414,09:43:33,1784731414,1784731413,2,0.083,0.013,-42.825,-4.269,414,15,0.36,0.02,-14.7812925,6.918260038,1.440550269,0,2.526658824,-0.530359055,0.252457803,1,7.3322245,0.935719024,0.091521932,0,1,3,1/3,2.9786,2.76477,0.107254,0.102248,0.129682,0.0863603,27581.9,18362,31665.5,22276.8,37095.4,27654.5,45467.4,32572.8,1.6976,2.67803,0.0928342,0,29.6481,999.9,79.1,28.8,31.0984,61.7484,-100,3,0.217411,0,20.3064,5.21774,12.0296,4.95975,3.301,7702.5,9999,9999,123.9,4.97298,1.87516,1.88145,1.88096,1.87867,1.87439,1.8745,1.87681,0,0,0,0,11111111,oooooooo,on,on,on,on,0,100,100,-42.686,-4.8486,-26.96177666,-0.03980678,1.13121E-05,-1.30028E-09,-4.848578018,0,0,0,3,2129,1,23,6.6,6.6,0.158691,4.99878,2.89795,2.90771,2.99805,2.24854,33.0652,16.0233,2,415.067,1369.83,30.4478,30.1695,30.0005,29.8176,29.6412,-1,40,10,-999.9,400,20,99.4966,85.5853
3,1784731929,483.9000001,20260722 09:52:08,09:52:08,15,1784731921,0.005089971,5.089971354,6.242845756,411.8212581,352.5003506,35.67642402,41.6802701,0.228982787,2.948373892,0.219541881,0.138029468,266.149215,32.12081089,31.56835806,4.659655553,50.50461981,2.394938741,4.742019145,2.264716812,-224.4677367,49.10613956,3.76686033,94.55447817,5.733764516,5.040033738,6.242845756,427.8279143,420.5550303,-0.339961668,66.78646005,5.089971354,16.12819368,23.65293273,-0.006767489,78.43,0,0,1,0,52592.34756,1499.996452,1273.85701,0.849240015,0.17743323,6,0.5,0: Broadleaf,2,TRUE,1784731921,411.8212581,423.5625484,23.66315484,16.26482581,454.6654839,28.51172903,399.0715161,101.1096774,0.099935458,31.87729355,31.56835806,999.9,0,0,9996.770323,0,439.8337742,-11.74134452,421.8024839,430.5661935,7.398323226,423.5625484,16.26482581,2.392575161,1.644533548,20.3136129,14.38211935,1499.996452,0.691999806,0.308000194,0,2.601845161,0,17978.17742,13609.54194,44.73170968,46.661,45.562,45.25,44.47764516,1037.996774,461.9996774,0,1784731881,0,1784731414,09:43:33,1784731414,1784731413,2,0.083,0.013,-42.825,-4.269,414,15,0.36,0.02,-15.1144239,68.09906195,7.477567926,0,2.555105882,0.508119169,0.272771466,1,7.327846585,1.743992195,0.177035284,0,1,3,1/3,2.97741,2.76476,0.107868,0.101298,0.130562,0.0875474,27560.2,18377.9,31663,22272.9,37054.6,27613.6,45463.3,32567.1,1.6949,2.67757,0.0957847,0,30.0135,999.9,79,29.1,31.6047,61.8084,-100,3,0.225897,0,20.3065,5.21699,12.0296,4.9597,3.301,7702.5,9999,9999,123.9,4.97297,1.87516,1.88146,1.88095,1.87866,1.87439,1.87445,1.87677,0,0,0,0,11111111,oooooooo,on,on,on,on,0,100,100,-42.796,-4.8486,-26.96177666,-0.03980678,1.13121E-05,-1.30028E-09,-4.848578018,0,0,0,3,2129,1,23,8.6,8.6,0.158691,4.99878,2.89795,2.91138,2.99805,2.26929,33.3559,16.0321,2,414.47,1372.79,30.7366,30.2991,30.0005,29.9672,29.8013,-1,40,10,-999.9,400,20,99.488,85.5703
4,1784732049,603.9000001,20260722 09:54:08,09:54:08,15,1784732041,0.00500412,5.004119747,6.115045365,401.2082903,340.3130128,34.44214259,40.60518589,0.216718843,2.949290821,0.208244529,0.130886604,266.1553351,32.30288855,31.73997097,4.705253161,49.27939405,2.358107597,4.785179773,2.347145565,-220.6816808,47.27955074,3.631539825,96.38474482,5.073312621,4.952078508,6.115045365,414.8455989,408.7217152,-0.48668041,66.77455862,5.004119747,15.78430451,23.2537903,-0.011457827,78.43,0,0,1,0,52590.97411,1500.03,1273.885587,0.849240073,0.177433341,6,0.5,0: Broadleaf,2,TRUE,1784732041,401.2082903,411.8674516,23.29979032,15.99749677,443.7196774,28.14835806,397.4118065,101.1072581,0.099987319,32.03732258,31.73997097,999.9,0,0,10002.21839,0,201.1900645,-10.65910129,410.7794516,418.5640323,7.30230129,411.8674516,15.99749677,2.355777419,1.617462258,20.06294516,14.1253,1500.03,0.691997742,0.308002258,0,2.521535484,0,17492.82903,13609.84194,44.875,46.788,45.69512903,45.375,44.625,1038.017097,462.0129032,0,1784732001,0,1784731414,09:43:33,1784731414,1784731413,2,0.083,0.013,-42.825,-4.269,414,15,0.36,0.02,-12.28396439,36.09432711,3.799790461,0,2.494902941,-0.066186403,0.251337931,1,7.207869512,2.272559164,0.227678026,0,1,3,1/3,2.97615,2.76484,0.105752,0.100049,0.129258,0.0857532,27625.8,18409,31663.6,22280,37113,27677.2,45465.5,32578.2,1.69195,2.67605,0.101864,0,30.0896,999.9,77.2,29.4,31.4265,61.8084,-100,3,0.232833,0,20.3067,5.21759,12.0327,4.95975,3.301,7702.5,9999,9999,124,4.97299,1.87519,1.88148,1.88098,1.87871,1.87439,1.87451,1.87681,0,0,0,0,11111111,oooooooo,on,on,on,on,0,100,100,-42.444,-4.8486,-26.96177666,-0.03980678,1.13121E-05,-1.30028E-09,-4.848578018,0,0,0,3,2129,1,23,10.6,10.6,0.158691,4.99878,2.89795,2.90894,2.99805,2.26074,33.6029,16.0058,2,413.516,1373.34,30.926,30.3956,30.0005,30.0808,29.9224,-1,40,10,-999.9,400,20,99.4916,85.5988
5,1784732169,723.9000001,20260722 09:56:08,09:56:08,15,1784732161,0.004667568,4.667568287,6.969389741,401.4236129,326.669423,33.06082825,40.62638309,0.191247866,2.949207239,0.184615497,0.115961416,266.1553279,32.64382446,32.02367097,4.78148457,47.63465293,2.312411306,4.854472875,2.469073265,-205.8397614,42.6057312,3.281306679,106.2026044,9.258188943,4.718853781,6.969389741,428.7740045,413.9375212,0.614199876,66.77455862,4.667568287,16.06332112,22.90410121,0.007798407,78.43,0,0,1,0,52544.74134,1500.035806,1273.889981,0.849239715,0.17743265,6,0.5,0: Broadleaf,2,TRUE,1784732161,401.4236129,418.3019677,22.8486129,15.87017419,443.9415484,27.6971871,396.4526774,101.1058065,0.099956694,32.29163548,32.02367097,999.9,0,0,10001.8871,0,476.8837097,-16.87832581,410.8100968,425.0479355,6.978429355,418.3019677,15.87017419,2.310130323,1.604569677,19.74719677,14.0022129,1500.035806,0.692010226,0.307989774,0,2.540658065,0,17242.10968,13609.94839,45.062,46.937,45.883,45.516,44.812,1038.039032,461.9967742,0,1784732121,0,1784731414,09:43:33,1784731414,1784731413,2,0.083,0.013,-42.825,-4.269,414,15,0.36,0.02,-16.26762,-21.51444878,2.456600587,0,2.538479412,-0.261880823,0.237581882,1,7.04147125,-1.235992008,0.140995692,0,1,3,1/3,2.97482,2.76467,0.106771,0.102914,0.128162,0.0879982,27593.2,18345.3,31662.8,22274.1,37160.8,27600.7,45465.7,32568.3,1.6887,2.67378,0.105932,0,30.3425,999.9,76.2,29.7,31.5614,61.7784,-100,3,0.239825,0,20.3069,5.21729,12.0305,4.9598,3.301,7702.5,9999,9999,124,4.97301,1.87523,1.88152,1.88096,1.87871,1.87439,1.87452,1.87682,0,0,0,0,11111111,oooooooo,on,on,on,on,0,100,100,-42.622,-4.8486,-26.96177666,-0.03980678,1.13121E-05,-1.30028E-09,-4.848578018,0,0,0,3,2129,1,23,12.6,12.6,0.158691,4.99878,2.89795,2.91016,2.99805,2.27051,33.8283,15.997,2,412.382,1372.55,31.1468,30.4961,30.0005,30.1925,30.0402,-1,40,10,-999.9,400,20,99.4909,85.5742
6,1784732289,843.9000001,20260722 09:58:08,09:58:08,15,1784732281,0.004655466,4.655466161,6.357141207,396.4973548,324.9337554,32.88678914,40.12979472,0.185028149,2.948247246,0.178810664,0.112297877,266.1481377,32.86104297,32.24894839,4.84278121,46.82378159,2.300678044,4.913481923,2.542103166,-205.3060577,40.81371944,3.151112938,104.8069124,6.261434801,4.712256139,6.357141207,416.1973004,405.7989758,0.090485366,66.77455862,4.655466161,15.87214303,22.72932242,0.005021861,78.43,0,0,1,0,52480.56417,1500,1273.859139,0.849239426,0.177432092,6,0.5,0: Broadleaf,2,TRUE,1784732281,396.4973548,408.8212903,22.73155806,15.75067097,438.8599355,27.58013548,395.8069355,101.1107419,0.100008235,32.50572581,32.24894839,999.9,0,0,9995.945806,0,167.197871,-12.32392548,405.7200645,415.363871,6.980880968,408.8212903,15.75067097,2.298407742,1.592563548,19.66522258,13.88673226,1500,0.692017,0.307983,0,2.535364516,0,16974.47097,13609.62903,45.25,47.11890323,46.062,45.75,45,1038.02871,461.9712903,0,1784732241,0,1784731414,09:43:33,1784731414,1784731413,2,0.083,0.013,-42.825,-4.269,414,15,0.36,0.02,-10.627136,-36.10393261,3.610496772,0,2.508752941,0.425127583,0.254941884,1,7.06212675,-1.80302803,0.178781856,0,1,3,1/3,2.9744,2.76471,0.105255,0.100759,0.127563,0.0862441,27639.3,18394.4,31662.4,22280.6,37187.1,27662.4,45465.8,32578.7,1.68743,2.67555,0.106901,0,30.5196,999.9,75.1,29.9,31.4617,61.8385,-100,3,0.246606,0,20.3068,5.21714,12.0296,4.9597,3.301,7702.5,9999,9999,124,4.97299,1.87529,1.8815,1.88096,1.87868,1.87439,1.87451,1.87682,0,0,0,0,11111111,oooooooo,on,on,on,on,0,100,100,-42.369,-4.8485,-26.96177666,-0.03980678,1.13121E-05,-1.30028E-09,-4.848578018,0,0,0,3,2129,1,23,14.6,14.6,0.158691,4.99878,2.89795,2.90894,2.99805,2.24487,34.0545,15.997,2,412.25,1377.39,31.3598,30.5916,30.0002,30.2895,30.1377,-1,40,10,-999.9,400,20,99.4905,85.6004
7,1784732409,963.9000001,20260722 10:00:08,10:00:08,15,1784732401,0.004496847,4.496846632,6.135440353,399.0643548,326.390612,33.03618424,40.39198147,0.1758317,2.947609093,0.170205624,0.106869,266.14922,32.95809693,32.29429355,4.85520171,46.15977428,2.275241304,4.929056391,2.579960406,-198.3109365,42.51907898,3.285126674,113.6424892,6.452001804,4.430600579,6.135440353,414.4475729,407.6608606,-0.398644636,66.77455862,4.496846632,15.8546482,22.51498,0.001778939,78.43,0,0,1,0,52452.80129,1499.997419,1273.857745,0.849239958,0.177433119,6,0.5,0: Broadleaf,2,TRUE,1784732401,399.0643548,411.5459355,22.47890968,15.9026129,441.5079032,27.32747742,395.1469032,101.1166774,0.100033568,32.56185806,32.29429355,999.9,0,0,9991.735484,0,134.3617097,-12.48159194,408.2412258,418.1964194,6.576280323,411.5459355,15.9026129,2.272990645,1.60802,19.48625161,14.03583871,1499.997419,0.692001484,0.307998516,0,2.549412903,0,16611.88387,13609.54839,45.312,47.129,46.167,45.75,45.06606452,1038.000323,461.9970968,0,1784732361,0,1784731414,09:43:33,1784731414,1784731413,2,0.083,0.013,-42.825,-4.269,414,15,0.36,0.02,-14.02930075,43.79551351,4.493519116,0,2.543285294,0.325006873,0.217878889,1,6.5712235,0.295036098,0.048097215,0,1,3,1/3,2.97398,2.7646,0.105532,0.0992137,0.126856,0.0864291,27630,18426.5,31661.8,22281.3,37217.7,27657.8,45465.7,32579.9,1.6859,2.676,0.116706,0,30.4044,999.9,74.2,30.2,31.6246,61.8985,-100,3,0.251123,0,20.3071,5.21729,12.0288,4.9596,3.301,7702.5,9999,9999,124.1,4.97299,1.87519,1.88152,1.88098,1.87867,1.87439,1.87448,1.87682,0,0,0,0,11111111,oooooooo,on,on,on,on,0,100,100,-42.418,-4.8486,-26.96177666,-0.03980678,1.13121E-05,-1.30028E-09,-4.848578018,0,0,0,3,2129,1,23,16.6,16.6,0.157471,4.99878,2.89795,2.90894,2.99805,2.26929,34.2133,15.997,2,411.841,1379.8,31.4443,30.654,30.0003,30.3628,30.2128,-1,40,10,-999.9,400,20,99.4896,85.6035
8,1784732529,1083.9,20260722 10:02:08,10:02:08,15,1784732521,0.004196395,4.196395321,6.637384847,381.4931613,298.2020832,30.18363675,38.61425407,0.158858202,2.949898145,0.154254043,0.096811327,266.1468355,33.10164695,32.35547419,4.872003648,44.76539749,2.214800706,4.947572971,2.657202941,-185.0610337,43.4037047,3.352975013,127.8424816,8.203021926,4.426071659,6.637384847,406.9404085,392.6803333,0.594885244,66.77455862,4.196395321,15.77328238,21.90530303,0.014155922,78.43,0,0,1,0,52506.87995,1499.989032,1273.850158,0.849239648,0.177432521,6,0.5,0: Broadleaf,2,TRUE,1784732521,381.4931613,396.5408065,21.88133226,15.29543871,423.3793226,26.72991613,394.4087419,101.1188065,0.099925587,32.62839355,32.35547419,999.9,0,0,10004.52677,0,207.930871,-15.04760968,390.0275161,402.701871,6.58588871,396.5408065,15.29543871,2.212615484,1.546657419,19.05389032,13.4335,1499.989032,0.692011129,0.307988871,0,2.509174194,0,16705.82258,13609.53226,45.379,47.171,46.25,45.75,45.137,1038.01,461.9790323,0,1784732481,0,1784731414,09:43:33,1784731414,1784731413,2,0.083,0.013,-42.825,-4.269,414,15,0.36,0.02,-11.9242161,-61.33458878,6.441557362,0,2.536085294,-0.462088619,0.218445473,1,6.725762439,-4.168939233,0.427829456,0,1,3,1/3,2.97275,2.76488,0.102894,0.0984083,0.124931,0.0866772,27713.1,18444,31663.9,22282.8,37303.7,27651.6,45469.3,32581.5,1.68292,2.66775,0.119478,0,30.4209,999.9,72.6,30.4,31.2986,61.6885,-100,3,0.255485,0,20.3068,5.21714,12.0303,4.9597,3.301,7702.5,9999,9999,124.1,4.97299,1.87521,1.88151,1.88102,1.87867,1.87439,1.8745,1.87682,0,0,0,0,11111111,oooooooo,on,on,on,on,0,100,100,-41.976,-4.8486,-26.96177666,-0.03980678,1.13121E-05,-1.30028E-09,-4.848578018,0,0,0,3,2129,1,23,18.6,18.6,0.157471,4.99878,2.89795,2.90527,2.99805,2.25586,34.3497,15.9883,2,410.604,1369.29,31.5391,30.7166,30.0004,30.4317,30.2894,-1,40,10,-999.9,400,20,99.497,85.6083
9,1784732649,1203.9,20260722 10:04:08,10:04:08,15,1784732641,0.004212864,4.212864277,6.655192947,406.6300968,322.7291015,32.66687925,41.15940028,0.16024393,2.948407519,0.155558078,0.09763339,266.1492976,33.21491013,32.46503226,4.902217878,45.3357678,2.257887347,4.980366401,2.644330531,-185.7873146,44.61341354,3.452010997,128.4274076,8.020686183,4.15169793,6.655192947,429.678023,417.7607152,0.235568428,66.7692431,4.212864277,16.20981075,22.38188485,0.014532485,78.43,0,0,1,0,52444.16447,1500.005161,1273.863648,0.84923951,0.177432255,6,0.5,0: Broadleaf,2,TRUE,1784732641,406.6300968,421.4516129,22.30656774,16.10999677,449.3117097,27.15514194,393.0323226,101.1207097,0.100032729,32.7457,32.46503226,999.9,0,0,9995.870645,0,591.8133226,-14.82160613,415.9075484,428.3525484,6.196557742,421.4516129,16.10999677,2.255655806,1.629055161,19.36316129,14.23618387,1500.005161,0.692016161,0.307983839,0,2.55403871,0,17127.89677,13609.7,45.5,47.20325806,46.312,45.87093548,45.25,1038.028065,461.9770968,0,1784732601,0,1784731414,09:43:33,1784731414,1784731413,2,0.083,0.013,-42.825,-4.269,414,15,0.36,0.02,-14.4788,-4.311944948,1.945368404,0,2.573120588,-0.03913064,0.171786707,1,6.273743659,-1.45347993,0.157267454,0,1,3,1/3,2.97214,2.76459,0.107361,0.101469,0.126403,0.0869826,27573.3,18379.5,31662.3,22280.7,37239.1,27640.5,45467.3,32579.4,1.68102,2.671,0.11716,0,30.59,999.9,73.1,30.6,31.8747,61.7185,-100,3,0.262012,0,20.3068,5.21759,12.0311,4.95975,3.301,7702.5,9999,9999,124.1,4.973,1.87527,1.88146,1.88102,1.87868,1.87439,1.87453,1.87682,0,0,0,0,11111111,oooooooo,on,on,on,on,0,100,100,-42.736,-4.8486,-26.96177666,-0.03980678,1.13121E-05,-1.30028E-09,-4.848578018,0,0,0,3,2129,1,23,20.6,20.6,0.157471,4.99878,2.89795,2.90771,2.99805,2.27173,34.4636,15.9883,2,410.047,1375.94,31.6328,30.7983,30.0003,30.5156,30.3715,-1,40,10,-999.9,400,20,99.4923,85.6018
10,1784732769,1323.9,20260722 10:06:08,10:06:08,15,1784732761,0.00443435,4.434350179,6.176675798,400.3285161,322.2932894,32.6234026,40.52234032,0.163697967,2.948359455,0.15881117,0.099683889,266.1504674,33.35715159,32.69357097,4.965770271,44.47544016,2.240014332,5.036519761,2.725755938,-195.5548429,39.96769995,3.099093288,113.6624177,3.483214722,4.383241542,6.176675798,412.2387024,406.3163333,-0.540106559,66.7692431,4.434350179,15.49714042,22.1109,-0.000700982,78.43,0,0,1,0,52408.66777,1499.999032,1273.859613,0.84924029,0.177433759,6,0.5,0: Broadleaf,2,TRUE,1784732761,400.3285161,408.3107742,22.12956129,15.59763871,442.8119355,26.97814194,393.7195161,101.1227097,0.10000789,32.94501613,32.69357097,999.9,0,0,9995.4,0,1235.158065,-7.982306516,409.3880323,414.7808387,6.53193129,408.3107742,15.59763871,2.237799355,1.577272903,19.23551935,13.73827419,1499.999032,0.691990613,0.308009387,0,2.576716129,0,17858.78065,13609.52581,45.51,47.379,46.395,45.937,45.312,1037.984839,462.0141935,0,1784732721,0,1784731414,09:43:33,1784731414,1784731413,2,0.083,0.013,-42.825,-4.269,414,15,0.36,0.02,-9.651404927,47.52552334,4.958215543,0,2.546694118,0.05740565,0.228776229,1,6.482518049,1.162516516,0.119024607,0,1,3,1/3,2.97232,2.76453,0.105194,0.0973816,0.12549,0.0841503,27636.9,18470.3,31659,22289.8,37275.1,27738,45463,32593.5,1.68205,2.66563,0.113703,0,30.8774,999.9,71.1,30.8,31.3576,61.8085,-100,3,0.270666,0,20.3068,5.21789,12.0323,4.95985,3.301,7702.5,9999,9999,124.1,4.973,1.87527,1.88152,1.881,1.8787,1.87439,1.87451,1.87682,0,0,0,0,11111111,oooooooo,on,on,on,on,0,100,100,-42.372,-4.8486,-26.96177666,-0.03980678,1.13121E-05,-1.30028E-09,-4.848578018,0,0,0,3,2129,1,23,22.6,22.6,0.157471,4.99878,2.89795,2.90649,2.99805,2.25952,34.5777,15.9708,2,411.197,1370.33,31.788,30.9063,30.0006,30.6159,30.4756,-1,40,10,-999.9,400,20,99.4824,85.6379
11,1784732889,1443.9,20260722 10:08:08,10:08:08,15,1784732881,0.004422772,4.422771539,6.316288321,399.9569677,318.2222226,32.20819137,40.48080129,0.158686772,2.948956158,0.154090968,0.096708683,266.1468523,33.72221432,33.07794194,5.074274444,44.25475399,2.274693791,5.139998725,2.799580653,-195.0442249,36.46480391,2.837272201,110.4047035,7.343015014,4.273882187,6.316288321,419.8989792,409.9891394,0.011294504,66.7692431,4.422771539,16.06441854,22.58890121,0.012249074,78.43,0,0,1,0,52363.49761,1499.983871,1273.846258,0.84923997,0.177433143,6,0.5,0: Broadleaf,2,TRUE,1784732881,399.9569677,413.8235161,22.47434839,16.0747,442.4288065,27.32293226,391.6930323,101.1129032,0.099988539,33.30730323,33.07794194,999.9,0,0,9999.75871,0,1218.376452,-13.86659645,409.1524194,420.5842581,6.399646129,413.8235161,16.0747,2.272447742,1.625360645,19.48230645,14.20133871,1499.983871,0.692001129,0.307998871,0,2.545983871,0,18046.93226,13609.42581,45.758,47.98983871,46.625,46.44919355,45.61483871,1037.990323,461.9935484,0,1784732841,0,1784731414,09:43:33,1784731414,1784731413,2,0.083,0.013,-42.825,-4.269,414,15,0.36,0.02,-15.0375275,27.75921073,2.795631929,0,2.55205,-0.28727426,0.218766237,1,6.41022275,0.225388255,0.095093372,0,1,3,1/3,2.97049,2.76466,0.10585,0.10003,0.126979,0.0867739,27610.3,18408,31652.5,22280.5,37204,27646.4,45453.3,32579.5,1.67722,2.66628,0.0943281,0,31.5836,999.9,71.4,30.9,31.6778,61.7185,-100,3,0.28407,0,20.3067,5.21669,12.033,4.95975,3.301,7702.5,9999,9999,124.2,4.97298,1.8753,1.8815,1.88101,1.87874,1.87441,1.87454,1.87682,0,0,0,0,11111111,oooooooo,on,on,on,on,0,100,100,-42.491,-4.8486,-26.96177666,-0.03980678,1.13121E-05,-1.30028E-09,-4.848578018,0,0,0,3,2129,1,23,24.6,24.6,0.157471,4.99878,2.89795,2.90649,2.99805,2.28882,34.715,15.9795,2,409.452,1374.74,32.1142,31.0781,30.0005,30.7735,30.6275,-1,40,10,-999.9,400,20,99.4616,85.6015
12,1784733009,1563.9,20260722 10:10:08,10:10:08,15,1784733001,0.004525088,4.525088364,6.317619843,393.2813226,311.3146505,31.50800662,39.80381423,0.158377514,2.948588441,0.153798774,0.096524589,266.1483527,34.03599251,33.43281935,5.176278365,44.06684916,2.308588518,5.238832733,2.867689847,-199.5563969,34.11886666,2.664119701,103.3749422,6.043571902,4.448345436,6.317619843,415.5822694,403.0635273,0.396167349,66.7692431,4.525088364,16.20818013,22.87905576,0.013238814,78.43,0,0,1,0,52294.86188,1500.000645,1273.859739,0.849239461,0.177432159,6,0.5,0: Broadleaf,2,TRUE,1784733001,393.2813226,405.2240645,22.80999355,16.14843871,435.5421613,27.65856774,391.5192903,101.1094839,0.100037,33.64745161,33.43281935,999.9,0,0,9998.008065,0,1100.338387,-11.94279935,402.4614194,411.8753871,6.661550323,405.2240645,16.14843871,2.306307097,1.63276129,19.72050323,14.27144516,1500.000645,0.692018258,0.307981742,0,2.570309677,0,17905.65161,13609.64194,46.058,48.508,46.937,46.94919355,45.899,1038.027419,461.9732258,0,1784732961,0,1784731414,09:43:33,1784731414,1784731413,2,0.083,0.013,-42.825,-4.269,414,15,0.36,0.02,-9.7712585,-53.96925591,5.703550509,0,2.577614706,0.512985489,0.240383992,1,6.64558325,0.150305403,0.043269664,0,1,3,1/3,2.9705,2.76469,0.104574,0.100032,0.12785,0.0872321,27644.6,18404.2,31647.4,22276.6,37160.9,27627.6,45445.7,32574,1.67658,2.65965,0.0891462,0,32.0382,999.9,71.2,31.1,31.9478,61.5985,-100,3,0.298834,0,20.3065,5.21594,12.0326,4.95975,3.301,7702.5,9999,9999,124.2,4.97303,1.87531,1.88153,1.88109,1.87874,1.87439,1.87453,1.87683,0,0,0,0,11111111,oooooooo,on,on,on,on,0,100,100,-42.282,-4.8486,-26.96177666,-0.03980678,1.13121E-05,-1.30028E-09,-4.848578018,0,0,0,3,2129,1,23,26.6,26.6,0.157471,4.99878,2.89795,2.90649,2.99805,2.25708,34.8525,15.962,2,410.07,1368.67,32.4317,31.2639,30.0009,30.9423,30.7957,-1,40,10,-999.9,400,20,99.4451,85.587
13,1784733129,1683.9,20260722 10:12:08,10:12:08,15,1784733121,0.004540646,4.540646317,6.21906102,392.8816129,309.5287397,31.32642341,39.76230371,0.15369845,2.950557559,0.149385084,0.093743133,266.1482126,34.40152059,33.80914839,5.286392371,43.48850031,2.325841081,5.348174952,2.960551291,-200.2425026,33.11436454,2.593405603,101.6134802,6.198869399,4.714011847,6.21906102,412.1678169,401.8995879,0.080828749,66.7692431,4.540646317,16.09508138,22.92709697,-0.000989726,78.43,0,0,1,0,52287.8637,1499.988065,1273.850139,0.849240183,0.177433554,6,0.5,0: Broadleaf,2,TRUE,1784733121,392.8816129,405.2652581,22.98106774,15.89677097,435.1297742,27.82964194,390.0750323,101.1068387,0.099994094,34.01732258,33.80914839,999.9,0,0,10009.45903,0,1285.724194,-12.38361097,402.1228065,411.812129,7.084294839,405.2652581,15.89677097,2.323543226,1.607272581,19.84050645,14.02786452,1499.988065,0.691993581,0.308006419,0,2.521951613,0,18079.01613,13609.44839,46.431,48.95325806,47.312,47.44106452,46.306,1037.982581,462.0054839,0,1784733081,0,1784731414,09:43:33,1784731414,1784731413,2,0.083,0.013,-42.825,-4.269,414,15,0.36,0.02,-11.52184829,-28.94193366,3.157078003,0,2.510926471,0.418473649,0.168635075,1,7.03760122,-0.124652404,0.204247509,0,1,3,1/3,2.96838,2.76478,0.104316,0.100493,0.127951,0.0878441,27645.5,18391.4,31640.3,22273.2,37148.9,27603.8,45435.2,32568.1,1.6714,2.65355,0.0804365,0,32.5101,999.9,70.6,31.3,32.0465,61.8085,-100,3,0.315127,0,20.3065,5.21669,12.0326,4.9597,3.301,7702.5,9999,9999,124.3,4.97299,1.87531,1.88154,1.88108,1.87873,1.87439,1.87453,1.87683,0,0,0,0,11111111,oooooooo,on,on,on,on,0,100,100,-42.248,-4.8486,-26.96177666,-0.03980678,1.13121E-05,-1.30028E-09,-4.848578018,0,0,0,3,2129,1,23,28.6,28.6,0.157471,4.99878,2.89795,2.90527,2.99805,2.27539,35.0364,15.962,2,408.321,1363.82,32.7894,31.4809,30.0006,31.1347,30.9813,-1,40,10,-999.9,400,20,99.4225,85.5724
14,1784733249,1804,20260722 10:14:08,10:14:08,15,1784733241,0.004671972,4.671972345,6.27531509,407.4347097,324.0230602,32.79392028,41.23589654,0.157020071,2.948945461,0.152518811,0.095717929,266.1479234,34.68316933,34.12860968,5.381459906,44.1013583,2.400414969,5.442950199,2.981044936,-206.0339804,32.43674653,2.549619106,95.10030856,9.015925742,4.482589549,6.27531509,429.526129,419.5872121,0.013515341,66.7692431,4.671972345,16.77570797,23.78667394,0.00306321,78.43,0,0,1,0,52188.40627,1500.002258,1273.860738,0.849239213,0.177431682,6,0.5,0: Broadleaf,2,TRUE,1784733241,407.4347097,424.1596452,23.7175,16.9668129,450.1415484,28.56608065,388.9625161,101.1086129,0.099987052,34.33263548,34.12860968,999.9,0,0,10000.12226,0,1225.271613,-16.72502161,417.3329677,431.4808065,6.75069,424.1596452,16.9668129,2.398043871,1.715490645,20.3505129,15.03686774,1500.002258,0.692026161,0.307973839,0,2.502516129,0,17945.23871,13609.7,46.73780645,49.33841935,47.625,47.81606452,46.61687097,1038.042903,461.9622581,0,1784733201,0,1784731414,09:43:33,1784731414,1784731413,2,0.083,0.013,-42.825,-4.269,414,15,0.36,0.02,-17.49855537,34.8782253,4.167254456,0,2.495670588,-0.170637123,0.249997041,1,6.71047439,1.562806542,0.178202528,0,1,3,1/3,2.96778,2.76457,0.107373,0.101453,0.130584,0.0893704,27544.5,18365.4,31633.5,22266.1,37028.2,27548.7,45424.7,32557.9,1.669,2.65185,0.0859201,0,32.7464,999.9,71.5,31.5,32.8217,61.7349,-100,3,0.329789,0,20.3061,5.21564,12.0309,4.9598,3.301,7702.5,9999,9999,124.3,4.97298,1.87531,1.88154,1.88108,1.8788,1.8744,1.87454,1.87683,0,0,0,0,11111111,oooooooo,on,on,on,on,0,100,100,-42.774,-4.8486,-26.96177666,-0.03980678,1.13121E-05,-1.30028E-09,-4.848578018,0,0,0,3,2129,1,23,30.6,30.6,0.157471,4.99878,2.89795,2.90405,2.99805,2.2583,35.2902,15.9445,2,408.069,1365.2,33.0921,31.6783,30.0007,31.3219,31.1596,-1,40,10,-999.9,400,20,99.4001,85.5455
15,1784733369,1924,20260722 10:16:08,10:16:08,15,1784733361,0.004409519,4.409518949,6.902654557,395.5970323,298.931519,30.25466244,40.03811547,0.142807703,2.948875985,0.139073893,0.08724852,266.1489133,34.96225408,34.29942903,5.432900851,42.62038886,2.347266983,5.507380496,3.085633868,-194.4597857,38.92594812,3.065477808,113.6805535,9.649337585,4.398628281,6.902654557,426.5269316,409.0881818,0.97003322,66.76419101,4.409518949,17.10293973,23.41867818,0.042425342,78.43,0,0,1,0,52150.53331,1499.98871,1273.85099,0.849240386,0.177433944,6,0.5,0: Broadleaf,2,TRUE,1784733361,395.5970323,413.1970968,23.19219677,16.55264194,437.9312581,28.04078065,388.2743226,101.1093548,0.099987513,34.54427742,34.29942903,999.9,0,0,9999.654194,0,1110.471935,-17.59993323,404.989871,420.1547419,6.639554516,413.1970968,16.55264194,2.344948387,1.673627742,19.98840968,14.64839032,1499.98871,0.691987968,0.308012032,0,2.527093548,0,17765.60968,13609.41613,46.9613871,49.673,47.903,48.10264516,46.87093548,1037.972903,462.0158065,0,1784733321,0,1784731414,09:43:33,1784731414,1784731413,2,0.083,0.013,-42.825,-4.269,414,15,0.36,0.02,-14.13258654,-83.47459315,8.188271236,0,2.513464706,0.356681433,0.175481737,1,6.8841675,-5.874400976,0.578817057,0,1,3,1/3,2.96654,2.76465,0.105559,0.102461,0.129467,0.091589,27595.9,18338.5,31629,22259,37071.9,27471.4,45418.6,32546.2,1.66505,2.65175,0.0915378,0,32.8443,999.9,70.5,31.8,32.9197,61.6149,-100,3,0.341585,0,20.3058,5.21624,12.0317,4.95975,3.301,7702.5,9999,9999,124.3,4.973,1.87531,1.88156,1.88107,1.87873,1.87441,1.87454,1.87683,0,0,0,0,11111111,oooooooo,on,on,on,on,0,100,100,-42.473,-4.8486,-26.96177666,-0.03980678,1.13121E-05,-1.30028E-09,-4.848578018,0,0,0,3,2129,1,23,32.6,32.6,0.158691,4.99878,2.89795,2.89673,2.99805,2.28882,35.5915,15.9358,2,406.829,1368.68,33.3422,31.85,30.0005,31.487,31.3255,-1,40,10,-999.9,400,20,99.3865,85.516
16,1784733489,2044,20260722 10:18:08,10:18:08,15,1784733481,0.00468197,4.681969878,6.376865203,401.1958065,314.3087589,31.81222116,40.60634444,0.15189947,2.948266785,0.147681818,0.092670321,266.1475305,35.14434884,34.54800323,5.508520659,43.42900998,2.425513625,5.585007868,3.083007034,-206.4748716,39.48652645,3.117871911,102.2770572,6.215565082,4.66055678,6.376865203,420.5042169,410.799,-0.05234388,66.76419101,4.681969878,16.78071124,23.93066,-0.007616476,78.43,0,0,1,0,52090.598,1499.999355,1273.858335,0.849239256,0.177431763,6,0.5,0: Broadleaf,2,TRUE,1784733481,401.1958065,413.7379677,23.96438065,16.90809032,443.7064839,28.81297419,386.7927097,101.1132903,0.099992026,34.79642903,34.54800323,999.9,0,0,9995.804839,0,582.3768065,-12.54230645,411.046129,420.8538387,7.056311613,413.7379677,16.90809032,2.423117097,1.709630645,20.51909032,14.98395161,1499.999355,0.692024,0.307976,0,2.53966129,0,17009.05806,13609.67097,47.25,49.875,48.179,48.375,47.125,1038.036774,461.9625806,0,1784733441,0,1784731414,09:43:33,1784731414,1784731413,2,0.083,0.013,-42.825,-4.269,414,15,0.36,0.02,-11.72246878,-9.896156446,1.603930823,0,2.519558824,-0.041867061,0.244935169,1,7.13934,-0.854769408,0.173305136,0,1,3,1/3,2.96527,2.76465,0.105711,0.100587,0.130933,0.0902072,27585.2,18378.2,31622.7,22261.2,37002.4,27516.8,45409.7,32550.7,1.66185,2.6478,0.0956655,0,33.0014,999.9,70.2,32.1,33.3388,61.5849,-100,3,0.353305,0,20.3059,5.21639,12.033,4.95935,3.301,7702.5,9999,9999,124.4,4.973,1.87531,1.88156,1.88109,1.87875,1.87443,1.87453,1.87683,0,0,0,0,11111111,oooooooo,on,on,on,on,0,100,100,-42.504,-4.8485,-26.96177666,-0.03980678,1.13121E-05,-1.30028E-09,-4.848578018,0,0,0,3,2129,1,23,34.6,34.6,0.158691,4.99878,2.89795,2.89795,2.99805,2.29126,35.9645,15.9445,2,405.908,1365.98,33.5964,32.008,30.0003,31.6358,31.4691,-1,40,10,-999.9,400,20,99.3669,85.5266
17,1784733609,2164,20260722 10:20:08,10:20:08,15,1784733601,0.004749782,4.749782062,6.025445803,383.9525161,300.2941889,30.39387415,38.8612397,0.149848519,2.948720229,0.145742947,0.091448842,266.1504365,35.19612428,34.57817419,5.517761071,41.86852635,2.347357014,5.606495426,3.170404057,-209.4653889,45.70633018,3.610184786,106.0015625,3.698844126,4.40721984,6.025445803,395.2596624,389.7786242,-0.590192689,66.76419101,4.749782062,15.81260622,23.22734303,-0.027267602,78.43,0,0,1,0,52091.75758,1500.003871,1273.863261,0.849239983,0.177433166,6,0.5,0: Broadleaf,2,TRUE,1784733601,383.9525161,392.3147097,23.19209677,16.51443871,425.9169677,28.04067419,386.8129032,101.1136452,0.100015568,34.8656871,34.57817419,999.9,0,0,9998.345161,0,168.2233226,-8.362191935,393.0685161,398.9040968,6.677657742,392.3147097,16.51443871,2.345037742,1.669835161,19.98885806,14.6119871,1500.003871,0.692001355,0.307998742,0,2.499822581,0,16055.42581,13609.60968,47.391,49.84654839,48.32825806,48.379,47.25,1038.003548,462.0003226,0,1784733561,0,1784731414,09:43:33,1784731414,1784731413,2,0.083,0.013,-42.825,-4.269,414,15,0.36,0.02,-9.685303,29.73119392,3.47342285,0,2.506411765,-0.162890753,0.204192418,1,6.51347225,4.877893846,0.587967256,0,1,3,1/3,2.96557,2.76459,0.101859,0.0958673,0.128663,0.0867398,27703.6,18485.5,31622.7,22274.6,37100.6,27640.3,45410.5,32572.8,1.66215,2.64377,0.108086,0,32.8063,999.9,66.8,32.5,32.4488,61.7949,-100,3,0.359248,0,20.3062,5.21609,12.0314,4.95965,3.301,7702.5,9999,9999,124.4,4.97303,1.87532,1.88156,1.8811,1.87872,1.87444,1.87454,1.87683,0,0,0,0,11111111,oooooooo,on,on,on,on,0,100,100,-41.857,-4.8486,-26.96177666,-0.03980678,1.13121E-05,-1.30028E-09,-4.848578018,0,0,0,3,2129,1,23,36.6,36.6,0.158691,4.99878,2.89795,2.89551,2.99805,2.27661,36.3635,15.9358,2,406.63,1362.29,33.6991,32.0878,30.0006,31.7345,31.5693,-1,40,10,-999.9,400,20,99.368,85.5819
18,1784733729,2284,20260722 10:22:08,10:22:08,15,1784733721,0.004420679,4.420679394,5.689232602,407.6685806,323.2969994,32.72086167,41.2601022,0.141688289,2.94954262,0.138012781,0.086580277,266.1445728,35.28753632,34.55413871,5.510398673,42.70472225,2.395161031,5.608656151,3.115237642,-194.9519613,50.64651375,3.998944558,125.8380699,1.400763648,4.528588144,5.689232602,415.5235308,412.3270424,-0.849350428,66.76419101,4.420679394,16.33816434,23.40229636,-0.04340884,78.43,0,0,1,0,52113.84795,1499.969355,1273.834084,0.849240073,0.17743334,6,0.5,0: Broadleaf,2,TRUE,1784733721,407.6685806,412.7193226,23.66528065,16.78756452,450.3828065,28.51384839,385.7168065,101.1099032,0.1000113,34.87263871,34.55413871,999.9,0,0,10003.38742,0,257.4224839,-5.050684194,417.5505161,419.7680323,6.877711935,412.7193226,16.78756452,2.392795806,1.69739129,20.31490323,14.86860323,1499.969355,0.691997645,0.308002355,0,2.51513871,0,16055.00968,13609.2871,47.46341935,49.6006129,48.375,48.25,47.312,1037.975161,461.9941935,0,1784733681,0,1784731414,09:43:33,1784731414,1784731413,2,0.083,0.013,-42.825,-4.269,414,15,0.36,0.02,-7.0693555,40.88840983,4.316977072,0,2.520573529,-0.009779977,0.219305504,1,6.75278675,3.468488218,0.353013743,0,1,3,1/3,2.96464,2.76458,0.105894,0.0991414,0.129176,0.0873489,27576.9,18415.6,31620.5,22271.3,37076.1,27617.4,45406.9,32567.6,1.65968,2.64412,0.121601,0,32.5599,999.9,66.8,32.9,33.1903,61.6749,-100,3,0.364187,0,20.3063,5.21639,12.0335,4.9597,3.301,7702.5,9999,9999,124.4,4.97302,1.87533,1.88156,1.8811,1.87876,1.87448,1.87453,1.87683,0,0,0,0,11111111,oooooooo,on,on,on,on,0,100,100,-42.544,-4.8485,-26.96177666,-0.03980678,1.13121E-05,-1.30028E-09,-4.848578018,0,0,0,3,2129,1,23,38.6,38.6,0.158691,4.99878,2.89795,2.89429,2.99805,2.29736,36.7892,15.927,2,405.674,1364.43,33.7475,32.1656,30.0001,31.8072,31.6427,-1,40,10,-999.9,400,20,99.3605,85.5688
19,1784733849,2404,20260722 10:24:08,10:24:08,15,1784733841,0.00440764,4.40763979,6.151899797,393.7137419,303.1481708,30.68141146,39.84748871,0.138852722,2.948911039,0.135320146,0.084884994,266.148096,35.33981847,34.60297742,5.525367604,41.91356275,2.357159166,5.623857794,3.168208438,-194.3769148,50.63618173,4.00088952,126.4082525,10.08949953,3.869940827,6.151899797,418.7140547,406.8811515,0.299187041,66.76419101,4.40763979,16.38003425,23.37138848,-0.033131056,78.43,0,0,1,0,52087.64186,1499.988387,1273.850323,0.849240123,0.177433438,6,0.5,0: Broadleaf,2,TRUE,1784733841,393.7137419,411.8547419,23.28994839,17.38547419,435.9881935,28.13851613,384.0961935,101.1092581,0.100033016,34.92148065,34.60297742,999.9,0,0,9999.862903,0,493.006129,-18.14105065,403.1027742,419.1443871,5.904460323,411.8547419,17.38547419,2.354828387,1.757833548,20.05578387,15.40181613,1499.988387,0.691996742,0.308003258,0,2.529641935,0,16246.97742,13609.44516,47.44106452,49.437,48.31606452,48.125,47.292,1037.985806,462.0025806,0,1784733801,0,1784731414,09:43:33,1784731414,1784731413,2,0.083,0.013,-42.825,-4.269,414,15,0.36,0.02,-18.55614175,44.7266633,6.78212414,0,2.529841176,0.060959509,0.216486147,1,5.86818675,6.219904728,0.890498588,0,1,3,1/3,2.96336,2.76454,0.10495,0.098385,0.129061,0.0868152,27609.8,18434.4,31624.8,22275.3,37086.8,27639.6,45414,32574.8,1.65695,2.64635,0.130698,0,32.4654,999.9,65.5,33.3,33.283,61.495,-100,3,0.362292,0,20.3067,5.21519,12.0332,4.95975,3.301,7702.5,9999,9999,124.4,4.97302,1.87535,1.88156,1.8811,1.87877,1.8745,1.87454,1.87684,0,0,0,0,11111111,oooooooo,on,on,on,on,0,100,100,-42.385,-4.8486,-26.96177666,-0.03980678,1.13121E-05,-1.30028E-09,-4.848578018,0,0,0,3,2129,1,23,40.6,40.6,0.158691,4.99878,2.89795,2.89917,2.99805,2.25464,37.1941,15.9095,2,404.282,1368.14,33.7712,32.1599,30,31.8265,31.6608,-1,40,10,-999.9,400,20,99.3751,85.5861
20,1784733969,2524,20260722 10:26:08,10:26:08,15,1784733961,0.003928525,3.928524772,5.878523973,397.1122903,299.1619799,30.27773282,40.19113602,0.120665032,2.94958586,0.117988266,0.073978217,266.1553538,35.37305925,34.48630645,5.489666763,40.18410216,2.248666923,5.595911822,3.240999839,-173.2479424,54.90842761,4.333092799,152.1489317,6.98238634,3.679742665,5.878523973,417.623147,407.3747576,0.130973399,66.76419101,3.928524772,17.19435699,22.57385758,0.077495758,78.43,0,0,1,0,52121.99275,1500.03,1273.885597,0.84924008,0.177433354,6,0.5,0: Broadleaf,2,TRUE,1784733961,397.1122903,410.3171613,22.21816452,16.59134516,439.4943226,27.06674839,383.6610323,101.1084839,0.100008023,34.83160323,34.48630645,999.9,0,0,10003.77355,0,670.3918065,-13.20497097,406.1360323,417.2406129,5.626830323,410.3171613,16.59134516,2.246446774,1.677525161,19.29712903,14.6788,1500.03,0.691997903,0.308002097,0,2.503170968,0,16546.20645,13609.82581,47.44309677,49.437,48.312,48.062,47.3,1038.016774,462.0132258,0,1784733921,0,1784731414,09:43:33,1784731414,1784731413,2,0.083,0.013,-42.825,-4.269,414,15,0.36,0.02,-13.1104075,-2.305856285,2.045039353,0,2.503264706,-0.598991594,0.218721415,1,5.8494415,-5.875350844,0.655212054,0,1,3,1/3,2.96248,2.76452,0.105118,0.0994901,0.126695,0.0897426,27607.4,18407.3,31627.9,22269.7,37192.3,27541.4,45419.2,32563.4,1.6551,2.64965,0.129342,0,32.4215,999.9,63.9,33.7,33.2077,61.825,-100,3,0.359746,0,20.307,5.21609,12.0338,4.9597,3.301,7702.5,9999,9999,124.5,4.97301,1.87537,1.88156,1.8811,1.87878,1.87453,1.87454,1.87683,0,0,0,0,11111111,oooooooo,on,on,on,on,0,100,100,-42.415,-4.8486,-26.96177666,-0.03980678,1.13121E-05,-1.30028E-09,-4.848578018,0,0,0,3,2129,1,23,42.6,42.6,0.158691,4.99878,2.89795,2.89429,2.99805,2.26685,37.6022,15.9007,2,403.203,1372.88,33.7658,32.1316,29.9999,31.8156,31.6545,-1,40,10,-999.9,400,20,99.3859,85.5596
21,1784734089,2644,20260722 10:28:08,10:28:08,15,1784734081,0.003535542,3.535542201,6.638468049,389.2136129,271.016438,27.42833304,39.39052803,0.107491585,2.949217242,0.105361561,0.066038834,266.1521173,35.56778226,34.61869355,5.530192066,40.26454479,2.264901609,5.625052066,3.265290458,-155.917411,48.75192548,3.85197676,162.8386085,10.40401966,3.424350281,6.638468049,418.615366,402.8395333,0.748341752,66.758864,3.535542201,17.59741806,22.7201903,0.037738649,78.43,0,0,1,0,52095.60392,1500.015806,1273.873171,0.849239832,0.177432875,6,0.5,0: Broadleaf,2,TRUE,1784734081,389.2136129,407.654129,22.37925161,17.11942903,431.3452903,27.22783871,381.8816129,101.1054516,0.09997061,34.9253129,34.61869355,999.9,0,0,10001.97903,0,342.5887742,-18.44062258,398.1236774,414.7557742,5.259829355,407.654129,17.11942903,2.262666452,1.73086871,19.41243871,15.17278387,1500.015806,0.692005484,0.307994516,0,2.454745161,0,16261.26774,13609.74194,47.504,49.558,48.375,48.125,47.32419355,1038.019355,461.9964516,0,1784734041,0,1784731414,09:43:33,1784731414,1784731413,2,0.083,0.013,-42.825,-4.269,414,15,0.36,0.02,-17.428545,-20.64023415,2.433154265,0,2.4786,-0.226273496,0.225892866,1,5.427884,-3.250513846,0.384425826,0,1,3,1/3,2.96009,2.76469,0.104359,0.100031,0.127181,0.0939859,27633.2,18386.4,31630.5,22257.7,37173.9,27396.3,45422.4,32543.5,1.64998,2.64792,0.122242,0,32.6751,999.9,63.8,34.1,33.9024,61.675,-100,3,0.357922,0,20.3072,5.21684,12.0339,4.9597,3.301,7702.5,9999,9999,124.5,4.973,1.87538,1.88156,1.8811,1.87878,1.87452,1.87454,1.87683,0,0,0,0,11111111,oooooooo,on,on,on,on,0,100,100,-42.284,-4.8486,-26.96177666,-0.03980678,1.13121E-05,-1.30028E-09,-4.848578018,0,0,0,3,2129,1,23,44.6,44.6,0.158691,4.99878,2.89795,2.89185,2.99805,2.2937,37.9891,15.892,2,400.291,1370.06,33.778,32.1004,29.9999,31.7969,31.6427,-1,40,10,-999.9,400,20,99.3933,85.5097
22,1784734209,2764,20260722 10:30:08,10:30:08,15,1784734201,0.003607238,3.607238276,5.93845767,381.8970968,275.3952172,27.87086099,38.64918572,0.108902511,2.948591261,0.106716362,0.066890488,266.1560331,35.48952704,34.57023548,5.515328391,39.69180268,2.225272945,5.606379138,3.290055445,-159.079208,46.90682028,3.705019302,157.6886647,1.03684665,4.165536235,5.93845767,391.4558058,385.3492303,-0.487017942,66.758864,3.607238276,15.91322517,21.70848545,-0.032123359,78.43,0,0,1,0,52087.94028,1500.036129,1273.89059,0.849239939,0.177433082,6,0.5,0: Broadleaf,2,TRUE,1784734201,381.8970968,386.0186452,21.98818065,15.59808387,423.796,26.83675806,382.524129,101.1031935,0.099947406,34.8653129,34.57023548,999.9,0,0,9998.646129,0,158.6072258,-4.121608352,390.4839032,392.135871,6.390090968,386.0186452,15.59808387,2.223075161,1.577015806,19.129,13.73362903,1500.036129,0.692001258,0.307998742,0,2.512448387,0,15808.62581,13609.90645,47.5,49.437,48.35467742,47.95529032,47.268,1038.028065,462.0080645,0,1784734161,0,1784731414,09:43:33,1784731414,1784731413,2,0.083,0.013,-42.825,-4.269,414,15,0.36,0.02,-3.940576223,-10.00474426,2.954239403,0,2.505170588,0.324039721,0.188647565,1,6.34159225,0.280397561,0.353093093,0,1,3,1/3,2.9598,2.76446,0.101139,0.0957936,0.123868,0.0881181,27736.2,18491,31634.5,22279.3,37321.1,27602.6,45429.2,32577.5,1.6502,2.64965,0.130236,0,32.4762,999.9,60.2,34.5,32.7109,61.9151,-100,3,0.353704,0,20.3075,5.21639,12.0309,4.9597,3.301,7702.5,9999,9999,124.6,4.97304,1.87543,1.88156,1.88111,1.87881,1.87454,1.87454,1.87684,0,0,0,0,11111111,oooooooo,on,on,on,on,0,100,100,-41.74,-4.8486,-26.96177666,-0.03980678,1.13121E-05,-1.30028E-09,-4.848578018,0,0,0,3,2129,1,23,46.6,46.6,0.157471,4.99878,2.89795,2.89429,2.99805,2.32178,38.3056,15.8832,2,400.152,1371.77,33.7064,32.0495,30.0002,31.7493,31.606,-1,40,10,-999.9,400,20,99.4072,85.5966
23,1784734329,2884,20260722 10:32:08,10:32:08,15,1784734321,0.003445585,3.445585108,5.113597293,392.2830645,295.1192147,29.86672715,39.69992691,0.105469176,2.948455263,0.103417206,0.06481679,266.1485019,35.36243749,34.41483226,5.467895153,40.04650244,2.224247431,5.554161526,3.243647722,-151.9503033,44.7889888,3.532314981,162.5195024,7.817861837,3.20609729,5.113597293,413.1225015,403.6184667,0.18937676,66.758864,3.445585108,17.38174999,22.22059939,0.057440606,78.43,0,0,1,0,52112.61871,1499.987419,1273.8498,0.849240323,0.177433823,6,0.5,0: Broadleaf,2,TRUE,1784734321,392.2830645,406.5764194,21.97824194,17.03984516,434.5123226,26.82682581,380.9697419,101.1022581,0.099987197,34.6966,34.41483226,999.9,0,0,9997.966129,0,127.6843226,-14.29333742,401.0988387,413.625,4.938396129,406.5764194,17.03984516,2.222052581,1.72277,19.12207419,15.09837742,1499.987419,0.691989161,0.308010839,0,2.511874194,0,15602.10645,13609.40645,47.375,49.20529032,48.3,47.75,47.167,1037.975161,462.0122581,0,1784734281,0,1784731414,09:43:33,1784731414,1784731413,2,0.083,0.013,-42.825,-4.269,414,15,0.36,0.02,-13.8040915,10.88332908,4.363757359,0,2.461879412,0.284099306,0.2684037,1,5.06538725,-3.301117936,0.449658353,0,1,3,1/3,2.95952,2.7645,0.104459,0.0982028,0.125552,0.0894007,27637,18438.2,31638,22274.8,37252.7,27559.5,45433.8,32572.3,1.64933,2.6484,0.13832,0,32.1571,999.9,61,34.8,33.7021,61.6751,-100,3,0.349461,0,20.3077,5.21639,12.0303,4.95975,3.301,7702.5,9999,9999,124.6,4.97304,1.87546,1.88156,1.88111,1.87881,1.87454,1.87454,1.87685,0,0,0,0,11111111,oooooooo,on,on,on,on,0,100,100,-42.299,-4.8485,-26.96177666,-0.03980678,1.13121E-05,-1.30028E-09,-4.848578018,0,0,0,3,2129,1,23,48.6,48.6,0.157471,4.99878,2.89795,2.89551,2.99805,2.3291,38.5259,15.8745,2,399.485,1369.06,33.6087,31.9985,30,31.7149,31.5651,-1,40,10,-999.9,400,20,99.4177,85.5815
24,1784734449,3004,20260722 10:34:08,10:34:08,15,1784734441,0.003321374,3.321374071,5.823515607,380.6845484,267.7895346,27.10116601,38.52650612,0.09936278,2.946624452,0.097538214,0.061122523,266.1510311,35.31519625,34.29549355,5.431710916,38.23035627,2.114009145,5.529661117,3.31770177,-146.4725965,51.0683692,4.02613577,174.7729396,7.244585974,3.298648575,5.823515607,402.380448,390.7910303,0.325632332,66.758864,3.321374071,15.96917781,20.94987152,0.018133342,78.43,0,0,1,0,52074.13386,1500.002258,1273.862348,0.849240287,0.177433754,6,0.5,0: Broadleaf,2,TRUE,1784734441,380.6845484,394.0904194,20.88875161,15.79512258,422.5447419,25.73732581,380.445129,101.1031613,0.100069265,34.61696452,34.29549355,999.9,0,0,9987.48129,0,385.1157742,-13.40592161,388.8061935,400.415871,5.093630968,394.0904194,15.79512258,2.111916452,1.596934839,18.30932581,13.92771613,1500.002258,0.69199,0.30801,0,2.562532258,0,15657.15161,13609.54516,47.254,49.054,48.137,47.625,47.062,1037.983871,462.0135484,0,1784734401,0,1784731414,09:43:33,1784731414,1784731413,2,0.083,0.013,-42.825,-4.269,414,15,0.36,0.02,-11.87357875,-35.43181385,3.811927614,0,2.509732353,0.231888467,0.277007773,1,5.25166725,-3.534597186,0.374627465,0,1,3,1/3,2.95903,2.76432,0.102267,0.0973482,0.121439,0.0862719,27710.9,18468.3,31644.8,22289.8,37437.9,27673.4,45445.1,32594.8,1.64953,2.64718,0.145763,0,31.9469,999.9,57.8,35.1,32.471,62.1251,-100,3,0.342597,0,20.308,5.21669,12.0309,4.9597,3.301,7702.5,9999,9999,124.6,4.97302,1.87546,1.8816,1.88112,1.87881,1.87454,1.87454,1.87684,0,0,0,0,11111111,oooooooo,on,on,on,on,0,100,100,-41.928,-4.8486,-26.96177666,-0.03980678,1.13121E-05,-1.30028E-09,-4.848578018,0,0,0,3,2129,1,23,50.6,50.6,0.15625,4.99878,2.89795,2.89429,2.99805,2.28638,38.6487,15.8569,2,399.217,1365.93,33.5182,31.924,29.9998,31.6466,31.505,-1,40,10,-999.9,400,20,99.441,85.64
25,1784734569,3124,20260722 10:36:08,10:36:08,15,1784734561,0.002985395,2.985394919,6.49811099,380.1356774,243.4678539,24.63914805,38.47004475,0.088208645,2.948873584,0.086768604,0.054357801,266.1509094,35.4049568,34.34872903,5.44782644,37.89005726,2.095642558,5.530850862,3.352183882,-131.6559159,43.25990745,3.408879199,181.1637802,14.97549681,2.201234457,6.49811099,418.6055214,398.4760242,1.388091736,66.758864,2.985394919,17.6538014,21.45198909,0.101114909,78.43,0,0,1,0,52137.30697,1500.007419,1273.866194,0.849239928,0.177433062,6,0.5,0: Broadleaf,2,TRUE,1784734561,380.1356774,405.169,20.70776129,17.29502258,421.9780645,25.55635484,378.9891935,101.100871,0.099955571,34.62083871,34.34872903,999.9,0,0,10000.47968,0,152.7736129,-25.0333871,388.1764194,412.3032581,3.412742903,405.169,17.29502258,2.093572258,1.748541613,18.16735484,15.32311613,1500.007419,0.692003419,0.307996581,0,2.570996774,0,15533.79355,13609.64516,47.23780645,49.058,48.062,47.625,47,1038.00871,461.9987097,0,1784734521,0,1784731414,09:43:33,1784731414,1784731413,2,0.083,0.013,-42.825,-4.269,414,15,0.36,0.02,-22.23136,-37.27076623,5.848463495,0,2.555152941,-0.006609627,0.183334576,1,3.766388,-5.412646379,0.819428666,0,1,3,1/3,2.95784,2.76461,0.103725,0.0988145,0.123178,0.0910891,27668.4,18426,31647.3,22274.7,37365.7,27507.6,45448.2,32571.2,1.64638,2.64897,0.144541,0,32.0386,999.9,59,35.3,33.5155,62.0651,-100,3,0.338664,0,20.3082,5.21609,12.0321,4.9597,3.301,7702.5,9999,9999,124.7,4.97301,1.87545,1.88158,1.88112,1.87881,1.87454,1.87454,1.87684,0,0,0,0,11111111,oooooooo,on,on,on,on,0,100,100,-42.171,-4.8486,-26.96177666,-0.03980678,1.13121E-05,-1.30028E-09,-4.848578018,0,0,0,3,2129,1,23,52.6,52.6,0.15625,4.99878,2.89795,2.8894,2.99805,2.31323,38.7225,15.8569,2,397.241,1367.48,33.488,31.8559,30,31.5987,31.4554,-1,40,10,-999.9,400,20,99.4483,85.5795
26,1784734689,3244,20260722 10:38:08,10:38:08,15,1784734681,0.003111524,3.111523794,5.225955183,400.8692903,291.5406914,29.50242521,40.56591963,0.093636659,2.950349568,0.092016487,0.057653535,266.1484159,35.25198109,34.23434516,5.413251148,38.56383476,2.118707404,5.494026768,3.294543744,-137.2181993,42.34875458,3.331594634,174.6105658,-2.665515436,3.49514682,5.225955183,399.3626409,400.1909333,-1.326334905,66.758864,3.111523794,15.29250506,20.5571,-0.055186667,78.43,0,0,1,0,52199.52316,1499.994839,1273.855374,0.849239838,0.177432888,6,0.5,0: Broadleaf,2,TRUE,1784734681,400.8692903,398.8719032,20.93690323,15.53125806,443.3696129,25.78546774,379.8217419,101.0949677,0.099912013,34.50059032,34.23434516,999.9,0,0,10009.45194,0,66.24751613,1.997416516,409.4428065,405.1667097,5.405645161,398.8719032,15.53125806,2.116616129,1.570131613,18.34407097,13.66542258,1499.994839,0.692007194,0.307992806,0,2.526867742,0,15375.05806,13609.56452,47.187,48.95529032,48.05,47.562,47,1038.004516,461.9903226,0,1784734641,0,1784731414,09:43:33,1784731414,1784731413,2,0.083,0.013,-42.825,-4.269,414,15,0.36,0.02,-0.5991167,44.05718393,5.34634314,0,2.559979412,-0.763711227,0.217767578,1,5.2124255,3.346387092,0.420928157,0,1,3,1/3,2.95782,2.7645,0.103906,0.096477,0.120083,0.0841771,27664.2,18493.1,31648.9,22298,37501.2,27748.2,45451.6,32608,1.64755,2.6499,0.1445,0,31.8961,999.9,55.7,35.5,31.9935,61.5851,-100,3,0.337787,0,20.3082,5.21729,12.032,4.95975,3.301,7702.5,9999,9999,124.7,4.97302,1.87545,1.88157,1.88111,1.87881,1.87454,1.87454,1.87684,0,0,0,0,11111111,oooooooo,on,on,on,on,0,100,100,-42.203,-4.8486,-26.96177666,-0.03980678,1.13121E-05,-1.30028E-09,-4.848578018,0,0,0,3,2129,1,23,54.6,54.6,0.15625,4.99878,2.89917,2.89307,2.99805,2.30835,38.7717,15.8219,2,397.65,1368.02,33.3984,31.8349,29.9999,31.5572,31.4189,-1,40,10,-999.9,400,20,99.4548,85.6734
27,1784734809,3364,20260722 10:40:08,10:40:08,15,1784734801,0.00293334,2.933340331,5.411600576,403.6280323,285.1922899,28.85918627,40.84393926,0.087987299,2.945446052,0.086552774,0.054222422,266.1456988,35.27649981,34.21938387,5.408742877,38.3917708,2.106617604,5.487159253,3.302125274,-129.3603086,41.08074965,3.236628575,181.1027684,0.834009601,2.873556432,5.411600576,410.3023485,407.0120364,-0.778529907,66.758864,2.933340331,16.17577331,20.79324606,-0.008421299,78.43,0,0,1,0,52063.9516,1499.983548,1273.845416,0.849239592,0.177432412,6,0.5,0: Broadleaf,2,TRUE,1784734801,403.6280323,406.7854516,20.81801935,16.36226452,446.2154194,25.66659677,378.8899677,101.092,0.100028297,34.4780871,34.21938387,999.9,0,0,9981.896129,0,96.87146774,-3.15732129,412.2094194,413.5529032,4.455753226,406.7854516,16.36226452,2.104536129,1.654094839,18.25355806,14.4714,1499.983548,0.692014097,0.307985903,0,2.46213871,0,15366.07419,13609.48387,47.183,48.754,47.937,47.437,46.937,1038.009032,461.9745161,0,1784734761,0,1784731414,09:43:33,1784731414,1784731413,2,0.083,0.013,-42.825,-4.269,414,15,0.36,0.02,-5.22317875,39.28924807,4.207397273,0,2.462370588,0.239993883,0.223459343,1,4.46144525,0.959837111,0.165200174,0,1,3,1/3,2.95766,2.76447,0.105164,0.0977892,0.120899,0.0862723,27626.3,18461.4,31649.8,22292.1,37467,27676.3,45452.7,32598,1.6468,2.6499,0.146393,0,31.8539,999.9,56.3,35.6,32.5191,62.0052,-100,3,0.33659,0,20.3085,5.21669,12.0332,4.95965,3.301,7702.5,9999,9999,124.7,4.97301,1.87546,1.88158,1.88111,1.87881,1.87454,1.87454,1.87685,0,0,0,0,11111111,oooooooo,on,on,on,on,0,100,100,-42.415,-4.8486,-26.96177666,-0.03980678,1.13121E-05,-1.30028E-09,-4.848578018,0,0,0,3,2129,1,23,56.6,56.6,0.155029,4.99878,2.89795,2.89429,2.99805,2.28882,38.7717,15.8219,2,397.118,1367.4,33.3138,31.8083,29.9999,31.5345,31.3914,-1,40,10,-999.9,400,20,99.4574,85.6486
28,1784734929,3484,20260722 10:42:08,10:42:08,15,1784734921,0.002382817,2.382817217,6.327174068,399.6043226,232.1807981,23.49475489,40.43661531,0.068405436,2.949639231,0.06753619,0.042287297,266.1509523,35.53715703,34.41652258,5.46840917,36.75719981,2.030445438,5.523939386,3.437963733,-105.0822393,28.91000875,2.278019186,192.2567409,12.61815042,2.223875779,6.327174068,434.4201804,415.499303,1.247350485,66.75339723,2.382817217,16.91919558,20.31451152,0.037935056,78.43,0,0,1,0,52162.68286,1500.009677,1273.867926,0.849239805,0.177432823,6,0.5,0: Broadleaf,2,TRUE,1784734921,399.6043226,421.0493226,20.06534839,16.6053129,442.0647419,24.91391935,377.9012581,101.0916774,0.099958958,34.59832258,34.41652258,999.9,0,0,10005.74,0,154.5391613,-21.44510323,407.7871613,428.1614839,3.460033226,421.0493226,16.6053129,2.028436452,1.678655806,17.6677871,14.69727742,1500.009677,0.692005774,0.307994226,0,2.518622581,0,15335.42581,13609.68065,47.183,48.75,47.99187097,47.379,46.937,1038.016452,461.9932258,0,1784734881,0,1784731414,09:43:33,1784731414,1784731413,2,0.083,0.013,-42.825,-4.269,414,15,0.36,0.02,-18.8187825,-50.43099535,4.948814886,0,2.505355882,0.112349886,0.170709942,1,3.813857,-5.805629043,0.615203046,0,1,3,1/3,2.95627,2.76449,0.10691,0.103806,0.119412,0.0907643,27572.8,18327.4,31650.4,22278.8,37531.9,27521.1,45454,32575.3,1.6431,2.6486,0.142425,0,32.1384,999.9,57,35.7,33.1073,61.5852,-100,3,0.338222,0,20.3083,5.21609,12.0315,4.95985,3.301,7702.5,9999,9999,124.7,4.97303,1.87546,1.88157,1.88111,1.87881,1.87453,1.87454,1.87683,0,0,0,0,11111111,oooooooo,on,on,on,on,0,100,100,-42.714,-4.8486,-26.96177666,-0.03980678,1.13121E-05,-1.30028E-09,-4.848578018,0,0,0,3,2129,1,23,58.6,58.6,0.155029,4.99878,2.89795,2.89185,2.99805,2.26685,38.7717,15.7869,2,395.135,1365.65,33.3553,31.8133,30.0002,31.538,31.3969,-1,40,10,-999.9,400,20,99.4597,85.5924
29,1784735049,3604.4,20260722 10:44:09,10:44:09,15,1784735041,0.002028223,2.028223014,4.911874243,413.5924516,257.8244832,26.09025935,41.85302417,0.057983959,2.94957447,0.057358075,0.035904467,266.1484574,35.60988647,34.40668065,5.465416882,36.59585392,2.019463552,5.518285095,3.445953329,-89.4446349,27.54233682,2.169999125,206.4161584,6.253297171,2.082617099,4.911874243,431.3136153,422.9611758,0.060896433,66.75339723,2.028223014,17.15343643,20.08664909,0.026948147,78.43,0,0,1,0,52164.01605,1499.993226,1273.854174,0.849239951,0.177433106,6,0.5,0: Broadleaf,2,TRUE,1784735041,413.5924516,424.8832903,19.95638065,16.71725806,456.4921613,24.80496774,378.0756452,101.093871,0.100007235,34.57988387,34.40668065,999.9,0,0,10005.15484,0,194.5934516,-11.29074548,422.0144516,432.1065806,3.239130968,424.8832903,16.71725806,2.017469355,1.690012903,17.58204516,14.80205484,1499.993226,0.692000516,0.307999484,0,2.48493871,0,15436.54516,13609.51935,47.125,48.82012903,47.99593548,47.437,46.915,1037.997742,461.9954839,0,1784735002,0,1784731414,09:43:33,1784731414,1784731413,2,0.083,0.013,-42.825,-4.269,414,15,0.36,0.02,-14.25181488,46.94932056,6.098661421,0,2.492561765,-0.380591288,0.246150862,1,3.212832439,-0.74830662,0.316458569,0,1,3,1/3,2.95668,2.76449,0.108142,0.102511,0.11866,0.0917779,27533.9,18351.1,31649.6,22275.5,37563.1,27486,45452.5,32570.1,1.64365,2.64902,0.145428,0,32.0658,999.9,57.2,35.8,33.4024,61.7552,-100,3,0.34062,0,20.3083,5.21624,12.0321,4.9597,3.301,7702.5,9999,9999,124.8,4.97302,1.87546,1.88158,1.8811,1.87881,1.87454,1.87454,1.87683,0,0,0,0,11111111,oooooooo,on,on,on,on,0,100,100,-42.925,-4.8486,-26.96177666,-0.03980678,1.13121E-05,-1.30028E-09,-4.848578018,0,0,0,3,2129,1,23,60.6,60.6,0.155029,4.99878,2.89795,2.89917,2.99805,2.2876,38.7717,15.7869,2,395.555,1366.72,33.3631,31.8497,30,31.5605,31.4157,-1,40,10,-999.9,400,20,99.4568,85.5792
30,1784735169,3724.4,20260722 10:46:09,10:46:09,15,1784735161,0.002566421,2.566420627,5.663925743,390.6797419,247.8254343,25.07890759,39.53517189,0.073474008,2.948221181,0.072471717,0.045383736,266.1492832,35.33127671,34.23171613,5.412458708,35.78559314,1.959366291,5.475293599,3.453092417,-113.1791496,32.97021661,2.594841844,188.535192,6.841734386,2.426886766,5.663925743,409.4076474,399.7313939,0.077684551,66.75339723,2.566420627,15.48874468,19.43044788,0.00650174,78.43,0,0,1,0,52149.46949,1499.991613,1273.853381,0.849240336,0.177433848,6,0.5,0: Broadleaf,2,TRUE,1784735161,390.6797419,403.0461935,19.36211935,15.58402258,432.858129,24.21067742,377.9517419,101.0958065,0.100052068,34.43914839,34.23171613,999.9,0,0,9997.274516,0,277.522,-12.36642806,398.3936129,409.4267742,3.778088387,403.0461935,15.58402258,1.957427742,1.57547871,17.10406129,13.72088387,1499.991613,0.691988742,0.308011258,0,2.48503871,0,15658.84194,13609.44194,47.07012903,48.82012903,47.937,47.437,46.875,1037.977419,462.0141935,0,1784735122,0,1784731414,09:43:33,1784731414,1784731413,2,0.083,0.013,-42.825,-4.269,414,15,0.36,0.02,-12.64729925,9.314374897,1.200552588,0,2.513367647,-0.059637895,0.244430896,1,3.743324,1.002327355,0.117344312,0,1,3,1/3,2.9567,2.7642,0.103988,0.0979439,0.11641,0.0842147,27663.1,18464.7,31650.7,22300,37661.2,27749,45454.6,32610.3,1.6448,2.65107,0.139877,0,31.957,999.9,54.2,35.9,31.8263,61.8153,-100,3,0.340999,0,20.3084,5.21624,12.0336,4.95975,3.301,7702.5,9999,9999,124.8,4.97307,1.87546,1.88158,1.88111,1.87881,1.87454,1.87454,1.87684,0,0,0,0,11111111,oooooooo,on,on,on,on,0,100,100,-42.219,-4.8486,-26.96177666,-0.03980678,1.13121E-05,-1.30028E-09,-4.848578018,0,0,0,3,2129,1,23,62.6,62.6,0.155029,4.99878,2.89795,2.89307,2.99805,2.27173,38.7225,15.7519,2,396.202,1369.67,33.3137,31.8553,30.0001,31.5649,31.4134,-1,40,10,-999.9,400,20,99.4609,85.6801
31,1784735289,3844.4,20260722 10:48:09,10:48:09,15,1784735281,0.002683273,2.683272779,5.677769711,386.9245161,250.2075482,25.3201494,39.15543965,0.077404314,2.949051257,0.076293108,0.047781701,266.1526948,35.23900781,34.18974194,5.399820542,36.1093752,1.970283471,5.45643191,3.429537071,-118.3323295,29.78791841,2.34253706,179.9508207,4.798265498,2.789092341,5.677769711,402.0505419,393.7361455,-0.120564131,66.75339723,2.683272779,15.33758647,19.45685818,0.007283342,78.43,0,0,1,0,52183.61074,1500.011935,1273.870539,0.849240268,0.177433718,6,0.5,0: Broadleaf,2,TRUE,1784735281,386.9245161,396.2599677,19.46986129,15.12604516,428.9836452,24.31842903,377.7492903,101.0965806,0.100004268,34.3771,34.18974194,999.9,0,0,10001.91355,0,278.1717097,-9.335443548,394.6073871,402.3459032,4.343801613,396.2599677,15.12604516,1.968336129,1.529192903,17.19186774,13.26240323,1500.011935,0.691991419,0.308008581,0,2.710409677,0,15534.85161,13609.62903,47.046,48.74593548,47.84045161,47.37093548,46.812,1037.994839,462.0170968,0,1784735242,0,1784731414,09:43:33,1784731414,1784731413,2,0.083,0.013,-42.825,-4.269,414,15,0.36,0.02,-10.037046,2.884835797,2.931869379,0,2.696232353,0.490822,0.20939929,1,4.304634,-0.39510394,0.19297842,0,1,3,1/3,2.9561,2.76454,0.102895,0.0977995,0.116514,0.0837114,27697.3,18470.3,31651.2,22303.2,37657.1,27767.8,45455.1,32614.5,1.64428,2.6496,0.145204,0,31.859,999.9,53.2,35.9,31.2368,61.9953,-100,3,0.341601,0,20.3083,5.21654,12.0308,4.9597,3.301,7702.5,9999,9999,124.9,4.97301,1.87546,1.88156,1.8811,1.8788,1.87454,1.87454,1.87683,0,0,0,0,11111111,oooooooo,on,on,on,on,0,100,100,-42.034,-4.8485,-26.96177666,-0.03980678,1.13121E-05,-1.30028E-09,-4.848578018,0,0,0,3,2129,1,23,64.6,64.6,0.155029,4.99878,2.89795,2.89307,2.99805,2.27295,38.6733,15.7256,2,395.933,1367.7,33.235,31.8553,30.0001,31.5677,31.4216,-1,40,10,-999.9,400,20,99.4622,85.6916
32,1784735409,3964.4,20260722 10:50:09,10:50:09,15,1784735401,0.002493326,2.493326128,6.350102018,387.8071935,224.7295272,22.74262254,39.24607831,0.070588839,2.948693929,0.06966333,0.043621724,266.1514441,35.43245781,34.38820323,5.459802952,35.82814858,1.970719346,5.500477765,3.489083606,-109.9556823,21.22300608,1.671987092,179.090755,12.33045559,2.440750357,6.350102018,419.6091438,402.5325697,0.970456488,66.75339723,2.493326128,15.85124577,19.58117091,0.020004424,78.43,0,0,1,0,52148.98966,1500.00129,1273.861829,0.849240489,0.177434143,6,0.5,0: Broadleaf,2,TRUE,1784735401,387.8071935,408.9600968,19.47351613,15.66063871,429.8941935,24.3221,376.6006774,101.0999677,0.100007306,34.52170645,34.38820323,999.9,0,0,9999.548387,0,205.7841935,-21.15295484,395.5092903,415.4672903,3.812883226,408.9600968,15.66063871,1.968771613,1.583289355,17.19535161,13.79631613,1500.00129,0.691983774,0.308016226,0,2.658987097,0,15383.36774,13609.51613,47.11687097,48.87093548,47.937,47.5,46.893,1037.976452,462.0248387,0,1784735362,0,1784731414,09:43:33,1784731414,1784731413,2,0.083,0.013,-42.825,-4.269,414,15,0.36,0.02,-20.0201375,-19.61517861,2.293880552,0,2.702517647,-0.358548511,0.228124315,1,3.87352775,-1.54036334,0.15842015,0,1,3,1/3,2.9551,2.76456,0.104564,0.100442,0.116928,0.0857577,27642.3,18410,31647.5,22296,37635.5,27696,45450.1,32603.1,1.64142,2.64912,0.131853,0,32.2332,999.9,54,36,31.8812,61.7553,-99.972,3,0.349568,0,20.3081,5.21729,12.0312,4.9598,3.301,7702.5,9999,9999,124.9,4.97302,1.87546,1.88156,1.88111,1.8788,1.87454,1.87454,1.87685,0,0,0,0,11111111,oooooooo,on,on,on,on,0,100,100,-42.319,-4.8486,-26.96177666,-0.03980678,1.13121E-05,-1.30028E-09,-4.848578018,0,0,0,3,2129,1,23,66.6,66.6,0.155029,4.99878,2.89795,2.89673,2.99805,2.29248,38.6487,15.7169,2,394.743,1368.32,33.3291,31.9287,30.0004,31.6319,31.4822,-1,40,10,-999.9,400,20,99.4511,85.6624
33,1784735529,4084.4,20260722 10:52:09,10:52:09,15,1784735521,0.002265974,2.265973521,5.797658894,393.1086452,228.0793137,23.08147443,39.78233272,0.063680321,2.948347133,0.062925974,0.039395764,266.1522487,35.48678088,34.38868387,5.459948922,35.44433988,1.94914747,5.499178364,3.510801452,-99.92943227,20.46831152,1.612690876,188.3038188,4.038533165,2.283632524,5.797658894,410.0410304,399.8954,0.109476173,66.75339723,2.265973521,15.99546097,19.34905818,0.022464104,78.43,0,0,1,0,52139.8435,1500.005161,1273.865177,0.849240529,0.177434222,6,0.5,0: Broadleaf,2,TRUE,1784735521,393.1086452,400.968871,19.26047742,15.69417742,435.3639677,24.10905484,376.8020645,101.0993548,0.099978245,34.51745484,34.38868387,999.9,0,0,9997.639032,0,88.11723548,-7.860272581,400.8287419,407.3622581,3.56628871,400.968871,15.69417742,1.947221935,1.58667129,17.02156774,13.82878065,1500.005161,0.691982548,0.308017452,0,2.709754839,0,15149.51935,13609.53548,47.125,48.86280645,47.937,47.516,46.917,1037.977097,462.0280645,0,1784735482,0,1784731414,09:43:33,1784731414,1784731413,2,0.083,0.013,-42.825,-4.269,414,15,0.36,0.02,-6.976853659,-20.43651512,2.739498176,0,2.695861765,0.606036669,0.233503901,1,3.656281707,-1.992648293,0.218400817,0,1,3,1/3,2.95488,2.76455,0.103983,0.0973512,0.116146,0.0855691,27659.9,18473.8,31647.3,22296.8,37668.7,27702.9,45449.6,32604.6,1.64065,2.6455,0.141501,0,32.0909,999.9,53.9,36,31.8235,61.8454,-100,3,0.351684,0,20.3086,5.21684,12.0321,4.9597,3.301,7702.5,9999,9999,124.9,4.97309,1.87546,1.88157,1.8811,1.87881,1.87454,1.87454,1.87683,0,0,0,0,11111111,oooooooo,on,on,on,on,0,100,100,-42.222,-4.8486,-26.96177666,-0.03980678,1.13121E-05,-1.30028E-09,-4.848578018,0,0,0,3,2129,1,23,68.6,68.6,0.155029,4.99878,2.89795,2.89551,2.99805,2.2998,38.6241,15.6993,2,394.504,1363.53,33.3212,31.9688,30.0003,31.6649,31.5098,-1,40,10,-999.9,400,20,99.4502,85.6661
34,1784735649,4204.4,20260722 10:54:09,10:54:09,15,1784735641,0.002119126,2.119125573,5.534707353,396.3826452,229.4998494,23.22481725,40.11294352,0.059997151,2.94890733,0.059327172,0.037139054,266.1478889,35.42404385,34.30173226,5.433597361,35.67240504,1.95077396,5.468579865,3.482823401,-93.45343778,18.33877152,1.443310833,192.4765335,7.836747119,1.997361655,5.534707353,416.2153852,406.1594848,0.154093175,66.75339723,2.119125573,16.26739949,19.43009333,0.01847381,78.43,0,0,1,0,52172.75119,1499.996452,1273.856323,0.849239557,0.177432346,6,0.5,0: Broadleaf,2,TRUE,1784735641,396.3826452,410.1478387,19.27689355,16.15188065,438.7415806,24.12547419,376.0993226,101.0974839,0.100043345,34.41708387,34.30173226,999.9,0,0,10001.00645,0,75.61607419,-13.76509677,404.174129,416.8812258,3.125009032,410.1478387,16.15188065,1.948845161,1.632914516,17.03452903,14.27273226,1499.996452,0.692014065,0.307985935,0,2.665096774,0,15113.34516,13609.59677,47.062,48.776,47.937,47.433,46.85874194,1038.019677,461.9767742,0,1784735602,0,1784731414,09:43:33,1784731414,1784731413,2,0.083,0.013,-42.825,-4.269,414,15,0.36,0.02,-15.3696575,29.93405516,3.252671407,0,2.659788235,-0.336186398,0.241817717,1,3.09103425,0.691133021,0.128917731,0,1,3,1/3,2.95479,2.76441,0.105157,0.0998744,0.116409,0.0880317,27622.6,18416.5,31646.3,22290,37656.4,27618.1,45448.2,32592.6,1.64028,2.6465,0.147372,0,31.9259,999.9,54.5,36,32.1764,61.5454,-100,3,0.35529,0,20.3087,5.21684,12.0329,4.95975,3.301,7702.5,9999,9999,125,4.97302,1.87545,1.88157,1.88111,1.87877,1.87454,1.87454,1.87683,0,0,0,0,11111111,oooooooo,on,on,on,on,0,100,100,-42.423,-4.8486,-26.96177666,-0.03980678,1.13121E-05,-1.30028E-09,-4.848578018,0,0,0,3,2129,1,23,70.6,70.6,0.155029,4.99878,2.89795,2.88452,2.99805,2.323,38.575,15.6818,2,394.52,1365.87,33.263,32.0043,30.0002,31.705,31.5485,-1,40,10,-999.9,400,20,99.4471,85.6368
35,1784735769,4324.4,20260722 10:56:09,10:56:09,15,1784735761,0.002258527,2.258526649,5.20182715,391.334129,239.0248639,24.18968741,39.60362156,0.062750997,2.949277581,0.062018599,0.038826715,266.1491932,35.48326544,34.43449355,5.473876641,34.9809298,1.923115154,5.497610171,3.550761486,-99.60102522,12.37492921,0.974902027,179.8979992,-0.378628541,2.435152412,5.20182715,397.3789404,393.1864303,-0.603732563,66.75339723,2.258526649,15.19417771,18.86722424,-0.016602719,78.43,0,0,1,0,52167.20168,1500.000645,1273.860174,0.849239751,0.177432719,6,0.5,0: Broadleaf,2,TRUE,1784735761,391.334129,392.2506452,19.00282258,15.19064839,433.533129,23.85140645,375.9866452,101.1015806,0.099972242,34.51232258,34.43449355,999.9,0,0,10002.70484,0,65.98500645,-0.91651832,398.9149677,398.3013226,3.812176129,392.2506452,15.19064839,1.921214839,1.535798387,16.80940645,13.32912581,1500.000645,0.692007355,0.307992645,0,2.735780645,0,15076.45161,13609.60645,47.11280645,48.812,48,47.437,46.875,1038.012903,461.9877419,0,1784735722,0,1784731414,09:43:33,1784731414,1784731413,2,0.083,0.013,-42.825,-4.269,414,15,0.36,0.02,-0.771507373,-3.144595084,2.255642565,0,2.737170588,-0.310686021,0.21474915,1,3.6822725,1.660867767,0.259395618,0,1,3,1/3,2.9543,2.76445,0.102695,0.0952803,0.11444,0.0832181,27694.5,18520,31642,22301.7,37735.9,27780.9,45442.2,32612.7,1.63905,2.64272,0.141792,0,32.1189,999.9,52.7,36.1,31.2836,61.5754,-100,3,0.363438,0,20.3085,5.21579,12.0323,4.95965,3.301,7702.5,9999,9999,125,4.97308,1.87546,1.88157,1.88112,1.8788,1.87454,1.87454,1.87687,0,0,0,0,11111111,oooooooo,on,on,on,on,0,100,100,-42.009,-4.8486,-26.96177666,-0.03980678,1.13121E-05,-1.30028E-09,-4.848578018,0,0,0,3,2129,1,23,72.6,72.6,0.155029,4.99878,2.89795,2.89673,2.99805,2.28394,38.575,15.6468,2,394.222,1361.77,33.3075,32.0768,30.0004,31.7719,31.6173,-1,40,10,-999.9,400,20,99.4337,85.6865
36,1784735889,4444.4,20260722 10:58:09,10:58:09,15,1784735881,0.001933101,1.933101118,6.375690589,403.099,195.9728596,19.83285951,40.79445415,0.054192836,2.949339252,0.05364566,0.033577239,266.1504698,35.5058505,34.34504516,5.446709916,35.27840455,1.932892005,5.478966606,3.513817912,-85.24975931,16.88066529,1.328861446,199.1102372,5.324409603,2.183759163,6.375690589,429.1588765,412.0441333,0.965464676,66.75339723,1.933101118,15.76129378,18.97451576,-0.022621567,78.43,0,0,1,0,52179.33508,1500.005484,1273.8645,0.849239895,0.177432998,6,0.5,0: Broadleaf,2,TRUE,1784735881,403.099,413.0015484,19.09933226,15.68066129,445.6695484,23.94790323,375.9444839,101.1020968,0.099975552,34.45120968,34.34504516,999.9,0,0,10003.00419,0,66.93292903,-9.902688458,410.9478387,419.5808387,3.41866129,413.0015484,15.68066129,1.930981935,1.585346774,16.88937419,13.81548387,1500.005484,0.69200229,0.30799771,0,2.620035484,0,15062.77742,13609.62581,47.125,48.812,47.94309677,47.437,46.875,1038.009032,461.9964516,0,1784735842,0,1784731414,09:43:33,1784731414,1784731413,2,0.083,0.013,-42.825,-4.269,414,15,0.36,0.02,-6.478931663,-79.26968711,9.655684619,0,2.660473529,-0.471695958,0.209756397,1,3.440316829,0.320826899,0.205918717,0,1,3,1/3,2.95415,2.76455,0.106275,0.102349,0.11482,0.0871514,27585.5,18367.2,31643.9,22292.1,37722.4,27647.2,45445.4,32595.6,1.63813,2.64632,0.145003,0,32.0087,999.9,53.8,36.1,31.9372,61.6054,-99.98,3,0.363976,0,20.3086,5.21609,12.033,4.9597,3.301,7702.5,9999,9999,125,4.97307,1.87546,1.88157,1.88111,1.87881,1.87454,1.87454,1.87683,0,0,0,0,11111111,oooooooo,on,on,on,on,0,100,100,-42.618,-4.8486,-26.96177666,-0.03980678,1.13121E-05,-1.30028E-09,-4.848578018,0,0,0,3,2129,1,23,74.6,74.6,0.155029,4.99878,2.89795,2.88818,2.99805,2.30225,38.5504,15.6381,2,393.914,1367.83,33.2792,32.1146,30.0002,31.8072,31.6506,-1,40,10,-999.9,400,20,99.4404,85.6447
37,1784736009,4564.4,20260722 11:00:09,11:00:09,15,1784736001,0.001758769,1.758768597,5.666395647,378.3527419,174.8368691,17.69356278,38.28945249,0.048752788,2.948387984,0.048309326,0.030232835,266.1513814,35.31561594,34.11670323,5.377890211,33.74237019,1.824657098,5.407613891,3.553233114,-77.56169515,15.72562799,1.23553408,205.5508483,4.224523822,1.912352343,5.666395647,395.1339102,384.7072667,0.177623296,66.75339723,1.758768597,15.53771448,18.09235212,0.024340165,78.43,0,0,1,0,52192.25184,1500.008387,1273.867171,0.849240032,0.177433262,6,0.5,0: Broadleaf,2,TRUE,1784736001,378.3527419,386.2477742,18.03013548,15.03384194,420.1385161,22.83582903,376.0390645,101.1004194,0.099990323,34.21563548,34.11670323,999.9,0,0,9997.765806,0,67.98209355,-7.895072387,385.2997742,392.145129,2.996285806,386.2477742,15.03384194,1.822853871,1.519928065,15.98400645,13.16219677,1500.008387,0.69199971,0.30800029,0,2.713196774,0,15095.55806,13609.64516,46.96341935,48.61687097,47.875,47.125,46.74187097,1038.004194,462.0041935,0,1784735962,0,1784731414,09:43:33,1784731414,1784731413,2,0.083,0.013,-42.825,-4.269,414,15,0.36,0.02,-5.2011366,-63.13807963,6.163223706,0,2.705626471,-0.224411005,0.181560225,1,3.31264575,-7.101989381,0.713176752,0,1,3,1/3,2.95401,2.76446,0.101276,0.0963498,0.111765,0.0852985,27740,18495.1,31644.2,22298.2,37853.6,27712.4,45446,32606.4,1.6382,2.64748,0.148065,0,31.75,999.9,52.8,36.1,31.344,61.7254,-99.988,3,0.36436,0,20.3084,5.21684,12.0333,4.9598,3.301,7702.5,9999,9999,125.1,4.97304,1.87546,1.88156,1.88111,1.87881,1.87453,1.87454,1.87685,0,0,0,0,11111111,oooooooo,on,on,on,on,0,100,100,-41.773,-4.8223,-26.96177666,-0.03980678,1.13121E-05,-1.30028E-09,-1.425233054,-0.229565736,0.008659861,-0.000222848,3,2129,1,23,76.6,76.6,0.155029,4.99878,2.89917,2.89185,2.99805,2.27661,38.5014,15.603,2,394.032,1369.92,33.1447,32.1118,30.0002,31.8216,31.6694,-1,40,10,-999.9,400,20,99.4414,85.6712
38,1784736129,4684.4,20260722 11:02:09,11:02:09,15,1784736121,0.001710554,1.710554133,5.648793758,397.9574194,188.5152949,19.07818147,40.27420623,0.047343554,2.94883833,0.046925303,0.029365585,266.1516403,35.40845592,34.2268129,5.410981052,34.13695547,1.854303304,5.431952786,3.556677748,-75.43543725,11.04587817,0.86853068,202.6306119,9.403250773,1.660780718,5.648793758,422.6445981,409.5267091,0.562274842,66.75339723,1.710554133,15.72789154,18.37877394,0.003744353,78.43,0,0,1,0,52191.39886,1500.013871,1273.871458,0.849239786,0.177432786,6,0.5,0: Broadleaf,2,TRUE,1784736121,397.9574194,414.0314194,18.32273871,15.71882258,440.3659032,23.19457097,375.6689355,101.1023226,0.099977645,34.29629355,34.2268129,999.9,0,0,10000.13581,0,76.17047742,-16.07398839,405.3851613,420.6439032,2.603929355,414.0314194,15.71882258,1.852472258,1.589209032,16.23669032,13.85408065,1500.013871,0.692006419,0.307993581,0,2.72446129,0,15151.40323,13609.72581,46.99593548,48.44106452,47.762,47.125,46.687,1038.020323,461.9935484,0,1784736082,0,1784731414,09:43:33,1784731414,1784731413,2,0.083,0.013,-42.825,-4.269,414,15,0.36,0.02,-14.5339295,-35.22557944,4.251725508,0,2.705873529,0.529407185,0.21101693,1,2.562073,0.516153996,0.139963168,0,1,3,1/3,2.95359,2.76446,0.105867,0.10207,0.112927,0.0867313,27597.6,18374.8,31643.4,22294.4,37802.8,27663.1,45444.6,32599.3,1.6371,2.64293,0.14931,0,31.8309,999.9,53.5,36.1,31.7567,61.6355,-99.9559,3,0.365991,0,20.3085,5.21429,12.0323,4.9597,3.301,7702.5,9999,9999,125.1,4.97303,1.87546,1.88156,1.8811,1.87881,1.87454,1.87454,1.87683,0,0,0,0,11111111,oooooooo,on,on,on,on,0,100,100,-42.551,-4.8857,-26.96177666,-0.03980678,1.13121E-05,-1.30028E-09,-1.425233054,-0.229565736,0.008659861,-0.000222848,3,2129,1,23,78.6,78.6,0.155029,4.99878,2.89795,2.89185,2.99805,2.30713,38.4279,15.5768,2,393.527,1363.61,33.0986,32.1202,30.0001,31.838,31.6867,-1,40,10,-999.9,400,20,99.4386,85.6541
39,1784736766,5321.5,20260722 11:12:46,11:12:46,15,1784736758,0.005741559,5.741559411,7.180083789,401.6789667,333.6271486,33.76434246,40.65144652,0.226397663,2.94980552,0.217168385,0.136528103,266.1475159,33.92387842,33.54400667,5.208602202,49.7670615,2.636654395,5.297990912,2.571947807,-253.20277,48.40605568,3.783927484,65.13472906,6.80802986,5.930709155,7.180083789,423.3380802,412.1043212,-0.071032029,66.75285976,5.741559411,16.78986099,25.91679455,-0.016591403,78.43,0,0,1,0,52295.16215,1499.995,1273.85503,0.849239517,0.177432269,6,0.5,0: Broadleaf,2,TRUE,1784736758,401.6789667,416.4498667,26.05291333,16.76922333,443.4501667,30.69580667,373.3125667,101.1038333,0.099988353,33.84839,33.54400667,999.9,0,0,10005.482,0,55.18029667,-14.77102333,412.4238,423.5525333,9.283703667,416.4498667,16.76922333,2.634051667,1.695432667,21.87929333,14.85466,1499.995,0.692017033,0.307982967,0,2.830746667,0,20519.12333,13609.61,46.8645,48.38533333,47.68286667,46.9643,46.562,1038.020667,461.9743333,0,1784736719,0,1784736740,11:12:20,1784736735,1784736740,3,0.732,0.206,-42.266,-4.321,416,17,0.22,0.02,-14.87637317,2.604993031,0.902914722,0,2.80585,0.414904503,0.272085275,1,9.333130732,-1.113389268,0.115538487,0,1,3,1/3,2.95185,2.76441,0.10559,0.100972,0.136313,0.0897551,27604.4,18386.5,31641.4,22281.5,36796.3,27555,45438.4,32580,1.6511,2.6387,0.133716,0,31.3729,999.9,55.8,36.2,33.3051,61.6173,96.9231,3,0.373351,0,20.3085,5.21265,12.0335,4.9597,3.301,7702.5,9999,9999,125.3,4.97301,1.87546,1.88157,1.8811,1.8788,1.87454,1.87454,1.87683,0,0,0,0,11111111,oooooooo,on,on,on,on,0,100,100,-41.765,-4.6429,-26.23001301,-0.03980678,1.13121E-05,-1.30028E-09,-4.642886953,0,0,0,3,2129,1,23,0.5,0.4,0.155029,4.99878,2.89795,2.89795,2.99805,2.27905,38.4769,15.4804,2,401.856,1360.1,32.8954,32.2196,30.0001,31.9683,31.8127,-1,40,10,-999.9,400,20,99.4281,85.604
40,1784737083,5638.5,20260722 11:18:03,11:18:03,15,1784737075,0.004442232,4.44223212,6.159517044,402.3970323,319.4190952,32.32219489,40.71877824,0.153379555,2.948878312,0.149081428,0.09355203,266.1490625,34.41132423,33.84130645,5.29589561,44.82603071,2.395273094,5.343486935,2.900622516,-195.9024365,25.48345671,1.997075396,97.72715809,10.42387501,4.612207183,6.159517044,426.3058331,415.6241333,0.087827176,66.7449684,4.44223212,16.11431337,23.43698,-0.042542667,78.43,0,0,1,0,52242.3878,1500.000645,1273.860106,0.849239706,0.177432632,6,0.5,0: Broadleaf,2,TRUE,1784737075,402.3970323,422.1240645,23.67091613,16.43697419,444.190871,28.3138,373.4919677,101.0905806,0.099972406,34.0016,33.84130645,999.9,0,0,10001.52452,0,62.63951613,-19.72700645,412.1527419,429.178129,7.233941613,422.1240645,16.43697419,2.392905161,1.661622581,20.31569355,14.53941935,1500.000645,0.692009806,0.307990194,0,2.762364516,0,17256.4,13609.62581,46.875,48.375,47.675,47,46.61280645,1038.015161,461.9854839,0,1784737036,0,1784736740,11:12:20,1784736735,1784736740,3,0.732,0.206,-42.266,-4.321,416,17,0.22,0.02,-19.70659268,6.279758885,3.746809629,0,2.729997059,0.485003829,0.245622467,1,7.090655122,2.92473993,0.336274713,0,1,3,1/3,2.9517,2.76452,0.106379,0.102106,0.128561,0.0874091,27575.9,18369,31637.1,22288.8,37124.2,27637,45432.9,32593.1,1.64915,2.6435,0.141203,0,31.5653,999.9,54.8,36.2,32.7125,61.2673,96.9231,3,0.380904,0,20.3085,5.21579,12.0338,4.9598,3.301,7702.5,9999,9999,125.3,4.97301,1.87544,1.88157,1.8811,1.8788,1.87454,1.87454,1.87683,0,0,0,0,11111111,oooooooo,on,on,on,on,0,100,100,-41.909,-4.6429,-26.23001301,-0.03980678,1.13121E-05,-1.30028E-09,-4.642886953,0,0,0,3,2129,1,23,5.8,5.7,0.155029,4.99878,2.89795,2.89673,2.99805,2.28638,38.379,15.4192,2,401.172,1369.12,32.9414,32.288,30.0003,32.0378,31.8999,-1,40,10,-999.9,400,20,99.4154,85.6357
41,1784737203,5758.5,20260722 11:20:03,11:20:03,15,1784737195,0.003837271,3.837271393,6.804719024,413.2996452,307.5917097,31.12629365,41.82325373,0.126455382,2.94917303,0.123518519,0.077457259,266.1474735,34.65462564,34.0048871,5.344466757,43.20162796,2.319801817,5.369709259,3.02466494,-169.2236684,13.43565937,1.054108005,111.4135724,4.275531232,3.954116447,6.804719024,432.3540905,421.2101515,0.004560115,66.7449684,3.837271393,16.93825284,22.9039303,0.006557316,78.43,0,0,1,0,52235.90246,1499.996774,1273.856352,0.849239394,0.177432031,6,0.5,0: Broadleaf,2,TRUE,1784737195,413.2996452,422.7885806,22.92440645,16.72107742,455.4355161,27.5673,373.6836129,101.0935484,0.099990548,34.08939032,34.0048871,999.9,0,0,10002.90548,0,57.30305161,-9.489020968,422.9967742,429.9785806,6.20334,422.7885806,16.72107742,2.31751129,1.690392903,19.7986,14.80779355,1499.996774,0.692021194,0.307978806,0,2.743619355,0,16939.53548,13609.63871,46.891,48.35264516,47.641,47,46.625,1038.028065,461.9687097,0,1784737156,0,1784736740,11:12:20,1784736735,1784736740,3,0.732,0.206,-42.266,-4.321,416,17,0.22,0.02,-8.74371025,-22.40227013,2.635837766,0,2.719026471,0.106525595,0.196668666,1,6.28053225,-2.170961989,0.232545361,0,1,3,1/3,2.95234,2.76444,0.107349,0.101867,0.126929,0.089567,27544.6,18367.9,31635.7,22281.6,37193.4,27561.6,45431.7,32581.3,1.64942,2.64045,0.140943,0,31.7374,999.9,55.7,36.2,33.25,61.5673,96.9231,3,0.385239,0,20.3083,5.21639,12.0338,4.95965,3.301,7702.5,9999,9999,125.4,4.97303,1.87546,1.88157,1.8811,1.87881,1.87454,1.87454,1.87685,0,0,0,0,11111111,oooooooo,on,on,on,on,0,100,100,-42.077,-4.6429,-26.23001301,-0.03980678,1.13121E-05,-1.30028E-09,-4.642886953,0,0,0,3,2129,1,23,7.8,7.7,0.155029,4.99878,2.89795,2.89795,2.99805,2.33154,38.3545,15.4104,2,401.598,1365.54,32.9889,32.3423,30,32.0878,31.9446,-1,40,10,-999.9,400,20,99.4121,85.6061
42,1784737323,5878.5,20260722 11:22:03,11:22:03,15,1784737315,0.00353138,3.531380201,6.313701626,380.6568065,267.5489348,27.07498603,38.52109419,0.107326741,2.948765143,0.105202857,0.065939107,266.1502315,34.9269918,34.26409032,5.422223935,39.65508072,2.152461227,5.427958253,3.269762708,-155.7338669,3.018451426,0.237372767,113.6721888,4.438400665,3.960266449,6.313701626,398.4676364,387.5350545,0.092503846,66.7449684,3.531380201,15.48951038,21.07773939,-0.005356632,78.43,0,0,1,0,52191.43634,1500.005161,1273.864132,0.849239833,0.177432877,6,0.5,0: Broadleaf,2,TRUE,1784737315,380.6568065,390.1920968,21.27013871,15.05424839,421.7610323,25.91303226,374.140871,101.0963548,0.100033968,34.28307742,34.26409032,999.9,0,0,10000.31032,0,55.26112258,-9.5353,388.929871,396.1572258,6.215897419,390.1920968,15.05424839,2.150335161,1.52193129,18.59638387,13.18667419,1500.005161,0.692005613,0.307994387,0,2.628470968,0,16757.97419,13609.65161,47.05,48.3506129,47.74593548,47.062,46.75,1038.011935,461.9932258,0,1784737276,0,1784736740,11:12:20,1784736735,1784736740,3,0.732,0.206,-42.266,-4.321,416,17,0.22,0.02,-6.227378988,-59.29842152,5.965456642,0,2.70565,-0.310244457,0.248987947,1,6.520004146,-5.683203345,0.593144082,0,1,3,1/3,2.95265,2.76446,0.101392,0.0972998,0.121042,0.0852657,27729.7,18473.6,31637.4,22296.5,37448,27712.5,45435,32605.7,1.65005,2.6378,0.140853,0,31.9763,999.9,53.1,36.2,31.6936,61.6574,96.9231,3,0.386395,0,20.3082,5.21624,12.0332,4.95965,3.301,7702.5,9999,9999,125.4,4.97303,1.87545,1.88159,1.8811,1.87881,1.87453,1.87454,1.87683,0,0,0,0,11111111,oooooooo,on,on,on,on,0,100,100,-41.069,-4.6429,-26.23001301,-0.03980678,1.13121E-05,-1.30028E-09,-4.642886953,0,0,0,3,2129,1,23,9.8,9.7,0.155029,4.99878,2.89795,2.89185,2.99805,2.28394,38.3056,15.4016,2,402.011,1361.98,33.1118,32.3635,30.0002,32.1006,31.9615,-1,40,10,-999.9,400,20,99.4185,85.6675
43,1784737443,5998.5,20260722 11:24:03,11:24:03,15,1784737435,0.002984505,2.984505246,6.480832081,396.3850968,258.8336582,26.19236997,40.11172728,0.087988365,2.948916415,0.086555465,0.054223962,266.1487818,35.21366326,34.48505806,5.489285848,38.94945647,2.131421548,5.472275459,3.3578643,-131.6166813,-8.875297343,-0.69917426,124.9576289,11.9207158,3.001262781,6.480832081,428.5659428,411.2142788,0.958373636,66.7449684,2.984505246,16.71128176,21.19536545,0.025051593,78.43,0,0,1,0,52170.8715,1499.999355,1273.858984,0.849239688,0.177432598,6,0.5,0: Broadleaf,2,TRUE,1784737435,396.3850968,417.4425484,21.06276129,16.34376452,437.9891613,25.70564194,373.5600645,101.093871,0.099962006,34.42923226,34.48505806,999.9,0,0,10001.41548,0,56.96775161,-21.05737419,404.9139677,424.380129,4.718984194,417.4425484,16.34376452,2.129317097,1.652257419,18.44017097,14.45288387,1499.999355,0.692010806,0.307989194,0,2.74746129,0,16661.10645,13609.61613,47.12093548,48.437,47.812,47.125,46.82012903,1038.015161,461.9841935,0,1784737396,0,1784736740,11:12:20,1784736735,1784736740,3,0.732,0.206,-42.266,-4.321,416,17,0.22,0.02,-20.54929,-20.02723227,2.339685866,0,2.776073529,-0.185034379,0.237948894,1,4.83630825,-2.829692195,0.275305531,0,1,3,1/3,2.95168,2.76447,0.105777,0.102568,0.12146,0.0898288,27594.8,18355,31638,22283.5,37430.8,27555.3,45435.7,32583.2,1.6467,2.64325,0.145789,0,32.1506,999.9,55,36.2,32.8317,61.5674,96.9231,3,0.386791,0,20.3082,5.21235,12.0327,4.9598,3.301,7702.5,9999,9999,125.4,4.97302,1.87546,1.88159,1.8811,1.87881,1.87453,1.87454,1.87683,0,0,0,0,11111111,oooooooo,on,on,on,on,0,100,100,-41.813,-4.6428,-26.23001301,-0.03980678,1.13121E-05,-1.30028E-09,-4.642886953,0,0,0,3,2129,1,23,11.8,11.7,0.155029,4.99878,2.89795,2.89795,2.99805,2.27173,38.2812,15.3754,2,400.297,1370.55,33.2322,32.3795,30.0001,32.1228,31.9811,-1,40,10,-999.9,400,20,99.4201,85.612
44,1784737563,6118.5,20260722 11:26:03,11:26:03,15,1784737555,0.002945969,2.945969073,5.228594161,403.5855484,284.3433128,28.77347043,40.83991542,0.084900213,2.948513778,0.083565128,0.052346408,266.1448281,35.35090361,34.63894516,5.536414209,38.17142146,2.103680236,5.511139368,3.432733974,-129.9172361,-13.09627554,-1.033249796,122.0980667,5.720355922,2.775487398,5.228594161,415.1092475,410.8574788,-0.607372925,66.7449684,2.945969073,15.91739652,20.74508,-0.023141714,78.43,0,0,1,0,52137.80959,1499.977742,1273.840568,0.849239647,0.177432518,6,0.5,0: Broadleaf,2,TRUE,1784737555,403.5855484,414.5773871,20.78885161,16.42170323,445.4166452,25.43174194,373.3953548,101.0927419,0.09996821,34.55655806,34.63894516,999.9,0,0,9999.239677,0,54.98580323,-10.99191774,412.1537742,421.5007419,4.367140968,414.5773871,16.42170323,2.101602258,1.660114516,18.23128065,14.52552258,1499.977742,0.692012097,0.307987903,0,2.790370968,0,16533.05484,13609.41613,47.25,48.536,47.937,47.25,46.96341935,1038.002258,461.9754839,0,1784737516,0,1784736740,11:12:20,1784736735,1784736740,3,0.732,0.206,-42.266,-4.321,416,17,0.22,0.02,-13.008683,58.21928645,6.184931146,0,2.793797059,0.007830403,0.173506351,1,4.31032875,2.575462402,0.329015494,0,1,3,1/3,2.95178,2.76448,0.105602,0.0994091,0.119867,0.0868225,27600.2,18426.5,31638.2,22291.9,37499.7,27658.9,45436.3,32598.2,1.64673,2.63608,0.142921,0,32.3163,999.9,54.4,36.2,32.4742,61.7774,96.9231,3,0.390467,0,20.3082,5.21519,12.0338,4.9595,3.301,7702.5,9999,9999,125.5,4.97301,1.87545,1.88159,1.8811,1.87876,1.87449,1.87454,1.87683,0,0,0,0,11111111,oooooooo,on,on,on,on,0,100,100,-41.786,-4.6429,-26.23001301,-0.03980678,1.13121E-05,-1.30028E-09,-4.642886953,0,0,0,3,2129,1,23,13.8,13.7,0.155029,4.99878,2.89795,2.89795,2.99805,2.32178,38.2324,15.3491,2,400.483,1360.47,33.3429,32.4172,30.0002,32.154,32.0088,-1,40,10,-999.9,400,20,99.4212,85.6486
45,1784737683,6238.5,20260722 11:28:03,11:28:03,15,1784737675,0.002258275,2.258275246,5.166264548,404.3988387,253.4384148,25.64524093,40.9208117,0.063267771,2.947951509,0.062523007,0.039143063,266.1478901,35.55860769,34.71108065,5.558626721,36.97112565,2.041007563,5.520544823,3.517619158,-99.58993837,-19.67963069,-1.553728269,145.3245927,2.187045794,2.339048983,5.166264548,415.3292469,409.4268909,-0.358761492,66.7449684,2.258275246,16.60473664,20.17010182,-0.001513911,78.43,0,0,1,0,52116.56046,1499.987097,1273.849239,0.849240131,0.177433453,6,0.5,0: Broadleaf,2,TRUE,1784737675,404.3988387,409.4291935,20.17020323,16.49031613,446.2557742,24.81309355,373.6859032,101.0892258,0.100015568,34.58725484,34.71108065,999.9,0,0,9996.393548,0,56.38494839,-5.030303871,412.7236774,416.294,3.679888065,409.4291935,16.49031613,2.038990323,1.666993871,17.75039677,14.59222258,1499.987097,0.691995226,0.308004774,0,2.700435484,0,16440.18065,13609.43226,47.3,48.57825806,48.03,47.25,47.016,1037.984516,462.0025806,0,1784737636,0,1784736740,11:12:20,1784736735,1784736740,3,0.732,0.206,-42.266,-4.321,416,17,0.22,0.02,-6.3409405,21.13742612,2.541057921,0,2.736664706,-0.100773107,0.209488794,1,3.657287,0.307909418,0.099928248,0,1,3,1/3,2.95215,2.76445,0.105363,0.0986993,0.118027,0.0889211,27607.1,18435.7,31637.8,22285.7,37577.7,27585.9,45435.3,32587.1,1.64648,2.63823,0.146385,0,32.3462,999.9,55.1,36.2,32.8916,61.7174,96.903,3,0.39311,0,20.3082,5.21534,12.0332,4.95975,3.301,7702.5,9999,9999,125.5,4.97302,1.87542,1.88156,1.8811,1.87879,1.87453,1.87454,1.87684,0,0,0,0,11111111,oooooooo,on,on,on,on,0,100,100,-41.748,-4.6429,-26.23001301,-0.03980678,1.13121E-05,-1.30028E-09,-4.642886953,0,0,0,3,2129,1,23,15.8,15.7,0.155029,4.99878,2.89795,2.8894,2.99805,2.323,38.2324,15.3491,2,400.533,1364.35,33.4129,32.457,30.0002,32.1881,32.0403,-1,40,10,-999.9,400,20,99.4195,85.6214
46,1784737803,6358.5,20260722 11:30:03,11:30:03,15,1784737795,0.002050761,2.050761449,5.270523502,397.201871,225.717845,22.83996092,40.19210449,0.055629845,2.947526253,0.055053082,0.034459498,266.1447757,35.72152292,34.85027419,5.601707312,35.53119823,1.973477807,5.554211243,3.628229505,-90.43857991,-24.39428034,-1.928569564,149.3833459,8.47794901,2.004942859,5.270523502,420.139608,408.5019879,0.427894726,66.7449684,2.050761449,16.39677169,19.54420485,0.010287818,78.43,0,0,1,0,52085.91482,1499.974839,1273.838342,0.849239807,0.177432827,6,0.5,0: Broadleaf,2,TRUE,1784737795,397.201871,412.1133871,19.50306129,16.34232581,438.8317097,24.14594516,373.1739677,101.0880968,0.100007877,34.69676129,34.85027419,999.9,0,0,9994.09,0,56.05812903,-14.91151935,405.1026129,418.9603226,3.160729677,412.1133871,16.34232581,1.971529032,1.652016452,17.21750645,14.45244839,1499.974839,0.692005097,0.307994903,0,2.820267742,0,16321.69677,13609.37419,47.37093548,48.59654839,48.11280645,47.304,47.058,1037.992258,461.9825806,0,1784737756,0,1784736740,11:12:20,1784736735,1784736740,3,0.732,0.206,-42.266,-4.321,416,17,0.22,0.02,-15.1187225,5.380107692,0.911289164,0,2.776517647,0.751758588,0.242440243,1,3.18560625,-0.782801313,0.106110813,0,1,3,1/3,2.95198,2.76435,0.105296,0.100269,0.115912,0.0877511,27606.4,18405.4,31635,22288,37665.7,27625,45432.2,32591.4,1.64565,2.64125,0.145789,0,32.457,999.9,54.7,36.2,32.6559,61.7474,96.9231,3,0.39717,0,20.3084,5.21474,12.0335,4.95965,3.301,7702.5,9999,9999,125.5,4.97303,1.87545,1.88157,1.8811,1.87881,1.87454,1.87454,1.87685,0,0,0,0,11111111,oooooooo,on,on,on,on,0,100,100,-41.74,-4.6429,-26.23001301,-0.03980678,1.13121E-05,-1.30028E-09,-4.642886953,0,0,0,3,2129,1,23,17.8,17.7,0.155029,4.99878,2.89795,2.89673,2.99805,2.26074,38.2324,15.3228,2,400.284,1369.64,33.458,32.4983,30.0002,32.2251,32.0771,-1,40,10,-999.9,400,20,99.4117,85.6319
47,1784737923,6478.5,20260722 11:32:03,11:32:03,15,1784737915,0.00175691,1.756909559,4.517635453,396.7086774,220.4452565,22.30633921,40.14202195,0.046271881,2.948679687,0.045872244,0.02870577,266.1489858,35.87772228,34.94390968,5.630850633,34.04698583,1.89956522,5.579246366,3.731285413,-77.47971156,-26.40324891,-2.088355667,160.1776697,-0.071395213,2.078099527,4.517635453,401.4347262,398.8907758,-0.683272267,66.7449684,1.756909559,15.29904352,18.47315697,-0.049665732,78.43,0,0,1,0,52104.93135,1499.995484,1273.856158,0.849239996,0.177433191,6,0.5,0: Broadleaf,2,TRUE,1784737915,396.7086774,397.9153226,18.77269677,15.50518065,438.3228387,23.41559032,374.429,101.0876774,0.099980519,34.77781935,34.94390968,999.9,0,0,10000.68323,0,70.86355484,-1.206710516,404.2988065,404.1830645,3.26752,397.9153226,15.50518065,1.897687419,1.56738129,16.61509355,13.63943871,1499.995484,0.691999742,0.308000258,0,2.687741935,0,16231.45484,13609.52258,47.389,48.651,48.125,47.36687097,47.125,1037.997097,461.9983871,0,1784737876,0,1784736740,11:12:20,1784736735,1784736740,3,0.732,0.206,-42.266,-4.321,416,17,0.22,0.02,-2.180887463,7.045845679,2.799502961,0,2.659552941,0.097356762,0.191615831,1,3.110436098,2.687160418,0.346714021,0,1,3,1/3,2.95205,2.76449,0.10355,0.0973381,0.112234,0.0848511,27662.7,18474.2,31637.8,22298.7,37826.1,27727.7,45435.9,32609,1.64595,2.6392,0.156313,0,32.4169,999.9,53.2,36.1,31.5857,61.7474,96.9231,3,0.397154,0,20.3085,5.21669,12.0338,4.9597,3.301,7702.5,9999,9999,125.6,4.97299,1.87545,1.88157,1.8811,1.87878,1.87453,1.87454,1.87684,0,0,0,0,11111111,oooooooo,on,on,on,on,0,100,100,-41.446,-4.6429,-26.23001301,-0.03980678,1.13121E-05,-1.30028E-09,-4.642886953,0,0,0,3,2129,1,23,19.8,19.7,0.155029,4.99878,2.89795,2.89795,2.99805,2.30591,38.208,15.3141,2,400.527,1366.97,33.537,32.5174,30.0001,32.2394,32.0936,-1,40,10,-999.9,400,20,99.4201,85.676
48,1784738043,6598.5,20260722 11:34:03,11:34:03,15,1784738035,0.001416057,1.41605701,4.222893067,408.7752258,207.280523,20.97549934,41.36550967,0.037218168,2.948571897,0.036959138,0.023122584,266.1532877,35.92416983,34.9201,5.623427589,33.95709177,1.89021589,5.56648344,3.733211698,-62.44811414,-29.18004109,-2.307337532,172.217795,3.007650084,1.500906751,4.222893067,420.3187141,415.0400848,-0.229095654,66.7449684,1.41605701,16.2955578,18.60150485,-0.008901039,78.43,0,0,1,0,52108.98917,1500.024194,1273.880129,0.849239722,0.177432663,6,0.5,0: Broadleaf,2,TRUE,1784738035,408.7752258,414.5915161,18.67917097,16.31346774,450.7694194,23.38039677,373.556,101.0937742,0.100004345,34.73653548,34.9201,999.9,0,0,9999.467742,0,71.10550645,-5.816230645,416.5561935,421.4671613,2.365712258,414.5915161,16.31346774,1.88835,1.649190645,16.53793226,14.42603871,1500.024194,0.692008968,0.307991032,0,2.674554839,0,16217.16129,13609.82581,47.437,48.687,48.133,47.37093548,47.125,1038.030645,461.9935484,0,1784737996,0,1784736740,11:12:20,1784736735,1784736740,3,0.732,0.206,-42.266,-4.321,416,17,0.22,0.02,-7.677855854,29.65975923,3.635859065,0,2.717338235,-0.474656988,0.232462674,1,2.230215366,1.885082509,0.258223838,0,1,3,1/3,2.95172,2.76442,0.10648,0.100058,0.112844,0.0874909,27571.4,18410.9,31636.9,22289.5,37799.2,27635.1,45434.8,32594.1,1.6445,2.63335,0.154395,0,32.4385,999.9,54.7,36.2,32.6535,61.8974,96.9191,3,0.400203,0,20.3075,5.21235,12.0336,4.9593,3.30032,7702.5,9999,9999,125.6,4.97303,1.87546,1.88156,1.8811,1.87879,1.87452,1.87454,1.87684,0,0,0,0,11111111,oooooooo,on,on,on,on,0,100,100,-41.945,-4.6822,-26.23001301,-0.03980678,1.13121E-05,-1.30028E-09,-1.21954199,-0.229565736,0.008659861,-0.000222848,3,2129,1,23,21.8,21.7,0.155029,4.99878,2.89795,2.89673,2.99805,2.27905,38.208,15.2878,2,399.904,1358.9,33.5431,32.5434,30.0003,32.2708,32.1196,-1,40,10,-999.9,400,20,99.4176,85.6385
49,1784738163,6718.5,20260722 11:36:03,11:36:03,15,1784738155,0.001492313,1.492313499,3.353763512,407.3729677,244.8071886,24.77292121,41.22353796,0.038029535,2.949146393,0.037759184,0.02362362,266.1509221,36.0426428,35.1160129,5.684760268,32.69485371,1.833977349,5.609376219,3.850782919,-65.8110253,-38.32687759,-3.034949216,158.97807,1.856785839,1.153016705,3.353763512,412.0865158,412.0993333,-0.778206384,66.7449684,1.492313499,15.82406879,18.18290545,-0.001058684,78.43,0,0,1,0,52101.86415,1500.003871,1273.863513,0.84924015,0.17743349,6,0.5,0: Broadleaf,2,TRUE,1784738155,407.3729677,411.1045484,18.12345161,16.3075871,449.3232903,22.6982129,374.0763871,101.0936129,0.099989081,34.87495484,35.1160129,999.9,0,0,10002.74774,0,82.93202903,-3.731574194,414.8922903,417.9222903,1.815867419,411.1045484,16.3075871,1.832165806,1.648592903,16.06380645,14.41754194,1500.003871,0.691994161,0.308005839,0,2.751896774,0,16188.7,13609.58065,47.437,48.687,48.183,47.375,47.171,1037.995161,462.0087097,0,1784738116,0,1784736740,11:12:20,1784736735,1784736740,3,0.732,0.206,-42.266,-4.321,416,17,0.22,0.02,-6.31601875,69.53669665,7.437937586,0,2.737955882,-0.229743316,0.237179118,1,1.81500425,1.564361764,0.339911296,0,1,3,1/3,2.95259,2.76436,0.105902,0.097486,0.11104,0.0846403,27587.3,18469.7,31634.9,22297.2,37874.2,27732.8,45432.2,32607.6,1.64583,2.63742,0.160597,0,32.5346,999.9,54,36.1,32.0592,61.6274,96.9151,3,0.402663,0,20.3083,5.21699,12.0339,4.95975,3.301,7702.5,9999,9999,125.6,4.97303,1.87542,1.88158,1.8811,1.8788,1.87453,1.87454,1.87683,0,0,0,0,11111111,oooooooo,on,on,on,on,0,100,100,-41.848,-4.585,-26.23001301,-0.03980678,1.13121E-05,-1.30028E-09,-1.21954199,-0.229565736,0.008659861,-0.000222848,3,2129,1,23,23.8,23.7,0.155029,4.99878,2.89795,2.89673,2.99805,2.3291,38.2324,15.2703,2,400.803,1365.59,33.6132,32.5784,30.0002,32.3022,32.1508,-1,40,10,-999.9,400,20,99.4117,85.6715
50,1784738283,6838.5,20260722 11:38:03,11:38:03,15,1784738275,0.000985068,0.985067966,3.268216196,407.5740968,176.5626441,17.86731462,41.24459428,0.024726774,2.948379095,0.024612144,0.015392845,266.1491197,36.19870979,35.15518387,5.69709266,31.98795917,1.796853291,5.617280183,3.900239369,-43.44149731,-40.50481717,-3.209255256,178.9935499,5.210990107,0.851963571,3.268216196,423.8477992,416.9264061,0.225188642,66.7449684,0.985067966,16.60248614,17.90681333,0.030024667,78.43,0,0,1,0,52075.82439,1499.99129,1273.853052,0.849240299,0.177433777,6,0.5,0: Broadleaf,2,TRUE,1784738275,407.5740968,416.4967742,17.7562871,16.41290645,449.5307097,22.2515129,373.7596774,101.0953226,0.100005103,34.90036129,35.15518387,999.9,0,0,9998.219355,0,74.57557742,-8.922624,414.942,423.4480968,1.343383484,416.4967742,16.41290645,1.795077097,1.659267097,15.74388065,14.51790968,1499.99129,0.691989645,0.308010355,0,2.687396774,0,16056.67419,13609.44516,47.5,48.75,48.24187097,47.46748387,47.24187097,1037.979032,462.0122581,0,1784738236,0,1784736740,11:12:20,1784736735,1784736740,3,0.732,0.206,-42.266,-4.321,416,17,0.22,0.02,-7.67676605,-30.43342847,4.644428486,0,2.693697059,-0.228328499,0.220109691,1,1.4960402,-3.418275107,0.37187002,0,1,3,1/3,2.95212,2.76445,0.106915,0.102199,0.109961,0.0892358,27555.4,18363.2,31634.4,22285.1,37919.8,27575.1,45431.4,32585.8,1.64385,2.63398,0.156444,0,32.6154,999.9,55,36.1,32.6504,61.7174,96.9231,3,0.406395,0,20.3082,5.21504,12.0339,4.9597,3.301,7702.5,9999,9999,125.7,4.97307,1.87546,1.88157,1.8811,1.87879,1.87454,1.87454,1.87683,0,0,0,0,11111111,oooooooo,on,on,on,on,0,100,100,-42.024,-4.5292,-26.23001301,-0.03980678,1.13121E-05,-1.30028E-09,-1.21954199,-0.229565736,0.008659861,-0.000222848,3,2129,1,23,25.8,25.7,0.155029,4.99878,2.89795,2.89795,2.99805,2.30957,38.2324,15.2703,2,399.955,1361.35,33.6699,32.6272,30.0001,32.3451,32.1914,-1,40,10,-999.9,400,20,99.4099,85.6185
51,1784738404,6958.9,20260722 11:40:03,11:40:03,15,1784738396,0.001029361,1.029361233,3.246315904,403.8647742,181.7308147,18.38980165,40.86809988,0.025659414,2.948571683,0.025536005,0.015971041,266.1538356,36.16541769,35.1656,5.700375933,31.58181626,1.771889757,5.610474528,3.928486176,-45.39483037,-45.6404423,-3.615720484,171.5028424,3.966403417,0.947550531,3.246315904,416.6626993,411.8455879,-0.067353499,66.7449684,1.029361233,15.87507097,17.50174182,-0.00055395,78.43,0,0,1,0,52084.93105,1500.015806,1273.874061,0.849240425,0.177434021,6,0.5,0: Broadleaf,2,TRUE,1784738396,403.8647742,410.8402258,17.51008387,16.01692903,445.704871,21.95361935,374.0906774,101.0925161,0.100017845,34.8784871,35.1656,999.9,0,0,9999.590968,0,74.19257742,-6.975275097,411.0627419,417.5279677,1.493151935,410.8402258,16.01692903,1.770137419,1.619190645,15.52555484,14.14235161,1500.015806,0.691985903,0.308014097,0,2.633606452,0,16032.91613,13609.65806,47.5,48.72154839,48.19106452,47.377,47.21545161,1037.989677,462.026129,0,1784738357,0,1784736740,11:12:20,1784736735,1784736740,3,0.732,0.206,-42.266,-4.321,416,17,0.22,0.02,-6.511035049,-2.408275756,2.849508235,0,2.706558824,-0.591715812,0.233009753,1,1.542062195,-0.547496237,0.138022833,0,1,3,1/3,2.95253,2.76442,0.105957,0.098567,0.108189,0.0856621,27586.4,18446,31636.2,22295.4,37997.4,27698.5,45433.6,32603.8,1.64485,2.6352,0.160821,0,32.5561,999.9,53.9,36.1,31.9974,61.6874,96.9191,3,0.405902,0,20.3083,5.21594,12.0324,4.9597,3.301,7702.5,9999,9999,125.7,4.97302,1.87544,1.88156,1.8811,1.8788,1.87454,1.87454,1.87684,0,0,0,0,11111111,oooooooo,on,on,on,on,0,100,100,-41.862,-4.4405,-26.23001301,-0.03980678,1.13121E-05,-1.30028E-09,-1.21954199,-0.229565736,0.008659861,-0.000222848,3,2129,1,23,27.8,27.7,0.155029,4.99878,2.89795,2.89795,2.99805,2.30957,38.208,15.2528,2,400.551,1363.32,33.6566,32.633,30,32.3537,32.1999,-1,40,10,-999.9,400,20,99.4151,85.6627
52,1784738524,7078.9,20260722 11:42:03,11:42:03,15,1784738516,0.00069279,0.692790209,2.777821898,404.8213871,129.4104889,13.09510559,40.96405826,0.01726075,2.94925551,0.017204824,0.010758025,266.1522527,36.23856938,35.13781935,5.691622837,31.51996855,1.767137788,5.606407207,3.924485048,-30.55204821,-43.31423618,-3.429955764,188.8560126,5.963410023,0.601121929,2.777821898,421.5988263,414.9413515,0.301015522,66.7449684,0.692790209,16.59557294,17.57163636,0.014092208,78.43,0,0,1,0,52106.51208,1500.003548,1273.863958,0.84924063,0.177434415,6,0.5,0: Broadleaf,2,TRUE,1784738516,404.8213871,414.7871613,17.46348387,16.51515806,446.6913871,21.89745484,373.6843871,101.0904839,0.099965955,34.86540323,35.13781935,999.9,0,0,10003.67742,0,71.38644839,-9.965894516,412.0166452,421.7526452,0.948340097,414.7871613,16.51515806,1.765393871,1.669525484,15.48359355,14.61582258,1500.003548,0.691979258,0.308020742,0,2.718409677,0,15950.6871,13609.53548,47.5,48.653,48.187,47.375,47.2256129,1037.970968,462.0325806,0,1784738477,0,1784736740,11:12:20,1784736735,1784736740,3,0.732,0.206,-42.266,-4.321,416,17,0.22,0.02,-10.24378561,9.177907317,1.825487118,0,2.748526471,0.018696715,0.237238902,1,0.932344488,0.276297303,0.054211533,0,1,3,1/3,2.95152,2.76465,0.106553,0.100974,0.108531,0.0894149,27568.2,18388.7,31636.3,22285.7,37983.1,27570.5,45433.9,32586.9,1.64245,2.63188,0.158399,0,32.5806,999.9,55.1,36.1,32.7135,61.5674,96.9231,3,0.407259,0,20.3083,5.21444,12.0332,4.95955,3.301,7702.5,9999,9999,125.8,4.97301,1.87544,1.88156,1.8811,1.8788,1.87454,1.87454,1.87683,0,0,0,0,11111111,oooooooo,on,on,on,on,0,100,100,-41.964,-4.4577,-26.23001301,-0.03980678,1.13121E-05,-1.30028E-09,-1.21954199,-0.229565736,0.008659861,-0.000222848,3,2129,1,23,29.8,29.7,0.155029,4.99878,2.89795,2.89795,2.99805,2.29248,38.1837,15.2265,2,399.314,1358.7,33.6598,32.6417,30,32.368,32.2145,-1,40,10,-999.9,400,20,99.4157,85.6213
53,1784738644,7198.9,20260722 11:44:03,11:44:03,15,1784738636,0.001424692,1.424691886,2.52092658,384.3212903,249.8837355,25.28620286,38.89019063,0.0355824,2.948613383,0.035345564,0.022112125,266.1457725,35.98459218,35.05927742,5.66693909,31.1028225,1.73737075,5.585894174,3.929568341,-62.82891218,-41.32901645,-3.27115783,158.7166861,1.088615846,1.558691941,2.52092658,391.300907,389.1164061,-0.272116213,66.7449684,1.424691886,13.94978298,16.69422545,-0.060431931,78.43,0,0,1,0,52099.50137,1499.980968,1273.8435,0.849239775,0.177432766,6,0.5,0: Broadleaf,2,TRUE,1784738636,384.3212903,387.0254194,17.16907419,14.71446129,425.5424516,21.54396452,374.4616452,101.0918065,0.100065052,34.79929032,35.05927742,999.9,0,0,9999.898065,0,86.07877419,-2.704116323,391.0353548,392.8052903,2.454614516,387.0254194,14.71446129,1.735655161,1.487513871,15.21727419,12.83357097,1499.980968,0.692006613,0.307993387,0,2.712412903,0,15416.6,13609.43226,47.437,48.683,48.125,47.437,47.125,1037.998065,461.9829032,0,1784738597,0,1784736740,11:12:20,1784736735,1784736740,3,0.732,0.206,-42.266,-4.321,416,17,0.22,0.02,-1.961282915,-12.15692703,1.507651552,0,2.71495,-0.252713514,0.218266667,1,2.140623415,4.438202091,0.620083124,0,1,3,1/3,2.95251,2.76439,0.10185,0.0955647,0.104621,0.0806759,27709.9,18519.7,31632.6,22310.4,38146.2,27873.4,45429.3,32631.8,1.64492,2.63595,0.158064,0,32.479,999.9,52,36.1,30.8712,61.7175,96.9231,3,0.412835,0,20.3083,5.21594,12.0339,4.95975,3.301,7702.5,9999,9999,125.8,4.973,1.87545,1.88157,1.8811,1.8788,1.87454,1.87453,1.87683,0,0,0,0,11111111,oooooooo,on,on,on,on,0,100,100,-41.168,-4.2735,-26.23001301,-0.03980678,1.13121E-05,-1.30028E-09,-1.21954199,-0.229565736,0.008659861,-0.000222848,3,2129,1,23,31.8,31.7,0.155029,4.99878,2.89795,2.89673,2.99805,2.29492,38.1593,15.2178,2,400.859,1365.76,33.6362,32.68,30.0006,32.4024,32.2605,-1,40,10,-999.9,400,20,99.4049,85.7299
54,1784738764,7318.9,20260722 11:46:03,11:46:03,15,1784738756,0.00067172,0.671719744,2.555621956,384.1247742,119.8630497,12.12919793,38.87040607,0.016542148,2.949156426,0.016490772,0.010311335,266.1518316,36.0125375,34.87220968,5.608522777,29.52528957,1.634165174,5.534798127,3.974357602,-29.62284072,-37.92387892,-2.995938423,195.6091735,2.435789801,0.629012423,2.555621956,393.8209094,390.1823273,-0.072471602,66.7449684,0.671719744,15.1950493,16.19896424,0.006340234,78.43,0,0,1,0,52142.98043,1500.013548,1273.871313,0.849239871,0.177432952,6,0.5,0: Broadleaf,2,TRUE,1784738756,384.1247742,388.4041935,16.14913226,15.15999032,425.3398065,20.32887097,375.3886452,101.0921613,0.099973871,34.6336871,34.87220968,999.9,0,0,10002.94839,0,71.48735484,-4.279382258,390.4299677,394.3829677,0.989132871,388.4041935,15.15999032,1.632549677,1.532556129,14.26949032,13.29679355,1500.013548,0.692004452,0.307995548,0,2.732470968,0,15429.45161,13609.70645,47.22967742,48.542,47.937,47.25,46.93903226,1038.015806,461.9977419,0,1784738717,0,1784736740,11:12:20,1784736735,1784736740,3,0.732,0.206,-42.266,-4.321,416,17,0.22,0.02,-4.95429275,15.72417062,1.820777072,0,2.726455882,0.560120706,0.238972637,1,0.98066325,0.100028578,0.058735255,0,1,3,1/3,2.95343,2.76464,0.102047,0.0953994,0.102684,0.0837215,27699.4,18514.5,31628,22300.4,38222.7,27764.7,45421.6,32612.8,1.64535,2.63067,0.168644,0,32.163,999.9,52.2,36.1,30.9904,61.5375,95.5569,3,0.422932,0,20.3086,5.21175,12.0338,4.95965,3.301,7702.5,9999,9999,125.8,4.973,1.87543,1.88157,1.8811,1.8788,1.87453,1.87454,1.87683,0,0,0,0,11111111,oooooooo,on,on,on,on,0,100,100,-41.207,-4.1893,-26.23001301,-0.03980678,1.13121E-05,-1.30028E-09,-1.21954199,-0.229565736,0.008659861,-0.000222848,3,2129,1,23,33.8,33.7,0.155029,4.99878,2.89795,2.89795,2.99805,2.29614,38.0863,15.1915,2,401.643,1359.94,33.4985,32.7817,30.0003,32.503,32.3521,-1,40,10,-999.9,400,20,99.3891,85.6845
55,1784738884,7438.9,20260722 11:48:03,11:48:03,15,1784738876,0.000659487,0.659487107,2.302946266,407.5815161,160.1923506,16.20970169,41.24276076,0.016147205,2.948318759,0.016098236,0.010065785,266.1519477,36.14331154,35.06532258,5.668835621,30.02991037,1.673887482,5.574067527,3.994948139,-29.08338141,-48.35969565,-3.827413273,184.8814574,-1.655175048,0.629126971,2.302946266,408.9007538,409.9234182,-0.678312781,66.75139711,0.659487107,15.49718781,16.54023576,-0.000929368,78.43,0,0,1,0,52097.54635,1500.011935,1273.870152,0.84924001,0.17743322,6,0.5,0: Broadleaf,2,TRUE,1784738876,407.5815161,405.3485484,16.54219032,15.55446774,449.5381935,20.79464194,375.8463226,101.089,0.099987052,34.76107742,35.06532258,999.9,0,0,9998.501935,0,56.15611613,2.232970903,414.4371613,411.7534194,0.987731645,405.3485484,15.55446774,1.672235484,1.572385806,14.64105161,13.69066774,1500.011935,0.691999355,0.308000645,0,2.689225806,0,15251.95161,13609.7,47.187,48.5,47.909,47.187,46.937,1038.007742,462.0041935,0,1784738837,0,1784736740,11:12:20,1784736735,1784736740,3,0.732,0.206,-42.266,-4.321,416,17,0.22,0.02,-0.710875659,48.09618807,5.158711128,0,2.674855882,0.413437732,0.204130545,1,0.971211829,0.41962154,0.072992627,0,1,3,1/3,2.954,2.7643,0.105578,0.0975729,0.104097,0.0841774,27588.8,18468.1,31626.4,22298.2,38160.7,27747.9,45419.4,32609.3,1.6462,2.63045,0.173841,0,32.2809,999.9,52.8,36.1,31.3459,61.8375,88.3173,3,0.425638,0,20.3084,5.21504,12.0336,4.95985,3.301,7702.5,9999,9999,125.8,4.97301,1.8754,1.88157,1.8811,1.87878,1.87453,1.87454,1.87683,0,0,0,0,11111111,oooooooo,on,on,on,on,0,100,100,-41.809,-4.2518,-26.23001301,-0.03980678,1.13121E-05,-1.30028E-09,-1.21954199,-0.229565736,0.008659861,-0.000222848,3,2129,1,23,35.8,35.7,0.155029,4.99878,2.89795,2.89795,2.99805,2.30225,38.0377,15.174,2,402.429,1360.69,33.5382,32.8453,29.9999,32.5608,32.4017,-1,40,10,-999.9,400,20,99.3842,85.6757
56,1784739004,7558.9,20260722 11:50:03,11:50:03,15,1784738996,0.000630967,0.630967017,2.291911856,400.3379032,140.5862925,14.22623416,40.51106728,0.015205941,2.948399746,0.015162507,0.009480459,266.1424766,36.33994671,35.30717742,5.745165967,29.98195128,1.688870153,5.632956098,4.056295814,-27.82564545,-56.67022284,-4.494457563,177.1521508,0.102294756,0.729581209,2.291911856,407.6940641,405.1252485,-0.163415798,66.75139711,0.630967017,15.5969944,16.62887091,-0.005136242,78.43,0,0,1,0,52067.8391,1499.957742,1273.824203,0.84924006,0.177433316,6,0.5,0: Broadleaf,2,TRUE,1784738996,400.3379032,400.9669032,16.68972903,15.54551613,442.0669032,20.97018387,376.1911935,101.0921935,0.099991745,34.95065806,35.30717742,999.9,0,0,9998.646129,0,63.03692581,-0.628910506,407.1330323,407.2986129,1.144209935,400.9669032,15.54551613,1.687201935,1.57153,14.77910645,13.68234194,1499.957742,0.691997903,0.308002097,0,2.696951613,0,15642.35161,13609.18387,47.34858065,48.633,48.028,47.35670968,47.062,1037.967742,461.99,0,1784738957,0,1784736740,11:12:20,1784736735,1784736740,3,0.732,0.206,-42.266,-4.321,416,17,0.22,0.02,0.204971568,-27.14315128,2.888352495,0,2.711764706,-0.036348356,0.228343152,1,1.159578244,-0.787452063,0.097858281,0,1,3,1/3,2.95459,2.76469,0.104762,0.0983412,0.10448,0.0852033,27617.5,18452.9,31630.4,22298.9,38149.8,27716.7,45425.9,32609.1,1.6473,2.6331,0.167452,0,32.6099,999.9,53.3,36,31.4715,61.5975,77.2516,3,0.422531,0,20.3082,5.21519,12.0336,4.9597,3.301,7702.5,9999,9999,125.9,4.97304,1.87545,1.88157,1.8811,1.8788,1.87454,1.87454,1.87683,0,0,0,0,11111111,oooooooo,on,on,on,on,0,100,100,-41.668,-4.2687,-26.23001301,-0.03980678,1.13121E-05,-1.30028E-09,-1.21954199,-0.229565736,0.008659861,-0.000222848,3,2129,1,23,37.8,37.7,0.155029,4.99878,2.89795,2.89795,2.99805,2.32422,38.0377,15.1652,2,403.004,1364.7,33.6622,32.8322,29.9999,32.555,32.4046,-1,40,10,-999.9,400,20,99.3978,85.6765
57,1784739124,7678.9,20260722 11:52:03,11:52:03,15,1784739116,0.000429624,0.429623742,2.169636689,404.505871,54.6657595,5.531733462,40.93272795,0.010391375,2.948099955,0.01037107,0.00648374,266.1495981,36.38682701,35.27079677,5.733627335,30.11003818,1.695609442,5.631375929,4.038017892,-18.94640704,-51.68713884,-4.098843786,191.4172085,-1.376437057,0.941980799,2.169636689,410.8823561,408.167497,-0.114412881,66.75139711,0.429623742,16.03149335,16.60809394,0.011868727,78.43,0,0,1,0,52060.18327,1499.997097,1273.857697,0.849240108,0.177433409,6,0.5,0: Broadleaf,2,TRUE,1784739116,404.505871,402.917129,16.75637097,15.27808387,446.3659355,21.05008387,375.9201935,101.0919032,0.100022258,34.94559355,35.27079677,999.9,0,0,9996.971935,0,63.19529032,1.588636968,411.4001935,409.1709355,1.478284516,402.917129,15.27808387,1.693932903,1.544489032,14.83958387,13.40423871,1499.997097,0.691996903,0.308003097,0,2.642764516,0,15563.46452,13609.52258,47.375,48.70935484,48.06606452,47.5,47.129,1037.992581,462.0045161,0,1784739077,0,1784736740,11:12:20,1784736735,1784736740,3,0.732,0.206,-42.266,-4.321,416,17,0.22,0.02,4.687779415,-59.30006584,6.447097396,0,2.658147059,-0.268959508,0.159026678,1,1.845177732,-7.623598369,0.848311809,0,1,3,1/3,2.95419,2.76449,0.105342,0.0999298,0.104453,0.0873804,27600.5,18415.6,31631.4,22292.9,38152,27643,45427.2,32599.9,1.64675,2.63127,0.165582,0,32.5883,999.9,54.2,36,32.0014,61.8075,69.7676,3,0.42017,0,20.308,5.21669,12.033,4.9597,3.301,7702.5,9999,9999,125.9,4.97302,1.87545,1.88158,1.8811,1.87881,1.87454,1.87454,1.87684,0,0,0,0,11111111,oooooooo,on,on,on,on,0,100,100,-41.767,-4.2673,-26.23001301,-0.03980678,1.13121E-05,-1.30028E-09,-1.21954199,-0.229565736,0.008659861,-0.000222848,3,2129,1,23,39.8,39.7,0.155029,4.99878,2.89795,2.89795,2.99805,2.24731,38.0377,15.1302,2,402.613,1361.9,33.7251,32.8015,30.0004,32.5391,32.4017,-1,40,10,-999.9,400,20,99.4007,85.6528
58,1784739244,7798.9,20260722 11:54:03,11:54:03,15,1784739236,0.000503924,0.50392397,2.478961401,417.845,73.69020061,7.457007788,42.28341616,0.012124309,2.94883679,0.012096683,0.007562904,266.1533014,36.46586744,35.40100968,5.775019368,30.29737007,1.715495903,5.662194108,4.059523466,-22.22304707,-56.73349607,-4.502912493,182.6938458,3.785130116,0.525146301,2.478961401,430.9223657,426.1943576,0.101710152,66.75139711,0.50392397,16.16510844,16.96194788,-0.000874197,78.43,0,0,1,0,52064.47272,1500.023226,1273.879403,0.849239786,0.177432787,6,0.5,0: Broadleaf,2,TRUE,1784739236,417.845,424.2284516,16.95254194,16.12962581,460.1227742,21.28381935,376.4007419,101.094,0.100022081,35.04414516,35.40100968,999.9,0,0,10000.95032,0,67.24241613,-6.383393226,425.0508065,431.1833871,0.822924161,424.2284516,16.12962581,1.713800968,1.630608387,15.02199032,14.25096452,1500.023226,0.692007226,0.307992774,0,2.723429032,0,15554.67742,13609.82258,47.437,48.754,48.125,47.47358065,47.187,1038.026774,461.9964516,0,1784739197,0,1784736740,11:12:20,1784736735,1784736740,3,0.732,0.206,-42.266,-4.321,416,17,0.22,0.02,-8.543466585,39.11401233,4.859676013,0,2.732823529,-0.773805959,0.267171457,1,0.822664122,0.316688425,0.086531036,0,1,3,1/3,2.95471,2.76435,0.108528,0.101711,0.105898,0.0872311,27500.6,18378.7,31629.6,22292.5,38088.2,27646.5,45424.6,32598.7,1.6473,2.62862,0.167225,0,32.7123,999.9,54.4,36,32.1201,61.7475,52.8125,3,0.422492,0,20.3081,5.21699,12.0336,4.95975,3.301,7702.5,9999,9999,125.9,4.97302,1.87546,1.88158,1.8811,1.87881,1.87452,1.87454,1.87683,0,0,0,0,11111111,oooooooo,on,on,on,on,0,100,100,-42.312,-4.3336,-26.23001301,-0.03980678,1.13121E-05,-1.30028E-09,-1.21954199,-0.229565736,0.008659861,-0.000222848,3,2129,1,23,41.8,41.7,0.155029,4.99878,2.89795,2.89673,2.99805,2.27417,38.062,15.1127,2,403.052,1358.34,33.7693,32.8307,30,32.5637,32.4189,-1,40,10,-999.9,400,20,99.3951,85.6504
59,1784739364,7918.9,20260722 11:56:03,11:56:03,15,1784739356,0.000549417,0.549416874,2.135669945,413.7138065,130.4461792,13.19988067,41.86380094,0.012934333,2.948134584,0.01290289,0.008067125,266.1470803,36.57881072,35.55392903,5.823960627,29.37629643,1.674840201,5.701332042,4.149120426,-24.22928414,-61.23900444,-4.868237032,175.8105546,8.284851617,0.304253531,2.135669945,436.9953313,427.4871333,0.862792762,66.75139711,0.549416874,16.26598467,16.78970364,0.041150554,78.43,0,0,1,0,52023.45101,1499.994194,1273.854194,0.849239416,0.177432074,6,0.5,0: Broadleaf,2,TRUE,1784739356,413.7138065,427.1407742,16.5514,16.07372581,455.8624516,20.80572258,375.8432581,101.0902258,0.10001799,35.16863226,35.55392903,999.9,0,0,9997.334516,0,78.14763226,-13.42699258,420.6771613,434.1194516,0.477675258,427.1407742,16.07372581,1.673184839,1.624896129,14.6494871,14.19547742,1499.994194,0.692019161,0.307980839,0,2.531854839,0,15553.26129,13609.60645,47.562,48.83232258,48.25,47.562,47.312,1038.025161,461.9690323,0,1784739317,0,1784736740,11:12:20,1784736735,1784736740,3,0.732,0.206,-42.266,-4.321,416,17,0.22,0.02,-14.49056659,16.54955268,3.251348544,0,2.556455882,-0.341419409,0.231523671,1,0.55111922,-1.764541505,0.211366065,0,1,3,1/3,2.95428,2.76454,0.108782,0.102538,0.105198,0.0862673,27492.7,18363.4,31629.6,22294.5,38118.3,27679,45424.9,32602.6,1.64643,2.63455,0.165373,0,32.8912,999.9,54.2,36,32.0032,61.8076,36.8389,3,0.424164,0,20.3079,5.21504,12.0332,4.9597,3.301,7702.5,9999,9999,126,4.97301,1.87545,1.88158,1.8811,1.87881,1.87453,1.87454,1.87684,0,0,0,0,11111111,oooooooo,on,on,on,on,0,100,100,-42.359,-4.3017,-26.23001301,-0.03980678,1.13121E-05,-1.30028E-09,-1.21954199,-0.229565736,0.008659861,-0.000222848,3,2129,1,23,43.8,43.7,0.155029,4.99878,2.89795,2.89795,2.99805,2.30347,38.0863,15.1127,2,402.665,1367.46,33.8645,32.8503,30.0002,32.581,32.4335,-1,40,10,-999.9,400,20,99.3954,85.6595
60,1784739484,8038.9,20260722 11:58:03,11:58:03,15,1784739476,0.00054083,0.540829643,2.001228425,423.0505806,152.3804699,15.41881092,42.80690903,0.012775869,2.948346541,0.012745193,0.007968495,266.1517863,36.738418,35.72774839,5.880028106,30.39588105,1.74813573,5.751225724,4.131892376,-23.85058724,-63.81739213,-5.08102649,173.4027804,6.604619993,0.259887504,2.001228425,442.3756992,435.3152485,0.54369382,66.75139711,0.540829643,16.66659678,17.42136667,0.01144,78.43,0,0,1,0,52002.7781,1500.004839,1273.864694,0.84924039,0.177433952,6,0.5,0: Broadleaf,2,TRUE,1784739476,423.0505806,433.7771613,17.2764129,16.8684129,465.4900968,21.6722871,375.5846774,101.0862581,0.100008981,35.32625806,35.72774839,999.9,0,0,9998.930968,0,85.61571935,-10.72660097,430.4881613,441.2197742,0.408007065,433.7771613,16.8684129,1.746409677,1.705166129,15.31489355,14.94306774,1500.004839,0.691988581,0.308011419,0,2.596283871,0,15551.04839,13609.55806,47.75,48.98780645,48.383,47.75,47.49187097,1037.983871,462.0209677,0,1784739437,0,1784736740,11:12:20,1784736735,1784736740,3,0.732,0.206,-42.266,-4.321,416,17,0.22,0.02,-10.21311805,-4.617421672,2.834957677,0,2.583635294,-0.183165776,0.189569552,1,0.403936805,0.643140251,0.201351146,0,1,3,1/3,2.95417,2.76443,0.110119,0.103698,0.107804,0.0889292,27449.2,18333,31627.2,22286.6,38003.7,27587,45420.7,32589.3,1.64573,2.63125,0.161394,0,33.1302,999.9,55.5,36,32.7707,61.8376,23.0168,3,0.427879,0,20.3079,5.21594,12.0336,4.9597,3.301,7702.5,9999,9999,126,4.97304,1.87543,1.88156,1.8811,1.8788,1.87454,1.87454,1.87683,0,0,0,0,11111111,oooooooo,on,on,on,on,0,100,100,-42.59,-4.4253,-26.23001301,-0.03980678,1.13121E-05,-1.30028E-09,-1.21954199,-0.229565736,0.008659861,-0.000222848,3,2129,1,23,45.8,45.7,0.155029,4.99878,2.89795,2.89917,2.99805,2.28149,38.135,15.0777,2,402.485,1363.22,34.0004,32.9009,30.0002,32.6187,32.4648,-1,40,10,-999.9,400,20,99.3869,85.6264
61,1784739604,8158.9,20260722 12:00:03,12:00:03,15,1784739596,0.000612798,0.612798379,1.969721029,396.6164194,153.9831516,15.58016547,40.13003616,0.014133603,2.947384196,0.014096058,0.008813401,266.1486815,36.83989154,35.84039355,5.91661303,29.0733484,1.683161845,5.789363582,4.233451185,-27.02440851,-62.67760289,-4.997548562,171.4491215,2.736507309,0.440895303,1.969721029,409.5998824,404.7727515,0.234513971,66.75139711,0.612798379,15.88920404,16.73891758,0.013448234,78.43,0,0,1,0,51955.23026,1499.993226,1273.85429,0.849240029,0.177433256,6,0.5,0: Broadleaf,2,TRUE,1784739596,396.6164194,401.2552903,16.63516129,15.94434194,438.227871,20.90522903,376.5623548,101.0809355,0.100039881,35.44594516,35.84039355,999.9,0,0,9993.99129,0,44.91588065,-4.638888097,403.325871,407.7569032,0.690829258,401.2552903,15.94434194,1.681497419,1.611668387,14.72655161,14.07046774,1499.993226,0.691999355,0.308000645,0,2.549977419,0,14587.64194,13609.50645,47.82012903,49.07419355,48.538,47.81606452,47.562,1037.993871,461.9993548,0,1784739557,0,1784736740,11:12:20,1784736735,1784736740,3,0.732,0.206,-42.266,-4.321,416,17,0.22,0.02,-4.08213545,-7.761667295,2.198953542,0,2.542579412,-0.014415594,0.179860534,1,0.723040925,-0.229977692,0.139995713,0,1,3,1/3,2.95541,2.76459,0.104632,0.0971719,0.104916,0.0846744,27618.6,18476,31627.6,22298.2,38128,27732.4,45422,32608.9,1.64825,2.62945,0.161499,0,33.2362,999.9,53.7,36,31.7066,61.4776,3.81811,3,0.430056,0,20.3081,5.21624,12.0336,4.95975,3.301,7702.5,9999,9999,126,4.97303,1.87539,1.88156,1.8811,1.8788,1.87454,1.87454,1.87683,0,0,0,0,11111111,oooooooo,on,on,on,on,0,100,100,-41.652,-4.2899,-26.23001301,-0.03980678,1.13121E-05,-1.30028E-09,-1.21954199,-0.229565736,0.008659861,-0.000222848,3,2129,1,23,47.8,47.7,0.155029,4.99878,2.89795,2.89795,2.99805,2.31812,38.1837,15.0777,2,404.011,1361.1,34.1166,32.9331,30.0001,32.6425,32.4879,-1,40,10,-999.9,400,20,99.389,85.6751
62,1784739724,8278.9,20260722 12:02:03,12:02:03,15,1784739716,0.000555957,0.555956612,2.096242609,395.336,118.6333929,12.00368885,40.00130335,0.012974509,2.949097129,0.01294288,0.008092135,266.1512104,36.74316625,35.66047097,5.858271605,29.08821264,1.673758961,5.754079778,4.184512644,-24.51768657,-51.70923755,-4.114782003,185.8095043,0.485117508,0.57670038,2.096242609,403.7044803,400.8664909,-0.079536155,66.75139711,0.555956612,15.67016207,16.54352424,-0.0002453,78.43,0,0,1,0,52022.46777,1500.000645,1273.861219,0.849240448,0.177434064,6,0.5,0: Broadleaf,2,TRUE,1784739716,395.336,396.4724516,16.54189032,15.63802903,436.9069677,20.7942871,376.4918387,101.0830645,0.099988255,35.33523871,35.66047097,999.9,0,0,10003.51161,0,80.05039032,-1.136321194,401.9856774,402.770871,0.903859226,396.4724516,15.63802903,1.672103871,1.580739032,14.63985161,13.77226452,1500.000645,0.691985516,0.308014484,0,2.53866129,0,15384.98387,13609.5129,47.812,49.062,48.5,47.875,47.57012903,1037.978065,462.0225806,0,1784739677,0,1784736740,11:12:20,1784736735,1784736740,3,0.732,0.206,-42.266,-4.321,416,17,0.22,0.02,0.770351341,-32.7677718,3.6758534,0,2.529038235,0.250770055,0.239034738,1,0.990651098,-1.255735401,0.194526867,0,1,3,1/3,2.95495,2.76459,0.103942,0.0965709,0.104096,0.0844942,27641.4,18490.4,31629.3,22300.7,38164.5,27741.4,45423.8,32613.1,1.64785,2.62962,0.171818,0,32.8941,999.9,53.4,36,31.5329,61.6576,-11.3261,3,0.428488,0,20.3083,5.2125,12.0339,4.9598,3.301,7702.5,9999,9999,126.1,4.97306,1.87539,1.88156,1.8811,1.8788,1.87453,1.87454,1.87683,0,0,0,0,11111111,oooooooo,on,on,on,on,0,100,100,-41.535,-4.2529,-26.23001301,-0.03980678,1.13121E-05,-1.30028E-09,-1.21954199,-0.229565736,0.008659861,-0.000222848,3,2129,1,23,49.8,49.7,0.155029,4.99878,2.89795,2.89795,2.99805,2.28516,38.1593,15.0426,2,403.741,1361.21,34.091,32.9214,30.0001,32.6338,32.4821,-1,40,10,-999.9,400,20,99.3936,85.6856
63,1784739844,8398.9,20260722 12:04:03,12:04:03,15,1784739836,0.000346581,0.34658061,2.622777844,410.853,-119.5152938,-12.09269419,41.57057668,0.008075132,2.948499218,0.008062866,0.005040392,266.1514985,36.88602764,35.77589677,5.89564163,29.56996849,1.709851345,5.782391501,4.185790285,-15.28420492,-55.91887189,-4.45509045,190.4933312,9.547291534,0.203064971,2.622777844,440.7671502,426.6786909,1.403709085,66.75139711,0.34658061,16.79078463,17.09482848,0.029184944,78.43,0,0,1,0,51990.4973,1500.009355,1273.867965,0.849240013,0.177433226,6,0.5,0: Broadleaf,2,TRUE,1784739836,410.853,426.2364516,16.8989129,16.58003226,452.912,21.21980968,375.6265484,101.0811935,0.099950748,35.42411613,35.77589677,999.9,0,0,10000.29935,0,67.96650323,-15.3835,417.9157097,433.4234839,0.318883,426.2364516,16.58003226,1.708163226,1.675930645,14.97052903,14.67468065,1500.009355,0.692000258,0.307999742,0,2.573816129,0,15108.89355,13609.63871,47.937,49.125,48.57012903,47.937,47.687,1038.005806,462.0035484,0,1784739797,0,1784736740,11:12:20,1784736735,1784736740,3,0.732,0.206,-42.266,-4.321,416,17,0.22,0.02,-13.884822,-35.15099527,4.168690334,0,2.55255,0.38553247,0.227260042,1,0.348478875,-0.714675861,0.089010496,0,1,3,1/3,2.95365,2.76467,0.108653,0.103512,0.106471,0.0891897,27496.3,18337.9,31629.6,22288,38064.1,27580.1,45424.9,32590.6,1.64445,2.6278,0.170995,0,33.031,999.9,55.2,36,32.597,61.6876,-28.2853,3,0.428892,0,20.3073,5.21325,12.0327,4.95935,3.30032,7702.5,9999,9999,126.1,4.97301,1.87541,1.88156,1.8811,1.87879,1.87452,1.87454,1.87683,0,0,0,0,11111111,oooooooo,on,on,on,on,0,100,100,-42.34,-4.3619,-26.23001301,-0.03980678,1.13121E-05,-1.30028E-09,-1.21954199,-0.229565736,0.008659861,-0.000222848,3,2129,1,23,51.8,51.7,0.155029,4.99878,2.89795,2.89795,2.99805,2.30835,38.1593,15.0251,2,401.918,1358.54,34.1409,32.9331,29.9998,32.6434,32.485,-1,40,10,-999.9,400,20,99.3953,85.6306
64,1784739964,8518.9,20260722 12:06:03,12:06:03,15,1784739956,0.000525052,0.525051709,1.867212829,409.8385161,144.4129515,14.61179678,41.46772882,0.012156578,2.947268041,0.01212879,0.007582985,266.1479734,36.82552135,35.76069032,5.890706606,28.98066672,1.674371396,5.777546154,4.216335211,-23.15478038,-55.89193446,-4.454146461,182.6471121,0.990353044,0.528909773,1.867212829,417.1658038,415.7686424,-0.232752774,66.75139711,0.525051709,15.7277615,16.55266121,-0.000248158,78.43,0,0,1,0,51958.16882,1499.985161,1273.847816,0.849240279,0.177433738,6,0.5,0: Broadleaf,2,TRUE,1784739956,409.8385161,411.7621613,16.54833548,15.71942258,451.866129,20.80194839,376.5103871,101.0806129,0.100040413,35.40893226,35.76069032,999.9,0,0,9993.363548,0,66.29193226,-1.923638129,416.7349032,418.3382581,0.828918226,411.7621613,15.71942258,1.672717097,1.58893,14.64552581,13.85180323,1499.985161,0.691989258,0.308010742,0,2.477674194,0,15143.9129,13609.39032,47.937,49.183,48.625,47.889,47.687,1037.975806,462.0093548,0,1784739917,0,1784736740,11:12:20,1784736735,1784736740,3,0.732,0.206,-42.266,-4.321,416,17,0.22,0.02,-4.053831024,44.69561505,4.499039486,0,2.492261765,0.235656226,0.217598328,1,0.776993805,0.882343547,0.103337811,0,1,3,1/3,2.95481,2.76441,0.106621,0.0985324,0.104138,0.0853102,27560.7,18450,31631.4,22300.3,38165.6,27715.5,45427.2,32611.7,1.6473,2.63232,0.167273,0,33.0471,999.9,53.5,36,31.5892,61.8076,-42.8606,3,0.426974,0,20.3084,5.21669,12.0338,4.9599,3.301,7702.5,9999,9999,126.1,4.97301,1.87542,1.88157,1.8811,1.87881,1.87453,1.87454,1.87684,0,0,0,0,11111111,oooooooo,on,on,on,on,0,100,100,-41.991,-4.2547,-26.23001301,-0.03980678,1.13121E-05,-1.30028E-09,-1.21954199,-0.229565736,0.008659861,-0.000222848,3,2129,1,23,53.8,53.7,0.155029,4.99878,2.89795,2.89795,2.99805,2.25464,38.1593,15.0076,2,403.371,1364.96,34.1637,32.909,30.0001,32.6216,32.4706,-1,40,10,-999.9,400,20,99.4006,85.6827
65,1784740084,8639,20260722 12:08:03,12:08:03,15,1784740076,0.000655877,0.655877037,1.231042629,410.8023,256.856448,25.98936414,41.56598228,0.0151069,2.947740777,0.01506402,0.009418855,266.1529378,36.82467574,35.8023,5.904218931,28.74100894,1.663552766,5.788080612,4.240666165,-28.92417735,-57.26949617,-4.564850496,175.3944138,-7.798275906,0.956038983,1.231042629,399.6359698,407.3058909,-1.382942813,66.75139711,0.655877037,14.68493783,16.13709152,-0.051604182,78.43,0,0,1,0,51966.03715,1500.017,1273.8745,0.849240042,0.177433281,6,0.5,0: Broadleaf,2,TRUE,1784740076,410.8023,398.9984667,16.44112,14.94232333,452.8596333,20.67482333,376.4302333,101.0824333,0.10001448,35.44193,35.8023,999.9,0,0,9995.868333,0,64.97840667,11.803776,417.6702,405.0532667,1.498792667,398.9984667,14.94232333,1.661908333,1.510407333,14.54452,13.06955333,1500.017,0.6919986,0.3080014,0,2.546273333,0,15077.31333,13609.71667,48,49.12913333,48.687,47.875,47.7416,1038.009667,462.0073333,0,1784740037,0,1784736740,11:12:20,1784736735,1784736740,3,0.732,0.206,-42.266,-4.321,416,17,0.22,0.02,9.7091855,24.88680405,5.016791941,0,2.546758824,0.032770056,0.210491907,1,1.40861775,1.993584203,0.316203262,0,1,3,1/3,2.95456,2.76451,0.105065,0.0971284,0.102308,0.0830744,27608.9,18485,31631.6,22307.9,38244,27794.1,45427.5,32624.4,1.6474,2.62847,0.171077,0,33.0406,999.9,52.3,36,30.883,61.8867,-60.5369,3,0.358826,0.0697168,20.3082,5.21429,12.0339,4.95965,3.301,7702.5,9999,9999,126.2,4.97305,1.87546,1.88159,1.8811,1.8788,1.87453,1.87454,1.87684,0,0,0,0,11111111,oooooooo,on,on,on,on,0,100,100,-41.726,-4.1747,-26.23001301,-0.03980678,1.13121E-05,-1.30028E-09,-1.21954199,-0.229565736,0.008659861,-0.000222848,3,2129,1,23,55.8,55.7,0.155029,4.99878,2.89795,2.89795,2.99805,2.30835,38.1593,14.9726,2,403.343,1358.9,34.1793,32.8987,29.9999,32.6064,32.4538,-1,40,10,-999.9,400,20,99.4014,85.7143
66,1784740204,8759,20260722 12:10:03,12:10:03,15,1784740196,0.000681865,0.681865399,1.886909489,407.0142258,189.9044394,19.21507861,41.18287266,0.015443817,2.947743188,0.015399006,0.009628394,266.1510402,36.90376867,35.90349355,5.937192947,27.92917523,1.624241488,5.815572692,4.312951459,-30.07026409,-59.70474185,-4.763283976,171.6127502,2.077485817,0.651047353,1.886909489,414.2477899,413.3111939,-0.30311735,66.75139711,0.681865399,14.79682413,15.99739091,-0.015937766,78.43,0,0,1,0,51951.65061,1500.007419,1273.866261,0.849239974,0.177433149,6,0.5,0: Broadleaf,2,TRUE,1784740196,407.0142258,410.7489355,16.05253226,15.0312,448.9531613,20.21479032,376.329871,101.0828387,0.100043961,35.5278,35.90349355,999.9,0,0,9995.841935,0,65.47246774,-3.734708823,413.6543226,417.018,1.021313968,410.7489355,15.0312,1.622635806,1.519397097,14.17543548,13.16369032,1500.007419,0.692000968,0.307999032,0,2.644012903,0,15014.97742,13609.63548,48.062,49.187,48.75,47.875,47.754,1038.006452,462.0009677,0,1784740157,0,1784736740,11:12:20,1784736735,1784736740,3,0.732,0.206,-42.266,-4.321,416,17,0.22,0.02,-5.714105588,44.5846434,4.813556113,0,2.608085294,0.004948822,0.233632877,1,0.9362936,1.869433103,0.191833933,0,1,3,1/3,2.95485,2.76448,0.10621,0.0979602,0.101746,0.0814959,27574.7,18471.5,31632.9,22312.1,38269.7,27848,45429.6,32631.5,1.64778,2.6323,0.169393,0,33.1813,999.9,51.6,36,30.4661,61.6767,-79.0705,3,0.426021,0,20.3081,5.21579,12.0338,4.9598,3.301,7702.5,9999,9999,126.2,4.97301,1.87545,1.88157,1.8811,1.87881,1.87454,1.87454,1.87685,0,0,0,0,11111111,oooooooo,on,on,on,on,0,100,100,-41.921,-4.1509,-26.23001301,-0.03980678,1.13121E-05,-1.30028E-09,-1.21954199,-0.229565736,0.008659861,-0.000222848,3,2129,1,23,57.8,57.7,0.155029,4.99878,2.89795,2.89795,2.99805,2.29614,38.1593,14.9638,2,403.537,1364.52,34.2134,32.895,30.0002,32.6042,32.4498,-1,40,10,-999.9,400,20,99.4057,85.732
67,1784740324,8879,20260722 12:12:03,12:12:03,15,1784740316,0.000391276,0.391275723,1.830335441,400.597129,53.06732529,5.369181441,40.5311302,0.008847947,2.948843902,0.008833224,0.005522086,266.1486391,37.07418237,35.98596774,5.96418545,28.2411109,1.651131068,5.846551412,4.313054382,-17.2552594,-57.5228821,-4.591487498,186.7790101,3.34732436,0.317460957,1.830335441,414.9429908,409.3640727,0.373005983,66.75139711,0.391275723,16.12854949,16.48801879,0.03103245,78.43,0,0,1,0,51966.4683,1499.992258,1273.853535,0.849240073,0.177433342,6,0.5,0: Broadleaf,2,TRUE,1784740316,400.597129,406.1454516,16.31926774,15.82059677,442.3341613,20.53021935,375.735,101.0768065,0.099980055,35.62413871,35.98596774,999.9,0,0,10002.69194,0,65.31459355,-5.54842871,407.2430323,412.6747742,0.498675548,406.1454516,15.82059677,1.649500323,1.599097097,14.42902581,13.94735484,1499.992258,0.691998935,0.308001065,0,2.554670968,0,14916.32581,13609.4871,48.062,49.294,48.804,48,47.812,1037.990968,462.0012903,0,1784740277,0,1784736740,11:12:20,1784736735,1784736740,3,0.732,0.206,-42.266,-4.321,416,17,0.22,0.02,-4.415087318,-19.48709062,2.436198949,0,2.553129412,-0.061598165,0.231998164,1,0.622134275,-3.145925617,0.332663991,0,1,3,1/3,2.95374,2.76461,0.105516,0.0988443,0.103912,0.0870079,27595,18441.2,31631.7,22297.4,38175.6,27658.8,45427.6,32605.5,1.64495,2.63055,0.168782,0,33.2519,999.9,53.5,36,31.5916,61.7067,-92.2075,3,0.428338,0,20.3081,5.21624,12.0339,4.95975,3.301,7702.5,9999,9999,126.2,4.97308,1.87543,1.88162,1.8811,1.8788,1.87454,1.87454,1.87683,0,0,0,0,11111111,oooooooo,on,on,on,on,0,100,100,-41.803,-4.2449,-26.23001301,-0.03980678,1.13121E-05,-1.30028E-09,-1.21954199,-0.229565736,0.008659861,-0.000222848,3,2129,1,23,59.8,59.7,0.155029,4.99878,2.89795,2.89795,2.99805,2.32666,38.1837,14.9463,2,402.084,1362.35,34.2966,32.9185,30.0002,32.6236,32.4706,-1,40,10,-999.9,400,20,99.4016,85.6685
68,1784740444,8999,20260722 12:14:03,12:14:03,15,1784740436,0.000493999,0.493998824,2.467561847,396.2250645,27.97889107,2.830607275,40.08584712,0.011196804,2.947532669,0.011173228,0.006985381,266.1495799,37.01379187,35.93803226,5.948483979,28.16151859,1.643337441,5.835400657,4.305146538,-21.78534814,-55.382298,-4.420818723,184.5611151,10.07459746,0.391936276,2.467561847,423.4293323,411.3147939,1.162347482,66.75139711,0.493998824,15.61333548,16.32784121,0.007340978,78.43,0,0,1,0,51935.01843,1499.998387,1273.858665,0.849240023,0.177433244,6,0.5,0: Broadleaf,2,TRUE,1784740436,396.2250645,412.5350645,16.24342581,15.62869355,437.823871,20.44040968,376.3295806,101.0693226,0.100064994,35.5895129,35.93803226,999.9,0,0,9995.982903,0,73.39484194,-16.3101871,402.7676774,419.085,0.614730677,412.5350645,15.62869355,1.64171129,1.579580645,14.35589355,13.76094516,1499.998387,0.691999355,0.308000645,0,2.485922581,0,14889.71935,13609.55161,48.062,49.437,48.812,48.12296774,47.812,1037.997742,462.0006452,0,1784740397,0,1784736740,11:12:20,1784736735,1784736740,3,0.732,0.206,-42.266,-4.321,416,17,0.22,0.02,-14.089943,-40.53851235,4.532379355,0,2.469341176,0.519749424,0.234076302,1,0.689948575,-0.829695771,0.165732846,0,1,3,1/3,2.95479,2.76435,0.105949,0.10191,0.103161,0.0853479,27575.2,18378.2,31624.8,22297.5,38199.6,27710.2,45417.9,32606.9,1.64622,2.62528,0.167761,0,33.242,999.9,52.8,36,31.1833,61.5567,-100,3,0.44003,0,20.3082,5.21639,12.0339,4.95965,3.301,7702.5,9999,9999,126.3,4.97305,1.87546,1.88161,1.8811,1.87881,1.87454,1.87454,1.87686,0,0,0,0,11111111,oooooooo,on,on,on,on,0,100,100,-41.883,-4.2131,-26.23001301,-0.03980678,1.13121E-05,-1.30028E-09,-1.21954199,-0.229565736,0.008659861,-0.000222848,3,2129,1,23,61.8,61.7,0.155029,4.99878,2.89795,2.89917,2.99805,2.31689,38.208,14.9288,2,403.274,1356.33,34.2971,33.0218,30.0006,32.7122,32.5554,-1,40,10,-999.9,400,20,99.3802,85.6708
69,1784740564,9119,20260722 12:16:03,12:16:03,15,1784740556,0.000317944,0.317943593,1.966302547,404.3321935,-49.77103527,-5.03536101,40.90649414,0.00713493,2.9472859,0.007125348,0.004454203,266.152463,37.12125499,36.04865484,5.984773191,28.01710806,1.640521263,5.855426833,4.344251928,-14.02131245,-63.08043618,-5.039962273,184.0107521,1.188918604,0.320088133,1.966302547,415.0086594,410.8688909,0.136990957,66.75139711,0.317943593,16.04423776,16.34672121,0.023890693,78.43,0,0,1,0,51917.60142,1500.016452,1273.873839,0.849239912,0.177433029,6,0.5,0: Broadleaf,2,TRUE,1784740556,404.3321935,406.4331613,16.21540968,15.71357419,446.1868065,20.40724839,376.4952258,101.0704516,0.100058158,35.65165806,36.04865484,999.9,0,0,9994.469677,0,83.15856452,-2.101112045,410.9966452,412.9220645,0.501837323,406.4331613,15.71357419,1.638898387,1.58817871,14.3294,13.84241935,1500.016452,0.692002774,0.307997226,0,2.494777419,0,14895.92903,13609.74839,48.125,49.437,48.875,48.062,47.875,1038.015806,462.0006452,0,1784740517,0,1784736740,11:12:20,1784736735,1784736740,3,0.732,0.206,-42.266,-4.321,416,17,0.22,0.02,-1.086700835,-26.59248464,2.659582873,0,2.503358824,0.163449967,0.24003712,1,0.620430175,-3.09402994,0.302834315,0,1,3,1/3,2.95488,2.76445,0.105747,0.099114,0.103275,0.0870831,27579.7,18431.8,31623.2,22293.4,38193,27651,45415.7,32599.3,1.6459,2.62365,0.166588,0,33.356,999.9,53,36,31.302,61.7667,-99.996,3,0.44466,0,20.3082,5.21564,12.0339,4.9598,3.301,7702.5,9999,9999,126.3,4.97306,1.87543,1.88163,1.8811,1.8788,1.87454,1.87454,1.87683,0,0,0,0,11111111,oooooooo,on,on,on,on,0,100,100,-41.851,-4.2187,-26.23001301,-0.03980678,1.13121E-05,-1.30028E-09,-1.21954199,-0.229565736,0.008659861,-0.000222848,3,2129,1,23,63.8,63.7,0.155029,4.99878,2.89795,2.89795,2.99805,2.2583,38.2324,14.9026,2,403.459,1355.11,34.3557,33.1089,30.0001,32.7785,32.6095,-1,40,10,-999.9,400,20,99.3753,85.6526
70,1784740684,9239,20260722 12:18:03,12:18:03,15,1784740676,0.000466739,0.466738899,1.65577976,390.1115161,117.4746974,11.88486227,39.46740652,0.010429819,2.948123081,0.010409363,0.006507686,266.1507126,37.09137989,36.0626,5.989361455,27.71751798,1.623763444,5.858257024,4.365598011,-20.58318546,-63.92124923,-5.106254048,176.5400238,1.589657994,0.587867898,1.65577976,399.9046981,396.5257273,0.100316621,66.75139711,0.466738899,15.23953556,16.00172727,-0.003704256,78.43,0,0,1,0,51939.80246,1500.005484,1273.864626,0.849239979,0.17743316,6,0.5,0: Broadleaf,2,TRUE,1784740676,390.1115161,393.0099677,16.04992258,15.12822581,431.5167742,20.21173226,376.5442258,101.0695806,0.09996931,35.66042581,36.0626,999.9,0,0,9999.31129,0,69.81452581,-2.898466129,396.4749032,399.046871,0.921698645,393.0099677,15.12822581,1.62216,1.529004516,14.17090323,13.26110968,1500.005484,0.692001387,0.307998613,0,2.43436129,0,14710.04194,13609.63226,48.187,49.399,48.937,48,47.875,1038.004839,462.0006452,0,1784740637,0,1784736740,11:12:20,1784736735,1784736740,3,0.732,0.206,-42.266,-4.321,416,17,0.22,0.02,-2.707138,-8.608092608,1.020976356,0,2.463176471,-0.026994653,0.214846164,1,0.9227484,-0.568928173,0.100520179,0,1,3,1/3,2.95453,2.76455,0.103139,0.0965108,0.101745,0.0838548,27659.7,18492,31622.9,22301.8,38257,27761.5,45414.1,32614.3,1.64545,2.6247,0.164486,0,33.4142,999.9,51.5,36,30.415,61.5868,-99.992,3,0.447652,0,20.3083,5.21549,12.0339,4.9598,3.301,7702.5,9999,9999,126.3,4.97301,1.87542,1.8816,1.8811,1.8788,1.87454,1.87454,1.87683,0,0,0,0,11111111,oooooooo,on,on,on,on,0,100,100,-41.409,-4.1535,-26.23001301,-0.03980678,1.13121E-05,-1.30028E-09,-1.21954199,-0.229565736,0.008659861,-0.000222848,3,2129,1,23,65.8,65.7,0.155029,4.99878,2.89795,2.89795,2.99805,2.27173,38.2812,14.8763,2,403.418,1357.47,34.3649,33.1452,30.0001,32.8164,32.6467,-1,40,10,-999.9,400,20,99.3728,85.6892
71,1784740804,9359,20260722 12:20:03,12:20:03,15,1784740796,0.000416181,0.416180856,1.490422704,396.3490323,131.8120626,13.33526943,40.0981597,0.00969441,2.947818866,0.009676733,0.006049544,266.1476624,36.94972061,35.79406774,5.901543453,29.51241308,1.714204959,5.808420188,4.187338494,-18.35357576,-45.86102194,-3.656386988,198.2766777,-1.293993974,0.512497204,1.490422704,401.3309739,400.4816182,-0.224280068,66.75139711,0.416180856,16.24290793,16.89854667,-0.000316233,78.43,0,0,1,0,51957.25641,1499.99,1273.851319,0.849239875,0.177432958,6,0.5,0: Broadleaf,2,TRUE,1784740796,396.3490323,394.6079032,16.94400645,16.13987097,437.9521613,21.27362581,375.9168387,101.0688387,0.09997069,35.50549355,35.79406774,999.9,0,0,9997.656452,0,53.44132581,1.741224597,403.1806774,401.0814516,0.804134387,394.6079032,16.13987097,1.712509355,1.631236452,15.01022258,14.25688387,1499.99,0.692003871,0.307996129,0,2.466658065,0,13929.83871,13609.5,48.062,49.312,48.812,48,47.812,1037.999355,461.9906452,0,1784740757,0,1784736740,11:12:20,1784736735,1784736740,3,0.732,0.206,-42.266,-4.321,416,17,0.22,0.02,2.631543313,-32.73390561,3.341509717,0,2.492438235,-0.145162721,0.214346774,1,0.83730655,-1.280298889,0.133246469,0,1,3,1/3,2.95381,2.76444,0.103801,0.0972232,0.10554,0.0876342,27640.2,18469.1,31623.8,22291.8,38096.7,27632.4,45416,32597.1,1.6439,2.62645,0.177655,0,32.9387,999.9,53.5,36.1,31.7688,61.7668,-99.98,3,0.444962,0,20.3083,5.21564,12.0339,4.95975,3.301,7702.5,9999,9999,126.4,4.97298,1.87544,1.8816,1.8811,1.8788,1.87451,1.87454,1.87683,0,0,0,0,11111111,oooooooo,on,on,on,on,0,100,100,-41.52,-4.3209,-26.23001301,-0.03980678,1.13121E-05,-1.30028E-09,-1.21954199,-0.229565736,0.008659861,-0.000222848,3,2129,1,23,67.8,67.7,0.155029,4.99878,2.89795,2.89795,2.99805,2.28271,38.2568,14.8675,2,402.561,1360.12,34.3059,33.1297,30.0001,32.8164,32.6495,-1,40,10,-999.9,400,20,99.3765,85.6466
72,1784740924,9479,20260722 12:22:03,12:22:03,15,1784740916,0.000436694,0.436693538,1.741264258,383.6846774,87.49564107,8.852196373,38.81852934,0.009978023,2.948560066,0.009959303,0.006226243,266.1524479,36.93302997,35.79260645,5.901068645,28.07932516,1.629964565,5.804856619,4.27110408,-19.25818501,-47.40833871,-3.778569588,195.7073546,1.124525989,0.539301837,1.741264258,392.6710001,389.4318848,0.060387124,66.75139711,0.436693538,15.42378563,16.10470727,0.000449206,78.43,0,0,1,0,51980.20904,1500.013548,1273.871632,0.849240084,0.177433363,6,0.5,0: Broadleaf,2,TRUE,1784740916,383.6846774,385.8061613,16.11066774,15.26520645,424.8855806,20.28343548,376.5612903,101.0730323,0.099966361,35.49437097,35.79260645,999.9,0,0,10001.45258,0,38.53863548,-2.121569752,389.9673871,391.7873226,0.845458742,385.8061613,15.26520645,1.628354839,1.542902258,14.22977419,13.39965161,1500.013548,0.691996419,0.308003581,0,2.5432,0,13823.96774,13609.67742,48,49.312,48.75,48,47.75,1038.005161,462.0083871,0,1784740877,0,1784736740,11:12:20,1784736735,1784736740,3,0.732,0.206,-42.266,-4.321,416,17,0.22,0.02,-1.337868705,-27.66773265,2.897515238,0,2.544029412,0.119462186,0.275920578,1,0.89078305,-1.391001276,0.143669905,0,1,3,1/3,2.95439,2.7647,0.101828,0.0959392,0.102196,0.084847,27699.8,18501.4,31622.4,22299.1,38238.1,27727.5,45414.6,32609.7,1.64522,2.62805,0.180565,0,32.8873,999.9,51.5,36.1,30.5813,61.6768,-99.992,3,0.447825,0,20.3085,5.21594,12.0338,4.95975,3.301,7702.5,9999,9999,126.4,4.97303,1.87543,1.88162,1.8811,1.87881,1.87454,1.87454,1.87683,0,0,0,0,11111111,oooooooo,on,on,on,on,0,100,100,-41.187,-4.1727,-26.23001301,-0.03980678,1.13121E-05,-1.30028E-09,-1.21954199,-0.229565736,0.008659861,-0.000222848,3,2129,1,23,69.8,69.7,0.155029,4.99878,2.89795,2.89795,2.99805,2.28516,38.2324,14.8325,2,403.397,1363.06,34.27,33.1363,30.0002,32.8353,32.6783,-1,40,10,-999.9,400,20,99.3728,85.6777
73,1784741044,9599,20260722 12:24:03,12:24:03,15,1784741036,0.000387866,0.387865923,1.231313263,439.3077097,199.3491973,20.16988812,44.44857304,0.009049219,2.948367505,0.009033817,0.005647517,266.1513369,37.014242,35.91598387,5.941274001,30.24877155,1.762560629,5.826883337,4.178713372,-17.10488722,-56.10352754,-4.476066315,188.4668558,1.922812992,0.320888869,1.231313263,449.7449493,447.4520061,0.042357785,66.75139711,0.387865923,16.91542022,17.46574727,0.006981203,78.43,0,0,1,0,51963.31022,1500.014194,1273.871545,0.849239661,0.177432546,6,0.5,0: Broadleaf,2,TRUE,1784741036,439.3077097,442.5982903,17.42027742,16.91755161,482.2494516,21.84530645,376.3071935,101.0787097,0.099967719,35.56302581,35.91598387,999.9,0,0,9999.796774,0,32.31137742,-3.290724758,447.0962581,450.2149355,0.50273071,442.5982903,16.91755161,1.760819032,1.710003548,15.44323548,14.98750645,1500.014194,0.692012032,0.307987968,0,2.517845161,0,13746.50645,13609.74516,48.09858065,49.312,48.812,48,47.812,1038.026774,461.9874194,0,1784740997,0,1784736740,11:12:20,1784736735,1784736740,3,0.732,0.206,-42.266,-4.321,416,17,0.22,0.02,-2.86387847,-2.280265918,3.078490304,0,2.537461765,-0.626436971,0.225033462,1,0.5386787,-0.498275032,0.07487131,0,1,3,1/3,2.95467,2.76448,0.112128,0.10477,0.107937,0.0899982,27383.6,18309.8,31624.1,22285.7,37995.2,27552.5,45416.8,32587.2,1.64513,2.62475,0.178635,0,33.0225,999.9,54.3,36,32.0626,61.5268,-100,3,0.445018,0,20.3084,5.21534,12.0339,4.9598,3.301,7702.5,9999,9999,126.5,4.97302,1.87543,1.88159,1.8811,1.8788,1.87454,1.87454,1.87684,0,0,0,0,11111111,oooooooo,on,on,on,on,0,100,100,-42.948,-4.4346,-26.23001301,-0.03980678,1.13121E-05,-1.30028E-09,-1.21954199,-0.229565736,0.008659861,-0.000222848,3,2129,1,23,71.8,71.7,0.155029,4.99878,2.89795,2.89795,2.99805,2.24487,38.1837,14.8062,2,403.323,1357.98,34.2901,33.1334,29.9998,32.8318,32.665,-1,40,10,-999.9,400,20,99.3779,85.6217
74,1784741164,9719,20260722 12:26:03,12:26:03,15,1784741156,0.000436938,0.436937745,1.722783645,398.4170323,107.0815334,10.83622077,40.31820225,0.010084325,2.948778718,0.010065205,0.006292468,266.1489933,37.01062927,35.92725484,5.944958738,29.47425816,1.718302853,5.829842583,4.226655885,-19.26895455,-56.43955793,-4.502695599,185.9377852,2.361626389,0.482884192,1.722783645,410.0314029,406.2050424,0.148464335,66.75139711,0.436937745,16.2817347,16.9676,-0.000191198,78.43,0,0,1,0,51973.76831,1500.002903,1273.861781,0.849239543,0.177432319,6,0.5,0: Broadleaf,2,TRUE,1784741156,398.4170323,402.4859677,16.97995161,16.22370645,440.0853226,21.3165871,376.611871,101.0960323,0.09994829,35.57223226,35.92725484,999.9,0,0,10000.41935,0,32.22610645,-4.068901613,405.2990323,409.1236452,0.756246161,402.4859677,16.22370645,1.716604839,1.640150968,15.04739355,14.34122581,1500.002903,0.692014871,0.307985129,0,2.526041935,0,13632.60968,13609.66452,48.125,49.187,48.75,47.98983871,47.8363871,1038.024839,461.9780645,0,1784741117,0,1784736740,11:12:20,1784736735,1784736740,3,0.732,0.206,-42.266,-4.321,416,17,0.22,0.02,-3.71207425,-9.615856998,0.963175268,0,2.529417647,0.011113831,0.189321929,1,0.7769929,-0.679918244,0.071192929,0,1,3,1/3,2.95454,2.76446,0.10491,0.0982356,0.105885,0.0879058,27616.6,18454,31635.3,22298.1,38096.2,27632.3,45433.2,32606.5,1.6465,2.62857,0.182271,0,32.9787,999.9,52.8,36,31.1735,61.0768,-100,3,0.430709,0,20.3083,5.21549,12.0339,4.95975,3.301,7702.5,9999,9999,126.5,4.973,1.8754,1.8816,1.8811,1.87876,1.87453,1.87454,1.87683,0,0,0,0,11111111,oooooooo,on,on,on,on,0,100,100,-41.699,-4.3345,-26.23001301,-0.03980678,1.13121E-05,-1.30028E-09,-1.21954199,-0.229565736,0.008659861,-0.000222848,3,2129,1,23,73.8,73.7,0.155029,4.99878,2.89795,2.89795,2.99805,2.28149,38.1106,14.7887,2,403.468,1361.31,34.2875,33.0052,29.9995,32.7196,32.5608,-1,40,10,-999.9,400,20,99.4136,85.6712
75,1784741284,9839,20260722 12:28:03,12:28:03,15,1784741276,0.000412047,0.412047227,1.55814405,434.5180323,157.0246704,15.89005891,43.97090669,0.009701964,2.949601279,0.00968427,0.006054256,266.1488661,37.01513936,35.90011935,5.93609089,30.79106375,1.794920783,5.829356198,4.141170107,-18.17128271,-52.38082702,-4.177146804,191.4196096,2.610888279,0.31027438,1.55814405,445.8268478,443.3053091,-0.000940645,66.75139711,0.412047227,17.19878701,17.79093879,0.006477688,78.43,0,0,1,0,51997.29192,1500,1273.859516,0.849239677,0.177432577,6,0.5,0: Broadleaf,2,TRUE,1784741276,434.5180323,438.896129,17.73730645,17.25134194,477.3124516,22.22846452,376.2879032,101.0947097,0.099955268,35.57071935,35.90011935,999.9,0,0,10005.22419,0,24.58597097,-4.378127427,442.3643548,446.6005806,0.485965387,438.896129,17.25134194,1.793149032,1.744020645,15.72716129,15.29383871,1500,0.692011258,0.307988742,0,2.517054839,0,13548.14839,13609.60968,48.125,49.125,48.75,47.96748387,47.875,1038.016129,461.983871,0,1784741237,0,1784736740,11:12:20,1784736735,1784736740,3,0.732,0.206,-42.266,-4.321,416,17,0.22,0.02,-5.764103506,34.18447007,3.555717982,0,2.537952941,-0.401922078,0.205871231,1,0.46861565,0.601440923,0.066740878,0,1,3,1/3,2.95466,2.76448,0.111471,0.104236,0.109379,0.0910555,27421.8,18327.4,31643.5,22292.9,37956.5,27529.8,45444.9,32597.8,1.64727,2.62808,0.185139,0,32.8887,999.9,54.4,36,32.1189,61.4968,-100,3,0.415955,0,20.3081,5.21669,12.0339,4.9597,3.301,7702.5,9999,9999,126.5,4.97303,1.87538,1.88161,1.8811,1.8788,1.8745,1.87454,1.87683,0,0,0,0,11111111,oooooooo,on,on,on,on,0,100,100,-42.819,-4.5026,-26.23001301,-0.03980678,1.13121E-05,-1.30028E-09,-1.21954199,-0.229565736,0.008659861,-0.000222848,3,2129,1,23,75.8,75.7,0.155029,4.99878,2.89795,2.89795,2.99805,2.28638,38.062,14.7712,2,403.119,1357.74,34.2904,32.8381,29.9995,32.5783,32.4285,-1,40,10,-999.9,400,20,99.439,85.6494
76,1784741404,9959,20260722 12:30:03,12:30:03,15,1784741396,0.000473342,0.473341515,1.473515253,429.2324194,196.6105654,19.89442158,43.43271527,0.011173893,2.948141639,0.011150418,0.006971116,266.1507978,36.91915358,35.83049032,5.913388749,30.69367449,1.781267482,5.803369949,4.132121267,-20.87436083,-54.16067174,-4.318058841,186.7977064,2.294517882,0.454130418,1.473515253,438.789093,437.0935455,-0.098491171,66.75139711,0.473341515,16.84359503,17.58627697,-0.00047149,78.43,0,0,1,0,51969.4323,1500.00871,1273.867113,0.849239811,0.177432835,6,0.5,0: Broadleaf,2,TRUE,1784741396,429.2324194,433.1876774,17.60372903,16.89490323,471.8637742,22.06674194,377.6409032,101.0869355,0.100004987,35.48972903,35.83049032,999.9,0,0,9997.7,0,32.00562903,-3.95533129,436.9239032,440.6322581,0.708826323,433.1876774,16.89490323,1.779509032,1.707855161,15.60793871,14.96794516,1500.00871,0.692005871,0.307994129,0,2.432387097,0,13538.09677,13609.66452,48.062,49.07419355,48.69309677,47.812,47.75,1038.015484,461.9932258,0,1784741357,0,1784736740,11:12:20,1784736735,1784736740,3,0.732,0.206,-42.266,-4.321,416,17,0.22,0.02,-5.234895,24.68794131,2.569736968,0,2.467370588,-0.198957984,0.225575797,1,0.669680375,0.759147006,0.081870656,0,1,3,1/3,2.95623,2.76454,0.11045,0.103963,0.108541,0.0900561,27461.5,18338.5,31652.1,22299.1,38002.7,27568.3,45457.7,32607.2,1.65167,2.6375,0.184152,0,32.8614,999.9,53.7,36,31.7087,61.7368,-100,3,0.402843,0,20.3084,5.21729,12.0332,4.9598,3.301,7702.5,9999,9999,126.5,4.97297,1.87541,1.88157,1.8811,1.8788,1.8745,1.87454,1.87683,0,0,0,0,11111111,oooooooo,on,on,on,on,0,100,100,-42.637,-4.459,-26.23001301,-0.03980678,1.13121E-05,-1.30028E-09,-1.21954199,-0.229565736,0.008659861,-0.000222848,3,2129,1,23,77.8,77.7,0.155029,4.99878,2.89795,2.89795,2.99805,2.2876,37.9891,14.7537,2,404.719,1368.73,34.2222,32.6714,29.9997,32.4277,32.2889,-1,40,10,-999.9,400,20,99.4668,85.6739
77,1784742004,10559.4,20260722 12:40:04,12:40:04,15,1784741996,0.001186635,1.186634663,1.824903022,483.6180645,369.7019746,37.40459484,48.93005449,0.032916436,2.947900718,0.032713602,0.020464121,266.1481691,36.28008982,34.9385129,5.629167357,37.0988847,2.09937328,5.658858203,3.529794077,-52.33058865,15.09603556,1.195788105,230.1094041,-1.878775246,1.143288959,1.824903022,485.3847047,488.267703,-0.836871506,66.75377207,1.186634663,18.89684896,20.74489758,9.64387E-06,78.43,0,0,1,0,52039.31967,1499.996452,1273.856468,0.849239654,0.177432532,6,0.5,0: Broadleaf,2,TRUE,1784741996,483.6180645,481.5093548,20.74992258,18.9693129,528.6010323,25.27190968,377.2525161,101.0749677,0.100025658,35.0335,34.9385129,999.9,0,0,9997.515161,0,17.36272258,2.108678484,493.8656774,490.8200323,1.780620968,481.5093548,18.9693129,2.097298387,1.917323871,18.19869355,16.77756452,1499.996452,0.692011097,0.307988903,0,2.680922581,0,24370.68387,13609.58387,47.504,48.929,48.312,47.562,47.308,1038.014839,461.9816129,0,1784741957,0,1784741973,12:39:32,1784741973,1784741973,5,-0.475,0.202,-45.376,-4.522,499,19,0.7,0.69,1.510049463,21.17671965,3.128304374,0,2.680802941,-0.301462184,0.239285978,1,1.745717561,0.587543206,0.065499561,0,1,3,1/3,2.95598,2.76448,0.119181,0.113858,0.119562,0.097763,27215.2,18115.8,31676.8,22272.6,37561.1,27302.9,45495.6,32568.1,1.65545,2.64608,0.154465,0,32.4484,999.9,56.6,35.7,32.8781,61.3369,88.9263,3,0.362856,0,20.3086,5.21594,12.0339,4.9597,3.301,7702.5,9999,9999,126.7,4.97297,1.87535,1.88157,1.8811,1.87881,1.87448,1.87453,1.87683,0,0,0,0,11111111,oooooooo,on,on,on,on,0,100,100,-44.805,-4.522,-26.9099063,-0.03980678,1.13121E-05,-1.30028E-09,-4.52197,0,0,0,3,2129,1,23,0.5,0.5,0.155029,4.99878,2.89795,2.89673,2.99805,2.27905,37.4338,14.6574,2,403.891,1370.07,33.7263,32.1429,30,31.9044,31.7701,-1,40,10,-999.9,400,20,99.5474,85.5715
78,1784742285,10840.4,20260722 12:44:45,12:44:45,15,1784742277,0.001356395,1.356394819,2.038874434,487.8870968,382.3731775,38.68764844,49.36330681,0.040125055,2.948250152,0.039824126,0.024916928,266.1499243,36.21714067,34.67934194,5.548843968,39.54346649,2.235331568,5.65284677,3.3135124,-59.8170115,53.24077809,4.211098761,263.7847896,0.778807507,1.312908102,2.038874434,493.7318282,495.8492303,-0.782383713,66.75750481,1.356394819,20.01499309,22.09428121,-0.000541814,78.43,0,0,1,0,52052.53283,1499.995161,1273.8564,0.849240339,0.177433855,6,0.5,0: Broadleaf,2,TRUE,1784742277,487.8870968,490.1073871,22.09311935,20.08472258,532.9970968,26.61509677,383.5602258,101.0777419,0.099983681,35.01430323,34.67934194,999.9,0,0,9999.225806,0,13.72468065,-2.220296435,498.9094516,500.1529032,2.0084,490.1073871,20.08472258,2.233122903,2.030119677,19.20193548,17.68116129,1499.995161,0.691987581,0.308012419,0,2.742325806,0,22867.34516,13609.47742,47.312,48.812,48.187,47.36280645,47.062,1037.979677,462.0154839,0,1784742238,0,1784741973,12:39:32,1784741973,1784741973,5,-0.475,0.202,-45.376,-4.522,499,19,0.7,0.69,-2.980616737,18.77975265,3.450383581,0,2.7379,-0.279718879,0.257652846,1,1.94623325,1.159097899,0.113954207,0,1,3,1/3,2.96234,2.76449,0.120462,0.114326,0.123994,0.101801,27173,18091.4,31673.3,22254,37363.9,27159.6,45487.2,32542.8,1.66667,2.6452,0.130385,0,32.5849,999.9,58.1,35.6,33.5606,61.7069,-80.7652,3,0.357429,0,20.3085,5.21624,12.0339,4.95975,3.301,7702.5,9999,9999,126.8,4.97299,1.87531,1.88156,1.8811,1.87878,1.87445,1.87453,1.87683,0,0,0,0,11111111,oooooooo,on,on,on,on,0,100,100,-45.021,-4.522,-26.9099063,-0.03980678,1.13121E-05,-1.30028E-09,-4.52197,0,0,0,3,2129,1,23,5.2,5.2,0.155029,4.99878,2.89795,2.89795,2.99805,2.29004,37.3378,14.6049,2,409.565,1366.56,33.6479,32.0636,30,31.81,31.6705,-1,40,10,-999.9,400,20,99.5321,85.5029
79,1784742405,10960.4,20260722 12:46:45,12:46:45,15,1784742397,0.001285656,1.285655544,2.392380294,472.3963548,347.2529313,35.13428669,47.79602264,0.037549912,2.948082176,0.037286218,0.023327423,266.1468412,36.27287266,34.78197097,5.580531245,39.30447348,2.226443214,5.664605111,3.354088032,-56.69740947,42.89145829,3.395026038,255.7359161,5.89937527,1.211580692,2.392380294,489.2514421,485.6006364,-0.022919545,66.75750481,1.285655544,20.16592301,22.06504182,0.007663706,78.43,0,0,1,0,52041.42813,1499.979355,1273.842832,0.849240243,0.17743367,6,0.5,0: Broadleaf,2,TRUE,1784742397,472.3963548,482.4890323,22.00525484,20.15736774,517.0437097,26.52723226,384.7376452,101.0778065,0.099990855,35.05183548,34.78197097,999.9,0,0,9998.265161,0,11.95570645,-10.09260048,483.0256452,492.4147097,1.847891613,482.4890323,20.15736774,2.224242258,2.037461613,19.13798065,17.73850323,1499.979355,0.691991903,0.308008097,0,2.679812903,0,22203.42581,13609.34516,47.375,48.812,48.25,47.296,47.125,1037.973548,462.0058065,0,1784742358,0,1784741973,12:39:32,1784741973,1784741973,5,-0.475,0.202,-45.376,-4.522,499,19,0.7,0.69,-14.3581538,88.57416393,8.75307907,0,2.705238235,-0.428988535,0.24197694,1,1.827893902,0.381154495,0.038701698,0,1,3,1/3,2.96333,2.7646,0.118736,0.111476,0.123917,0.102315,27226.6,18146.3,31673.5,22249.8,37366.9,27138.8,45487,32536.6,1.66858,2.64873,0.124235,0,32.7808,999.9,58,35.6,33.5045,61.6769,-100,3,0.35751,0,20.3086,5.21579,12.0339,4.9598,3.301,7702.5,9999,9999,126.8,4.97296,1.87531,1.88156,1.8811,1.87879,1.87447,1.87452,1.87683,0,0,0,0,11111111,oooooooo,on,on,on,on,0,100,100,-44.718,-4.522,-26.9099063,-0.03980678,1.13121E-05,-1.30028E-09,-4.52197,0,0,0,3,2129,1,23,7.2,7.2,0.155029,4.99878,2.89795,2.89673,2.99805,2.29248,37.2659,14.5961,2,410.493,1371.25,33.6657,32.0523,30.0001,31.7876,31.6427,-1,40,10,-999.9,400,20,99.5322,85.4866
80,1784742525,11080.4,20260722 12:48:45,12:48:45,15,1784742517,0.001089752,1.089752163,2.276109742,425.2972258,288.6581751,29.20358334,43.02737303,0.031365689,2.947794379,0.031181452,0.01950487,266.1522949,36.30037654,34.76321613,5.574728868,38.43420603,2.174372127,5.657387914,3.400356742,-48.0580704,42.20800994,3.340574539,263.642809,2.107114466,1.131154962,2.276109742,438.5400442,433.9864606,0.135706609,66.75750481,1.089752163,20.03179263,21.57628606,0.014862987,78.43,0,0,1,0,52036.99433,1500.016452,1273.873752,0.849239853,0.177432917,6,0.5,0: Broadleaf,2,TRUE,1784742517,425.2972258,429.3366774,21.49223548,19.76475806,468.5075484,26.0142129,384.4370645,101.0700968,0.100027123,35.02880645,34.76321613,999.9,0,0,9997.392903,0,21.46739677,-4.039434355,434.6384194,437.9945484,1.727471613,429.3366774,19.76475806,2.172222581,1.997627097,18.7589,17.42487742,1500.016452,0.692004645,0.307995355,0,2.827022581,0,22414.71613,13609.74194,47.397,48.87087097,48.312,47.312,47.125,1038.01871,461.9977419,0,1784742478,0,1784741973,12:39:32,1784741973,1784741973,5,-0.475,0.202,-45.376,-4.522,499,19,0.7,0.69,-2.79678545,-29.21777498,4.649921987,0,2.796252941,1.018572959,0.227365104,0,1.774636,-0.978556098,0.131566046,0,0,3,0/3,2.96365,2.76461,0.109996,0.106258,0.122375,0.102625,27498.1,18252,31675,22248.6,37434.3,27128.1,45488.8,32535,1.6694,2.64555,0.12663,0,32.7281,999.9,57.1,35.5,32.807,61.7669,-100,3,0.355498,0,20.3084,5.21579,12.0336,4.95975,3.301,7702.5,9999,9999,126.9,4.973,1.87532,1.88156,1.8811,1.87881,1.87448,1.87454,1.87683,0,0,0,0,11111111,oooooooo,on,on,on,on,0,100,100,-43.203,-4.522,-26.9099063,-0.03980678,1.13121E-05,-1.30028E-09,-4.52197,0,0,0,3,2129,1,23,9.2,9.2,0.155029,4.99878,2.89795,2.89795,2.99805,2.27783,37.242,14.5698,2,410.761,1365.82,33.6585,32.0325,29.9999,31.7541,31.6094,-1,40,10,-999.9,400,20,99.5363,85.4824
81,1784742645,11200.4,20260722 12:50:45,12:50:45,15,1784742637,0.001224907,1.224907084,2.949598613,471.173,318.7978013,32.25248914,47.66815205,0.036263108,2.948193287,0.036017123,0.022532663,266.1483549,36.2531939,34.76998387,5.576822069,40.14442297,2.269584034,5.653547532,3.307238035,-54.0184024,39.18867759,3.101105143,254.4197352,12.65889417,1.189651682,2.949598613,506.9204364,493.266503,1.309079866,66.75750481,1.224907084,20.69597208,22.4841103,0.009792173,78.43,0,0,1,0,52050.36029,1499.993871,1273.85461,0.849239876,0.177432962,6,0.5,0: Broadleaf,2,TRUE,1784742637,471.173,491.7839677,22.43356774,20.62034194,515.7829677,26.95554516,384.8269355,101.069129,0.099978813,35.01654194,34.76998387,999.9,0,0,9999.754839,0,10.96299355,-20.61090613,481.9856774,502.1387742,1.81323129,491.7839677,20.62034194,2.267342258,2.084080968,19.44623871,18.09789677,1499.993871,0.692003032,0.307996968,0,2.765912903,0,21560.65484,13609.52581,47.437,48.98374194,48.375,47.37290323,47.20325806,1038.001935,461.9919355,0,1784742598,0,1784741973,12:39:32,1784741973,1784741973,5,-0.475,0.202,-45.376,-4.522,499,19,0.7,0.69,-17.9185685,-46.73038694,7.76164994,0,2.704182353,0.680152794,0.27749827,1,1.8812875,-1.275854184,0.130158298,0,1,3,1/3,2.96395,2.76467,0.12009,0.114066,0.125275,0.104158,27185.2,18084.2,31673.9,22238.4,37308.4,27069,45486.8,32519.6,1.66965,2.6472,0.122525,0,32.766,999.9,58.3,35.5,33.4964,61.5269,-100,3,0.288501,0.0697168,20.3085,5.21624,12.0338,4.9597,3.301,7702.5,9999,9999,126.9,4.97297,1.87534,1.88156,1.8811,1.87875,1.87444,1.87454,1.87683,0,0,0,0,11111111,oooooooo,on,on,on,on,0,100,100,-44.954,-4.522,-26.9099063,-0.03980678,1.13121E-05,-1.30028E-09,-4.52197,0,0,0,3,2129,1,23,11.2,11.2,0.155029,4.99878,2.89795,2.89795,2.99805,2.32666,37.2181,14.5523,2,410.82,1367.82,33.6618,32.0212,30.0001,31.7401,31.592,-1,40,10,-999.9,400,20,99.5324,85.4423
82,1784742765,11320.4,20260722 12:52:45,12:52:45,15,1784742757,0.001205024,1.205024397,2.837815292,448.3346452,300.015874,30.35199704,45.35710608,0.035681269,2.948891248,0.035443142,0.022173226,266.1490323,36.19406492,34.70533226,5.556853797,39.93896135,2.249975334,5.633534919,3.306878464,-53.14157589,39.29693345,3.106987095,255.4113769,4.396200171,1.340761204,2.837815292,471.6297094,461.2039636,0.865854549,66.75750481,1.205024397,20.35972743,22.18903091,0.00061396,78.43,0,0,1,0,52080.96165,1499.994839,1273.855694,0.849240051,0.177433299,6,0.5,0: Broadleaf,2,TRUE,1784742757,448.3346452,456.1139355,22.23999677,20.19925806,492.2534516,26.76196452,385.4318065,101.068,0.099970326,34.9525129,34.70533226,999.9,0,0,10003.83258,0,10.36012258,-7.779414194,458.5323871,465.5187419,2.040745806,456.1139355,20.19925806,2.247751935,2.041498387,19.30670645,17.76954516,1499.994839,0.691997968,0.308002032,0,2.802332258,0,21320.53871,13609.51613,47.375,48.887,48.35670968,47.25,47.125,1037.993871,462.0009677,0,1784742718,0,1784741973,12:39:32,1784741973,1784741973,5,-0.475,0.202,-45.376,-4.522,499,19,0.7,0.69,-3.65887375,-128.6196722,12.6036525,0,2.771808824,0.310614214,0.171334011,1,2.1368265,-2.648130056,0.257821842,0,1,3,1/3,2.96461,2.7647,0.114758,0.112602,0.124338,0.103637,27352.5,18116.2,31676.6,22240.9,37351.5,27087.7,45490.6,32523.1,1.67125,2.65035,0.126738,0,32.6473,999.9,57.4,35.4,32.7981,61.7069,-100,3,0.352475,0,20.3084,5.21609,12.0333,4.95985,3.301,7702.5,9999,9999,126.9,4.97299,1.87532,1.88156,1.8811,1.87877,1.87444,1.87454,1.87683,0,0,0,0,11111111,oooooooo,on,on,on,on,0,100,100,-44.022,-4.5219,-26.9099063,-0.03980678,1.13121E-05,-1.30028E-09,-4.52197,0,0,0,3,2129,1,23,13.2,13.2,0.155029,4.99878,2.89795,2.89795,2.99805,2.30591,37.1463,14.5348,2,411.519,1371.78,33.5783,31.9907,30,31.7066,31.5568,-1,40,10,-999.9,400,20,99.5408,85.4518
83,1784742885,11440.4,20260722 12:54:45,12:54:45,15,1784742877,0.001185061,1.185060812,2.91199107,467.7783226,315.2933246,31.89907772,47.32639705,0.0356272,2.948093995,0.035389727,0.022139783,266.1509791,36.1395479,34.64385484,5.537923584,40.62394094,2.280965013,5.614829482,3.256958571,-52.26118183,39.51702518,3.123383466,256.5302059,10.71884787,1.069176685,2.91199107,498.3145492,487.5234788,0.903045019,66.75750481,1.185060812,20.99430311,22.66495758,0.016252996,78.43,0,0,1,0,52068.58941,1500.006452,1273.865497,0.849240012,0.177433223,6,0.5,0: Broadleaf,2,TRUE,1784742877,467.7783226,485.2241613,22.54526129,20.92014516,512.2863548,27.06722903,385.8450968,101.0726774,0.100025052,34.8924871,34.64385484,999.9,0,0,9998.839677,0,10.10403097,-17.44583842,478.5681613,495.5919677,1.625122581,485.2241613,20.92014516,2.278712258,2.114456774,19.52662581,18.32844839,1500.006452,0.692000387,0.307999613,0,2.673345161,0,21036.96774,13609.63548,47.375,48.937,48.31606452,47.25,47.125,1038.003871,462.0025806,0,1784742838,0,1784741973,12:39:32,1784741973,1784741973,5,-0.475,0.202,-45.376,-4.522,499,19,0.7,0.69,-19.17467612,48.83223847,6.95471615,0,2.701047059,-0.421867069,0.28514973,1,1.629440488,-0.055060976,0.022190364,1,2,3,2/3,2.96512,2.76442,0.119061,0.11102,0.12589,0.105226,27222.2,18141.7,31679.6,22232.4,37288.2,27029.2,45494.7,32510.4,1.6725,2.64768,0.132691,0,32.5028,999.9,58,35.4,33.1365,61.7969,-100,3,0.346842,0,20.3083,5.21699,12.0333,4.9596,3.301,7702.5,9999,9999,127,4.97304,1.87531,1.88156,1.88109,1.87876,1.87447,1.87454,1.87683,0,0,0,0,11111111,oooooooo,on,on,on,on,0,100,100,-44.768,-4.522,-26.9099063,-0.03980678,1.13121E-05,-1.30028E-09,-4.52197,0,0,0,3,2129,1,23,15.2,15.2,0.155029,4.99878,2.89795,2.89673,2.99805,2.30713,37.0747,14.491,2,411.928,1366.69,33.5265,31.9323,29.9999,31.6566,31.507,-1,40,10,-999.9,400,20,99.5499,85.4187
84,1784743005,11560.4,20260722 12:56:45,12:56:45,15,1784742997,0.001263511,1.263511313,1.440655807,460.9061613,377.6819927,38.21183929,46.63201451,0.038114862,2.948692959,0.037843261,0.023676279,266.1461329,36.11612012,34.65427419,5.541127975,40.8612097,2.293905829,5.61389603,3.247222146,-55.72084889,37.39177989,2.954912818,250.7719767,-10.69848441,1.506336291,1.440655807,451.3861665,458.1937333,-1.332508725,66.75750481,1.263511313,20.40637327,22.49396485,-0.02098161,78.43,0,0,1,0,52086.13481,1499.983226,1273.845397,0.849239761,0.177432739,6,0.5,0: Broadleaf,2,TRUE,1784742997,460.9061613,445.3592258,22.67273548,20.38490323,505.2063226,27.19469677,386.0904194,101.0746129,0.100026155,34.8894871,34.65427419,999.9,0,0,10002.05129,0,7.718652258,15.54705,471.5996774,454.6269355,2.287835161,445.3592258,20.38490323,2.291637097,2.060394516,19.61753871,17.91616452,1499.983226,0.692008613,0.307991387,0,2.763867742,0,20797.72258,13609.44839,47.375,48.887,48.312,47.187,47.062,1038.000323,461.9829032,0,1784742958,0,1784741973,12:39:32,1784741973,1784741973,5,-0.475,0.202,-45.376,-4.522,499,19,0.7,0.69,15.31107463,-14.32926983,5.281169692,0,2.776061765,0.090565318,0.276679495,1,2.227859756,0.530783206,0.166360685,0,1,3,1/3,2.96554,2.76462,0.114027,0.107035,0.125327,0.103443,27381.6,18229.5,31683.6,22239.9,37317,27092.6,45500.9,32521.8,1.67423,2.652,0.134185,0,32.4864,999.9,56.9,35.3,32.3306,62.157,-100,3,0.340295,0,20.3082,5.21699,12.0326,4.95995,3.301,7702.5,9999,9999,127,4.97302,1.87532,1.88156,1.88109,1.87876,1.87444,1.87454,1.87683,0,0,0,0,11111111,oooooooo,on,on,on,on,0,100,100,-43.888,-4.522,-26.9099063,-0.03980678,1.13121E-05,-1.30028E-09,-4.52197,0,0,0,3,2129,1,23,17.2,17.2,0.155029,4.99878,2.89795,2.89673,2.99805,2.34619,37.027,14.491,2,412.462,1371.52,33.485,31.853,29.9998,31.5821,31.4381,-1,40,10,-999.9,400,20,99.563,85.4482
85,1784743125,11680.4,20260722 12:58:45,12:58:45,15,1784743117,0.00123543,1.235429592,3.264015295,458.5708065,297.5132537,30.1010203,46.39608146,0.037288496,2.948296298,0.037028465,0.023166002,266.1489298,36.09608833,34.64371613,5.537880936,40.90487215,2.292866451,5.605362713,3.245014485,-54.48244501,34.70257037,2.74225699,249.1113122,10.86850574,1.18733003,3.264015295,489.5928682,477.0030242,1.089242839,66.76288029,1.235429592,20.81795869,22.69186182,-0.000158556,78.43,0,0,1,0,52079.53748,1499.995484,1273.856129,0.849239976,0.177433154,6,0.5,0: Broadleaf,2,TRUE,1784743117,458.5708065,476.272,22.66229355,20.8625129,502.800871,27.18424839,386.8546129,101.0754194,0.099973432,34.86204194,34.64371613,999.9,0,0,9999.717742,0,8.00014129,-17.70110968,469.2040968,486.4197419,1.799760645,476.272,20.8625129,2.290600968,2.108689677,19.61043871,18.28493548,1499.995484,0.692000516,0.307999484,0,2.692483871,0,20542.45806,13609.52903,47.308,48.875,48.276,47.181,47.054,1037.998065,461.9974194,0,1784743078,0,1784741973,12:39:32,1784741973,1784741973,5,-0.475,0.202,-45.376,-4.522,499,19,0.7,0.69,-16.24213425,-32.79235666,5.195822973,0,2.701632353,-0.591286482,0.275517596,1,1.8037985,0.272842852,0.065164699,0,1,3,1/3,2.96593,2.76458,0.117497,0.114294,0.125998,0.105109,27276.1,18074.1,31685.3,22230.9,37290.1,27030.6,45503.4,32507.6,1.67535,2.65565,0.133429,0,32.4776,999.9,57.2,35.3,32.5001,61.737,-100,3,0.334139,0,20.3081,5.21714,12.0333,4.95975,3.301,7702.5,9999,9999,127,4.97295,1.87531,1.88156,1.88107,1.87875,1.87441,1.87451,1.87683,0,0,0,0,11111111,oooooooo,on,on,on,on,0,100,100,-44.487,-4.5219,-26.9099063,-0.03980678,1.13121E-05,-1.30028E-09,-4.52197,0,0,0,3,2129,1,23,19.2,19.2,0.155029,4.99878,2.89795,2.89673,2.99805,2.27173,36.9556,14.4648,2,412.681,1375.47,33.4662,31.7768,29.9999,31.5114,31.3687,-1,40,10,-999.9,400,20,99.5685,85.4119
86,1784743245,11800.4,20260722 13:00:45,13:00:45,15,1784743237,0.001220227,1.220227191,1.494923516,477.9536452,391.0282229,39.5624901,48.3572163,0.037500608,2.948450594,0.037237636,0.023296995,266.1521218,36.02085783,34.56642258,5.514160323,41.70093788,2.327250453,5.580810818,3.186909871,-53.81201911,34.40647056,2.716643623,249.4632169,-12.09686531,1.40278066,1.494923516,460.0124625,472.9367758,-2.245832461,66.76288029,1.220227191,20.80189109,22.85113212,-0.025170026,78.43,0,0,1,0,52097.31618,1500.015484,1273.872929,0.849239853,0.177432916,6,0.5,0: Broadleaf,2,TRUE,1784743237,477.9536452,460.2447097,23.00210645,20.87804839,522.7666774,27.52406452,387.1401935,101.0755484,0.099987758,34.78287419,34.56642258,999.9,0,0,10000.58161,0,11.28862903,17.70892645,489.2071935,470.0607097,2.124059355,460.2447097,20.87804839,2.32494871,2.110259355,19.85022581,18.2962129,1500.015484,0.692005065,0.307994935,0,2.701454839,0,20601.75806,13609.73226,47.25,48.86687097,48.25,47.125,47,1038.018065,461.9974194,0,1784743198,0,1784741973,12:39:32,1784741973,1784741973,5,-0.475,0.202,-45.376,-4.522,499,19,0.7,0.69,9.942820488,109.073308,15.25757636,0,2.692629412,-0.029955695,0.231753248,1,1.999694634,2.142030314,0.271798765,0,1,3,1/3,2.96618,2.76456,0.116571,0.108172,0.126511,0.105491,27310.5,18197,31691.6,22228.1,37274.8,27015.2,45512.1,32502.9,1.67617,2.65552,0.133984,0,32.392,999.9,57.1,35.2,32.2659,61.767,-100,3,0.326255,0,20.3082,5.21654,12.0309,4.95985,3.301,7702.5,9999,9999,127.1,4.973,1.87531,1.88156,1.8811,1.87875,1.87441,1.87454,1.87683,0,0,0,0,11111111,oooooooo,on,on,on,on,0,100,100,-44.321,-4.522,-26.9099063,-0.03980678,1.13121E-05,-1.30028E-09,-4.52197,0,0,0,3,2129,1,23,21.2,21.2,0.155029,4.99878,2.89917,2.89429,2.99805,2.28394,36.8842,14.4472,2,412.654,1373.51,33.3919,31.6889,29.9998,31.4273,31.2872,-1,40,10,-999.9,400,20,99.5878,85.4002
87,1784743365,11920.4,20260722 13:02:45,13:02:45,15,1784743357,0.001357242,1.357242067,0.000116388,503.1714194,477.7629391,48.33869794,50.90945584,0.042211493,2.948263378,0.041878597,0.026203813,266.147642,36.05718388,34.65809677,5.542303984,42.68827419,2.391825155,5.603002698,3.150478829,-59.85437514,31.20894296,2.466293547,239.9685034,-5.360175661,1.321986516,0.000116388,496.3285465,506.4106727,-1.48021963,66.76288029,1.357242067,21.46010923,23.60391758,-0.011077671,78.43,0,0,1,0,52079.92503,1499.998065,1273.857416,0.849239373,0.17743199,6,0.5,0: Broadleaf,2,TRUE,1784743357,503.1714194,495.8902903,23.63997097,21.63826129,548.733129,28.16193871,386.8897097,101.0771613,0.099999977,34.85444516,34.65809677,999.9,0,0,9999.358387,0,12.00450645,7.281046645,515.3543226,506.8600968,2.001712581,495.8902903,21.63826129,2.389459355,2.187133226,20.29252581,18.86801935,1499.998065,0.692020129,0.307979871,0,2.763554839,0,20407.29677,13609.63871,47.375,48.97154839,48.304,47.308,47.06606452,1038.03,461.9680645,0,1784743318,0,1784741973,12:39:32,1784741973,1784741973,5,-0.475,0.202,-45.376,-4.522,499,19,0.7,0.69,0.612241122,148.4844281,16.43524237,0,2.751432353,0.128313217,0.275530631,1,1.947631463,1.425667735,0.15652237,0,1,3,1/3,2.96643,2.76462,0.122038,0.110946,0.128916,0.106888,27143,18129.5,31693.1,22214.5,37172.2,26955.4,45513.2,32481.5,1.67682,2.65807,0.133671,0,32.49,999.9,58.3,35.1,32.7596,61.767,-100,3,0.321423,0,20.3082,5.21669,12.033,4.9597,3.301,7702.5,9999,9999,127.1,4.973,1.87531,1.88156,1.8811,1.87874,1.8744,1.87454,1.87683,0,0,0,0,11111111,oooooooo,on,on,on,on,0,100,100,-45.272,-4.522,-26.9099063,-0.03980678,1.13121E-05,-1.30028E-09,-4.52197,0,0,0,3,2129,1,23,23.2,23.2,0.155029,4.99878,2.89795,2.89673,2.99805,2.26807,36.8366,14.421,2,412.666,1375.99,33.4258,31.6294,30,31.3667,31.2298,-1,40,10,-999.9,400,20,99.5913,85.3457
88,1784743485,12040.5,20260722 13:04:45,13:04:45,15,1784743477,0.001273749,1.273748949,1.974284687,470.9562258,368.2726444,37.26112778,47.65045782,0.039339259,2.948065306,0.039049938,0.024432028,266.149373,36.10730916,34.69380323,5.553299482,42.45362606,2.38245125,5.611891071,3.170848232,-56.17232864,30.07686187,2.377735325,242.4316416,-0.536748388,1.227221603,1.974284687,478.0183713,478.9636727,-0.598566315,66.76288029,1.273748949,21.64579342,23.57596242,-0.000616205,78.43,0,0,1,0,52069.48735,1499.994516,1273.855626,0.849240189,0.177433564,6,0.5,0: Broadleaf,2,TRUE,1784743477,470.9562258,471.0200323,23.54710323,21.69212581,515.5602581,28.06907742,387.6028065,101.078129,0.099974594,34.88304194,34.69380323,999.9,0,0,9998.137419,0,11.82424516,-0.063886129,482.3132903,481.4643871,1.854973548,471.0200323,21.69212581,2.380097097,2.192599677,20.22897097,18.90826129,1499.994516,0.691994161,0.308005871,0,2.742125806,0,20110.46129,13609.49355,47.5,49.19512903,48.437,47.504,47.20325806,1037.986774,462.0077419,0,1784743438,0,1784741973,12:39:32,1784741973,1784741973,5,-0.475,0.202,-45.376,-4.522,499,19,0.7,0.69,-3.007552927,59.67269534,6.647639302,0,2.760429412,-0.140525583,0.252996191,1,1.778316098,1.620979652,0.168211767,0,1,3,1/3,2.96687,2.76466,0.117626,0.10959,0.128857,0.107712,27278.9,18151.6,31692.4,22207.6,37174,26921,45512.5,32470.1,1.67747,2.654,0.13335,0,32.534,999.9,58.3,35.1,32.7575,61.8052,-100,3,0.321641,0,20.3082,5.21699,12.0323,4.9598,3.301,7702.5,9999,9999,127.1,4.97294,1.87531,1.88156,1.88109,1.87871,1.8744,1.87453,1.87683,0,0,0,0,11111111,oooooooo,on,on,on,on,0,100,100,-44.498,-4.522,-26.9099063,-0.03980678,1.13121E-05,-1.30028E-09,-4.52197,0,0,0,3,2129,1,23,25.2,25.2,0.155029,4.99878,2.89795,2.89673,2.99805,2.29736,36.8604,14.421,2,412.901,1369.4,33.4564,31.6183,30.0002,31.3448,31.2052,-1,40,10,-999.9,400,20,99.5894,85.3172
89,1784743605,12160.5,20260722 13:06:45,13:06:45,15,1784743597,0.001377167,1.37716697,1.341671064,445.884871,373.2222646,37.76114163,45.11285462,0.042248429,2.948842056,0.041915017,0.026226622,266.1486977,36.14321622,34.75779032,5.573051209,42.25254787,2.37943893,5.631468514,3.19361228,-60.73306336,29.90375671,2.364888937,237.68428,-6.399332922,1.496642982,1.341671064,444.6319358,448.5861636,-0.894406704,66.76288029,1.37716697,21.1980115,23.38948242,-0.013912329,78.43,0,0,1,0,52080.85534,1499.986774,1273.849413,0.84924043,0.17743403,6,0.5,0: Broadleaf,2,TRUE,1784743597,445.884871,437.0182258,23.51781613,21.25715484,489.7286774,28.03978387,387.8808065,101.0760323,0.099983261,34.94589032,34.75779032,999.9,0,0,10002.75806,0,11.86637419,8.866621029,456.6242258,446.5098065,2.260658387,437.0182258,21.25715484,2.377089032,2.148591613,20.20845161,18.58403871,1499.986774,0.691986258,0.308013742,0,2.767141935,0,19853.19032,13609.39677,47.56606452,49.312,48.516,47.681,47.312,1037.969355,462.0174194,0,1784743558,0,1784741973,12:39:32,1784741973,1784741973,5,-0.475,0.202,-45.376,-4.522,499,19,0.7,0.69,10.26113297,-49.51185832,5.461074683,0,2.769202941,-0.557669981,0.25589558,1,2.275566098,-0.483412265,0.061824684,0,1,3,1/3,2.96708,2.7647,0.112436,0.104976,0.128243,0.106197,27437.8,18251.1,31690.6,22214.3,37197.8,26975.9,45509.4,32481.3,1.67822,2.65348,0.131708,0,32.6308,999.9,57.5,35,32.131,61.8952,-100,3,0.323605,0,20.3083,5.21639,12.0324,4.9598,3.301,7702.5,9999,9999,127.2,4.97298,1.87531,1.88156,1.88107,1.87872,1.87439,1.87454,1.87683,0,0,0,0,11111111,oooooooo,on,on,on,on,0,100,100,-43.599,-4.5219,-26.9099063,-0.03980678,1.13121E-05,-1.30028E-09,-4.52197,0,0,0,3,2129,1,23,27.2,27.2,0.155029,4.99878,2.89795,2.89673,2.99805,2.28149,36.8366,14.3947,2,413.316,1368.46,33.5122,31.6349,30.0002,31.3443,31.1999,-1,40,10,-999.9,400,20,99.583,85.3451
90,1784743725,12280.5,20260722 13:08:45,13:08:45,15,1784743717,0.001335892,1.335891939,1.209768109,482.5885484,412.1166513,41.69674626,48.82688479,0.041308432,2.947149238,0.040989449,0.025646859,266.1481899,36.21893595,34.83483871,5.596915747,43.00086452,2.43024985,5.651630209,3.166665897,-58.91283449,27.89691846,2.208971738,237.3412456,3.167726011,1.309738217,1.209768109,495.1913475,495.1463818,-0.275173442,66.76288029,1.335891939,22.02721935,24.03912848,0.000637368,78.43,0,0,1,0,52021.95017,1499.989677,1273.851348,0.849240076,0.177433348,6,0.5,0: Broadleaf,2,TRUE,1784743717,482.5885484,488.4669677,24.01977419,22.04222903,527.5408065,28.54176129,387.838,101.0770323,0.100015874,35.01041613,34.83483871,999.9,0,0,9993.042903,0,11.47394194,-5.878397194,494.4654516,499.4764194,1.977551935,488.4669677,22.04222903,2.42784871,2.227963871,20.55072903,19.16480968,1499.989677,0.69199629,0.30800371,0,2.730603226,0,19520.01935,13609.46129,47.687,49.46951613,48.625,47.806,47.419,1037.989032,462.0006452,0,1784743678,0,1784741973,12:39:32,1784741973,1784741973,5,-0.475,0.202,-45.376,-4.522,499,19,0.7,0.69,-8.483800805,38.96427286,5.960222323,0,2.6935,0.950160427,0.245746662,1,1.955520488,0.388475331,0.049254855,0,1,3,1/3,2.96713,2.76455,0.120381,0.113806,0.130309,0.109096,27188.5,18054.1,31686.6,22193.6,37104.1,26860.9,45503,32447.9,1.6776,2.65495,0.131816,0,32.7005,999.9,59.1,35,33.0245,61.8352,-100,3,0.327218,0,20.3081,5.21654,12.0327,4.9597,3.301,7702.5,9999,9999,127.2,4.97301,1.87531,1.88156,1.88108,1.87877,1.87443,1.87454,1.87683,0,0,0,0,11111111,oooooooo,on,on,on,on,0,100,100,-44.98,-4.522,-26.9099063,-0.03980678,1.13121E-05,-1.30028E-09,-4.52197,0,0,0,3,2129,1,23,29.2,29.2,0.155029,4.99878,2.89795,2.89673,2.99805,2.30347,36.8366,14.3947,2,413.116,1371.12,33.5604,31.6711,30.0002,31.3699,31.2189,-1,40,10,-999.9,400,20,99.5696,85.2607
91,1784743845,12400.5,20260722 13:10:45,13:10:45,15,1784743837,0.00130426,1.304259519,1.033544957,474.3854839,410.4735897,41.532049,47.99870602,0.040584022,2.949000421,0.040276276,0.025200128,266.1480359,36.12632686,34.70810645,5.557709356,42.88329295,2.41020091,5.620372746,3.147508446,-57.51784479,32.14502102,2.540943,243.3161551,-2.737634135,1.250383486,1.033544957,477.5951104,481.528303,-0.819515091,66.76288029,1.304259519,21.88993192,23.85213091,0.000955349,78.43,0,0,1,0,52091.47068,1499.99,1273.851513,0.849240004,0.177433207,6,0.5,0: Broadleaf,2,TRUE,1784743837,474.3854839,471.0675484,23.82073226,21.93221613,519.0925161,28.34270645,387.7960323,101.0807742,0.100032658,34.91029355,34.70810645,999.9,0,0,10003.18871,0,11.13919677,3.317866355,485.9615161,481.6310968,1.888508065,471.0675484,21.93221613,2.407816129,2.216925161,20.41643548,19.08512581,1499.99,0.692000516,0.307999484,0,2.717180645,0,19121.92581,13609.4871,47.687,49.508,48.687,47.758,47.437,1037.992903,461.9970968,0,1784743798,0,1784741973,12:39:32,1784741973,1784741973,5,-0.475,0.202,-45.376,-4.522,499,19,0.7,0.69,0.674818707,58.80893511,6.284786351,0,2.687355882,-0.090058054,0.240182759,1,1.854163415,0.814577143,0.082047899,0,1,3,1/3,2.96722,2.76446,0.117962,0.108076,0.129716,0.108229,27263.5,18174.2,31686.9,22197.9,37130.2,26892,45503.6,32454.1,1.67752,2.65447,0.132728,0,32.5621,999.9,58.5,35,32.6903,61.9552,-100,3,0.330097,0,20.3082,5.21654,12.0332,4.95975,3.301,7702.5,9999,9999,127.2,4.97298,1.87531,1.88156,1.88108,1.8788,1.87443,1.87454,1.87683,0,0,0,0,11111111,oooooooo,on,on,on,on,0,100,100,-44.558,-4.5219,-26.9099063,-0.03980678,1.13121E-05,-1.30028E-09,-4.52197,0,0,0,3,2129,1,23,31.2,31.2,0.155029,4.99878,2.89795,2.89673,2.99805,2.30225,36.8366,14.3684,2,413.212,1370.83,33.525,31.7017,30.0002,31.3937,31.238,-1,40,10,-999.9,400,20,99.5708,85.277
92,1784743965,12520.5,20260722 13:12:45,13:12:45,15,1784743957,0.001309477,1.309477312,1.932315286,424.7283226,326.0809401,32.99336384,42.97465554,0.039564924,2.949135954,0.039272392,0.024571348,266.1514429,36.08708667,34.62960645,5.533544211,40.83455604,2.290238717,5.608579937,3.243305494,-57.74794944,38.60164737,3.049444538,250.0545854,-1.844393899,1.304206431,1.932315286,434.7834238,432.0134909,-0.040971342,66.76288029,1.309477312,20.75285106,22.65014424,0.009998043,78.43,0,0,1,0,52101.74597,1500.010645,1273.868913,0.849239915,0.177433036,6,0.5,0: Broadleaf,2,TRUE,1784743957,424.7283226,422.7349032,22.63495161,20.6659,467.9209677,27.15692903,388.4161613,101.0815161,0.09999981,34.87239355,34.62960645,999.9,0,0,10003.88548,0,14.29953548,1.993512581,434.5648387,431.6559677,1.969060323,422.7349032,20.6659,2.287976774,2.088940323,19.59198065,18.1348,1500.010645,0.692002581,0.307997419,0,2.675774194,0,19170.83226,13609.68387,47.71951613,49.508,48.687,47.804,47.437,1038.011613,461.9990323,0,1784743918,0,1784741973,12:39:32,1784741973,1784741973,5,-0.475,0.202,-45.376,-4.522,499,19,0.7,0.69,7.841633902,-114.6314105,12.11094675,0,2.708305882,-0.692317798,0.187855893,1,2.089865122,-2.389548293,0.258968476,0,1,3,1/3,2.96797,2.76457,0.109602,0.102391,0.125915,0.104337,27522.8,18310.1,31687.9,22222.2,37295.4,27041.3,45506.1,32492.4,1.67945,2.65543,0.137251,0,32.407,999.9,55.8,34.9,31.0097,62.0452,-100,3,0.330053,0,20.3084,5.21669,12.0339,4.9597,3.301,7702.5,9999,9999,127.3,4.97295,1.87531,1.88156,1.88108,1.87875,1.87443,1.87454,1.87683,0,0,0,0,11111111,oooooooo,on,on,on,on,0,100,100,-43.114,-4.522,-26.9099063,-0.03980678,1.13121E-05,-1.30028E-09,-4.52197,0,0,0,3,2129,1,23,33.2,33.2,0.155029,4.99878,2.89795,2.89429,2.99805,2.32178,36.8129,14.3509,2,414.295,1372.27,33.4842,31.7052,30.0001,31.3953,31.2408,-1,40,10,-999.9,400,20,99.5754,85.3747
93,1784744085,12640.5,20260722 13:14:45,13:14:45,15,1784744077,0.001427098,1.427097959,1.109435744,449.638129,387.434268,39.19972109,45.49336676,0.044213256,2.948081393,0.043848162,0.027437652,266.1480019,36.15790848,34.7669,5.575868171,42.78212653,2.412904211,5.639981944,3.16296396,-62.93502,32.78254329,2.593681683,238.5892069,-10.28299743,1.582109801,1.109435744,440.1976093,448.253103,-1.445974105,66.76288029,1.427097959,21.37516232,23.68560727,-0.019844035,78.43,0,0,1,0,52054.69896,1499.999032,1273.858335,0.849239438,0.177432116,6,0.5,0: Broadleaf,2,TRUE,1784744077,449.638129,434.8520645,23.84817419,21.46244516,493.5961935,28.37013226,388.4043871,101.0777419,0.0999915,34.97316129,34.7669,999.9,0,0,9998.267097,0,13.43573871,14.78605129,460.6239355,444.3900645,2.385729355,434.8520645,21.46244516,2.410516452,2.169372903,20.43446452,18.73782903,1499.999032,0.692018452,0.307981548,0,2.655370968,0,18961.82903,13609.64839,47.812,49.60874194,48.758,47.891,47.5,1038.027419,461.9716129,0,1784744038,0,1784741973,12:39:32,1784741973,1784741973,5,-0.475,0.202,-45.376,-4.522,499,19,0.7,0.69,15.70692415,-30.79632794,3.749610205,0,2.687326471,-0.022446144,0.213143553,1,2.375605366,-0.013539512,0.045638178,1,2,3,2/3,2.96742,2.76453,0.112276,0.1035,0.129154,0.106648,27438.2,18273.2,31685.7,22204.9,37153.2,26949,45502.2,32465.4,1.67822,2.65033,0.135329,0,32.5825,999.9,57.6,34.9,32.0105,62.0752,-100,3,0.331905,0,20.3082,5.21669,12.0332,4.9594,3.301,7702.5,9999,9999,127.3,4.97298,1.87531,1.88156,1.88105,1.87873,1.87445,1.87454,1.87683,0,0,0,0,11111111,oooooooo,on,on,on,on,0,100,100,-43.574,-4.522,-26.9099063,-0.03980678,1.13121E-05,-1.30028E-09,-4.52197,0,0,0,3,2129,1,23,35.2,35.2,0.155029,4.99878,2.89795,2.89673,2.99805,2.31567,36.7892,14.3334,2,413.699,1365.07,33.5213,31.7207,30.0001,31.4102,31.2565,-1,40,10,-999.9,400,20,99.5675,85.3055
94,1784744205,12760.5,20260722 13:16:45,13:16:45,15,1784744197,0.001283637,1.28363708,1.640431349,456.2660968,368.7394429,37.30758275,46.16317969,0.039922082,2.94855179,0.039624208,0.024791707,266.1479605,36.17122956,34.74703871,5.569728107,42.99100145,2.421543504,5.632675263,3.148184604,-56.60839525,32.22473979,2.548605459,244.3129105,5.928329883,1.272183269,1.640431349,477.273185,472.0036182,0.394662112,66.76288029,1.28363708,22.13776753,23.97793758,0.012019472,78.43,0,0,1,0,52071.96508,1500.000645,1273.859535,0.849239325,0.177431897,6,0.5,0: Broadleaf,2,TRUE,1784744197,456.2660968,466.3237419,23.93397097,22.01519032,500.4264839,28.45594516,388.2887419,101.0760323,0.099970119,34.94975806,34.74703871,999.9,0,0,10001.10871,0,12.13396452,-10.05757197,467.4541613,476.8213226,1.918786452,466.3237419,22.01519032,2.419147742,2.225205484,20.49252581,19.14472581,1500.000645,0.692021806,0.307978194,0,2.6442,0,18689.66774,13609.68065,47.82012903,49.61687097,48.812,47.875,47.562,1038.034194,461.9664516,0,1784744158,0,1784741973,12:39:32,1784741973,1784741973,5,-0.475,0.202,-45.376,-4.522,499,19,0.7,0.69,-11.26414539,13.04013985,6.111730994,0,2.640567647,-0.247323139,0.259471814,1,1.857616829,0.396089477,0.150283145,0,1,3,1/3,2.96724,2.76469,0.116501,0.111607,0.130112,0.109328,27306.6,18093.6,31684.7,22187.3,37110.9,26844.3,45500.7,32436.4,1.6772,2.65602,0.131749,0,32.6113,999.9,58.8,34.9,32.6782,62.1053,-100,3,0.333277,0,20.3079,5.21639,12.0335,4.95975,3.301,7702.5,9999,9999,127.3,4.97299,1.87531,1.88156,1.88109,1.87878,1.87451,1.87454,1.87683,0,0,0,0,11111111,oooooooo,on,on,on,on,0,100,100,-44.306,-4.522,-26.9099063,-0.03980678,1.13121E-05,-1.30028E-09,-4.52197,0,0,0,3,2129,1,23,37.2,37.2,0.155029,4.99878,2.89795,2.89673,2.99805,2.3291,36.7892,14.3159,2,413.239,1373.89,33.5203,31.7379,30.0002,31.4295,31.2735,-1,40,10,-999.9,400,20,99.5642,85.2329
95,1784744325,12880.5,20260722 13:18:45,13:18:45,15,1784744317,0.001278381,1.278381038,2.781003116,463.3223871,332.0070094,33.58978167,46.87520861,0.040339783,2.947911582,0.040035603,0.02504939,266.146143,36.10449857,34.67053871,5.546133222,43.53935041,2.443155953,5.611374378,3.102977269,-56.37660376,33.50864689,2.648852521,245.9270387,5.864657365,1.190138292,2.781003116,490.2813931,479.8666061,0.884116719,66.76288029,1.278381038,22.37725893,24.23233212,0.009530926,78.43,0,0,1,0,52065.27531,1499.985161,1273.846868,0.849239646,0.177432517,6,0.5,0: Broadleaf,2,TRUE,1784744317,463.3223871,473.2555806,24.14856129,22.35051613,507.6963871,28.67053548,387.5536129,101.0719032,0.100001948,34.88138065,34.67053871,999.9,0,0,9997.88,0,12.41051613,-9.933251613,474.7879032,484.0750645,1.798059677,473.2555806,22.35051613,2.440742581,2.25900871,20.63661613,19.38704516,1499.985161,0.692012645,0.307987355,0,2.499574194,0,18449.84194,13609.50323,47.812,49.562,48.812,47.76,47.5,1038.007419,461.9777419,0,1784744278,0,1784741973,12:39:32,1784741973,1784741973,5,-0.475,0.202,-45.376,-4.522,499,19,0.7,0.69,-12.50814683,28.09697979,4.744848046,0,2.534435294,-0.517280356,0.250789609,1,1.76376,0.592698397,0.06603673,0,1,3,1/3,2.96679,2.76469,0.117764,0.10981,0.130895,0.110017,27267.7,18124.4,31684.8,22180.2,37077.1,26813.8,45500.4,32424.8,1.67615,2.65602,0.130661,0,32.5571,999.9,59.4,34.8,32.8309,61.9853,-100,3,0.333173,0,20.3079,5.21669,12.0327,4.95975,3.301,7702.5,9999,9999,127.4,4.97299,1.87532,1.88157,1.88108,1.87876,1.87445,1.87454,1.87683,0,0,0,0,11111111,oooooooo,on,on,on,on,0,100,100,-44.527,-4.522,-26.9099063,-0.03980678,1.13121E-05,-1.30028E-09,-4.52197,0,0,0,3,2129,1,23,39.2,39.2,0.155029,4.99878,2.89795,2.89673,2.99805,2.2937,36.7417,14.2896,2,412.685,1373.96,33.4672,31.7391,30,31.435,31.2762,-1,40,10,-999.9,400,20,99.564,85.2037
96,1784744445,13000.5,20260722 13:20:45,13:20:45,15,1784744437,0.001254878,1.254877761,2.337412705,445.8226774,330.4650574,33.43436239,45.10551607,0.039424446,2.948168757,0.039133885,0.024484605,266.1522485,36.09517891,34.65160968,5.540308371,43.22992123,2.423734695,5.60661372,3.116573676,-55.34010924,34.08632379,2.69383313,247.5922962,6.767008327,1.190068149,2.337412705,475.8015473,463.3,1.295555797,66.76288029,1.254877761,22.30800908,24.05976788,0.017922788,78.43,0,0,1,0,52075.20032,1500.017097,1273.874216,0.849239798,0.17743281,6,0.5,0: Broadleaf,2,TRUE,1784744437,445.8226774,457.1134194,23.95618065,22.15902581,489.6648387,28.47816129,387.7991935,101.0736774,0.099991739,34.86606774,34.65160968,999.9,0,0,9999.165484,0,13.36260323,-11.29077297,456.7650645,467.4732258,1.79716129,457.1134194,22.15902581,2.42133871,2.239692258,20.50716452,19.24881613,1500.017097,0.69200671,0.30799329,0,2.555232258,0,18254.44839,13609.76129,47.81606452,49.5,48.812,47.75,47.5,1038.021935,461.9951613,0,1784744398,0,1784741973,12:39:32,1784741973,1784741973,5,-0.475,0.202,-45.376,-4.522,499,19,0.7,0.69,-7.850860024,-66.7659212,7.515340158,0,2.568085294,-0.166330024,0.191004292,1,1.879290488,-1.638730662,0.171150477,0,1,3,1/3,2.96725,2.76459,0.115015,0.109621,0.130373,0.110123,27352.1,18127.2,31684.1,22179,37098.9,26808.8,45499.8,32422.6,1.67675,2.65332,0.132371,0,32.5145,999.9,59.3,34.8,32.7733,62.1353,-100,3,0.333115,0,20.3079,5.21654,12.033,4.9598,3.301,7702.5,9999,9999,127.4,4.97294,1.87531,1.88156,1.88107,1.87872,1.87443,1.87454,1.87683,0,0,0,0,11111111,oooooooo,on,on,on,on,0,100,100,-44.049,-4.522,-26.9099063,-0.03980678,1.13121E-05,-1.30028E-09,-4.52197,0,0,0,3,2129,1,23,41.2,41.2,0.155029,4.99878,2.89795,2.89673,2.99805,2.31934,36.718,14.2809,2,413.004,1369.98,33.4416,31.7351,30.0001,31.4323,31.2762,-1,40,10,-999.9,400,20,99.5623,85.1983
97,1784744565,13120.5,20260722 13:22:45,13:22:45,15,1784744557,0.001605185,1.605185003,0.592340533,439.6603548,399.1735899,40.38773073,44.48411537,0.050421394,2.947465775,0.049947069,0.031259163,266.1482462,35.97627003,34.63113548,5.534014029,43.05474557,2.410023587,5.597579444,3.123990442,-70.78865863,32.70906057,2.584980322,230.6536284,-3.391187268,1.374357827,0.592340533,434.4398657,444.0388182,-1.550747322,66.76288029,1.605185003,21.31649293,23.81798182,-0.009752104,78.43,0,0,1,0,52060.26831,1500.002903,1273.861394,0.849239285,0.177431821,6,0.5,0: Broadleaf,2,TRUE,1784744557,439.6603548,435.3497097,23.81955484,21.74442581,483.3137419,28.34152903,387.9145484,101.0782903,0.100073574,34.83697742,34.63113548,999.9,0,0,9994.716129,0,13.56852903,4.310760774,450.3884839,445.0302258,2.075132581,435.3497097,21.74442581,2.407642581,2.197892258,20.41523548,18.94551935,1500.002903,0.692023484,0.307976516,0,2.543293548,0,18046.52258,13609.70968,47.812,49.437,48.772,47.687,47.5,1038.037742,461.9651613,0,1784744518,0,1784741973,12:39:32,1784741973,1784741973,5,-0.475,0.202,-45.376,-4.522,499,19,0.7,0.69,1.841301317,93.17596478,10.39720023,0,2.548461765,-0.128466002,0.15861419,1,1.983726585,3.024796725,0.334764471,0,1,3,1/3,2.96768,2.76451,0.111457,0.10096,0.129546,0.105729,27462.8,18324,31684.9,22203.7,37135.2,26974.5,45500.8,32462.7,1.67843,2.6532,0.129286,0,32.5389,999.9,57.7,34.8,31.8883,62.0153,-100,3,0.333135,0,20.3079,5.21684,12.0338,4.9597,3.301,7702.5,9999,9999,127.4,4.9729,1.87531,1.88156,1.88105,1.87878,1.87442,1.87452,1.87683,0,0,0,0,11111111,oooooooo,on,on,on,on,0,100,100,-43.433,-4.5219,-26.9099063,-0.03980678,1.13121E-05,-1.30028E-09,-4.52197,0,0,0,3,2129,1,23,43.2,43.2,0.155029,4.99878,2.89795,2.89795,2.99805,2.30957,36.6943,14.2634,2,413.913,1369.7,33.425,31.7296,30.0002,31.428,31.2708,-1,40,10,-999.9,400,20,99.5646,85.2995
98,1784744685,13240.5,20260722 13:24:45,13:24:45,15,1784744677,0.001406223,1.406223117,1.253904488,464.622,397.2029318,40.19086269,47.01264142,0.044454983,2.948308274,0.044085933,0.02758661,266.1512916,36.10558471,34.74645484,5.569547694,43.9390765,2.470250675,5.621990427,3.09929702,-62.01443946,26.86754146,2.124727376,233.129121,0.818412887,1.302224254,1.253904488,472.9503463,474.9439697,-0.584919615,66.76288029,1.406223117,22.38614641,24.46841636,0.005549732,78.43,0,0,1,0,52071.03403,1500.005484,1273.864926,0.849240179,0.177433546,6,0.5,0: Broadleaf,2,TRUE,1784744677,464.622,466.8287097,24.41328065,22.44379355,509.0353548,28.93525161,387.0345806,101.0847419,0.099966113,34.9154871,34.74645484,999.9,0,0,9998.863548,0,13.81353548,-2.206708323,476.2488065,477.5468065,1.969487419,466.8287097,22.44379355,2.46781,2.268723548,20.81571935,19.45601613,1500.005484,0.691995387,0.308004613,0,2.48666129,0,17805.8,13609.60968,47.812,49.375,48.754,47.625,47.49593548,1037.994839,462.0106452,0,1784744638,0,1784741973,12:39:32,1784741973,1784741973,5,-0.475,0.202,-45.376,-4.522,499,19,0.7,0.69,-5.204709951,71.15878248,7.529518977,0,2.539194118,-0.163138279,0.272184656,1,1.94895,0.706171359,0.079801231,0,1,3,1/3,2.96635,2.76465,0.11685,0.108768,0.131636,0.110158,27294.8,18140.6,31683.4,22174.1,37043.3,26800.9,45497.9,32414.4,1.67512,2.6601,0.127696,0,32.6892,999.9,59.6,34.7,32.7529,61.7154,-100,3,0.335236,0,20.3082,5.21714,12.0335,4.9598,3.301,7702.5,9999,9999,127.5,4.97298,1.87531,1.88156,1.88106,1.87878,1.87444,1.87454,1.87683,0,0,0,0,11111111,oooooooo,on,on,on,on,0,100,100,-44.364,-4.522,-26.9099063,-0.03980678,1.13121E-05,-1.30028E-09,-4.52197,0,0,0,3,2129,1,23,45.2,45.2,0.155029,4.99878,2.89795,2.89673,2.99805,2.28638,36.6706,14.2546,2,412.162,1380.29,33.4382,31.7444,30.0003,31.4433,31.2872,-1,40,10,-999.9,400,20,99.5591,85.1779
99,1784744805,13360.5,20260722 13:26:45,13:26:45,15,1784744797,0.001157569,1.15756878,1.973059318,416.4979677,307.7439423,31.13870041,42.14284559,0.035395908,2.946212112,0.03516135,0.021996788,266.1516455,36.18649221,34.7292871,5.564245219,42.00457375,2.363609094,5.627027924,3.200636125,-51.04878321,32.14280821,2.543699909,249.7893704,4.59435984,1.298600249,1.973059318,440.2610074,430.1892121,1.018571671,66.76288029,1.15756878,21.73603058,23.3972903,0.011665221,78.43,0,0,1,0,52008.81823,1500.002903,1273.863155,0.84924046,0.177434087,6,0.5,0: Broadleaf,2,TRUE,1784744797,416.4979677,424.4685161,23.35956129,21.39104516,459.4348387,27.88152903,386.5649355,101.0838065,0.099989987,34.93165161,34.7292871,999.9,0,0,9987.052903,0,13.63513871,-7.970488158,426.4599032,433.7487742,1.968519355,424.4685161,21.39104516,2.361273548,2.162287742,20.10060323,18.68466452,1500.002903,0.691984065,0.308015935,0,2.573367742,0,17601.21935,13609.54194,47.875,49.5,48.812,47.808,47.544,1037.979032,462.023871,0,1784744758,0,1784741973,12:39:32,1784741973,1784741973,5,-0.475,0.202,-45.376,-4.522,499,19,0.7,0.69,-4.859467876,-84.42507983,8.556963578,0,2.578170588,0.136831169,0.181449667,1,2.055173415,-2.558862648,0.268948923,0,1,3,1/3,2.96544,2.76457,0.109318,0.105739,0.128307,0.108811,27526.4,18210.9,31682.4,22184.8,37185.9,26855,45497.4,32430.8,1.67325,2.65543,0.128701,0,32.6525,999.9,57.8,34.7,31.766,61.8054,-100,3,0.339238,0,20.3077,5.21699,12.0323,4.95975,3.301,7702.5,9999,9999,127.5,4.97301,1.87531,1.88156,1.88109,1.87878,1.87448,1.87454,1.87683,0,0,0,0,11111111,oooooooo,on,on,on,on,0,100,100,-43.067,-4.522,-26.9099063,-0.03980678,1.13121E-05,-1.30028E-09,-4.52197,0,0,0,3,2129,1,23,47.2,47.2,0.155029,4.99878,2.89795,2.89551,2.99805,2.30713,36.6706,14.2283,2,411.323,1374.16,33.4962,31.7909,30.0002,31.4789,31.3263,-1,40,10,-999.9,400,20,99.557,85.2201
100,1784744925,13480.5,20260722 13:28:45,13:28:45,15,1784744917,0.001467041,1.467040713,0.373416039,436.9678065,401.7694928,40.65245026,44.21393942,0.045268586,2.949324831,0.044886096,0.028087906,266.1508019,36.21975485,34.87054516,5.608005351,42.95391895,2.432354479,5.662706776,3.175650871,-64.69649544,27.86314293,2.205433155,231.5228825,-6.481004485,1.573953186,0.373416039,431.5085427,438.7653091,-1.150645095,66.76288029,1.467040713,21.62529562,23.92726848,-0.009544866,78.43,0,0,1,0,52077.82115,1500.007097,1273.865894,0.849239911,0.177433028,6,0.5,0: Broadleaf,2,TRUE,1784744917,436.9678065,427.964129,24.03903871,21.65165161,480.5382903,28.56100323,386.0580968,101.0835484,0.099968497,35.04578065,34.87054516,999.9,0,0,10004.75774,0,13.69252581,9.003713,447.7314194,437.4352581,2.387377742,427.964129,21.65165161,2.42995129,2.188626774,20.56466774,18.87925806,1500.007097,0.692002419,0.307997581,0,2.576516129,0,17357.38387,13609.64516,47.937,49.5863871,48.875,47.929,47.62093548,1038.009355,461.9977419,0,1784744878,0,1784741973,12:39:32,1784741973,1784741973,5,-0.475,0.202,-45.376,-4.522,499,19,0.7,0.69,9.668532075,-20.30247387,3.786080367,0,2.564788235,0.498129865,0.192960506,1,2.405983,-0.75000788,0.113556023,0,1,3,1/3,2.96509,2.7646,0.110636,0.105353,0.129895,0.108172,27481.7,18219.5,31678.1,22185.9,37112.5,26876,45490.7,32433,1.6724,2.65515,0.125524,0,32.8517,999.9,58.1,34.7,31.9291,61.5354,-100,3,0.345445,0,20.3077,5.21729,12.0338,4.95975,3.301,7702.5,9999,9999,127.5,4.97298,1.87531,1.88156,1.88109,1.87876,1.87443,1.87453,1.87683,0,0,0,0,11111111,oooooooo,on,on,on,on,0,100,100,-43.296,-4.522,-26.9099063,-0.03980678,1.13121E-05,-1.30028E-09,-4.52197,0,0,0,3,2129,1,23,49.2,49.2,0.155029,4.99878,2.89795,2.89795,2.99805,2.30835,36.6943,14.2283,2,411.172,1374.96,33.5654,31.8569,30.0003,31.5347,31.3771,-1,40,10,-999.9,400,20,99.5428,85.2253
101,1784745045,13600.5,20260722 13:30:45,13:30:45,15,1784745037,0.001508979,1.508979082,0.663367468,440.5684839,395.6592821,40.03413074,44.57819412,0.046457695,2.948972814,0.046054896,0.028820209,266.1512174,36.25656856,34.91700323,5.622462746,42.96315539,2.439282126,5.677614001,3.18318062,-66.5459775,28.02546945,2.21956195,229.8502713,-14.23484876,1.734281094,0.663367468,419.6877044,434.3221939,-2.29563466,66.76288029,1.508979082,21.29465266,23.86651091,-0.034628909,78.43,0,0,1,0,52059.80315,1500.006774,1273.865865,0.849240074,0.177433344,6,0.5,0: Broadleaf,2,TRUE,1784745037,440.5684839,419.5907419,24.10754516,21.47189677,484.2487419,28.62950968,385.2877742,101.0833548,0.099992929,35.09328065,34.91700323,999.9,0,0,10002.77645,0,13.28562903,20.9778271,451.4531935,428.7997419,2.635639677,419.5907419,21.47189677,2.436871613,2.170451935,20.61068387,18.74543226,1500.006774,0.691997387,0.308002613,0,2.448280645,0,17137.0129,13609.62581,48,49.69919355,48.94512903,48.016,47.687,1038.000968,462.0058065,0,1784744998,0,1784741973,12:39:32,1784741973,1784741973,5,-0.475,0.202,-45.376,-4.522,499,19,0.7,0.69,15.37914432,82.85293435,10.09832828,0,2.467935294,-0.04538732,0.276253068,1,2.55594439,1.332801533,0.147501451,0,1,3,1/3,2.96461,2.76463,0.109703,0.0990928,0.129657,0.106476,27508.5,18354,31676,22194.6,37120.8,26938.7,45488,32447.1,1.67105,2.65468,0.125874,0,32.8736,999.9,57.5,34.7,31.6014,61.6854,-100,3,0.350353,0,20.3077,5.21639,12.0336,4.95975,3.301,7702.5,9999,9999,127.6,4.97304,1.87531,1.88156,1.88109,1.8788,1.87441,1.87453,1.87683,0,0,0,0,11111111,oooooooo,on,on,on,on,0,100,100,-43.138,-4.5219,-26.9099063,-0.03980678,1.13121E-05,-1.30028E-09,-4.52197,0,0,0,3,2129,1,23,51.2,51.2,0.155029,4.99878,2.89795,2.89795,2.99805,2.34375,36.7417,14.2108,2,410.754,1375.46,33.6296,31.9255,30.0003,31.5926,31.432,-1,40,10,-999.9,400,20,99.5367,85.261
102,1784745165,13720.5,20260722 13:32:45,13:32:45,15,1784745157,0.001527021,1.527021496,1.085257909,489.0142903,428.7492133,43.38318102,49.48112981,0.047781859,2.949305296,0.047355932,0.029635409,266.1479933,36.37544391,35.06783226,5.669623137,44.41763818,2.539184504,5.716613057,3.130438634,-67.34164799,23.72375262,1.881175938,224.4112739,-1.637757251,1.456601149,1.085257909,488.566395,496.6964485,-1.437577408,66.76288029,1.527021496,22.67350789,25.07378909,-0.008813377,78.43,0,0,1,0,52048.37205,1500.000968,1273.859797,0.849239317,0.177431881,6,0.5,0: Broadleaf,2,TRUE,1784745157,489.0142903,487.5663548,25.09436452,22.8726129,534.1578387,29.61633871,383.4943548,101.0854839,0.099963645,35.21703548,35.06783226,999.9,0,0,10004.45516,0,12.6636871,1.448045065,501.601871,498.981871,2.22175129,487.5663548,22.8726129,2.536675806,2.312089355,21.26374839,19.76051613,1500.000968,0.692021742,0.307978258,0,2.564658065,0,16897.36452,13609.67419,48.125,49.75,49.062,48.125,47.812,1038.034839,461.966129,0,1784745118,0,1784741973,12:39:32,1784741973,1784741973,5,-0.475,0.202,-45.376,-4.522,499,19,0.7,0.69,-3.832919585,160.4096775,16.77835069,0,2.545905882,0.044580598,0.277751205,1,2.160171707,1.812837282,0.185281461,0,1,3,1/3,2.96289,2.76478,0.120286,0.108756,0.133423,0.110717,27177.7,18131.7,31671.9,22163.7,36953.2,26769.8,45480.1,32397.5,1.66663,2.65412,0.125501,0,33.0428,999.9,60.2,34.7,33.0817,61.6555,-100,3,0.355645,0,20.3076,5.21639,12.0339,4.95975,3.301,7702.5,9999,9999,127.6,4.97304,1.87532,1.88157,1.8811,1.87878,1.87448,1.87454,1.87683,0,0,0,0,11111111,oooooooo,on,on,on,on,0,100,100,-44.974,-4.522,-26.9099063,-0.03980678,1.13121E-05,-1.30028E-09,-4.52197,0,0,0,3,2129,1,23,53.2,53.2,0.155029,4.99878,2.89795,2.89673,2.99805,2.31201,36.7417,14.1933,2,408.653,1375.83,33.7226,31.9876,30.0001,31.6547,31.4871,-1,40,10,-999.9,400,20,99.5211,85.1353
103,1784745285,13840.5,20260722 13:34:45,13:34:45,15,1784745277,0.001392331,1.3923306,0.582614534,460.3235161,415.2050804,42.01252811,46.57783726,0.042565705,2.947831478,0.042227173,0.026422174,266.152191,36.47962733,35.12592903,5.687880017,43.32737321,2.486330671,5.738475442,3.201549346,-61.40177945,25.45339133,2.020586968,232.2243898,-1.196413754,1.277493013,0.582614534,464.2317724,467.8198182,-0.658264693,66.76288029,1.3923306,22.59470157,24.65311697,0.008453221,78.43,0,0,1,0,51994.93029,1500.013226,1273.871255,0.849240015,0.17743323,6,0.5,0: Broadleaf,2,TRUE,1784745277,460.3235161,459.3708387,24.57212581,22.62073871,504.6068065,29.0940871,383.1435484,101.085,0.100004952,35.28609032,35.12592903,999.9,0,0,9996.129677,0,12.33349677,0.952759097,471.9194839,470.0026774,1.951380968,459.3708387,22.62073871,2.483872581,2.286617742,20.92116129,19.58240968,1500.013226,0.691999129,0.308000871,0,2.479612903,0,16681.08065,13609.68387,48.24593548,49.937,49.187,48.22358065,47.937,1038.008387,462.0048387,0,1784745238,0,1784741973,12:39:32,1784741973,1784741973,5,-0.475,0.202,-45.376,-4.522,499,19,0.7,0.69,-4.063808976,81.52455355,9.753581874,0,2.497482353,-0.104864785,0.260719138,1,1.854741463,1.626149268,0.166753835,0,1,3,1/3,2.96241,2.76457,0.115598,0.110863,0.132134,0.111277,27320.8,18087.6,31670.2,22162.4,37007.6,26750.5,45478.7,32394.6,1.66492,2.64555,0.125501,0,33.0884,999.9,59.7,34.7,32.8128,61.6855,-100,3,0.360297,0,20.3075,5.21714,12.0336,4.9598,3.301,7702.5,9999,9999,127.6,4.97302,1.87532,1.88156,1.8811,1.87879,1.87449,1.87454,1.87683,0,0,0,0,11111111,oooooooo,on,on,on,on,0,100,100,-44.159,-4.522,-26.9099063,-0.03980678,1.13121E-05,-1.30028E-09,-4.52197,0,0,0,3,2129,1,23,55.2,55.2,0.155029,4.99878,2.89795,2.89673,2.99805,2.28882,36.7892,14.1758,2,408.07,1364.49,33.8126,32.0539,30.0003,31.7178,31.55,-1,40,10,-999.9,400,20,99.5172,85.1288
104,1784745406,13960.9,20260722 13:36:45,13:36:45,15,1784745398,0.001495246,1.495246199,0.954679008,448.0746333,392.8020294,39.74619673,45.33902881,0.046174786,2.948657768,0.045776813,0.028645979,266.1482698,36.41142606,35.05477,5.66552535,43.55454132,2.49364677,5.725342741,3.17187858,-65.94035737,30.18273141,2.394036019,232.7846799,-11.12452233,1.716122635,0.954679008,434.5454404,446.0298,-1.891168715,66.76288029,1.495246199,21.79851838,24.40977091,-0.039911671,78.43,0,0,1,0,52025.37204,1499.985333,1273.8481,0.84924037,0.177433915,6,0.5,0: Broadleaf,2,TRUE,1784745398,448.0746333,431.8282667,24.64410667,22.01811333,491.9850667,29.16607,382.4450667,101.0863333,0.099999113,35.24463667,35.05477,999.9,0,0,10000.69167,0,13.36302667,16.24641467,459.3970667,441.5519,2.625997667,431.8282667,22.01811333,2.491180667,2.225728667,20.96883,19.14792667,1499.985333,0.691988267,0.308011733,0,2.588666667,0,16512.13,13609.38667,48.2374,49.8708,49.187,48.125,47.875,1037.971333,462.014,0,1784745359,0,1784741973,12:39:32,1784741973,1784741973,5,-0.475,0.202,-45.376,-4.522,499,19,0.7,0.69,11.02741985,63.67222875,10.03463258,0,2.590494118,-0.1268663,0.239115876,1,2.536086829,1.754232544,0.19640799,0,1,3,1/3,2.96189,2.76451,0.111765,0.103278,0.131309,0.108647,27437.5,18254.2,31668.3,22177.4,37040.9,26849.9,45476,32419.1,1.66405,2.65165,0.127278,0,32.999,999.9,58.6,34.7,32.2016,61.5655,-100,3,0.363737,0,20.3077,5.21639,12.0332,4.95975,3.301,7702.5,9999,9999,127.7,4.97299,1.87532,1.88157,1.8811,1.87879,1.87446,1.87454,1.87683,0,0,0,0,11111111,oooooooo,on,on,on,on,0,100,100,-43.498,-4.522,-26.9099063,-0.03980678,1.13121E-05,-1.30028E-09,-4.52197,0,0,0,3,2129,1,23,57.2,57.2,0.155029,4.99878,2.89795,2.89795,2.99805,2.323,36.7892,14.1583,2,407.807,1374.43,33.7813,32.0974,30.0002,31.7569,31.5897,-1,40,10,-999.9,400,20,99.5113,85.1905
105,1784745526,14080.9,20260722 13:38:45,13:38:45,15,1784745518,0.001381093,1.381093036,0.272710791,441.970129,409.4063323,41.42618768,44.72118789,0.042576582,2.948417222,0.042237944,0.026428916,266.1517712,36.46459901,35.08277097,5.674312748,43.5972859,2.499372123,5.732861739,3.174940625,-60.90620289,29.50359913,2.340949014,237.0901165,-1.627307472,1.413290917,0.272710791,448.8276893,450.4852364,-0.303753148,66.75743932,1.381093036,22.59579251,24.70563939,0.001207014,78.43,0,0,1,0,52014.54026,1500.001935,1273.862487,0.849240562,0.177434285,6,0.5,0: Broadleaf,2,TRUE,1784745518,441.970129,440.3922903,24.70077097,22.53170968,485.6942903,29.22273871,381.2842581,101.0860323,0.099964161,35.26838065,35.08277097,999.9,0,0,9999.354839,0,14.99753548,1.577717968,453.1636129,450.5438387,2.169067097,440.3922903,22.53170968,2.496903548,2.277642258,21.00633871,19.51909677,1500.001935,0.691981903,0.308018097,0,2.629609677,0,16306.7,13609.5129,48.25,49.875,49.23170968,48.183,47.937,1037.973226,462.0287097,0,1784745479,0,1784741973,12:39:32,1784741973,1784741973,5,-0.475,0.202,-45.376,-4.522,499,19,0.7,0.69,3.104262225,-25.28349079,3.990104089,0,2.590473529,0.443246756,0.24291767,1,2.1564885,-0.040462964,0.061043797,1,2,3,2/3,2.96036,2.76472,0.11257,0.112682,0.132275,0.110771,27411.5,18051,31667.2,22163.3,36997.9,26766.3,45473.8,32395.3,1.66087,2.65245,0.12885,0,33.0011,999.9,59.6,34.7,32.7509,61.3555,-100,3,0.366733,0,20.3077,5.21669,12.0332,4.9597,3.301,7702.5,9999,9999,127.7,4.97296,1.87532,1.88156,1.8811,1.87878,1.87446,1.87454,1.87683,0,0,0,0,11111111,oooooooo,on,on,on,on,0,100,100,-43.639,-4.522,-26.9099063,-0.03980678,1.13121E-05,-1.30028E-09,-4.52197,0,0,0,3,2129,1,23,59.2,59.2,0.155029,4.99878,2.89795,2.89795,2.99805,2.28638,36.8129,14.1495,2,406.303,1376.6,33.8125,32.1316,30.0002,31.8014,31.6344,-1,40,10,-999.9,400,20,99.507,85.1313
106,1784745646,14200.9,20260722 13:40:45,13:40:45,15,1784745638,0.001355649,1.355649392,1.662909622,453.6870645,368.1493202,37.25109103,45.90620493,0.041804906,2.948396515,0.041478379,0.025953112,266.1450503,36.54489532,35.16376129,5.699796233,43.90300224,2.527189916,5.756303184,3.172606318,-59.7841382,28.3686658,2.252610937,236.9821889,6.255689757,1.378532961,1.662909622,480.3301826,470.7324545,1.000636954,66.75743932,1.355649392,22.9138209,24.99556485,0.000176495,78.43,0,0,1,0,52001.46825,1499.972581,1273.836774,0.84924004,0.177433277,6,0.5,0: Broadleaf,2,TRUE,1784745638,453.6870645,464.5320968,24.976,22.85761613,497.7689677,29.49796774,380.6966452,101.0847419,0.099992039,35.34223226,35.16376129,999.9,0,0,9999.364839,0,16.4048,-10.84504677,465.3086774,475.3986129,2.118390323,464.5320968,22.85761613,2.524693226,2.310556774,21.18657742,19.75014839,1499.972581,0.691999258,0.308000742,0,2.604058065,0,16129.83226,13609.3129,48.32419355,49.937,49.258,48.24593548,48,1037.979032,461.9935484,0,1784745599,0,1784741973,12:39:32,1784741973,1784741973,5,-0.475,0.202,-45.376,-4.522,499,19,0.7,0.69,-8.288832625,-49.47657333,5.079535401,0,2.590032353,0.802980905,0.263999914,1,2.12713825,-0.012797561,0.051962531,1,2,3,2/3,2.95991,2.76453,0.11613,0.111181,0.133154,0.112149,27298.6,18072.7,31664,22152.5,36956.7,26710.3,45469.3,32377.8,1.6591,2.64963,0.129428,0,33.0784,999.9,60.2,34.7,33.0835,61.5955,-100,3,0.370861,0,20.3079,5.21654,12.0335,4.95975,3.301,7702.5,9999,9999,127.7,4.97301,1.87533,1.88156,1.8811,1.87878,1.87447,1.87454,1.87684,0,0,0,0,11111111,oooooooo,on,on,on,on,0,100,100,-44.258,-4.522,-26.9099063,-0.03980678,1.13121E-05,-1.30028E-09,-4.52197,0,0,0,3,2129,1,23,61.2,61.2,0.155029,4.99878,2.89795,2.89551,2.99805,2.30103,36.8604,14.1408,2,405.583,1373.43,33.8646,32.1767,30.0003,31.8476,31.6817,-1,40,10,-999.9,400,20,99.4971,85.0872
107,1784745766,14320.9,20260722 13:42:45,13:42:45,15,1784745758,0.001271455,1.27145549,1.645779157,423.083,332.9531019,33.68933004,42.80898043,0.037979599,2.948381775,0.037709886,0.023592751,266.1544366,36.64430704,35.21772258,5.716830231,42.25525769,2.442810998,5.781081767,3.274019233,-56.07118712,32.15468566,2.554889445,244.7928246,-2.942202568,1.619164885,1.645779157,432.7972098,429.8698545,0.03957051,66.75743932,1.27145549,22.04363147,24.00600545,-0.000588516,78.43,0,0,1,0,51987.90862,1500.024839,1273.881213,0.849240079,0.177433353,6,0.5,0: Broadleaf,2,TRUE,1784745758,423.083,419.5222903,24.14240645,21.6498129,466.2245484,28.66436774,380.3446452,101.0834194,0.099990123,35.4200129,35.21772258,999.9,0,0,9999.411935,0,14.33090645,3.560808445,433.5506774,428.8073871,2.492582903,419.5222903,21.6498129,2.440396774,2.188437097,20.63407097,18.87672581,1500.024839,0.691998484,0.308001516,0,2.54053871,0,15945.92903,13609.79355,48.437,50.062,49.37093548,48.393,48.12093548,1038.013226,462.0116129,0,1784745719,0,1784741973,12:39:32,1784741973,1784741973,5,-0.475,0.202,-45.376,-4.522,499,19,0.7,0.69,6.297831545,-94.09097861,9.510058711,0,2.531420588,-0.146033612,0.225210086,1,2.57020075,-3.566933246,0.39879,0,1,3,1/3,2.95912,2.76458,0.109041,0.103622,0.130072,0.109096,27516.9,18244.1,31663.4,22174.1,37089,26830.5,45469.3,32412.2,1.65805,2.64967,0.128333,0,33.1506,999.9,58.1,34.7,31.9304,61.4455,-100,3,0.374726,0,20.3079,5.21519,12.0332,4.9598,3.301,7702.5,9999,9999,127.8,4.97299,1.87534,1.88156,1.8811,1.8788,1.8745,1.87454,1.87683,0,0,0,0,11111111,oooooooo,on,on,on,on,0,100,100,-43.038,-4.522,-26.9099063,-0.03980678,1.13121E-05,-1.30028E-09,-4.52197,0,0,0,3,2129,1,23,63.2,63.2,0.15625,4.99878,2.89795,2.89062,2.99805,2.28149,36.908,14.1145,2,405.266,1374.62,33.9502,32.231,30.0002,31.8944,31.7318,-1,40,10,-999.9,400,20,99.4963,85.1746
108,1784745886,14440.9,20260722 13:44:45,13:44:45,15,1784745878,0.001404859,1.404859132,1.395507601,437.4640645,362.5780714,36.68554375,44.26248674,0.042107112,2.948703657,0.041775902,0.026139479,266.1514025,36.59461669,35.17228387,5.702483625,42.18724219,2.436822229,5.776206509,3.265661396,-61.95428772,36.95243901,2.934913176,244.084467,-0.128752001,1.326562307,1.395507601,445.1824805,446.1042788,-0.458395365,66.75743932,1.404859132,22.0276726,24.1414,0.006775143,78.43,0,0,1,0,51999.52602,1500.014839,1273.872068,0.849239644,0.177432513,6,0.5,0: Broadleaf,2,TRUE,1784745878,437.4640645,438.1784839,24.0841,22.03592581,481.0500323,28.60606774,379.2489677,101.0797097,0.099999316,35.40473226,35.17228387,999.9,0,0,10001.60774,0,23.51383871,-0.71444129,448.2599032,448.0515806,2.048180645,438.1784839,22.03592581,2.434416129,2.227385806,20.59452258,19.16063871,1500.014839,0.692010935,0.307989065,0,2.488922581,0,15668.85161,13609.74839,48.47154839,50.24187097,49.433,48.57622581,48.159,1038.028065,461.9867742,0,1784745839,0,1784741973,12:39:32,1784741973,1784741973,5,-0.475,0.202,-45.376,-4.522,499,19,0.7,0.69,-1.399728,21.87773538,2.530657053,0,2.508729412,-0.128015283,0.206445954,1,2.05246825,0.06955531,0.037899584,1,2,3,2/3,2.9587,2.76452,0.111801,0.104107,0.130467,0.109083,27428.9,18234.1,31660.6,22174.2,37069.6,26830.2,45465.8,32411.5,1.65675,2.64438,0.132293,0,33.0441,999.9,57.8,34.7,31.7646,61.5055,-100,3,0.380236,0,20.3075,5.21609,12.0335,4.95965,3.301,7702.5,9999,9999,127.8,4.97297,1.87533,1.88156,1.8811,1.87878,1.8745,1.87454,1.87684,0,0,0,0,11111111,oooooooo,on,on,on,on,0,100,100,-43.515,-4.522,-26.9099063,-0.03980678,1.13121E-05,-1.30028E-09,-4.52197,0,0,0,3,2129,1,23,65.2,65.2,0.155029,4.99878,2.89795,2.89795,2.99805,2.30469,36.9317,14.1145,2,404.913,1368.06,33.9706,32.2909,30.0003,31.9593,31.7921,-1,40,10,-999.9,400,20,99.4881,85.1737
109,1784746006,14560.9,20260722 13:46:45,13:46:45,15,1784745998,0.001313965,1.313965272,1.862159192,447.5068387,351.1610737,35.53180836,45.28043803,0.039893407,2.948321292,0.039595936,0.024774002,266.1473877,36.65821979,35.23618065,5.722667046,43.2094117,2.501404295,5.789026504,3.221262751,-57.9458685,33.17438183,2.636520513,244.0124215,7.281164309,1.261906829,1.862159192,471.6535157,464.7968,0.551305173,66.75743932,1.313965272,22.90146496,24.82943455,0.01281755,78.43,0,0,1,0,51982.00968,1499.992258,1273.852887,0.849239641,0.177432508,6,0.5,0: Broadleaf,2,TRUE,1784745998,447.5068387,459.9533548,24.72139355,22.76902258,491.4005161,29.24337097,378.2203548,101.0837742,0.100015894,35.44489032,35.23618065,999.9,0,0,9999.033226,0,12.53998387,-12.44637355,458.8505806,470.6700645,1.952379355,459.9533548,22.76902258,2.498931935,2.301579032,21.01950323,19.68732258,1499.992258,0.692010968,0.307989032,0,2.572125806,0,15486.04194,13609.55161,48.5,50.25,49.5,48.60670968,48.18903226,1038.012581,461.9796774,0,1784745959,0,1784741973,12:39:32,1784741973,1784741973,5,-0.475,0.202,-45.376,-4.522,499,19,0.7,0.69,-13.121707,31.13768848,3.883681903,0,2.553685294,0.480655464,0.196830974,1,1.9816105,-0.58150334,0.077552947,0,1,3,1/3,2.95773,2.7644,0.115036,0.10791,0.132612,0.112273,27326.2,18138.3,31657.7,22152,36973.4,26704.9,45460.2,32376.1,1.65385,2.64477,0.131097,0,33.1376,999.9,59.6,34.7,32.7534,61.5356,-100,3,0.384497,0,20.3073,5.21594,12.0336,4.95975,3.301,7702.5,9999,9999,127.8,4.97296,1.87531,1.88157,1.8811,1.87877,1.87447,1.87454,1.87683,0,0,0,0,11111111,oooooooo,on,on,on,on,0,100,100,-44.076,-4.522,-26.9099063,-0.03980678,1.13121E-05,-1.30028E-09,-4.52197,0,0,0,3,2129,1,23,67.2,67.2,0.155029,4.99878,2.89795,2.89795,2.99805,2.2998,36.9556,14.097,2,403.638,1369.8,34.0081,32.3514,30.0002,32.0171,31.846,-1,40,10,-999.9,400,20,99.4771,85.0836
110,1784746126,14680.9,20260722 13:48:45,13:48:45,15,1784746118,0.001290146,1.290145544,1.806657389,444.4787419,349.6587763,35.38077806,44.97528673,0.039378424,2.947659356,0.039088489,0.024456177,266.151988,36.69589779,35.26703548,5.732435538,43.61125495,2.529032739,5.799036836,3.203402799,-56.8954185,33.23818884,2.642983788,245.1377421,6.700458548,1.276776352,1.806657389,473.6713956,462.6387515,1.161843665,66.75743932,1.290145544,23.23864442,25.08739333,0.018354286,78.43,0,0,1,0,51958.04612,1500.019677,1273.876035,0.84923955,0.177432331,6,0.5,0: Broadleaf,2,TRUE,1784746118,444.4787419,456.0295806,24.99375484,23.0153129,488.2796129,29.51571613,377.528871,101.0865806,0.100005987,35.47619355,35.26703548,999.9,0,0,9994.995806,0,34.67076452,-11.55081742,455.8727419,466.7735484,1.978442581,456.0295806,23.0153129,2.526531613,2.326538065,21.19841935,19.86096129,1500.019677,0.692014194,0.307985806,0,2.578374194,0,15338.54516,13609.81613,48.516,50.25,49.5,48.56,48.21951613,1038.036129,461.9835484,0,1784746079,0,1784741973,12:39:32,1784741973,1784741973,5,-0.475,0.202,-45.376,-4.522,499,19,0.7,0.69,-8.9591987,-56.02533064,5.95500159,0,2.577132353,-0.35133231,0.237219719,1,2.04299425,-1.404566341,0.141447234,0,1,3,1/3,2.95664,2.76444,0.114669,0.109488,0.133412,0.113144,27337.6,18101.2,31657.8,22145.9,36939.2,26670.1,45460.1,32365.7,1.65163,2.64772,0.12875,0,33.1773,999.9,60.3,34.7,33.1362,61.6256,-100,3,0.385132,0,20.3073,5.21639,12.0339,4.9597,3.301,7702.5,9999,9999,127.9,4.97297,1.87531,1.88156,1.8811,1.8788,1.87449,1.87454,1.87683,0,0,0,0,11111111,oooooooo,on,on,on,on,0,100,100,-44.012,-4.522,-26.9099063,-0.03980678,1.13121E-05,-1.30028E-09,-4.52197,0,0,0,3,2129,1,23,69.2,69.2,0.155029,4.99878,2.89795,2.89795,2.99805,2.26685,36.9794,14.0707,2,402.555,1374.85,34.0457,32.3738,30,32.0426,31.8716,-1,40,10,-999.9,400,20,99.4772,85.058
111,1784746246,14800.9,20260722 13:50:45,13:50:45,15,1784746238,0.001501793,1.501793003,1.697185159,448.8429355,367.2703532,37.16317091,45.41729703,0.045642779,2.948932363,0.045253918,0.02831836,266.1523466,36.7478121,35.38081613,5.768583289,43.6901538,2.548589139,5.833326087,3.21999415,-66.22907144,32.15402328,2.558415022,234.6357135,-0.887859617,1.578656277,1.697185159,468.3401495,460.2192424,0.76778922,66.75216155,1.501793003,22.62931414,25.08654606,-0.015396061,78.43,0,0,1,0,51976.11576,1500.004839,1273.864984,0.849240583,0.177434325,6,0.5,0: Broadleaf,2,TRUE,1784746238,448.8429355,448.5574839,25.18679677,22.7367,492.7770968,29.70877097,376.8573548,101.0875161,0.099989439,35.58306452,35.38081613,999.9,0,0,10002.13484,0,13.77664516,0.285204077,460.4398065,458.9932258,2.450097419,448.5574839,22.7367,2.546071935,2.298398065,21.32401613,19.66507419,1500.004839,0.69197971,0.30802029,0,2.472258065,0,15208.23226,13609.53548,48.61890323,50.31606452,49.562,48.643,48.312,1037.974194,462.0306452,0,1784746199,0,1784741973,12:39:32,1784741973,1784741973,5,-0.475,0.202,-45.376,-4.522,499,19,0.7,0.69,2.39194741,-62.8823394,8.393072829,0,2.490158824,-0.470560737,0.233749843,1,2.45454625,0.168877261,0.036814436,0,1,3,1/3,2.95606,2.76446,0.114144,0.107247,0.133345,0.110794,27352.2,18157.7,31655.9,22159.3,36940.2,26759,45457.8,32387.8,1.65075,2.64387,0.129972,0,33.2639,999.9,59.4,34.7,32.6439,61.7155,-100,3,0.386804,0,20.3075,5.21654,12.0339,4.95975,3.301,7702.5,9999,9999,127.9,4.97297,1.87533,1.88156,1.8811,1.8788,1.87452,1.87454,1.87684,0,0,0,0,11111111,oooooooo,on,on,on,on,0,100,100,-43.922,-4.522,-26.9099063,-0.03980678,1.13121E-05,-1.30028E-09,-4.52197,0,0,0,3,2129,1,23,71.2,71.2,0.155029,4.99878,2.89795,2.89795,2.99805,2.28394,37.0032,14.062,2,402.174,1369.57,34.1083,32.3881,30.0002,32.0605,31.8957,-1,40,10,-999.9,400,20,99.4718,85.1133
112,1784746366,14920.9,20260722 13:52:45,13:52:45,15,1784746358,0.001531909,1.531908645,0.553912533,473.6674516,430.6867213,43.5793317,47.92836641,0.046755812,2.950096673,0.046348006,0.029003847,266.1512183,36.82625708,35.48519032,5.801916659,44.29563995,2.596286001,5.861267619,3.205630658,-67.55717124,29.35315029,2.336804371,230.2840017,-23.26382365,1.707869109,0.553912533,442.1792904,461.3656485,-2.875546425,66.75216155,1.531908645,22.88632235,25.48116182,-0.026016199,78.43,0,0,1,0,51994.44859,1500.009355,1273.867819,0.849239917,0.177433039,6,0.5,0: Broadleaf,2,TRUE,1784746358,473.6674516,437.849871,25.65862903,23.00431935,518.3505161,30.18060645,376.1537419,101.0857419,0.099944868,35.66974839,35.48519032,999.9,0,0,10008.92774,0,9.785285484,35.81765806,486.1428387,448.1604839,2.654304194,437.849871,23.00431935,2.593720968,2.325408387,21.62674516,19.85334194,1500.009355,0.692003194,0.307996806,0,2.589890323,0,14740.09355,13609.67742,48.687,50.433,49.647,48.73374194,48.375,1038.010645,461.9987097,0,1784746319,0,1784741973,12:39:32,1784741973,1784741973,5,-0.475,0.202,-45.376,-4.522,499,19,0.7,0.69,36.1210725,-23.66355535,5.564632093,0,2.543473529,0.794397246,0.209293238,1,2.607432,0.751618762,0.102095726,0,1,3,1/3,2.95508,2.7646,0.114123,0.101855,0.134533,0.111649,27352.3,18260.7,31655.5,22151.3,36888.2,26722.4,45456.2,32374.7,1.64837,2.64935,0.128932,0,33.3975,999.9,60,34.7,32.9728,61.4756,-100,3,0.390612,0,20.3074,5.21669,12.0336,4.95975,3.301,7702.5,9999,9999,127.9,4.97302,1.87535,1.88156,1.8811,1.87876,1.87447,1.87454,1.87683,0,0,0,0,11111111,oooooooo,on,on,on,on,0,100,100,-43.92,-4.5219,-26.9099063,-0.03980678,1.13121E-05,-1.30028E-09,-4.52197,0,0,0,3,2129,1,23,73.2,73.2,0.155029,4.99878,2.89795,2.89795,2.99805,2.27783,37.0509,14.0445,2,401.106,1378.62,34.1786,32.4312,30.0003,32.103,31.9361,-1,40,10,-999.9,400,20,99.4691,85.0804
113,1784746486,15040.9,20260722 13:54:45,13:54:45,15,1784746478,0.001413207,1.413206871,1.256595592,479.7552258,409.4274474,41.42779878,48.54389486,0.043181099,2.948485894,0.042832827,0.026801574,266.1535772,36.86393734,35.48175806,5.800817863,44.35958301,2.600977855,5.863395638,3.199840008,-62.32242301,30.92978754,2.463703457,237.2246452,-2.357405747,1.448446417,1.256595592,497.2401711,491.2909212,0.555152227,66.75216155,1.413206871,23.57336541,25.71349455,0.007630121,78.43,0,0,1,0,51947.71257,1500.02129,1273.87808,0.84924,0.1774332,6,0.5,0: Broadleaf,2,TRUE,1784746478,479.7552258,477.0952581,25.70524516,23.44733871,524.622871,30.22722258,375.0059032,101.0847097,0.100003371,35.67633548,35.48175806,999.9,0,0,9999.875806,0,8.228733871,2.659905065,492.4127742,488.5510645,2.257913548,477.0952581,23.44733871,2.598408387,2.370167097,21.65639032,20.16125806,1500.02129,0.692000226,0.30799971,0,2.555641935,0,14519.83548,13609.77742,48.7256129,50.375,49.687,48.687,48.375,1038.014516,462.0064516,0,1784746439,0,1784741973,12:39:32,1784741973,1784741973,5,-0.475,0.202,-45.376,-4.522,499,19,0.7,0.69,5.168182175,-82.17787179,10.12104646,0,2.541170588,0.018536285,0.230112881,1,2.303048,-1.284220638,0.134639947,0,1,3,1/3,2.95419,2.76457,0.119337,0.111846,0.135277,0.113791,27190.1,18045.7,31654.3,22136.9,36854.9,26637.8,45454.1,32350.2,1.64625,2.64165,0.131946,0,33.3572,999.9,61,34.7,33.5211,61.6556,-99.7035,3,0.392241,0,20.3073,5.21699,12.0335,4.9597,3.301,7702.5,9999,9999,128,4.97301,1.87534,1.88161,1.8811,1.87878,1.87454,1.87454,1.87684,0,0,0,0,11111111,oooooooo,on,on,on,on,0,100,100,-44.829,-4.522,-26.9099063,-0.03980678,1.13121E-05,-1.30028E-09,-4.52197,0,0,0,3,2129,1,23,75.2,75.2,0.155029,4.99878,2.89917,2.89673,2.99805,2.2937,37.0747,14.0532,2,400.098,1367.74,34.1974,32.4598,30.0001,32.1313,31.9615,-1,40,10,-999.9,400,20,99.4649,85.0197
114,1784746606,15160.9,20260722 13:56:45,13:56:45,15,1784746598,0.001501421,1.501420794,0.236863931,496.8097097,462.8062283,46.82826987,50.26885495,0.045372294,2.948828794,0.044987994,0.028151752,266.1501735,36.8934983,35.51185484,5.810459139,43.76418096,2.573488356,5.880353064,3.236970783,-66.212657,34.48165442,2.74740876,237.1665797,0.14133484,1.374081513,0.236863931,501.1757788,507.3417818,-0.933948816,66.75216155,1.501420794,23.136298,25.47849576,0.000328302,78.43,0,0,1,0,51948.5689,1500,1273.860194,0.849240129,0.177433449,6,0.5,0: Broadleaf,2,TRUE,1784746598,496.8097097,498.1302581,25.43391935,23.28779355,542.184129,29.9558871,374.3862258,101.0833226,0.099995648,35.72875161,35.51185484,999.9,0,0,10001.96129,0,10.36098806,-1.320477129,509.7753226,510.0082903,2.146121613,498.1302581,23.28779355,2.570946129,2.354007419,21.48270645,20.05064516,1500,0.691996129,0.308003839,0,2.4707,0,14562.47097,13609.54839,48.75,50.45122581,49.70732258,48.754,48.437,1037.993548,462.0064516,0,1784746559,0,1784741973,12:39:32,1784741973,1784741973,5,-0.475,0.202,-45.376,-4.522,499,19,0.7,0.69,-5.280364775,118.6640634,12.09451886,0,2.485567647,0.088780745,0.192481398,1,2.13214525,1.140962364,0.141536987,0,1,3,1/3,2.95382,2.76436,0.121914,0.113232,0.134535,0.11241,27111.7,18025.5,31655.7,22146.7,36888.5,26692.4,45456.2,32366,1.64568,2.6424,0.137031,0,33.3094,999.9,60.1,34.7,33.0297,61.5356,-97.7204,3,0.39107,0,20.3072,5.21714,12.0336,4.95975,3.301,7702.5,9999,9999,128,4.97305,1.87536,1.88157,1.8811,1.87877,1.87451,1.87454,1.87684,0,0,0,0,11111111,oooooooo,on,on,on,on,0,100,100,-45.284,-4.522,-26.9099063,-0.03980678,1.13121E-05,-1.30028E-09,-4.52197,0,0,0,3,2129,1,23,77.2,77.2,0.155029,4.99878,2.89795,2.89795,2.99805,2.323,37.0747,14.027,2,399.799,1369.06,34.2552,32.4598,30.0001,32.1341,31.9671,-1,40,10,-999.9,400,20,99.4695,85.0597
115,1784747485,16040,20260722 14:11:24,14:11:24,15,1784747477,0.000300958,0.300957793,1.105492772,1197.048333,911.7110562,92.26292781,121.138362,0.007988578,2.949747532,0.007976578,0.004986438,266.1477789,34.20050245,33.2609,5.126642285,28.79047882,1.432172056,4.974464178,3.69447023,-13.27223867,-85.28023592,-6.620771144,160.9745332,1.839926038,0.307677342,1.105492772,1218.146553,1215.223091,0.160905552,66.74894824,0.300957793,13.67653108,14.14988242,1.41535E-07,78.43,0,0,1,0,52485.59312,1499.988667,1273.85037,0.849239996,0.177433193,6,0.5,0: Broadleaf,2,TRUE,1784747477,1197.048333,1200.571333,14.15224,13.66832,1258.734333,17.85786667,376.0824333,101.0976,0.099952867,32.72463667,33.2609,999.9,0,0,10005.76933,0,1.820005333,-3.523038667,1214.233,1217.209333,0.4839192,1200.571333,13.66832,1.430756667,1.381834,12.24758333,11.71974,1499.988667,0.692001367,0.307998633,0,2.467273333,0,123.5027,13609.47667,45.437,47.1208,46.4517,45.5,45.2686,1037.992333,461.9963333,0,1784747438,0,1784741973,12:39:32,1784741973,1784741973,5,-0.475,0.202,-45.376,-4.522,499,19,0.7,0.69,-3.24950575,-5.58227561,0.609290509,0,2.491879412,-0.394302517,0.194300257,1,0.48747515,-0.092034259,0.009126221,1,2,3,2/3,2.95479,2.76447,0.215394,0.209442,0.0939753,0.0776722,24354.9,16252.3,31814.5,22390.4,38830.6,28055.9,45698.6,32731.3,1.6724,2.69425,0.208192,0,29.8649,999.9,35.1,34.4,18.9682,61.3527,84.6595,3,0.146301,0,20.3107,5.21624,12.0279,4.95985,3.301,7702.5,9999,9999,128.2,4.97295,1.87531,1.88156,1.8811,1.87874,1.87447,1.87454,1.87683,0,0,0,0,11111111,oooooooo,on,on,on,on,0,100,100,-61.71,-3.7052,-26.9099063,-0.03980678,1.13121E-05,-1.30028E-09,-1.098625036,-0.229565736,0.008659861,-0.000222848,3,2129,1,23,91.9,91.9,0.155029,4.99878,2.89795,2.89307,2.99805,2.2522,36.1989,13.9394,2,400.357,1393.55,32.055,29.6565,29.9988,29.6517,29.6214,-1,40,10,-999.9,400,20,99.987,86.0099